# key	status	primaryFile	route	reason	bp
# Lane governance-explorer, wave 39, 2026-09-09. Owns src/pages/explorer/**, src/pages/defi/**, src/components/learn/**.
# Page "Governance and Utilities" (3sSzw1KewMtUbeLAv7uW0r, page 5210:118077) entered scope today; 428 of these 569
# frames had never been triaged. This file is a FIRST PASS over the whole assignment plus a measured build of the
# explorer dashboard cluster. Every row states which of the two it is. Sizes are read from live/ (harvest of 2026-09-09).
#
# NO BROWSER WAS USED. Column 6 is present only on rows this lane measured against the frame from source; a verdict
# there is a SOURCE verdict, never a render verdict. Rows marked FIRST PASS carry no column 6, so they read unknown at
# every width, which is the truth.
#
# Frames whose implementing file belongs to another lane (governance-account: src/components/governance, src/components/
# account, src/pages/account, src/components/notifications; and everything under src/pages/vault, src/pages/sports,
# src/pages/social, src/pages/rewards, src/pages/Airdrop.tsx, src/pages/GaugeVoting.tsx, src/pages/YieldVault*.tsx,
# src/pages/learn/index.tsx, src/components/home-redesign) are rowed with their carried status and NOT edited.
Account > Account settings > Security > 2FA > SMS [11301-127843]	not-started	src/services/security/twoFactorService.ts	/account?tab=security (would be the dialog's second tab)	TOTP-only service; no SMS rail exists (1440x900). Lane governance-account's file.
Airdrop - not eligible 1VH [5481-50934]	partial	src/pages/Airdrop.tsx	/airdrop (App.tsx:1120)	FIRST PASS, NOT OPENED THIS WAVE: the route is live and src/pages/Airdrop.tsx renders this surface (1440x900, 1440 board), so it is implemented; the measured work remaining is the whole frame. NOT this lane's file (measure and row only).
Airdrop 1VH [5480-32393]	partial	src/pages/Airdrop.tsx	/airdrop (App.tsx:1120)	FIRST PASS, NOT OPENED THIS WAVE: the route is live and src/pages/Airdrop.tsx renders this surface (1440x900, 1440 board), so it is implemented; the measured work remaining is the whole frame. NOT this lane's file (measure and row only).
Airdrop [5481-49179]	partial	src/pages/Airdrop.tsx	/airdrop (App.tsx:1120)	FIRST PASS, NOT OPENED THIS WAVE: the route is live and src/pages/Airdrop.tsx renders this surface (1440x1968, 1440 board), so it is implemented; the measured work remaining is the whole frame. NOT this lane's file (measure and row only).
Airdrop 1VH [11664-305643]	partial	src/pages/Airdrop.tsx	/airdrop (App.tsx:1120)	FIRST PASS, NOT OPENED THIS WAVE: the route is live and src/pages/Airdrop.tsx renders this surface (768x1024, 768 board), so it is implemented; the measured work remaining is the whole frame. NOT this lane's file (measure and row only).
Airdrop 1VH [11705-320608]	partial	src/pages/Airdrop.tsx	/airdrop (App.tsx:1120)	FIRST PASS, NOT OPENED THIS WAVE: the route is live and src/pages/Airdrop.tsx renders this surface (375x812, 375 board), so it is implemented; the measured work remaining is the whole frame. NOT this lane's file (measure and row only).
Airdrop - not eligible [11667-311059]	partial	src/pages/Airdrop.tsx	/airdrop (App.tsx:1120)	FIRST PASS, NOT OPENED THIS WAVE: the route is live and src/pages/Airdrop.tsx renders this surface (768x1120, 768 board), so it is implemented; the measured work remaining is the whole frame. NOT this lane's file (measure and row only).
Airdrop - not eligible [11667-311323]	partial	src/pages/Airdrop.tsx	/airdrop (App.tsx:1120)	FIRST PASS, NOT OPENED THIS WAVE: the route is live and src/pages/Airdrop.tsx renders this surface (375x1110, 375 board), so it is implemented; the measured work remaining is the whole frame. NOT this lane's file (measure and row only).
Airdrop [11667-309312]	partial	src/pages/Airdrop.tsx	/airdrop (App.tsx:1120)	FIRST PASS, NOT OPENED THIS WAVE: the route is live and src/pages/Airdrop.tsx renders this surface (768x1716, 768 board), so it is implemented; the measured work remaining is the whole frame. NOT this lane's file (measure and row only).
Airdrop [11667-309576]	partial	src/pages/Airdrop.tsx	/airdrop (App.tsx:1120)	FIRST PASS, NOT OPENED THIS WAVE: the route is live and src/pages/Airdrop.tsx renders this surface (375x1700, 375 board), so it is implemented; the measured work remaining is the whole frame. NOT this lane's file (measure and row only).
Earn 1VH [5220-10996]	partial	src/pages/defi/Earn.tsx	/earn	FIRST PASS, NOT OPENED THIS WAVE: the route is live and src/pages/defi/Earn.tsx renders this surface (1440x900, 1440 board), so it is implemented; the measured work remaining is the whole frame. this lane's file.
Earn [5243-69438]	partial	src/pages/defi/Earn.tsx	/earn	FIRST PASS, NOT OPENED THIS WAVE: the route is live and src/pages/defi/Earn.tsx renders this surface (1440x1237, 1440 board), so it is implemented; the measured work remaining is the whole frame. this lane's file.
Earn - with pagination [10517-38187]	partial	src/pages/defi/Earn.tsx	/earn	FIRST PASS, NOT OPENED THIS WAVE: the route is live and src/pages/defi/Earn.tsx renders this surface (1440x1237, 1440 board), so it is implemented; the measured work remaining is the whole frame. this lane's file.
Earn - Liquidity only [5243-73398]	blocked-on-backend	src/pages/earn/	/earn	Carried from the section file: built or buildable but no source exists. NOT this lane's file (measure and row only). FIRST PASS, NOT OPENED THIS WAVE.
Earn - Liquidity only - liquidity added [10838-362076]	blocked-on-backend	src/pages/earn/	/earn	Carried from the section file: built or buildable but no source exists. NOT this lane's file (measure and row only). FIRST PASS, NOT OPENED THIS WAVE.
Earn 1VH [11972-149758]	partial	src/pages/defi/Earn.tsx	/earn (App.tsx:1209)	FIRST PASS, NOT OPENED THIS WAVE: the route is live and src/pages/defi/Earn.tsx renders this surface (768x1024, 768 board), so it is implemented; the measured work remaining is the whole frame. this lane's file.
Earn - Liquidity only 1VH [11973-153636]	partial	src/pages/defi/Earn.tsx	/earn (App.tsx:1209)	FIRST PASS, NOT OPENED THIS WAVE: the route is live and src/pages/defi/Earn.tsx renders this surface (768x1024, 768 board), so it is implemented; the measured work remaining is the whole frame. this lane's file.
Earn - Liquidity only - liquidity added 1VH [11973-154184]	partial	src/pages/defi/Earn.tsx	/earn (App.tsx:1209)	FIRST PASS, NOT OPENED THIS WAVE: the route is live and src/pages/defi/Earn.tsx renders this surface (768x1024, 768 board), so it is implemented; the measured work remaining is the whole frame. this lane's file.
Earn [11972-150945]	partial	src/pages/defi/Earn.tsx	/earn (App.tsx:1209)	FIRST PASS, NOT OPENED THIS WAVE: the route is live and src/pages/defi/Earn.tsx renders this surface (768x1062, 768 board), so it is implemented; the measured work remaining is the whole frame. this lane's file.
Earn - with pagination [11972-151493]	partial	src/pages/defi/Earn.tsx	/earn (App.tsx:1209)	FIRST PASS, NOT OPENED THIS WAVE: the route is live and src/pages/defi/Earn.tsx renders this surface (768x1084, 768 board), so it is implemented; the measured work remaining is the whole frame. this lane's file.
Earn [12003-382685]	partial	src/pages/defi/Earn.tsx	/earn (App.tsx:1209)	FIRST PASS, NOT OPENED THIS WAVE: the route is live and src/pages/defi/Earn.tsx renders this surface (375x1093, 375 board), so it is implemented; the measured work remaining is the whole frame. this lane's file.
Earn 1VH [12136-432663]	partial	src/pages/defi/Earn.tsx	/earn (App.tsx:1209)	FIRST PASS, NOT OPENED THIS WAVE: the route is live and src/pages/defi/Earn.tsx renders this surface (375x812, 375 board), so it is implemented; the measured work remaining is the whole frame. this lane's file.
Earn - Liquidity only 1VH [12003-384627]	partial	src/pages/defi/Earn.tsx	/earn (App.tsx:1209)	FIRST PASS, NOT OPENED THIS WAVE: the route is live and src/pages/defi/Earn.tsx renders this surface (375x812, 375 board), so it is implemented; the measured work remaining is the whole frame. this lane's file.
Earn - Liquidity only - liquidity added 1VH [12003-385486]	partial	src/pages/defi/Earn.tsx	/earn (App.tsx:1209)	FIRST PASS, NOT OPENED THIS WAVE: the route is live and src/pages/defi/Earn.tsx renders this surface (375x812, 375 board), so it is implemented; the measured work remaining is the whole frame. this lane's file.
Earn - with pagination [12003-383100]	partial	src/pages/defi/Earn.tsx	/earn (App.tsx:1209)	FIRST PASS, NOT OPENED THIS WAVE: the route is live and src/pages/defi/Earn.tsx renders this surface (375x1116, 375 board), so it is implemented; the measured work remaining is the whole frame. this lane's file.
Earn > Sample opportunity - save [11405-100106]	not-started	no	/earn (App.tsx:1209) - no per-opportunity detail route; the only per-item page below /earn is /earn/vault/:vaultAddress (App.tsx:1759), which serves SKAI's own House/Trading vaults, not the external pools this frame draws	No implementing code (1440x1545). Nearest: no per-opportunity detail route; nearest is src/pages/defi/Earn.tsx:211 (OpportunityCard). FIRST PASS, NOT OPENED THIS WAVE.
Earn > Sample opportunity - save > Save [11405-103640]	not-started	no	/earn (App.tsx:1209) - no per-opportunity detail route; the only per-item page below /earn is /earn/vault/:vaultAddress (App.tsx:1759), which serves SKAI's own House/Trading vaults, not the external pools this frame draws	No implementing code (1440x900). Nearest: no per-opportunity detail route; nearest is src/pages/defi/Earn.tsx:211 (OpportunityCard). FIRST PASS, NOT OPENED THIS WAVE.
Earn > Sample opportunity - save > Save > Confirm save [11405-105088]	not-started	no	/earn (App.tsx:1209) - no per-opportunity detail route; the only per-item page below /earn is /earn/vault/:vaultAddress (App.tsx:1759), which serves SKAI's own House/Trading vaults, not the external pools this frame draws	No implementing code (1440x900). Nearest: no per-opportunity detail route; nearest is src/pages/defi/Earn.tsx:211 (OpportunityCard). FIRST PASS, NOT OPENED THIS WAVE.
Earn > Sample opportunity - Lend [11405-100880]	not-started	no	/earn (App.tsx:1209) - no per-opportunity detail route; the only per-item page below /earn is /earn/vault/:vaultAddress (App.tsx:1759), which serves SKAI's own House/Trading vaults, not the external pools this frame draws	No implementing code (1440x1545). Nearest: no per-opportunity detail route; nearest is src/pages/defi/Earn.tsx:211 (OpportunityCard). FIRST PASS, NOT OPENED THIS WAVE.
Earn > Sample opportunity - Lend > Lend [11405-101828]	not-started	no	/earn (App.tsx:1209) - no per-opportunity detail route; the only per-item page below /earn is /earn/vault/:vaultAddress (App.tsx:1759), which serves SKAI's own House/Trading vaults, not the external pools this frame draws	No implementing code (1440x900). Nearest: no per-opportunity detail route; nearest is src/pages/defi/Earn.tsx:211 (OpportunityCard). FIRST PASS, NOT OPENED THIS WAVE.
Earn > Sample opportunity - Lend > Lend > Confirm lend [11405-102823]	not-started	no	/earn (App.tsx:1209) - no per-opportunity detail route; the only per-item page below /earn is /earn/vault/:vaultAddress (App.tsx:1759), which serves SKAI's own House/Trading vaults, not the external pools this frame draws	No implementing code (1440x900). Nearest: no per-opportunity detail route; nearest is src/pages/defi/Earn.tsx:211 (OpportunityCard). FIRST PASS, NOT OPENED THIS WAVE.
Earn > Sample opportunity - liquidity [11973-155655]	not-started	no	/earn (App.tsx:1209) - no per-opportunity detail route; the only per-item page below /earn is /earn/vault/:vaultAddress (App.tsx:1759), which serves SKAI's own House/Trading vaults, not the external pools this frame draws	No implementing code (768x1330). Nearest: no per-opportunity detail route; nearest is src/pages/defi/Earn.tsx:211 (OpportunityCard). FIRST PASS, NOT OPENED THIS WAVE.
Earn > Sample opportunity - liquidity > Add liquidity [11973-160234]	not-started	no	/earn (App.tsx:1209) - no per-opportunity detail route; the only per-item page below /earn is /earn/vault/:vaultAddress (App.tsx:1759), which serves SKAI's own House/Trading vaults, not the external pools this frame draws	No implementing code (768x1512). Nearest: no per-opportunity detail route; nearest is src/pages/defi/Earn.tsx:211 (OpportunityCard). FIRST PASS, NOT OPENED THIS WAVE.
Earn > Sample opportunity - liquidity > Add liquidity > Confirm liquidity add 1VH [11974-165410]	not-started	no	/earn (App.tsx:1209) - no per-opportunity detail route; the only per-item page below /earn is /earn/vault/:vaultAddress (App.tsx:1759), which serves SKAI's own House/Trading vaults, not the external pools this frame draws	No implementing code (768x1024). Nearest: no per-opportunity detail route; nearest is src/pages/defi/Earn.tsx:211 (OpportunityCard). FIRST PASS, NOT OPENED THIS WAVE.
Earn > Sample opportunity - Lend [11973-158164]	not-started	no	/earn (App.tsx:1209) - no per-opportunity detail route; the only per-item page below /earn is /earn/vault/:vaultAddress (App.tsx:1759), which serves SKAI's own House/Trading vaults, not the external pools this frame draws	No implementing code (768x1282). Nearest: no per-opportunity detail route; nearest is src/pages/defi/Earn.tsx:211 (OpportunityCard). FIRST PASS, NOT OPENED THIS WAVE.
Earn > Sample opportunity - save [11973-158665]	not-started	no	/earn (App.tsx:1209) - no per-opportunity detail route; the only per-item page below /earn is /earn/vault/:vaultAddress (App.tsx:1759), which serves SKAI's own House/Trading vaults, not the external pools this frame draws	No implementing code (768x1282). Nearest: no per-opportunity detail route; nearest is src/pages/defi/Earn.tsx:211 (OpportunityCard). FIRST PASS, NOT OPENED THIS WAVE.
Earn > Sample opportunity - Lend > Lend 1VH [11973-159235]	not-started	no	/earn (App.tsx:1209) - no per-opportunity detail route; the only per-item page below /earn is /earn/vault/:vaultAddress (App.tsx:1759), which serves SKAI's own House/Trading vaults, not the external pools this frame draws	No implementing code (768x1024). Nearest: no per-opportunity detail route; nearest is src/pages/defi/Earn.tsx:211 (OpportunityCard). FIRST PASS, NOT OPENED THIS WAVE.
Earn > Sample opportunity - save > Save 1VH [11973-159567]	not-started	no	/earn (App.tsx:1209) - no per-opportunity detail route; the only per-item page below /earn is /earn/vault/:vaultAddress (App.tsx:1759), which serves SKAI's own House/Trading vaults, not the external pools this frame draws	No implementing code (768x1024). Nearest: no per-opportunity detail route; nearest is src/pages/defi/Earn.tsx:211 (OpportunityCard). FIRST PASS, NOT OPENED THIS WAVE.
Earn > Sample opportunity - Lend > Lend > Confirm lend 1VH [11973-161769]	not-started	no	/earn (App.tsx:1209) - no per-opportunity detail route; the only per-item page below /earn is /earn/vault/:vaultAddress (App.tsx:1759), which serves SKAI's own House/Trading vaults, not the external pools this frame draws	No implementing code (768x1024). Nearest: no per-opportunity detail route; nearest is src/pages/defi/Earn.tsx:211 (OpportunityCard). FIRST PASS, NOT OPENED THIS WAVE.
Earn > Sample opportunity - save > Save > Confirm save 1VH [11973-161912]	not-started	no	/earn (App.tsx:1209) - no per-opportunity detail route; the only per-item page below /earn is /earn/vault/:vaultAddress (App.tsx:1759), which serves SKAI's own House/Trading vaults, not the external pools this frame draws	No implementing code (768x1024). Nearest: no per-opportunity detail route; nearest is src/pages/defi/Earn.tsx:211 (OpportunityCard). FIRST PASS, NOT OPENED THIS WAVE.
Earn > Sample opportunity - liquidity [12004-397714]	not-started	no	/earn (App.tsx:1209) - no per-opportunity detail route; the only per-item page below /earn is /earn/vault/:vaultAddress (App.tsx:1759), which serves SKAI's own House/Trading vaults, not the external pools this frame draws	No implementing code (375x1359). Nearest: no per-opportunity detail route; nearest is src/pages/defi/Earn.tsx:211 (OpportunityCard). FIRST PASS, NOT OPENED THIS WAVE.
Earn > Sample opportunity - liquidity > Add liquidity [12004-402326]	not-started	no	/earn (App.tsx:1209) - no per-opportunity detail route; the only per-item page below /earn is /earn/vault/:vaultAddress (App.tsx:1759), which serves SKAI's own House/Trading vaults, not the external pools this frame draws	No implementing code (375x1450). Nearest: no per-opportunity detail route; nearest is src/pages/defi/Earn.tsx:211 (OpportunityCard). FIRST PASS, NOT OPENED THIS WAVE.
Earn > Sample opportunity - liquidity > Add liquidity [12004-406527]	not-started	no	/earn (App.tsx:1209) - no per-opportunity detail route; the only per-item page below /earn is /earn/vault/:vaultAddress (App.tsx:1759), which serves SKAI's own House/Trading vaults, not the external pools this frame draws	No implementing code (375x1450). Nearest: no per-opportunity detail route; nearest is src/pages/defi/Earn.tsx:211 (OpportunityCard). FIRST PASS, NOT OPENED THIS WAVE.
Earn > Sample opportunity - liquidity > Add liquidity > Confirm liquidity add 1VH [12004-405136]	not-started	no	/earn (App.tsx:1209) - no per-opportunity detail route; the only per-item page below /earn is /earn/vault/:vaultAddress (App.tsx:1759), which serves SKAI's own House/Trading vaults, not the external pools this frame draws	No implementing code (375x812). Nearest: no per-opportunity detail route; nearest is src/pages/defi/Earn.tsx:211 (OpportunityCard). FIRST PASS, NOT OPENED THIS WAVE.
Earn > Sample opportunity - save [12004-398296]	not-started	no	/earn (App.tsx:1209) - no per-opportunity detail route; the only per-item page below /earn is /earn/vault/:vaultAddress (App.tsx:1759), which serves SKAI's own House/Trading vaults, not the external pools this frame draws	No implementing code (375x1320). Nearest: no per-opportunity detail route; nearest is src/pages/defi/Earn.tsx:211 (OpportunityCard). FIRST PASS, NOT OPENED THIS WAVE.
Earn > Sample opportunity - Lend [12004-399859]	not-started	no	/earn (App.tsx:1209) - no per-opportunity detail route; the only per-item page below /earn is /earn/vault/:vaultAddress (App.tsx:1759), which serves SKAI's own House/Trading vaults, not the external pools this frame draws	No implementing code (375x1320). Nearest: no per-opportunity detail route; nearest is src/pages/defi/Earn.tsx:211 (OpportunityCard). FIRST PASS, NOT OPENED THIS WAVE.
Earn > Sample opportunity - Lend > Lend 1VH [12004-396180]	not-started	no	/earn (App.tsx:1209) - no per-opportunity detail route; the only per-item page below /earn is /earn/vault/:vaultAddress (App.tsx:1759), which serves SKAI's own House/Trading vaults, not the external pools this frame draws	No implementing code (375x812). Nearest: no per-opportunity detail route; nearest is src/pages/defi/Earn.tsx:211 (OpportunityCard). FIRST PASS, NOT OPENED THIS WAVE.
Earn > Sample opportunity - save > Save 1VH [12004-396474]	not-started	no	/earn (App.tsx:1209) - no per-opportunity detail route; the only per-item page below /earn is /earn/vault/:vaultAddress (App.tsx:1759), which serves SKAI's own House/Trading vaults, not the external pools this frame draws	No implementing code (375x812). Nearest: no per-opportunity detail route; nearest is src/pages/defi/Earn.tsx:211 (OpportunityCard). FIRST PASS, NOT OPENED THIS WAVE.
Earn > Sample opportunity - Lend > Lend > Confirm lend 1VH [12004-396713]	not-started	no	/earn (App.tsx:1209) - no per-opportunity detail route; the only per-item page below /earn is /earn/vault/:vaultAddress (App.tsx:1759), which serves SKAI's own House/Trading vaults, not the external pools this frame draws	No implementing code (375x812). Nearest: no per-opportunity detail route; nearest is src/pages/defi/Earn.tsx:211 (OpportunityCard). FIRST PASS, NOT OPENED THIS WAVE.
Earn > Sample opportunity - save > Save > Confirm save 1VH [12004-396856]	not-started	no	/earn (App.tsx:1209) - no per-opportunity detail route; the only per-item page below /earn is /earn/vault/:vaultAddress (App.tsx:1759), which serves SKAI's own House/Trading vaults, not the external pools this frame draws	No implementing code (375x812). Nearest: no per-opportunity detail route; nearest is src/pages/defi/Earn.tsx:211 (OpportunityCard). FIRST PASS, NOT OPENED THIS WAVE.
Earn > My positions > Update position [12261-469767]	not-started	no	/earn (App.tsx:1209) - no per-opportunity detail route; the only per-item page below /earn is /earn/vault/:vaultAddress (App.tsx:1759), which serves SKAI's own House/Trading vaults, not the external pools this frame draws	No implementing code (768x1278). Nearest: no per-opportunity detail route exists; nearest is src/pages/defi/Earn.tsx:211 (OpportunityCard, an inline expansion). FIRST PASS, NOT OPENED THIS WAVE.
Earn > My positions > Update position [12261-470424]	not-started	no	/earn (App.tsx:1209) - no per-opportunity detail route; the only per-item page below /earn is /earn/vault/:vaultAddress (App.tsx:1759), which serves SKAI's own House/Trading vaults, not the external pools this frame draws	No implementing code (375x1232). Nearest: no per-opportunity detail route exists; nearest is src/pages/defi/Earn.tsx:211 (OpportunityCard, an inline expansion). FIRST PASS, NOT OPENED THIS WAVE.
Earn > Faucet [11193-90739]	not-started	no	/earn?tab=faucet	No implementing code (1440x900). Nearest: no nearest file recorded. FIRST PASS, NOT OPENED THIS WAVE.
Earn > Faucet > Winners > Share outcome [11198-91923]	not-started	no	/earn?tab=faucet	No implementing code (1440x900). Nearest: no nearest file recorded. FIRST PASS, NOT OPENED THIS WAVE.
Earn > My positions [5248-76804]	partial	src/pages/defi/Earn.tsx	/earn?tab=positions	FIRST PASS, NOT OPENED THIS WAVE: the route is live and src/pages/defi/Earn.tsx renders this surface (1440x1545, 1440 board), so it is implemented; the measured work remaining is the whole frame. this lane's file.
Earn > My positions - empty [5278-80860]	partial	src/pages/defi/Earn.tsx	/earn?tab=positions	FIRST PASS, NOT OPENED THIS WAVE: the route is live and src/pages/defi/Earn.tsx renders this surface (1440x1545, 1440 board), so it is implemented; the measured work remaining is the whole frame. this lane's file.
Earn > My positions > View details [5258-78625]	not-started	no	/earn?tab=positions	No implementing code (1440x900). Nearest: no nearest file recorded. FIRST PASS, NOT OPENED THIS WAVE.
Earn > My positions - on:hover [11134-109360]	not-started	no	/earn?tab=positions	No implementing code (1440x900). Nearest: no nearest file recorded. FIRST PASS, NOT OPENED THIS WAVE.
Earn > My positions [11978-168335]	partial	src/pages/defi/Earn.tsx	/earn?tab=positions	FIRST PASS, NOT OPENED THIS WAVE: the route is live and src/pages/defi/Earn.tsx renders this surface (768x1164, 768 board), so it is implemented; the measured work remaining is the whole frame. this lane's file.
Earn > My positions - on:hover 1VH [11978-170038]	partial	src/pages/defi/Earn.tsx	/earn?tab=positions	FIRST PASS, NOT OPENED THIS WAVE: the route is live and src/pages/defi/Earn.tsx renders this surface (768x1024, 768 board), so it is implemented; the measured work remaining is the whole frame. this lane's file.
Earn > My positions - empty [11978-168824]	partial	src/pages/defi/Earn.tsx	/earn?tab=positions	FIRST PASS, NOT OPENED THIS WAVE: the route is live and src/pages/defi/Earn.tsx renders this surface (768x1114, 768 board), so it is implemented; the measured work remaining is the whole frame. this lane's file.
Earn > My positions [12003-386268]	partial	src/pages/defi/Earn.tsx	/earn?tab=positions	FIRST PASS, NOT OPENED THIS WAVE: the route is live and src/pages/defi/Earn.tsx renders this surface (375x1234, 375 board), so it is implemented; the measured work remaining is the whole frame. this lane's file.
Earn > My positions - empty [12003-386958]	partial	src/pages/defi/Earn.tsx	/earn?tab=positions	FIRST PASS, NOT OPENED THIS WAVE: the route is live and src/pages/defi/Earn.tsx renders this surface (375x1090, 375 board), so it is implemented; the measured work remaining is the whole frame. this lane's file.
Earn > My positions - on:hover 1VH [12003-387906]	partial	src/pages/defi/Earn.tsx	/earn?tab=positions	FIRST PASS, NOT OPENED THIS WAVE: the route is live and src/pages/defi/Earn.tsx renders this surface (375x812, 375 board), so it is implemented; the measured work remaining is the whole frame. this lane's file.
Earn > Referral [5370-59619]	partial	src/pages/defi/Earn.tsx	/earn?tab=referral	FIRST PASS, NOT OPENED THIS WAVE: the route is live and src/pages/defi/Earn.tsx renders this surface (1440x900, 1440 board), so it is implemented; the measured work remaining is the whole frame. this lane's file.
Earn > Referral [11980-177310]	partial	src/pages/defi/Earn.tsx	/earn?tab=referral	FIRST PASS, NOT OPENED THIS WAVE: the route is live and src/pages/defi/Earn.tsx renders this surface (768x1024, 768 board), so it is implemented; the measured work remaining is the whole frame. this lane's file.
Earn > Referral [12004-394869]	partial	src/pages/defi/Earn.tsx	/earn?tab=referral	FIRST PASS, NOT OPENED THIS WAVE: the route is live and src/pages/defi/Earn.tsx renders this surface (375x812, 375 board), so it is implemented; the measured work remaining is the whole frame. this lane's file.
Earn > Vaults [5259-80297]	partial	src/pages/vault/VaultSelection.tsx	/earn?tab=vaults	FIRST PASS, NOT OPENED THIS WAVE: the route is live and src/pages/vault/VaultSelection.tsx renders this surface (1440x1834, 1440 board), so it is implemented; the measured work remaining is the whole frame. NOT this lane's file (measure and row only).
Earn > Vaults [11980-172605]	partial	src/pages/vault/VaultSelection.tsx	/earn?tab=vaults	FIRST PASS, NOT OPENED THIS WAVE: the route is live and src/pages/vault/VaultSelection.tsx renders this surface (768x1270, 768 board), so it is implemented; the measured work remaining is the whole frame. NOT this lane's file (measure and row only).
Earn > Vaults - House [12004-388816]	partial	src/pages/vault/VaultSelection.tsx	/earn?tab=vaults	FIRST PASS, NOT OPENED THIS WAVE: the route is live and src/pages/vault/VaultSelection.tsx renders this surface (375x1206, 375 board), so it is implemented; the measured work remaining is the whole frame. NOT this lane's file (measure and row only).
Earn > Vaults - ALT [12016-75585]	partial	src/pages/vault/VaultSelection.tsx	/earn?tab=vaults	FIRST PASS, NOT OPENED THIS WAVE: the route is live and src/pages/vault/VaultSelection.tsx renders this surface (375x1636, 375 board), so it is implemented; the measured work remaining is the whole frame. NOT this lane's file (measure and row only).
Earn > Vaults - Trading [12004-389667]	partial	src/pages/vault/VaultSelection.tsx	/earn?tab=vaults	FIRST PASS, NOT OPENED THIS WAVE: the route is live and src/pages/vault/VaultSelection.tsx renders this surface (375x1206, 375 board), so it is implemented; the measured work remaining is the whole frame. NOT this lane's file (measure and row only).
Gauge voting - empty 1VH [5515-95455]	partial	src/pages/GaugeVoting.tsx	/earn/gauges	FIRST PASS, NOT OPENED THIS WAVE: the route is live and src/pages/GaugeVoting.tsx renders this surface (1440x900, 1440 board), so it is implemented; the measured work remaining is the whole frame. NOT this lane's file (measure and row only).
Gauge voting 1VH [5515-96095]	partial	src/pages/GaugeVoting.tsx	/earn/gauges	FIRST PASS, NOT OPENED THIS WAVE: the route is live and src/pages/GaugeVoting.tsx renders this surface (1440x1354, 1440 board), so it is implemented; the measured work remaining is the whole frame. NOT this lane's file (measure and row only).
Gauge voting - empty 1VH [11705-319211]	partial	src/pages/GaugeVoting.tsx + src/components/defi/gauge/GaugeWeightsTable.tsx	/earn/gauges (App.tsx:1757)	FIRST PASS, NOT OPENED THIS WAVE: the route is live and src/pages/GaugeVoting.tsx + src/components/defi/gauge/GaugeWeightsTable.tsx renders this surface (768x1024, 768 board), so it is implemented; the measured work remaining is the whole frame. NOT this lane's file (measure and row only).
Gauge voting [11705-320003]	partial	src/pages/GaugeVoting.tsx + src/components/defi/gauge/GaugeWeightsTable.tsx	/earn/gauges (App.tsx:1757)	FIRST PASS, NOT OPENED THIS WAVE: the route is live and src/pages/GaugeVoting.tsx + src/components/defi/gauge/GaugeWeightsTable.tsx renders this surface (768x1408, 768 board), so it is implemented; the measured work remaining is the whole frame. NOT this lane's file (measure and row only).
Gauge voting 1VH [11705-321084]	partial	src/pages/GaugeVoting.tsx + src/components/defi/gauge/GaugeWeightsTable.tsx	/earn/gauges (App.tsx:1757)	FIRST PASS, NOT OPENED THIS WAVE: the route is live and src/pages/GaugeVoting.tsx + src/components/defi/gauge/GaugeWeightsTable.tsx renders this surface (768x1024, 768 board), so it is implemented; the measured work remaining is the whole frame. NOT this lane's file (measure and row only).
Gauge voting - empty 1VH [11707-323740]	partial	src/pages/GaugeVoting.tsx + src/components/defi/gauge/GaugeWeightsTable.tsx	/earn/gauges (App.tsx:1757)	FIRST PASS, NOT OPENED THIS WAVE: the route is live and src/pages/GaugeVoting.tsx + src/components/defi/gauge/GaugeWeightsTable.tsx renders this surface (375x812, 375 board), so it is implemented; the measured work remaining is the whole frame. NOT this lane's file (measure and row only).
Gauge voting - empty [11707-324180]	partial	src/pages/GaugeVoting.tsx + src/components/defi/gauge/GaugeWeightsTable.tsx	/earn/gauges (App.tsx:1757)	FIRST PASS, NOT OPENED THIS WAVE: the route is live and src/pages/GaugeVoting.tsx + src/components/defi/gauge/GaugeWeightsTable.tsx renders this surface (375x902, 375 board), so it is implemented; the measured work remaining is the whole frame. NOT this lane's file (measure and row only).
Gauge voting [11708-324886]	partial	src/pages/GaugeVoting.tsx + src/components/defi/gauge/GaugeWeightsTable.tsx	/earn/gauges (App.tsx:1757)	FIRST PASS, NOT OPENED THIS WAVE: the route is live and src/pages/GaugeVoting.tsx + src/components/defi/gauge/GaugeWeightsTable.tsx renders this surface (375x812, 375 board), so it is implemented; the measured work remaining is the whole frame. NOT this lane's file (measure and row only).
Gauge voting 1VH [11708-325099]	partial	src/pages/GaugeVoting.tsx + src/components/defi/gauge/GaugeWeightsTable.tsx	/earn/gauges (App.tsx:1757)	FIRST PASS, NOT OPENED THIS WAVE: the route is live and src/pages/GaugeVoting.tsx + src/components/defi/gauge/GaugeWeightsTable.tsx renders this surface (375x1385, 375 board), so it is implemented; the measured work remaining is the whole frame. NOT this lane's file (measure and row only).
Earn > Vault > House vault ALT [11151-80178]	blocked-on-backend	src/pages/sports/components/BookieDashboard.tsx	/earn/house-vault	Carried from the section file: built or buildable but no source exists. NOT this lane's file (measure and row only). FIRST PASS, NOT OPENED THIS WAVE.
Earn > Vault > House vault [5280-86949]	partial	src/pages/sports/components/BookieDashboard.tsx	/earn/house-vault -> /sports?tab=pool	FIRST PASS, NOT OPENED THIS WAVE: the route is live and src/pages/sports/components/BookieDashboard.tsx renders this surface (1440x2398, 1440 board), so it is implemented; the measured work remaining is the whole frame. NOT this lane's file (measure and row only).
Earn > Vault > House vault [11980-173965]	partial	src/pages/sports/components/BookieDashboard.tsx	/earn/house-vault -> /sports?tab=pool (App.tsx:1753)	FIRST PASS, NOT OPENED THIS WAVE: the route is live and src/pages/sports/components/BookieDashboard.tsx renders this surface (768x1951, 768 board), so it is implemented; the measured work remaining is the whole frame. NOT this lane's file (measure and row only).
Earn > Vault > House vault ALT [11980-175816]	blocked-on-backend	src/pages/sports/components/BookieDashboard.tsx	/earn/house-vault -> /sports?tab=pool (App.tsx:1753)	Carried from the section file: built or buildable but no source exists. NOT this lane's file (measure and row only). FIRST PASS, NOT OPENED THIS WAVE.
Earn > Vault > House vault [12004-393178]	partial	src/pages/sports/components/BookieDashboard.tsx	/earn/house-vault -> /sports?tab=pool (App.tsx:1753)	FIRST PASS, NOT OPENED THIS WAVE: the route is live and src/pages/sports/components/BookieDashboard.tsx renders this surface (375x2298, 375 board), so it is implemented; the measured work remaining is the whole frame. NOT this lane's file (measure and row only).
Earn > Vault > House vault ALT [12004-393542]	blocked-on-backend	src/pages/sports/components/BookieDashboard.tsx	/earn/house-vault -> /sports?tab=pool (App.tsx:1753)	Carried from the section file: built or buildable but no source exists. NOT this lane's file (measure and row only). FIRST PASS, NOT OPENED THIS WAVE.
Earn > Vault > Trading vault [5280-82910]	partial	src/pages/vault/TradingVault.tsx	/earn/trading-vault	FIRST PASS, NOT OPENED THIS WAVE: the route is live and src/pages/vault/TradingVault.tsx renders this surface (1440x2398, 1440 board), so it is implemented; the measured work remaining is the whole frame. NOT this lane's file (measure and row only).
Earn > Vault > Trading vault ALT [11151-18953]	blocked-on-backend	src/pages/vault/TradingVault.tsx	/earn/trading-vault	Carried from the section file: built or buildable but no source exists. NOT this lane's file (measure and row only). FIRST PASS, NOT OPENED THIS WAVE.
Earn > Vault > Trading vault [11978-171157]	partial	src/pages/vault/TradingVault.tsx	/earn/trading-vault (App.tsx:1754)	FIRST PASS, NOT OPENED THIS WAVE: the route is live and src/pages/vault/TradingVault.tsx renders this surface (768x1967, 768 board), so it is implemented; the measured work remaining is the whole frame. NOT this lane's file (measure and row only).
Earn > Vault > Trading vault ALT [11980-173398]	blocked-on-backend	src/pages/vault/TradingVault.tsx	/earn/trading-vault (App.tsx:1754)	Carried from the section file: built or buildable but no source exists. NOT this lane's file (measure and row only). FIRST PASS, NOT OPENED THIS WAVE.
Earn > Vault > Trading vault [12004-390587]	partial	src/pages/vault/TradingVault.tsx	/earn/trading-vault (App.tsx:1754)	FIRST PASS, NOT OPENED THIS WAVE: the route is live and src/pages/vault/TradingVault.tsx renders this surface (375x2298, 375 board), so it is implemented; the measured work remaining is the whole frame. NOT this lane's file (measure and row only).
Earn > Vault > Trading vault ALT [12004-392671]	blocked-on-backend	src/pages/vault/TradingVault.tsx	/earn/trading-vault (App.tsx:1754)	Carried from the section file: built or buildable but no source exists. NOT this lane's file (measure and row only). FIRST PASS, NOT OPENED THIS WAVE.
Yield vaults > Sample vault item 1VH [5515-92313]	partial	src/pages/YieldVaultDetail.tsx	/earn/vault/:vaultAddress	FIRST PASS, NOT OPENED THIS WAVE: the route is live and src/pages/YieldVaultDetail.tsx renders this surface (1440x900, 1440 board), so it is implemented; the measured work remaining is the whole frame. NOT this lane's file (measure and row only).
Yield vaults > Sample vault item [5515-93883]	partial	src/pages/YieldVaultDetail.tsx	/earn/vault/:vaultAddress	FIRST PASS, NOT OPENED THIS WAVE: the route is live and src/pages/YieldVaultDetail.tsx renders this surface (1440x1555, 1440 board), so it is implemented; the measured work remaining is the whole frame. NOT this lane's file (measure and row only).
Yield vaults > Sample vault item [11672-313668]	partial	src/pages/YieldVaultDetail.tsx	/earn/vault/:vaultAddress (App.tsx:1759)	FIRST PASS, NOT OPENED THIS WAVE: the route is live and src/pages/YieldVaultDetail.tsx renders this surface (768x1612, 768 board), so it is implemented; the measured work remaining is the whole frame. NOT this lane's file (measure and row only).
Yield vaults > Sample vault item 1VH [11704-318227]	partial	src/pages/YieldVaultDetail.tsx	/earn/vault/:vaultAddress (App.tsx:1759)	FIRST PASS, NOT OPENED THIS WAVE: the route is live and src/pages/YieldVaultDetail.tsx renders this surface (768x1024, 768 board), so it is implemented; the measured work remaining is the whole frame. NOT this lane's file (measure and row only).
Yield vaults > Sample vault item 1VH [11707-322803]	partial	src/pages/YieldVaultDetail.tsx	/earn/vault/:vaultAddress (App.tsx:1759)	FIRST PASS, NOT OPENED THIS WAVE: the route is live and src/pages/YieldVaultDetail.tsx renders this surface (375x812, 375 board), so it is implemented; the measured work remaining is the whole frame. NOT this lane's file (measure and row only).
Yield vaults > Sample vault item [11707-323144]	partial	src/pages/YieldVaultDetail.tsx	/earn/vault/:vaultAddress (App.tsx:1759)	FIRST PASS, NOT OPENED THIS WAVE: the route is live and src/pages/YieldVaultDetail.tsx renders this surface (375x1746, 375 board), so it is implemented; the measured work remaining is the whole frame. NOT this lane's file (measure and row only).
Yield vaults 1VH [5492-53877]	partial	src/pages/YieldVaults.tsx	/earn/vaults	FIRST PASS, NOT OPENED THIS WAVE: the route is live and src/pages/YieldVaults.tsx renders this surface (1440x900, 1440 board), so it is implemented; the measured work remaining is the whole frame. NOT this lane's file (measure and row only).
Yield vaults 1VH [11364-149679]	partial	src/pages/YieldVaults.tsx	/earn/vaults (App.tsx:1758)	FIRST PASS, NOT OPENED THIS WAVE: the route is live and src/pages/YieldVaults.tsx renders this surface (1440x900, 1440 board), so it is implemented; the measured work remaining is the whole frame. NOT this lane's file (measure and row only).
Yield vaults 1VH [11667-312902]	partial	src/pages/YieldVaults.tsx	/earn/vaults (App.tsx:1758)	FIRST PASS, NOT OPENED THIS WAVE: the route is live and src/pages/YieldVaults.tsx renders this surface (768x1024, 768 board), so it is implemented; the measured work remaining is the whole frame. NOT this lane's file (measure and row only).
Yield vaults [11704-318672]	partial	src/pages/YieldVaults.tsx	/earn/vaults (App.tsx:1758)	FIRST PASS, NOT OPENED THIS WAVE: the route is live and src/pages/YieldVaults.tsx renders this surface (768x1190, 768 board), so it is implemented; the measured work remaining is the whole frame. NOT this lane's file (measure and row only).
Yield vaults 1VH [11664-306263]	partial	src/pages/YieldVaults.tsx	/earn/vaults (App.tsx:1758)	FIRST PASS, NOT OPENED THIS WAVE: the route is live and src/pages/YieldVaults.tsx renders this surface (375x812, 375 board), so it is implemented; the measured work remaining is the whole frame. NOT this lane's file (measure and row only).
Yield vaults [11706-321921]	partial	src/pages/YieldVaults.tsx	/earn/vaults (App.tsx:1758)	FIRST PASS, NOT OPENED THIS WAVE: the route is live and src/pages/YieldVaults.tsx renders this surface (375x1422, 375 board), so it is implemented; the measured work remaining is the whole frame. NOT this lane's file (measure and row only).
Explorer 1VH [5539-93683]	partial	src/pages/explorer/ExplorerDashboard.tsx	/explorer (ExplorerRoutes.tsx:50)	1VH crop (1440x900) of the same design as 11983-221622, by title and by size in live/. NOT OPENED SEPARATELY; the verdict and every gap are those of 11983-221622, measured this wave. Its older id (5539) suggests it predates the 11983 board - if the two diverge, the 11983 one is what was built to.	1440=partial @2026-09-09/wave39-governance-explorer
Explorer - customise 1VH [11345-144081]	partial	src/pages/explorer/ExplorerDashboard.tsx	/explorer (ExplorerRoutes.tsx:50)	The `Customize` menu state of the dashboard (1440x900 1VH). NOT OPENED this wave: the base board 11983-221622 was measured and built, and its list heads deliberately draw no Customize trigger because this frame, which defines what the menu holds, has not been read. Building the trigger before the menu would ship a dead control. Next step: read this node, then add the menu to ListCard in src/pages/explorer/ExplorerDashboard.tsx.
Explorer [11983-221622]	partial	src/pages/explorer/ExplorerDashboard.tsx	/explorer (ExplorerRoutes.tsx:50)	MEASURED AND BUILT THIS WAVE from get_design_context on the frame and on each of its six body sections (Frame 629 11983:221628, card 11983:221637, Main container 11983:221703, Frame 719 11983:221953, Frame 720 11983:222107, Frame 278 11983:222145). Body column 1318 inside main 1382 at x58 (the app sidebar is 58). BUILT, in src/pages/explorer/ExplorerDashboard.tsx with the numbers in explorerDashboardFigma.ts and the oracle src/pages/explorer/__tests__/explorerDashboardFigma.test.ts (13 assertions, green): (1) hero - title Manrope 24/28 tracking -0.96, 14 gap, a 738-wide search row 46 tall on #001615 with a #123f3c border and r16, placeholder 14/18 ash, a 16 search glyph; (2) summary card #073d48 r24 p32 in three columns split by 1px #123f3c rules - SKAI price + Market cap, Transactions|Med gas price + Last finalised|Last safe block, and the 14-day history slot - labels Manrope 14/18 at 64% white over Mulish 14/18 values, icon wells 36; (3) Latest blocks / Latest transactions as #122524 r16 list cards side by side at gap 16: head row px16 pt4 pb8 with a 14/18 title, rows px16 py6 with a 24 glyph in a #001615 r6 p4 well, 14/18 primary over 12/16 ash secondary, sky-blue #56c7f3 links, an outlined r8 12/6 Mulish 12/16 value pill, a #182a2a footer strip px16 py8 carrying a full-width r8 px40 py12 `View all` CTA with a 16 arrow; (4) Ecosystem overview - 24/28 title, 32 below it, 4x2 grid gap 16 of #122524 r16 p16 cards, name 14/18 + 16 external-link glyph, two metrics label 14/18 at 64% over Mulish 14/18 value with the frame's sentence-case labels (24H volume, House pool TVL, Total supplied, Active curves, Floor volume, Copy leaders, Total XP awarded, Active gauges). NOT BUILT, each for want of a source and rendered as its honest empty state: the `@ 0.005231 BTC (+1.01%)` legs of the price and the Market cap (no SKAI market: useSkaiPrice reads the oracle predeploy and returns null when it has no code, and there is no BTC feed), the 14-day series (the indexer reports a cumulative count, not a daily series: useAnalyticsCharts derives a single point), the 144x50 sparkline in every ecosystem card (no per-category series), the per-block SKAI pill (the RPC exposes no block reward), and the `2 secs ago` line on a transaction when getLatestTransactions carries no timestamp (the status glyph stands in). NOT BUILT, no spec of the control's contents: the `All filters` 158-wide split button on the search and the `Customize` menu on each list head (its state is 11345:144081, unopened). NOT THIS LANE'S FILE: Frame 720 `DeFi overview` and Frame 278 `Buyback and burn` are src/components/explorer/DefiDashboard.tsx - hand-off in the report. FRAME DEFECTS, not copied: the strap line `Access data from 50+ chain IDs with a single API key using Skaiscan v1` is Etherscan copy for a product that does not exist (replaced with a true sentence in the same slot and type); the buyback card's 5.5% / 556,256 SKAI / 10M target are placeholders against a program that has not started; the Ecosystem values ($122,139.88 TVL, 9,999 bets, 4,189 profiles) are sample figures. RETAINED though the frame omits them, pending Casey: the all-time records strip (Peak TPS / Fastest block / Total transactions + Block height / Gas / Chain ID / Consensus) now under the summary card, and the Validators & Staking table. No browser was used; every verdict is from source.	1440=partial @2026-09-09/wave39-governance-explorer
Explorer [11983-182767]	partial	src/pages/explorer/ExplorerDashboard.tsx	/explorer (ExplorerRoutes.tsx:50)	MEASURED AND BUILT THIS WAVE (get_design_context on the frame, on card 11983:221485 and on Frame 719 11986:222923). Body 708 inside 768 at x30; blocks stack at gap 24. What the 768 board changes against 1440 and what the page does at md: (a) hero title 18/22, 8 gap, the search row spans the column (CTA 125 + input 583) at 46 tall r16; (b) summary card r12 p16 in TWO columns (SKAI price + Market cap | Transactions|Med gas + Finalised|Safe) split by a vertical rule, then a full-width rule, then the 14-day slot full width; labels 12/16, values 12/14; (c) the two list cards STACK (Main container 708x1000 = two ~492 sections at gap 16) - built with grid-cols-1 below lg; (d) Ecosystem overview 18/22 title with 16 below it, TWO columns at gap 8 of r12 p16 cards (each column is a flex-col gap 8 of two cards), name 12/16, label 12/16, value Mulish 14/16 - built. Everything not built on 11983-221622 is not built here either, for the same reasons (BTC/24h legs, market cap, 14-day series, sparklines, block pill, All filters, Customize). Frame 720 (DeFi overview, 708x138) and Frame 278 (Buyback, 708x204: art card 330x172 beside a 330x172 content column at p16) belong to src/components/explorer/DefiDashboard.tsx and were read from metadata only. The Header-tablet and Bottom-navigation-tablet on this frame are app chrome, not the explorer's (ExplorerLayout draws its own header). Source verdict only; no browser.	768=partial @2026-09-09/wave39-governance-explorer
Explorer 1VH [11986-223183]	partial	src/pages/explorer/ExplorerDashboard.tsx	/explorer (ExplorerRoutes.tsx:50)	1VH crop (768x1024) of the same design as 11983-182767, by title and size. NOT OPENED SEPARATELY; verdict and gaps are those of 11983-182767, measured this wave.	768=partial @2026-09-09/wave39-governance-explorer
Explorer 1VH [11986-224020]	partial	src/pages/explorer/ExplorerDashboard.tsx	/explorer (ExplorerRoutes.tsx:50)	Second 1VH crop (768x1024) of 11983-182767, by title and size. NOT OPENED SEPARATELY; verdict and gaps are those of 11983-182767, measured this wave. Two 1VH crops at one width usually differ only in scroll position; whether this one carries a different state was not checked.	768=partial @2026-09-09/wave39-governance-explorer
Explorer [11998-326822]	partial	src/pages/explorer/ExplorerDashboard.tsx	/explorer (ExplorerRoutes.tsx:50)	MEASURED AND BUILT THIS WAVE (get_design_context on the frame, on Frame 629 11998:327458, card 11998:327467, Frame 719 11998:327784 and Frame 278 11998:327980). Body 343 inside 375 at x16; blocks stack at gap 24. What the 375 board changes and what the page does at base: (a) hero title 18/22, 8 gap, the search row keeps the 46 height but the input rounds r12 on the right and pads 16 (the CTA keeps 24/14), the placeholder wraps to two 14/16 lines, the strap line drops to 14/16 with a bold `Featured:` - all built; (b) summary card r12 p12, ONE column: price, rule, market cap, then a rule, transactions|gas, rule, finalised|safe (two-up rows keep their right-aligned twin), a full-width rule, the 14-day slot with a 62-tall chart; labels 12/14, values Mulish 12/14 - built; (c) the list cards stack (Main container 343x1228) - built, and the list rows keep px16 py6 at this width, which is what the frame draws (the card body pads 8 here where 1440 pads 16, built with p-2 md:p-4); (d) Ecosystem overview 18/22 title, 16 below, ONE column at gap 8 of r12 p12 cards showing only DeFi and Gaming with a centred `Show more` line in Mulish 12/16 at 64% - built as a fold that reveals the other six (the frame does not draw the expanded state, so `Show less` is this page's own); name/label/value all 12/14; the sparkline slot is 80x50 here (empty, no series). Frame 278 at 375 (11998:327980) is a column: r12 p12, the art card 172 tall, title 18/22, number Mulish Light 24/28, labels 12/14 - that card is src/components/explorer/DefiDashboard.tsx, hand-off. Header-mobile and Bottom-navigation-mobile are app chrome. Everything not built at 1440 is not built here, same reasons. Source verdict only; no browser. NOTE the 44px touch floor under 768 (index.css): the `Show more` control and the search submit glyph carry no-min-size because the frame draws them 16 and 16 tall.	375=partial @2026-09-09/wave39-governance-explorer
Explorer [12136-435253]	partial	src/pages/explorer/ExplorerDashboard.tsx	/explorer (ExplorerRoutes.tsx:50)	A second full-height 375 board of the dashboard. NOT OPENED SEPARATELY; 11998-326822 was measured and built. The `Show more` text node the 375 ecosystem section carries is 12136:435251, an id in this frame's range, so this board is likely the one that introduced the fold - the fold is built. Whether anything else differs from 11998-326822 was not checked.	375=partial @2026-09-09/wave39-governance-explorer
Explorer 1VH [11998-328323]	partial	src/pages/explorer/ExplorerDashboard.tsx	/explorer (ExplorerRoutes.tsx:50)	1VH crop (375x812) of 11998-326822, by title and size. NOT OPENED SEPARATELY; verdict and gaps are those of 11998-326822, measured this wave.	375=partial @2026-09-09/wave39-governance-explorer
Explorer 1VH [11998-329118]	partial	src/pages/explorer/ExplorerDashboard.tsx	/explorer (ExplorerRoutes.tsx:50)	Second 1VH crop (375x812) of 11998-326822, by title and size. NOT OPENED SEPARATELY; verdict and gaps are those of 11998-326822, measured this wave.	375=partial @2026-09-09/wave39-governance-explorer
Explorer > Dashboard - transactions [5570-102478]	partial	src/pages/explorer/ExplorerDashboard.tsx	/explorer (ExplorerRoutes.tsx:50)	The Latest transactions list on the dashboard (1440x900). This frame was NOT opened; the transactions card was rebuilt this wave from the base board's Main container (11983:221703), whose right section is the same list: rows px16 py6 with a 24 glyph well, hash 14/18 sky-blue over a 12/16 ash line, `From:` / `To:` 12/16 labels carrying 14/18 sky-blue address links, an outlined r8 `n SKAI` pill, a `View all transactions` footer CTA. Built in src/pages/explorer/ExplorerDashboard.tsx (LatestTransactionsCard). Not built: the `Customize` menu (state unread, 11345:144081) and the `2 secs ago` line when the RPC list carries no timestamp (the confirmed/reverted/pending glyph stands in). If this frame draws a state the base board does not (a filter, a longer list), it is unmeasured.	1440=partial @2026-09-09/wave39-governance-explorer
Explorer > Dashboard - transactions [11986-226555]	partial	src/pages/explorer/ExplorerDashboard.tsx	/explorer (ExplorerRoutes.tsx:50)	The Latest transactions list at 768 (768x1024). NOT opened; built from the 1440 Main container measurement (see 5570-102478) with the 768 board's stacking (11983-182767: the two list cards stack at gap 16 below lg). Same gaps as 5570-102478.	768=partial @2026-09-09/wave39-governance-explorer
Explorer > Dashboard - transactions [11998-329996]	partial	src/pages/explorer/ExplorerDashboard.tsx	/explorer (ExplorerRoutes.tsx:50)	The Latest transactions list at 375 (375x812). NOT opened; built from the 1440 Main container measurement (see 5570-102478) with the 375 board's stacking and the card body's 8 padding (11998-326822). Same gaps as 5570-102478.	375=partial @2026-09-09/wave39-governance-explorer
Explorer > Address 1VH [5586-110620]	partial	src/pages/explorer/AddressDetailPage.tsx	/explorer/address/:address	FIRST PASS, NOT OPENED THIS WAVE: the route is live and src/pages/explorer/AddressDetailPage.tsx renders this surface (1440x900, 1440 board), so it is implemented; the measured work remaining is the whole frame. this lane's file.
Explorer > Address 1VH [5638-112382]	partial	src/pages/explorer/AddressDetailPage.tsx	/explorer/address/:address	FIRST PASS, NOT OPENED THIS WAVE: the route is live and src/pages/explorer/AddressDetailPage.tsx renders this surface (1440x1611, 1440 board), so it is implemented; the measured work remaining is the whole frame. this lane's file.
Explorer > Address > Holdings 1VH [5660-114498]	partial	src/pages/explorer/AddressDetailPage.tsx	/explorer/address/:address	FIRST PASS, NOT OPENED THIS WAVE: the route is live and src/pages/explorer/AddressDetailPage.tsx renders this surface (1440x1555, 1440 board), so it is implemented; the measured work remaining is the whole frame. this lane's file.
Explorer > Address > Lending 1VH [5664-127101]	partial	src/hooks/explorer/useLendingStats.ts	/explorer/address/:address	FIRST PASS, NOT OPENED THIS WAVE: the route is live and src/hooks/explorer/useLendingStats.ts renders this surface (1440x1236, 1440 board), so it is implemented; the measured work remaining is the whole frame. NOT this lane's file (measure and row only).
Explorer > Address [11989-231104]	partial	src/pages/explorer/AddressDetailPage.tsx	/explorer/address/:address	FIRST PASS, NOT OPENED THIS WAVE: the route is live and src/pages/explorer/AddressDetailPage.tsx renders this surface (768x1762, 768 board), so it is implemented; the measured work remaining is the whole frame. this lane's file.
Explorer > Address > Holdings [11989-232490]	partial	src/pages/explorer/AddressDetailPage.tsx	/explorer/address/:address	FIRST PASS, NOT OPENED THIS WAVE: the route is live and src/pages/explorer/AddressDetailPage.tsx renders this surface (768x1684, 768 board), so it is implemented; the measured work remaining is the whole frame. this lane's file.
Explorer > Address > Lending [11992-238830]	partial	src/hooks/explorer/useLendingStats.ts	/explorer/address/:address	FIRST PASS, NOT OPENED THIS WAVE: the route is live and src/hooks/explorer/useLendingStats.ts renders this surface (768x1432, 768 board), so it is implemented; the measured work remaining is the whole frame. NOT this lane's file (measure and row only).
Explorer > Address [11998-337508]	partial	src/pages/explorer/AddressDetailPage.tsx	/explorer/address/:address	FIRST PASS, NOT OPENED THIS WAVE: the route is live and src/pages/explorer/AddressDetailPage.tsx renders this surface (375x1772, 375 board), so it is implemented; the measured work remaining is the whole frame. this lane's file.
Explorer > Address > Holdings [11998-341045]	partial	src/pages/explorer/AddressDetailPage.tsx	/explorer/address/:address	FIRST PASS, NOT OPENED THIS WAVE: the route is live and src/pages/explorer/AddressDetailPage.tsx renders this surface (375x1780, 375 board), so it is implemented; the measured work remaining is the whole frame. this lane's file.
Explorer > Address > Lending [11998-346919]	partial	src/hooks/explorer/useLendingStats.ts	/explorer/address/:address	FIRST PASS, NOT OPENED THIS WAVE: the route is live and src/hooks/explorer/useLendingStats.ts renders this surface (375x1430, 375 board), so it is implemented; the measured work remaining is the whole frame. NOT this lane's file (measure and row only).
Explorer > Addresses 1VH [5720-152742]	partial	src/pages/explorer/ExplorerAddresses.tsx	/explorer/addresses (ExplorerRoutes.tsx:60)	FIRST PASS, NOT OPENED THIS WAVE: the route is live and src/pages/explorer/ExplorerAddresses.tsx renders this surface (1440x1510, 1440 board), so it is implemented; the measured work remaining is the whole frame. this lane's file.
Explorer > Addresses [11998-262008]	partial	src/pages/explorer/ExplorerAddresses.tsx	/explorer/addresses (ExplorerRoutes.tsx:60)	FIRST PASS, NOT OPENED THIS WAVE: the route is live and src/pages/explorer/ExplorerAddresses.tsx renders this surface (768x1104, 768 board), so it is implemented; the measured work remaining is the whole frame. this lane's file.
Explorer > Addresses [12001-376043]	partial	src/pages/explorer/ExplorerAddresses.tsx	/explorer/addresses (ExplorerRoutes.tsx:60)	FIRST PASS, NOT OPENED THIS WAVE: the route is live and src/pages/explorer/ExplorerAddresses.tsx renders this surface (375x1114, 375 board), so it is implemented; the measured work remaining is the whole frame. this lane's file.
Explorer > AI 1VH [5695-142802]	partial	src/pages/explorer/AIPage.tsx	/explorer/ai (ExplorerRoutes.tsx:79)	FIRST PASS, NOT OPENED THIS WAVE: the route is live and src/pages/explorer/AIPage.tsx renders this surface (1440x1399, 1440 board), so it is implemented; the measured work remaining is the whole frame. this lane's file.
Explorer > AI 1VH [11998-252837]	partial	src/pages/explorer/AIPage.tsx	/explorer/ai (ExplorerRoutes.tsx:79)	FIRST PASS, NOT OPENED THIS WAVE: the route is live and src/pages/explorer/AIPage.tsx renders this surface (768x1024, 768 board), so it is implemented; the measured work remaining is the whole frame. this lane's file.
Explorer > AI [12001-362424]	partial	src/pages/explorer/AIPage.tsx	/explorer/ai (ExplorerRoutes.tsx:79)	FIRST PASS, NOT OPENED THIS WAVE: the route is live and src/pages/explorer/AIPage.tsx renders this surface (375x862, 375 board), so it is implemented; the measured work remaining is the whole frame. this lane's file.
Explorer > Analytics 1VH [5669-128901]	partial	src/pages/explorer/AnalyticsPage.tsx	/explorer/analytics (ExplorerRoutes.tsx:67)	FIRST PASS, NOT OPENED THIS WAVE: the route is live and src/pages/explorer/AnalyticsPage.tsx renders this surface (1440x2027, 1440 board), so it is implemented; the measured work remaining is the whole frame. this lane's file.
Explorer > Analytics 1VH [11993-241225]	partial	src/pages/explorer/AnalyticsPage.tsx	/explorer/analytics (ExplorerRoutes.tsx:67)	FIRST PASS, NOT OPENED THIS WAVE: the route is live and src/pages/explorer/AnalyticsPage.tsx renders this surface (768x2036, 768 board), so it is implemented; the measured work remaining is the whole frame. this lane's file.
Explorer > Analytics [11998-348921]	partial	src/pages/explorer/AnalyticsPage.tsx	/explorer/analytics (ExplorerRoutes.tsx:67)	FIRST PASS, NOT OPENED THIS WAVE: the route is live and src/pages/explorer/AnalyticsPage.tsx renders this surface (375x1714, 375 board), so it is implemented; the measured work remaining is the whole frame. this lane's file.
Explorer > Blocks 1VH [5689-136816]	partial	src/pages/explorer/BlockListPage.tsx	/explorer/blocks (ExplorerRoutes.tsx:52)	FIRST PASS, NOT OPENED THIS WAVE: the route is live and src/pages/explorer/BlockListPage.tsx renders this surface (1440x1301, 1440 board), so it is implemented; the measured work remaining is the whole frame. this lane's file.
Explorer > Blocks [11998-244576]	partial	src/pages/explorer/BlockListPage.tsx	/explorer/blocks (ExplorerRoutes.tsx:52)	FIRST PASS, NOT OPENED THIS WAVE: the route is live and src/pages/explorer/BlockListPage.tsx renders this surface (768x1046, 768 board), so it is implemented; the measured work remaining is the whole frame. this lane's file.
Explorer > Blocks [11998-351710]	partial	src/pages/explorer/BlockListPage.tsx	/explorer/blocks (ExplorerRoutes.tsx:52)	FIRST PASS, NOT OPENED THIS WAVE: the route is live and src/pages/explorer/BlockListPage.tsx renders this surface (375x1004, 375 board), so it is implemented; the measured work remaining is the whole frame. this lane's file.
Explorer > DeFi 1VH [5711-150322]	partial	src/pages/explorer/DefiPage.tsx	/explorer/defi (ExplorerRoutes.tsx:71)	FIRST PASS, NOT OPENED THIS WAVE: the route is live and src/pages/explorer/DefiPage.tsx renders this surface (1440x1801, 1440 board), so it is implemented; the measured work remaining is the whole frame. this lane's file.
Explorer > DeFi [11998-266062]	partial	src/pages/explorer/DefiPage.tsx	/explorer/defi (ExplorerRoutes.tsx:71)	FIRST PASS, NOT OPENED THIS WAVE: the route is live and src/pages/explorer/DefiPage.tsx renders this surface (768x1570, 768 board), so it is implemented; the measured work remaining is the whole frame. this lane's file.
Explorer > DeFi [12001-379226]	partial	src/pages/explorer/DefiPage.tsx	/explorer/defi (ExplorerRoutes.tsx:71)	FIRST PASS, NOT OPENED THIS WAVE: the route is live and src/pages/explorer/DefiPage.tsx renders this surface (375x1604, 375 board), so it is implemented; the measured work remaining is the whole frame. this lane's file.
Explorer > Gaming 1VH [5702-144185]	partial	src/pages/explorer/GamingPage.tsx	/explorer/gaming (ExplorerRoutes.tsx:77)	FIRST PASS, NOT OPENED THIS WAVE: the route is live and src/pages/explorer/GamingPage.tsx renders this surface (1440x1245, 1440 board), so it is implemented; the measured work remaining is the whole frame. this lane's file.
Explorer > Gaming [11998-256391]	partial	src/pages/explorer/GamingPage.tsx	/explorer/gaming (ExplorerRoutes.tsx:77)	FIRST PASS, NOT OPENED THIS WAVE: the route is live and src/pages/explorer/GamingPage.tsx renders this surface (768x1164, 768 board), so it is implemented; the measured work remaining is the whole frame. this lane's file.
Explorer > Gaming [12001-365886]	partial	src/pages/explorer/GamingPage.tsx	/explorer/gaming (ExplorerRoutes.tsx:77)	FIRST PASS, NOT OPENED THIS WAVE: the route is live and src/pages/explorer/GamingPage.tsx renders this surface (375x1112, 375 board), so it is implemented; the measured work remaining is the whole frame. this lane's file.
Explorer > Gas tracker 1VH [5691-138387]	partial	src/pages/explorer/GasTrackerPage.tsx	/explorer/gas (ExplorerRoutes.tsx:68)	FIRST PASS, NOT OPENED THIS WAVE: the route is live and src/pages/explorer/GasTrackerPage.tsx renders this surface (1440x1903, 1440 board), so it is implemented; the measured work remaining is the whole frame. this lane's file.
Explorer > Gas tracker [11998-248840]	partial	src/pages/explorer/GasTrackerPage.tsx	/explorer/gas (ExplorerRoutes.tsx:68)	FIRST PASS, NOT OPENED THIS WAVE: the route is live and src/pages/explorer/GasTrackerPage.tsx renders this surface (768x1745, 768 board), so it is implemented; the measured work remaining is the whole frame. this lane's file.
Explorer > Gas tracker [12000-357207]	partial	src/pages/explorer/GasTrackerPage.tsx	/explorer/gas (ExplorerRoutes.tsx:68)	FIRST PASS, NOT OPENED THIS WAVE: the route is live and src/pages/explorer/GasTrackerPage.tsx renders this surface (375x1470, 375 board), so it is implemented; the measured work remaining is the whole frame. this lane's file.
Explorer > Governance 1VH [5707-145880]	partial	src/pages/explorer/GovernancePage.tsx	/explorer/governance (ExplorerRoutes.tsx:72)	FIRST PASS, NOT OPENED THIS WAVE: the route is live and src/pages/explorer/GovernancePage.tsx renders this surface (1440x1245, 1440 board), so it is implemented; the measured work remaining is the whole frame. this lane's file.
Explorer > Governance [11998-257569]	partial	src/pages/explorer/GovernancePage.tsx	/explorer/governance (ExplorerRoutes.tsx:72)	FIRST PASS, NOT OPENED THIS WAVE: the route is live and src/pages/explorer/GovernancePage.tsx renders this surface (768x1164, 768 board), so it is implemented; the measured work remaining is the whole frame. this lane's file.
Explorer > Governance [12001-368183]	partial	src/pages/explorer/GovernancePage.tsx	/explorer/governance (ExplorerRoutes.tsx:72)	FIRST PASS, NOT OPENED THIS WAVE: the route is live and src/pages/explorer/GovernancePage.tsx renders this surface (375x1064, 375 board), so it is implemented; the measured work remaining is the whole frame. this lane's file.
Explorer > Launchpad 1VH [5702-143785]	partial	src/pages/explorer/LaunchpadPage.tsx	/explorer/launchpad (ExplorerRoutes.tsx:80)	FIRST PASS, NOT OPENED THIS WAVE: the route is live and src/pages/explorer/LaunchpadPage.tsx renders this surface (1440x1399, 1440 board), so it is implemented; the measured work remaining is the whole frame. this lane's file.
Explorer > Launchpad 1VH [11998-253933]	partial	src/pages/explorer/LaunchpadPage.tsx	/explorer/launchpad (ExplorerRoutes.tsx:80)	FIRST PASS, NOT OPENED THIS WAVE: the route is live and src/pages/explorer/LaunchpadPage.tsx renders this surface (768x1024, 768 board), so it is implemented; the measured work remaining is the whole frame. this lane's file.
Explorer > Launchpad [12001-363043]	partial	src/pages/explorer/LaunchpadPage.tsx	/explorer/launchpad (ExplorerRoutes.tsx:80)	FIRST PASS, NOT OPENED THIS WAVE: the route is live and src/pages/explorer/LaunchpadPage.tsx renders this surface (375x848, 375 board), so it is implemented; the measured work remaining is the whole frame. this lane's file.
Explorer > Lending 1VH [5711-147902]	partial	src/pages/explorer/LendingPage.tsx	/explorer/lending (ExplorerRoutes.tsx:73)	FIRST PASS, NOT OPENED THIS WAVE: the route is live and src/pages/explorer/LendingPage.tsx renders this surface (1440x900, 1440 board), so it is implemented; the measured work remaining is the whole frame. this lane's file.
Explorer > Lending 1VH [11998-260352]	partial	src/pages/explorer/LendingPage.tsx	/explorer/lending (ExplorerRoutes.tsx:73)	FIRST PASS, NOT OPENED THIS WAVE: the route is live and src/pages/explorer/LendingPage.tsx renders this surface (768x1024, 768 board), so it is implemented; the measured work remaining is the whole frame. this lane's file.
Explorer > Lending [12001-371015]	partial	src/pages/explorer/LendingPage.tsx	/explorer/lending (ExplorerRoutes.tsx:73)	FIRST PASS, NOT OPENED THIS WAVE: the route is live and src/pages/explorer/LendingPage.tsx renders this surface (375x960, 375 board), so it is implemented; the measured work remaining is the whole frame. this lane's file.
Explorer > Points 1VH [5711-148542]	partial	src/pages/explorer/PointsPage.tsx	/explorer/points (ExplorerRoutes.tsx:78)	FIRST PASS, NOT OPENED THIS WAVE: the route is live and src/pages/explorer/PointsPage.tsx renders this surface (1440x1510, 1440 board), so it is implemented; the measured work remaining is the whole frame. this lane's file.
Explorer > Points [11998-264346]	partial	src/pages/explorer/PointsPage.tsx	/explorer/points (ExplorerRoutes.tsx:78)	FIRST PASS, NOT OPENED THIS WAVE: the route is live and src/pages/explorer/PointsPage.tsx renders this surface (768x1431, 768 board), so it is implemented; the measured work remaining is the whole frame. this lane's file.
Explorer > Points [12001-371549]	partial	src/pages/explorer/PointsPage.tsx	/explorer/points (ExplorerRoutes.tsx:78)	FIRST PASS, NOT OPENED THIS WAVE: the route is live and src/pages/explorer/PointsPage.tsx renders this surface (375x1358, 375 board), so it is implemented; the measured work remaining is the whole frame. this lane's file.
Explorer > Points [12001-374466]	partial	src/pages/explorer/PointsPage.tsx	/explorer/points (ExplorerRoutes.tsx:78)	FIRST PASS, NOT OPENED THIS WAVE: the route is live and src/pages/explorer/PointsPage.tsx renders this surface (375x1428, 375 board), so it is implemented; the measured work remaining is the whole frame. this lane's file.
Explorer > Social 1VH [5707-146891]	partial	src/pages/explorer/SocialPage.tsx	/explorer/social (ExplorerRoutes.tsx:75)	FIRST PASS, NOT OPENED THIS WAVE: the route is live and src/pages/explorer/SocialPage.tsx renders this surface (1440x1692, 1440 board), so it is implemented; the measured work remaining is the whole frame. this lane's file.
Explorer > Social [11998-259528]	partial	src/pages/explorer/SocialPage.tsx	/explorer/social (ExplorerRoutes.tsx:75)	FIRST PASS, NOT OPENED THIS WAVE: the route is live and src/pages/explorer/SocialPage.tsx renders this surface (768x1358, 768 board), so it is implemented; the measured work remaining is the whole frame. this lane's file.
Explorer > Social [12001-370309]	partial	src/pages/explorer/SocialPage.tsx	/explorer/social (ExplorerRoutes.tsx:75)	FIRST PASS, NOT OPENED THIS WAVE: the route is live and src/pages/explorer/SocialPage.tsx renders this surface (375x1396, 375 board), so it is implemented; the measured work remaining is the whole frame. this lane's file.
Explorer > Tokens 1VH [5675-131659]	partial	src/pages/explorer/TokenListPage.tsx	/explorer/tokens	FIRST PASS, NOT OPENED THIS WAVE: the route is live and src/pages/explorer/TokenListPage.tsx renders this surface (1440x1399, 1440 board), so it is implemented; the measured work remaining is the whole frame. this lane's file.
Explorer > Tokens 1VH [5694-140556]	partial	src/pages/explorer/TokenListPage.tsx	/explorer/tokens	FIRST PASS, NOT OPENED THIS WAVE: the route is live and src/pages/explorer/TokenListPage.tsx renders this surface (1440x1399, 1440 board), so it is implemented; the measured work remaining is the whole frame. this lane's file.
Explorer > Tokens [11997-242875]	partial	src/pages/explorer/TokenListPage.tsx	/explorer/tokens	FIRST PASS, NOT OPENED THIS WAVE: the route is live and src/pages/explorer/TokenListPage.tsx renders this surface (768x1087, 768 board), so it is implemented; the measured work remaining is the whole frame. this lane's file.
Explorer > Tokens [11998-251087]	partial	src/pages/explorer/TokenListPage.tsx	/explorer/tokens	FIRST PASS, NOT OPENED THIS WAVE: the route is live and src/pages/explorer/TokenListPage.tsx renders this surface (768x1308, 768 board), so it is implemented; the measured work remaining is the whole frame. this lane's file.
Explorer > Tokens [11998-350745]	partial	src/pages/explorer/TokenListPage.tsx	/explorer/tokens	FIRST PASS, NOT OPENED THIS WAVE: the route is live and src/pages/explorer/TokenListPage.tsx renders this surface (375x1204, 375 board), so it is implemented; the measured work remaining is the whole frame. this lane's file.
Explorer > Tokens [12000-359408]	partial	src/pages/explorer/TokenListPage.tsx	/explorer/tokens	FIRST PASS, NOT OPENED THIS WAVE: the route is live and src/pages/explorer/TokenListPage.tsx renders this surface (375x1154, 375 board), so it is implemented; the measured work remaining is the whole frame. this lane's file.
Explorer > Transactions 1VH [5689-136235]	partial	src/pages/explorer/TransactionListPage.tsx	/explorer/txs (ExplorerRoutes.tsx:55)	FIRST PASS, NOT OPENED THIS WAVE: the route is live and src/pages/explorer/TransactionListPage.tsx renders this surface (1440x1301, 1440 board), so it is implemented; the measured work remaining is the whole frame. this lane's file.
Explorer > Transactions 1VH [11998-246468]	partial	src/pages/explorer/TransactionListPage.tsx	/explorer/txs (ExplorerRoutes.tsx:55)	FIRST PASS, NOT OPENED THIS WAVE: the route is live and src/pages/explorer/TransactionListPage.tsx renders this surface (768x1024, 768 board), so it is implemented; the measured work remaining is the whole frame. this lane's file.
Explorer > Transactions [11998-354592]	partial	src/pages/explorer/TransactionListPage.tsx	/explorer/txs (ExplorerRoutes.tsx:55)	FIRST PASS, NOT OPENED THIS WAVE: the route is live and src/pages/explorer/TransactionListPage.tsx renders this surface (375x978, 375 board), so it is implemented; the measured work remaining is the whole frame. this lane's file.
Governance > Proposals > About 1VH [5389-78508]	partial	src/pages/defi/GovernanceAbout.tsx	/governance (About tab)	FIRST PASS, NOT OPENED THIS WAVE: the route is live and src/pages/defi/GovernanceAbout.tsx renders this surface (1440x900, 1440 board), so it is implemented; the measured work remaining is the whole frame. this lane's file.
Governance > Proposals > About 1VH [11902-124936]	partial	src/pages/defi/GovernanceAbout.tsx	/governance (About tab)	FIRST PASS, NOT OPENED THIS WAVE: the route is live and src/pages/defi/GovernanceAbout.tsx renders this surface (768x1024, 768 board), so it is implemented; the measured work remaining is the whole frame. this lane's file.
Governance > Proposals > About [11917-140159]	partial	src/pages/defi/GovernanceAbout.tsx	/governance (About tab)	FIRST PASS, NOT OPENED THIS WAVE: the route is live and src/pages/defi/GovernanceAbout.tsx renders this surface (375x1024, 375 board), so it is implemented; the measured work remaining is the whole frame. this lane's file.
Governance 1VH [5370-61920]	partial	src/pages/defi/Governance.tsx	/governance (App.tsx:1592)	FIRST PASS, NOT OPENED THIS WAVE: the route is live and src/pages/defi/Governance.tsx renders this surface (1440x900, 1440 board), so it is implemented; the measured work remaining is the whole frame. this lane's file.
Governance 1VH [11900-108870]	partial	src/pages/defi/Governance.tsx	/governance (App.tsx:1592)	FIRST PASS, NOT OPENED THIS WAVE: the route is live and src/pages/defi/Governance.tsx renders this surface (768x1024, 768 board), so it is implemented; the measured work remaining is the whole frame. this lane's file.
Governance 1VH [11900-109506]	partial	src/pages/defi/Governance.tsx	/governance (App.tsx:1592)	FIRST PASS, NOT OPENED THIS WAVE: the route is live and src/pages/defi/Governance.tsx renders this surface (375x812, 375 board), so it is implemented; the measured work remaining is the whole frame. this lane's file.
Learn > Articles [5468-92781]	not-started	src/pages/help/HelpCenter.tsx	/help	No Articles surface exists under /learn (1440x2446); /help/:category is the Help Center, a different product. Nothing in src/components/learn draws an article list or editor.
Learn > Articles [11761-344888]	not-started	src/pages/help/HelpCenter.tsx	/help	No Articles surface exists under /learn (768x2331); /help/:category is the Help Center, a different product. Nothing in src/components/learn draws an article list or editor.
Learn > Articles [12141-450956]	not-started	src/pages/help/HelpCenter.tsx	/help	No Articles surface exists under /learn (375x3596); /help/:category is the Help Center, a different product. Nothing in src/components/learn draws an article list or editor.
Learn > Articles > Sample article [5477-97603]	not-started	src/pages/help/HelpCenter.tsx	/help	No Articles surface exists under /learn (1440x2888); /help/:category is the Help Center, a different product. Nothing in src/components/learn draws an article list or editor.
Learn > Articles > Sample article [11764-345696]	not-started	src/pages/help/HelpCenter.tsx	/help	No Articles surface exists under /learn (768x2331); /help/:category is the Help Center, a different product. Nothing in src/components/learn draws an article list or editor.
Learn > Articles > Sample article [12141-453076]	not-started	src/pages/help/HelpCenter.tsx	/help	No Articles surface exists under /learn (375x2916); /help/:category is the Help Center, a different product. Nothing in src/components/learn draws an article list or editor.
Leaderboard [5531-76408]	partial	src/pages/social/Leaderboard.tsx	/leaderboard	FIRST PASS, NOT OPENED THIS WAVE: the route is live and src/pages/social/Leaderboard.tsx renders this surface (1440x1616, 1440 board), so it is implemented; the measured work remaining is the whole frame. NOT this lane's file (measure and row only).
Leaderboard [11847-357151]	partial	src/pages/social/Leaderboard.tsx	/leaderboard	FIRST PASS, NOT OPENED THIS WAVE: the route is live and src/pages/social/Leaderboard.tsx renders this surface (768x1305, 768 board), so it is implemented; the measured work remaining is the whole frame. NOT this lane's file (measure and row only).
Leaderboard [11884-96408]	partial	src/pages/social/Leaderboard.tsx	/leaderboard	FIRST PASS, NOT OPENED THIS WAVE: the route is live and src/pages/social/Leaderboard.tsx renders this surface (375x1245, 375 board), so it is implemented; the measured work remaining is the whole frame. NOT this lane's file (measure and row only).
Leaderboard [11946-148523]	partial	src/pages/social/Leaderboard.tsx	/leaderboard	FIRST PASS, NOT OPENED THIS WAVE: the route is live and src/pages/social/Leaderboard.tsx renders this surface (375x1245, 375 board), so it is implemented; the measured work remaining is the whole frame. NOT this lane's file (measure and row only).
Leaderboard > Share portfolio 1VH [11302-129708]	partial	src/components/home-redesign/portfolio/SharePortfolioModal.tsx	/leaderboard - no entry point; the modal mounts only from PortfolioScreen	FIRST PASS, NOT OPENED THIS WAVE: the route is live and src/components/home-redesign/portfolio/SharePortfolioModal.tsx renders this surface (1440x900, 1440 board), so it is implemented; the measured work remaining is the whole frame. NOT this lane's file (measure and row only).
Leaderboard > Share portfolio 1VH [12082-425650]	partial	src/components/home-redesign/portfolio/SharePortfolioModal.tsx	/leaderboard - no entry point; the modal mounts only from PortfolioScreen	FIRST PASS, NOT OPENED THIS WAVE: the route is live and src/components/home-redesign/portfolio/SharePortfolioModal.tsx renders this surface (768x1024, 768 board), so it is implemented; the measured work remaining is the whole frame. NOT this lane's file (measure and row only).
Leaderboard > Share portfolio 1VH [12082-426150]	partial	src/components/home-redesign/portfolio/SharePortfolioModal.tsx	/leaderboard - no entry point; the modal mounts only from PortfolioScreen	FIRST PASS, NOT OPENED THIS WAVE: the route is live and src/components/home-redesign/portfolio/SharePortfolioModal.tsx renders this surface (375x812, 375 board), so it is implemented; the measured work remaining is the whole frame. NOT this lane's file (measure and row only).
Leaderboard > Share portfolio 1VH [12082-426533]	partial	src/components/home-redesign/portfolio/SharePortfolioModal.tsx	/leaderboard - no entry point; the modal mounts only from PortfolioScreen	FIRST PASS, NOT OPENED THIS WAVE: the route is live and src/components/home-redesign/portfolio/SharePortfolioModal.tsx renders this surface (375x960, 375 board), so it is implemented; the measured work remaining is the whole frame. NOT this lane's file (measure and row only).
Learn > Courses 1VH [5393-86875]	not-started	src/pages/learn/index.tsx	/learn	Carried from the section file. NOT this lane's file (measure and row only). FIRST PASS, NOT OPENED THIS WAVE.
Learn [5410-112561]	partial	src/pages/learn/index.tsx	/learn (App.tsx:1098)	FIRST PASS, NOT OPENED THIS WAVE: the route is live and src/pages/learn/index.tsx renders this surface (1440x3205, 1440 board), so it is implemented; the measured work remaining is the whole frame. NOT this lane's file (measure and row only).
Learn [11720-328046]	partial	src/pages/learn/index.tsx	/learn (App.tsx:1098)	FIRST PASS, NOT OPENED THIS WAVE: the route is live and src/pages/learn/index.tsx renders this surface (768x2635, 768 board), so it is implemented; the measured work remaining is the whole frame. NOT this lane's file (measure and row only).
Learn [11945-93362]	partial	src/pages/learn/index.tsx	/learn (App.tsx:1098)	FIRST PASS, NOT OPENED THIS WAVE: the route is live and src/pages/learn/index.tsx renders this surface (375x3122, 375 board), so it is implemented; the measured work remaining is the whole frame. NOT this lane's file (measure and row only).
Learn > Skai university > Create course [5460-87941]	partial	src/components/learn/CourseCreatorModal.tsx	/learn (community tab modal)	FIRST PASS, NOT OPENED THIS WAVE: the route is live and src/components/learn/CourseCreatorModal.tsx renders this surface (1440x2873, 1440 board), so it is implemented; the measured work remaining is the whole frame. this lane's file.
Learn > Skai university > Create course - Step 2 [11343-142862]	partial	src/components/learn/CourseCreatorModal.tsx	/learn (community tab modal)	FIRST PASS, NOT OPENED THIS WAVE: the route is live and src/components/learn/CourseCreatorModal.tsx renders this surface (1440x1040, 1440 board), so it is implemented; the measured work remaining is the whole frame. this lane's file.
Learn > Skai university > Create course [11752-340049]	partial	src/components/learn/CourseCreatorModal.tsx	/learn (community tab modal)	FIRST PASS, NOT OPENED THIS WAVE: the route is live and src/components/learn/CourseCreatorModal.tsx renders this surface (768x2583, 768 board), so it is implemented; the measured work remaining is the whole frame. this lane's file.
Learn > Skai university > Create course - Step 2 1VH [11759-341556]	partial	src/components/learn/CourseCreatorModal.tsx	/learn (community tab modal)	FIRST PASS, NOT OPENED THIS WAVE: the route is live and src/components/learn/CourseCreatorModal.tsx renders this surface (768x1024, 768 board), so it is implemented; the measured work remaining is the whole frame. this lane's file.
Learn > Skai university > Create course - preview 1VH [11752-340430]	partial	src/components/learn/CourseCreatorModal.tsx	/learn (community tab modal)	FIRST PASS, NOT OPENED THIS WAVE: the route is live and src/components/learn/CourseCreatorModal.tsx renders this surface (768x1024, 768 board), so it is implemented; the measured work remaining is the whole frame. this lane's file.
Learn > Skai university > Create course - preview 1VH [11752-340994]	partial	src/components/learn/CourseCreatorModal.tsx	/learn (community tab modal)	FIRST PASS, NOT OPENED THIS WAVE: the route is live and src/components/learn/CourseCreatorModal.tsx renders this surface (768x1024, 768 board), so it is implemented; the measured work remaining is the whole frame. this lane's file.
Learn > Skai university > Create course [11942-143538]	partial	src/components/learn/CourseCreatorModal.tsx	/learn (community tab modal)	FIRST PASS, NOT OPENED THIS WAVE: the route is live and src/components/learn/CourseCreatorModal.tsx renders this surface (375x2733, 375 board), so it is implemented; the measured work remaining is the whole frame. this lane's file.
Learn > Skai university > Create course - Step 2 [11943-145177]	partial	src/components/learn/CourseCreatorModal.tsx	/learn (community tab modal)	FIRST PASS, NOT OPENED THIS WAVE: the route is live and src/components/learn/CourseCreatorModal.tsx renders this surface (375x832, 375 board), so it is implemented; the measured work remaining is the whole frame. this lane's file.
Learn > Skai university > Create course - preview 1VH [11943-143981]	partial	src/components/learn/CourseCreatorModal.tsx	/learn (community tab modal)	FIRST PASS, NOT OPENED THIS WAVE: the route is live and src/components/learn/CourseCreatorModal.tsx renders this surface (375x812, 375 board), so it is implemented; the measured work remaining is the whole frame. this lane's file.
Learn > Skai university > Create course - preview 1VH [11943-144590]	partial	src/components/learn/CourseCreatorModal.tsx	/learn (community tab modal)	FIRST PASS, NOT OPENED THIS WAVE: the route is live and src/components/learn/CourseCreatorModal.tsx renders this surface (375x812, 375 board), so it is implemented; the measured work remaining is the whole frame. this lane's file.
Learn > Skai university > Sample course [5442-42904]	partial	src/components/learn/CommunityCourseCard.tsx	/learn (inline accordion)	FIRST PASS, NOT OPENED THIS WAVE: the route is live and src/components/learn/CommunityCourseCard.tsx renders this surface (1440x2446, 1440 board), so it is implemented; the measured work remaining is the whole frame. this lane's file.
Learn > Skai university > Sample course 1VH [11731-334110]	partial	src/components/learn/CommunityCourseCard.tsx	/learn (inline accordion)	FIRST PASS, NOT OPENED THIS WAVE: the route is live and src/components/learn/CommunityCourseCard.tsx renders this surface (768x1024, 768 board), so it is implemented; the measured work remaining is the whole frame. this lane's file.
Learn > Skai university > Sample course [11731-334391]	partial	src/components/learn/CommunityCourseCard.tsx	/learn (inline accordion)	FIRST PASS, NOT OPENED THIS WAVE: the route is live and src/components/learn/CommunityCourseCard.tsx renders this surface (768x2524, 768 board), so it is implemented; the measured work remaining is the whole frame. this lane's file.
Learn > Skai university > Sample course [11894-105984]	partial	src/components/learn/CommunityCourseCard.tsx	/learn (inline accordion)	FIRST PASS, NOT OPENED THIS WAVE: the route is live and src/components/learn/CommunityCourseCard.tsx renders this surface (375x2350, 375 board), so it is implemented; the measured work remaining is the whole frame. this lane's file.
Learn > Skai university > Sample course 1VH [11894-106261]	partial	src/components/learn/CommunityCourseCard.tsx	/learn (inline accordion)	FIRST PASS, NOT OPENED THIS WAVE: the route is live and src/components/learn/CommunityCourseCard.tsx renders this surface (375x812, 375 board), so it is implemented; the measured work remaining is the whole frame. this lane's file.
Learn > Courses 1VH [11720-328489]	partial	src/pages/learn/index.tsx	/learn (tab, no URL)	FIRST PASS, NOT OPENED THIS WAVE: the route is live and src/pages/learn/index.tsx renders this surface (768x1024, 768 board), so it is implemented; the measured work remaining is the whole frame. NOT this lane's file (measure and row only).
Learn > Courses 1VH [11893-101461]	partial	src/pages/learn/index.tsx	/learn (tab, no URL)	FIRST PASS, NOT OPENED THIS WAVE: the route is live and src/pages/learn/index.tsx renders this surface (375x812, 375 board), so it is implemented; the measured work remaining is the whole frame. NOT this lane's file (measure and row only).
Learn > Getting started with crypto [5467-91593]	partial	src/components/learn/lessonsData.ts	/learn#what-is-skai-chain	FIRST PASS, NOT OPENED THIS WAVE: the route is live and src/components/learn/lessonsData.ts renders this surface (1440x2655, 1440 board), so it is implemented; the measured work remaining is the whole frame. this lane's file.
Learn > Getting started with crypto [11759-342393]	partial	src/components/learn/lessonsData.ts	/learn#what-is-skai-chain	FIRST PASS, NOT OPENED THIS WAVE: the route is live and src/components/learn/lessonsData.ts renders this surface (768x2028, 768 board), so it is implemented; the measured work remaining is the whole frame. this lane's file.
Learn > Getting started with crypto [12141-451132]	partial	src/components/learn/lessonsData.ts	/learn#what-is-skai-chain	FIRST PASS, NOT OPENED THIS WAVE: the route is live and src/components/learn/lessonsData.ts renders this surface (375x1774, 375 board), so it is implemented; the measured work remaining is the whole frame. this lane's file.
Account > Account settings > Private key [5529-73867]	partial	src/components/home-redesign/portfolio/ExportKeyModal.tsx	/portfolio (App.tsx:1596)	FIRST PASS, NOT OPENED THIS WAVE: the route is live and src/components/home-redesign/portfolio/ExportKeyModal.tsx renders this surface (1440x978, 1440 board), so it is implemented; the measured work remaining is the whole frame. NOT this lane's file (measure and row only).
Account > Account settings > Private key - step 2 [5529-76029]	partial	src/components/home-redesign/portfolio/ExportKeyModal.tsx	/portfolio (App.tsx:1596)	FIRST PASS, NOT OPENED THIS WAVE: the route is live and src/components/home-redesign/portfolio/ExportKeyModal.tsx renders this surface (1440x978, 1440 board), so it is implemented; the measured work remaining is the whole frame. NOT this lane's file (measure and row only).
Account > Account settings > Private key 1VH [11884-94667]	partial	src/components/home-redesign/portfolio/ExportKeyModal.tsx	/portfolio (App.tsx:1596)	FIRST PASS, NOT OPENED THIS WAVE: the route is live and src/components/home-redesign/portfolio/ExportKeyModal.tsx renders this surface (375x812, 375 board), so it is implemented; the measured work remaining is the whole frame. NOT this lane's file (measure and row only).
Account > Account settings > Private key 1VH [11846-355837]	partial	src/components/home-redesign/portfolio/ExportKeyModal.tsx	/portfolio (App.tsx:1596)	FIRST PASS, NOT OPENED THIS WAVE: the route is live and src/components/home-redesign/portfolio/ExportKeyModal.tsx renders this surface (768x1024, 768 board), so it is implemented; the measured work remaining is the whole frame. NOT this lane's file (measure and row only).
Account > Account settings > Private key - step 2 1VH [11846-356139]	partial	src/components/home-redesign/portfolio/ExportKeyModal.tsx	/portfolio (App.tsx:1596)	FIRST PASS, NOT OPENED THIS WAVE: the route is live and src/components/home-redesign/portfolio/ExportKeyModal.tsx renders this surface (768x1024, 768 board), so it is implemented; the measured work remaining is the whole frame. NOT this lane's file (measure and row only).
Account > Account settings > Private key - step 2 1VH [11884-95322]	partial	src/components/home-redesign/portfolio/ExportKeyModal.tsx	/portfolio (App.tsx:1596)	FIRST PASS, NOT OPENED THIS WAVE: the route is live and src/components/home-redesign/portfolio/ExportKeyModal.tsx renders this surface (375x812, 375 board), so it is implemented; the measured work remaining is the whole frame. NOT this lane's file (measure and row only).
Rewards [5531-77640]	partial	src/components/rewards/ReferralsSection.tsx	/referral (App.tsx:1216)	FIRST PASS, NOT OPENED THIS WAVE: the route is live and src/components/rewards/ReferralsSection.tsx renders this surface (1440x2153, 1440 board), so it is implemented; the measured work remaining is the whole frame. NOT this lane's file (measure and row only).
Rewards > My referrals [5534-92868]	partial	src/components/rewards/ReferralsSection.tsx	/rewards?tab=referrals (App.tsx:1811), also /referral (App.tsx:1216)	FIRST PASS, NOT OPENED THIS WAVE: the route is live and src/components/rewards/ReferralsSection.tsx renders this surface (1440x1938, 1440 board), so it is implemented; the measured work remaining is the whole frame. NOT this lane's file (measure and row only).
Rewards > My referrals - empty [11303-133324]	partial	src/components/rewards/ReferralsSection.tsx	/rewards?tab=referrals (App.tsx:1811), also /referral (App.tsx:1216)	FIRST PASS, NOT OPENED THIS WAVE: the route is live and src/components/rewards/ReferralsSection.tsx renders this surface (1440x1938, 1440 board), so it is implemented; the measured work remaining is the whole frame. NOT this lane's file (measure and row only).
Rewards [11872-41908]	partial	src/components/rewards/ReferralsSection.tsx	/rewards?tab=referrals (App.tsx:1811), also /referral (App.tsx:1216)	FIRST PASS, NOT OPENED THIS WAVE: the route is live and src/components/rewards/ReferralsSection.tsx renders this surface (768x1597, 768 board), so it is implemented; the measured work remaining is the whole frame. NOT this lane's file (measure and row only).
Rewards > My referrals [11872-42520]	partial	src/components/rewards/ReferralsSection.tsx	/rewards?tab=referrals (App.tsx:1811), also /referral (App.tsx:1216)	FIRST PASS, NOT OPENED THIS WAVE: the route is live and src/components/rewards/ReferralsSection.tsx renders this surface (768x1181, 768 board), so it is implemented; the measured work remaining is the whole frame. NOT this lane's file (measure and row only).
Rewards > My referrals - empty [11872-43820]	partial	src/components/rewards/ReferralsSection.tsx	/rewards?tab=referrals (App.tsx:1811), also /referral (App.tsx:1216)	FIRST PASS, NOT OPENED THIS WAVE: the route is live and src/components/rewards/ReferralsSection.tsx renders this surface (768x1154, 768 board), so it is implemented; the measured work remaining is the whole frame. NOT this lane's file (measure and row only).
Rewards [11885-98503]	partial	src/components/rewards/ReferralsSection.tsx	/rewards?tab=referrals (App.tsx:1811), also /referral (App.tsx:1216)	FIRST PASS, NOT OPENED THIS WAVE: the route is live and src/components/rewards/ReferralsSection.tsx renders this surface (375x1825, 375 board), so it is implemented; the measured work remaining is the whole frame. NOT this lane's file (measure and row only).
Rewards > My referrals [11885-99426]	partial	src/components/rewards/ReferralsSection.tsx	/rewards?tab=referrals (App.tsx:1811), also /referral (App.tsx:1216)	FIRST PASS, NOT OPENED THIS WAVE: the route is live and src/components/rewards/ReferralsSection.tsx renders this surface (375x1418, 375 board), so it is implemented; the measured work remaining is the whole frame. NOT this lane's file (measure and row only).
Rewards > My referrals - empty [11885-100111]	partial	src/components/rewards/ReferralsSection.tsx	/rewards?tab=referrals (App.tsx:1811), also /referral (App.tsx:1216)	FIRST PASS, NOT OPENED THIS WAVE: the route is live and src/components/rewards/ReferralsSection.tsx renders this surface (375x1408, 375 board), so it is implemented; the measured work remaining is the whole frame. NOT this lane's file (measure and row only).
Rewards [11885-98886]	partial	src/components/rewards/ReferralsSection.tsx	/rewards?tab=referrals (App.tsx:1811), also /referral (App.tsx:1216)	FIRST PASS, NOT OPENED THIS WAVE: the route is live and src/components/rewards/ReferralsSection.tsx renders this surface (375x1767, 375 board), so it is implemented; the measured work remaining is the whole frame. NOT this lane's file (measure and row only).
Earn > Sample opportunity - liquidity [10841-138986]	blocked-on-backend	src/pages/earn/	-	Carried from the section file: built or buildable but no source exists. NOT this lane's file (measure and row only). FIRST PASS, NOT OPENED THIS WAVE.
Earn > My positions > Update position [11135-77182]	blocked-on-backend	src/pages/earn/	-	Carried from the section file: built or buildable but no source exists. NOT this lane's file (measure and row only). FIRST PASS, NOT OPENED THIS WAVE.
Earn > Sample opportunity - liquidity > Add liquidity [10852-361479]	blocked-on-backend	src/pages/earn/	-	Carried from the section file: built or buildable but no source exists. NOT this lane's file (measure and row only). FIRST PASS, NOT OPENED THIS WAVE.
Earn > Stake [5243-74665]	not-started	src/pages/defi/Earn.tsx	/earn	No Stake flow exists under /earn (1440x900); the opportunities tab lists cards and no per-opportunity action. Nearest: no nearest file recorded.
Earn > Stake > confirm stake [5243-76144]	not-started	src/pages/defi/Earn.tsx	/earn	No Stake flow exists under /earn (1440x900); the opportunities tab lists cards and no per-opportunity action. Nearest: no nearest file recorded.
Earn > Sample opportunity - liquidity > Add liquidity > Confirm liquidity add [11128-107161]	blocked-on-backend	src/pages/earn/	-	Carried from the section file: built or buildable but no source exists. NOT this lane's file (measure and row only). FIRST PASS, NOT OPENED THIS WAVE.
Airdrop - not eligible > wallets 1VH [11206-98479]	not-started	src/pages/Airdrop.tsx	/airdrop	No wallets sub-panel on the not-eligible state (1440x900). src/pages/Airdrop.tsx is not this lane's file.
Explorer > Address > Staking (375 x 812px)) [11998-346238]	not-started	src/pages/explorer/AddressDetailPage.tsx	/explorer/address/:address	No such tab on the address page (375x1476). The page draws Overview / Holdings / Lending only. A staking-positions read per address is needed first; whether the chain RPC exposes one was not verified this wave.
Airdrop - not eligible > wallets 1VH [11667-310237]	not-started	src/pages/Airdrop.tsx	/airdrop	No wallets sub-panel on the not-eligible state (768x1024). src/pages/Airdrop.tsx is not this lane's file.
Airdrop - not eligible > wallets 1VH [11667-310501]	not-started	src/pages/Airdrop.tsx	/airdrop	No wallets sub-panel on the not-eligible state (375x812). src/pages/Airdrop.tsx is not this lane's file.
Earn > Stake 1VH [11972-152545]	not-started	src/pages/defi/Earn.tsx	/earn	No Stake flow exists under /earn (768x1024); the opportunities tab lists cards and no per-opportunity action. Nearest: there is none.
Earn > Stake > confirm stake 1VH [11972-153216]	not-started	src/pages/defi/Earn.tsx	/earn	No Stake flow exists under /earn (768x1024); the opportunities tab lists cards and no per-opportunity action. Nearest: there is none.
Earn > Stake 1VH [12003-383790]	not-started	src/pages/defi/Earn.tsx	/earn	No Stake flow exists under /earn (375x812); the opportunities tab lists cards and no per-opportunity action. Nearest: there is none.
Earn > Stake > confirm stake 1VH [12003-384268]	not-started	src/pages/defi/Earn.tsx	/earn	No Stake flow exists under /earn (375x812); the opportunities tab lists cards and no per-opportunity action. Nearest: there is none.
Governance > Proposals > Delegation > Delegate modal 1VH (375 x 812px)) [11907-138358]	not-started	src/pages/defi/Governance.tsx	/governance	No delegation modal exists on /governance (375x812). Nearest: src/pages/defi/Governance.tsx (this lane's file); a delegate write path on the chain was not verified this wave.
Explorer > Address > Staking 1VH [5662-124997]	not-started	src/pages/explorer/AddressDetailPage.tsx	/explorer/address/:address	No such tab on the address page (1440x1236). The page draws Overview / Holdings / Lending only. A staking-positions read per address is needed first; whether the chain RPC exposes one was not verified this wave.
Explorer > Address > Perps 1VH [5661-118252]	not-started	src/pages/explorer/AddressDetailPage.tsx	/explorer/address/:address	No such tab on the address page (1440x1330). The page draws Overview / Holdings / Lending only. A perp-positions read per address is needed first; whether the chain RPC exposes one was not verified this wave.
Explorer > Address > Orders 1VH [5662-120139]	not-started	src/pages/explorer/AddressDetailPage.tsx	/explorer/address/:address	No such tab on the address page (1440x1330). The page draws Overview / Holdings / Lending only. A open-orders read per address is needed first; whether the chain RPC exposes one was not verified this wave.
Explorer > Address > Orders 1VH [5662-122540]	not-started	src/pages/explorer/AddressDetailPage.tsx	/explorer/address/:address	No such tab on the address page (1440x1330). The page draws Overview / Holdings / Lending only. A open-orders read per address is needed first; whether the chain RPC exposes one was not verified this wave.
Explorer > Address > Others 1VH [5664-127738]	not-started	src/pages/explorer/AddressDetailPage.tsx	/explorer/address/:address	No such tab on the address page (1440x1757). The page draws Overview / Holdings / Lending only. A misc read per address is needed first; whether the chain RPC exposes one was not verified this wave.
Learn > Skai university 1VH [5411-117451]	not-started	src/pages/learn/index.tsx	/learn	No Skai university surface exists (1440x900); /learn renders lessons and a community tab only. Nearest: there is none.
Learn > Skai university > Purchase modal 1VH [5443-69711]	not-started	src/pages/learn/index.tsx	/learn	No Skai university surface exists (1440x900); /learn renders lessons and a community tab only. Nearest: there is none.
Learn > Skai university - about [5442-39147]	not-started	src/pages/learn/index.tsx	/learn	No Skai university surface exists (1440x1455); /learn renders lessons and a community tab only. Nearest: there is none.
Learn > Skai university > Sample course > Purchased [5443-69253]	not-started	src/pages/learn/index.tsx	/learn	No Skai university surface exists (1440x1960); /learn renders lessons and a community tab only. Nearest: there is none.
Learn > Skai university > Sample course > Purchased [5446-86451]	not-started	src/pages/learn/index.tsx	/learn	No Skai university surface exists (1440x1661); /learn renders lessons and a community tab only. Nearest: there is none.
Learn > Articles > Create article - empty [5480-20528]	not-started	src/pages/help/HelpCenter.tsx	/help	No Articles surface exists under /learn (1440x900); /help/:category is the Help Center, a different product. Nothing in src/components/learn draws an article list or editor.
Learn > Articles > Create article [5480-21556]	not-started	src/pages/help/HelpCenter.tsx	/help	No Articles surface exists under /learn (1440x900); /help/:category is the Help Center, a different product. Nothing in src/components/learn draws an article list or editor.
Learn > Articles > Create article [5480-21885]	not-started	src/pages/help/HelpCenter.tsx	/help	No Articles surface exists under /learn (1440x1692); /help/:category is the Help Center, a different product. Nothing in src/components/learn draws an article list or editor.
Learn > Skai university > Sample course > Purchased > Sample video [5446-83004]	not-started	src/pages/learn/index.tsx	/learn	No Skai university surface exists (1440x1410); /learn renders lessons and a community tab only. Nearest: there is none.
Learn > Skai university > Sample course > Purchased > Sample video - show transcript [5446-85963]	not-started	src/pages/learn/index.tsx	/learn	No Skai university surface exists (1440x1779); /learn renders lessons and a community tab only. Nearest: there is none.
Governance > Proposals > Delegation > Delegate modal 1VH [5385-75416]	not-started	src/pages/defi/Governance.tsx	/governance	No delegation modal exists on /governance (1440x900). Nearest: src/pages/defi/Governance.tsx (this lane's file); a delegate write path on the chain was not verified this wave.
Learn > Skai university > Articles 1VH [5480-22549]	not-started	src/pages/learn/index.tsx	/learn	No Skai university surface exists (1440x900); /learn renders lessons and a community tab only. Nearest: there is none.
Explorer > Address > Perps [11991-234861]	not-started	src/pages/explorer/AddressDetailPage.tsx	/explorer/address/:address	No such tab on the address page (768x1490). The page draws Overview / Holdings / Lending only. A perp-positions read per address is needed first; whether the chain RPC exposes one was not verified this wave.
Explorer > Address > Orders [11991-236086]	not-started	src/pages/explorer/AddressDetailPage.tsx	/explorer/address/:address	No such tab on the address page (768x1558). The page draws Overview / Holdings / Lending only. A open-orders read per address is needed first; whether the chain RPC exposes one was not verified this wave.
Explorer > Address > Orders [11991-237411]	not-started	src/pages/explorer/AddressDetailPage.tsx	/explorer/address/:address	No such tab on the address page (768x1343). The page draws Overview / Holdings / Lending only. A open-orders read per address is needed first; whether the chain RPC exposes one was not verified this wave.
Explorer > Address > Staking [11992-238368]	not-started	src/pages/explorer/AddressDetailPage.tsx	/explorer/address/:address	No such tab on the address page (768x1380). The page draws Overview / Holdings / Lending only. A staking-positions read per address is needed first; whether the chain RPC exposes one was not verified this wave.
Explorer > Address > Others [11992-239733]	not-started	src/pages/explorer/AddressDetailPage.tsx	/explorer/address/:address	No such tab on the address page (768x1925). The page draws Overview / Holdings / Lending only. A misc read per address is needed first; whether the chain RPC exposes one was not verified this wave.
Explorer > Address > Perps [11998-342710]	not-started	src/pages/explorer/AddressDetailPage.tsx	/explorer/address/:address	No such tab on the address page (375x1502). The page draws Overview / Holdings / Lending only. A perp-positions read per address is needed first; whether the chain RPC exposes one was not verified this wave.
Explorer > Address > Orders [11998-343923]	not-started	src/pages/explorer/AddressDetailPage.tsx	/explorer/address/:address	No such tab on the address page (375x1568). The page draws Overview / Holdings / Lending only. A open-orders read per address is needed first; whether the chain RPC exposes one was not verified this wave.
Explorer > Address > Orders [11998-345258]	not-started	src/pages/explorer/AddressDetailPage.tsx	/explorer/address/:address	No such tab on the address page (375x1342). The page draws Overview / Holdings / Lending only. A open-orders read per address is needed first; whether the chain RPC exposes one was not verified this wave.
Explorer > Address > Others [11998-347934]	not-started	src/pages/explorer/AddressDetailPage.tsx	/explorer/address/:address	No such tab on the address page (375x2136). The page draws Overview / Holdings / Lending only. A misc read per address is needed first; whether the chain RPC exposes one was not verified this wave.
Learn > Articles > Create article - empty 1VH [11764-347374]	not-started	src/pages/help/HelpCenter.tsx	/help	No Articles surface exists under /learn (768x1024); /help/:category is the Help Center, a different product. Nothing in src/components/learn draws an article list or editor.
Learn > Articles > Create article 1VH [11764-347974]	not-started	src/pages/help/HelpCenter.tsx	/help	No Articles surface exists under /learn (768x1024); /help/:category is the Help Center, a different product. Nothing in src/components/learn draws an article list or editor.
Learn > Articles > Create article [11764-348102]	not-started	src/pages/help/HelpCenter.tsx	/help	No Articles surface exists under /learn (768x1409); /help/:category is the Help Center, a different product. Nothing in src/components/learn draws an article list or editor.
Governance > Proposals > Delegation > Delegate modal 1VH [11902-123338]	not-started	src/pages/defi/Governance.tsx	/governance	No delegation modal exists on /governance (768x1024). Nearest: src/pages/defi/Governance.tsx (this lane's file); a delegate write path on the chain was not verified this wave.
Learn > Skai university - about [11720-329924]	not-started	src/pages/learn/index.tsx	/learn	No Skai university surface exists (768x1510); /learn renders lessons and a community tab only. Nearest: there is none.
Learn > Skai university > Purchase modal 1VH [11731-334936]	not-started	src/pages/learn/index.tsx	/learn	No Skai university surface exists (768x1024); /learn renders lessons and a community tab only. Nearest: there is none.
Learn > Skai university > Sample course > Purchased > Sample video 1VH [11743-337927]	not-started	src/pages/learn/index.tsx	/learn	No Skai university surface exists (768x1024); /learn renders lessons and a community tab only. Nearest: there is none.
Learn > Skai university > Sample course > Purchased > Sample video - show transcript [11743-338537]	not-started	src/pages/learn/index.tsx	/learn	No Skai university surface exists (768x1247); /learn renders lessons and a community tab only. Nearest: there is none.
Learn > Skai university > Sample course > Purchased [11736-336798]	not-started	src/pages/learn/index.tsx	/learn	No Skai university surface exists (768x1856); /learn renders lessons and a community tab only. Nearest: there is none.
Learn > Skai university > Sample course > Purchased [11747-338776]	not-started	src/pages/learn/index.tsx	/learn	No Skai university surface exists (768x1247); /learn renders lessons and a community tab only. Nearest: there is none.
Learn > Skai university - about 1VH [11720-330741]	not-started	src/pages/learn/index.tsx	/learn	No Skai university surface exists (768x1024); /learn renders lessons and a community tab only. Nearest: there is none.
Learn > Skai university - courses [11730-332652]	not-started	src/pages/learn/index.tsx	/learn	No Skai university surface exists (768x1127); /learn renders lessons and a community tab only. Nearest: there is none.
Learn > Skai university - courses 1VH [11730-332229]	not-started	src/pages/learn/index.tsx	/learn	No Skai university surface exists (768x1024); /learn renders lessons and a community tab only. Nearest: there is none.
Learn > Skai university > Articles [11764-348558]	not-started	src/pages/learn/index.tsx	/learn	No Skai university surface exists (768x1127); /learn renders lessons and a community tab only. Nearest: there is none.
Learn > Articles > Create article - empty 1VH [12141-453691]	not-started	src/pages/help/HelpCenter.tsx	/help	No Articles surface exists under /learn (375x812); /help/:category is the Help Center, a different product. Nothing in src/components/learn draws an article list or editor.
Learn > Articles > Create article [12141-454982]	not-started	src/pages/help/HelpCenter.tsx	/help	No Articles surface exists under /learn (375x1350); /help/:category is the Help Center, a different product. Nothing in src/components/learn draws an article list or editor.
Learn > Articles > Create article 1VH [12141-454200]	not-started	src/pages/help/HelpCenter.tsx	/help	No Articles surface exists under /learn (375x812); /help/:category is the Help Center, a different product. Nothing in src/components/learn draws an article list or editor.
Learn > Skai university - about [11894-102948]	not-started	src/pages/learn/index.tsx	/learn	No Skai university surface exists (375x1376); /learn renders lessons and a community tab only. Nearest: there is none.
Learn > Skai university > Sample course > Purchased [11897-108098]	not-started	src/pages/learn/index.tsx	/learn	No Skai university surface exists (375x2280); /learn renders lessons and a community tab only. Nearest: there is none.
Learn > Skai university > Sample course > Purchased [11939-142514]	not-started	src/pages/learn/index.tsx	/learn	No Skai university surface exists (375x1282); /learn renders lessons and a community tab only. Nearest: there is none.
Learn > Skai university > Sample course > Purchased > Sample video 1VH [11939-141290]	not-started	src/pages/learn/index.tsx	/learn	No Skai university surface exists (375x812); /learn renders lessons and a community tab only. Nearest: there is none.
Learn > Skai university > Sample course > Purchased > Sample video - show transcript [11945-94473]	not-started	src/pages/learn/index.tsx	/learn	No Skai university surface exists (375x1137); /learn renders lessons and a community tab only. Nearest: there is none.
Learn > Skai university > Purchase modal 1VH [11896-106898]	not-started	src/pages/learn/index.tsx	/learn	No Skai university surface exists (375x812); /learn renders lessons and a community tab only. Nearest: there is none.
Learn > Skai university - courses [11894-103839]	not-started	src/pages/learn/index.tsx	/learn	No Skai university surface exists (375x1773); /learn renders lessons and a community tab only. Nearest: there is none.
Learn > Skai university > Articles [12141-455088]	not-started	src/pages/learn/index.tsx	/learn	No Skai university surface exists (375x1824); /learn renders lessons and a community tab only. Nearest: there is none.
Learn > Skai university 1VH [11894-104173]	not-started	src/pages/learn/index.tsx	/learn	No Skai university surface exists (375x812); /learn renders lessons and a community tab only. Nearest: there is none.
Learn > Skai university 1VH [11894-104346]	not-started	src/pages/learn/index.tsx	/learn	No Skai university surface exists (375x812); /learn renders lessons and a community tab only. Nearest: there is none.
Earn > Faucet > Winners > Share outcome 1VH [12225-461211]	not-started	nearest	blocked - no share affordance on the lottery	No implementing code (768x1024). Nearest: nearest is src/components/home-redesign/portfolio/SharePortfolioModal.tsx, which is a different card and a different trigger. FIRST PASS, NOT OPENED THIS WAVE.
Earn > Faucet > Winners > Share outcome 1VH [12225-462288]	not-started	nearest	blocked - no share affordance on the lottery	No implementing code (375x812). Nearest: nearest is src/components/home-redesign/portfolio/SharePortfolioModal.tsx, which is a different card and a different trigger. FIRST PASS, NOT OPENED THIS WAVE.
Earn > Faucet > Winners > Share outcome [12225-462758]	not-started	nearest	blocked - no share affordance on the lottery	No implementing code (375x960). Nearest: nearest is src/components/home-redesign/portfolio/SharePortfolioModal.tsx, which is a different card and a different trigger. FIRST PASS, NOT OPENED THIS WAVE.
Earn > My positions > View details 1VH [11978-169460]	not-started	neither	blocked - no trigger exists	No implementing code (768x1024). Nearest: neither the Activity table nor the details drawer is built. FIRST PASS, NOT OPENED THIS WAVE.
Earn > My positions > View details 1VH [12003-387432]	not-started	neither	blocked - no trigger exists	No implementing code (375x812). Nearest: neither the Activity table nor the details drawer is built. FIRST PASS, NOT OPENED THIS WAVE.
Account > Performance overview > Share networth [11267-123785]	partial	src/components/home-redesign/portfolio/SharePortfolioModal.tsx	blocked on 5523-103993	FIRST PASS, NOT OPENED THIS WAVE: the route is live and src/components/home-redesign/portfolio/SharePortfolioModal.tsx renders this surface (1440x900, 1440 board), so it is implemented; the measured work remaining is the whole frame. NOT this lane's file (measure and row only).
Account > Performance overview > Share networth 1VH [12082-420596]	partial	src/components/home-redesign/portfolio/SharePortfolioModal.tsx	blocked on 5523-103993	FIRST PASS, NOT OPENED THIS WAVE: the route is live and src/components/home-redesign/portfolio/SharePortfolioModal.tsx renders this surface (375x812, 375 board), so it is implemented; the measured work remaining is the whole frame. NOT this lane's file (measure and row only).
Account > Performance overview > Share networth 1VH [12082-421041]	partial	src/components/home-redesign/portfolio/SharePortfolioModal.tsx	blocked on 5523-103993	FIRST PASS, NOT OPENED THIS WAVE: the route is live and src/components/home-redesign/portfolio/SharePortfolioModal.tsx renders this surface (375x960, 375 board), so it is implemented; the measured work remaining is the whole frame. NOT this lane's file (measure and row only).
Account > Performance overview > Share networth 1VH [12080-420150]	partial	src/components/home-redesign/portfolio/SharePortfolioModal.tsx	blocked on 5523-103993	FIRST PASS, NOT OPENED THIS WAVE: the route is live and src/components/home-redesign/portfolio/SharePortfolioModal.tsx renders this surface (768x1024, 768 board), so it is implemented; the measured work remaining is the whole frame. NOT this lane's file (measure and row only).
dropdown-yield vaults [11259-40697]	blocked-on-backend	modules/skai-ui/src (DropdownMenu / Select)	-	Component fragment "dropdown-yield vaults", 160x260: a state of the shared dropdown primitive; not this lane's file to edit. FIRST PASS, NOT OPENED THIS WAVE; classified from its name and harvested size only. READ LIVE 2026-09-24 (wave67 cat-status-a; use_figma getNodeByIdAsync, read-only; code at Skai-Trading fa36d2b9b): "dropdown-yield vaults" 160x260, text: 1 year | 6 months | 1 month | 1 week | 24 hours | 6 hours | 30 mins; beside 11667:312902 Yield vaults 1VH (768). -> blocked-on-backend: the open timeframe menu (1 year ... 30 mins) of the yield vault chart. Missing piece: a historical vault series - the contracts expose none (src/pages/YieldVaultDetail.tsx:10) and no vault snapshot relation exists in supabase/migrations.
dropdown-yield vaults [11260-123547]	not-started	modules/skai-ui/src (DropdownMenu / Select)	-	Component fragment "dropdown-yield vaults", 163x198: a state of the shared dropdown primitive; not this lane's file to edit. FIRST PASS, NOT OPENED THIS WAVE; classified from its name and harvested size only. READ LIVE 2026-09-24 (wave67 cat-status-a; use_figma getNodeByIdAsync, read-only; code at Skai-Trading fa36d2b9b): "dropdown-yield vaults" 163x198, text: All gauges | Epoch #0 | Epoch #1 | Epoch #2 | Epoch #3; beside 5515:96095 Gauge voting 1VH (1440). -> not-started: the open epoch filter (All gauges / Epoch #0 ... #3) on Gauge voting; not drawn (src/pages/GaugeVoting.tsx:312-329: GaugeWeightsTable filters to active gauges itself). Past-epoch totals are readable (getGaugeVotes, src/hooks/defi/useBribeClaims.ts:74-75), so this is buildable.
Frame 270 [11989-231980]	partial	-	-	Loose top-level fragment named "Frame 270", 1094x660, not a screen and not a component state. Recorded so nobody re-triages it; excluded from the parity denominator. CORRECTED (wave67 cat-status-a, 2026-09-24; code at Skai-Trading fa36d2b9b, no Figma read: the connector was not connected), furniture -> unknown: the verdict above was taken from the name and harvested size alone, which SCHEMA.md's rule does not allow. Furniture is canvas chrome - Directory banners, Breakpoint rulers, loose shapes, stickies, author-labelled rejects - and this node is a visible FRAME "Frame 270" of 1094x660 (live/3sSzw1KewMtUbeLAv7uW0r__5210-118077.tsv); coverage.mjs counts such a node as genuine by design, because a default name says nobody named it, not that it holds nothing. Its children have not been read, so no status is claimed: needs a Figma read. READ LIVE 2026-09-24 (wave67 cat-status-a; use_figma getNodeByIdAsync, read-only; code at Skai-Trading fa36d2b9b): "Frame 270" 1094x660, text: Hash | Method | Token | From | To | Amount | Price | $ Value | Date; beside 11989:231104 Explorer > Address (768). -> partial: the address page's transactions table at its full scroll width; built as TransactionTable in src/pages/explorer/AddressDetailPage.tsx:596 inside an overflow-x-auto wrapper. The scroll extent at this board is not measured.
Frame 1000003943 [11998-339138]	partial	-	-	Loose top-level fragment named "Frame 1000003943", 1054x658, not a screen and not a component state. Recorded so nobody re-triages it; excluded from the parity denominator. CORRECTED (wave67 cat-status-a, 2026-09-24; code at Skai-Trading fa36d2b9b, no Figma read: the connector was not connected), furniture -> unknown: the verdict above was taken from the name and harvested size alone, which SCHEMA.md's rule does not allow. Furniture is canvas chrome - Directory banners, Breakpoint rulers, loose shapes, stickies, author-labelled rejects - and this node is a visible FRAME "Frame 1000003943" of 1054x658 (live/3sSzw1KewMtUbeLAv7uW0r__5210-118077.tsv); coverage.mjs counts such a node as genuine by design, because a default name says nobody named it, not that it holds nothing. Its children have not been read, so no status is claimed: needs a Figma read. READ LIVE 2026-09-24 (wave67 cat-status-a; use_figma getNodeByIdAsync, read-only; code at Skai-Trading fa36d2b9b): "Frame 1000003943" 1054x658, text: Hash | Method | Token | From | To | Amount | Price | $ Value | Date; beside 11998:337508 Explorer > Address (375). -> partial: the address page's transactions table at its full scroll width; built as TransactionTable in src/pages/explorer/AddressDetailPage.tsx:596 inside an overflow-x-auto wrapper. The scroll extent at this board is not measured.
Transactions - with arrow [11349-147772]	partial	src/pages/explorer/AddressDetailPage.tsx	-	Component fragment "Transactions - with arrow", 1318x758: an explorer address-page section state in this lane's directory. FIRST PASS, NOT OPENED THIS WAVE; classified from its name and harvested size only. READ LIVE 2026-09-24 (wave67 cat-status-a; use_figma getNodeByIdAsync, read-only; code at Skai-Trading fa36d2b9b): "Transactions - with arrow" 1318x758, text: Hash | Method | Token | From | To | Amount | Price | $ Value | Date | 0xAd4...323 | SKAIUSDC; beside 5638:112382 Explorer > Address 1VH (1440). -> partial: the address page's transactions table at its full scroll width; built as TransactionTable in src/pages/explorer/AddressDetailPage.tsx:596 inside an overflow-x-auto wrapper. The scroll extent at this board is not measured.
Frame 1000003927 [11991-233583]	partial	-	-	Loose top-level fragment named "Frame 1000003927", 854x582, not a screen and not a component state. Recorded so nobody re-triages it; excluded from the parity denominator. CORRECTED (wave67 cat-status-a, 2026-09-24; code at Skai-Trading fa36d2b9b, no Figma read: the connector was not connected), furniture -> unknown: the verdict above was taken from the name and harvested size alone, which SCHEMA.md's rule does not allow. Furniture is canvas chrome - Directory banners, Breakpoint rulers, loose shapes, stickies, author-labelled rejects - and this node is a visible FRAME "Frame 1000003927" of 854x582 (live/3sSzw1KewMtUbeLAv7uW0r__5210-118077.tsv); coverage.mjs counts such a node as genuine by design, because a default name says nobody named it, not that it holds nothing. Its children have not been read, so no status is claimed: needs a Figma read. READ LIVE 2026-09-24 (wave67 cat-status-a; use_figma getNodeByIdAsync, read-only; code at Skai-Trading fa36d2b9b): "Frame 1000003927" 854x582, text: Net worth (USD) $60,801.98 | Net worth (SKAI) | NFTs View all NFTs | Delegated to you | Token; beside 11989:232490 Explorer > Address > Holdings (768). -> partial: the Holdings tab's net-worth strip and token / NFT lists; built as HoldingsTab in src/pages/explorer/AddressDetailPage.tsx:1103 (and TokenHoldingsCard :403). Not measured at this cut.
Frame 1000003944 [11998-340705]	partial	-	-	Loose top-level fragment named "Frame 1000003944", 814x658, not a screen and not a component state. Recorded so nobody re-triages it; excluded from the parity denominator. CORRECTED (wave67 cat-status-a, 2026-09-24; code at Skai-Trading fa36d2b9b, no Figma read: the connector was not connected), furniture -> unknown: the verdict above was taken from the name and harvested size alone, which SCHEMA.md's rule does not allow. Furniture is canvas chrome - Directory banners, Breakpoint rulers, loose shapes, stickies, author-labelled rejects - and this node is a visible FRAME "Frame 1000003944" of 814x658 (live/3sSzw1KewMtUbeLAv7uW0r__5210-118077.tsv); coverage.mjs counts such a node as genuine by design, because a default name says nobody named it, not that it holds nothing. Its children have not been read, so no status is claimed: needs a Figma read. READ LIVE 2026-09-24 (wave67 cat-status-a; use_figma getNodeByIdAsync, read-only; code at Skai-Trading fa36d2b9b): "Frame 1000003944" 814x658, text: Net worth (USD) | Net worth (SKAI) | NFTs | Delegated to you; beside 11998:341045 Explorer > Address > Holdings (375). -> partial: the Holdings tab's net-worth strip and token / NFT lists; built as HoldingsTab in src/pages/explorer/AddressDetailPage.tsx:1103 (and TokenHoldingsCard :403). Not measured at this cut.
Frame 1000003947 [11998-342147]	partial	-	-	Loose top-level fragment named "Frame 1000003947", 343x1026, not a screen and not a component state. Recorded so nobody re-triages it; excluded from the parity denominator. CORRECTED (wave67 cat-status-a, 2026-09-24; code at Skai-Trading fa36d2b9b, no Figma read: the connector was not connected), furniture -> unknown: the verdict above was taken from the name and harvested size alone, which SCHEMA.md's rule does not allow. Furniture is canvas chrome - Directory banners, Breakpoint rulers, loose shapes, stickies, author-labelled rejects - and this node is a visible FRAME "Frame 1000003947" of 343x1026 (live/3sSzw1KewMtUbeLAv7uW0r__5210-118077.tsv); coverage.mjs counts such a node as genuine by design, because a default name says nobody named it, not that it holds nothing. Its children have not been read, so no status is claimed: needs a Figma read. READ LIVE 2026-09-24 (wave67 cat-status-a; use_figma getNodeByIdAsync, read-only; code at Skai-Trading fa36d2b9b): "Frame 1000003947" 343x1026, text: Net worth (USD) | Net worth (SKAI) | NFTs | Delegated to you (Frame 414 319x188 + backgrounds 319x798); beside 11998:341045 Explorer > Address > Holdings (375). -> partial: the Holdings tab's net-worth strip and token / NFT lists; built as HoldingsTab in src/pages/explorer/AddressDetailPage.tsx:1103 (and TokenHoldingsCard :403). Not measured at this cut.
Frame 1000003928 [11991-234531]	partial	-	-	Loose top-level fragment named "Frame 1000003928", 708x568, not a screen and not a component state. Recorded so nobody re-triages it; excluded from the parity denominator. CORRECTED (wave67 cat-status-a, 2026-09-24; code at Skai-Trading fa36d2b9b, no Figma read: the connector was not connected), furniture -> unknown: the verdict above was taken from the name and harvested size alone, which SCHEMA.md's rule does not allow. Furniture is canvas chrome - Directory banners, Breakpoint rulers, loose shapes, stickies, author-labelled rejects - and this node is a visible FRAME "Frame 1000003928" of 708x568 (live/3sSzw1KewMtUbeLAv7uW0r__5210-118077.tsv); coverage.mjs counts such a node as genuine by design, because a default name says nobody named it, not that it holds nothing. Its children have not been read, so no status is claimed: needs a Figma read. READ LIVE 2026-09-24 (wave67 cat-status-a; use_figma getNodeByIdAsync, read-only; code at Skai-Trading fa36d2b9b): "Frame 1000003928" 708x568, text: Net worth (USD) | Net worth (SKAI) | Tokens View all tokens | Delegated to you | Cupcat Kitten #101; beside 11989:232490 Explorer > Address > Holdings (768). -> partial: the Holdings tab's net-worth strip and token / NFT lists; built as HoldingsTab in src/pages/explorer/AddressDetailPage.tsx:1103 (and TokenHoldingsCard :403). Not measured at this cut.
Frame 1000003932 [11992-238265]	partial	-	-	Loose top-level fragment named "Frame 1000003932", 854x278, not a screen and not a component state. Recorded so nobody re-triages it; excluded from the parity denominator. CORRECTED (wave67 cat-status-a, 2026-09-24; code at Skai-Trading fa36d2b9b, no Figma read: the connector was not connected), furniture -> unknown: the verdict above was taken from the name and harvested size alone, which SCHEMA.md's rule does not allow. Furniture is canvas chrome - Directory banners, Breakpoint rulers, loose shapes, stickies, author-labelled rejects - and this node is a visible FRAME "Frame 1000003932" of 854x278 (live/3sSzw1KewMtUbeLAv7uW0r__5210-118077.tsv); coverage.mjs counts such a node as genuine by design, because a default name says nobody named it, not that it holds nothing. Its children have not been read, so no status is claimed: needs a Figma read. READ LIVE 2026-09-24 (wave67 cat-status-a; use_figma getNodeByIdAsync, read-only; code at Skai-Trading fa36d2b9b): "Frame 1000003932" 854x278, text: Staked $10,300.00 | Staking balance | Pending withdrawals | Delegated to you | Pool; beside 11992:238368 Explorer > Address > Staking (768). -> partial: the Staking tab's summary and positions; built as the staking PositionSlice over the DeFi position feed (src/pages/explorer/AddressDetailPage.tsx:830, :1654). The summary tiles are not measured.
Frame 1000003952 [11998-346606]	partial	-	-	Loose top-level fragment named "Frame 1000003952", 814x362, not a screen and not a component state. Recorded so nobody re-triages it; excluded from the parity denominator. CORRECTED (wave67 cat-status-a, 2026-09-24; code at Skai-Trading fa36d2b9b, no Figma read: the connector was not connected), furniture -> unknown: the verdict above was taken from the name and harvested size alone, which SCHEMA.md's rule does not allow. Furniture is canvas chrome - Directory banners, Breakpoint rulers, loose shapes, stickies, author-labelled rejects - and this node is a visible FRAME "Frame 1000003952" of 814x362 (live/3sSzw1KewMtUbeLAv7uW0r__5210-118077.tsv); coverage.mjs counts such a node as genuine by design, because a default name says nobody named it, not that it holds nothing. Its children have not been read, so no status is claimed: needs a Figma read. READ LIVE 2026-09-24 (wave67 cat-status-a; use_figma getNodeByIdAsync, read-only; code at Skai-Trading fa36d2b9b): "Frame 1000003952" 814x362, text: Staked | Staking balance | Pending withdrawals | Delegated to you; beside 11998:346238 Explorer > Address > Staking (375). -> partial: the Staking tab's summary and positions; built as the staking PositionSlice over the DeFi position feed (src/pages/explorer/AddressDetailPage.tsx:830, :1654). The summary tiles are not measured.
Frame 298 [11991-235444]	partial	-	-	Loose top-level fragment named "Frame 298", 936x388, not a screen and not a component state. Recorded so nobody re-triages it; excluded from the parity denominator. CORRECTED (wave67 cat-status-a, 2026-09-24; code at Skai-Trading fa36d2b9b, no Figma read: the connector was not connected), furniture -> unknown: the verdict above was taken from the name and harvested size alone, which SCHEMA.md's rule does not allow. Furniture is canvas chrome - Directory banners, Breakpoint rulers, loose shapes, stickies, author-labelled rejects - and this node is a visible FRAME "Frame 298" of 936x388 (live/3sSzw1KewMtUbeLAv7uW0r__5210-118077.tsv); coverage.mjs counts such a node as genuine by design, because a default name says nobody named it, not that it holds nothing. Its children have not been read, so no status is claimed: needs a Figma read. READ LIVE 2026-09-24 (wave67 cat-status-a; use_figma getNodeByIdAsync, read-only; code at Skai-Trading fa36d2b9b): "Frame 298" 936x388, text: S/N | Trading pairs | Size | Price | Direction | Funding | Closed PnL | BTCUSDT 40x cross; beside 11991:234861 Explorer > Address > Perps (768). -> partial: the Perps tab's table at its full scroll width (S/N, pair, size, price, direction, funding, closed PnL). The tab is mounted but renders "Perp positions unavailable" (src/pages/explorer/AddressDetailPage.tsx:1633-1634) although the per-address read exists: the indexer serves GET /api/v1/portfolio/{address} with the trader's open perp positions - side, margin mode, collateral, size, entry, mark, liquidation, unrealised PnL, funding (server.go:734, handlePortfolio :2145-2186, a 500 on a store failure; pkg/types/types.go:156-174), live-probed 2026-09-24: 200 application/json with openPositions []. Remaining: draw the table from that route (closed PnL needs the account history route as well).
Frame 1000003948 [11998-343301]	partial	-	-	Loose top-level fragment named "Frame 1000003948", 904x388, not a screen and not a component state. Recorded so nobody re-triages it; excluded from the parity denominator. CORRECTED (wave67 cat-status-a, 2026-09-24; code at Skai-Trading fa36d2b9b, no Figma read: the connector was not connected), furniture -> unknown: the verdict above was taken from the name and harvested size alone, which SCHEMA.md's rule does not allow. Furniture is canvas chrome - Directory banners, Breakpoint rulers, loose shapes, stickies, author-labelled rejects - and this node is a visible FRAME "Frame 1000003948" of 904x388 (live/3sSzw1KewMtUbeLAv7uW0r__5210-118077.tsv); coverage.mjs counts such a node as genuine by design, because a default name says nobody named it, not that it holds nothing. Its children have not been read, so no status is claimed: needs a Figma read. READ LIVE 2026-09-24 (wave67 cat-status-a; use_figma getNodeByIdAsync, read-only; code at Skai-Trading fa36d2b9b): "Frame 1000003948" 904x388, text: S/N | Trading pairs | Size | Price | Direction | Funding | Closed PnL; beside 11998:342710 Explorer > Address > Perps (375). -> partial: the Perps tab's table at its full scroll width (S/N, pair, size, price, direction, funding, closed PnL). The tab is mounted but renders "Perp positions unavailable" (src/pages/explorer/AddressDetailPage.tsx:1633-1634) although the per-address read exists: the indexer serves GET /api/v1/portfolio/{address} with the trader's open perp positions - side, margin mode, collateral, size, entry, mark, liquidation, unrealised PnL, funding (server.go:734, handlePortfolio :2145-2186, a 500 on a store failure; pkg/types/types.go:156-174), live-probed 2026-09-24: 200 application/json with openPositions []. Remaining: draw the table from that route (closed PnL needs the account history route as well).
Frame 1000003929 [11991-236624]	partial	-	-	Loose top-level fragment named "Frame 1000003929", 874x456, not a screen and not a component state. Recorded so nobody re-triages it; excluded from the parity denominator. CORRECTED (wave67 cat-status-a, 2026-09-24; code at Skai-Trading fa36d2b9b, no Figma read: the connector was not connected), furniture -> unknown: the verdict above was taken from the name and harvested size alone, which SCHEMA.md's rule does not allow. Furniture is canvas chrome - Directory banners, Breakpoint rulers, loose shapes, stickies, author-labelled rejects - and this node is a visible FRAME "Frame 1000003929" of 874x456 (live/3sSzw1KewMtUbeLAv7uW0r__5210-118077.tsv); coverage.mjs counts such a node as genuine by design, because a default name says nobody named it, not that it holds nothing. Its children have not been read, so no status is claimed: needs a Figma read. READ LIVE 2026-09-24 (wave67 cat-status-a; use_figma getNodeByIdAsync, read-only; code at Skai-Trading fa36d2b9b): "Frame 1000003929" 874x456, text: Token | Value | Amount | Activity type | Started | Progression | 20 minutes left; beside 11991:236086 Explorer > Address > Orders (768). -> partial: the Orders tab's table at its full scroll width. The tab is mounted but renders "Open orders unavailable" (src/pages/explorer/AddressDetailPage.tsx:1640-1641) although the per-address read exists: the indexer serves GET /api/v1/orders/{address} (modules/skai-chain/indexer/api/rest/server.go:782, handleOrdersByTrader :2917-2950, a 500 on a store failure and [] only for none), live-probed 2026-09-24: 200 application/json {success:true,data:[]} against 404 text/plain for an unregistered path. Remaining: draw the table from that route.
Frame 1000003949 [11998-344467]	partial	-	-	Loose top-level fragment named "Frame 1000003949", 834x454, not a screen and not a component state. Recorded so nobody re-triages it; excluded from the parity denominator. CORRECTED (wave67 cat-status-a, 2026-09-24; code at Skai-Trading fa36d2b9b, no Figma read: the connector was not connected), furniture -> unknown: the verdict above was taken from the name and harvested size alone, which SCHEMA.md's rule does not allow. Furniture is canvas chrome - Directory banners, Breakpoint rulers, loose shapes, stickies, author-labelled rejects - and this node is a visible FRAME "Frame 1000003949" of 834x454 (live/3sSzw1KewMtUbeLAv7uW0r__5210-118077.tsv); coverage.mjs counts such a node as genuine by design, because a default name says nobody named it, not that it holds nothing. Its children have not been read, so no status is claimed: needs a Figma read. READ LIVE 2026-09-24 (wave67 cat-status-a; use_figma getNodeByIdAsync, read-only; code at Skai-Trading fa36d2b9b): "Frame 1000003949" 834x454, text: Token | Value | Amount | Activity type | Started | Progression; beside 11998:343923 Explorer > Address > Orders (375). -> partial: the Orders tab's table at its full scroll width. The tab is mounted but renders "Open orders unavailable" (src/pages/explorer/AddressDetailPage.tsx:1640-1641) although the per-address read exists: the indexer serves GET /api/v1/orders/{address} (modules/skai-chain/indexer/api/rest/server.go:782, handleOrdersByTrader :2917-2950, a 500 on a store failure and [] only for none), live-probed 2026-09-24: 200 application/json {success:true,data:[]} against 404 text/plain for an unregistered path. Remaining: draw the table from that route.
Vault - with data [5662-124365]	partial	src/pages/explorer/AddressDetailPage.tsx	-	Component fragment "Vault - with data", 1318x458: an explorer address-page section state in this lane's directory. FIRST PASS, NOT OPENED THIS WAVE; classified from its name and harvested size only. READ LIVE 2026-09-24 (wave67 cat-status-a; use_figma getNodeByIdAsync, read-only; code at Skai-Trading fa36d2b9b): "Vault - with data" 1318x458, text: Vault name | TVL | APY | Status | Activity type | Amount | Progression | SKAI yield vault | skUSDC; beside 5662:122540 Explorer > Address > Orders 1VH (1440). -> partial: the Vault tab's positions table (vault name, TVL, APY, status); the tab is built as a PositionSlice over the DeFi position feed (src/pages/explorer/AddressDetailPage.tsx:830, :1645-1651), with different columns (protocol / type / pair / APY) from the ones drawn.
Frame 1000003931 [11992-238112]	partial	-	-	Loose top-level fragment named "Frame 1000003931", 914x350, not a screen and not a component state. Recorded so nobody re-triages it; excluded from the parity denominator. CORRECTED (wave67 cat-status-a, 2026-09-24; code at Skai-Trading fa36d2b9b, no Figma read: the connector was not connected), furniture -> unknown: the verdict above was taken from the name and harvested size alone, which SCHEMA.md's rule does not allow. Furniture is canvas chrome - Directory banners, Breakpoint rulers, loose shapes, stickies, author-labelled rejects - and this node is a visible FRAME "Frame 1000003931" of 914x350 (live/3sSzw1KewMtUbeLAv7uW0r__5210-118077.tsv); coverage.mjs counts such a node as genuine by design, because a default name says nobody named it, not that it holds nothing. Its children have not been read, so no status is claimed: needs a Figma read. READ LIVE 2026-09-24 (wave67 cat-status-a; use_figma getNodeByIdAsync, read-only; code at Skai-Trading fa36d2b9b): "Frame 1000003931" 914x350, text: Vault name | TVL | APY | Status | Activity type | Amount | Progression | SKAI yield vault skUSDC; beside 11991:237411 Explorer > Address > Orders (768). -> partial: the Vault tab's positions table (vault name, TVL, APY, status); the tab is built as a PositionSlice over the DeFi position feed (src/pages/explorer/AddressDetailPage.tsx:830, :1645-1651), with different columns (protocol / type / pair / APY) from the ones drawn.
Frame 1000003951 [11998-346069]	partial	-	-	Loose top-level fragment named "Frame 1000003951", 874x348, not a screen and not a component state. Recorded so nobody re-triages it; excluded from the parity denominator. CORRECTED (wave67 cat-status-a, 2026-09-24; code at Skai-Trading fa36d2b9b, no Figma read: the connector was not connected), furniture -> unknown: the verdict above was taken from the name and harvested size alone, which SCHEMA.md's rule does not allow. Furniture is canvas chrome - Directory banners, Breakpoint rulers, loose shapes, stickies, author-labelled rejects - and this node is a visible FRAME "Frame 1000003951" of 874x348 (live/3sSzw1KewMtUbeLAv7uW0r__5210-118077.tsv); coverage.mjs counts such a node as genuine by design, because a default name says nobody named it, not that it holds nothing. Its children have not been read, so no status is claimed: needs a Figma read. READ LIVE 2026-09-24 (wave67 cat-status-a; use_figma getNodeByIdAsync, read-only; code at Skai-Trading fa36d2b9b): "Frame 1000003951" 874x348, text: Vault name | TVL | APY | Status | Activity type | Amount | Progression; beside 11998:345258 Explorer > Address > Orders (375). -> partial: the Vault tab's positions table (vault name, TVL, APY, status); the tab is built as a PositionSlice over the DeFi position feed (src/pages/explorer/AddressDetailPage.tsx:830, :1645-1651), with different columns (protocol / type / pair / APY) from the ones drawn.
Frame 1000003976 [12136-438810]	partial	-	-	Loose top-level fragment named "Frame 1000003976", 343x356, not a screen and not a component state. Recorded so nobody re-triages it; excluded from the parity denominator. CORRECTED (wave67 cat-status-a, 2026-09-24; code at Skai-Trading fa36d2b9b, no Figma read: the connector was not connected), furniture -> unknown: the verdict above was taken from the name and harvested size alone, which SCHEMA.md's rule does not allow. Furniture is canvas chrome - Directory banners, Breakpoint rulers, loose shapes, stickies, author-labelled rejects - and this node is a visible FRAME "Frame 1000003976" of 343x356 (live/3sSzw1KewMtUbeLAv7uW0r__5210-118077.tsv); coverage.mjs counts such a node as genuine by design, because a default name says nobody named it, not that it holds nothing. Its children have not been read, so no status is claimed: needs a Figma read. READ LIVE 2026-09-24 (wave67 cat-status-a; use_figma getNodeByIdAsync, read-only; code at Skai-Trading fa36d2b9b): "Frame 1000003976" 343x356, text: Vault name | TVL | APY | Status | Activity type | Amount | Progression | SKAI yield vault; beside 11998:345258 Explorer > Address > Orders (375). -> partial: the Vault tab's positions table (vault name, TVL, APY, status); the tab is built as a PositionSlice over the DeFi position feed (src/pages/explorer/AddressDetailPage.tsx:830, :1645-1651), with different columns (protocol / type / pair / APY) from the ones drawn.
Frame 1000003933 [11998-243350]	partial	-	-	Loose top-level fragment named "Frame 1000003933", 924x536, not a screen and not a component state. Recorded so nobody re-triages it; excluded from the parity denominator. CORRECTED (wave67 cat-status-a, 2026-09-24; code at Skai-Trading fa36d2b9b, no Figma read: the connector was not connected), furniture -> unknown: the verdict above was taken from the name and harvested size alone, which SCHEMA.md's rule does not allow. Furniture is canvas chrome - Directory banners, Breakpoint rulers, loose shapes, stickies, author-labelled rejects - and this node is a visible FRAME "Frame 1000003933" of 924x536 (live/3sSzw1KewMtUbeLAv7uW0r__5210-118077.tsv); coverage.mjs counts such a node as genuine by design, because a default name says nobody named it, not that it holds nothing. Its children have not been read, so no status is claimed: needs a Figma read. READ LIVE 2026-09-24 (wave67 cat-status-a; use_figma getNodeByIdAsync, read-only; code at Skai-Trading fa36d2b9b): "Frame 1000003933" 924x536, text: Token | Price | 24H Change | Volume | Circulating market cap | On-chain market cap | Holders; beside 11997:242875 Explorer > Tokens (768). -> partial: the Tokens table at its full scroll width; built in src/pages/explorer/TokenListPage.tsx. Not measured at this cut.
Frame 1000003956 [11998-350033]	partial	-	-	Loose top-level fragment named "Frame 1000003956", 884x534, not a screen and not a component state. Recorded so nobody re-triages it; excluded from the parity denominator. CORRECTED (wave67 cat-status-a, 2026-09-24; code at Skai-Trading fa36d2b9b, no Figma read: the connector was not connected), furniture -> unknown: the verdict above was taken from the name and harvested size alone, which SCHEMA.md's rule does not allow. Furniture is canvas chrome - Directory banners, Breakpoint rulers, loose shapes, stickies, author-labelled rejects - and this node is a visible FRAME "Frame 1000003956" of 884x534 (live/3sSzw1KewMtUbeLAv7uW0r__5210-118077.tsv); coverage.mjs counts such a node as genuine by design, because a default name says nobody named it, not that it holds nothing. Its children have not been read, so no status is claimed: needs a Figma read. READ LIVE 2026-09-24 (wave67 cat-status-a; use_figma getNodeByIdAsync, read-only; code at Skai-Trading fa36d2b9b): "Frame 1000003956" 884x534, text: Token | Price | 24H Change | Volume | Circulating market cap | On-chain market cap | Holders; beside 11998:350745 Explorer > Tokens (375). -> partial: the Tokens table at its full scroll width; built in src/pages/explorer/TokenListPage.tsx. Not measured at this cut.
Frame 1000003935 [11998-251804]	partial	-	-	Loose top-level fragment named "Frame 1000003935", 914x536, not a screen and not a component state. Recorded so nobody re-triages it; excluded from the parity denominator. CORRECTED (wave67 cat-status-a, 2026-09-24; code at Skai-Trading fa36d2b9b, no Figma read: the connector was not connected), furniture -> unknown: the verdict above was taken from the name and harvested size alone, which SCHEMA.md's rule does not allow. Furniture is canvas chrome - Directory banners, Breakpoint rulers, loose shapes, stickies, author-labelled rejects - and this node is a visible FRAME "Frame 1000003935" of 914x536 (live/3sSzw1KewMtUbeLAv7uW0r__5210-118077.tsv); coverage.mjs counts such a node as genuine by design, because a default name says nobody named it, not that it holds nothing. Its children have not been read, so no status is claimed: needs a Figma read. READ LIVE 2026-09-24 (wave67 cat-status-a; use_figma getNodeByIdAsync, read-only; code at Skai-Trading fa36d2b9b): "Frame 1000003935" 914x536, text: Token | Sales | Type | 24H Change | Volume | MIn price | Max price | Owners | BoredApeYachtClub; beside 11998:251087 Explorer > Tokens (768) [NFT table]. -> partial: the NFT collections table (sales, type, floor, owners) at its full scroll width; built in src/pages/explorer/NFTPage.tsx (the board routes through TokenListPage.tsx and NFTPage.tsx). Not measured at this cut.
Frame 1000003960 [12000-358605]	partial	-	-	Loose top-level fragment named "Frame 1000003960", 906x534, not a screen and not a component state. Recorded so nobody re-triages it; excluded from the parity denominator. CORRECTED (wave67 cat-status-a, 2026-09-24; code at Skai-Trading fa36d2b9b, no Figma read: the connector was not connected), furniture -> unknown: the verdict above was taken from the name and harvested size alone, which SCHEMA.md's rule does not allow. Furniture is canvas chrome - Directory banners, Breakpoint rulers, loose shapes, stickies, author-labelled rejects - and this node is a visible FRAME "Frame 1000003960" of 906x534 (live/3sSzw1KewMtUbeLAv7uW0r__5210-118077.tsv); coverage.mjs counts such a node as genuine by design, because a default name says nobody named it, not that it holds nothing. Its children have not been read, so no status is claimed: needs a Figma read. READ LIVE 2026-09-24 (wave67 cat-status-a; use_figma getNodeByIdAsync, read-only; code at Skai-Trading fa36d2b9b): "Frame 1000003960" 906x534, text: Token | Sales | Type | 24H Change | Volume | MIn price | Max price | Owners; beside 12000:359408 Explorer > Tokens (375) [NFT table]. -> partial: the NFT collections table (sales, type, floor, owners) at its full scroll width; built in src/pages/explorer/NFTPage.tsx (the board routes through TokenListPage.tsx and NFTPage.tsx). Not measured at this cut.
Active Projects - with data [11349-148815]	partial	src/pages/explorer/AddressDetailPage.tsx	-	Component fragment "Active Projects - with data", 1318x650: an explorer address-page section state in this lane's directory. FIRST PASS, NOT OPENED THIS WAVE; classified from its name and harvested size only. READ LIVE 2026-09-24 (wave67 cat-status-a; use_figma getNodeByIdAsync, read-only; code at Skai-Trading fa36d2b9b): "Active Projects - with data" 1318x650, text: Token | Time | User | Chain | Liquidity | Market cap. | Holders | SKAI Token; beside 5702:143785 Explorer > Launchpad 1VH (1440). -> partial: the Launchpad "Active projects" table; built in src/pages/explorer/LaunchpadPage.tsx:493-615 (heading, rows, empty state, pagination). Not measured at this cut.
Frame 270 [11998-254229]	partial	-	-	Loose top-level fragment named "Frame 270", 1004x536, not a screen and not a component state. Recorded so nobody re-triages it; excluded from the parity denominator. CORRECTED (wave67 cat-status-a, 2026-09-24; code at Skai-Trading fa36d2b9b, no Figma read: the connector was not connected), furniture -> unknown: the verdict above was taken from the name and harvested size alone, which SCHEMA.md's rule does not allow. Furniture is canvas chrome - Directory banners, Breakpoint rulers, loose shapes, stickies, author-labelled rejects - and this node is a visible FRAME "Frame 270" of 1004x536 (live/3sSzw1KewMtUbeLAv7uW0r__5210-118077.tsv); coverage.mjs counts such a node as genuine by design, because a default name says nobody named it, not that it holds nothing. Its children have not been read, so no status is claimed: needs a Figma read. READ LIVE 2026-09-24 (wave67 cat-status-a; use_figma getNodeByIdAsync, read-only; code at Skai-Trading fa36d2b9b): "Frame 270" 1004x536, text: Token | Time | User | Chain | Liquidity | Market cap. | Holders; beside 11998:253933 Explorer > Launchpad 1VH (768). -> partial: the Launchpad "Active projects" table; built in src/pages/explorer/LaunchpadPage.tsx:493-615 (heading, rows, empty state, pagination). Not measured at this cut.
Frame 1000003962 [12001-364733]	partial	-	-	Loose top-level fragment named "Frame 1000003962", 964x534, not a screen and not a component state. Recorded so nobody re-triages it; excluded from the parity denominator. CORRECTED (wave67 cat-status-a, 2026-09-24; code at Skai-Trading fa36d2b9b, no Figma read: the connector was not connected), furniture -> unknown: the verdict above was taken from the name and harvested size alone, which SCHEMA.md's rule does not allow. Furniture is canvas chrome - Directory banners, Breakpoint rulers, loose shapes, stickies, author-labelled rejects - and this node is a visible FRAME "Frame 1000003962" of 964x534 (live/3sSzw1KewMtUbeLAv7uW0r__5210-118077.tsv); coverage.mjs counts such a node as genuine by design, because a default name says nobody named it, not that it holds nothing. Its children have not been read, so no status is claimed: needs a Figma read. READ LIVE 2026-09-24 (wave67 cat-status-a; use_figma getNodeByIdAsync, read-only; code at Skai-Trading fa36d2b9b): "Frame 1000003962" 964x534, text: Token | Time | User | Chain | Liquidity | Market cap. | Holders; beside 12001:363043 Explorer > Launchpad (375). -> partial: the Launchpad "Active projects" table; built in src/pages/explorer/LaunchpadPage.tsx:493-615 (heading, rows, empty state, pagination). Not measured at this cut.
Frame 1000003936 [11998-258706]	partial	-	-	Loose top-level fragment named "Frame 1000003936", 1034x444, not a screen and not a component state. Recorded so nobody re-triages it; excluded from the parity denominator. CORRECTED (wave67 cat-status-a, 2026-09-24; code at Skai-Trading fa36d2b9b, no Figma read: the connector was not connected), furniture -> unknown: the verdict above was taken from the name and harvested size alone, which SCHEMA.md's rule does not allow. Furniture is canvas chrome - Directory banners, Breakpoint rulers, loose shapes, stickies, author-labelled rejects - and this node is a visible FRAME "Frame 1000003936" of 1034x444 (live/3sSzw1KewMtUbeLAv7uW0r__5210-118077.tsv); coverage.mjs counts such a node as genuine by design, because a default name says nobody named it, not that it holds nothing. Its children have not been read, so no status is claimed: needs a Figma read. READ LIVE 2026-09-24 (wave67 cat-status-a; use_figma getNodeByIdAsync, read-only; code at Skai-Trading fa36d2b9b): "Frame 1000003936" 1034x444, text: Status | Short code | Proposal name | Creator | Category | Date | Voting hash; beside 11998:257569 Explorer > Governance (768). -> partial: the explorer Governance proposals table at its full scroll width; built in src/pages/explorer/GovernancePage.tsx. Not measured at this cut.
Frame 1000003964 [12001-367469]	partial	-	-	Loose top-level fragment named "Frame 1000003964", 1026x444, not a screen and not a component state. Recorded so nobody re-triages it; excluded from the parity denominator. CORRECTED (wave67 cat-status-a, 2026-09-24; code at Skai-Trading fa36d2b9b, no Figma read: the connector was not connected), furniture -> unknown: the verdict above was taken from the name and harvested size alone, which SCHEMA.md's rule does not allow. Furniture is canvas chrome - Directory banners, Breakpoint rulers, loose shapes, stickies, author-labelled rejects - and this node is a visible FRAME "Frame 1000003964" of 1026x444 (live/3sSzw1KewMtUbeLAv7uW0r__5210-118077.tsv); coverage.mjs counts such a node as genuine by design, because a default name says nobody named it, not that it holds nothing. Its children have not been read, so no status is claimed: needs a Figma read. READ LIVE 2026-09-24 (wave67 cat-status-a; use_figma getNodeByIdAsync, read-only; code at Skai-Trading fa36d2b9b): "Frame 1000003964" 1026x444, text: Status | Short code | Proposal name | Creator | Category | Date | Voting hash; beside 12001:368183 Explorer > Governance (375). -> partial: the explorer Governance proposals table at its full scroll width; built in src/pages/explorer/GovernancePage.tsx. Not measured at this cut.
Frame 1000003937 [11998-262492]	partial	-	-	Loose top-level fragment named "Frame 1000003937", 794x532, not a screen and not a component state. Recorded so nobody re-triages it; excluded from the parity denominator. CORRECTED (wave67 cat-status-a, 2026-09-24; code at Skai-Trading fa36d2b9b, no Figma read: the connector was not connected), furniture -> unknown: the verdict above was taken from the name and harvested size alone, which SCHEMA.md's rule does not allow. Furniture is canvas chrome - Directory banners, Breakpoint rulers, loose shapes, stickies, author-labelled rejects - and this node is a visible FRAME "Frame 1000003937" of 794x532 (live/3sSzw1KewMtUbeLAv7uW0r__5210-118077.tsv); coverage.mjs counts such a node as genuine by design, because a default name says nobody named it, not that it holds nothing. Its children have not been read, so no status is claimed: needs a Figma read. READ LIVE 2026-09-24 (wave67 cat-status-a; use_figma getNodeByIdAsync, read-only; code at Skai-Trading fa36d2b9b): "Frame 1000003937" 794x532, text: Rank | User | Points accumulated | Today's points | Win rate | Tier | Points hash; beside 11998:264346 Explorer > Points (768). -> partial: the Points leaderboard table at its full scroll width; built in src/pages/explorer/PointsPage.tsx. Not measured at this cut.
Frame 1000003965 [12001-371853]	partial	-	-	Loose top-level fragment named "Frame 1000003965", 754x532, not a screen and not a component state. Recorded so nobody re-triages it; excluded from the parity denominator. CORRECTED (wave67 cat-status-a, 2026-09-24; code at Skai-Trading fa36d2b9b, no Figma read: the connector was not connected), furniture -> unknown: the verdict above was taken from the name and harvested size alone, which SCHEMA.md's rule does not allow. Furniture is canvas chrome - Directory banners, Breakpoint rulers, loose shapes, stickies, author-labelled rejects - and this node is a visible FRAME "Frame 1000003965" of 754x532 (live/3sSzw1KewMtUbeLAv7uW0r__5210-118077.tsv); coverage.mjs counts such a node as genuine by design, because a default name says nobody named it, not that it holds nothing. Its children have not been read, so no status is claimed: needs a Figma read. READ LIVE 2026-09-24 (wave67 cat-status-a; use_figma getNodeByIdAsync, read-only; code at Skai-Trading fa36d2b9b): "Frame 1000003965" 754x532, text: Rank | User | Points accumulated | Today's points | Win rate | Tier | Points hash; beside 12001:374466 Explorer > Points (375). -> partial: the Points leaderboard table at its full scroll width; built in src/pages/explorer/PointsPage.tsx. Not measured at this cut.
Frame 1000003938 [11998-264962]	partial	-	-	Loose top-level fragment named "Frame 1000003938", 908x432, not a screen and not a component state. Recorded so nobody re-triages it; excluded from the parity denominator. CORRECTED (wave67 cat-status-a, 2026-09-24; code at Skai-Trading fa36d2b9b, no Figma read: the connector was not connected), furniture -> unknown: the verdict above was taken from the name and harvested size alone, which SCHEMA.md's rule does not allow. Furniture is canvas chrome - Directory banners, Breakpoint rulers, loose shapes, stickies, author-labelled rejects - and this node is a visible FRAME "Frame 1000003938" of 908x432 (live/3sSzw1KewMtUbeLAv7uW0r__5210-118077.tsv); coverage.mjs counts such a node as genuine by design, because a default name says nobody named it, not that it holds nothing. Its children have not been read, so no status is claimed: needs a Figma read. READ LIVE 2026-09-24 (wave67 cat-status-a; use_figma getNodeByIdAsync, read-only; code at Skai-Trading fa36d2b9b): "Frame 1000003938" 908x432, text: Rank | User | Name tag | Transaction count | Balance (SKAI) | 24 Change | % of total supply; beside 11998:262008 Explorer > Addresses (768). -> partial: the top-accounts table at its full scroll width; built in src/pages/explorer/ExplorerAddresses.tsx. Not measured at this cut.
Frame 1000003966 [12001-375115]	partial	-	-	Loose top-level fragment named "Frame 1000003966", 900x432, not a screen and not a component state. Recorded so nobody re-triages it; excluded from the parity denominator. CORRECTED (wave67 cat-status-a, 2026-09-24; code at Skai-Trading fa36d2b9b, no Figma read: the connector was not connected), furniture -> unknown: the verdict above was taken from the name and harvested size alone, which SCHEMA.md's rule does not allow. Furniture is canvas chrome - Directory banners, Breakpoint rulers, loose shapes, stickies, author-labelled rejects - and this node is a visible FRAME "Frame 1000003966" of 900x432 (live/3sSzw1KewMtUbeLAv7uW0r__5210-118077.tsv); coverage.mjs counts such a node as genuine by design, because a default name says nobody named it, not that it holds nothing. Its children have not been read, so no status is claimed: needs a Figma read. READ LIVE 2026-09-24 (wave67 cat-status-a; use_figma getNodeByIdAsync, read-only; code at Skai-Trading fa36d2b9b): "Frame 1000003966" 900x432, text: Rank | User | Name tag | Transaction count | Balance (SKAI) | 24 Change | % of total supply; beside 12001:376043 Explorer > Addresses (375). -> partial: the top-accounts table at its full scroll width; built in src/pages/explorer/ExplorerAddresses.tsx. Not measured at this cut.
Frame 1000003939 [11998-267880]	partial	-	-	Loose top-level fragment named "Frame 1000003939", 1094x636, not a screen and not a component state. Recorded so nobody re-triages it; excluded from the parity denominator. CORRECTED (wave67 cat-status-a, 2026-09-24; code at Skai-Trading fa36d2b9b, no Figma read: the connector was not connected), furniture -> unknown: the verdict above was taken from the name and harvested size alone, which SCHEMA.md's rule does not allow. Furniture is canvas chrome - Directory banners, Breakpoint rulers, loose shapes, stickies, author-labelled rejects - and this node is a visible FRAME "Frame 1000003939" of 1094x636 (live/3sSzw1KewMtUbeLAv7uW0r__5210-118077.tsv); coverage.mjs counts such a node as genuine by design, because a default name says nobody named it, not that it holds nothing. Its children have not been read, so no status is claimed: needs a Figma read. READ LIVE 2026-09-24 (wave67 cat-status-a; use_figma getNodeByIdAsync, read-only; code at Skai-Trading fa36d2b9b): "Frame 1000003939" 1094x636, text: Hash | Method | Block | From | Amount | Value | Date | WSKAI; beside 11998:266062 Explorer > DeFi (768). -> partial: the DeFi transactions table at its full scroll width; built in src/pages/explorer/DefiPage.tsx. Not measured at this cut.
Frame 1000003968 [12001-377814]	partial	-	-	Loose top-level fragment named "Frame 1000003968", 1054x634, not a screen and not a component state. Recorded so nobody re-triages it; excluded from the parity denominator. CORRECTED (wave67 cat-status-a, 2026-09-24; code at Skai-Trading fa36d2b9b, no Figma read: the connector was not connected), furniture -> unknown: the verdict above was taken from the name and harvested size alone, which SCHEMA.md's rule does not allow. Furniture is canvas chrome - Directory banners, Breakpoint rulers, loose shapes, stickies, author-labelled rejects - and this node is a visible FRAME "Frame 1000003968" of 1054x634 (live/3sSzw1KewMtUbeLAv7uW0r__5210-118077.tsv); coverage.mjs counts such a node as genuine by design, because a default name says nobody named it, not that it holds nothing. Its children have not been read, so no status is claimed: needs a Figma read. READ LIVE 2026-09-24 (wave67 cat-status-a; use_figma getNodeByIdAsync, read-only; code at Skai-Trading fa36d2b9b): "Frame 1000003968" 1054x634, text: Hash | Method | Block | From | Amount | Value | Date; beside 12001:379226 Explorer > DeFi (375). -> partial: the DeFi transactions table at its full scroll width; built in src/pages/explorer/DefiPage.tsx. Not measured at this cut.
Frame 1000003934 [11998-245136]	partial	-	-	Loose top-level fragment named "Frame 1000003934", 744x640, not a screen and not a component state. Recorded so nobody re-triages it; excluded from the parity denominator. CORRECTED (wave67 cat-status-a, 2026-09-24; code at Skai-Trading fa36d2b9b, no Figma read: the connector was not connected), furniture -> unknown: the verdict above was taken from the name and harvested size alone, which SCHEMA.md's rule does not allow. Furniture is canvas chrome - Directory banners, Breakpoint rulers, loose shapes, stickies, author-labelled rejects - and this node is a visible FRAME "Frame 1000003934" of 744x640 (live/3sSzw1KewMtUbeLAv7uW0r__5210-118077.tsv); coverage.mjs counts such a node as genuine by design, because a default name says nobody named it, not that it holds nothing. Its children have not been read, so no status is claimed: needs a Figma read. READ LIVE 2026-09-24 (wave67 cat-status-a; use_figma getNodeByIdAsync, read-only; code at Skai-Trading fa36d2b9b): "Frame 1000003934" 744x640, text: Block | Age | Transactions | Validator | Gas used | Gas limit | Reward; beside 11998:244576 Explorer > Blocks (768). -> partial: the Blocks table at its full scroll width; built in src/pages/explorer/BlockListPage.tsx. Not measured at this cut.
Frame 1000003957 [11998-352184]	partial	-	-	Loose top-level fragment named "Frame 1000003957", 704x638, not a screen and not a component state. Recorded so nobody re-triages it; excluded from the parity denominator. CORRECTED (wave67 cat-status-a, 2026-09-24; code at Skai-Trading fa36d2b9b, no Figma read: the connector was not connected), furniture -> unknown: the verdict above was taken from the name and harvested size alone, which SCHEMA.md's rule does not allow. Furniture is canvas chrome - Directory banners, Breakpoint rulers, loose shapes, stickies, author-labelled rejects - and this node is a visible FRAME "Frame 1000003957" of 704x638 (live/3sSzw1KewMtUbeLAv7uW0r__5210-118077.tsv); coverage.mjs counts such a node as genuine by design, because a default name says nobody named it, not that it holds nothing. Its children have not been read, so no status is claimed: needs a Figma read. READ LIVE 2026-09-24 (wave67 cat-status-a; use_figma getNodeByIdAsync, read-only; code at Skai-Trading fa36d2b9b): "Frame 1000003957" 704x638, text: Block | Age | Transactions | Validator | Gas used | Gas limit | Reward; beside 11998:351710 Explorer > Blocks (375). -> partial: the Blocks table at its full scroll width; built in src/pages/explorer/BlockListPage.tsx. Not measured at this cut.
Frame 1000003959 [12000-357680]	partial	-	-	Loose top-level fragment named "Frame 1000003959", 654x638, not a screen and not a component state. Recorded so nobody re-triages it; excluded from the parity denominator. CORRECTED (wave67 cat-status-a, 2026-09-24; code at Skai-Trading fa36d2b9b, no Figma read: the connector was not connected), furniture -> unknown: the verdict above was taken from the name and harvested size alone, which SCHEMA.md's rule does not allow. Furniture is canvas chrome - Directory banners, Breakpoint rulers, loose shapes, stickies, author-labelled rejects - and this node is a visible FRAME "Frame 1000003959" of 654x638 (live/3sSzw1KewMtUbeLAv7uW0r__5210-118077.tsv); coverage.mjs counts such a node as genuine by design, because a default name says nobody named it, not that it holds nothing. Its children have not been read, so no status is claimed: needs a Figma read. READ LIVE 2026-09-24 (wave67 cat-status-a; use_figma getNodeByIdAsync, read-only; code at Skai-Trading fa36d2b9b): "Frame 1000003959" 654x638, text: Block | Age | Transactions | Validator | Gas used | Gas limit | Utilization; beside 12000:357207 Explorer > Gas tracker (375). -> partial: the Gas tracker's blocks table (with Utilization) at its full scroll width; built in src/pages/explorer/GasTrackerPage.tsx:341-409. Not measured at this cut.
Frame 272 [11998-246935]	partial	-	-	Loose top-level fragment named "Frame 272", 924x636, not a screen and not a component state. Recorded so nobody re-triages it; excluded from the parity denominator. CORRECTED (wave67 cat-status-a, 2026-09-24; code at Skai-Trading fa36d2b9b, no Figma read: the connector was not connected), furniture -> unknown: the verdict above was taken from the name and harvested size alone, which SCHEMA.md's rule does not allow. Furniture is canvas chrome - Directory banners, Breakpoint rulers, loose shapes, stickies, author-labelled rejects - and this node is a visible FRAME "Frame 272" of 924x636 (live/3sSzw1KewMtUbeLAv7uW0r__5210-118077.tsv); coverage.mjs counts such a node as genuine by design, because a default name says nobody named it, not that it holds nothing. Its children have not been read, so no status is claimed: needs a Figma read. READ LIVE 2026-09-24 (wave67 cat-status-a; use_figma getNodeByIdAsync, read-only; code at Skai-Trading fa36d2b9b): "Frame 272" 924x636, text: Hash | Method | Block | From | To | Amount (SKAI) | Txn fee | Date; beside 11998:246468 Explorer > Transactions 1VH (768). -> partial: the Transactions table at its full scroll width; built in src/pages/explorer/TransactionListPage.tsx. Not measured at this cut.
Frame 1000003958 [11998-352404]	partial	-	-	Loose top-level fragment named "Frame 1000003958", 884x634, not a screen and not a component state. Recorded so nobody re-triages it; excluded from the parity denominator. CORRECTED (wave67 cat-status-a, 2026-09-24; code at Skai-Trading fa36d2b9b, no Figma read: the connector was not connected), furniture -> unknown: the verdict above was taken from the name and harvested size alone, which SCHEMA.md's rule does not allow. Furniture is canvas chrome - Directory banners, Breakpoint rulers, loose shapes, stickies, author-labelled rejects - and this node is a visible FRAME "Frame 1000003958" of 884x634 (live/3sSzw1KewMtUbeLAv7uW0r__5210-118077.tsv); coverage.mjs counts such a node as genuine by design, because a default name says nobody named it, not that it holds nothing. Its children have not been read, so no status is claimed: needs a Figma read. READ LIVE 2026-09-24 (wave67 cat-status-a; use_figma getNodeByIdAsync, read-only; code at Skai-Trading fa36d2b9b): "Frame 1000003958" 884x634, text: Hash | Method | Block | From | To | Amount (SKAI) | Txn fee | Date; beside 11998:354592 Explorer > Transactions (375). -> partial: the Transactions table at its full scroll width; built in src/pages/explorer/TransactionListPage.tsx. Not measured at this cut.
Simple Chart line - no data [5698-143443]	partial	src/pages/explorer/AddressDetailPage.tsx	-	Component fragment "Simple Chart line - no data", 1318x417: an explorer address-page section state in this lane's directory. FIRST PASS, NOT OPENED THIS WAVE; classified from its name and harvested size only. READ LIVE 2026-09-24 (wave67 cat-status-a; use_figma getNodeByIdAsync, read-only; code at Skai-Trading fa36d2b9b): "Simple Chart line - no data" 1318x417, text: Average gas prices | Estimated heat map value | 10 8 6 4 2 | Mon Tue; beside 5691:138387 Explorer > Gas tracker 1VH (1440). -> partial: the gas tracker's "Average gas prices" heat map in its empty state; built as src/components/explorer/GasHeatMap.tsx (its unavailable state :190-197). Not measured.
Holdings - NFTs [5660-116662]	partial	src/pages/explorer/AddressDetailPage.tsx	-	Component fragment "Holdings - NFTs", 1318x698: an explorer address-page section state in this lane's directory. FIRST PASS, NOT OPENED THIS WAVE; classified from its name and harvested size only. READ LIVE 2026-09-24 (wave67 cat-status-a; use_figma getNodeByIdAsync, read-only; code at Skai-Trading fa36d2b9b): "Holdings - NFTs" 1318x698, text: Net worth (USD) $60,801.98 | Net worth (SKAI) | Tokens View all tokens; beside 5660:114498 Explorer > Address > Holdings 1VH (1440). -> partial: the Holdings tab's net-worth strip and token / NFT lists; built as HoldingsTab in src/pages/explorer/AddressDetailPage.tsx:1103 (and TokenHoldingsCard :403). Not measured at this cut.
With success/failure [11345-145018]	partial	src/pages/explorer/AddressDetailPage.tsx	-	Component fragment "With success/failure", 651x516: an explorer address-page section state in this lane's directory. FIRST PASS, NOT OPENED THIS WAVE; classified from its name and harvested size only. READ LIVE 2026-09-24 (wave67 cat-status-a; use_figma getNodeByIdAsync, read-only; code at Skai-Trading fa36d2b9b): "With success/failure" 651x516, text: 0x0fd8fe490... | 2 secs ago | From: 0x0fd8fe490... | To: SKAIGas: Collateral | 433cf794ac... | 14 secs ago (tx feed rows); beside 11983:221622 Explorer (1440). -> partial: the dashboard's Latest transactions card in its success / failure state; built as LatestTransactionsRows (src/pages/explorer/ExplorerDashboard.tsx:803-830, success and reverted marks from the receipt). Not measured.
Frame 1000003925 [11987-228392]	not-started	-	-	Loose top-level fragment named "Frame 1000003925", 914x962, not a screen and not a component state. Recorded so nobody re-triages it; excluded from the parity denominator. CORRECTED (wave67 cat-status-a, 2026-09-24; code at Skai-Trading fa36d2b9b, no Figma read: the connector was not connected), furniture -> unknown: the verdict above was taken from the name and harvested size alone, which SCHEMA.md's rule does not allow. Furniture is canvas chrome - Directory banners, Breakpoint rulers, loose shapes, stickies, author-labelled rejects - and this node is a visible FRAME "Frame 1000003925" of 914x962 (live/3sSzw1KewMtUbeLAv7uW0r__5210-118077.tsv); coverage.mjs counts such a node as genuine by design, because a default name says nobody named it, not that it holds nothing. Its children have not been read, so no status is claimed: needs a Figma read. READ LIVE 2026-09-24 (wave67 cat-status-a; use_figma getNodeByIdAsync, read-only; code at Skai-Trading fa36d2b9b): "Frame 1000003925" 914x962, text: Action | User | Hash | Error | Date | {"type":"spotDeploy"... | Genesis for BRLA; beside 11986:226555 Explorer > Dashboard - transactions (768). -> not-started: an actions table (action, user, hash, error, date; rows of spotDeploy / genesis JSON) beside the dashboard's transactions board. Nothing in src/pages/explorer draws an actions log.
Frame 1000003924 [11987-228045]	not-started	-	-	Loose top-level fragment named "Frame 1000003924", 804x660, not a screen and not a component state. Recorded so nobody re-triages it; excluded from the parity denominator. CORRECTED (wave67 cat-status-a, 2026-09-24; code at Skai-Trading fa36d2b9b, no Figma read: the connector was not connected), furniture -> unknown: the verdict above was taken from the name and harvested size alone, which SCHEMA.md's rule does not allow. Furniture is canvas chrome - Directory banners, Breakpoint rulers, loose shapes, stickies, author-labelled rejects - and this node is a visible FRAME "Frame 1000003924" of 804x660 (live/3sSzw1KewMtUbeLAv7uW0r__5210-118077.tsv); coverage.mjs counts such a node as genuine by design, because a default name says nobody named it, not that it holds nothing. Its children have not been read, so no status is claimed: needs a Figma read. READ LIVE 2026-09-24 (wave67 cat-status-a; use_figma getNodeByIdAsync, read-only; code at Skai-Trading fa36d2b9b): "Frame 1000003924" 804x660, text: Value | Token | Amount | From | To | Date | USDC | 1:03 AM — Jul 27, 2026 | SKAI | ZEC; beside 11986:226555 Explorer > Dashboard - transactions (768). -> not-started: a token-transfers table (value, token, amount, from, to, date) beside the dashboard's transactions board. The dashboard draws Latest blocks and Latest transactions plus two unavailable presets (src/pages/explorer/ExplorerDashboard.tsx:899-954, src/components/explorer/CustomizeListCardDrawer.tsx:62-93); no transfers table is drawn there.
Frame 267 [11987-227622]	blocked-on-backend	-	-	Loose top-level fragment named "Frame 267", 784x660, not a screen and not a component state. Recorded so nobody re-triages it; excluded from the parity denominator. CORRECTED (wave67 cat-status-a, 2026-09-24; code at Skai-Trading fa36d2b9b, no Figma read: the connector was not connected), furniture -> unknown: the verdict above was taken from the name and harvested size alone, which SCHEMA.md's rule does not allow. Furniture is canvas chrome - Directory banners, Breakpoint rulers, loose shapes, stickies, author-labelled rejects - and this node is a visible FRAME "Frame 267" of 784x660 (live/3sSzw1KewMtUbeLAv7uW0r__5210-118077.tsv); coverage.mjs counts such a node as genuine by design, because a default name says nobody named it, not that it holds nothing. Its children have not been read, so no status is claimed: needs a Figma read. READ LIVE 2026-09-24 (wave67 cat-status-a; use_figma getNodeByIdAsync, read-only; code at Skai-Trading fa36d2b9b): "Frame 267" 784x660, text: Activity type | Value | Pair | Amount | From | Progression | $987,654,321 | SKAIUSDC | 63 minutes left | BTCUSDT; beside 11986:226555 Explorer > Dashboard - transactions (768). -> blocked-on-backend: an Active TWAPs table (activity type, value, pair, amount, from, progression "63 minutes left"). No source: SKAI chain and its indexer keep no TWAP order records - the indexer registers no TWAP route (modules/skai-chain/indexer/api/rest/server.go route table) and "twap" in skai-chain appears only in price computation (core/engine/oracle, and the perps mark price at core/engine/perps/engine.go:2743).
Frame 1000003940 [11998-332332]	not-started	-	-	Loose top-level fragment named "Frame 1000003940", 874x784, not a screen and not a component state. Recorded so nobody re-triages it; excluded from the parity denominator. CORRECTED (wave67 cat-status-a, 2026-09-24; code at Skai-Trading fa36d2b9b, no Figma read: the connector was not connected), furniture -> unknown: the verdict above was taken from the name and harvested size alone, which SCHEMA.md's rule does not allow. Furniture is canvas chrome - Directory banners, Breakpoint rulers, loose shapes, stickies, author-labelled rejects - and this node is a visible FRAME "Frame 1000003940" of 874x784 (live/3sSzw1KewMtUbeLAv7uW0r__5210-118077.tsv); coverage.mjs counts such a node as genuine by design, because a default name says nobody named it, not that it holds nothing. Its children have not been read, so no status is claimed: needs a Figma read. READ LIVE 2026-09-24 (wave67 cat-status-a; use_figma getNodeByIdAsync, read-only; code at Skai-Trading fa36d2b9b): "Frame 1000003940" 874x784, text: Action | User | Hash | Error | Date | spotDeploy; beside 11998:329996 Explorer > Dashboard - transactions (375). -> not-started: an actions table (action, user, hash, error, date; rows of spotDeploy / genesis JSON) beside the dashboard's transactions board. Nothing in src/pages/explorer draws an actions log.
Frame 1000003941 [11998-332560]	not-started	-	-	Loose top-level fragment named "Frame 1000003941", 764x666, not a screen and not a component state. Recorded so nobody re-triages it; excluded from the parity denominator. CORRECTED (wave67 cat-status-a, 2026-09-24; code at Skai-Trading fa36d2b9b, no Figma read: the connector was not connected), furniture -> unknown: the verdict above was taken from the name and harvested size alone, which SCHEMA.md's rule does not allow. Furniture is canvas chrome - Directory banners, Breakpoint rulers, loose shapes, stickies, author-labelled rejects - and this node is a visible FRAME "Frame 1000003941" of 764x666 (live/3sSzw1KewMtUbeLAv7uW0r__5210-118077.tsv); coverage.mjs counts such a node as genuine by design, because a default name says nobody named it, not that it holds nothing. Its children have not been read, so no status is claimed: needs a Figma read. READ LIVE 2026-09-24 (wave67 cat-status-a; use_figma getNodeByIdAsync, read-only; code at Skai-Trading fa36d2b9b): "Frame 1000003941" 764x666, text: Value | Token | Amount | From | To | Date; beside 11998:329996 Explorer > Dashboard - transactions (375). -> not-started: a token-transfers table (value, token, amount, from, to, date) beside the dashboard's transactions board. The dashboard draws Latest blocks and Latest transactions plus two unavailable presets (src/pages/explorer/ExplorerDashboard.tsx:899-954, src/components/explorer/CustomizeListCardDrawer.tsx:62-93); no transfers table is drawn there.
Frame 1000003942 [11998-332847]	blocked-on-backend	-	-	Loose top-level fragment named "Frame 1000003942", 744x668, not a screen and not a component state. Recorded so nobody re-triages it; excluded from the parity denominator. CORRECTED (wave67 cat-status-a, 2026-09-24; code at Skai-Trading fa36d2b9b, no Figma read: the connector was not connected), furniture -> unknown: the verdict above was taken from the name and harvested size alone, which SCHEMA.md's rule does not allow. Furniture is canvas chrome - Directory banners, Breakpoint rulers, loose shapes, stickies, author-labelled rejects - and this node is a visible FRAME "Frame 1000003942" of 744x668 (live/3sSzw1KewMtUbeLAv7uW0r__5210-118077.tsv); coverage.mjs counts such a node as genuine by design, because a default name says nobody named it, not that it holds nothing. Its children have not been read, so no status is claimed: needs a Figma read. READ LIVE 2026-09-24 (wave67 cat-status-a; use_figma getNodeByIdAsync, read-only; code at Skai-Trading fa36d2b9b): "Frame 1000003942" 744x668, text: Activity type | Value | Pair | Amount | From | Progression; beside 11998:329996 Explorer > Dashboard - transactions (375). -> blocked-on-backend: an Active TWAPs table (activity type, value, pair, amount, from, progression "63 minutes left"). No source: SKAI chain and its indexer keep no TWAP order records - the indexer registers no TWAP route (modules/skai-chain/indexer/api/rest/server.go route table) and "twap" in skai-chain appears only in price computation (core/engine/oracle, and the perps mark price at core/engine/perps/engine.go:2743).
Truncated ALT - NOT recommended [11345-146431]	furniture	-	-	Author-labelled "Truncated ALT - NOT recommended", 935x760. The label itself says it is not the spec.
Skai YV - deposited [11259-40720]	partial	src/pages/YieldVaultDetail.tsx / src/components/defi/vault	-	Component fragment "Skai YV - deposited", 395x266: a vault or governance fragment; not this lane's file. FIRST PASS, NOT OPENED THIS WAVE; classified from its name and harvested size only. ASSESSED (wave67 cat-status-a, 2026-09-24; code at Skai-Trading fa36d2b9b, no Figma read: the connector was not connected), unknown -> partial: implemented. src/components/defi/vault/VaultCard.tsx draws this card and names this node as its frame (:4), with the frame's values transcribed as the oracle in VaultCard.figmaParity.test.tsx; its two stated divergences are deliberate (the Deposit CTA is kept because the fragment has no other way out to /earn/vault/:address, and the gain carries a $). Not re-measured this pass.
Skai YV - deposited [11670-313345]	partial	src/pages/YieldVaultDetail.tsx / src/components/defi/vault	-	Component fragment "Skai YV - deposited", 350x248: a vault or governance fragment; not this lane's file. FIRST PASS, NOT OPENED THIS WAVE; classified from its name and harvested size only. ASSESSED (wave67 cat-status-a, 2026-09-24; code at Skai-Trading fa36d2b9b, no Figma read: the connector was not connected), unknown -> partial: the same "Skai YV - deposited" card at a narrower width (350x248 in live/), drawn by the one component that implements it, src/components/defi/vault/VaultCard.tsx, which names the 1440 cut 11259:40720 (:4). Remaining: measure this width.
Skai YV - deposited [11706-321832]	partial	src/pages/YieldVaultDetail.tsx / src/components/defi/vault	-	Component fragment "Skai YV - deposited", 343x240: a vault or governance fragment; not this lane's file. FIRST PASS, NOT OPENED THIS WAVE; classified from its name and harvested size only. ASSESSED (wave67 cat-status-a, 2026-09-24; code at Skai-Trading fa36d2b9b, no Figma read: the connector was not connected), unknown -> partial: the same "Skai YV - deposited" card at a narrower width (343x240 in live/), drawn by the one component that implements it, src/components/defi/vault/VaultCard.tsx, which names the 1440 cut 11259:40720 (:4). Remaining: measure this width.
Withdraw from vault [11259-44415]	partial	src/pages/YieldVaultDetail.tsx / src/components/defi/vault	-	Component fragment "Withdraw from vault", 737x620: a vault or governance fragment; not this lane's file. FIRST PASS, NOT OPENED THIS WAVE; classified from its name and harvested size only. READ LIVE 2026-09-24 (wave67 cat-status-a; use_figma getNodeByIdAsync, read-only; code at Skai-Trading fa36d2b9b): "Withdraw from vault" 737x620, text: Withdraw to token | Skai USD Coin | sUSDC | Amount to withdraw | 12 | Max | $18.22 | 500.12 sUSDC Available | $100 | $200 | $300 | $500 | $1,000 | ...; beside 5515:93883 Yield vaults > Sample vault item (1440). -> partial: the yield vault withdraw panel (withdraw to token, amount, Max, available, $100-$1,000 chips); built as DepositWithdrawPanel on src/pages/YieldVaultDetail.tsx; the quick-amount chips are the recorded gap (status.governance-vaults.tsv:38).
Courses - buy [5442-40192]	unknown	src/components/learn/CommunityCourseCard.tsx	-	Component fragment "Courses - buy", 761x583: a Learn course-card fragment in this lane's directory. FIRST PASS, NOT OPENED THIS WAVE; classified from its name and harvested size only.
Corser details - with video [11343-142585]	unknown	src/components/learn/CommunityCourseCard.tsx	-	Component fragment "Corser details - with video", 680x1895: a Learn course-card fragment in this lane's directory. FIRST PASS, NOT OPENED THIS WAVE; classified from its name and harvested size only.
Videoframe - playing [5460-87886]	unknown	src/components/learn/CommunityCourseCard.tsx	-	Component fragment "Videoframe - playing", 1047x991: a Learn course-card fragment in this lane's directory. FIRST PASS, NOT OPENED THIS WAVE; classified from its name and harvested size only.
Videoframe - before playing [11342-142483]	unknown	src/components/learn/CommunityCourseCard.tsx	-	Component fragment "Videoframe - before playing", 1047x991: a Learn course-card fragment in this lane's directory. FIRST PASS, NOT OPENED THIS WAVE; classified from its name and harvested size only.
Course progress - completed [5446-82429]	unknown	src/components/learn/CommunityCourseCard.tsx	-	Component fragment "Course progress - completed", 1318x132: a Learn course-card fragment in this lane's directory. FIRST PASS, NOT OPENED THIS WAVE; classified from its name and harvested size only.
Course details - on:hover [5442-48059]	unknown	src/components/learn/CommunityCourseCard.tsx	-	Component fragment "Course details - on:hover", 367x234: a Learn course-card fragment in this lane's directory. FIRST PASS, NOT OPENED THIS WAVE; classified from its name and harvested size only.
Right menu [11309-136820]	partial	src/components/layout (right menu)	-	Component fragment "Right menu", 442x884: a state of the app right menu; not this lane's file. FIRST PASS, NOT OPENED THIS WAVE; classified from its name and harvested size only. READ LIVE 2026-09-24 (wave67 cat-status-a; use_figma getNodeByIdAsync, read-only; code at Skai-Trading fa36d2b9b): "Right menu" 442x884, text: Update proposal | Submit a proposal for the SKAI | DAO boost required | Deposit requirement: 1000 SKAI | Your voting power: 0 SKAI | Proposal title ...; beside 5373:68430 New proposal ALT 1VH. -> partial: the create / update proposal right menu (DAO boost required, deposit requirement 1000 SKAI, your voting power, title and description with counters); built as the right-docked drawer in src/components/governance/ProposalCreateModal.tsx (:299-305, the requirement and voting-power rows :331-345). The Update mode is not built.
Right menu [12141-451869]	partial	src/components/layout (right menu)	-	Component fragment "Right menu", 442x1008: a state of the app right menu; not this lane's file. FIRST PASS, NOT OPENED THIS WAVE; classified from its name and harvested size only. READ LIVE 2026-09-24 (wave67 cat-status-a; use_figma getNodeByIdAsync, read-only; code at Skai-Trading fa36d2b9b): "Right menu" 442x1008, text: Update proposal | Submit a proposal for the | DAO boost required | Deposit requirement 1000 SKAI | Your voting power 0 SKAI | Proposal title 0/200; beside 12097:429324 New proposal (768). -> partial: the create / update proposal right menu (DAO boost required, deposit requirement 1000 SKAI, your voting power, title and description with counters); built as the right-docked drawer in src/components/governance/ProposalCreateModal.tsx (:299-305, the requirement and voting-power rows :331-345). The Update mode is not built.
Right menu [12141-452042]	partial	src/components/layout (right menu)	-	Component fragment "Right menu", 359x812: a state of the app right menu; not this lane's file. FIRST PASS, NOT OPENED THIS WAVE; classified from its name and harvested size only. READ LIVE 2026-09-24 (wave67 cat-status-a; use_figma getNodeByIdAsync, read-only; code at Skai-Trading fa36d2b9b): "Right menu" 359x812, text: (same, 375); beside 12097:431217 New proposal (375). -> partial: the create / update proposal right menu (DAO boost required, deposit requirement 1000 SKAI, your voting power, title and description with counters); built as the right-docked drawer in src/components/governance/ProposalCreateModal.tsx (:299-305, the requirement and voting-power rows :331-345). The Update mode is not built.
Governance settings [11309-136155]	frame-defect	src/pages/YieldVaultDetail.tsx / src/components/defi/vault	-	Component fragment "Governance settings", 442x884: a vault or governance fragment; not this lane's file. FIRST PASS, NOT OPENED THIS WAVE; classified from its name and harvested size only. READ LIVE 2026-09-24 (wave67 cat-status-a; use_figma getNodeByIdAsync, read-only; code at Skai-Trading fa36d2b9b): "Governance settings" 442x884, text: Governance settings | Customize governance settings | Setup how governance works for | Open positions | Use builtin ABIs | Use local cache for ...; beside 5390:80080 Sample proposal - view 1VH. -> frame-defect: a "Governance settings" right menu whose options are the trade terminal's settings copy - Open positions, Use builtin ABIs, Use local cache for historical, Reset layout, "Revert the trade layout back to". None is a governance setting, so building it would ship trade-layout toggles on a governance page. Nothing draws it.
Governance settings [12097-429027]	frame-defect	src/pages/YieldVaultDetail.tsx / src/components/defi/vault	-	Component fragment "Governance settings", 442x1008: a vault or governance fragment; not this lane's file. FIRST PASS, NOT OPENED THIS WAVE; classified from its name and harvested size only. READ LIVE 2026-09-24 (wave67 cat-status-a; use_figma getNodeByIdAsync, read-only; code at Skai-Trading fa36d2b9b): "Governance settings" 442x1008, text: Governance settings | Customize governance settings | Open positions | Use builtin ABIs | Use local cache for historical | Reset layout | Revert the ...; beside 11900:115524 Sample proposal - view - detail (768). -> frame-defect: a "Governance settings" right menu whose options are the trade terminal's settings copy - Open positions, Use builtin ABIs, Use local cache for historical, Reset layout, "Revert the trade layout back to". None is a governance setting, so building it would ship trade-layout toggles on a governance page. Nothing draws it.
Governance settings [12097-429129]	frame-defect	src/pages/YieldVaultDetail.tsx / src/components/defi/vault	-	Component fragment "Governance settings", 354x796: a vault or governance fragment; not this lane's file. FIRST PASS, NOT OPENED THIS WAVE; classified from its name and harvested size only. READ LIVE 2026-09-24 (wave67 cat-status-a; use_figma getNodeByIdAsync, read-only; code at Skai-Trading fa36d2b9b): "Governance settings" 354x796, text: (same as above); beside 11904:130968 Sample proposal - view 1VH (375). -> frame-defect: a "Governance settings" right menu whose options are the trade terminal's settings copy - Open positions, Use builtin ABIs, Use local cache for historical, Reset layout, "Revert the trade layout back to". None is a governance setting, so building it would ship trade-layout toggles on a governance page. Nothing draws it.
Vault actions - deposit and unclaimed [11314-138830]	partial	src/pages/YieldVaultDetail.tsx / src/components/defi/vault	-	Component fragment "Vault actions - deposit and unclaimed", 1318x582: a vault or governance fragment; not this lane's file. FIRST PASS, NOT OPENED THIS WAVE; classified from its name and harvested size only. ASSESSED (wave67 cat-status-a, 2026-09-24; code at Skai-Trading fa36d2b9b, no Figma read: the connector was not connected), unknown -> partial: implemented in src/components/governance/StakingPanel.tsx, which names this node (:567) and draws the section title and accent bar, the Unclaimed rewards chip, the Open wallet link and the balance card over the Claim CTA. Two recorded departures (StakingPanel.tsx:569-582): rewards are shown in the vault's feeToken (sUSD) rather than SKAI, and the right-hand "Deposit from token: Solana SOL" form is not built because there is no SOL deposit rail into this vault. Not measured this pass.
Right menu - open [5376-70869]	partial	src/components/layout (right menu)	-	Component fragment "Right menu - open", 442x1643: a state of the app right menu; not this lane's file. FIRST PASS, NOT OPENED THIS WAVE; classified from its name and harvested size only. READ LIVE 2026-09-24 (wave67 cat-status-a; use_figma getNodeByIdAsync, read-only; code at Skai-Trading fa36d2b9b): "Right menu - open" 442x1643, text: Create proposal | Submit a proposal for th | DAO boost required | Deposit requirement 1000 SKAI | Your voting power 0 SKAI | Proposal title 0/200; beside 5373:68430 New proposal ALT 1VH (1440). -> partial: the create / update proposal right menu (DAO boost required, deposit requirement 1000 SKAI, your voting power, title and description with counters); built as the right-docked drawer in src/components/governance/ProposalCreateModal.tsx (:299-305, the requirement and voting-power rows :331-345). The Update mode is not built.
DAO boost - met [5376-71252]	partial	src/pages/YieldVaultDetail.tsx / src/components/defi/vault	-	Component fragment "DAO boost - met", 394x110: a vault or governance fragment; not this lane's file. FIRST PASS, NOT OPENED THIS WAVE; classified from its name and harvested size only. READ LIVE 2026-09-24 (wave67 cat-status-a; use_figma getNodeByIdAsync, read-only; code at Skai-Trading fa36d2b9b): "DAO boost - met" 394x110, text: DAO requirement met | Deposit requirement: 1000 SKAI | Your voting power: 1100 SKAI; beside 5373:68430 New proposal ALT 1VH (1440). -> partial: the proposal requirement box in its met state (deposit requirement 1000 SKAI against voting power 1100 SKAI); built as the Deposit Requirement / Your Voting Power rows of src/components/governance/ProposalCreateModal.tsx:331-345. The met styling is not measured.
House vault - if low [11151-80952]	partial	src/pages/YieldVaultDetail.tsx / src/components/defi/vault	-	Component fragment "House vault - if low", 419x550: a vault or governance fragment; not this lane's file. FIRST PASS, NOT OPENED THIS WAVE; classified from its name and harvested size only. READ LIVE 2026-09-24 (wave67 cat-status-a; use_figma getNodeByIdAsync, read-only; code at Skai-Trading fa36d2b9b): "House vault - if low" 419x550, text: House vault | 40 | 1 year | Earn 100 SKAI points for each fr | Provide liquidity to the house. | APY | 3-9% | TVL | $5.2M | Risk | Medium | Backs | ...; beside 5259:80297 Earn > Vaults (1440). -> partial: the House vault card on the Vaults board (APY 3-9%, TVL, risk, Backs: casino games, sportsbook); built in src/pages/vault/VaultSelection.tsx (status.governance-vaults.tsv:15). This low-liquidity variant is not measured.
Add liquidity - no value [11022-18418]	unknown	src/pages/defi/Earn.tsx	-	Component fragment "Add liquidity - no value", 432x674: an Earn stake/swap fragment; the surface it belongs to is not built. FIRST PASS, NOT OPENED THIS WAVE; classified from its name and harvested size only.
With winners [11161-82180]	partial	src/components/notifications/LotterySection.tsx	-	Component fragment "With winners", 1318x1007: a faucet/lottery fragment (lane governance-account). FIRST PASS, NOT OPENED THIS WAVE; classified from its name and harvested size only. READ LIVE 2026-09-24 (wave67 cat-status-a; use_figma getNodeByIdAsync, read-only; code at Skai-Trading fa36d2b9b): "With winners" 1318x1007, text: Skai lottery | Skai Originals | Dive into the thrilling world of | Price tiers — Daily price pool | Total: | $89.01 | 3 | Minor prize | @ghost, ...; beside 5280:87638 Earn > Faucet (1440). -> partial: the lottery overview with prize tiers and winners; built in src/components/notifications/LotterySection.tsx (tier cards with "(n winners per draw)" :374, the intro copy :407). Not measured at this cut.
Lottery - rolls finished [11156-82051]	partial	src/components/notifications/LotterySection.tsx	-	Component fragment "Lottery - rolls finished", 316x327: a faucet/lottery fragment (lane governance-account). FIRST PASS, NOT OPENED THIS WAVE; classified from its name and harvested size only. READ LIVE 2026-09-24 (wave67 cat-status-a; use_figma getNodeByIdAsync, read-only; code at Skai-Trading fa36d2b9b): "Lottery - rolls finished" 316x327, text: 6 | Rolls | 1 | Streak | 122 | SKAI earned | Bet amount: | 0.01 SKAI | 1/2 | 2X | Max | Balance: | 100.11 SKAI | $21.00; beside 5280:87638 Earn > Faucet (1440). -> partial: the faucet roll card (rolls, streak, SKAI earned, bet amount with 1/2 / 2X / Max, balance). FaucetClaimCard (mounted at src/pages/defi/Earn.tsx:1747) draws the rolls / won / streak stats and the cooldown (src/components/dashboard/FaucetClaimCard.tsx:600-640); the bet row belongs to HiLoGameCompact, which is built and mounted nowhere.
Winners - with date position shifted [11198-97038]	partial	src/components/notifications/LotterySection.tsx	-	Component fragment "Winners - with date position shifted", 1318x544: a faucet/lottery fragment (lane governance-account). FIRST PASS, NOT OPENED THIS WAVE; classified from its name and harvested size only. READ LIVE 2026-09-24 (wave67 cat-status-a; use_figma getNodeByIdAsync, read-only; code at Skai-Trading fa36d2b9b): "Winners - with date position shifted" 1318x544, text: Winners | Total: | $89.01 | User | Draw | Win/Loss | Payout | Date | @CryptoQueen88 | 1127 | 1,000 SKAI | 11:52 PM — Jul 26, 2026; beside 5370:46761 Earn > Faucet > Winners (1440). -> partial: the Winners table (user, draw, win/loss, payout, date); built as WINNERS_TABLE_COLUMNS / DrawHistoryTable in src/components/notifications/LotterySection.tsx:590-660. Not measured.
Tickets - empty [5370-46501]	partial	src/components/notifications/LotterySection.tsx	-	Component fragment "Tickets - empty", 1318x544: a faucet/lottery fragment (lane governance-account). FIRST PASS, NOT OPENED THIS WAVE; classified from its name and harvested size only. ASSESSED (wave67 cat-status-a, 2026-09-24; code at Skai-Trading fa36d2b9b, no Figma read: the connector was not connected), unknown -> partial: implemented. The Tickets tab's empty state is FaucetTicketsEmpty in src/components/notifications/LotterySection.tsx (:951-974), built from this fragment's 768 cut 12215:457766, read live 2026-09-21 and pinned by src/components/notifications/__tests__/faucetTicketsEmpty.figma.test.tsx; this 1318x544 cut is the same state at 1440. Deliberate: the first button reads Buy tickets, not Vault (the lottery runs in points, Casey 2026-09-23). The 1440 cut has not been measured.
Blackjack cards [5313-92097]	partial	src/components/notifications/LotterySection.tsx	-	Component fragment "Blackjack cards", 56x95: a faucet/lottery fragment (lane governance-account). FIRST PASS, NOT OPENED THIS WAVE; classified from its name and harvested size only. READ LIVE 2026-09-24 (wave67 cat-status-a; use_figma getNodeByIdAsync, read-only; code at Skai-Trading fa36d2b9b): "Blackjack cards" 56x95, text: 2; beside 5280:87638 Earn > Faucet (1440). -> partial: the second-place bar (56x95, "2") of the top-three podium; the same-named bars sit inside the Leaderboard and Faucet boards' Frame 317. Built as LeaderboardPodium (src/components/leaderboard/LeaderboardPodium.tsx:1-20, bar heights 152 / 95 / 72 at 1440) and the lottery prize podium (src/components/notifications/LotterySection.tsx:216-240).
Lottery other values [5291-89531]	partial	src/components/notifications/LotterySection.tsx	-	Component fragment "Lottery other values", 954x327: a faucet/lottery fragment (lane governance-account). FIRST PASS, NOT OPENED THIS WAVE; classified from its name and harvested size only. READ LIVE 2026-09-24 (wave67 cat-status-a; use_figma getNodeByIdAsync, read-only; code at Skai-Trading fa36d2b9b): "Lottery other values" 954x327, text: 13,550 SKAI | 8 1 2 9 | +0.5 Common | 19 : 22 : 44 to roll again; beside 5280:87638 Earn > Faucet (1440). -> partial: the faucet roll result (pixel digits 8 1 2 9, +0.5 Common) over "to roll again" countdown. The countdown is built in FaucetClaimCard; the roll digits and tier are not drawn because the chain drip is a flat amount with no roll (src/components/dashboard/FaucetClaimCard.tsx:1-11).
Lottery other values [12225-458073]	partial	src/components/notifications/LotterySection.tsx	-	Component fragment "Lottery other values", 420x327: a faucet/lottery fragment (lane governance-account). FIRST PASS, NOT OPENED THIS WAVE; classified from its name and harvested size only. READ LIVE 2026-09-24 (wave67 cat-status-a; use_figma getNodeByIdAsync, read-only; code at Skai-Trading fa36d2b9b): "Lottery other values" 420x327, text: 13,550 SKAI | 8 | 1 | 2 | 9 | +0.5 Common | 19 : 22 : 44 to roll again; beside 11983:179665 Earn > Faucet (768). -> partial: the faucet roll result (pixel digits 8 1 2 9, +0.5 Common) over "to roll again" countdown. The countdown is built in FaucetClaimCard; the roll digits and tier are not drawn because the chain drip is a flat amount with no roll (src/components/dashboard/FaucetClaimCard.tsx:1-11).
Lottery other values [12225-458091]	partial	src/components/notifications/LotterySection.tsx	-	Component fragment "Lottery other values", 319x246: a faucet/lottery fragment (lane governance-account). FIRST PASS, NOT OPENED THIS WAVE; classified from its name and harvested size only. READ LIVE 2026-09-24 (wave67 cat-status-a; use_figma getNodeByIdAsync, read-only; code at Skai-Trading fa36d2b9b): "Lottery other values" 319x246, text: (same); beside 12004:408480 Earn > Faucet (375). -> partial: the faucet roll result (pixel digits 8 1 2 9, +0.5 Common) over "to roll again" countdown. The countdown is built in FaucetClaimCard; the roll digits and tier are not drawn because the chain drip is a flat amount with no roll (src/components/dashboard/FaucetClaimCard.tsx:1-11).
Lock - with percentage [11151-79923]	blocked-on-backend	src/pages/YieldVaultDetail.tsx / src/components/defi/vault	-	Component fragment "Lock - with percentage", 461x498: a vault or governance fragment; not this lane's file. FIRST PASS, NOT OPENED THIS WAVE; classified from its name and harvested size only. READ LIVE 2026-09-24 (wave67 cat-status-a; use_figma getNodeByIdAsync, read-only; code at Skai-Trading fa36d2b9b): "Lock - with percentage" 461x498, text: 90 day lock | ( +0.10 SOL daily ) | APY: 16.00% | Deposit from token | Solana | SOL | Amount to deposit | 2 | Max | $177.69 | 3.10 SOL Available | ...; beside 5280:82910 Earn > Vault > Trading vault (1440). -> blocked-on-backend: the vault lock card that deposits SOL from Solana (90 day lock, +0.10 SOL daily, APY 16%). No rail: the vault has no SOL deposit path, and no source prints a daily SOL yield - the same missing pieces the House vault rows name (status.wave56.sportsbook.tsv:28-29).
Stake summary with fees [10517-39043]	not-started	src/pages/YieldVaultDetail.tsx / src/components/defi/vault	-	Component fragment "Stake summary with fees", 564x618: a vault or governance fragment; not this lane's file. FIRST PASS, NOT OPENED THIS WAVE; classified from its name and harvested size only. READ LIVE 2026-09-24 (wave67 cat-status-a; use_figma getNodeByIdAsync, read-only; code at Skai-Trading fa36d2b9b): "Stake summary with fees" 564x618, text: Review stake summary | Logging out of Skai wallet means | This stake amount | 100.00 SKAI | Source instrument | SKAI staking 1 | Currently staked | ...; beside 5243:76144 Earn > Stake > confirm stake (1440). -> not-started: the "Review stake summary" step (source instrument, currently staked, estimated returns, APY, commission / completion date); its rows are recorded as data (ADD_REVIEW_ROWS, src/pages/earn/opportunityDetailBoard.ts:209-221) but nothing renders a review step.
Swap - no value [5243-75704]	partial	src/pages/defi/Earn.tsx	-	Component fragment "Swap - no value", 506x556: an Earn stake/swap fragment; the surface it belongs to is not built. FIRST PASS, NOT OPENED THIS WAVE; classified from its name and harvested size only. READ LIVE 2026-09-24 (wave67 cat-status-a; use_figma getNodeByIdAsync, read-only; code at Skai-Trading fa36d2b9b): "Swap - no value" 506x556, text: Stake your SKAI in "SKAI | Commission 10.00% | Est. APY 8.76% | Currently staked 100M SKAI | Amount 25% 50%; beside 5243:74665 Earn > Stake (1440). -> partial: the single-asset stake form (Stake your SKAI in "SKAI staking 1", commission, est. APY, currently staked, amount with 25 / 50 / 75 / Max, balance); built as LendSavePanel (src/pages/earn/OpportunityDetail.tsx:1074, :1097; the Stake verb :1167; board notes opportunityDetailBoard.ts:222+). Not measured at this cut.
dropdown-1 [5248-76747]	partial	modules/skai-ui/src (DropdownMenu / Select)	-	Component fragment "dropdown-1", 163x160: a state of the shared dropdown primitive; not this lane's file to edit. FIRST PASS, NOT OPENED THIS WAVE; classified from its name and harvested size only. READ LIVE 2026-09-24 (wave67 cat-status-a; use_figma getNodeByIdAsync, read-only; code at Skai-Trading fa36d2b9b): "dropdown-1" 163x160, text: Any risk | Low | Medium | High; beside 5243:73398 Earn - Liquidity only (1440). -> partial: the open risk filter (Any risk / Low / Medium / High); built as the risk Select in src/pages/defi/EarnSectionHead.tsx:105-110 (labels Low Risk / Medium Risk / High Risk). Menu not measured.
dropdown-2 [5248-76770]	partial	modules/skai-ui/src (DropdownMenu / Select)	-	Component fragment "dropdown-2", 163x160: a state of the shared dropdown primitive; not this lane's file to edit. FIRST PASS, NOT OPENED THIS WAVE; classified from its name and harvested size only. READ LIVE 2026-09-24 (wave67 cat-status-a; use_figma getNodeByIdAsync, read-only; code at Skai-Trading fa36d2b9b): "dropdown-2" 163x160, text: Recent | APY - Annual Yield | TVL - Transaction Vol. | Risk; beside 5243:73398 Earn - Liquidity only (1440). -> partial: the open sort menu (Recent / APY / TVL / Risk); built as the sort Select in src/pages/defi/EarnSectionHead.tsx:111-115 with APY, TVL and Risk; Recent is omitted on purpose because EarnOpportunity carries no timestamp (EarnSectionHead.tsx:36-40).
dropdown-1 [12215-457080]	partial	modules/skai-ui/src (DropdownMenu / Select)	-	Component fragment "dropdown-1", 150x152: a state of the shared dropdown primitive; not this lane's file to edit. FIRST PASS, NOT OPENED THIS WAVE; classified from its name and harvested size only. READ LIVE 2026-09-24 (wave67 cat-status-a; use_figma getNodeByIdAsync, read-only; code at Skai-Trading fa36d2b9b): "dropdown-1" 150x152, text: Any risk | Low | Medium | High; beside 11973:153636 Earn - Liquidity only 1VH (768). -> partial: the open risk filter (Any risk / Low / Medium / High); built as the risk Select in src/pages/defi/EarnSectionHead.tsx:105-110 (labels Low Risk / Medium Risk / High Risk). Menu not measured.
dropdown-1 [12215-457116]	partial	modules/skai-ui/src (DropdownMenu / Select)	-	Component fragment "dropdown-1", 150x144: a state of the shared dropdown primitive; not this lane's file to edit. FIRST PASS, NOT OPENED THIS WAVE; classified from its name and harvested size only. READ LIVE 2026-09-24 (wave67 cat-status-a; use_figma getNodeByIdAsync, read-only; code at Skai-Trading fa36d2b9b): "dropdown-1" 150x144, text: Any risk | Low | Medium | High; beside 12003:384627 Earn - Liquidity only 1VH (375). -> partial: the open risk filter (Any risk / Low / Medium / High); built as the risk Select in src/pages/defi/EarnSectionHead.tsx:105-110 (labels Low Risk / Medium Risk / High Risk). Menu not measured.
dropdown-2 [12215-457089]	partial	modules/skai-ui/src (DropdownMenu / Select)	-	Component fragment "dropdown-2", 150x152: a state of the shared dropdown primitive; not this lane's file to edit. FIRST PASS, NOT OPENED THIS WAVE; classified from its name and harvested size only. READ LIVE 2026-09-24 (wave67 cat-status-a; use_figma getNodeByIdAsync, read-only; code at Skai-Trading fa36d2b9b): "dropdown-2" 150x152, text: Recent | APY - Annual Yield | TVL - Transaction Vol. | Risk; beside 11973:153636 Earn - Liquidity only 1VH (768). -> partial: the open sort menu (Recent / APY / TVL / Risk); built as the sort Select in src/pages/defi/EarnSectionHead.tsx:111-115 with APY, TVL and Risk; Recent is omitted on purpose because EarnOpportunity carries no timestamp (EarnSectionHead.tsx:36-40).
dropdown-2 [12215-457125]	partial	modules/skai-ui/src (DropdownMenu / Select)	-	Component fragment "dropdown-2", 150x144: a state of the shared dropdown primitive; not this lane's file to edit. FIRST PASS, NOT OPENED THIS WAVE; classified from its name and harvested size only. READ LIVE 2026-09-24 (wave67 cat-status-a; use_figma getNodeByIdAsync, read-only; code at Skai-Trading fa36d2b9b): "dropdown-2" 150x144, text: Recent | APY - Annual Yield | TVL - Transaction Vol. | Risk; beside 12003:384627 Earn - Liquidity only 1VH (375). -> partial: the open sort menu (Recent / APY / TVL / Risk); built as the sort Select in src/pages/defi/EarnSectionHead.tsx:111-115 with APY, TVL and Risk; Recent is omitted on purpose because EarnOpportunity carries no timestamp (EarnSectionHead.tsx:36-40).
dropdown-activity [10841-118147]	blocked-on-backend	modules/skai-ui/src (DropdownMenu / Select)	-	Component fragment "dropdown-activity", 163x236: a state of the shared dropdown primitive; not this lane's file to edit. FIRST PASS, NOT OPENED THIS WAVE; classified from its name and harvested size only. READ LIVE 2026-09-24 (wave67 cat-status-a; use_figma getNodeByIdAsync, read-only; code at Skai-Trading fa36d2b9b): "dropdown-activity" 163x236, text: Recent | Unbonding | Claim | Staking | Status - success | Status - failed; beside 5248:76804 Earn > My positions (1440). -> blocked-on-backend: the open Activity filter (Recent / Unbonding / Claim / Staking / Status - success / failed); the trigger is built DISABLED because no earn-activity source exists (src/pages/defi/EarnActivitySection.tsx:134-146; the section's note records the grep that finds none). Missing piece: an earn events source keyed by wallet and opportunity.
dropdown-activity [12215-457134]	blocked-on-backend	modules/skai-ui/src (DropdownMenu / Select)	-	Component fragment "dropdown-activity", 163x224: a state of the shared dropdown primitive; not this lane's file to edit. FIRST PASS, NOT OPENED THIS WAVE; classified from its name and harvested size only. READ LIVE 2026-09-24 (wave67 cat-status-a; use_figma getNodeByIdAsync, read-only; code at Skai-Trading fa36d2b9b): "dropdown-activity" 163x224, text: Recent | Unbonding | Claim | Staking | Status - success | Status - failed; beside 11978:168335 Earn > My positions (768). -> blocked-on-backend: the open Activity filter (Recent / Unbonding / Claim / Staking / Status - success / failed); the trigger is built DISABLED because no earn-activity source exists (src/pages/defi/EarnActivitySection.tsx:134-146; the section's note records the grep that finds none). Missing piece: an earn events source keyed by wallet and opportunity.
dropdown-activity [12215-457147]	blocked-on-backend	modules/skai-ui/src (DropdownMenu / Select)	-	Component fragment "dropdown-activity", 150x212: a state of the shared dropdown primitive; not this lane's file to edit. FIRST PASS, NOT OPENED THIS WAVE; classified from its name and harvested size only. READ LIVE 2026-09-24 (wave67 cat-status-a; use_figma getNodeByIdAsync, read-only; code at Skai-Trading fa36d2b9b): "dropdown-activity" 150x212, text: (same); beside 12003:386268 Earn > My positions (375). -> blocked-on-backend: the open Activity filter (Recent / Unbonding / Claim / Staking / Status - success / failed); the trigger is built DISABLED because no earn-activity source exists (src/pages/defi/EarnActivitySection.tsx:134-146; the section's note records the grep that finds none). Missing piece: an earn events source keyed by wallet and opportunity.
dropdown-proposals [11304-134283]	partial	modules/skai-ui/src (DropdownMenu / Select)	-	Component fragment "dropdown-proposals", 163x122: a state of the shared dropdown primitive; not this lane's file to edit. FIRST PASS, NOT OPENED THIS WAVE; classified from its name and harvested size only. READ LIVE 2026-09-24 (wave67 cat-status-a; use_figma getNodeByIdAsync, read-only; code at Skai-Trading fa36d2b9b): "dropdown-proposals" 163x122, text: Relevant | All proposals | Temp checks; beside 5370:61920 Governance 1VH (1440). -> partial: the open proposals scope menu (Relevant / All proposals / Temp checks [/ My proposals only]); built as the scope selector (src/components/governance/GovernanceProposals.tsx:386, labels pinned in proposalListState.test.ts:265); Temp checks is omitted on purpose, SKAIGovernor has no temperature-check concept.
dropdown-proposals [12097-428912]	partial	modules/skai-ui/src (DropdownMenu / Select)	-	Component fragment "dropdown-proposals", 150x116: a state of the shared dropdown primitive; not this lane's file to edit. FIRST PASS, NOT OPENED THIS WAVE; classified from its name and harvested size only. READ LIVE 2026-09-24 (wave67 cat-status-a; use_figma getNodeByIdAsync, read-only; code at Skai-Trading fa36d2b9b): "dropdown-proposals" 150x116, text: Relevant | All proposals | Temp checks; beside 11900:108870 Governance 1VH (768). -> partial: the open proposals scope menu (Relevant / All proposals / Temp checks [/ My proposals only]); built as the scope selector (src/components/governance/GovernanceProposals.tsx:386, labels pinned in proposalListState.test.ts:265); Temp checks is omitted on purpose, SKAIGovernor has no temperature-check concept.
dropdown-proposals [12097-428919]	partial	modules/skai-ui/src (DropdownMenu / Select)	-	Component fragment "dropdown-proposals", 120x110: a state of the shared dropdown primitive; not this lane's file to edit. FIRST PASS, NOT OPENED THIS WAVE; classified from its name and harvested size only. READ LIVE 2026-09-24 (wave67 cat-status-a; use_figma getNodeByIdAsync, read-only; code at Skai-Trading fa36d2b9b): "dropdown-proposals" 120x110, text: Relevant | All proposals | Temp checks; beside 11900:109506 Governance 1VH (375). -> partial: the open proposals scope menu (Relevant / All proposals / Temp checks [/ My proposals only]); built as the scope selector (src/components/governance/GovernanceProposals.tsx:386, labels pinned in proposalListState.test.ts:265); Temp checks is omitted on purpose, SKAIGovernor has no temperature-check concept.
dropdown-proposals [11306-134305]	partial	modules/skai-ui/src (DropdownMenu / Select)	-	Component fragment "dropdown-proposals", 163x160: a state of the shared dropdown primitive; not this lane's file to edit. FIRST PASS, NOT OPENED THIS WAVE; classified from its name and harvested size only. ASSESSED (wave67 cat-status-a, 2026-09-24; code at Skai-Trading fa36d2b9b, no Figma read: the connector was not connected), unknown -> partial: implemented. The proposals scope selector in src/components/governance/GovernanceProposals.tsx (:386) is built to this node, with its labels transcribed by hand in proposalListState.test.ts (:5, :265): Relevant, All proposals, My proposals only. The frame's fourth option, Temp checks, is omitted on purpose because SKAIGovernor has no temperature-check concept. Not measured this pass.
dropdown-proposals [12097-428926]	partial	modules/skai-ui/src (DropdownMenu / Select)	-	Component fragment "dropdown-proposals", 150x152: a state of the shared dropdown primitive; not this lane's file to edit. FIRST PASS, NOT OPENED THIS WAVE; classified from its name and harvested size only. READ LIVE 2026-09-24 (wave67 cat-status-a; use_figma getNodeByIdAsync, read-only; code at Skai-Trading fa36d2b9b): "dropdown-proposals" 150x152, text: Relevant | All proposals | Temp checks | My proposals only; beside 11900:111292 Governance > Proposals 1VH (768). -> partial: the open proposals scope menu (Relevant / All proposals / Temp checks [/ My proposals only]); built as the scope selector (src/components/governance/GovernanceProposals.tsx:386, labels pinned in proposalListState.test.ts:265); Temp checks is omitted on purpose, SKAIGovernor has no temperature-check concept.
dropdown-proposals [12097-428981]	partial	modules/skai-ui/src (DropdownMenu / Select)	-	Component fragment "dropdown-proposals", 150x116: a state of the shared dropdown primitive; not this lane's file to edit. FIRST PASS, NOT OPENED THIS WAVE; classified from its name and harvested size only. READ LIVE 2026-09-24 (wave67 cat-status-a; use_figma getNodeByIdAsync, read-only; code at Skai-Trading fa36d2b9b): "dropdown-proposals" 150x116, text: Relevant | All proposals | Temp checks; beside 11900:112324 Governance > Proposals (768). -> partial: the open proposals scope menu (Relevant / All proposals / Temp checks [/ My proposals only]); built as the scope selector (src/components/governance/GovernanceProposals.tsx:386, labels pinned in proposalListState.test.ts:265); Temp checks is omitted on purpose, SKAIGovernor has no temperature-check concept.
dropdown-proposals [12097-428952]	partial	modules/skai-ui/src (DropdownMenu / Select)	-	Component fragment "dropdown-proposals", 130x144: a state of the shared dropdown primitive; not this lane's file to edit. FIRST PASS, NOT OPENED THIS WAVE; classified from its name and harvested size only. READ LIVE 2026-09-24 (wave67 cat-status-a; use_figma getNodeByIdAsync, read-only; code at Skai-Trading fa36d2b9b): "dropdown-proposals" 130x144, text: Relevant | All proposals | Temp checks | My proposals only; beside 11902:127189 Governance > Proposals 1VH (375). -> partial: the open proposals scope menu (Relevant / All proposals / Temp checks [/ My proposals only]); built as the scope selector (src/components/governance/GovernanceProposals.tsx:386, labels pinned in proposalListState.test.ts:265); Temp checks is omitted on purpose, SKAIGovernor has no temperature-check concept.
dropdown-proposals [12097-429007]	partial	modules/skai-ui/src (DropdownMenu / Select)	-	Component fragment "dropdown-proposals", 130x110: a state of the shared dropdown primitive; not this lane's file to edit. FIRST PASS, NOT OPENED THIS WAVE; classified from its name and harvested size only. READ LIVE 2026-09-24 (wave67 cat-status-a; use_figma getNodeByIdAsync, read-only; code at Skai-Trading fa36d2b9b): "dropdown-proposals" 130x110, text: Relevant | All proposals | Temp checks; beside 11902:127752 Governance > Proposals (375). -> partial: the open proposals scope menu (Relevant / All proposals / Temp checks [/ My proposals only]); built as the scope selector (src/components/governance/GovernanceProposals.tsx:386, labels pinned in proposalListState.test.ts:265); Temp checks is omitted on purpose, SKAIGovernor has no temperature-check concept.
dropdown-proposals [11307-135045]	partial	modules/skai-ui/src (DropdownMenu / Select)	-	Component fragment "dropdown-proposals", 163x122: a state of the shared dropdown primitive; not this lane's file to edit. FIRST PASS, NOT OPENED THIS WAVE; classified from its name and harvested size only. READ LIVE 2026-09-24 (wave67 cat-status-a; use_figma getNodeByIdAsync, read-only; code at Skai-Trading fa36d2b9b): "dropdown-proposals" 163x122, text: Relevant | All proposals | Temp checks; beside 5371:64317 Governance > Proposals (1440). -> partial: the open proposals scope menu (Relevant / All proposals / Temp checks [/ My proposals only]); built as the scope selector (src/components/governance/GovernanceProposals.tsx:386, labels pinned in proposalListState.test.ts:265); Temp checks is omitted on purpose, SKAIGovernor has no temperature-check concept.
dropdown-pool and treasury [11193-91907]	frame-defect	modules/skai-ui/src (DropdownMenu / Select)	-	Component fragment "dropdown-pool and treasury", 163x274: a state of the shared dropdown primitive; not this lane's file to edit. FIRST PASS, NOT OPENED THIS WAVE; classified from its name and harvested size only. READ LIVE 2026-09-24 (wave67 cat-status-a; use_figma getNodeByIdAsync, read-only; code at Skai-Trading fa36d2b9b): "dropdown-pool and treasury" 163x274, text: All time | Today | Yesterday | Last week | Last month | 6 months | 1 year; beside 5280:87638 Earn > Faucet (1440). -> frame-defect: the open range picker (All time ... 1 year) of "Pool and treasury stats". Not drawn by ruling: the lottery runs in points and its treasury tiles came off (Casey 2026-09-22 and 2026-09-23), and a this-period prize has no range to pick (src/components/notifications/LotterySection.tsx:519-531, :1690-1696).
dropdown-pool and treasury [12225-458356]	frame-defect	modules/skai-ui/src (DropdownMenu / Select)	-	Component fragment "dropdown-pool and treasury", 150x260: a state of the shared dropdown primitive; not this lane's file to edit. FIRST PASS, NOT OPENED THIS WAVE; classified from its name and harvested size only. READ LIVE 2026-09-24 (wave67 cat-status-a; use_figma getNodeByIdAsync, read-only; code at Skai-Trading fa36d2b9b): "dropdown-pool and treasury" 150x260, text: All time | Today | Yesterday | Last week | Last month | 6 months | 1 year; beside 11983:179665 Earn > Faucet (768). -> frame-defect: the open range picker (All time ... 1 year) of "Pool and treasury stats". Not drawn by ruling: the lottery runs in points and its treasury tiles came off (Casey 2026-09-22 and 2026-09-23), and a this-period prize has no range to pick (src/components/notifications/LotterySection.tsx:519-531, :1690-1696).
dropdown-pool and treasury [12225-458371]	frame-defect	modules/skai-ui/src (DropdownMenu / Select)	-	Component fragment "dropdown-pool and treasury", 120x246: a state of the shared dropdown primitive; not this lane's file to edit. FIRST PASS, NOT OPENED THIS WAVE; classified from its name and harvested size only. READ LIVE 2026-09-24 (wave67 cat-status-a; use_figma getNodeByIdAsync, read-only; code at Skai-Trading fa36d2b9b): "dropdown-pool and treasury" 120x246, text: (same); beside 12004:408480 Earn > Faucet (375). -> frame-defect: the open range picker (All time ... 1 year) of "Pool and treasury stats". Not drawn by ruling: the lottery runs in points and its treasury tiles came off (Casey 2026-09-22 and 2026-09-23), and a this-period prize has no range to pick (src/components/notifications/LotterySection.tsx:519-531, :1690-1696).
dropdown-winners [11198-97230]	not-started	modules/skai-ui/src (DropdownMenu / Select)	-	Component fragment "dropdown-winners", 163x160: a state of the shared dropdown primitive; not this lane's file to edit. FIRST PASS, NOT OPENED THIS WAVE; classified from its name and harvested size only. READ LIVE 2026-09-24 (wave67 cat-status-a; use_figma getNodeByIdAsync, read-only; code at Skai-Trading fa36d2b9b): "dropdown-winners" 163x160, text: Recent | All outcomes | Winners only | Losers only; beside 5370:46761 Earn > Faucet > Winners (1440). -> not-started: the open Winners filter (Recent / All outcomes / Winners only / Losers only); the Winners tab draws its table with no outcome filter (src/components/notifications/LotterySection.tsx:590-660).
dropdown-winners [12225-458386]	not-started	modules/skai-ui/src (DropdownMenu / Select)	-	Component fragment "dropdown-winners", 150x152: a state of the shared dropdown primitive; not this lane's file to edit. FIRST PASS, NOT OPENED THIS WAVE; classified from its name and harvested size only. READ LIVE 2026-09-24 (wave67 cat-status-a; use_figma getNodeByIdAsync, read-only; code at Skai-Trading fa36d2b9b): "dropdown-winners" 150x152, text: Recent | All outcomes | Winners only | Losers only; beside 11983:181349 Earn > Faucet > Winners (768). -> not-started: the open Winners filter (Recent / All outcomes / Winners only / Losers only); the Winners tab draws its table with no outcome filter (src/components/notifications/LotterySection.tsx:590-660).
dropdown-winners [12225-458395]	not-started	modules/skai-ui/src (DropdownMenu / Select)	-	Component fragment "dropdown-winners", 120x144: a state of the shared dropdown primitive; not this lane's file to edit. FIRST PASS, NOT OPENED THIS WAVE; classified from its name and harvested size only. READ LIVE 2026-09-24 (wave67 cat-status-a; use_figma getNodeByIdAsync, read-only; code at Skai-Trading fa36d2b9b): "dropdown-winners" 120x144, text: (same); beside 12004:410871 Earn > Faucet > Winners (375). -> not-started: the open Winners filter (Recent / All outcomes / Winners only / Losers only); the Winners tab draws its table with no outcome filter (src/components/notifications/LotterySection.tsx:590-660).
dropdown-tickets [11198-97007]	not-started	modules/skai-ui/src (DropdownMenu / Select)	-	Component fragment "dropdown-tickets", 250x130: a state of the shared dropdown primitive; not this lane's file to edit. FIRST PASS, NOT OPENED THIS WAVE; classified from its name and harvested size only. READ LIVE 2026-09-24 (wave67 cat-status-a; use_figma getNodeByIdAsync, read-only; code at Skai-Trading fa36d2b9b): "dropdown-tickets" 250x130, text: Share ticket | Join today's lottery | View on Skaiscan; beside 5315:92101 Earn > Faucet > Tickets (1440). -> not-started: a ticket row menu (Share ticket / Join today's lottery / View on Skaiscan); the Ticket history rows carry no menu (src/components/notifications/LotterySection.tsx:780-825 records the row controls and builds none).
sidebar - open earn [11364-165058]	not-started	src/components/layout (app sidebar)	-	Component fragment "sidebar - open earn", 248x844: a state of the app sidebar; not this lane's file. FIRST PASS, NOT OPENED THIS WAVE; classified from its name and harvested size only. ASSESSED (wave67 cat-status-a, 2026-09-24; code at Skai-Trading fa36d2b9b, no Figma read: the connector was not connected), unknown -> not-started: the section column this board exists to draw is not built. The left sidebar is one component whose middle column is section-contextual, and each section's board is named "sidebar - open <section>" (src/components/home-redesign/sidebarSurfaces.ts:5-16). The resolver knows five surfaces - home, trade, play, predict, social (SidebarSurfaceId, :58) - and resolveSidebarSurface falls back to home for any other pathname (:910-915), so /earn draws the home AI-chat column. The shared chrome exists; the Earn column does not.
sidebar - open governance [11364-165916]	not-started	src/components/layout (app sidebar)	-	Component fragment "sidebar - open governance", 248x900: a state of the app sidebar; not this lane's file. FIRST PASS, NOT OPENED THIS WAVE; classified from its name and harvested size only. ASSESSED (wave67 cat-status-a, 2026-09-24; code at Skai-Trading fa36d2b9b, no Figma read: the connector was not connected), unknown -> not-started: the section column this board exists to draw is not built. The left sidebar is one component whose middle column is section-contextual, and each section's board is named "sidebar - open <section>" (src/components/home-redesign/sidebarSurfaces.ts:5-16). The resolver knows five surfaces - home, trade, play, predict, social (SidebarSurfaceId, :58) - and resolveSidebarSurface falls back to home for any other pathname (:910-915), so /governance draws the home AI-chat column. The shared chrome exists; the Governance column does not.
sidebar - open learn [11370-169091]	not-started	src/components/layout (app sidebar)	-	Component fragment "sidebar - open learn", 248x844: a state of the app sidebar; not this lane's file. FIRST PASS, NOT OPENED THIS WAVE; classified from its name and harvested size only. ASSESSED (wave67 cat-status-a, 2026-09-24; code at Skai-Trading fa36d2b9b, no Figma read: the connector was not connected), unknown -> not-started: the section column this board exists to draw is not built. The left sidebar is one component whose middle column is section-contextual, and each section's board is named "sidebar - open <section>" (src/components/home-redesign/sidebarSurfaces.ts:5-16). The resolver knows five surfaces - home, trade, play, predict, social (SidebarSurfaceId, :58) - and resolveSidebarSurface falls back to home for any other pathname (:910-915), so /learn draws the home AI-chat column. The shared chrome exists; the Learn column does not.
sidebar - open explorer [11370-182316]	not-started	src/components/layout (app sidebar)	-	Component fragment "sidebar - open explorer", 248x844: a state of the app sidebar; not this lane's file. FIRST PASS, NOT OPENED THIS WAVE; classified from its name and harvested size only. ASSESSED (wave67 cat-status-a, 2026-09-24; code at Skai-Trading fa36d2b9b, no Figma read: the connector was not connected), unknown -> not-started: the section column this board exists to draw is not built. The left sidebar is one component whose middle column is section-contextual, and each section's board is named "sidebar - open <section>" (src/components/home-redesign/sidebarSurfaces.ts:5-16). The resolver knows five surfaces - home, trade, play, predict, social (SidebarSurfaceId, :58) - and resolveSidebarSurface falls back to home for any other pathname (:910-915), so /explorer draws the home AI-chat column. The shared chrome exists; the Explorer column does not.
Created tokens [5518-103036]	partial	src/pages/explorer/AddressDetailPage.tsx	-	Component fragment "Created tokens", 367x296: an explorer address-page section state in this lane's directory. FIRST PASS, NOT OPENED THIS WAVE; classified from its name and harvested size only. READ LIVE 2026-09-24 (wave67 cat-status-a; use_figma getNodeByIdAsync, read-only; code at Skai-Trading fa36d2b9b): "Created tokens" 367x296, text: Created tokens (4) | Anal intelligence 2d $14.2k Holders: 3 | PIT Pituitary very 27d; beside 5518:101256 Account 1VH (1440). -> partial: the "Created tokens (4)" card; its rows are CreatedTokenList (src/components/social/profile/CreatedTokenList.tsx; CreatorFigure.tsx:91-126 formats $14.2k and 2d as drawn), mounted on /account's Token section through AccountCreatedTokensPanel (frame 5529:73102) rather than in the overview column this board places it in.
Overview - play [5518-102983]	not-started	src/pages/account (Performance overview)	-	Component fragment "Overview - play", 680x248: an account performance fragment (lane governance-account). FIRST PASS, NOT OPENED THIS WAVE; classified from its name and harvested size only. READ LIVE 2026-09-24 (wave67 cat-status-a; use_figma getNodeByIdAsync, read-only; code at Skai-Trading fa36d2b9b): "Overview - play" 680x248, text: Overview | Total bets $15,160.14 | Amount deposited | Win rate 80% | 10 spends | Average bet size $1,200; beside 5518:101256 Account 1VH (1440). -> not-started: the account overview's Play variant (total bets, amount deposited, win rate, average bet size, biggest win / loss); PerformanceOverview draws the trading figures only, and the gaming tab of UserAnalyticsDashboard is a different surface (src/pages/account/Account.tsx:514-521).
Overview - play -hidden [5525-11686]	not-started	src/pages/account (Performance overview)	-	Component fragment "Overview - play -hidden", 680x248: an account performance fragment (lane governance-account). FIRST PASS, NOT OPENED THIS WAVE; classified from its name and harvested size only. READ LIVE 2026-09-24 (wave67 cat-status-a; use_figma getNodeByIdAsync, read-only; code at Skai-Trading fa36d2b9b): "Overview - play -hidden" 680x248, text: Overview | Total bets ***** | Win rate **** | 10 spends | Average bet size | 5 active proposals; beside 5518:101256 Account 1VH (1440). -> not-started: the Play overview with its values masked (*****); neither the Play overview nor a hide-values control exists (src/components/account/PerformanceOverview.tsx).
input/primary-inputs - with warning [11267-125024]	not-started	modules/skai-ui/src (Input)	-	Component fragment "input/primary-inputs - with warning", 259x88: a state of the shared Input primitive; not this lane's file to edit. FIRST PASS, NOT OPENED THIS WAVE; classified from its name and harvested size only. READ LIVE 2026-09-24 (wave67 cat-status-a; use_figma getNodeByIdAsync, read-only; code at Skai-Trading fa36d2b9b): "input/primary-inputs - with warning" 259x88, text: Email | vassimo@skai.trade | This password encrypts your priv; beside 5526:47972 Account > Account settings (1440). -> not-started: the editable email input in its warning state; the settings email is display-only - it comes from the auth provider and has nothing to save (src/components/account/SettingsTab.tsx:1124-1149), so this state has no field to belong to.
input/primary-inputs - on:hover [11267-125066]	not-started	modules/skai-ui/src (Input)	-	Component fragment "input/primary-inputs - on:hover", 795x76: a state of the shared Input primitive; not this lane's file to edit. FIRST PASS, NOT OPENED THIS WAVE; classified from its name and harvested size only. READ LIVE 2026-09-24 (wave67 cat-status-a; use_figma getNodeByIdAsync, read-only; code at Skai-Trading fa36d2b9b): "input/primary-inputs - on:hover" 795x76, text: Username | BSC Returns | 0x47CF...B292 | Make primary | This password encrypts your priv; beside 5529:49244 Account > Account settings > Security (1440). -> not-started: a connected-wallet row on hover with "Make primary"; the Connected wallets rows are built (src/components/account/SettingsTab.tsx:1590-1650) but offer no make-primary action and deliberately carry no hover (bug 8272cc93, :1634-1637).
dropdown-multiselect [10517-38160]	not-started	modules/skai-ui/src (DropdownMenu / Select)	-	Component fragment "dropdown-multiselect", 250x92: a state of the shared dropdown primitive; not this lane's file to edit. FIRST PASS, NOT OPENED THIS WAVE; classified from its name and harvested size only. READ LIVE 2026-09-24 (wave67 cat-status-a; use_figma getNodeByIdAsync, read-only; code at Skai-Trading fa36d2b9b): "dropdown-multiselect" 250x92, text: Deposit | See token information; beside 5220:10996 Earn 1VH (1440). -> not-started: a row overflow menu (Deposit / See token information) on the Earn table; no Earn row has a menu (no DropdownMenu in src/pages/defi).
dropdown-multiselect [11212-20103]	blocked-on-backend	modules/skai-ui/src (DropdownMenu / Select)	-	Component fragment "dropdown-multiselect", 250x46: a state of the shared dropdown primitive; not this lane's file to edit. FIRST PASS, NOT OPENED THIS WAVE; classified from its name and harvested size only. READ LIVE 2026-09-24 (wave67 cat-status-a; use_figma getNodeByIdAsync, read-only; code at Skai-Trading fa36d2b9b): "dropdown-multiselect" 250x46, text: View on Skaiscan; beside 5481:49179 Airdrop (1440). -> blocked-on-backend: a Snapshot list row menu ("View on Skaiscan"). The list has no rows to carry it: no airdrop snapshot is published (src/components/governance/AirdropSnapshotList.tsx:141-142).
dropdown-Snapshot list [11212-20117]	blocked-on-backend	modules/skai-ui/src (DropdownMenu / Select)	-	Component fragment "dropdown-Snapshot list", 163x122: a state of the shared dropdown primitive; not this lane's file to edit. FIRST PASS, NOT OPENED THIS WAVE; classified from its name and harvested size only. READ LIVE 2026-09-24 (wave67 cat-status-a; use_figma getNodeByIdAsync, read-only; code at Skai-Trading fa36d2b9b): "dropdown-Snapshot list" 163x122, text: All users | Points: Low to high | Points: High to low; beside 5481:49179 Airdrop (1440). -> blocked-on-backend: the open Snapshot list sort (All users / Points: low to high / high to low). Missing piece: a published airdrop snapshot - the list renders its unavailable state and its controls are measured and not built (src/components/governance/AirdropSnapshotList.tsx:38-50, :141-142).
dropdown-yield vaults [11706-321906]	blocked-on-backend	modules/skai-ui/src (DropdownMenu / Select)	-	Component fragment "dropdown-yield vaults", 140x246: a state of the shared dropdown primitive; not this lane's file to edit. FIRST PASS, NOT OPENED THIS WAVE; classified from its name and harvested size only. READ LIVE 2026-09-24 (wave67 cat-status-a; use_figma getNodeByIdAsync, read-only; code at Skai-Trading fa36d2b9b): "dropdown-yield vaults" 140x246, text: 1 year | 6 months | 1 month | 1 week | 24 hours | 6 hours | 30 mins; beside 11664:306263 Yield vaults 1VH (375). -> blocked-on-backend: the open timeframe menu (1 year ... 30 mins) of the yield vault chart. Missing piece: a historical vault series - the contracts expose none (src/pages/YieldVaultDetail.tsx:10) and no vault snapshot relation exists in supabase/migrations.
dropdown-account [11260-123586]	not-started	modules/skai-ui/src (DropdownMenu / Select)	-	Component fragment "dropdown-account", 163x122: a state of the shared dropdown primitive; not this lane's file to edit. FIRST PASS, NOT OPENED THIS WAVE; classified from its name and harvested size only. READ LIVE 2026-09-24 (wave67 cat-status-a; use_figma getNodeByIdAsync, read-only; code at Skai-Trading fa36d2b9b): "dropdown-account" 163x122, text: Trade | Predict | Play; beside 5518:101256 Account 1VH (1440). -> not-started: the open Trade / Predict / Play switch of the account overview; not built - PerformanceOverview draws the trading overview with a period select only (src/components/account/PerformanceOverview.tsx:584-594).
dropdown-account [12082-426960]	not-started	modules/skai-ui/src (DropdownMenu / Select)	-	Component fragment "dropdown-account", 150x116: a state of the shared dropdown primitive; not this lane's file to edit. FIRST PASS, NOT OPENED THIS WAVE; classified from its name and harvested size only. READ LIVE 2026-09-24 (wave67 cat-status-a; use_figma getNodeByIdAsync, read-only; code at Skai-Trading fa36d2b9b): "dropdown-account" 150x116, text: Trade | Predict | Play; beside 11768:350087 Account 1VH (768). -> not-started: the open Trade / Predict / Play switch of the account overview; not built - PerformanceOverview draws the trading overview with a period select only (src/components/account/PerformanceOverview.tsx:584-594).
dropdown-account [12082-426968]	not-started	modules/skai-ui/src (DropdownMenu / Select)	-	Component fragment "dropdown-account", 120x110: a state of the shared dropdown primitive; not this lane's file to edit. FIRST PASS, NOT OPENED THIS WAVE; classified from its name and harvested size only. READ LIVE 2026-09-24 (wave67 cat-status-a; use_figma getNodeByIdAsync, read-only; code at Skai-Trading fa36d2b9b): "dropdown-account" 120x110, text: Trade | Predict | Play; beside 11875:86552 Account 1VH (375). -> not-started: the open Trade / Predict / Play switch of the account overview; not built - PerformanceOverview draws the trading overview with a period select only (src/components/account/PerformanceOverview.tsx:584-594).
dropdown-account overview 2 [11266-123769]	not-started	modules/skai-ui/src (DropdownMenu / Select)	-	Component fragment "dropdown-account overview 2", 163x122: a state of the shared dropdown primitive; not this lane's file to edit. FIRST PASS, NOT OPENED THIS WAVE; classified from its name and harvested size only. READ LIVE 2026-09-24 (wave67 cat-status-a; use_figma getNodeByIdAsync, read-only; code at Skai-Trading fa36d2b9b): "dropdown-account overview 2" 163x122, text: Trade | Predict | Play; beside 5523:103993 Account > Performance overview (1440). -> not-started: the open Trade / Predict / Play switch of the account overview; not built - PerformanceOverview draws the trading overview with a period select only (src/components/account/PerformanceOverview.tsx:584-594).
dropdown-account overview 3 [12097-427035]	not-started	modules/skai-ui/src (DropdownMenu / Select)	-	Component fragment "dropdown-account overview 3", 150x116: a state of the shared dropdown primitive; not this lane's file to edit. FIRST PASS, NOT OPENED THIS WAVE; classified from its name and harvested size only. READ LIVE 2026-09-24 (wave67 cat-status-a; use_figma getNodeByIdAsync, read-only; code at Skai-Trading fa36d2b9b): "dropdown-account overview 3" 150x116, text: Trade | Predict | Play; beside 11793:351692 Account > Performance overview (768). -> not-started: the open Trade / Predict / Play switch of the account overview; not built - PerformanceOverview draws the trading overview with a period select only (src/components/account/PerformanceOverview.tsx:584-594).
dropdown-account overview 1 [11266-123753]	partial	modules/skai-ui/src (DropdownMenu / Select)	-	Component fragment "dropdown-account overview 1", 163x274: a state of the shared dropdown primitive; not this lane's file to edit. FIRST PASS, NOT OPENED THIS WAVE; classified from its name and harvested size only. READ LIVE 2026-09-24 (wave67 cat-status-a; use_figma getNodeByIdAsync, read-only; code at Skai-Trading fa36d2b9b): "dropdown-account overview 1" 163x274, text: 1 year | 6 months | 1 month | 1 week | 24 hours | 6 hours | 30 mins; beside 5523:103993 Account > Performance overview (1440). -> partial: the open period menu (1 year ... 30 mins) of the account overview; built as the period select (src/components/account/PerformanceOverview.tsx:584-594) with the four periods getUserAnalytics accepts - 1 week, 1 month, 3 months, All time (src/components/account/overviewFigures.ts:41-50).
dropdown-account overview 4 [12097-427042]	partial	modules/skai-ui/src (DropdownMenu / Select)	-	Component fragment "dropdown-account overview 4", 150x260: a state of the shared dropdown primitive; not this lane's file to edit. FIRST PASS, NOT OPENED THIS WAVE; classified from its name and harvested size only. READ LIVE 2026-09-24 (wave67 cat-status-a; use_figma getNodeByIdAsync, read-only; code at Skai-Trading fa36d2b9b): "dropdown-account overview 4" 150x260, text: 1 year | 6 months | 1 month | 1 week | 24 hours | 6 hours | 30 mins; beside 11793:351692 Account > Performance overview (768). -> partial: the open period menu (1 year ... 30 mins) of the account overview; built as the period select (src/components/account/PerformanceOverview.tsx:584-594) with the four periods getUserAnalytics accepts - 1 week, 1 month, 3 months, All time (src/components/account/overviewFigures.ts:41-50).
dropdown-multiselect [11260-123562]	not-started	modules/skai-ui/src (DropdownMenu / Select)	-	Component fragment "dropdown-multiselect", 250x46: a state of the shared dropdown primitive; not this lane's file to edit. FIRST PASS, NOT OPENED THIS WAVE; classified from its name and harvested size only. READ LIVE 2026-09-24 (wave67 cat-status-a; use_figma getNodeByIdAsync, read-only; code at Skai-Trading fa36d2b9b): "dropdown-multiselect" 250x46, text: View on Skaiscan; beside 5515:96095 Gauge voting 1VH (1440). -> not-started: a gauge row menu ("View on Skaiscan"); no gauge row has a menu (no DropdownMenu in src/components/defi/gauge).
dropdown-tiers [11302-129670]	partial	modules/skai-ui/src (DropdownMenu / Select)	-	Component fragment "dropdown-tiers", 163x274: a state of the shared dropdown primitive; not this lane's file to edit. FIRST PASS, NOT OPENED THIS WAVE; classified from its name and harvested size only. READ LIVE 2026-09-24 (wave67 cat-status-a; use_figma getNodeByIdAsync, read-only; code at Skai-Trading fa36d2b9b): "dropdown-tiers" 163x274, text: All tiers | Legend | Platinum | Gold | Silver | Bronze | Free; beside 5531:76408 Leaderboard (1440). -> partial: the open tier filter (All tiers / Legend / Platinum / Gold / Silver / Bronze / Free); built as the tier Select in src/components/leaderboard/GlobalLeaderboard.tsx:610-630. Menu not measured.
dropdown-tiers [12097-427103]	partial	modules/skai-ui/src (DropdownMenu / Select)	-	Component fragment "dropdown-tiers", 150x260: a state of the shared dropdown primitive; not this lane's file to edit. FIRST PASS, NOT OPENED THIS WAVE; classified from its name and harvested size only. READ LIVE 2026-09-24 (wave67 cat-status-a; use_figma getNodeByIdAsync, read-only; code at Skai-Trading fa36d2b9b): "dropdown-tiers" 150x260, text: All tiers | Legend | Platinum | Gold | Silver | Bronze | Free; beside 11847:357151 Leaderboard (768). -> partial: the open tier filter (All tiers / Legend / Platinum / Gold / Silver / Bronze / Free); built as the tier Select in src/components/leaderboard/GlobalLeaderboard.tsx:610-630. Menu not measured.
dropdown-tiers [12097-427168]	not-started	modules/skai-ui/src (DropdownMenu / Select)	-	Component fragment "dropdown-tiers", 150x260: a state of the shared dropdown primitive; not this lane's file to edit. FIRST PASS, NOT OPENED THIS WAVE; classified from its name and harvested size only. READ LIVE 2026-09-24 (wave67 cat-status-a; use_figma getNodeByIdAsync, read-only; code at Skai-Trading fa36d2b9b): "dropdown-tiers" 150x260, text: All tiers | Legend | Platinum | Gold | Silver | Bronze | Free; beside 11872:41908 Rewards (768). -> not-started: the open tier filter on the Rewards leaderboard; ReferralsSection draws its leaderboard with no tier filter (src/components/rewards/ReferralsSection.tsx, no Select).
dropdown-tiers [12097-427118]	partial	modules/skai-ui/src (DropdownMenu / Select)	-	Component fragment "dropdown-tiers", 120x246: a state of the shared dropdown primitive; not this lane's file to edit. FIRST PASS, NOT OPENED THIS WAVE; classified from its name and harvested size only. READ LIVE 2026-09-24 (wave67 cat-status-a; use_figma getNodeByIdAsync, read-only; code at Skai-Trading fa36d2b9b): "dropdown-tiers" 120x246, text: All tiers | Legend | Platinum | Gold | Silver | Bronze | Free; beside 11884:96408 Leaderboard (375). -> partial: the open tier filter (All tiers / Legend / Platinum / Gold / Silver / Bronze / Free); built as the tier Select in src/components/leaderboard/GlobalLeaderboard.tsx:610-630. Menu not measured.
dropdown-tiers [12097-427198]	not-started	modules/skai-ui/src (DropdownMenu / Select)	-	Component fragment "dropdown-tiers", 120x246: a state of the shared dropdown primitive; not this lane's file to edit. FIRST PASS, NOT OPENED THIS WAVE; classified from its name and harvested size only. READ LIVE 2026-09-24 (wave67 cat-status-a; use_figma getNodeByIdAsync, read-only; code at Skai-Trading fa36d2b9b): "dropdown-tiers" 120x246, text: All tiers | Legend | Platinum | Gold | Silver | Bronze | Free; beside 11885:98886 Rewards (375). -> not-started: the open tier filter on the Rewards leaderboard; ReferralsSection draws its leaderboard with no tier filter (src/components/rewards/ReferralsSection.tsx, no Select).
dropdown-tiers [11303-133248]	not-started	modules/skai-ui/src (DropdownMenu / Select)	-	Component fragment "dropdown-tiers", 163x274: a state of the shared dropdown primitive; not this lane's file to edit. FIRST PASS, NOT OPENED THIS WAVE; classified from its name and harvested size only. READ LIVE 2026-09-24 (wave67 cat-status-a; use_figma getNodeByIdAsync, read-only; code at Skai-Trading fa36d2b9b): "dropdown-tiers" 163x274, text: All tiers | Legend | Platinum | Gold | Silver | Bronze | Free; beside 5531:77640 Rewards (1440). -> not-started: the open tier filter on the Rewards leaderboard; ReferralsSection draws its leaderboard with no tier filter (src/components/rewards/ReferralsSection.tsx, no Select).
dropdown-period [11303-134267]	not-started	modules/skai-ui/src (DropdownMenu / Select)	-	Component fragment "dropdown-period", 163x160: a state of the shared dropdown primitive; not this lane's file to edit. FIRST PASS, NOT OPENED THIS WAVE; classified from its name and harvested size only. READ LIVE 2026-09-24 (wave67 cat-status-a; use_figma getNodeByIdAsync, read-only; code at Skai-Trading fa36d2b9b): "dropdown-period" 163x160, text: All time | Today | 1 month | 6 months; beside 5531:77640 Rewards (1440). -> not-started: the open period menu (All time / Today / 1 month / 6 months) on Rewards; ReferralsSection draws no period control.
dropdown-period [12097-427183]	not-started	modules/skai-ui/src (DropdownMenu / Select)	-	Component fragment "dropdown-period", 150x152: a state of the shared dropdown primitive; not this lane's file to edit. FIRST PASS, NOT OPENED THIS WAVE; classified from its name and harvested size only. READ LIVE 2026-09-24 (wave67 cat-status-a; use_figma getNodeByIdAsync, read-only; code at Skai-Trading fa36d2b9b): "dropdown-period" 150x152, text: All time | Today | 1 month | 6 months; beside 11872:41908 Rewards (768). -> not-started: the open period menu (All time / Today / 1 month / 6 months) on Rewards; ReferralsSection draws no period control.
dropdown-period [12097-427159]	not-started	modules/skai-ui/src (DropdownMenu / Select)	-	Component fragment "dropdown-period", 120x144: a state of the shared dropdown primitive; not this lane's file to edit. FIRST PASS, NOT OPENED THIS WAVE; classified from its name and harvested size only. READ LIVE 2026-09-24 (wave67 cat-status-a; use_figma getNodeByIdAsync, read-only; code at Skai-Trading fa36d2b9b): "dropdown-period" 120x144, text: All time | Today | 1 month | 6 months; beside 11885:98886 Rewards (375). -> not-started: the open period menu (All time / Today / 1 month / 6 months) on Rewards; ReferralsSection draws no period control.
dropdown-multiselect [12097-427133]	not-started	modules/skai-ui/src (DropdownMenu / Select)	-	Component fragment "dropdown-multiselect", 200x44: a state of the shared dropdown primitive; not this lane's file to edit. FIRST PASS, NOT OPENED THIS WAVE; classified from its name and harvested size only. READ LIVE 2026-09-24 (wave67 cat-status-a; use_figma getNodeByIdAsync, read-only; code at Skai-Trading fa36d2b9b): "dropdown-multiselect" 200x44, text: View on Skaiscan; beside 11847:357151 Leaderboard (768). -> not-started: a leaderboard row menu (View on Skaiscan / Follow); no leaderboard row carries a menu (src/components/leaderboard, no DropdownMenu).
dropdown-multiselect [11302-129701]	not-started	modules/skai-ui/src (DropdownMenu / Select)	-	Component fragment "dropdown-multiselect", 250x46: a state of the shared dropdown primitive; not this lane's file to edit. FIRST PASS, NOT OPENED THIS WAVE; classified from its name and harvested size only. READ LIVE 2026-09-24 (wave67 cat-status-a; use_figma getNodeByIdAsync, read-only; code at Skai-Trading fa36d2b9b): "dropdown-multiselect" 250x46, text: View on Skaiscan; beside 5531:76408 Leaderboard (1440). -> not-started: a leaderboard row menu (View on Skaiscan / Follow); no leaderboard row carries a menu (src/components/leaderboard, no DropdownMenu).
dropdown-multiselect [12097-427139]	not-started	modules/skai-ui/src (DropdownMenu / Select)	-	Component fragment "dropdown-multiselect", 160x76: a state of the shared dropdown primitive; not this lane's file to edit. FIRST PASS, NOT OPENED THIS WAVE; classified from its name and harvested size only. READ LIVE 2026-09-24 (wave67 cat-status-a; use_figma getNodeByIdAsync, read-only; code at Skai-Trading fa36d2b9b): "dropdown-multiselect" 160x76, text: View on Skaiscan | Follow; beside 11884:96408 Leaderboard (375). -> not-started: a leaderboard row menu (View on Skaiscan / Follow); no leaderboard row carries a menu (src/components/leaderboard, no DropdownMenu).
dropdown-multiselect [12097-427192]	not-started	modules/skai-ui/src (DropdownMenu / Select)	-	Component fragment "dropdown-multiselect", 200x44: a state of the shared dropdown primitive; not this lane's file to edit. FIRST PASS, NOT OPENED THIS WAVE; classified from its name and harvested size only. READ LIVE 2026-09-24 (wave67 cat-status-a; use_figma getNodeByIdAsync, read-only; code at Skai-Trading fa36d2b9b): "dropdown-multiselect" 200x44, text: View on Skaiscan; beside 11872:41908 Rewards (768). -> not-started: a Rewards leaderboard row menu (View on Skaiscan / Follow); the rows carry a Follow button and a glyph but no menu (src/components/rewards/ReferralsSection.tsx:1839-1866, :1989-1993).
dropdown-multiselect [12097-427213]	not-started	modules/skai-ui/src (DropdownMenu / Select)	-	Component fragment "dropdown-multiselect", 160x76: a state of the shared dropdown primitive; not this lane's file to edit. FIRST PASS, NOT OPENED THIS WAVE; classified from its name and harvested size only. READ LIVE 2026-09-24 (wave67 cat-status-a; use_figma getNodeByIdAsync, read-only; code at Skai-Trading fa36d2b9b): "dropdown-multiselect" 160x76, text: View on Skaiscan | Follow; beside 11885:98886 Rewards (375). -> not-started: a Rewards leaderboard row menu (View on Skaiscan / Follow); the rows carry a Follow button and a glyph but no menu (src/components/rewards/ReferralsSection.tsx:1839-1866, :1989-1993).
dropdown-multiselect [11303-133263]	not-started	modules/skai-ui/src (DropdownMenu / Select)	-	Component fragment "dropdown-multiselect", 250x46: a state of the shared dropdown primitive; not this lane's file to edit. FIRST PASS, NOT OPENED THIS WAVE; classified from its name and harvested size only. READ LIVE 2026-09-24 (wave67 cat-status-a; use_figma getNodeByIdAsync, read-only; code at Skai-Trading fa36d2b9b): "dropdown-multiselect" 250x46, text: View on Skaiscan; beside 5531:77640 Rewards (1440). -> not-started: a Rewards leaderboard row menu (View on Skaiscan / Follow); the rows carry a Follow button and a glyph but no menu (src/components/rewards/ReferralsSection.tsx:1839-1866, :1989-1993).
dropdown-multiselect [11307-135079]	not-started	modules/skai-ui/src (DropdownMenu / Select)	-	Component fragment "dropdown-multiselect", 250x130: a state of the shared dropdown primitive; not this lane's file to edit. FIRST PASS, NOT OPENED THIS WAVE; classified from its name and harvested size only. READ LIVE 2026-09-24 (wave67 cat-status-a; use_figma getNodeByIdAsync, read-only; code at Skai-Trading fa36d2b9b): "dropdown-multiselect" 250x130, text: View creator | View DAO | View proposal on Skaiscan; beside 5371:63275 Governance > Proposals 1VH (1440). -> not-started: a proposal row menu (View creator / View DAO / View proposal on Skaiscan [/ Abstain]); the row kebab is drawn but opens the proposal, and the menu is not built (src/components/governance/ProposalsTable.tsx:225-243).
dropdown-multiselect [12097-428935]	not-started	modules/skai-ui/src (DropdownMenu / Select)	-	Component fragment "dropdown-multiselect", 200x124: a state of the shared dropdown primitive; not this lane's file to edit. FIRST PASS, NOT OPENED THIS WAVE; classified from its name and harvested size only. READ LIVE 2026-09-24 (wave67 cat-status-a; use_figma getNodeByIdAsync, read-only; code at Skai-Trading fa36d2b9b): "dropdown-multiselect" 200x124, text: View creator | View DAO | View proposal on Skaiscan; beside 11900:111292 Governance > Proposals 1VH (768). -> not-started: a proposal row menu (View creator / View DAO / View proposal on Skaiscan [/ Abstain]); the row kebab is drawn but opens the proposal, and the menu is not built (src/components/governance/ProposalsTable.tsx:225-243).
dropdown-multiselect [12097-428961]	not-started	modules/skai-ui/src (DropdownMenu / Select)	-	Component fragment "dropdown-multiselect", 180x160: a state of the shared dropdown primitive; not this lane's file to edit. FIRST PASS, NOT OPENED THIS WAVE; classified from its name and harvested size only. READ LIVE 2026-09-24 (wave67 cat-status-a; use_figma getNodeByIdAsync, read-only; code at Skai-Trading fa36d2b9b): "dropdown-multiselect" 180x160, text: Abstain | View creator | View DAO | View proposal on Skaiscan; beside 11902:127189 Governance > Proposals 1VH (375). -> not-started: a proposal row menu (View creator / View DAO / View proposal on Skaiscan [/ Abstain]); the row kebab is drawn but opens the proposal, and the menu is not built (src/components/governance/ProposalsTable.tsx:225-243).
dropdown-multiselect [12097-428990]	not-started	modules/skai-ui/src (DropdownMenu / Select)	-	Component fragment "dropdown-multiselect", 200x124: a state of the shared dropdown primitive; not this lane's file to edit. FIRST PASS, NOT OPENED THIS WAVE; classified from its name and harvested size only. READ LIVE 2026-09-24 (wave67 cat-status-a; use_figma getNodeByIdAsync, read-only; code at Skai-Trading fa36d2b9b): "dropdown-multiselect" 200x124, text: View creator | View DAO | View proposal on Skaiscan; beside 11900:112324 Governance > Proposals (768). -> not-started: a proposal row menu (View creator / View DAO / View proposal on Skaiscan [/ Abstain]); the row kebab is drawn but opens the proposal, and the menu is not built (src/components/governance/ProposalsTable.tsx:225-243).
dropdown-multiselect [12097-429016]	not-started	modules/skai-ui/src (DropdownMenu / Select)	-	Component fragment "dropdown-multiselect", 180x160: a state of the shared dropdown primitive; not this lane's file to edit. FIRST PASS, NOT OPENED THIS WAVE; classified from its name and harvested size only. READ LIVE 2026-09-24 (wave67 cat-status-a; use_figma getNodeByIdAsync, read-only; code at Skai-Trading fa36d2b9b): "dropdown-multiselect" 180x160, text: Abstain | View creator | View DAO | View proposal on Skaiscan; beside 11902:127752 Governance > Proposals (375). -> not-started: a proposal row menu (View creator / View DAO / View proposal on Skaiscan [/ Abstain]); the row kebab is drawn but opens the proposal, and the menu is not built (src/components/governance/ProposalsTable.tsx:225-243).
dropdown-multiselect [11307-135103]	not-started	modules/skai-ui/src (DropdownMenu / Select)	-	Component fragment "dropdown-multiselect", 250x130: a state of the shared dropdown primitive; not this lane's file to edit. FIRST PASS, NOT OPENED THIS WAVE; classified from its name and harvested size only. READ LIVE 2026-09-24 (wave67 cat-status-a; use_figma getNodeByIdAsync, read-only; code at Skai-Trading fa36d2b9b): "dropdown-multiselect" 250x130, text: View creator | View DAO | View proposal on Skaiscan; beside 5371:64317 Governance > Proposals (1440). -> not-started: a proposal row menu (View creator / View DAO / View proposal on Skaiscan [/ Abstain]); the row kebab is drawn but opens the proposal, and the menu is not built (src/components/governance/ProposalsTable.tsx:225-243).
dropdown-multiselect [11314-138124]	not-started	modules/skai-ui/src (DropdownMenu / Select)	-	Component fragment "dropdown-multiselect", 250x92: a state of the shared dropdown primitive; not this lane's file to edit. FIRST PASS, NOT OPENED THIS WAVE; classified from its name and harvested size only. READ LIVE 2026-09-24 (wave67 cat-status-a; use_figma getNodeByIdAsync, read-only; code at Skai-Trading fa36d2b9b): "dropdown-multiselect" 250x92, text: View voter | Verify vote on Skaiscan; beside 5392:82015 Sample proposal - view (1440). -> not-started: a vote row menu (View voter / Verify vote on Skaiscan); the proposal's votes list carries no menu (src/components/governance/ProposalDetail.tsx).
dropdown-multiselect [12097-429231]	not-started	modules/skai-ui/src (DropdownMenu / Select)	-	Component fragment "dropdown-multiselect", 200x88: a state of the shared dropdown primitive; not this lane's file to edit. FIRST PASS, NOT OPENED THIS WAVE; classified from its name and harvested size only. READ LIVE 2026-09-24 (wave67 cat-status-a; use_figma getNodeByIdAsync, read-only; code at Skai-Trading fa36d2b9b): "dropdown-multiselect" 200x88, text: View voter | Verify vote on Skaiscan; beside 11900:116258 Sample proposal - view (768). -> not-started: a vote row menu (View voter / Verify vote on Skaiscan); the proposal's votes list carries no menu (src/components/governance/ProposalDetail.tsx).
dropdown-multiselect [12097-429243]	not-started	modules/skai-ui/src (DropdownMenu / Select)	-	Component fragment "dropdown-multiselect", 180x84: a state of the shared dropdown primitive; not this lane's file to edit. FIRST PASS, NOT OPENED THIS WAVE; classified from its name and harvested size only. READ LIVE 2026-09-24 (wave67 cat-status-a; use_figma getNodeByIdAsync, read-only; code at Skai-Trading fa36d2b9b): "dropdown-multiselect" 180x84, text: View voter | Verify vote on Skaiscan; beside 11904:130419 Sample proposal - view 1VH (375). -> not-started: a vote row menu (View voter / Verify vote on Skaiscan); the proposal's votes list carries no menu (src/components/governance/ProposalDetail.tsx).
DAO boost - met [11314-138082]	partial	src/pages/YieldVaultDetail.tsx / src/components/defi/vault	-	Component fragment "DAO boost - met", 394x110: a vault or governance fragment; not this lane's file. FIRST PASS, NOT OPENED THIS WAVE; classified from its name and harvested size only. READ LIVE 2026-09-24 (wave67 cat-status-a; use_figma getNodeByIdAsync, read-only; code at Skai-Trading fa36d2b9b): "DAO boost - met" 394x110, text: DAO requirement met | Deposit requirement: 1000 SKAI | Your voting power: 1100 SKAI; beside 11309:136994 New proposal 1VH (1440). -> partial: the proposal requirement box in its met state (deposit requirement 1000 SKAI against voting power 1100 SKAI); built as the Deposit Requirement / Your Voting Power rows of src/components/governance/ProposalCreateModal.tsx:331-345. The met styling is not measured.
dropdown-staking [11314-138141]	blocked-on-backend	modules/skai-ui/src (DropdownMenu / Select)	-	Component fragment "dropdown-staking", 163x274: a state of the shared dropdown primitive; not this lane's file to edit. FIRST PASS, NOT OPENED THIS WAVE; classified from its name and harvested size only. ASSESSED (wave67 cat-status-a, 2026-09-24; code at Skai-Trading fa36d2b9b, no Figma read: the connector was not connected), unknown -> blocked-on-backend: this is the open menu of the Vault overview timeframe select, whose options are recorded in src/components/governance/StakingPanel.tsx:399-414 (All time / Today / Yesterday / Last week / Last month / 6 months / 1 year, read off the 768 board 2026-09-21). The trigger is built and drawn DISABLED with its reason, because the four tiles are point-in-time balances with no vault history behind them, so the menu this frame draws cannot open. Missing piece: a historical vault balance series (the one the vault ALT boards also need; src/pages/YieldVaultDetail.tsx:10).
dropdown-delegates [11314-139095]	blocked-on-backend	modules/skai-ui/src (DropdownMenu / Select)	-	Component fragment "dropdown-delegates", 212x236: a state of the shared dropdown primitive; not this lane's file to edit. FIRST PASS, NOT OPENED THIS WAVE; classified from its name and harvested size only. READ LIVE 2026-09-24 (wave67 cat-status-a; use_figma getNodeByIdAsync, read-only; code at Skai-Trading fa36d2b9b): "dropdown-delegates" 212x236, text: Random | Most voting power | Least voting power | Most delegators | Most recently delegated | Latest voting block; beside 5385:74400 Proposals > Delegation 1VH (1440). -> blocked-on-backend: an open Delegates sort / scope menu; both selects are built DISABLED because there is no delegate list to act on (src/components/governance/DelegatesTable.tsx:125-138). Missing piece: a delegate registry on SKAI.
dropdown-delegate type [11314-139110]	blocked-on-backend	modules/skai-ui/src (DropdownMenu / Select)	-	Component fragment "dropdown-delegate type", 212x84: a state of the shared dropdown primitive; not this lane's file to edit. FIRST PASS, NOT OPENED THIS WAVE; classified from its name and harvested size only. READ LIVE 2026-09-24 (wave67 cat-status-a; use_figma getNodeByIdAsync, read-only; code at Skai-Trading fa36d2b9b): "dropdown-delegate type" 212x84, text: All delegates | Top rated; beside 5385:74400 Proposals > Delegation 1VH (1440). -> blocked-on-backend: an open Delegates sort / scope menu; both selects are built DISABLED because there is no delegate list to act on (src/components/governance/DelegatesTable.tsx:125-138). Missing piece: a delegate registry on SKAI.
dropdown-delegates [12136-432067]	blocked-on-backend	modules/skai-ui/src (DropdownMenu / Select)	-	Component fragment "dropdown-delegates", 200x224: a state of the shared dropdown primitive; not this lane's file to edit. FIRST PASS, NOT OPENED THIS WAVE; classified from its name and harvested size only. READ LIVE 2026-09-24 (wave67 cat-status-a; use_figma getNodeByIdAsync, read-only; code at Skai-Trading fa36d2b9b): "dropdown-delegates" 200x224, text: Random | Most voting power | Least voting power | Most delegators | Most recently delegated | Latest voting block; beside 11902:121921 Delegation (768). -> blocked-on-backend: an open Delegates sort / scope menu; both selects are built DISABLED because there is no delegate list to act on (src/components/governance/DelegatesTable.tsx:125-138). Missing piece: a delegate registry on SKAI.
dropdown-delegate type [12136-432080]	blocked-on-backend	modules/skai-ui/src (DropdownMenu / Select)	-	Component fragment "dropdown-delegate type", 200x80: a state of the shared dropdown primitive; not this lane's file to edit. FIRST PASS, NOT OPENED THIS WAVE; classified from its name and harvested size only. READ LIVE 2026-09-24 (wave67 cat-status-a; use_figma getNodeByIdAsync, read-only; code at Skai-Trading fa36d2b9b): "dropdown-delegate type" 200x80, text: All delegates | Top rated; beside 11902:121921 Delegation (768). -> blocked-on-backend: an open Delegates sort / scope menu; both selects are built DISABLED because there is no delegate list to act on (src/components/governance/DelegatesTable.tsx:125-138). Missing piece: a delegate registry on SKAI.
dropdown-delegates [12136-432102]	blocked-on-backend	modules/skai-ui/src (DropdownMenu / Select)	-	Component fragment "dropdown-delegates", 180x212: a state of the shared dropdown primitive; not this lane's file to edit. FIRST PASS, NOT OPENED THIS WAVE; classified from its name and harvested size only. READ LIVE 2026-09-24 (wave67 cat-status-a; use_figma getNodeByIdAsync, read-only; code at Skai-Trading fa36d2b9b): "dropdown-delegates" 180x212, text: Random | Most voting power | ...; beside 11907:136716 Delegation (375). -> blocked-on-backend: an open Delegates sort / scope menu; both selects are built DISABLED because there is no delegate list to act on (src/components/governance/DelegatesTable.tsx:125-138). Missing piece: a delegate registry on SKAI.
dropdown-delegate type [12136-432115]	blocked-on-backend	modules/skai-ui/src (DropdownMenu / Select)	-	Component fragment "dropdown-delegate type", 180x76: a state of the shared dropdown primitive; not this lane's file to edit. FIRST PASS, NOT OPENED THIS WAVE; classified from its name and harvested size only. READ LIVE 2026-09-24 (wave67 cat-status-a; use_figma getNodeByIdAsync, read-only; code at Skai-Trading fa36d2b9b): "dropdown-delegate type" 180x76, text: All delegates | Top rated; beside 11907:136716 Delegation (375). -> blocked-on-backend: an open Delegates sort / scope menu; both selects are built DISABLED because there is no delegate list to act on (src/components/governance/DelegatesTable.tsx:125-138). Missing piece: a delegate registry on SKAI.
dropdown-delegate type [11314-139153]	not-started	modules/skai-ui/src (DropdownMenu / Select)	-	Component fragment "dropdown-delegate type", 212x84: a state of the shared dropdown primitive; not this lane's file to edit. FIRST PASS, NOT OPENED THIS WAVE; classified from its name and harvested size only. READ LIVE 2026-09-24 (wave67 cat-status-a; use_figma getNodeByIdAsync, read-only; code at Skai-Trading fa36d2b9b): "dropdown-delegate type" 212x84, text: All delegates | Top rated; beside 5387:76925 Proposals > Financials 1VH (1440). -> not-started: an "All delegates / Top rated" menu placed on the Financials board; the Financials tab draws no such control (src/components/governance/TreasuryDashboard.tsx).
dropdown-delegate type [12136-432150]	not-started	modules/skai-ui/src (DropdownMenu / Select)	-	Component fragment "dropdown-delegate type", 150x80: a state of the shared dropdown primitive; not this lane's file to edit. FIRST PASS, NOT OPENED THIS WAVE; classified from its name and harvested size only. READ LIVE 2026-09-24 (wave67 cat-status-a; use_figma getNodeByIdAsync, read-only; code at Skai-Trading fa36d2b9b): "dropdown-delegate type" 150x80, text: All delegates | Top rated; beside 11902:123792 Financials 1VH (768). -> not-started: an "All delegates / Top rated" menu placed on the Financials board; the Financials tab draws no such control (src/components/governance/TreasuryDashboard.tsx).
dropdown-delegate type [12136-432155]	not-started	modules/skai-ui/src (DropdownMenu / Select)	-	Component fragment "dropdown-delegate type", 120x76: a state of the shared dropdown primitive; not this lane's file to edit. FIRST PASS, NOT OPENED THIS WAVE; classified from its name and harvested size only. READ LIVE 2026-09-24 (wave67 cat-status-a; use_figma getNodeByIdAsync, read-only; code at Skai-Trading fa36d2b9b): "dropdown-delegate type" 120x76, text: All delegates | Top rated; beside 11915:139136 Financials 1VH (375). -> not-started: an "All delegates / Top rated" menu placed on the Financials board; the Financials tab draws no such control (src/components/governance/TreasuryDashboard.tsx).
Claimed - not 100% represented [11314-138452]	not-started	src/pages/YieldVaultDetail.tsx / src/components/defi/vault	-	Component fragment "Claimed - not 100% represented", 548x227: a vault or governance fragment; not this lane's file. FIRST PASS, NOT OPENED THIS WAVE; classified from its name and harvested size only. READ LIVE 2026-09-24 (wave67 cat-status-a; use_figma getNodeByIdAsync, read-only; code at Skai-Trading fa36d2b9b): "Claimed - not 100% represented" 548x227, text: (chart 128x128) in progress...; beside 5383:72757 Proposals > Staking 1VH (1440). -> not-started: the same card in progress: a 128px ring with "in progress..."; StakingPanel draws a glyph over the balance and no ring (src/components/governance/StakingPanel.tsx:604-625).
dropdown-multiselect [11314-139131]	blocked-on-backend	modules/skai-ui/src (DropdownMenu / Select)	-	Component fragment "dropdown-multiselect", 250x130: a state of the shared dropdown primitive; not this lane's file to edit. FIRST PASS, NOT OPENED THIS WAVE; classified from its name and harvested size only. READ LIVE 2026-09-24 (wave67 cat-status-a; use_figma getNodeByIdAsync, read-only; code at Skai-Trading fa36d2b9b): "dropdown-multiselect" 250x130, text: View delegate | Update delegation status | View delegations on Skaiscan; beside 5385:74400 Proposals > Delegation 1VH (1440). -> blocked-on-backend: a delegate row menu (View delegate / Update delegation status / View delegations on Skaiscan). The table has no rows to carry it: there is no delegate registry on SKAI (src/components/governance/DelegatesTable.tsx:131-133).
dropdown-multiselect [12136-432085]	blocked-on-backend	modules/skai-ui/src (DropdownMenu / Select)	-	Component fragment "dropdown-multiselect", 220x124: a state of the shared dropdown primitive; not this lane's file to edit. FIRST PASS, NOT OPENED THIS WAVE; classified from its name and harvested size only. READ LIVE 2026-09-24 (wave67 cat-status-a; use_figma getNodeByIdAsync, read-only; code at Skai-Trading fa36d2b9b): "dropdown-multiselect" 220x124, text: View delegate | Update delegation status | View delegations on Skaiscan; beside 11902:121921 Delegation (768). -> blocked-on-backend: a delegate row menu (View delegate / Update delegation status / View delegations on Skaiscan). The table has no rows to carry it: there is no delegate registry on SKAI (src/components/governance/DelegatesTable.tsx:131-133).
Claimed - not 100% represented - claimed [11314-138456]	partial	src/pages/YieldVaultDetail.tsx / src/components/defi/vault	-	Component fragment "Claimed - not 100% represented - claimed", 548x227: a vault or governance fragment; not this lane's file. FIRST PASS, NOT OPENED THIS WAVE; classified from its name and harvested size only. READ LIVE 2026-09-24 (wave67 cat-status-a; use_figma getNodeByIdAsync, read-only; code at Skai-Trading fa36d2b9b): "Claimed - not 100% represented - claimed" 548x227, text: 406.22K SKAI | Current vault balance; beside 5383:72757 Proposals > Staking 1VH (1440). -> partial: the vault balance card after a claim ("406.22K SKAI / Current vault balance"); built as the vault-balance card in src/components/governance/StakingPanel.tsx:604-625. Not measured.
Claimed - not 100% represented [12097-431830]	not-started	src/pages/YieldVaultDetail.tsx / src/components/defi/vault	-	Component fragment "Claimed - not 100% represented", 676x194: a vault or governance fragment; not this lane's file. FIRST PASS, NOT OPENED THIS WAVE; classified from its name and harvested size only. READ LIVE 2026-09-24 (wave67 cat-status-a; use_figma getNodeByIdAsync, read-only; code at Skai-Trading fa36d2b9b): "Claimed - not 100% represented" 676x194, text: in progress...; beside 11902:120450 Governance > Proposals > Staking (768). -> not-started: the same card in progress: a 128px ring with "in progress..."; StakingPanel draws a glyph over the balance and no ring (src/components/governance/StakingPanel.tsx:604-625).
dropdown-multiselect [12136-432120]	blocked-on-backend	modules/skai-ui/src (DropdownMenu / Select)	-	Component fragment "dropdown-multiselect", 200x118: a state of the shared dropdown primitive; not this lane's file to edit. FIRST PASS, NOT OPENED THIS WAVE; classified from its name and harvested size only. READ LIVE 2026-09-24 (wave67 cat-status-a; use_figma getNodeByIdAsync, read-only; code at Skai-Trading fa36d2b9b): "dropdown-multiselect" 200x118, text: View delegate | Update delegation status | View delegations on Skaiscan; beside 11907:136716 Delegation (375). -> blocked-on-backend: a delegate row menu (View delegate / Update delegation status / View delegations on Skaiscan). The table has no rows to carry it: there is no delegate registry on SKAI (src/components/governance/DelegatesTable.tsx:131-133).
dropdown-courses [11322-142230]	blocked-on-backend	modules/skai-ui/src (DropdownMenu / Select)	-	Component fragment "dropdown-courses", 163x160: a state of the shared dropdown primitive; not this lane's file to edit. FIRST PASS, NOT OPENED THIS WAVE; classified from its name and harvested size only. READ LIVE 2026-09-24 (wave67 cat-status-a; use_figma getNodeByIdAsync, read-only; code at Skai-Trading fa36d2b9b): "dropdown-courses" 163x160, text: All videos | Watched | In progress | New to me; beside 5443:69253 Learn > Skai university > Sample course > Purchased. -> blocked-on-backend: the open course video filter (All videos / Watched / In progress / New to me). Missing piece: a per-user watch log - src/components/learn/marketplace/LearnMarketplace.tsx:84-87 records that none exists, so Watched / In progress cannot be answered.
dropdown-multiselect [11344-143602]	not-started	modules/skai-ui/src (DropdownMenu / Select)	-	Component fragment "dropdown-multiselect", 250x130: a state of the shared dropdown primitive; not this lane's file to edit. FIRST PASS, NOT OPENED THIS WAVE; classified from its name and harvested size only. READ LIVE 2026-09-24 (wave67 cat-status-a; use_figma getNodeByIdAsync, read-only; code at Skai-Trading fa36d2b9b): "dropdown-multiselect" 250x130, text: Follow author | See more on this topic | Report author; beside 5468:92781 Learn > Articles (1440). -> not-started: an article menu (Follow author / See more on this topic / Report author); no learn surface has a menu (no DropdownMenu under src/components/learn or src/pages/learn).
dropdown-multiselect [12166-455569]	not-started	modules/skai-ui/src (DropdownMenu / Select)	-	Component fragment "dropdown-multiselect", 200x124: a state of the shared dropdown primitive; not this lane's file to edit. FIRST PASS, NOT OPENED THIS WAVE; classified from its name and harvested size only. READ LIVE 2026-09-24 (wave67 cat-status-a; use_figma getNodeByIdAsync, read-only; code at Skai-Trading fa36d2b9b): "dropdown-multiselect" 200x124, text: Follow author | See more on this topic | Report author; beside 11761:344888 Learn > Articles (768). -> not-started: an article menu (Follow author / See more on this topic / Report author); no learn surface has a menu (no DropdownMenu under src/components/learn or src/pages/learn).
dropdown-multiselect [12166-455585]	not-started	modules/skai-ui/src (DropdownMenu / Select)	-	Component fragment "dropdown-multiselect", 180x118: a state of the shared dropdown primitive; not this lane's file to edit. FIRST PASS, NOT OPENED THIS WAVE; classified from its name and harvested size only. READ LIVE 2026-09-24 (wave67 cat-status-a; use_figma getNodeByIdAsync, read-only; code at Skai-Trading fa36d2b9b): "dropdown-multiselect" 180x118, text: Follow author | See more on this topic | Report author; beside 12141:450956 Learn > Articles (375). -> not-started: an article menu (Follow author / See more on this topic / Report author); no learn surface has a menu (no DropdownMenu under src/components/learn or src/pages/learn).
dropdown-main [11345-144023]	not-started	modules/skai-ui/src (DropdownMenu / Select)	-	Component fragment "dropdown-main", 200x198: a state of the shared dropdown primitive; not this lane's file to edit. FIRST PASS, NOT OPENED THIS WAVE; classified from its name and harvested size only. READ LIVE 2026-09-24 (wave67 cat-status-a; use_figma getNodeByIdAsync, read-only; code at Skai-Trading fa36d2b9b): "dropdown-main" 200x198, text: All filters | Addresses | Tokens | Games | Markets; beside 5539:93683 Explorer 1VH (1440). -> not-started: the open menu of the explorer search filter (All filters / Addresses / Tokens / Games / Markets); the hero search has no filter control (src/pages/explorer/ExplorerDashboard.tsx:290 HeroSearch).
dropdown-main [12166-456452]	not-started	modules/skai-ui/src (DropdownMenu / Select)	-	Component fragment "dropdown-main", 180x188: a state of the shared dropdown primitive; not this lane's file to edit. FIRST PASS, NOT OPENED THIS WAVE; classified from its name and harvested size only. READ LIVE 2026-09-24 (wave67 cat-status-a; use_figma getNodeByIdAsync, read-only; code at Skai-Trading fa36d2b9b): "dropdown-main" 180x188, text: All filters | Addresses | Tokens | Games | Markets; beside 11986:223183 Explorer 1VH (768). -> not-started: the open menu of the explorer search filter (All filters / Addresses / Tokens / Games / Markets); the hero search has no filter control (src/pages/explorer/ExplorerDashboard.tsx:290 HeroSearch).
dropdown-main [12166-456481]	not-started	modules/skai-ui/src (DropdownMenu / Select)	-	Component fragment "dropdown-main", 150x178: a state of the shared dropdown primitive; not this lane's file to edit. FIRST PASS, NOT OPENED THIS WAVE; classified from its name and harvested size only. READ LIVE 2026-09-24 (wave67 cat-status-a; use_figma getNodeByIdAsync, read-only; code at Skai-Trading fa36d2b9b): "dropdown-main" 150x178, text: All filters | Addresses | Tokens | Games | Markets; beside 11998:328323 Explorer 1VH (375). -> not-started: the open menu of the explorer search filter (All filters / Addresses / Tokens / Games / Markets); the hero search has no filter control (src/pages/explorer/ExplorerDashboard.tsx:290 HeroSearch).
dropdown-Active TWAPs [11345-146380]	blocked-on-backend	modules/skai-ui/src (DropdownMenu / Select)	-	Component fragment "dropdown-Active TWAPs", 163x198: a state of the shared dropdown primitive; not this lane's file to edit. FIRST PASS, NOT OPENED THIS WAVE; classified from its name and harvested size only. READ LIVE 2026-09-24 (wave67 cat-status-a; use_figma getNodeByIdAsync, read-only; code at Skai-Trading fa36d2b9b): "dropdown-Active TWAPs" 163x198, text: All | Perps | Spot | Swaps | Bridge; beside 5570:102478 Explorer > Dashboard - transactions (1440). -> blocked-on-backend: the open menu of the Active TWAPs filter (All / Perps / Spot / Swaps / Bridge). Its table has no source: SKAI chain and its indexer keep no TWAP order records (no TWAP route in modules/skai-chain/indexer/api/rest/server.go).
dropdown-Active TWAPs [12166-456510]	blocked-on-backend	modules/skai-ui/src (DropdownMenu / Select)	-	Component fragment "dropdown-Active TWAPs", 150x188: a state of the shared dropdown primitive; not this lane's file to edit. FIRST PASS, NOT OPENED THIS WAVE; classified from its name and harvested size only. READ LIVE 2026-09-24 (wave67 cat-status-a; use_figma getNodeByIdAsync, read-only; code at Skai-Trading fa36d2b9b): "dropdown-Active TWAPs" 150x188, text: All | Perps | Spot | Swaps | Bridge; beside 11986:226555 Explorer > Dashboard - transactions (768). -> blocked-on-backend: the open menu of the Active TWAPs filter (All / Perps / Spot / Swaps / Bridge). Its table has no source: SKAI chain and its indexer keep no TWAP order records (no TWAP route in modules/skai-chain/indexer/api/rest/server.go).
dropdown-Active TWAPs [12166-456521]	blocked-on-backend	modules/skai-ui/src (DropdownMenu / Select)	-	Component fragment "dropdown-Active TWAPs", 120x178: a state of the shared dropdown primitive; not this lane's file to edit. FIRST PASS, NOT OPENED THIS WAVE; classified from its name and harvested size only. READ LIVE 2026-09-24 (wave67 cat-status-a; use_figma getNodeByIdAsync, read-only; code at Skai-Trading fa36d2b9b): "dropdown-Active TWAPs" 120x178, text: All | Perps | Spot | Swaps | Bridge; beside 11998:329996 Explorer > Dashboard - transactions (375). -> blocked-on-backend: the open menu of the Active TWAPs filter (All / Perps / Spot / Swaps / Bridge). Its table has no source: SKAI chain and its indexer keep no TWAP order records (no TWAP route in modules/skai-chain/indexer/api/rest/server.go).
dropdown-multiselect [11345-146410]	not-started	modules/skai-ui/src (DropdownMenu / Select)	-	Component fragment "dropdown-multiselect", 250x46: a state of the shared dropdown primitive; not this lane's file to edit. FIRST PASS, NOT OPENED THIS WAVE; classified from its name and harvested size only. READ LIVE 2026-09-24 (wave67 cat-status-a; use_figma getNodeByIdAsync, read-only; code at Skai-Trading fa36d2b9b): "dropdown-multiselect" 250x46, text: Additional info.; beside 5570:102478 Explorer > Dashboard - transactions (1440). -> not-started: a table row's overflow menu with one item, "Additional info."; no explorer table has a row menu (no DropdownMenu under src/pages/explorer or src/components/explorer).
Additional information [11349-148487]	not-started	src/pages/explorer/AddressDetailPage.tsx	-	Component fragment "Additional information", 284x250: an explorer address-page section state in this lane's directory. FIRST PASS, NOT OPENED THIS WAVE; classified from its name and harvested size only. READ LIVE 2026-09-24 (wave67 cat-status-a; use_figma getNodeByIdAsync, read-only; code at Skai-Trading fa36d2b9b): "Additional information" 284x250, text: Additional info. | Status: Success | (19 block confirmations) | Transaction fee: 0.001 SKAI ($0.01) | Gas info: 29,101 gas used | Nonce: 56729 (in ...; beside 5638:112382 Explorer > Address 1VH (1440). -> not-started: the transaction "Additional info." popover (status with block confirmations, fee, gas, nonce); not built - no row menu opens it and nothing in src/pages/explorer draws it.
Additional information [12166-456349]	not-started	src/pages/explorer/AddressDetailPage.tsx	-	Component fragment "Additional information", 250x250: an explorer address-page section state in this lane's directory. FIRST PASS, NOT OPENED THIS WAVE; classified from its name and harvested size only. READ LIVE 2026-09-24 (wave67 cat-status-a; use_figma getNodeByIdAsync, read-only; code at Skai-Trading fa36d2b9b): "Additional information" 250x250, text: Additional info. | Status: Success | (19 block confirmations) | Transaction fee: 0.001 SKAI | Gas info | Nonce; beside 11989:231104 Explorer > Address (768). -> not-started: the transaction "Additional info." popover (status with block confirmations, fee, gas, nonce); not built - no row menu opens it and nothing in src/pages/explorer draws it.
Additional information [12166-456409]	not-started	src/pages/explorer/AddressDetailPage.tsx	-	Component fragment "Additional information", 220x248: an explorer address-page section state in this lane's directory. FIRST PASS, NOT OPENED THIS WAVE; classified from its name and harvested size only. READ LIVE 2026-09-24 (wave67 cat-status-a; use_figma getNodeByIdAsync, read-only; code at Skai-Trading fa36d2b9b): "Additional information" 220x248, text: (same as 456349); beside 11998:337508 Explorer > Address (375). -> not-started: the transaction "Additional info." popover (status with block confirmations, fee, gas, nonce); not built - no row menu opens it and nothing in src/pages/explorer draws it.
dropdown-multiselect [11349-148646]	not-started	modules/skai-ui/src (DropdownMenu / Select)	-	Component fragment "dropdown-multiselect", 250x46: a state of the shared dropdown primitive; not this lane's file to edit. FIRST PASS, NOT OPENED THIS WAVE; classified from its name and harvested size only. READ LIVE 2026-09-24 (wave67 cat-status-a; use_figma getNodeByIdAsync, read-only; code at Skai-Trading fa36d2b9b): "dropdown-multiselect" 250x46, text: Additional info.; beside 5638:112382 Explorer > Address 1VH (1440). -> not-started: a table row's overflow menu with one item, "Additional info."; no explorer table has a row menu (no DropdownMenu under src/pages/explorer or src/components/explorer).
dropdown-multiselect [12166-456389]	not-started	modules/skai-ui/src (DropdownMenu / Select)	-	Component fragment "dropdown-multiselect", 200x44: a state of the shared dropdown primitive; not this lane's file to edit. FIRST PASS, NOT OPENED THIS WAVE; classified from its name and harvested size only. READ LIVE 2026-09-24 (wave67 cat-status-a; use_figma getNodeByIdAsync, read-only; code at Skai-Trading fa36d2b9b): "dropdown-multiselect" 200x44, text: Additional info.; beside 11989:231104 Explorer > Address (768). -> not-started: a table row's overflow menu with one item, "Additional info."; no explorer table has a row menu (no DropdownMenu under src/pages/explorer or src/components/explorer).
dropdown-multiselect [12166-456532]	not-started	modules/skai-ui/src (DropdownMenu / Select)	-	Component fragment "dropdown-multiselect", 200x44: a state of the shared dropdown primitive; not this lane's file to edit. FIRST PASS, NOT OPENED THIS WAVE; classified from its name and harvested size only. READ LIVE 2026-09-24 (wave67 cat-status-a; use_figma getNodeByIdAsync, read-only; code at Skai-Trading fa36d2b9b): "dropdown-multiselect" 200x44, text: Additional info.; beside 11986:226555 Explorer > Dashboard - transactions (768). -> not-started: a table row's overflow menu with one item, "Additional info."; no explorer table has a row menu (no DropdownMenu under src/pages/explorer or src/components/explorer).
dropdown-multiselect [12166-456402]	not-started	modules/skai-ui/src (DropdownMenu / Select)	-	Component fragment "dropdown-multiselect", 200x42: a state of the shared dropdown primitive; not this lane's file to edit. FIRST PASS, NOT OPENED THIS WAVE; classified from its name and harvested size only. READ LIVE 2026-09-24 (wave67 cat-status-a; use_figma getNodeByIdAsync, read-only; code at Skai-Trading fa36d2b9b): "dropdown-multiselect" 200x42, text: Additional info.; beside 11998:337508 Explorer > Address (375). -> not-started: a table row's overflow menu with one item, "Additional info."; no explorer table has a row menu (no DropdownMenu under src/pages/explorer or src/components/explorer).
dropdown-addresses [11349-148686]	not-started	modules/skai-ui/src (DropdownMenu / Select)	-	Component fragment "dropdown-addresses", 163x274: a state of the shared dropdown primitive; not this lane's file to edit. FIRST PASS, NOT OPENED THIS WAVE; classified from its name and harvested size only. READ LIVE 2026-09-24 (wave67 cat-status-a; use_figma getNodeByIdAsync, read-only; code at Skai-Trading fa36d2b9b): "dropdown-addresses" 163x274, text: All time | Today | Yesterday | Last week | Last month | 6 months | 1 year; beside 5664:127738 Explorer > Address > Others 1VH (1440). -> not-started: a timeframe menu (All time ... 1 year) on the address Others tab; the tab (More, src/pages/explorer/AddressDetailPage.tsx:1673-1720) draws no timeframe control.
dropdown-addresses [12166-456544]	not-started	modules/skai-ui/src (DropdownMenu / Select)	-	Component fragment "dropdown-addresses", 150x274: a state of the shared dropdown primitive; not this lane's file to edit. FIRST PASS, NOT OPENED THIS WAVE; classified from its name and harvested size only. READ LIVE 2026-09-24 (wave67 cat-status-a; use_figma getNodeByIdAsync, read-only; code at Skai-Trading fa36d2b9b): "dropdown-addresses" 150x274, text: All time | Today | Yesterday | Last week | Last month | 6 months | 1 year; beside 11992:239733 Explorer > Address > Others (768). -> not-started: a timeframe menu (All time ... 1 year) on the address Others tab; the tab (More, src/pages/explorer/AddressDetailPage.tsx:1673-1720) draws no timeframe control.
dropdown-addresses [12166-456568]	not-started	modules/skai-ui/src (DropdownMenu / Select)	-	Component fragment "dropdown-addresses", 120x246: a state of the shared dropdown primitive; not this lane's file to edit. FIRST PASS, NOT OPENED THIS WAVE; classified from its name and harvested size only. READ LIVE 2026-09-24 (wave67 cat-status-a; use_figma getNodeByIdAsync, read-only; code at Skai-Trading fa36d2b9b): "dropdown-addresses" 120x246, text: All time | ... | 1 year; beside 11998:347934 Explorer > Address > Others (375). -> not-started: a timeframe menu (All time ... 1 year) on the address Others tab; the tab (More, src/pages/explorer/AddressDetailPage.tsx:1673-1720) draws no timeframe control.
dropdown-Chart [12166-456559]	not-started	modules/skai-ui/src (DropdownMenu / Select)	-	Component fragment "dropdown-Chart", 150x152: a state of the shared dropdown primitive; not this lane's file to edit. FIRST PASS, NOT OPENED THIS WAVE; classified from its name and harvested size only. READ LIVE 2026-09-24 (wave67 cat-status-a; use_figma getNodeByIdAsync, read-only; code at Skai-Trading fa36d2b9b): "dropdown-Chart" 150x152, text: All time | 30 days | 1 week | 1 day; beside 11992:239733 Explorer > Address > Others (768). -> not-started: a chart range menu (All time / 30 days / 1 week / 1 day) on the address Others tab; the tab (More, src/pages/explorer/AddressDetailPage.tsx:1673-1720) draws no chart or range control.
dropdown-Chart [11349-148702]	not-started	modules/skai-ui/src (DropdownMenu / Select)	-	Component fragment "dropdown-Chart", 163x160: a state of the shared dropdown primitive; not this lane's file to edit. FIRST PASS, NOT OPENED THIS WAVE; classified from its name and harvested size only. READ LIVE 2026-09-24 (wave67 cat-status-a; use_figma getNodeByIdAsync, read-only; code at Skai-Trading fa36d2b9b): "dropdown-Chart" 163x160, text: All time | 30 days | 1 week | 1 day; beside 5664:127738 Explorer > Address > Others 1VH (1440). -> not-started: a chart range menu (All time / 30 days / 1 week / 1 day) on the address Others tab; the tab (More, src/pages/explorer/AddressDetailPage.tsx:1673-1720) draws no chart or range control.
dropdown-Chart [12166-456583]	not-started	modules/skai-ui/src (DropdownMenu / Select)	-	Component fragment "dropdown-Chart", 120x144: a state of the shared dropdown primitive; not this lane's file to edit. FIRST PASS, NOT OPENED THIS WAVE; classified from its name and harvested size only. READ LIVE 2026-09-24 (wave67 cat-status-a; use_figma getNodeByIdAsync, read-only; code at Skai-Trading fa36d2b9b): "dropdown-Chart" 120x144, text: All time | 30 days | 1 week | 1 day; beside 11998:347934 Explorer > Address > Others (375). -> not-started: a chart range menu (All time / 30 days / 1 week / 1 day) on the address Others tab; the tab (More, src/pages/explorer/AddressDetailPage.tsx:1673-1720) draws no chart or range control.
sidebar - open airdrop [11370-187312]	not-started	src/components/layout (app sidebar)	-	Component fragment "sidebar - open airdrop", 248x844: a state of the app sidebar; not this lane's file. FIRST PASS, NOT OPENED THIS WAVE; classified from its name and harvested size only. ASSESSED (wave67 cat-status-a, 2026-09-24; code at Skai-Trading fa36d2b9b, no Figma read: the connector was not connected), unknown -> not-started: the section column this board exists to draw is not built. The left sidebar is one component whose middle column is section-contextual, and each section's board is named "sidebar - open <section>" (src/components/home-redesign/sidebarSurfaces.ts:5-16). The resolver knows five surfaces - home, trade, play, predict, social (SidebarSurfaceId, :58) - and resolveSidebarSurface falls back to home for any other pathname (:910-915), so /airdrop draws the home AI-chat column. The shared chrome exists; the Airdrop column does not.
sidebar [11370-188203]	not-started	src/components/layout (app sidebar)	-	Component fragment "sidebar", 248x844: a state of the app sidebar; not this lane's file. FIRST PASS, NOT OPENED THIS WAVE; classified from its name and harvested size only. READ LIVE 2026-09-24 (wave67 cat-status-a; use_figma getNodeByIdAsync, read-only; code at Skai-Trading fa36d2b9b): "sidebar" 248x844, text: New chat | Learn | Earn | Gauge voting | Yield vaults | Airdrop | Governance | Explorer | Dashboard | Addresses | Analytics | Intelligent support; beside 5515:92313 Yield vaults > Sample vault item 1VH (1440). -> not-started: the sidebar's utilities column (New chat, then Learn, Earn, Gauge voting, Yield vaults, Airdrop, Governance, Explorer and their sub-rows). The sidebar's middle column is section-contextual and the resolver knows home, trade, play, predict and social only (src/components/home-redesign/sidebarSurfaces.ts:58, resolveSidebarSurface :910-915 falls back to the home column), and no sidebar code carries these rows.
sidebar - open casino [11664-305419]	partial	src/components/layout (app sidebar)	-	Component fragment "sidebar - open casino", 296x812: a state of the app sidebar; not this lane's file. FIRST PASS, NOT OPENED THIS WAVE; classified from its name and harvested size only. ASSESSED (wave67 cat-status-a, 2026-09-24; code at Skai-Trading fa36d2b9b, no Figma read: the connector was not connected), unknown -> partial: the casino column is built. The play surface of src/components/home-redesign/HomeSidebarExpanded.tsx seeds the Casino accordion open (sidebarSurfaces.ts:14 names 4711:29339 "sidebar - open casino"; CASINO_ROWS :227), the verdict the other pages' casino-open cuts carry. This 296x812 drawer cut has not been measured.
sidebar [11705-320498]	not-started	src/components/layout (app sidebar)	-	Component fragment "sidebar", 296x812: a state of the app sidebar; not this lane's file. FIRST PASS, NOT OPENED THIS WAVE; classified from its name and harvested size only. READ LIVE 2026-09-24 (wave67 cat-status-a; use_figma getNodeByIdAsync, read-only; code at Skai-Trading fa36d2b9b): "sidebar" 296x812, text: Search anything... | New chat | Learn | Earn | Gauge voting | Yield vaults | Airdrop | Governance | Explorer; beside 11705:320608 Airdrop 1VH (375). -> not-started: the sidebar's utilities column (New chat, then Learn, Earn, Gauge voting, Yield vaults, Airdrop, Governance, Explorer and their sub-rows). The sidebar's middle column is section-contextual and the resolver knows home, trade, play, predict and social only (src/components/home-redesign/sidebarSurfaces.ts:58, resolveSidebarSurface :910-915 falls back to the home column), and no sidebar code carries these rows.
sidebar [12166-456592]	not-started	src/components/layout (app sidebar)	-	Component fragment "sidebar", 296x916: a state of the app sidebar; not this lane's file. FIRST PASS, NOT OPENED THIS WAVE; classified from its name and harvested size only. READ LIVE 2026-09-24 (wave67 cat-status-a; use_figma getNodeByIdAsync, read-only; code at Skai-Trading fa36d2b9b): "sidebar" 296x916, text: Search anything... | New chat | Learn | Earn | Gauge voting | Yield vaults | Airdrop; beside 11998:326822 Explorer (375). -> not-started: the sidebar's utilities column (New chat, then Learn, Earn, Gauge voting, Yield vaults, Airdrop, Governance, Explorer and their sub-rows). The sidebar's middle column is section-contextual and the resolver knows home, trade, play, predict and social only (src/components/home-redesign/sidebarSurfaces.ts:58, resolveSidebarSurface :910-915 falls back to the home column), and no sidebar code carries these rows.
sidebar [11713-326573]	not-started	src/components/layout (app sidebar)	-	Component fragment "sidebar", 318x1024: a state of the app sidebar; not this lane's file. FIRST PASS, NOT OPENED THIS WAVE; classified from its name and harvested size only. READ LIVE 2026-09-24 (wave67 cat-status-a; use_figma getNodeByIdAsync, read-only; code at Skai-Trading fa36d2b9b): "sidebar" 318x1024, text: Search anything... | New chat | Learn | Earn | Gauge voting | Yield vaults | Airdrop | Governance | Explorer; beside 11664:305643 Airdrop 1VH (768). -> not-started: the sidebar's utilities column (New chat, then Learn, Earn, Gauge voting, Yield vaults, Airdrop, Governance, Explorer and their sub-rows). The sidebar's middle column is section-contextual and the resolver knows home, trade, play, predict and social only (src/components/home-redesign/sidebarSurfaces.ts:58, resolveSidebarSurface :910-915 falls back to the home column), and no sidebar code carries these rows.
sidebar [11664-305531]	not-started	src/components/layout (app sidebar)	-	Component fragment "sidebar", 318x1024: a state of the app sidebar; not this lane's file. FIRST PASS, NOT OPENED THIS WAVE; classified from its name and harvested size only. READ LIVE 2026-09-24 (wave67 cat-status-a; use_figma getNodeByIdAsync, read-only; code at Skai-Trading fa36d2b9b): "sidebar" 318x1024, text: Search anything... | New chat | Learn | Earn | Gauge voting | Yield vaults | Airdrop | Governance | Explorer | Intelligent support; beside 11667:312902 Yield vaults 1VH (768). -> not-started: the sidebar's utilities column (New chat, then Learn, Earn, Gauge voting, Yield vaults, Airdrop, Governance, Explorer and their sub-rows). The sidebar's middle column is section-contextual and the resolver knows home, trade, play, predict and social only (src/components/home-redesign/sidebarSurfaces.ts:58, resolveSidebarSurface :910-915 falls back to the home column), and no sidebar code carries these rows.
sidebar [12166-456702]	not-started	src/components/layout (app sidebar)	-	Component fragment "sidebar", 318x1024: a state of the app sidebar; not this lane's file. FIRST PASS, NOT OPENED THIS WAVE; classified from its name and harvested size only. READ LIVE 2026-09-24 (wave67 cat-status-a; use_figma getNodeByIdAsync, read-only; code at Skai-Trading fa36d2b9b): "sidebar" 318x1024, text: Search anything... | New chat | Learn | Earn | Gauge voting | Yield vaults | Airdrop; beside 11983:182767 Explorer (768). -> not-started: the sidebar's utilities column (New chat, then Learn, Earn, Gauge voting, Yield vaults, Airdrop, Governance, Explorer and their sub-rows). The sidebar's middle column is section-contextual and the resolver knows home, trade, play, predict and social only (src/components/home-redesign/sidebarSurfaces.ts:58, resolveSidebarSurface :910-915 falls back to the home column), and no sidebar code carries these rows.
Frame 1000003953 [11998-347370]	partial	-	-	Loose top-level fragment named "Frame 1000003953", 700x316, not a screen and not a component state. Recorded so nobody re-triages it; excluded from the parity denominator. CORRECTED (wave67 cat-status-a, 2026-09-24; code at Skai-Trading fa36d2b9b, no Figma read: the connector was not connected), furniture -> unknown: the verdict above was taken from the name and harvested size alone, which SCHEMA.md's rule does not allow. Furniture is canvas chrome - Directory banners, Breakpoint rulers, loose shapes, stickies, author-labelled rejects - and this node is a visible FRAME "Frame 1000003953" of 700x316 (live/3sSzw1KewMtUbeLAv7uW0r__5210-118077.tsv); coverage.mjs counts such a node as genuine by design, because a default name says nobody named it, not that it holds nothing. Its children have not been read, so no status is claimed: needs a Figma read. READ LIVE 2026-09-24 (wave67 cat-status-a; use_figma getNodeByIdAsync, read-only; code at Skai-Trading fa36d2b9b): "Frame 1000003953" 700x316, text: Net value $3,200.00 | Health Healthy | Delegated to you | Pool; beside 11998:346919 Explorer > Address > Lending (375). -> partial: the Lending tab's summary and positions; built as LendingTab in src/pages/explorer/AddressDetailPage.tsx:911. Not measured at this cut.
Frame 1000003963 [12001-366177]	partial	-	-	Loose top-level fragment named "Frame 1000003963", 700x490, not a screen and not a component state. Recorded so nobody re-triages it; excluded from the parity denominator. CORRECTED (wave67 cat-status-a, 2026-09-24; code at Skai-Trading fa36d2b9b, no Figma read: the connector was not connected), furniture -> unknown: the verdict above was taken from the name and harvested size alone, which SCHEMA.md's rule does not allow. Furniture is canvas chrome - Directory banners, Breakpoint rulers, loose shapes, stickies, author-labelled rejects - and this node is a visible FRAME "Frame 1000003963" of 700x490 (live/3sSzw1KewMtUbeLAv7uW0r__5210-118077.tsv); coverage.mjs counts such a node as genuine by design, because a default name says nobody named it, not that it holds nothing. Its children have not been read, so no status is claimed: needs a Figma read. READ LIVE 2026-09-24 (wave67 cat-status-a; use_figma getNodeByIdAsync, read-only; code at Skai-Trading fa36d2b9b): "Frame 1000003963" 700x490, text: Game | Time | User | Bet Amount | Multiplier | Payout | Safari Slots; beside 12001:365886 Explorer > Gaming (375). -> partial: the Gaming bets table (game, time, user, bet, multiplier, payout) at its full scroll width; built in src/pages/explorer/GamingPage.tsx. Not measured at this cut.
Frame 1000003967 [12001-376676]	partial	-	-	Loose top-level fragment named "Frame 1000003967", 664x50, not a screen and not a component state. Recorded so nobody re-triages it; excluded from the parity denominator. CORRECTED (wave67 cat-status-a, 2026-09-24; code at Skai-Trading fa36d2b9b, no Figma read: the connector was not connected), furniture -> unknown: the verdict above was taken from the name and harvested size alone, which SCHEMA.md's rule does not allow. Furniture is canvas chrome - Directory banners, Breakpoint rulers, loose shapes, stickies, author-labelled rejects - and this node is a visible FRAME "Frame 1000003967" of 664x50 (live/3sSzw1KewMtUbeLAv7uW0r__5210-118077.tsv); coverage.mjs counts such a node as genuine by design, because a default name says nobody named it, not that it holds nothing. Its children have not been read, so no status is claimed: needs a Figma read. READ LIVE 2026-09-24 (wave67 cat-status-a; use_figma getNodeByIdAsync, read-only; code at Skai-Trading fa36d2b9b): "Frame 1000003967" 664x50, text: Address | Voting power | % power | Status | Uptime | Blocks proposed (validator row); beside 12001:376043 Explorer > Addresses (375). -> partial: one row of the validator set (address, voting power, % power, status, uptime, blocks proposed); the validators section is built in src/pages/explorer/ExplorerAddresses.tsx:1-13 from useValidators. Not measured.
section [11998-254527]	partial	-	-	Loose top-level fragment named "section", 708x648, not a screen and not a component state. Recorded so nobody re-triages it; excluded from the parity denominator. CORRECTED (wave67 cat-status-a, 2026-09-24; code at Skai-Trading fa36d2b9b, no Figma read: the connector was not connected), furniture -> unknown: the verdict above was taken from the name and harvested size alone, which SCHEMA.md's rule does not allow. Furniture is canvas chrome - Directory banners, Breakpoint rulers, loose shapes, stickies, author-labelled rejects - and this node is a visible FRAME "section" of 708x648 (live/3sSzw1KewMtUbeLAv7uW0r__5210-118077.tsv); coverage.mjs counts such a node as genuine by design, because a default name says nobody named it, not that it holds nothing. Its children have not been read, so no status is claimed: needs a Figma read. READ LIVE 2026-09-24 (wave67 cat-status-a; use_figma getNodeByIdAsync, read-only; code at Skai-Trading fa36d2b9b): "section" 708x648, text: (same launchpad table: Frame 269 708x44 head, Frame 270 708x552, Frame 271 708x52 pager); beside 11998:253933 Explorer > Launchpad 1VH (768). -> partial: the Launchpad "Active projects" table; built in src/pages/explorer/LaunchpadPage.tsx:493-615 (heading, rows, empty state, pagination). Not measured at this cut.
Withdraw from vault [12049-413478]	partial	src/pages/YieldVaultDetail.tsx / src/components/defi/vault	-	Component fragment "Withdraw from vault", 708x582: a vault or governance fragment; not this lane's file. FIRST PASS, NOT OPENED THIS WAVE; classified from its name and harvested size only. READ LIVE 2026-09-24 (wave67 cat-status-a; use_figma getNodeByIdAsync, read-only; code at Skai-Trading fa36d2b9b): "Withdraw from vault" 708x582, text: Withdraw to token | Skai USD Coin sUSDC | Amount to withdraw | Max | 500.12 sUSDC Available | $100 | $200; beside 11704:318227 Yield vaults > Sample vault item 1VH (768). -> partial: the yield vault withdraw panel (withdraw to token, amount, Max, available, $100-$1,000 chips); built as DepositWithdrawPanel on src/pages/YieldVaultDetail.tsx; the quick-amount chips are the recorded gap (status.governance-vaults.tsv:38).
Withdraw from vault [12049-413393]	partial	src/pages/YieldVaultDetail.tsx / src/components/defi/vault	-	Component fragment "Withdraw from vault", 343x538: a vault or governance fragment; not this lane's file. FIRST PASS, NOT OPENED THIS WAVE; classified from its name and harvested size only. READ LIVE 2026-09-24 (wave67 cat-status-a; use_figma getNodeByIdAsync, read-only; code at Skai-Trading fa36d2b9b): "Withdraw from vault" 343x538, text: Withdraw to token | Skai USD Coin sUSDC | Amount to withdraw | Max | 500.12 sUSDC Available | $100 | $200; beside 11707:322803 Yield vaults > Sample vault item 1VH (375). -> partial: the yield vault withdraw panel (withdraw to token, amount, Max, available, $100-$1,000 chips); built as DepositWithdrawPanel on src/pages/YieldVaultDetail.tsx; the quick-amount chips are the recorded gap (status.governance-vaults.tsv:38).
section [12001-364997]	partial	-	-	Loose top-level fragment named "section", 343x634, not a screen and not a component state. Recorded so nobody re-triages it; excluded from the parity denominator. CORRECTED (wave67 cat-status-a, 2026-09-24; code at Skai-Trading fa36d2b9b, no Figma read: the connector was not connected), furniture -> unknown: the verdict above was taken from the name and harvested size alone, which SCHEMA.md's rule does not allow. Furniture is canvas chrome - Directory banners, Breakpoint rulers, loose shapes, stickies, author-labelled rejects - and this node is a visible FRAME "section" of 343x634 (live/3sSzw1KewMtUbeLAv7uW0r__5210-118077.tsv); coverage.mjs counts such a node as genuine by design, because a default name says nobody named it, not that it holds nothing. Its children have not been read, so no status is claimed: needs a Figma read. READ LIVE 2026-09-24 (wave67 cat-status-a; use_figma getNodeByIdAsync, read-only; code at Skai-Trading fa36d2b9b): "section" 343x634, text: (launchpad table at 343: head 343x42, body 343x542, pager 343x50); beside 12001:363043 Explorer > Launchpad (375). -> partial: the Launchpad "Active projects" table; built in src/pages/explorer/LaunchpadPage.tsx:493-615 (heading, rows, empty state, pagination). Not measured at this cut.
Frame 1000003955 [11998-348680]	partial	-	-	Loose top-level fragment named "Frame 1000003955", 343x1022, not a screen and not a component state. Recorded so nobody re-triages it; excluded from the parity denominator. CORRECTED (wave67 cat-status-a, 2026-09-24; code at Skai-Trading fa36d2b9b, no Figma read: the connector was not connected), furniture -> unknown: the verdict above was taken from the name and harvested size alone, which SCHEMA.md's rule does not allow. Furniture is canvas chrome - Directory banners, Breakpoint rulers, loose shapes, stickies, author-labelled rejects - and this node is a visible FRAME "Frame 1000003955" of 343x1022 (live/3sSzw1KewMtUbeLAv7uW0r__5210-118077.tsv); coverage.mjs counts such a node as genuine by design, because a default name says nobody named it, not that it holds nothing. Its children have not been read, so no status is claimed: needs a Figma read. READ LIVE 2026-09-24 (wave67 cat-status-a; use_figma getNodeByIdAsync, read-only; code at Skai-Trading fa36d2b9b): "Frame 1000003955" 343x1022, text: Address overview | Transfer count | Voting Power | Active age | Unique days active; beside 11998:347934 Explorer > Address > Others (375). -> partial: the Others column; the tab is built as "More" (src/pages/explorer/AddressDetailPage.tsx:1414, :1673-1720: Account, SKAI Points, NFTs, Token transfers). The Address overview card this column opens with (transfer count, voting power, active age, unique days active) is not drawn.
dropdown-yield vaults [11705-320482]	blocked-on-backend	modules/skai-ui/src (DropdownMenu / Select)	-	Component fragment "dropdown-yield vaults", 178x274: a state of the shared dropdown primitive; not this lane's file to edit. FIRST PASS, NOT OPENED THIS WAVE; classified from its name and harvested size only. READ LIVE 2026-09-24 (wave67 cat-status-a; use_figma getNodeByIdAsync, read-only; code at Skai-Trading fa36d2b9b): "dropdown-yield vaults" 178x274, text: 1 year | 6 months | 1 month | 1 week | 24 hours | 6 hours | 30 mins; beside 5492:53877 Yield vaults 1VH (1440). -> blocked-on-backend: the open timeframe menu (1 year ... 30 mins) of the yield vault chart. Missing piece: a historical vault series - the contracts expose none (src/pages/YieldVaultDetail.tsx:10) and no vault snapshot relation exists in supabase/migrations.
sidebar [11713-326780]	not-started	src/components/layout (app sidebar)	-	Component fragment "sidebar", 296x943: a state of the app sidebar; not this lane's file. FIRST PASS, NOT OPENED THIS WAVE; classified from its name and harvested size only. READ LIVE 2026-09-24 (wave67 cat-status-a; use_figma getNodeByIdAsync, read-only; code at Skai-Trading fa36d2b9b): "sidebar" 296x943, text: Search anything... | New chat | Learn | Create new (course or article) | Favorite | Discover | Continue course | Earn | Gauge voting | Yield vaults; beside 11893:101461 Learn > Courses 1VH (375). -> not-started: the sidebar's utilities column (New chat, then Learn, Earn, Gauge voting, Yield vaults, Airdrop, Governance, Explorer and their sub-rows). The sidebar's middle column is section-contextual and the resolver knows home, trade, play, predict and social only (src/components/home-redesign/sidebarSurfaces.ts:58, resolveSidebarSurface :910-915 falls back to the home column), and no sidebar code carries these rows.
sidebar [11713-326890]	not-started	src/components/layout (app sidebar)	-	Component fragment "sidebar", 318x1024: a state of the app sidebar; not this lane's file. FIRST PASS, NOT OPENED THIS WAVE; classified from its name and harvested size only. READ LIVE 2026-09-24 (wave67 cat-status-a; use_figma getNodeByIdAsync, read-only; code at Skai-Trading fa36d2b9b): "sidebar" 318x1024, text: Search anything... | New chat | Learn | Create new (course or article) | Favorite | Discover | Continue course | Earn | Gauge voting | Yield vaults; beside 11720:328489 Learn > Courses 1VH (768). -> not-started: the sidebar's utilities column (New chat, then Learn, Earn, Gauge voting, Yield vaults, Airdrop, Governance, Explorer and their sub-rows). The sidebar's middle column is section-contextual and the resolver knows home, trade, play, predict and social only (src/components/home-redesign/sidebarSurfaces.ts:58, resolveSidebarSurface :910-915 falls back to the home column), and no sidebar code carries these rows.
sidebar [12097-427937]	not-started	src/components/layout (app sidebar)	-	Component fragment "sidebar", 318x1024: a state of the app sidebar; not this lane's file. FIRST PASS, NOT OPENED THIS WAVE; classified from its name and harvested size only. READ LIVE 2026-09-24 (wave67 cat-status-a; use_figma getNodeByIdAsync, read-only; code at Skai-Trading fa36d2b9b): "sidebar" 318x1024, text: Search anything... | New chat | Learn | Earn | Gauge voting | Yield vaults | Airdrop; beside 11900:108870 Governance 1VH (768). -> not-started: the sidebar's utilities column (New chat, then Learn, Earn, Gauge voting, Yield vaults, Airdrop, Governance, Explorer and their sub-rows). The sidebar's middle column is section-contextual and the resolver knows home, trade, play, predict and social only (src/components/home-redesign/sidebarSurfaces.ts:58, resolveSidebarSurface :910-915 falls back to the home column), and no sidebar code carries these rows.
sidebar [12166-455749]	not-started	src/components/layout (app sidebar)	-	Component fragment "sidebar", 318x1024: a state of the app sidebar; not this lane's file. FIRST PASS, NOT OPENED THIS WAVE; classified from its name and harvested size only. READ LIVE 2026-09-24 (wave67 cat-status-a; use_figma getNodeByIdAsync, read-only; code at Skai-Trading fa36d2b9b): "sidebar" 318x1024, text: Search anything... | New chat | Learn | Earn | Opportunities | My positions; beside 11972:149758 Earn 1VH (768). -> not-started: the sidebar's utilities column (New chat, then Learn, Earn, Gauge voting, Yield vaults, Airdrop, Governance, Explorer and their sub-rows). The sidebar's middle column is section-contextual and the resolver knows home, trade, play, predict and social only (src/components/home-redesign/sidebarSurfaces.ts:58, resolveSidebarSurface :910-915 falls back to the home column), and no sidebar code carries these rows.
Lock - with percentage [12215-457394]	blocked-on-backend	src/pages/YieldVaultDetail.tsx / src/components/defi/vault	-	Component fragment "Lock - with percentage", 676x446: a vault or governance fragment; not this lane's file. FIRST PASS, NOT OPENED THIS WAVE; classified from its name and harvested size only. READ LIVE 2026-09-24 (wave67 cat-status-a; use_figma getNodeByIdAsync, read-only; code at Skai-Trading fa36d2b9b): "Lock - with percentage" 676x446, text: 90 day lock | ( +0.10 SOL daily ) | APY: 16.00% | Deposit from token Solana SOL | Amount to deposit 2 Max; beside 11978:171157 Earn > Vault > Trading vault (768). -> blocked-on-backend: the vault lock card that deposits SOL from Solana (90 day lock, +0.10 SOL daily, APY 16%). No rail: the vault has no SOL deposit path, and no source prints a daily SOL yield - the same missing pieces the House vault rows name (status.wave56.sportsbook.tsv:28-29).
With winners [12225-458404]	partial	src/components/notifications/LotterySection.tsx	-	Component fragment "With winners", 708x852: a faucet/lottery fragment (lane governance-account). FIRST PASS, NOT OPENED THIS WAVE; classified from its name and harvested size only. READ LIVE 2026-09-24 (wave67 cat-status-a; use_figma getNodeByIdAsync, read-only; code at Skai-Trading fa36d2b9b): "With winners" 708x852, text: Skai lottery | Skai Originals | Price tiers — Daily price pool | Total: $89.01 | Minor prize; beside 11983:179665 Earn > Faucet (768). -> partial: the lottery overview with prize tiers and winners; built in src/components/notifications/LotterySection.tsx (tier cards with "(n winners per draw)" :374, the intro copy :407). Not measured at this cut.
Frame 1000003977 [12225-458170]	partial	-	-	Loose top-level fragment named "Frame 1000003977", 240x327, not a screen and not a component state. Recorded so nobody re-triages it; excluded from the parity denominator. CORRECTED (wave67 cat-status-a, 2026-09-24; code at Skai-Trading fa36d2b9b, no Figma read: the connector was not connected), furniture -> unknown: the verdict above was taken from the name and harvested size alone, which SCHEMA.md's rule does not allow. Furniture is canvas chrome - Directory banners, Breakpoint rulers, loose shapes, stickies, author-labelled rejects - and this node is a visible FRAME "Frame 1000003977" of 240x327 (live/3sSzw1KewMtUbeLAv7uW0r__5210-118077.tsv); coverage.mjs counts such a node as genuine by design, because a default name says nobody named it, not that it holds nothing. Its children have not been read, so no status is claimed: needs a Figma read. READ LIVE 2026-09-24 (wave67 cat-status-a; use_figma getNodeByIdAsync, read-only; code at Skai-Trading fa36d2b9b): "Frame 1000003977" 240x327, text: 6 Rolls | 1 Streak | 122 SKAI earned | Bet amount: 0.01 SKAI | 1/2; beside 11983:179665 Earn > Faucet (768). -> partial: the faucet roll card (rolls, streak, SKAI earned, bet amount with 1/2 / 2X / Max, balance). FaucetClaimCard (mounted at src/pages/defi/Earn.tsx:1747) draws the rolls / won / streak stats and the cooldown (src/components/dashboard/FaucetClaimCard.tsx:600-640); the bet row belongs to HiLoGameCompact, which is built and mounted nowhere.
Tickets - empty [12215-457534]	unknown	src/components/notifications/LotterySection.tsx	-	Component fragment "Tickets - empty", 708x445: a faucet/lottery fragment (lane governance-account). FIRST PASS, NOT OPENED THIS WAVE; classified from its name and harvested size only.
House vault - if low [12215-457238]	partial	src/pages/YieldVaultDetail.tsx / src/components/defi/vault	-	Component fragment "House vault - if low", 350x500: a vault or governance fragment; not this lane's file. FIRST PASS, NOT OPENED THIS WAVE; classified from its name and harvested size only. READ LIVE 2026-09-24 (wave67 cat-status-a; use_figma getNodeByIdAsync, read-only; code at Skai-Trading fa36d2b9b): "House vault - if low" 350x500, text: House vault | 40 | 1 year | Earn 100 SKAI points for | Provide liquidity to the | APY 3-9% | TVL $5.2M; beside 11980:172605 Earn > Vaults (768). -> partial: the House vault card on the Vaults board (APY 3-9%, TVL, risk, Backs: casino games, sportsbook); built in src/pages/vault/VaultSelection.tsx (status.governance-vaults.tsv:15). This low-liquidity variant is not measured.
Swap - no value [11974-166788]	partial	src/pages/defi/Earn.tsx	-	Component fragment "Swap - no value", 708x556: an Earn stake/swap fragment; the surface it belongs to is not built. FIRST PASS, NOT OPENED THIS WAVE; classified from its name and harvested size only. READ LIVE 2026-09-24 (wave67 cat-status-a; use_figma getNodeByIdAsync, read-only; code at Skai-Trading fa36d2b9b): "Swap - no value" 708x556, text: Transaction speed | 0.01% Free tier | Slow ~5 min | Standard ~1 min | Fast ~15 sec | Amount SKAI 1.99 Max | 22.10 SKAI Available; beside 11973:160234 Earn > Sample opportunity - liquidity > Add liquidity (768). -> partial: the pool add form (transaction speed tiers, amount, legs); built as AddForm, which names this form "Swap - no value" 11022:18418 (src/pages/earn/OpportunityDetail.tsx:1412-1420). Not measured at 768.
Swap - no value [11973-153432]	partial	src/pages/defi/Earn.tsx	-	Component fragment "Swap - no value", 580x500: an Earn stake/swap fragment; the surface it belongs to is not built. FIRST PASS, NOT OPENED THIS WAVE; classified from its name and harvested size only. READ LIVE 2026-09-24 (wave67 cat-status-a; use_figma getNodeByIdAsync, read-only; code at Skai-Trading fa36d2b9b): "Swap - no value" 580x500, text: Stake your SKAI in "SKAI staki | Commission 10.00% | Est. APY 8.76% | Currently staked: 100M SKAI | Amount | 25% | 50% | 75% | Max | Balance: ...; beside 11972:152545 Earn > Stake 1VH (768). -> partial: the single-asset stake form (Stake your SKAI in "SKAI staking 1", commission, est. APY, currently staked, amount with 25 / 50 / 75 / Max, balance); built as LendSavePanel (src/pages/earn/OpportunityDetail.tsx:1074, :1097; the Stake verb :1167; board notes opportunityDetailBoard.ts:222+). Not measured at this cut.
modal [11973-153573]	not-started	-	-	Loose top-level fragment named "modal", 448x516, not a screen and not a component state. Recorded so nobody re-triages it; excluded from the parity denominator. CORRECTED (wave67 cat-status-a, 2026-09-24; code at Skai-Trading fa36d2b9b, no Figma read: the connector was not connected), furniture -> unknown: the verdict above was taken from the name and harvested size alone, which SCHEMA.md's rule does not allow. Furniture is canvas chrome - Directory banners, Breakpoint rulers, loose shapes, stickies, author-labelled rejects - and this node is a visible FRAME "modal" of 448x516 (live/3sSzw1KewMtUbeLAv7uW0r__5210-118077.tsv); coverage.mjs counts such a node as genuine by design, because a default name says nobody named it, not that it holds nothing. Its children have not been read, so no status is claimed: needs a Figma read. READ LIVE 2026-09-24 (wave67 cat-status-a; use_figma getNodeByIdAsync, read-only; code at Skai-Trading fa36d2b9b): "modal" 448x516, text: Review stake summary | This stake amount 100.00 SKAI | Source instrument SKAI staking 1 | Currently staked | Estimated returns (after 24 da | APY ...; beside 11972:153216 Earn > Stake > confirm stake 1VH (768). -> not-started: the "Review stake summary" step (source instrument, currently staked, estimated returns, APY, commission / completion date); its rows are recorded as data (ADD_REVIEW_ROWS, src/pages/earn/opportunityDetailBoard.ts:209-221) but nothing renders a review step.
Claimed - not 100% represented - claimed [12097-431847]	partial	src/pages/YieldVaultDetail.tsx / src/components/defi/vault	-	Component fragment "Claimed - not 100% represented - claimed", 676x194: a vault or governance fragment; not this lane's file. FIRST PASS, NOT OPENED THIS WAVE; classified from its name and harvested size only. READ LIVE 2026-09-24 (wave67 cat-status-a; use_figma getNodeByIdAsync, read-only; code at Skai-Trading fa36d2b9b): "Claimed - not 100% represented - claimed" 676x194, text: 406.22K SKAI | Current vault balance; beside 11902:120450 Governance > Proposals > Staking (768). -> partial: the vault balance card after a claim ("406.22K SKAI / Current vault balance"); built as the vault-balance card in src/components/governance/StakingPanel.tsx:604-625. Not measured.
Vault actions - deposit and unclaimed [12097-431652]	partial	src/pages/YieldVaultDetail.tsx / src/components/defi/vault	-	Component fragment "Vault actions - deposit and unclaimed", 708x913: a vault or governance fragment; not this lane's file. FIRST PASS, NOT OPENED THIS WAVE; classified from its name and harvested size only. ASSESSED (wave67 cat-status-a, 2026-09-24; code at Skai-Trading fa36d2b9b, no Figma read: the connector was not connected), unknown -> partial: the same "Vault actions - deposit and unclaimed" block at a narrower width (708x913 in live/), drawn by src/components/governance/StakingPanel.tsx, which names the 1440 cut 11314:138830 (:567) and records why the Solana SOL deposit form beside it is not built. Remaining: measure this width.
DAO boost - met [12097-431591]	partial	src/pages/YieldVaultDetail.tsx / src/components/defi/vault	-	Component fragment "DAO boost - met", 708x102: a vault or governance fragment; not this lane's file. FIRST PASS, NOT OPENED THIS WAVE; classified from its name and harvested size only. READ LIVE 2026-09-24 (wave67 cat-status-a; use_figma getNodeByIdAsync, read-only; code at Skai-Trading fa36d2b9b): "DAO boost - met" 708x102, text: DAO boost required | Deposit requirement: 1000 SKAI | Your voting power: 1100 SKAI; beside 12097:429324 Governance > Proposals > New proposal (768). -> partial: the proposal requirement box in its met state (deposit requirement 1000 SKAI against voting power 1100 SKAI); built as the Deposit Requirement / Your Voting Power rows of src/components/governance/ProposalCreateModal.tsx:331-345. The met styling is not measured.
Videoframe - playing [12139-450594]	unknown	src/components/learn/CommunityCourseCard.tsx	-	Component fragment "Videoframe - playing", 708x702: a Learn course-card fragment in this lane's directory. FIRST PASS, NOT OPENED THIS WAVE; classified from its name and harvested size only.
Videoframe - before playing [12139-450651]	unknown	src/components/learn/CommunityCourseCard.tsx	-	Component fragment "Videoframe - before playing", 708x702: a Learn course-card fragment in this lane's directory. FIRST PASS, NOT OPENED THIS WAVE; classified from its name and harvested size only.
Course progress - completed [12166-455681]	unknown	src/components/learn/CommunityCourseCard.tsx	-	Component fragment "Course progress - completed", 708x110: a Learn course-card fragment in this lane's directory. FIRST PASS, NOT OPENED THIS WAVE; classified from its name and harvested size only.
Courses - buy [11730-332977]	unknown	src/components/learn/CommunityCourseCard.tsx	-	Component fragment "Courses - buy", 708x370: a Learn course-card fragment in this lane's directory. FIRST PASS, NOT OPENED THIS WAVE; classified from its name and harvested size only.
Course progress - completed [12166-455730]	unknown	src/components/learn/CommunityCourseCard.tsx	-	Component fragment "Course progress - completed", 343x108: a Learn course-card fragment in this lane's directory. FIRST PASS, NOT OPENED THIS WAVE; classified from its name and harvested size only.
Videoframe - playing [12139-450707]	unknown	src/components/learn/CommunityCourseCard.tsx	-	Component fragment "Videoframe - playing", 343x531: a Learn course-card fragment in this lane's directory. FIRST PASS, NOT OPENED THIS WAVE; classified from its name and harvested size only.
Videoframe - before playing [12139-450745]	unknown	src/components/learn/CommunityCourseCard.tsx	-	Component fragment "Videoframe - before playing", 343x531: a Learn course-card fragment in this lane's directory. FIRST PASS, NOT OPENED THIS WAVE; classified from its name and harvested size only.
Courses - buy [12166-455601]	unknown	src/components/learn/CommunityCourseCard.tsx	-	Component fragment "Courses - buy", 343x858: a Learn course-card fragment in this lane's directory. FIRST PASS, NOT OPENED THIS WAVE; classified from its name and harvested size only.
House vault - if low [12215-457316]	partial	src/pages/YieldVaultDetail.tsx / src/components/defi/vault	-	Component fragment "House vault - if low", 343x450: a vault or governance fragment; not this lane's file. FIRST PASS, NOT OPENED THIS WAVE; classified from its name and harvested size only. READ LIVE 2026-09-24 (wave67 cat-status-a; use_figma getNodeByIdAsync, read-only; code at Skai-Trading fa36d2b9b): "House vault - if low" 343x450, text: (same); beside 12004:389667 Earn > Vaults - Trading (375). -> partial: the House vault card on the Vaults board (APY 3-9%, TVL, risk, Backs: casino games, sportsbook); built in src/pages/vault/VaultSelection.tsx (status.governance-vaults.tsv:15). This low-liquidity variant is not measured.
Lock - with percentage [12215-457464]	blocked-on-backend	src/pages/YieldVaultDetail.tsx / src/components/defi/vault	-	Component fragment "Lock - with percentage", 319x422: a vault or governance fragment; not this lane's file. FIRST PASS, NOT OPENED THIS WAVE; classified from its name and harvested size only. READ LIVE 2026-09-24 (wave67 cat-status-a; use_figma getNodeByIdAsync, read-only; code at Skai-Trading fa36d2b9b): "Lock - with percentage" 319x422, text: 90 day lock | APY: 16.00% | Deposit from token Solana SOL | Amount 2 Max $177.69; beside 12004:390587 Earn > Vault > Trading vault (375). -> blocked-on-backend: the vault lock card that deposits SOL from Solana (90 day lock, +0.10 SOL daily, APY 16%). No rail: the vault has no SOL deposit path, and no source prints a daily SOL yield - the same missing pieces the House vault rows name (status.wave56.sportsbook.tsv:28-29).
With winners [12225-458552]	partial	src/components/notifications/LotterySection.tsx	-	Component fragment "With winners", 343x1047: a faucet/lottery fragment (lane governance-account). FIRST PASS, NOT OPENED THIS WAVE; classified from its name and harvested size only. READ LIVE 2026-09-24 (wave67 cat-status-a; use_figma getNodeByIdAsync, read-only; code at Skai-Trading fa36d2b9b): "With winners" 343x1047, text: (same) | (6 winners per draw); beside 12004:408480 Earn > Faucet (375). -> partial: the lottery overview with prize tiers and winners; built in src/components/notifications/LotterySection.tsx (tier cards with "(n winners per draw)" :374, the intro copy :407). Not measured at this cut.
Frame 1000003978 [12225-458263]	partial	-	-	Loose top-level fragment named "Frame 1000003978", 319x218, not a screen and not a component state. Recorded so nobody re-triages it; excluded from the parity denominator. CORRECTED (wave67 cat-status-a, 2026-09-24; code at Skai-Trading fa36d2b9b, no Figma read: the connector was not connected), furniture -> unknown: the verdict above was taken from the name and harvested size alone, which SCHEMA.md's rule does not allow. Furniture is canvas chrome - Directory banners, Breakpoint rulers, loose shapes, stickies, author-labelled rejects - and this node is a visible FRAME "Frame 1000003978" of 319x218 (live/3sSzw1KewMtUbeLAv7uW0r__5210-118077.tsv); coverage.mjs counts such a node as genuine by design, because a default name says nobody named it, not that it holds nothing. Its children have not been read, so no status is claimed: needs a Figma read. READ LIVE 2026-09-24 (wave67 cat-status-a; use_figma getNodeByIdAsync, read-only; code at Skai-Trading fa36d2b9b): "Frame 1000003978" 319x218, text: (same); beside 12004:408480 Earn > Faucet (375). -> partial: the faucet roll card (rolls, streak, SKAI earned, bet amount with 1/2 / 2X / Max, balance). FaucetClaimCard (mounted at src/pages/defi/Earn.tsx:1747) draws the rolls / won / streak stats and the cooldown (src/components/dashboard/FaucetClaimCard.tsx:600-640); the bet row belongs to HiLoGameCompact, which is built and mounted nowhere.
Tickets - empty [12215-457820]	unknown	src/components/notifications/LotterySection.tsx	-	Component fragment "Tickets - empty", 343x855: a faucet/lottery fragment (lane governance-account). FIRST PASS, NOT OPENED THIS WAVE; classified from its name and harvested size only.
modal [12003-384544]	not-started	-	-	Loose top-level fragment named "modal", 354x508, not a screen and not a component state. Recorded so nobody re-triages it; excluded from the parity denominator. CORRECTED (wave67 cat-status-a, 2026-09-24; code at Skai-Trading fa36d2b9b, no Figma read: the connector was not connected), furniture -> unknown: the verdict above was taken from the name and harvested size alone, which SCHEMA.md's rule does not allow. Furniture is canvas chrome - Directory banners, Breakpoint rulers, loose shapes, stickies, author-labelled rejects - and this node is a visible FRAME "modal" of 354x508 (live/3sSzw1KewMtUbeLAv7uW0r__5210-118077.tsv); coverage.mjs counts such a node as genuine by design, because a default name says nobody named it, not that it holds nothing. Its children have not been read, so no status is claimed: needs a Figma read. READ LIVE 2026-09-24 (wave67 cat-status-a; use_figma getNodeByIdAsync, read-only; code at Skai-Trading fa36d2b9b): "modal" 354x508, text: Review stake summary | This stake amount 100.00 SKAI | Source instrument SKAI staking 1 | Currently staked | Estimated returns; beside 12003:384268 Earn > Stake > confirm stake 1VH (375). -> not-started: the "Review stake summary" step (source instrument, currently staked, estimated returns, APY, commission / completion date); its rows are recorded as data (ADD_REVIEW_ROWS, src/pages/earn/opportunityDetailBoard.ts:209-221) but nothing renders a review step.
Swap - no value [12003-384165]	partial	src/pages/defi/Earn.tsx	-	Component fragment "Swap - no value", 343x470: an Earn stake/swap fragment; the surface it belongs to is not built. FIRST PASS, NOT OPENED THIS WAVE; classified from its name and harvested size only. READ LIVE 2026-09-24 (wave67 cat-status-a; use_figma getNodeByIdAsync, read-only; code at Skai-Trading fa36d2b9b): "Swap - no value" 343x470, text: Stake your SKAI in "SKAI s | Commission 10.00% | Est. APY 8.76% | Currently staked 100M | Amount | 25% | 50% | 75%; beside 12003:383790 Earn > Stake 1VH (375). -> partial: the single-asset stake form (Stake your SKAI in "SKAI staking 1", commission, est. APY, currently staked, amount with 25 / 50 / 75 / Max, balance); built as LendSavePanel (src/pages/earn/OpportunityDetail.tsx:1074, :1097; the Stake verb :1167; board notes opportunityDetailBoard.ts:222+). Not measured at this cut.
Claimed - not 100% represented [12136-431944]	not-started	src/pages/YieldVaultDetail.tsx / src/components/defi/vault	-	Component fragment "Claimed - not 100% represented", 319x186: a vault or governance fragment; not this lane's file. FIRST PASS, NOT OPENED THIS WAVE; classified from its name and harvested size only. READ LIVE 2026-09-24 (wave67 cat-status-a; use_figma getNodeByIdAsync, read-only; code at Skai-Trading fa36d2b9b): "Claimed - not 100% represented" 319x186, text: in progress...; beside 11906:133540 Governance > Proposals > Staking (375). -> not-started: the same card in progress: a 128px ring with "in progress..."; StakingPanel draws a glyph over the balance and no ring (src/components/governance/StakingPanel.tsx:604-625).
Claimed - not 100% represented - claimed [12136-431948]	partial	src/pages/YieldVaultDetail.tsx / src/components/defi/vault	-	Component fragment "Claimed - not 100% represented - claimed", 319x186: a vault or governance fragment; not this lane's file. FIRST PASS, NOT OPENED THIS WAVE; classified from its name and harvested size only. READ LIVE 2026-09-24 (wave67 cat-status-a; use_figma getNodeByIdAsync, read-only; code at Skai-Trading fa36d2b9b): "Claimed - not 100% represented - claimed" 319x186, text: 406.22K SKAI | Current vault balance; beside 11906:133540 Governance > Proposals > Staking (375). -> partial: the vault balance card after a claim ("406.22K SKAI / Current vault balance"); built as the vault-balance card in src/components/governance/StakingPanel.tsx:604-625. Not measured.
Vault actions - deposit and unclaimed [12136-431955]	partial	src/pages/YieldVaultDetail.tsx / src/components/defi/vault	-	Component fragment "Vault actions - deposit and unclaimed", 343x562: a vault or governance fragment; not this lane's file. FIRST PASS, NOT OPENED THIS WAVE; classified from its name and harvested size only. ASSESSED (wave67 cat-status-a, 2026-09-24; code at Skai-Trading fa36d2b9b, no Figma read: the connector was not connected), unknown -> partial: the same "Vault actions - deposit and unclaimed" block at a narrower width (343x562 in live/), drawn by src/components/governance/StakingPanel.tsx, which names the 1440 cut 11314:138830 (:567) and records why the Solana SOL deposit form beside it is not built. Remaining: measure this width.
DAO boost - met [12097-431615]	partial	src/pages/YieldVaultDetail.tsx / src/components/defi/vault	-	Component fragment "DAO boost - met", 343x96: a vault or governance fragment; not this lane's file. FIRST PASS, NOT OPENED THIS WAVE; classified from its name and harvested size only. READ LIVE 2026-09-24 (wave67 cat-status-a; use_figma getNodeByIdAsync, read-only; code at Skai-Trading fa36d2b9b): "DAO boost - met" 343x96, text: DAO boost required | Deposit requirement: 1000 SKAI | Your voting power: 1100 SKAI; beside 12097:431217 Governance > Proposals > New proposal (375). -> partial: the proposal requirement box in its met state (deposit requirement 1000 SKAI against voting power 1100 SKAI); built as the Deposit Requirement / Your Voting Power rows of src/components/governance/ProposalCreateModal.tsx:331-345. The met styling is not measured.
Created tokens [12097-427323]	partial	src/pages/explorer/AddressDetailPage.tsx	-	Component fragment "Created tokens", 343x274: an explorer address-page section state in this lane's directory. FIRST PASS, NOT OPENED THIS WAVE; classified from its name and harvested size only. READ LIVE 2026-09-24 (wave67 cat-status-a; use_figma getNodeByIdAsync, read-only; code at Skai-Trading fa36d2b9b): "Created tokens" 343x274, text: Created tokens (4) | Anal intelligence 2d $14.2k Holders: 3 | PIT Pituitary very 27d $7.6k; beside 11875:44348 Account (375). -> partial: the "Created tokens (4)" card; its rows are CreatedTokenList (src/components/social/profile/CreatedTokenList.tsx; CreatorFigure.tsx:91-126 formats $14.2k and 2d as drawn), mounted on /account's Token section through AccountCreatedTokensPanel (frame 5529:73102) rather than in the overview column this board places it in.
Created tokens [12097-427224]	partial	src/pages/explorer/AddressDetailPage.tsx	-	Component fragment "Created tokens", 708x283: an explorer address-page section state in this lane's directory. FIRST PASS, NOT OPENED THIS WAVE; classified from its name and harvested size only. READ LIVE 2026-09-24 (wave67 cat-status-a; use_figma getNodeByIdAsync, read-only; code at Skai-Trading fa36d2b9b): "Created tokens" 708x283, text: Created tokens (4) | Anal intelligence 2d $14.2k Holders: 3 | PIT Pituitary very 27d $7.6k; beside 11768:349002 Account (768). -> partial: the "Created tokens (4)" card; its rows are CreatedTokenList (src/components/social/profile/CreatedTokenList.tsx; CreatorFigure.tsx:91-126 formats $14.2k and 2d as drawn), mounted on /account's Token section through AccountCreatedTokensPanel (frame 5529:73102) rather than in the overview column this board places it in.
input/primary-inputs - on:hover [12082-426929]	not-started	modules/skai-ui/src (Input)	-	Component fragment "input/primary-inputs - on:hover", 708x64: a state of the shared Input primitive; not this lane's file to edit. FIRST PASS, NOT OPENED THIS WAVE; classified from its name and harvested size only. READ LIVE 2026-09-24 (wave67 cat-status-a; use_figma getNodeByIdAsync, read-only; code at Skai-Trading fa36d2b9b): "input/primary-inputs - on:hover" 708x64, text: BSC Returns | 0x47CF...B292 | Make primary; beside 11843:354091 Account > Account settings > Security (768). -> not-started: a connected-wallet row on hover with "Make primary"; the Connected wallets rows are built (src/components/account/SettingsTab.tsx:1590-1650) but offer no make-primary action and deliberately carry no hover (bug 8272cc93, :1634-1637).
input/primary-inputs - on:hover [12082-426944]	not-started	modules/skai-ui/src (Input)	-	Component fragment "input/primary-inputs - on:hover", 343x60: a state of the shared Input primitive; not this lane's file to edit. FIRST PASS, NOT OPENED THIS WAVE; classified from its name and harvested size only. READ LIVE 2026-09-24 (wave67 cat-status-a; use_figma getNodeByIdAsync, read-only; code at Skai-Trading fa36d2b9b): "input/primary-inputs - on:hover" 343x60, text: BSC Returns | 0x47CF...B292 | Make primary; beside 11881:89626 Account > Account settings > Security (375). -> not-started: a connected-wallet row on hover with "Make primary"; the Connected wallets rows are built (src/components/account/SettingsTab.tsx:1590-1650) but offer no make-primary action and deliberately carry no hover (bug 8272cc93, :1634-1637).
dropdown-account overview 5 [12097-427080]	not-started	modules/skai-ui/src (DropdownMenu / Select)	-	Component fragment "dropdown-account overview 5", 120x110: a state of the shared dropdown primitive; not this lane's file to edit. FIRST PASS, NOT OPENED THIS WAVE; classified from its name and harvested size only. READ LIVE 2026-09-24 (wave67 cat-status-a; use_figma getNodeByIdAsync, read-only; code at Skai-Trading fa36d2b9b): "dropdown-account overview 5" 120x110, text: Trade | Predict | Play; beside 11881:88335 Account > Performance overview (375). -> not-started: the open Trade / Predict / Play switch of the account overview; not built - PerformanceOverview draws the trading overview with a period select only (src/components/account/PerformanceOverview.tsx:584-594).
dropdown-account overview 6 [12097-427087]	partial	modules/skai-ui/src (DropdownMenu / Select)	-	Component fragment "dropdown-account overview 6", 120x246: a state of the shared dropdown primitive; not this lane's file to edit. FIRST PASS, NOT OPENED THIS WAVE; classified from its name and harvested size only. READ LIVE 2026-09-24 (wave67 cat-status-a; use_figma getNodeByIdAsync, read-only; code at Skai-Trading fa36d2b9b): "dropdown-account overview 6" 120x246, text: 1 year | 6 months | 1 month | 1 week | 24 hours | 6 hours | 30 mins; beside 11881:88335 Account > Performance overview (375). -> partial: the open period menu (1 year ... 30 mins) of the account overview; built as the period select (src/components/account/PerformanceOverview.tsx:584-594) with the four periods getUserAnalytics accepts - 1 week, 1 month, 3 months, All time (src/components/account/overviewFigures.ts:41-50).
Overview - play [12097-427475]	not-started	src/pages/account (Performance overview)	-	Component fragment "Overview - play", 708x232: an account performance fragment (lane governance-account). FIRST PASS, NOT OPENED THIS WAVE; classified from its name and harvested size only. READ LIVE 2026-09-24 (wave67 cat-status-a; use_figma getNodeByIdAsync, read-only; code at Skai-Trading fa36d2b9b): "Overview - play" 708x232, text: Overview | Total bets $15,160.14 | Amount deposited | Win rate 80% | 10 spends | Average bet size $1,200 | 5 active proposals; beside 11768:350087 Account 1VH (768). -> not-started: the account overview's Play variant (total bets, amount deposited, win rate, average bet size, biggest win / loss); PerformanceOverview draws the trading figures only, and the gaming tab of UserAnalyticsDashboard is a different surface (src/pages/account/Account.tsx:514-521).
Overview - play -hidden [12097-427652]	not-started	src/pages/account (Performance overview)	-	Component fragment "Overview - play -hidden", 708x232: an account performance fragment (lane governance-account). FIRST PASS, NOT OPENED THIS WAVE; classified from its name and harvested size only. READ LIVE 2026-09-24 (wave67 cat-status-a; use_figma getNodeByIdAsync, read-only; code at Skai-Trading fa36d2b9b): "Overview - play -hidden" 708x232, text: Overview | Total bets ***** | Amount deposited | Win rate | 10 spends | Average bet size | Biggest win | Biggest loss; beside 11768:350087 Account 1VH (768). -> not-started: the Play overview with its values masked (*****); neither the Play overview nor a hide-values control exists (src/components/account/PerformanceOverview.tsx).
Overview - play [12097-427765]	not-started	src/pages/account (Performance overview)	-	Component fragment "Overview - play", 343x294: an account performance fragment (lane governance-account). FIRST PASS, NOT OPENED THIS WAVE; classified from its name and harvested size only. READ LIVE 2026-09-24 (wave67 cat-status-a; use_figma getNodeByIdAsync, read-only; code at Skai-Trading fa36d2b9b): "Overview - play" 343x294, text: Overview | Total bets $15,160.14 | Amount deposited | Win rate 80% | Average bet size $1,200; beside 11875:86552 Account 1VH (375). -> not-started: the account overview's Play variant (total bets, amount deposited, win rate, average bet size, biggest win / loss); PerformanceOverview draws the trading figures only, and the gaming tab of UserAnalyticsDashboard is a different surface (src/pages/account/Account.tsx:514-521).
sidebar [12097-428192]	not-started	src/components/layout (app sidebar)	-	Component fragment "sidebar", 296x988: a state of the app sidebar; not this lane's file. FIRST PASS, NOT OPENED THIS WAVE; classified from its name and harvested size only. READ LIVE 2026-09-24 (wave67 cat-status-a; use_figma getNodeByIdAsync, read-only; code at Skai-Trading fa36d2b9b): "sidebar" 296x988, text: Search anything... | New chat | Learn | Earn | Gauge voting | Yield vaults | Airdrop; beside 11900:109506 Governance 1VH (375). -> not-started: the sidebar's utilities column (New chat, then Learn, Earn, Gauge voting, Yield vaults, Airdrop, Governance, Explorer and their sub-rows). The sidebar's middle column is section-contextual and the resolver knows home, trade, play, predict and social only (src/components/home-redesign/sidebarSurfaces.ts:58, resolveSidebarSurface :910-915 falls back to the home column), and no sidebar code carries these rows.
Overview - play -hidden [12097-427882]	not-started	src/pages/account (Performance overview)	-	Component fragment "Overview - play -hidden", 343x294: an account performance fragment (lane governance-account). FIRST PASS, NOT OPENED THIS WAVE; classified from its name and harvested size only. READ LIVE 2026-09-24 (wave67 cat-status-a; use_figma getNodeByIdAsync, read-only; code at Skai-Trading fa36d2b9b): "Overview - play -hidden" 343x294, text: Overview | Total bets ***** | Win rate **** | Average bet size | Biggest win; beside 11875:86552 Account 1VH (375). -> not-started: the Play overview with its values masked (*****); neither the Play overview nor a hide-values control exists (src/components/account/PerformanceOverview.tsx).
sidebar [12166-455891]	not-started	src/components/layout (app sidebar)	-	Component fragment "sidebar", 296x988: a state of the app sidebar; not this lane's file. FIRST PASS, NOT OPENED THIS WAVE; classified from its name and harvested size only. READ LIVE 2026-09-24 (wave67 cat-status-a; use_figma getNodeByIdAsync, read-only; code at Skai-Trading fa36d2b9b): "sidebar" 296x988, text: Search anything... | New chat | Learn | Opportunities | My positions | Vaults; beside 12136:432663 Earn 1VH (375). -> not-started: the sidebar's utilities column (New chat, then Learn, Earn, Gauge voting, Yield vaults, Airdrop, Governance, Explorer and their sub-rows). The sidebar's middle column is section-contextual and the resolver knows home, trade, play, predict and social only (src/components/home-redesign/sidebarSurfaces.ts:58, resolveSidebarSurface :910-915 falls back to the home column), and no sidebar code carries these rows.
dropdown-courses [12166-455671]	blocked-on-backend	modules/skai-ui/src (DropdownMenu / Select)	-	Component fragment "dropdown-courses", 150x152: a state of the shared dropdown primitive; not this lane's file to edit. FIRST PASS, NOT OPENED THIS WAVE; classified from its name and harvested size only. READ LIVE 2026-09-24 (wave67 cat-status-a; use_figma getNodeByIdAsync, read-only; code at Skai-Trading fa36d2b9b): "dropdown-courses" 150x152, text: All videos | Watched | In progress | New to me; beside 11736:336798 Skai university > Sample course > Purchased (768). -> blocked-on-backend: the open course video filter (All videos / Watched / In progress / New to me). Missing piece: a per-user watch log - src/components/learn/marketplace/LearnMarketplace.tsx:84-87 records that none exists, so Watched / In progress cannot be answered.
dropdown-courses [12166-455702]	blocked-on-backend	modules/skai-ui/src (DropdownMenu / Select)	-	Component fragment "dropdown-courses", 120x144: a state of the shared dropdown primitive; not this lane's file to edit. FIRST PASS, NOT OPENED THIS WAVE; classified from its name and harvested size only. READ LIVE 2026-09-24 (wave67 cat-status-a; use_figma getNodeByIdAsync, read-only; code at Skai-Trading fa36d2b9b): "dropdown-courses" 120x144, text: All videos | Watched | In progress | New to me; beside 11897:108098 Skai university > Sample course > Purchased (375). -> blocked-on-backend: the open course video filter (All videos / Watched / In progress / New to me). Missing piece: a per-user watch log - src/components/learn/marketplace/LearnMarketplace.tsx:84-87 records that none exists, so Watched / In progress cannot be answered.
dropdown-multiselect [12166-456540]	not-started	modules/skai-ui/src (DropdownMenu / Select)	-	Component fragment "dropdown-multiselect", 200x42: a state of the shared dropdown primitive; not this lane's file to edit. FIRST PASS, NOT OPENED THIS WAVE; classified from its name and harvested size only. READ LIVE 2026-09-24 (wave67 cat-status-a; use_figma getNodeByIdAsync, read-only; code at Skai-Trading fa36d2b9b): "dropdown-multiselect" 200x42, text: Additional info.; beside 11998:329996 Explorer > Dashboard - transactions (375). -> not-started: a table row's overflow menu with one item, "Additional info."; no explorer table has a row menu (no DropdownMenu under src/pages/explorer or src/components/explorer).
