# key	status	primaryFile	route	reason	bp
# Lane home, wave 39 (2026-09-09). Owns src/components/home-redesign/**, src/pages/upgrade/**,
# src/components/upgrade/**, src/components/ai/**. Work order: 382 open frames on Home 1, Home 2
# and the Trade frames home-redesign implements; 220 of them had never had a row.
#
# WHAT WAS READ. Seven frames were read off their own nodes this run - the three Holdings
# Portfolio boards (2760:12240, 6782:24811, 6782:25160, each with get_metadata plus
# get_design_context on the title row, a stat card, the tab strip and the summary panel),
# their two `/?tab=portfolio` twins, and the two Home 1VH shell boards (6415:45107 with the
# composer 6415:45278, 6415:45113). Every number on those seven rows is from the node.
# Everything else is a FIRST VERDICT - route, file and state from the work order and from
# reading the implementing file - and each such row says "NOT OPENED THIS PASS" in its own
# words, so nobody mistakes it for a measurement.
#
# NO BROWSER WAS USED, so no width cell says `done`: a bp verdict of done means RENDER-verified.
# The widths that were read carry `partial` with the remaining gaps named on the row; every
# other width is absent (unknown). Rows carried from earlier lanes keep their status and say so.
#
# THE READING THAT TRAVELS. Two prior rows on the Portfolio family read a 768 text box height
# as a face size - "$289.01 is 86x28 at 768" became "28px from the tablet cut up", and "1440
# keeps 28" was never read off a node at all. 6782:26161 is text-[24px] leading-[28px] and
# 5883:94098 is 32/38: the page's figures climb ONE ladder, 20/24 - 24/28 - 32/38, and the
# 28 in the middle was the line box. The same shape sat on the title (24 then 36; the boards
# draw 20/24, 24/28, 32/36) and on the composer card (the tablet board keeps the phone's 16
# padding and 16 corner and steps only its line). Read the style, not the box.
#
# FIXED THIS LANE, pinned by tests proved green after the change (112 Portfolio tests, 56
# AskComposer/AiHome tests): PortfolioScreen.tsx title ladder, nine-figure ladder, stat gutter
# (8/8/16), section corner (12/12/16) and gap (8/8/16), summary inset (12/16/16) and gap
# (8/16/32), Total pill third rung (22/26, 16/8 padding), AI Analysis CTA ladder, phone summary
# order; AskComposer.tsx tablet rung (p16 r16 14/18 = 114); AiHome.tsx tablet bolt (48).
#
# NOT THIS LANE'S: src/components/common/install/InstallToHomescreenModal.tsx (3 frames),
# src/pages/Launchpad.tsx, src/pages/trade/Spot.tsx and src/components/trench-redesign/**.
# A pre-existing red, not caused here: homePageLiveHarvest.figma.test.ts pins the harvest
# manifest date at 2026-09-07 and the manifest now says 2026-09-09.
Skai > Home - ads > Tool tip 1VH (768 x 1024px) [6736-38996]	partial	src/components/home-redesign/UpgradeCoachmark.tsx	- (deliberately unmounted)	CARRIED. UpgradeCoachmark.tsx is deliberately unmounted (wave19 row, tablet=partial). Not opened this pass; the ruling that keeps it unmounted stands until someone mounts it.
Skai > Trade - dropdown 1VH (1440 x 900px) [13006-144635]	partial	src/components/home-redesign/HomeTopBar.tsx	(global chrome)	CARRIED partial from status.wave17.home-sidebar.tsv (desktop=partial). HomeTopBar.tsx; not re-read this pass.
Skai > Trade - dropdown 1VH (1440 x 900px) [13006-250464]	partial	src/components/home-redesign/HomeTopBar.tsx	(global chrome)	CARRIED partial from status.wave17.home-sidebar.tsv (desktop=partial). HomeTopBar.tsx; not re-read this pass.
Skai > Home - welcome 1VH (1440 x 900px) [2713-4179]	partial	src/components/home-redesign/SignedOutWelcome.tsx	/	CARRIED partial from the earlier row. SignedOutWelcome.tsx; this 1440 cut was not re-read this pass.
Skai > Home - welcome - end CTA 1VH (1440 x 900px) [2713-4362]	partial	src/components/home-redesign/SignedOutWelcome.tsx	/	CARRIED partial from the earlier row. SignedOutWelcome.tsx; this 1440 cut was not re-read this pass.
Skai > Home - welcome - end CTA 1VH (768 x 1024px) [6381-20578]	partial	src/components/home-redesign/SignedOutWelcome.tsx	/	CARRIED partial from the earlier row. SignedOutWelcome.tsx; this 768 cut was not re-read this pass.
Skai > Home - welcome > onboarding Qs - 1 1VH (768 x 1024px) [6383-20999]	partial	src/components/home-redesign/onboarding/OnboardingQuestionnaire.tsx	/	CARRIED partial from the earlier row. OnboardingQuestionnaire.tsx; this 768 cut was not re-read this pass.
Skai > Home - welcome > onboarding Qs - 2 1VH (768 x 1024px) [6385-21358]	partial	src/components/home-redesign/onboarding/OnboardingQuestionnaire.tsx	/	CARRIED partial from the earlier row. OnboardingQuestionnaire.tsx; this 768 cut was not re-read this pass.
Skai > Home - welcome - with CTA 1VH (768 x 1024px) [6379-18340]	partial	src/components/home-redesign/SignedOutWelcome.tsx	/	CARRIED partial from the earlier row. SignedOutWelcome.tsx; this 768 cut was not re-read this pass.
Skai > Home - welcome - end CTA 1VH (375 x 812px) [6381-20617]	partial	src/components/home-redesign/SignedOutWelcome.tsx	/	CARRIED partial from the earlier row. SignedOutWelcome.tsx; this 375 cut was not re-read this pass.
Skai > Home - welcome > onboarding Qs - 1 1VH (375 x 812px) [6383-21006]	partial	src/components/home-redesign/onboarding/OnboardingQuestionnaire.tsx	/	CARRIED partial from the earlier row. OnboardingQuestionnaire.tsx; this 375 cut was not re-read this pass.
Skai > Home - welcome > onboarding Qs - 2 1VH (375 x 812px) [6385-21390]	partial	src/components/home-redesign/onboarding/OnboardingQuestionnaire.tsx	/	CARRIED partial from the earlier row. OnboardingQuestionnaire.tsx; this 375 cut was not re-read this pass.
Skai > Home - welcome - with CTA 1VH (375 x 812px) [6379-18450]	partial	src/components/home-redesign/SignedOutWelcome.tsx	/	CARRIED partial from the earlier row. SignedOutWelcome.tsx; this 375 cut was not re-read this pass.
Skai > Home > Add > Add whale - input 1VH (768 x 1024px) [13008-125494]	partial	src/components/home-redesign/whales/WhaleSelectorModal.tsx	/	CARRIED partial. WhaleSelectorModal.tsx (+ AskComposer.whaleSend.test.tsx, WhaleSelectorModal.dialogGeometry.test.tsx) ships the whale input in the composer. This 768 cut was not re-read this pass.
Skai > Home > Add > Add whale - input 1VH (375 x 812px) [13008-125552]	partial	src/components/home-redesign/whales/WhaleSelectorModal.tsx	/	CARRIED partial. WhaleSelectorModal.tsx (+ AskComposer.whaleSend.test.tsx, WhaleSelectorModal.dialogGeometry.test.tsx) ships the whale input in the composer. This 375 cut was not re-read this pass.
Skai > Home - ads > Add 1VH (768 x 1024px) [6736-38442]	partial	src/components/home-redesign/AddMenu.tsx	/ (AiHome + menu)	FIRST VERDICT, NOT OPENED THIS PASS. AddMenu.tsx ships the composer's + menu (AddMenu.rows.test.tsx pins its rows); this 768 cut has no geometry read.
Skai > Home - ads > Add 1VH (375 x 812px) [6736-38635]	partial	src/components/home-redesign/AddMenu.tsx	/ (AiHome + menu)	FIRST VERDICT, NOT OPENED THIS PASS. AddMenu.tsx ships the composer's + menu (AddMenu.rows.test.tsx pins its rows); this 375 cut has no geometry read.
Skai > Home > Add > Add whale - input 1VH (1440 x 900px) [13008-114889]	partial	src/components/home-redesign/whales/WhaleSelectorModal.tsx	/ (AiHome composer)	CARRIED partial. WhaleSelectorModal.tsx (+ AskComposer.whaleSend.test.tsx, WhaleSelectorModal.dialogGeometry.test.tsx) ships the whale input in the composer. This 1440 cut was not re-read this pass.
Skai > Home 1VH - query - focus 1VH (768 x 1024px) [6419-45976]	partial	src/components/home-redesign/AskComposer.tsx	/ (AiHome hero)	FIRST VERDICT, NOT OPENED THIS PASS. AskComposer.tsx ships the focused composer; this 768 cut was not read. The composer card's own three-rung geometry (112 / 114 / 126) was fixed this lane off the shell frames and applies here.
Skai > Home 1VH - query 1VH (768 x 1024px) [6419-46299]	partial	src/components/home-redesign/AskComposer.tsx	/ (AiHome hero)	FIRST VERDICT, NOT OPENED THIS PASS. AskComposer.tsx ships the composer with a query; this 768 cut was not read. The composer card's own three-rung geometry (112 / 114 / 126) was fixed this lane off the shell frames and applies here.
Skai > Home 1VH ALT (375 x 812px) [6419-45553]	partial	src/components/home-redesign/ComposerSuggestions.tsx	/ (AiHome typing)	FIRST VERDICT, NOT OPENED THIS PASS. ComposerSuggestions.tsx ships the typing state; ComposerSuggestions.geometry.test.tsx pins its geometry from an earlier read. This ALT frame was not compared.
Skai > Home > Add > upload image 1VH (768 x 1024px) [6736-39216]	partial	src/components/home-redesign/AskComposer.tsx	/ (AiHome upload)	FIRST VERDICT, NOT OPENED THIS PASS. AskComposer.tsx + attachments.tsx cite the 375 upload frames (6736:39279, 6736:40379) for the 328-wide pill table; this 768 cut has no read of its own. The card's 768 rung was fixed this lane.
Skai > Home > Add > upload image 1VH (375 x 812px) [6736-39279]	partial	src/components/home-redesign/AskComposer.tsx	/ (AiHome upload)	FIRST VERDICT, NOT OPENED THIS PASS. AskComposer.tsx + attachments.tsx cite the 375 upload frames (6736:39279, 6736:40379) for the 328-wide pill table; this 375 cut has no read of its own. The card's 768 rung was fixed this lane.
Skai > Home > Voice prompt 1VH (768 x 1024px) [6736-41729]	partial	src/components/home-redesign/AskComposer.tsx	/ (AiHome voice)	FIRST VERDICT, NOT OPENED THIS PASS. AskComposer.tsx ships the voice prompt (AskComposer.waveform.test.tsx); this 768 cut was not read. The composer card's own three-rung geometry (112 / 114 / 126) was fixed this lane off the shell frames and applies here.
Skai > Home > Voice prompt 1VH (375 x 812px) [6750-42546]	partial	src/components/home-redesign/AskComposer.tsx	/ (AiHome voice)	FIRST VERDICT, NOT OPENED THIS PASS. AskComposer.tsx ships the voice prompt (AskComposer.waveform.test.tsx); this 375 cut was not read. The composer card's own three-rung geometry (112 / 114 / 126) was fixed this lane off the shell frames and applies here.
Skai > Home - welcome > onboarding Qs - with default PFP 1 1VH (768 x 1024px) [6388-21725]	partial	src/components/home-redesign/onboarding/OnboardingQuestionnaire.tsx	/ (HomeOnboarding gate)	FIRST VERDICT, NOT OPENED THIS PASS. OnboardingQuestionnaire.tsx ships the with default PFP 1; onboardingHinges.figma.test.ts, priorityGridGutters.figma.test.ts, accountChipGeometry and defaultPfpArt tests pin earlier reads, and homeFigmaGeometry.test.ts holds the PFP header block at 64. This 768 cut was not compared.
Skai > Home - welcome > onboarding Qs - load effect 1VH (768 x 1024px) [6393-53747]	partial	src/components/home-redesign/onboarding/OnboardingQuestionnaire.tsx	/ (HomeOnboarding gate)	FIRST VERDICT, NOT OPENED THIS PASS. OnboardingQuestionnaire.tsx ships the load effect; onboardingHinges.figma.test.ts, priorityGridGutters.figma.test.ts, accountChipGeometry and defaultPfpArt tests pin earlier reads, and homeFigmaGeometry.test.ts holds the PFP header block at 64. This 768 cut was not compared.
Skai > Home - welcome > onboarding Qs - load effect > Badge reward 1VH (768 x 1024px) [6405-20293]	partial	src/components/home-redesign/onboarding/OnboardingQuestionnaire.tsx	/ (HomeOnboarding gate)	FIRST VERDICT, NOT OPENED THIS PASS. OnboardingQuestionnaire.tsx ships the load effect > Badge reward; onboardingHinges.figma.test.ts, priorityGridGutters.figma.test.ts, accountChipGeometry and defaultPfpArt tests pin earlier reads, and homeFigmaGeometry.test.ts holds the PFP header block at 64. This 768 cut was not compared.
Skai > Home - welcome > onboarding Qs - load effect > Quests 1VH (768 x 1024px) [6405-20667]	partial	src/components/home-redesign/onboarding/OnboardingQuestionnaire.tsx	/ (HomeOnboarding gate)	FIRST VERDICT, NOT OPENED THIS PASS. OnboardingQuestionnaire.tsx ships the load effect > Quests; onboardingHinges.figma.test.ts, priorityGridGutters.figma.test.ts, accountChipGeometry and defaultPfpArt tests pin earlier reads, and homeFigmaGeometry.test.ts holds the PFP header block at 64. This 768 cut was not compared.
Skai > Home - welcome > onboarding Qs - with default PFP 1 1VH (375 x 812px) [6388-21892]	partial	src/components/home-redesign/onboarding/OnboardingQuestionnaire.tsx	/ (HomeOnboarding gate)	FIRST VERDICT, NOT OPENED THIS PASS. OnboardingQuestionnaire.tsx ships the with default PFP 1; onboardingHinges.figma.test.ts, priorityGridGutters.figma.test.ts, accountChipGeometry and defaultPfpArt tests pin earlier reads, and homeFigmaGeometry.test.ts holds the PFP header block at 64. This 375 cut was not compared.
Skai > Home - welcome > onboarding Qs - load effect 1VH (375 x 812px) [6394-54418]	partial	src/components/home-redesign/onboarding/OnboardingQuestionnaire.tsx	/ (HomeOnboarding gate)	FIRST VERDICT, NOT OPENED THIS PASS. OnboardingQuestionnaire.tsx ships the load effect; onboardingHinges.figma.test.ts, priorityGridGutters.figma.test.ts, accountChipGeometry and defaultPfpArt tests pin earlier reads, and homeFigmaGeometry.test.ts holds the PFP header block at 64. This 375 cut was not compared.
Skai > Home - welcome > onboarding Qs - load effect 1VH (375 x 812px) [6405-20479]	partial	src/components/home-redesign/onboarding/OnboardingQuestionnaire.tsx	/ (HomeOnboarding gate)	FIRST VERDICT, NOT OPENED THIS PASS. OnboardingQuestionnaire.tsx ships the load effect; onboardingHinges.figma.test.ts, priorityGridGutters.figma.test.ts, accountChipGeometry and defaultPfpArt tests pin earlier reads, and homeFigmaGeometry.test.ts holds the PFP header block at 64. This 375 cut was not compared.
Skai > Home - welcome > onboarding Qs - load effect > Quests 1VH (375 x 812px) [6413-21006]	partial	src/components/home-redesign/onboarding/OnboardingQuestionnaire.tsx	/ (HomeOnboarding gate)	FIRST VERDICT, NOT OPENED THIS PASS. OnboardingQuestionnaire.tsx ships the load effect > Quests; onboardingHinges.figma.test.ts, priorityGridGutters.figma.test.ts, accountChipGeometry and defaultPfpArt tests pin earlier reads, and homeFigmaGeometry.test.ts holds the PFP header block at 64. This 375 cut was not compared.
Skai > Home > Agentic support - Backtesting > conversation 6 > All backtests 1VH (768 x 1024px) [13008-130123]	partial	src/components/home-redesign/conversation/ConversationView.tsx	/ (RedesignHome + BacktestScreen, backtest history dialog)	CARRIED partial. BacktestScreen.tsx + ConversationView.tsx + SearchStrategiesModal.tsx ship the All backtests dialog; SearchStrategiesModal.figma.test.tsx and BacktestResponseCard.figma.test.tsx pin earlier reads. This 768 cut was not re-read this pass.
Skai > Home > Agentic support - Backtesting > conversation 6 > All backtests 1VH (375 x 812px) [13008-130217]	partial	src/components/home-redesign/conversation/ConversationView.tsx	/ (RedesignHome + BacktestScreen, backtest history dialog)	CARRIED partial. BacktestScreen.tsx + ConversationView.tsx + SearchStrategiesModal.tsx ship the All backtests dialog; SearchStrategiesModal.figma.test.tsx and BacktestResponseCard.figma.test.tsx pin earlier reads. This 375 cut was not re-read this pass.
Skai > Home - welcome (1440 x 900px) [2713-4240]	partial	src/components/home-redesign/SignedOutWelcome.tsx	/ (RedesignHome signedOut)	FIRST VERDICT, NOT OPENED THIS PASS. SignedOutWelcome.tsx ships the welcome; earlier rows hold the CTA cuts partial. This 1440 cut has no read.
Skai > Home - welcome 1VH (768 x 1024px) [6330-54599]	partial	src/components/home-redesign/SignedOutWelcome.tsx	/ (RedesignHome signedOut)	FIRST VERDICT, NOT OPENED THIS PASS. SignedOutWelcome.tsx ships the 1VH; earlier rows hold the CTA cuts partial. This 768 cut has no read.
Skai > Home - welcome - scroll 1VH (768 x 1024px) [6379-18604]	partial	src/components/home-redesign/SignedOutWelcome.tsx	/ (RedesignHome signedOut)	FIRST VERDICT, NOT OPENED THIS PASS. SignedOutWelcome.tsx ships the scroll; earlier rows hold the CTA cuts partial. This 768 cut has no read.
Skai > Home - welcome 1VH (375 x 812px) [6330-55267]	partial	src/components/home-redesign/SignedOutWelcome.tsx	/ (RedesignHome signedOut)	FIRST VERDICT, NOT OPENED THIS PASS. SignedOutWelcome.tsx ships the 1VH; earlier rows hold the CTA cuts partial. This 375 cut has no read.
Skai > Home - welcome - scroll 1VH (375 x 812px) [6379-18643]	partial	src/components/home-redesign/SignedOutWelcome.tsx	/ (RedesignHome signedOut)	FIRST VERDICT, NOT OPENED THIS PASS. SignedOutWelcome.tsx ships the scroll; earlier rows hold the CTA cuts partial. This 375 cut has no read.
Skai > Home > AI Feed - actionable 1VH (1440 x 900px) [2836-17050]	partial	src/components/home-redesign/feed/AiFeed.tsx	/ (RedesignHome, AI Feed toggle)	FIRST VERDICT, NOT OPENED THIS PASS. AiFeed.tsx / AiSignalsCards.tsx ship the actionable feed; signalCardBoards.figma.test.ts and copyTradingShell/Grid tests pin board geometry from earlier reads. This 1440 cut was not compared.
Skai > Home > AI Feed - actionable (768 x 1024px) [6711-27811]	partial	src/components/home-redesign/feed/AiFeed.tsx	/ (RedesignHome, AI Feed toggle)	FIRST VERDICT, NOT OPENED THIS PASS. AiFeed.tsx / AiSignalsCards.tsx ship the actionable feed; signalCardBoards.figma.test.ts and copyTradingShell/Grid tests pin board geometry from earlier reads. This 768 cut was not compared.
Skai > Home > AI Feed - actionable (375 x 812px) [6711-32989]	partial	src/components/home-redesign/feed/AiFeed.tsx	/ (RedesignHome, AI Feed toggle)	FIRST VERDICT, NOT OPENED THIS PASS. AiFeed.tsx / AiSignalsCards.tsx ship the actionable feed; signalCardBoards.figma.test.ts and copyTradingShell/Grid tests pin board geometry from earlier reads. This 375 cut was not compared.
Skai > Home > Add > Add whale - input > conversation 5 1VH (1440 x 900px) [13008-114473]	partial	src/components/home-redesign/whales/WhaleSelectorModal.tsx	/ (RedesignHome, conversation surface)	CARRIED partial. WhaleSelectorModal.tsx (+ AskComposer.whaleSend.test.tsx, WhaleSelectorModal.dialogGeometry.test.tsx) ships the whale-mention conversation. This 1440 cut was not re-read this pass.
Skai > Home > Add > Add whale - input > conversation 5 1VH (768 x 1024px) [13008-125612]	partial	src/components/home-redesign/whales/WhaleSelectorModal.tsx	/ (RedesignHome, conversation surface)	CARRIED partial. WhaleSelectorModal.tsx (+ AskComposer.whaleSend.test.tsx, WhaleSelectorModal.dialogGeometry.test.tsx) ships the whale-mention conversation. This 768 cut was not re-read this pass.
Skai > Home > Add > Add whale - input > conversation 5 1VH (375 x 812px) [13008-125682]	partial	src/components/home-redesign/whales/WhaleSelectorModal.tsx	/ (RedesignHome, conversation surface)	CARRIED partial. WhaleSelectorModal.tsx (+ AskComposer.whaleSend.test.tsx, WhaleSelectorModal.dialogGeometry.test.tsx) ships the whale-mention conversation. This 375 cut was not re-read this pass.
Skai > Home > Agentic support - Backtesting > conversation 6 > Replicate Sample Strategy > Custom code > Chart sample 1VH (1440 x 900px) [13008-118798]	partial	src/components/home-redesign/conversation/ConversationView.tsx	/ (RedesignHome, full-screen chart overlay)	CARRIED partial. CandlestickFullscreen.tsx + BacktestFullscreenChart.tsx ship the full-screen chart; three CandlestickFullscreen figma tests pin header, price chip and exit pill. This 1440 cut was not re-read this pass.
Skai > Home > Agentic support - Backtesting > conversation 6 > Replicate Sample Strategy > Custom code > Chart sample 1VH (768 x 1024px) [13008-127063]	frame-defect	src/components/home-redesign/conversation/ConversationView.tsx	/ (RedesignHome, full-screen chart overlay)	CARRIED frame-defect from the earlier row: the 768 chart-sample frame is the defective one and the code is right. Not re-read this pass.
Skai > Home > Agentic support - Backtesting > conversation 6 > Replicate Sample Strategy > Custom code > Chart sample 1VH (375 x 812px) [13008-128626]	partial	src/components/home-redesign/conversation/ConversationView.tsx	/ (RedesignHome, full-screen chart overlay)	CARRIED partial. CandlestickFullscreen.tsx + BacktestFullscreenChart.tsx ship the full-screen chart; three CandlestickFullscreen figma tests pin header, price chip and exit pill. This 375 cut was not re-read this pass.
Skai > Home > conversation 3 > edit chat 1VH (768 x 1024px) [6736-37714]	partial	src/components/home-redesign/conversation/ConversationView.tsx	/ (transcript)	FIRST VERDICT, NOT OPENED THIS PASS. ConversationView.tsx ships the edit-chat state; eight ConversationView figma tests pin columns, docked fade, meta type and the user turn from earlier reads. This 768 cut was not read.
Skai > Home > conversation extended 1VH (768 x 1024px) [6715-34899]	partial	src/components/home-redesign/conversation/ConversationView.tsx	/ (transcript)	FIRST VERDICT, NOT OPENED THIS PASS. ConversationView.tsx ships the extended transcript; eight ConversationView figma tests pin columns, docked fade, meta type and the user turn from earlier reads. This 768 cut was not read.
Skai > Home > conversation 3 > edit chat 1VH (375 x 812px) [6736-37955]	partial	src/components/home-redesign/conversation/ConversationView.tsx	/ (transcript)	FIRST VERDICT, NOT OPENED THIS PASS. ConversationView.tsx ships the edit-chat state; eight ConversationView figma tests pin columns, docked fade, meta type and the user turn from earlier reads. This 375 cut was not read.
Skai > Home > conversation extended 1VH (375 x 812px) [6715-35126]	partial	src/components/home-redesign/conversation/ConversationView.tsx	/ (transcript)	FIRST VERDICT, NOT OPENED THIS PASS. ConversationView.tsx ships the extended transcript; eight ConversationView figma tests pin columns, docked fade, meta type and the user turn from earlier reads. This 375 cut was not read.
Skai > Home > Add > Add whale 1VH (1440 x 900px) [13008-115013]	partial	src/components/home-redesign/whales/WhaleSelectorModal.tsx	/ (whaleSelectorOpen)	CARRIED partial. WhaleSelectorModal.tsx (+ AskComposer.whaleSend.test.tsx, WhaleSelectorModal.dialogGeometry.test.tsx) ships the Add whale modal. This 1440 cut was not re-read this pass.
Skai > Home > Add > Add whale > Select whale 1VH (1440 x 900px) [13008-116983]	partial	src/components/home-redesign/whales/WhaleSelectorModal.tsx	/ (whaleSelectorOpen)	CARRIED partial. WhaleSelectorModal.tsx (+ AskComposer.whaleSend.test.tsx, WhaleSelectorModal.dialogGeometry.test.tsx) ships the Select whale step. This 1440 cut was not re-read this pass.
Skai > Home > Add > Add whale 1VH (768 x 1024px) [13008-125093]	partial	src/components/home-redesign/whales/WhaleSelectorModal.tsx	/ (whaleSelectorOpen)	CARRIED partial. WhaleSelectorModal.tsx (+ AskComposer.whaleSend.test.tsx, WhaleSelectorModal.dialogGeometry.test.tsx) ships the Add whale modal. This 768 cut was not re-read this pass.
Skai > Home > Add > Add whale > Select whale 1VH (768 x 1024px) [13008-125156]	partial	src/components/home-redesign/whales/WhaleSelectorModal.tsx	/ (whaleSelectorOpen)	CARRIED partial. WhaleSelectorModal.tsx (+ AskComposer.whaleSend.test.tsx, WhaleSelectorModal.dialogGeometry.test.tsx) ships the Select whale step. This 768 cut was not re-read this pass.
Skai > Home > Add > Add whale 1VH (375 x 812px) [13008-125298]	partial	src/components/home-redesign/whales/WhaleSelectorModal.tsx	/ (whaleSelectorOpen)	CARRIED partial. WhaleSelectorModal.tsx (+ AskComposer.whaleSend.test.tsx, WhaleSelectorModal.dialogGeometry.test.tsx) ships the Add whale modal. This 375 cut was not re-read this pass.
Skai > Home > Add > Add whale > Select whale 1VH (375 x 812px) [13008-125362]	partial	src/components/home-redesign/whales/WhaleSelectorModal.tsx	/ (whaleSelectorOpen)	CARRIED partial. WhaleSelectorModal.tsx (+ AskComposer.whaleSend.test.tsx, WhaleSelectorModal.dialogGeometry.test.tsx) ships the Select whale step. This 375 cut was not re-read this pass.
Skai > Home > Intelligent support - Analysis 1VH (1440 x 900px) [13438-182088]	partial	src/components/home-redesign/screens/AnalysisScreen.tsx	/?tab=analysis	CARRIED partial. AnalysisScreen.tsx; not re-read this pass.
Skai > Home > AI Feed - empty 1VH (1440 x 900px) [5854-80845]	partial	src/components/home-redesign/feed/AiFeed.tsx	/?tab=feed (AiHomeToggle)	FIRST VERDICT, NOT OPENED THIS PASS. AiFeed.tsx / AiSignalsCards.tsx ship the empty feed; signalCardBoards.figma.test.ts and copyTradingShell/Grid tests pin board geometry from earlier reads. This 1440 cut was not compared.
Skai > Home > AI Feed 1VH (1440 x 900px) [2725-6765]	partial	src/components/home-redesign/feed/AiFeed.tsx	/?tab=feed (AiHomeToggle)	FIRST VERDICT, NOT OPENED THIS PASS. AiFeed.tsx / AiSignalsCards.tsx ship the feed; signalCardBoards.figma.test.ts and copyTradingShell/Grid tests pin board geometry from earlier reads. This 1440 cut was not compared.
Skai > Home > AI Feed - empty 1VH (768 x 1024px) [6704-26096]	partial	src/components/home-redesign/feed/AiFeed.tsx	/?tab=feed (AiHomeToggle)	FIRST VERDICT, NOT OPENED THIS PASS. AiFeed.tsx / AiSignalsCards.tsx ship the empty feed; signalCardBoards.figma.test.ts and copyTradingShell/Grid tests pin board geometry from earlier reads. This 768 cut was not compared.
Skai > Home > AI Feed - actionable 1VH (768 x 1024px) [6710-25832]	partial	src/components/home-redesign/feed/AiFeed.tsx	/?tab=feed (AiHomeToggle)	FIRST VERDICT, NOT OPENED THIS PASS. AiFeed.tsx / AiSignalsCards.tsx ship the actionable feed; signalCardBoards.figma.test.ts and copyTradingShell/Grid tests pin board geometry from earlier reads. This 768 cut was not compared.
Skai > Home > AI Feed - empty 1VH (375 x 812px) [6704-27342]	partial	src/components/home-redesign/feed/AiFeed.tsx	/?tab=feed (AiHomeToggle)	FIRST VERDICT, NOT OPENED THIS PASS. AiFeed.tsx / AiSignalsCards.tsx ship the empty feed; signalCardBoards.figma.test.ts and copyTradingShell/Grid tests pin board geometry from earlier reads. This 375 cut was not compared.
Skai > Home > AI Feed - empty (375 x 812px) [6704-29359]	partial	src/components/home-redesign/feed/AiFeed.tsx	/?tab=feed (AiHomeToggle)	FIRST VERDICT, NOT OPENED THIS PASS. AiFeed.tsx / AiSignalsCards.tsx ship the empty feed; signalCardBoards.figma.test.ts and copyTradingShell/Grid tests pin board geometry from earlier reads. This 375 cut was not compared.
Skai > Home > Intelligent support - Analysis > display settings 1VH (1440 x 900px) [13444-182982]	partial	src/components/home-redesign/screens/DisplaySettingsPanel.tsx	/?tab=analysis (display settings)	FIRST VERDICT, NOT OPENED THIS PASS, AND THE EARLIER not-started IS STALE: DisplaySettingsPanel.tsx exists, is mounted by AnalysisScreen.tsx:645, and displaySettingsPanel.figma.test.tsx pins it. So the drawer is built; whether it matches this 1440 cut is unmeasured, which is partial, not not-started.
Skai > Launch > Sample token > Dashboard - negative 1VH (1440 x 900px) [13006-245903]	partial	src/components/home-redesign/insightx/InsightXScreen.tsx	/?tab=insightx	CARRIED partial. InsightXScreen.tsx renders the Launch sample-token dashboard at /?tab=insightx; this 1440 cut was not re-read this pass.
Skai > Launch > Sample token > Dashboard - positive 1VH (1440 x 900px) [13006-246173]	partial	src/components/home-redesign/insightx/InsightXScreen.tsx	/?tab=insightx	CARRIED partial. InsightXScreen.tsx renders the Launch sample-token dashboard at /?tab=insightx; this 1440 cut was not re-read this pass.
Skai > Launch > Sample token > Dashboard - positive 1VH (375 x 812px) [13006-284221]	partial	src/components/home-redesign/insightx/InsightXScreen.tsx	/?tab=insightx	CARRIED partial. InsightXScreen.tsx renders the Launch sample-token dashboard at /?tab=insightx; this 375 cut was not re-read this pass.
Skai > Launch > Sample token > Dashboard - negative 1VH (375 x 812px) [13006-285797]	partial	src/components/home-redesign/insightx/InsightXScreen.tsx	/?tab=insightx	CARRIED partial. InsightXScreen.tsx renders the Launch sample-token dashboard at /?tab=insightx; this 375 cut was not re-read this pass.
Skai > Launch > Sample token > Dashboard - negative 1VH (768 x 1024px) [13006-285929]	partial	src/components/home-redesign/insightx/InsightXScreen.tsx	/?tab=insightx	CARRIED partial. InsightXScreen.tsx renders the Launch sample-token dashboard at /?tab=insightx; this 768 cut was not re-read this pass.
Skai > Launch > Sample token > Dashboard - positive 1VH (768 x 1024px) [13006-286114]	partial	src/components/home-redesign/insightx/InsightXScreen.tsx	/?tab=insightx	CARRIED partial. InsightXScreen.tsx renders the Launch sample-token dashboard at /?tab=insightx; this 768 cut was not re-read this pass.
Skai > Home > Intelligent support 1VH (1440 x 900px) [13449-191068]	partial	src/components/home-redesign/screens/IntelligentSupportHub.tsx	/?tab=intel	CARRIED partial. IntelligentSupportHub.tsx; not re-read this pass.
Skai > Home > Intelligent support ALT 1VH (1440 x 900px) [13458-193331]	partial	src/components/home-redesign/screens/IntelligentSupportHub.tsx	/?tab=intel	CARRIED partial. IntelligentSupportHub.tsx; not re-read this pass.
Skai > Home > AI Feed > Market intel 1VH (1440 x 900px) [5812-123481]	partial	src/components/home-redesign/market-intel/MarketIntelScreen.tsx	/?tab=market	FIRST VERDICT, NOT OPENED THIS PASS. MarketIntelScreen.tsx ships Market intel; marketIntelPhoneRhythm.test.ts and MarketIntelTickerCard.geometry.test.tsx pin the phone rhythm and ticker card. This 1440 cut was not compared.
Skai > Home > Intelligent support - Market intel 1VH (1440 x 900px) [13388-149975]	partial	src/components/home-redesign/market-intel/MarketIntelScreen.tsx	/?tab=market	CARRIED partial. MarketIntelScreen.tsx; not re-read this pass.
Skai > Home > Intelligent support - Market intel (1440 x 900px) [13391-165819]	partial	src/components/home-redesign/market-intel/MarketIntelScreen.tsx	/?tab=market	CARRIED partial. MarketIntelScreen.tsx; not re-read this pass.
Skai > Home > AI Feed > Market intel (768 x 1024px) [6706-24261]	partial	src/components/home-redesign/market-intel/MarketIntelScreen.tsx	/?tab=market	FIRST VERDICT, NOT OPENED THIS PASS. MarketIntelScreen.tsx ships Market intel; marketIntelPhoneRhythm.test.ts and MarketIntelTickerCard.geometry.test.tsx pin the phone rhythm and ticker card. This 768 cut was not compared.
Skai > Home > AI Feed > Market intel (375 x 812px) [6707-23360]	partial	src/components/home-redesign/market-intel/MarketIntelScreen.tsx	/?tab=market	FIRST VERDICT, NOT OPENED THIS PASS. MarketIntelScreen.tsx ships Market intel; marketIntelPhoneRhythm.test.ts and MarketIntelTickerCard.geometry.test.tsx pin the phone rhythm and ticker card. This 375 cut was not compared.
Skai > Home > AI Feed > Market intel 1VH (375 x 812px) [6710-24624]	partial	src/components/home-redesign/market-intel/MarketIntelScreen.tsx	/?tab=market	FIRST VERDICT, NOT OPENED THIS PASS. MarketIntelScreen.tsx ships Market intel; marketIntelPhoneRhythm.test.ts and MarketIntelTickerCard.geometry.test.tsx pin the phone rhythm and ticker card. This 375 cut was not compared.
Skai > Home > AI Feed > Market intel > Manage intel 1VH (768 x 1024px) [6706-22658]	partial	src/components/home-redesign/market-intel/ManageIntelPanel.tsx	/?tab=market (manageOpen)	FIRST VERDICT, NOT OPENED THIS PASS. ManageIntelPanel.tsx ships the panel; manageIntelPhoneScale / manageIntelViewportPinning / manageIntelSurfaceRows tests pin it from earlier reads. This 768 cut was not compared.
Skai > Home > AI Feed > Market intel > Manage intel 1VH (375 x 812px) [6710-24970]	partial	src/components/home-redesign/market-intel/ManageIntelPanel.tsx	/?tab=market (manageOpen)	FIRST VERDICT, NOT OPENED THIS PASS. ManageIntelPanel.tsx ships the panel; manageIntelPhoneScale / manageIntelViewportPinning / manageIntelSurfaceRows tests pin it from earlier reads. This 375 cut was not compared.
Skai > Home > Intelligent support - Market intel > AI market signals 1VH (1440 x 900px) [13391-170434]	partial	src/components/home-redesign/feed/AiSignalsCards.tsx	/?tab=market&view=signals (MarketIntelScreen)	CARRIED partial. AiSignalsCards.tsx ships the signals cards (aiSignalsCards.figma.test.ts, signalsAccordion.figma.test.tsx); this 1440 cut was not re-read this pass.
Skai > Home > Intelligent support - Market intel > AI market signals 1VH (768 x 1024px) [14094-54390]	partial	src/components/home-redesign/feed/AiSignalsCards.tsx	/?tab=market&view=signals (MarketIntelScreen)	CARRIED partial. AiSignalsCards.tsx ships the signals cards (aiSignalsCards.figma.test.ts, signalsAccordion.figma.test.tsx); this 768 cut was not re-read this pass.
Skai > Home > Intelligent support - Market intel > AI market signals (375 x 812px) [14160-136184]	partial	src/components/home-redesign/feed/AiSignalsCards.tsx	/?tab=market&view=signals (MarketIntelScreen)	CARRIED partial. AiSignalsCards.tsx ships the signals cards (aiSignalsCards.figma.test.ts, signalsAccordion.figma.test.tsx); this 375 cut was not re-read this pass.
Skai > Home > Agentic support - AI master 1VH (1440 x 900px) [13445-184106]	partial	src/components/home-redesign/agents/AgentAutomationsScreen.tsx	/?tab=myagent	CARRIED partial. AgentAutomationsScreen.tsx; not re-read this pass.
Skai > Home > Agentic support - AI master > Create AI agent 1VH (1440 x 900px) [13447-185120]	partial	src/components/ai/AIAgentManager.tsx	/?tab=myagent (create wizard)	CARRIED partial. src/components/ai/AIAgentManager.tsx (1VH); not re-read this pass.
Skai > Home > Agentic support - AI master > Create AI agent - step 2 - choose personality 1VH (1440 x 900px) [13447-186054]	partial	src/components/ai/AIAgentManager.tsx	/?tab=myagent (create wizard)	CARRIED partial. src/components/ai/AIAgentManager.tsx (step 2 - choose personality); not re-read this pass.
Skai > Home > Agentic support - AI master > Create AI agent - step 2 - choose personality 2 1VH (1440 x 900px) [13449-187102]	partial	src/components/ai/AIAgentManager.tsx	/?tab=myagent (create wizard)	CARRIED partial. src/components/ai/AIAgentManager.tsx (step 2 - choose personality 2); not re-read this pass.
Skai > Home > Agentic support - AI master > Create AI agent - step 3 - configure 1VH (1440 x 900px) [13449-186702]	partial	src/components/ai/AIAgentManager.tsx	/?tab=myagent (create wizard)	CARRIED partial. src/components/ai/AIAgentManager.tsx (step 3 - configure); not re-read this pass.
Skai > Home > Agentic support - AI master > Create AI agent - step 3 - configure > Confirm 1VH (1440 x 900px) [13449-190129]	partial	src/components/ai/AIAgentManager.tsx	/?tab=myagent (create wizard)	CARRIED partial. src/components/ai/AIAgentManager.tsx (step 3 - configure > Confirm); not re-read this pass.
Skai > Home > Agentic support - AI master > Create AI agent - step 1 no data 1VH (1440 x 900px) [13447-185789]	partial	src/components/ai/AIAgentManager.tsx	/?tab=myagent (create wizard)	CARRIED partial. src/components/ai/AIAgentManager.tsx (step 1 no data); not re-read this pass.
Skai > Home > Intelligent support - News 1VH (1440 x 900px) [13421-173033]	partial	src/components/home-redesign/screens/NewsScreen.tsx	/?tab=news	CARRIED partial. NewsScreen.tsx; not re-read this pass.
Skai > Home > Intelligent support - News (1440 x 900px) [13425-174581]	partial	src/components/home-redesign/screens/NewsScreen.tsx	/?tab=news	CARRIED partial. NewsScreen.tsx; not re-read this pass.
Skai > Home > Portfolio (768 x 1024px) [6782-26825]	partial	src/components/home-redesign/portfolio/PortfolioScreen.tsx	/?tab=portfolio	SAME BOARD AS 6782-24811 (the `/?tab=portfolio` cut of the 768 Holdings screen): READ OFF THE NODE (get_metadata on the frame, get_design_context on 6782:25019, 6782:25882, 6782:24858, 6782:26156) AND FIXED IN THE FILE. main 768 @ y=52 (Header-tablet 52, Bottom-navigation-tablet 52 @ y=972). Title row 6782:25019 708x36 @ (30,24): `Portfolio` Manrope Light 24/28 (6782:25023, 525x28) - the h1 shipped 36 here and now draws 24/28 at md; share CTA 36 round; AI Analysis 6782:25028 131x34 px24 py8 gap 4 with a 16 slot and 14/18 label - the CTA shipped icon-only below 640 and the desktop pill above it, and now takes the tablet pill at md. Bento 6782:24813 708 @ y=84: two 350x113 cards per row on an 8 gutter (x=0/358, rows y=0/121) - the grid shipped sm:gap-4 = 16 and now holds gap-2 through this board; card p12 r12 (6782:25883 at 12,12), label Manrope 12/16 + 16 glyph (6782:25888 `Vault balance` 69 wide), figure Mulish Light 24/28 (6782:25893). Section 6782:24856 @ y=242 (8 below the bento; shipped 16 via sm:mt-4, now 8): tab strip 6782:24858 rounded-t 12 pt4 px16, inner pt8 pb6, tabs Manrope 12/16 on gap 24 (x=0/70/121/168/223/273), underline 53 @ x=13. Content 6782:24864 with a 16 inset (6782:24865 at 16,16) - the inset chain now hinges at md, not 640. Summary panel 6782:26156 bg #001615 p16 r12 gap 8 (shipped 24 from 640 up): caption Manrope 12/16 @ 64%, figure Mulish Light 24/28 (6782:26161) + 24 eye on a 6 gap, two 36 icon squares on an 8 gap (6782:26167 @ x=0, 26536 @ x=44) with a 1px #56c7f3 stroke; caption line 6782:26169 @ y=72: `Your tokens across multiple blockchains.` and `Goto wallet app` at Manrope 10/14 (not built: the row stays 12/16, a 10px face is below every other caption on the page). Non-custodial heading 138x19, connector 48, pill 123x32 with `Total:` 33x16 and `$301.26` 58x20. REMAINING: Token & NFTs is a separate card 6782:24948 (8 below the section, p16) - inside the Holdings card in code; wallet rows 6782:26564 50 tall with a 32 avatar on a 14 gap, name 14/16, address 12/14 - not compared; the earlier wave15b row on 6782-26825 read this board's figure as `86x28`, which is the 24/28 line box, and the file has been corrected to 24/28.	768=partial @2026-09-09/wave39-home
Skai > Home > Portfolio (375 x 812px) [6795-30496]	partial	src/components/home-redesign/portfolio/PortfolioScreen.tsx	/?tab=portfolio	SAME BOARD AS 6782-25160 (the `/?tab=portfolio` cut of the 375 Holdings screen): READ OFF THE NODE (get_metadata on the frame, get_design_context on 6849:37116, 6849:37127, 6849:37183, 6849:37196) AND FIXED IN THE FILE. main 375 @ y=48 (Header-mobile 48, Bottom-navigation-mobile 54 @ y=758). Title row 6849:37116 328x36 @ (24,16): `Portfolio` Manrope Light 20/24 (6849:37120, 240x24) - the h1 shipped 24 here and now draws 20/24; share CTA 36 round; AI Analysis 6849:37123 a 36x36 r8 #56c7f3 square with a 16 slot and no label. Bento 6849:37124 347 @ y=70: two 169x90 cards per row on an 8 gutter (x=0/177, rows y=0/98), p12 r12 (6849:37128 at 12,12), label Manrope 14/16 + 16 glyph with the link-out instance hidden, figure Mulish Light 20/24 (6849:37138 `1,100` 50x24); Badges card draws three 36.06 Badges150 beside the count, Tier a 40 medallion. Section 6849:37181 @ y=196 (8 below the bento; the box shipped mt-8 = 32 and now draws 8): tab strip 6849:37183 rounded-t 12 pt4 px16, inner pt4 pb6, tabs Manrope 12/14 on gap 16 (x=0/62/105/144/191/233), underline 49 @ x=14; content inset 8 (6849:37194 at 8,8). Summary panel 6849:37196 bg #001615 p12 r12 gap 20, STACKED IN THIS ORDER: stats row (gap 16: caption Manrope 12/14 @ 64%, figure Mulish Light 20/24 #56c7f3 + 24 eye on a 2 gap; `Total tokens` 12/14 over 20/24), then `Goto wallet app` + 16 glyph 8 below it with the sentence HIDDEN (6849:37209 hidden=true), then 24 below that two 149.5x36 labelled buttons on an 8 gap (`Refresh`, `Add/Link wallet`; 1px #56c7f3 r8 p10, 16 slot + 8 gap + Manrope 14/16). The code drew stats, buttons, caption on a 16/12 rhythm with the sentence shown; it now draws the frame's order, hides the sentence below md, and gaps 8 / 24. Figure shipped 24/28 and now 20/24. Non-custodial heading 138x18 on a 3x28 bar, connector 59 (a filler - the Token & NFTs heading's is 105), pill 111x28 with `Total:` 28x14 and `$301.26` 51x16 (Mulish 14/16). REMAINING: Token & NFTs is a separate card 6849:37273 (8 below the section, inset 8/16) - inside the Holdings card in code; that card's table reads `Wallet | Price (24h) | Balance` with `Price (24h)` over the change (`$98,907.19` / `-1.89%` stacked) - the code's 375 header says `Price (24h)` and stacks the same two lines, unmeasured; wallet rows 42 tall, 24 avatar on an 8 gap, name 12/14, address 10/12 - not compared; the 1440 caption's `Goto` typo repeats here.	375=partial @2026-09-09/wave39-home
Skai > Home > Intelligent support - Sentiment 1VH (1440 x 900px) [13427-177219]	partial	src/components/home-redesign/screens/SentimentScreen.tsx	/?tab=sentiment	CARRIED partial. SentimentScreen.tsx; not re-read this pass.
Skai > Home > Intelligent support - Sentiment > Trending topics - modal 1VH (1440 x 900px) [13436-180687]	not-started	src/components/home-redesign/screens/SentimentScreen.tsx	/?tab=sentiment	NOT STARTED, VERIFIED IN SOURCE. SentimentScreen.tsx draws a TrendingPanel rail (line 627) with a `No trending topics right now.` placeholder, and no modal, hover card or `View all topics` surface exists in the file. The 1440 cut was not opened; the verdict is from the code.
Skai > Home > Intelligent support - Sentiment (1440 x 900px) [13431-179336]	partial	src/components/home-redesign/screens/SentimentScreen.tsx	/?tab=sentiment	CARRIED partial. SentimentScreen.tsx; not re-read this pass.
Skai > Home > Intelligent support - Market signals 1VH (1440 x 900px) [13401-171586]	partial	src/components/home-redesign/feed/AiSignalsCards.tsx	/?tab=signals (SignalsScreen)	CARRIED partial. AiSignalsCards.tsx ships the signals cards (aiSignalsCards.figma.test.ts, signalsAccordion.figma.test.tsx); this 1440 cut was not re-read this pass.
Skai > Home > Intelligent support - Market signals (768 x 1024px) [14094-67930]	partial	src/components/home-redesign/feed/AiSignalsCards.tsx	/?tab=signals (SignalsScreen)	CARRIED partial. AiSignalsCards.tsx ships the signals cards (aiSignalsCards.figma.test.ts, signalsAccordion.figma.test.tsx); this 768 cut was not re-read this pass.
Skai > Home > Intelligent support - Market signals (375 x 812px) [14160-137998]	partial	src/components/home-redesign/feed/AiSignalsCards.tsx	/?tab=signals (SignalsScreen)	CARRIED partial. AiSignalsCards.tsx ships the signals cards (aiSignalsCards.figma.test.ts, signalsAccordion.figma.test.tsx); this 375 cut was not re-read this pass.
Skai > Home > Whales - no data 1VH (1440 x 900px) [13008-110742]	partial	src/components/home-redesign/whales/WhalesScreen.tsx	/?tab=whale	CARRIED partial. WhalesScreen.tsx ships the no data; WhalesScreen.hinges.test.tsx holds the 36 / 131x34 / 158x36 AI Analysis ladder and the Activity/Flow header split. Whales have no backend table, so the data state stays an honest unavailable. This 1440 cut was not re-read this pass.
Skai > Home > Whales 1VH (1440 x 900px) [13008-110870]	partial	src/components/home-redesign/whales/WhalesScreen.tsx	/?tab=whale	CARRIED partial. WhalesScreen.tsx ships the 1VH; WhalesScreen.hinges.test.tsx holds the 36 / 131x34 / 158x36 AI Analysis ladder and the Activity/Flow header split. Whales have no backend table, so the data state stays an honest unavailable. This 1440 cut was not re-read this pass.
Skai > Home > Whales 1VH (1440 x 900px) [13008-111263]	partial	src/components/home-redesign/whales/WhalesScreen.tsx	/?tab=whale	CARRIED partial. WhalesScreen.tsx ships the 1VH; WhalesScreen.hinges.test.tsx holds the 36 / 131x34 / 158x36 AI Analysis ladder and the Activity/Flow header split. Whales have no backend table, so the data state stays an honest unavailable. This 1440 cut was not re-read this pass.
Skai > Home > Whales 1VH (1440 x 900px) [13008-112079]	partial	src/components/home-redesign/whales/WhalesScreen.tsx	/?tab=whale	CARRIED partial. WhalesScreen.tsx ships the 1VH; WhalesScreen.hinges.test.tsx holds the 36 / 131x34 / 158x36 AI Analysis ladder and the Activity/Flow header split. Whales have no backend table, so the data state stays an honest unavailable. This 1440 cut was not re-read this pass.
Skai > Home > Whales 1VH (1440 x 900px) [13008-115137]	partial	src/components/home-redesign/whales/WhalesScreen.tsx	/?tab=whale	CARRIED partial. WhalesScreen.tsx ships the 1VH; WhalesScreen.hinges.test.tsx holds the 36 / 131x34 / 158x36 AI Analysis ladder and the Activity/Flow header split. Whales have no backend table, so the data state stays an honest unavailable. This 1440 cut was not re-read this pass.
Skai > Home > Whales - no data 1VH (768 x 1024px) [13008-119988]	partial	src/components/home-redesign/whales/WhalesScreen.tsx	/?tab=whale	CARRIED partial. WhalesScreen.tsx ships the no data; WhalesScreen.hinges.test.tsx holds the 36 / 131x34 / 158x36 AI Analysis ladder and the Activity/Flow header split. Whales have no backend table, so the data state stays an honest unavailable. This 768 cut was not re-read this pass.
Skai > Home > Whales (768 x 1024px) [13008-120275]	partial	src/components/home-redesign/whales/WhalesScreen.tsx	/?tab=whale	CARRIED partial. WhalesScreen.tsx ships the (768 x 1024px); WhalesScreen.hinges.test.tsx holds the 36 / 131x34 / 158x36 AI Analysis ladder and the Activity/Flow header split. Whales have no backend table, so the data state stays an honest unavailable. This 768 cut was not re-read this pass.
Skai > Home > Whales 1VH (768 x 1024px) [13008-120579]	partial	src/components/home-redesign/whales/WhalesScreen.tsx	/?tab=whale	CARRIED partial. WhalesScreen.tsx ships the 1VH; WhalesScreen.hinges.test.tsx holds the 36 / 131x34 / 158x36 AI Analysis ladder and the Activity/Flow header split. Whales have no backend table, so the data state stays an honest unavailable. This 768 cut was not re-read this pass.
Skai > Home > Whales (768 x 1024px) [13008-121237]	partial	src/components/home-redesign/whales/WhalesScreen.tsx	/?tab=whale	CARRIED partial. WhalesScreen.tsx ships the (768 x 1024px); WhalesScreen.hinges.test.tsx holds the 36 / 131x34 / 158x36 AI Analysis ladder and the Activity/Flow header split. Whales have no backend table, so the data state stays an honest unavailable. This 768 cut was not re-read this pass.
Skai > Home > Whales - no data 1VH (375 x 812px) [13008-122582]	partial	src/components/home-redesign/whales/WhalesScreen.tsx	/?tab=whale	CARRIED partial. WhalesScreen.tsx ships the no data; WhalesScreen.hinges.test.tsx holds the 36 / 131x34 / 158x36 AI Analysis ladder and the Activity/Flow header split. Whales have no backend table, so the data state stays an honest unavailable. This 375 cut was not re-read this pass.
Skai > Home > Whales 1VH (375 x 812px) [13008-122676]	partial	src/components/home-redesign/whales/WhalesScreen.tsx	/?tab=whale	CARRIED partial. WhalesScreen.tsx ships the 1VH; WhalesScreen.hinges.test.tsx holds the 36 / 131x34 / 158x36 AI Analysis ladder and the Activity/Flow header split. Whales have no backend table, so the data state stays an honest unavailable. This 375 cut was not re-read this pass.
Skai > Home > Whales (375 x 812px) [13008-122979]	partial	src/components/home-redesign/whales/WhalesScreen.tsx	/?tab=whale	CARRIED partial. WhalesScreen.tsx ships the (375 x 812px); WhalesScreen.hinges.test.tsx holds the 36 / 131x34 / 158x36 AI Analysis ladder and the Activity/Flow header split. Whales have no backend table, so the data state stays an honest unavailable. This 375 cut was not re-read this pass.
Skai > Home > Whales - no data (375 x 812px) [13008-123503]	partial	src/components/home-redesign/whales/WhalesScreen.tsx	/?tab=whale	CARRIED partial. WhalesScreen.tsx ships the no data; WhalesScreen.hinges.test.tsx holds the 36 / 131x34 / 158x36 AI Analysis ladder and the Activity/Flow header split. Whales have no backend table, so the data state stays an honest unavailable. This 375 cut was not re-read this pass.
Skai > Home > Whales - no data (375 x 812px) [13008-123798]	partial	src/components/home-redesign/whales/WhalesScreen.tsx	/?tab=whale	CARRIED partial. WhalesScreen.tsx ships the no data; WhalesScreen.hinges.test.tsx holds the 36 / 131x34 / 158x36 AI Analysis ladder and the Activity/Flow header split. Whales have no backend table, so the data state stays an honest unavailable. This 375 cut was not re-read this pass.
Skai > Home > Whales > filter - custom input 1VH (1440 x 900px) [13008-111656]	partial	src/components/home-redesign/whales/WhalesScreen.tsx	/?tab=whale (Flow filters)	CARRIED partial. WhalesScreen.tsx ships the > filter - custom input; WhalesScreen.hinges.test.tsx holds the 36 / 131x34 / 158x36 AI Analysis ladder and the Activity/Flow header split. Whales have no backend table, so the data state stays an honest unavailable. This 1440 cut was not re-read this pass.
Skai > Home > Whales - market technicals (768 x 1024px) [13008-120883]	partial	src/components/home-redesign/whales/WhalesScreen.tsx	/?tab=whale (technicals)	CARRIED partial. WhalesScreen.tsx ships the market technicals; WhalesScreen.hinges.test.tsx holds the 36 / 131x34 / 158x36 AI Analysis ladder and the Activity/Flow header split. Whales have no backend table, so the data state stays an honest unavailable. This 768 cut was not re-read this pass.
Skai > Home > Whales - market technicals (375 x 812px) [13008-123282]	partial	src/components/home-redesign/whales/WhalesScreen.tsx	/?tab=whale (technicals)	CARRIED partial. WhalesScreen.tsx ships the market technicals; WhalesScreen.hinges.test.tsx holds the 36 / 131x34 / 158x36 AI Analysis ladder and the Activity/Flow header split. Whales have no backend table, so the data state stays an honest unavailable. This 375 cut was not re-read this pass.
Skai > Dashboard - positive 1VH (1440 x 900px) [4437-112650]	partial	src/components/home-redesign/insightx/InsightXScreen.tsx	/insightx	CARRIED partial. InsightXScreen.tsx ships the positive; not re-read this pass.
Skai > Dashboard > Whale activity 1VH (1440 x 900px) [4451-126554]	partial	src/components/home-redesign/insightx/InsightXScreen.tsx	/insightx	CARRIED partial. InsightXScreen.tsx ships the Whale activity; not re-read this pass.
Skai > Dashboard > Reports 1VH (1440 x 900px) [4451-126989]	partial	src/components/home-redesign/insightx/InsightXScreen.tsx	/insightx	CARRIED partial. InsightXScreen.tsx ships the Reports; not re-read this pass.
Skai > Dashboard > News 1VH (1440 x 900px) [4459-127765]	partial	src/components/home-redesign/insightx/InsightXScreen.tsx	/insightx	CARRIED partial. InsightXScreen.tsx ships the News; not re-read this pass.
Skai > Dashboard - positive 1VH (375 x 812px) [9069-263248]	partial	src/components/home-redesign/insightx/InsightXScreen.tsx	/insightx	FIRST VERDICT, NOT OPENED THIS PASS. InsightXScreen.tsx ships the positive and already cites the 375 nodes for its title ladder (20/24 - 24/28 - 32/36 on 9069:263248 / 9069:261150 / 4437:112650) and the mobile signal card (9081:266034); InsightXScreen.figma.test.tsx and reportsTableScrolls.figma.test.tsx pin earlier reads. This cut was not compared end to end.
Skai > Dashboard > Reports 1VH (375 x 812px) [9081-266034]	partial	src/components/home-redesign/insightx/InsightXScreen.tsx	/insightx	FIRST VERDICT, NOT OPENED THIS PASS. InsightXScreen.tsx ships the Reports and already cites the 375 nodes for its title ladder (20/24 - 24/28 - 32/36 on 9069:263248 / 9069:261150 / 4437:112650) and the mobile signal card (9081:266034); InsightXScreen.figma.test.tsx and reportsTableScrolls.figma.test.tsx pin earlier reads. This cut was not compared end to end.
Skai > Dashboard > News 1VH (375 x 812px) [9081-267604]	partial	src/components/home-redesign/insightx/InsightXScreen.tsx	/insightx	FIRST VERDICT, NOT OPENED THIS PASS. InsightXScreen.tsx ships the News and already cites the 375 nodes for its title ladder (20/24 - 24/28 - 32/36 on 9069:263248 / 9069:261150 / 4437:112650) and the mobile signal card (9081:266034); InsightXScreen.figma.test.tsx and reportsTableScrolls.figma.test.tsx pin earlier reads. This cut was not compared end to end.
Skai > Dashboard > Whale activity 1VH (375 x 812px) [9081-267988]	partial	src/components/home-redesign/insightx/InsightXScreen.tsx	/insightx	FIRST VERDICT, NOT OPENED THIS PASS. InsightXScreen.tsx ships the Whale activity and already cites the 375 nodes for its title ladder (20/24 - 24/28 - 32/36 on 9069:263248 / 9069:261150 / 4437:112650) and the mobile signal card (9081:266034); InsightXScreen.figma.test.tsx and reportsTableScrolls.figma.test.tsx pin earlier reads. This cut was not compared end to end.
Skai > Dashboard - positive 1VH (768 x 1024px) [9069-261150]	partial	src/components/home-redesign/insightx/InsightXScreen.tsx	/insightx	FIRST VERDICT, NOT OPENED THIS PASS. InsightXScreen.tsx ships the positive and already cites the 768 nodes for its title ladder (20/24 - 24/28 - 32/36 on 9069:263248 / 9069:261150 / 4437:112650) and the mobile signal card (9081:266034); InsightXScreen.figma.test.tsx and reportsTableScrolls.figma.test.tsx pin earlier reads. This cut was not compared end to end.
Skai > Dashboard > Reports 1VH (768 x 1024px) [9081-265572]	partial	src/components/home-redesign/insightx/InsightXScreen.tsx	/insightx	FIRST VERDICT, NOT OPENED THIS PASS. InsightXScreen.tsx ships the Reports and already cites the 768 nodes for its title ladder (20/24 - 24/28 - 32/36 on 9069:263248 / 9069:261150 / 4437:112650) and the mobile signal card (9081:266034); InsightXScreen.figma.test.tsx and reportsTableScrolls.figma.test.tsx pin earlier reads. This cut was not compared end to end.
Skai > Dashboard > News 1VH (768 x 1024px) [9081-266293]	partial	src/components/home-redesign/insightx/InsightXScreen.tsx	/insightx	FIRST VERDICT, NOT OPENED THIS PASS. InsightXScreen.tsx ships the News and already cites the 768 nodes for its title ladder (20/24 - 24/28 - 32/36 on 9069:263248 / 9069:261150 / 4437:112650) and the mobile signal card (9081:266034); InsightXScreen.figma.test.tsx and reportsTableScrolls.figma.test.tsx pin earlier reads. This cut was not compared end to end.
Skai > Dashboard > Whale activity 1VH (768 x 1024px) [9081-266657]	partial	src/components/home-redesign/insightx/InsightXScreen.tsx	/insightx	FIRST VERDICT, NOT OPENED THIS PASS. InsightXScreen.tsx ships the Whale activity and already cites the 768 nodes for its title ladder (20/24 - 24/28 - 32/36 on 9069:263248 / 9069:261150 / 4437:112650) and the mobile signal card (9081:266034); InsightXScreen.figma.test.tsx and reportsTableScrolls.figma.test.tsx pin earlier reads. This cut was not compared end to end.
Skai > Launch > Display settings (1440 x 900px) [13006-154151]	frame-defect	src/components/home-redesign/screens/ScreenerScreen.tsx	/launchpad	CARRIED frame-defect from the earlier row. ScreenerScreen.tsx is this lane's file; src/pages/Launchpad.tsx is not. Not re-read this pass.
Skai > Launch (375 x 812px) [13006-281970]	frame-defect	src/components/home-redesign/screens/ScreenerScreen.tsx	/launchpad	CARRIED frame-defect from the earlier row. ScreenerScreen.tsx is this lane's file; src/pages/Launchpad.tsx is not. Not re-read this pass.
Skai > Launch  (768 x 1024px) [13006-283168]	frame-defect	src/components/home-redesign/screens/ScreenerScreen.tsx	/launchpad	CARRIED frame-defect from the earlier row. ScreenerScreen.tsx is this lane's file; src/pages/Launchpad.tsx is not. Not re-read this pass.
Skai > Home > Portfolio > Social - with vesting 1VH (1440 x 900px) [2899-16515]	partial	src/components/home-redesign/portfolio/PortfolioScreen.tsx	/portfolio	FIRST VERDICT, NOT OPENED THIS PASS. The Social tab is implemented in PortfolioScreen.tsx (SocialTab) and this 1440 cut has never had a row. The chrome every tab shares was measured on the Holdings cut at this width and fixed this lane - title ladder, stat-row gutter, section corner and gap, tab strip, big-figure ladder, Total pill - and those fixes apply to this frame too. The tab's own body (its summary panel's inset, its rows) was not compared; the Social summary panel still carries `p-3 sm:p-6`, which the Holdings measurement suggests is 24 where the boards draw 12/16/16, but that is a carried inference, not a read of this node.
Skai > Home > Portfolio (1440 x 900px) [2760-12240]	partial	src/components/home-redesign/portfolio/PortfolioScreen.tsx	/portfolio	READ OFF THE NODE (get_design_context on 2760:12240) AND FIXED IN THE FILE. Page 1440x900 bg #001615; main 1382 @ x=58 (58 sidebar), y=56 (56 header). Title 2760:12243 Manrope Light 32/36 tracking -1.28 @ y=24 - the h1 shipped 36 (sm:text-[36px]) and now steps 20/24 -> 24/28 -> 32/36. Header controls 6259:95422 206 wide @ right 148: a 36 round share CTA (1px #123f3c, p10, 16 glyph) and the AI Analysis CTA 6259:95424 158x36 r8 #56c7f3 with a 24 slot + 2 gap + Manrope 14/18 #001615 - the CTA now takes the 36 / 131x34 / 158x36 ladder WhalesScreen ships. Stat row 2760:12244 1144x113 @ y=85, gap 16, four flex-1 cards 274x113 bg #122524 p16 r16 shadow 0/10/80 25%; label Manrope 14/18 + 16 glyph, figure Mulish Light 32/38 (2760:12255) - the figures shipped lg:leading-9 and now carry lg:leading-[38px]; Badges card 2760:12276 three 64 Badges150 at mr -39.2; Tier card 48 medallion + Upgrade #56c7f3 14/18 on a 14 gap. Section 2760:12292 @ y=214 (16 below the row; the box shipped mt-8=32 and now mt-2 lg:mt-4): tab strip 5926:13247 rounded-t 16 pt4 px16 with inner pt8 pb6, tabs Manrope 14/18 on gap 24, active white / idle #95a09f, 53-wide underline. The section box shipped CARD's rounded-2xl = 24 on this preset and now draws 12 / 12 / 16. Content card 2760:12303 pt32 px16 pb16 gap 32 rounded-b 16: summary panel 5883:94094 bg #001615 p16 r12 gap 8 (shipped sm:p-6 = 24, now md:p-4; sits 32 below the divider, shipped mt-6 = 24, now lg:mt-8), caption Manrope 14/18 @ 64%, figure Mulish Light 32/38 #56c7f3 + 24 eye on a 6 gap, buttons 186x36 on gap 8: 36 square + Add/Link wallet, both 1.5px #56c7f3 r8 (border now lg:border-[1.5px]). Non-custodial heading 5883:94013 Manrope Bold 18/24 with a 3px rgba(23,249,180,.24) bar, 48 connector, Total pill px16 py8 r8 border #123f3c holding Mulish 14/18 @ 64% + Mulish 22/26 - the pill shipped 16 and now carries lg:text-[22px] lg:leading-[26px] with lg:px-4 lg:py-2. REMAINING, NAMED: (1) Token & NFTs is a SEPARATE card 2760:12374 (h330, 8 below the Holdings card, pt32 px16 pb16 r16) on this board and on both smaller ones; the code draws it inside the Holdings card, and moving it out means splitting HoldingsTab's state across two cards. (2) Wallet rows 5883:94025 are p12 r12 bg #122524 cards with a 40 avatar on a 14 gap, name 14/18, address Mulish 12/16 #95a09f + 16 copy glyph on a 10 gap, amount Mulish 16/16 and usd Mulish 16/16 #95a09f, then a 24 gap to two 16 glyphs - not compared this pass. (3) Add/Link wallet reads px40 py6 on a fixed 142 box the label cannot fit inside; the box wins, so px-4 stays. (4) The wallet-app caption says `Goto` on the frame and `Go to` in code - the frame's copy is a typo. Footer 5902:147918 and the header/sidebar/ticker are global chrome, not this file. Pinned by portfolioHinges.figma.test.ts (nine-figure ladder, pill rungs, md: hinges) and portfolioTabRow.figma.test.ts (inset chain), 112 tests green.	1440=partial @2026-09-09/wave39-home
Skai > Home > Portfolio 1VH (768 x 1024px) [6782-24811]	partial	src/components/home-redesign/portfolio/PortfolioScreen.tsx	/portfolio	READ OFF THE NODE (get_metadata on the frame, get_design_context on 6782:25019, 6782:25882, 6782:24858, 6782:26156) AND FIXED IN THE FILE. main 768 @ y=52 (Header-tablet 52, Bottom-navigation-tablet 52 @ y=972). Title row 6782:25019 708x36 @ (30,24): `Portfolio` Manrope Light 24/28 (6782:25023, 525x28) - the h1 shipped 36 here and now draws 24/28 at md; share CTA 36 round; AI Analysis 6782:25028 131x34 px24 py8 gap 4 with a 16 slot and 14/18 label - the CTA shipped icon-only below 640 and the desktop pill above it, and now takes the tablet pill at md. Bento 6782:24813 708 @ y=84: two 350x113 cards per row on an 8 gutter (x=0/358, rows y=0/121) - the grid shipped sm:gap-4 = 16 and now holds gap-2 through this board; card p12 r12 (6782:25883 at 12,12), label Manrope 12/16 + 16 glyph (6782:25888 `Vault balance` 69 wide), figure Mulish Light 24/28 (6782:25893). Section 6782:24856 @ y=242 (8 below the bento; shipped 16 via sm:mt-4, now 8): tab strip 6782:24858 rounded-t 12 pt4 px16, inner pt8 pb6, tabs Manrope 12/16 on gap 24 (x=0/70/121/168/223/273), underline 53 @ x=13. Content 6782:24864 with a 16 inset (6782:24865 at 16,16) - the inset chain now hinges at md, not 640. Summary panel 6782:26156 bg #001615 p16 r12 gap 8 (shipped 24 from 640 up): caption Manrope 12/16 @ 64%, figure Mulish Light 24/28 (6782:26161) + 24 eye on a 6 gap, two 36 icon squares on an 8 gap (6782:26167 @ x=0, 26536 @ x=44) with a 1px #56c7f3 stroke; caption line 6782:26169 @ y=72: `Your tokens across multiple blockchains.` and `Goto wallet app` at Manrope 10/14 (not built: the row stays 12/16, a 10px face is below every other caption on the page). Non-custodial heading 138x19, connector 48, pill 123x32 with `Total:` 33x16 and `$301.26` 58x20. REMAINING: Token & NFTs is a separate card 6782:24948 (8 below the section, p16) - inside the Holdings card in code; wallet rows 6782:26564 50 tall with a 32 avatar on a 14 gap, name 14/16, address 12/14 - not compared; the earlier wave15b row on 6782-26825 read this board's figure as `86x28`, which is the 24/28 line box, and the file has been corrected to 24/28.	768=partial @2026-09-09/wave39-home
Skai > Home > Portfolio - invisible 1VH (768 x 1024px) [6795-31004]	partial	src/components/home-redesign/portfolio/PortfolioScreen.tsx	/portfolio	FIRST VERDICT, NOT OPENED THIS PASS. `Portfolio - invisible` is the balances-masked state; the code holds it in usePrivacy (MASK_VALUE / MASK_COUNT) behind the 24px eye on the Total value stat, so the state exists at this width. The 768 geometry measured on the sibling Holdings cut applies. Whether the masked glyph and its length match this frame was not compared.
Skai > Home > Portfolio 1VH (375 x 812px) [6782-25160]	partial	src/components/home-redesign/portfolio/PortfolioScreen.tsx	/portfolio	READ OFF THE NODE (get_metadata on the frame, get_design_context on 6849:37116, 6849:37127, 6849:37183, 6849:37196) AND FIXED IN THE FILE. main 375 @ y=48 (Header-mobile 48, Bottom-navigation-mobile 54 @ y=758). Title row 6849:37116 328x36 @ (24,16): `Portfolio` Manrope Light 20/24 (6849:37120, 240x24) - the h1 shipped 24 here and now draws 20/24; share CTA 36 round; AI Analysis 6849:37123 a 36x36 r8 #56c7f3 square with a 16 slot and no label. Bento 6849:37124 347 @ y=70: two 169x90 cards per row on an 8 gutter (x=0/177, rows y=0/98), p12 r12 (6849:37128 at 12,12), label Manrope 14/16 + 16 glyph with the link-out instance hidden, figure Mulish Light 20/24 (6849:37138 `1,100` 50x24); Badges card draws three 36.06 Badges150 beside the count, Tier a 40 medallion. Section 6849:37181 @ y=196 (8 below the bento; the box shipped mt-8 = 32 and now draws 8): tab strip 6849:37183 rounded-t 12 pt4 px16, inner pt4 pb6, tabs Manrope 12/14 on gap 16 (x=0/62/105/144/191/233), underline 49 @ x=14; content inset 8 (6849:37194 at 8,8). Summary panel 6849:37196 bg #001615 p12 r12 gap 20, STACKED IN THIS ORDER: stats row (gap 16: caption Manrope 12/14 @ 64%, figure Mulish Light 20/24 #56c7f3 + 24 eye on a 2 gap; `Total tokens` 12/14 over 20/24), then `Goto wallet app` + 16 glyph 8 below it with the sentence HIDDEN (6849:37209 hidden=true), then 24 below that two 149.5x36 labelled buttons on an 8 gap (`Refresh`, `Add/Link wallet`; 1px #56c7f3 r8 p10, 16 slot + 8 gap + Manrope 14/16). The code drew stats, buttons, caption on a 16/12 rhythm with the sentence shown; it now draws the frame's order, hides the sentence below md, and gaps 8 / 24. Figure shipped 24/28 and now 20/24. Non-custodial heading 138x18 on a 3x28 bar, connector 59 (a filler - the Token & NFTs heading's is 105), pill 111x28 with `Total:` 28x14 and `$301.26` 51x16 (Mulish 14/16). REMAINING: Token & NFTs is a separate card 6849:37273 (8 below the section, inset 8/16) - inside the Holdings card in code; that card's table reads `Wallet | Price (24h) | Balance` with `Price (24h)` over the change (`$98,907.19` / `-1.89%` stacked) - the code's 375 header says `Price (24h)` and stacks the same two lines, unmeasured; wallet rows 42 tall, 24 avatar on an 8 gap, name 12/14, address 10/12 - not compared; the 1440 caption's `Goto` typo repeats here.	375=partial @2026-09-09/wave39-home
Skai > Home > Portfolio - invisible 1VH (375 x 812px) [6811-32268]	partial	src/components/home-redesign/portfolio/PortfolioScreen.tsx	/portfolio	FIRST VERDICT, NOT OPENED THIS PASS. `Portfolio - invisible` is the balances-masked state; the code holds it in usePrivacy (MASK_VALUE / MASK_COUNT) behind the 24px eye on the Total value stat, so the state exists at this width. The 375 geometry measured on the sibling Holdings cut applies. Whether the masked glyph and its length match this frame was not compared.
Skai > Home > Portfolio > Export private key 1VH (1440 x 900px) [2752-5814]	partial	src/components/home-redesign/portfolio/ExportKeyModal.tsx	/portfolio (App.tsx:1596)	FIRST VERDICT, NOT OPENED THIS PASS. ExportKeyModal.tsx implements the export dialog; the 1440 frames carry earlier partial rows. This 1440 cut was not read; the dialog's phone/tablet geometry (width, inset, corner) is the open question and the @skai/ui DialogContent `p-4 sm:p-6` / `sm:rounded-lg` pair is the usual trap at 640-767.
Skai > Home > Portfolio > Export private key > private key displayed 1VH (1440 x 900px) [2753-8176]	partial	src/components/home-redesign/portfolio/ExportKeyModal.tsx	/portfolio (App.tsx:1596)	FIRST VERDICT, NOT OPENED THIS PASS. ExportKeyModal.tsx implements the export dialog and its revealed-key state; the 1440 frames carry earlier partial rows. This 1440 cut was not read; the dialog's phone/tablet geometry (width, inset, corner) is the open question and the @skai/ui DialogContent `p-4 sm:p-6` / `sm:rounded-lg` pair is the usual trap at 640-767.
Skai > Home > Portfolio > Badges (768 x 1024px) [6962-75733]	partial	src/components/home-redesign/portfolio/PortfolioScreen.tsx	/portfolio (Badges tab)	FIRST VERDICT, NOT OPENED THIS PASS. The Badges tab is implemented in PortfolioScreen.tsx (BadgesTab) and this 768 cut has never had a row. The chrome every tab shares was measured on the Holdings cut at this width and fixed this lane - title ladder, stat-row gutter, section corner and gap, tab strip, big-figure ladder, Total pill - and those fixes apply to this frame too. The tab's own body (its summary panel's inset, its rows) was not compared; the Badges summary panel still carries `p-3 sm:p-6`, which the Holdings measurement suggests is 24 where the boards draw 12/16/16, but that is a carried inference, not a read of this node.
Skai > Home > Portfolio > Badges (375 x 812px) [6962-80042]	partial	src/components/home-redesign/portfolio/PortfolioScreen.tsx	/portfolio (Badges tab)	FIRST VERDICT, NOT OPENED THIS PASS. The Badges tab is implemented in PortfolioScreen.tsx (BadgesTab) and this 375 cut has never had a row. The chrome every tab shares was measured on the Holdings cut at this width and fixed this lane - title ladder, stat-row gutter, section corner and gap, tab strip, big-figure ladder, Total pill - and those fixes apply to this frame too. The tab's own body (its summary panel's inset, its rows) was not compared; the Badges summary panel still carries `p-3 sm:p-6`, which the Holdings measurement suggests is 24 where the boards draw 12/16/16, but that is a carried inference, not a read of this node.
Skai > Home > Portfolio > Defi 1VH (768 x 1024px) [6918-62834]	partial	src/components/home-redesign/portfolio/PortfolioScreen.tsx	/portfolio (DeFi tab)	FIRST VERDICT, NOT OPENED THIS PASS. The DeFi tab is implemented in PortfolioScreen.tsx (DeFiTab) and this 768 cut has never had a row. The chrome every tab shares was measured on the Holdings cut at this width and fixed this lane - title ladder, stat-row gutter, section corner and gap, tab strip, big-figure ladder, Total pill - and those fixes apply to this frame too. The tab's own body (its summary panel's inset, its rows) was not compared; the DeFi summary panel still carries `p-3 sm:p-6`, which the Holdings measurement suggests is 24 where the boards draw 12/16/16, but that is a carried inference, not a read of this node.
Skai > Home > Portfolio > Export private key 1VH (768 x 1024px) [6811-35764]	partial	src/components/home-redesign/portfolio/ExportKeyModal.tsx	/portfolio (exportTarget)	FIRST VERDICT, NOT OPENED THIS PASS. ExportKeyModal.tsx implements the export dialog; the 1440 frames carry earlier partial rows. This 768 cut was not read; the dialog's phone/tablet geometry (width, inset, corner) is the open question and the @skai/ui DialogContent `p-4 sm:p-6` / `sm:rounded-lg` pair is the usual trap at 640-767.
Skai > Home > Portfolio > Export private key > private key displayed 1VH (768 x 1024px) [6828-36970]	partial	src/components/home-redesign/portfolio/ExportKeyModal.tsx	/portfolio (exportTarget)	FIRST VERDICT, NOT OPENED THIS PASS. ExportKeyModal.tsx implements the export dialog and its revealed-key state; the 1440 frames carry earlier partial rows. This 768 cut was not read; the dialog's phone/tablet geometry (width, inset, corner) is the open question and the @skai/ui DialogContent `p-4 sm:p-6` / `sm:rounded-lg` pair is the usual trap at 640-767.
Skai > Home > Portfolio > Export private key 1VH (375 x 812px) [6811-36029]	partial	src/components/home-redesign/portfolio/ExportKeyModal.tsx	/portfolio (exportTarget)	FIRST VERDICT, NOT OPENED THIS PASS. ExportKeyModal.tsx implements the export dialog; the 1440 frames carry earlier partial rows. This 375 cut was not read; the dialog's phone/tablet geometry (width, inset, corner) is the open question and the @skai/ui DialogContent `p-4 sm:p-6` / `sm:rounded-lg` pair is the usual trap at 640-767.
Skai > Home > Portfolio > Export private key > private key displayed 1VH (375 x 812px) [6828-37572]	partial	src/components/home-redesign/portfolio/ExportKeyModal.tsx	/portfolio (exportTarget)	FIRST VERDICT, NOT OPENED THIS PASS. ExportKeyModal.tsx implements the export dialog and its revealed-key state; the 1440 frames carry earlier partial rows. This 375 cut was not read; the dialog's phone/tablet geometry (width, inset, corner) is the open question and the @skai/ui DialogContent `p-4 sm:p-6` / `sm:rounded-lg` pair is the usual trap at 640-767.
Skai > Home > Portfolio > Badges > Badge preview (1440 x 900px) [5926-13672]	partial	src/components/home-redesign/portfolio/BadgePreviewModal.tsx	/portfolio (previewBadge)	FIRST VERDICT, NOT OPENED THIS PASS. BadgePreviewModal.tsx implements the preview; BadgePreviewModal.phone.test.ts already pins a phone cut (md:rounded-[24px], md:text-base, md:leading-8), so the 1440 geometry has an oracle but this node was not read against it.
Skai > Home > Portfolio > Badges > Badge preview (768 x 1024px) [6965-82190]	partial	src/components/home-redesign/portfolio/BadgePreviewModal.tsx	/portfolio (previewBadge)	FIRST VERDICT, NOT OPENED THIS PASS. BadgePreviewModal.tsx implements the preview; BadgePreviewModal.phone.test.ts already pins a phone cut (md:rounded-[24px], md:text-base, md:leading-8), so the 768 geometry has an oracle but this node was not read against it.
Skai > Home > Portfolio > Badges > Badge preview (375 x 812px) [6965-86368]	partial	src/components/home-redesign/portfolio/BadgePreviewModal.tsx	/portfolio (previewBadge)	FIRST VERDICT, NOT OPENED THIS PASS. BadgePreviewModal.tsx implements the preview; BadgePreviewModal.phone.test.ts already pins a phone cut (md:rounded-[24px], md:text-base, md:leading-8), so the 375 geometry has an oracle but this node was not read against it.
Skai > Home > Portfolio > Add wallet 1VH (768 x 1024px) [6811-32792]	partial	src/components/home-redesign/portfolio/WalletCreateModal.tsx	/portfolio (showCreateWallet)	FIRST VERDICT, NOT OPENED THIS PASS. WalletCreateModal.tsx implements the Add wallet flow (WalletCreateModal.test.tsx covers behaviour, not geometry). This 768 cut has no recorded measurement; the select-chain step's own fragment is catalogued separately below.
Skai > Home > Portfolio > Add wallet > Name wallet 1VH (768 x 1024px) [6811-34522]	partial	src/components/home-redesign/portfolio/WalletCreateModal.tsx	/portfolio (showCreateWallet)	FIRST VERDICT, NOT OPENED THIS PASS. WalletCreateModal.tsx implements the Add wallet flow including the Name wallet step (WalletCreateModal.test.tsx covers behaviour, not geometry). This 768 cut has no recorded measurement; the select-chain step's own fragment is catalogued separately below.
Skai > Home > Portfolio > Add wallet 1VH (375 x 812px) [6811-33593]	partial	src/components/home-redesign/portfolio/WalletCreateModal.tsx	/portfolio (showCreateWallet)	FIRST VERDICT, NOT OPENED THIS PASS. WalletCreateModal.tsx implements the Add wallet flow (WalletCreateModal.test.tsx covers behaviour, not geometry). This 375 cut has no recorded measurement; the select-chain step's own fragment is catalogued separately below.
Skai > Home > Portfolio > Add wallet > Name wallet 1VH (375 x 812px) [6811-35119]	partial	src/components/home-redesign/portfolio/WalletCreateModal.tsx	/portfolio (showCreateWallet)	FIRST VERDICT, NOT OPENED THIS PASS. WalletCreateModal.tsx implements the Add wallet flow including the Name wallet step (WalletCreateModal.test.tsx covers behaviour, not geometry). This 375 cut has no recorded measurement; the select-chain step's own fragment is catalogued separately below.
Skai > Home > Portfolio > Social 1VH (768 x 1024px) [6918-64949]	partial	src/components/home-redesign/portfolio/PortfolioScreen.tsx	/portfolio (Social tab)	FIRST VERDICT, NOT OPENED THIS PASS. The Social tab is implemented in PortfolioScreen.tsx (SocialTab) and this 768 cut has never had a row. The chrome every tab shares was measured on the Holdings cut at this width and fixed this lane - title ladder, stat-row gutter, section corner and gap, tab strip, big-figure ladder, Total pill - and those fixes apply to this frame too. The tab's own body (its summary panel's inset, its rows) was not compared; the Social summary panel still carries `p-3 sm:p-6`, which the Holdings measurement suggests is 24 where the boards draw 12/16/16, but that is a carried inference, not a read of this node.
Skai > Home > Portfolio > Social - with vesting (768 x 1024px) [6925-68955]	partial	src/components/home-redesign/portfolio/PortfolioScreen.tsx	/portfolio (Social tab)	FIRST VERDICT, NOT OPENED THIS PASS. The Social tab is implemented in PortfolioScreen.tsx (SocialTab) and this 768 cut has never had a row. The chrome every tab shares was measured on the Holdings cut at this width and fixed this lane - title ladder, stat-row gutter, section corner and gap, tab strip, big-figure ladder, Total pill - and those fixes apply to this frame too. The tab's own body (its summary panel's inset, its rows) was not compared; the Social summary panel still carries `p-3 sm:p-6`, which the Holdings measurement suggests is 24 where the boards draw 12/16/16, but that is a carried inference, not a read of this node.
Skai > Home > Portfolio > Social (375 x 812px) [6925-67023]	partial	src/components/home-redesign/portfolio/PortfolioScreen.tsx	/portfolio (Social tab)	FIRST VERDICT, NOT OPENED THIS PASS. The Social tab is implemented in PortfolioScreen.tsx (SocialTab) and this 375 cut has never had a row. The chrome every tab shares was measured on the Holdings cut at this width and fixed this lane - title ladder, stat-row gutter, section corner and gap, tab strip, big-figure ladder, Total pill - and those fixes apply to this frame too. The tab's own body (its summary panel's inset, its rows) was not compared; the Social summary panel still carries `p-3 sm:p-6`, which the Holdings measurement suggests is 24 where the boards draw 12/16/16, but that is a carried inference, not a read of this node.
Skai > Home > Portfolio > Social - with vesting (375 x 812px) [6934-70311]	partial	src/components/home-redesign/portfolio/PortfolioScreen.tsx	/portfolio (Social tab)	FIRST VERDICT, NOT OPENED THIS PASS. The Social tab is implemented in PortfolioScreen.tsx (SocialTab) and this 375 cut has never had a row. The chrome every tab shares was measured on the Holdings cut at this width and fixed this lane - title ladder, stat-row gutter, section corner and gap, tab strip, big-figure ladder, Total pill - and those fixes apply to this frame too. The tab's own body (its summary panel's inset, its rows) was not compared; the Social summary panel still carries `p-3 sm:p-6`, which the Holdings measurement suggests is 24 where the boards draw 12/16/16, but that is a carried inference, not a read of this node.
Skai > Home > Portfolio > Social 1VH (375 x 812px) [6925-67953]	partial	src/components/home-redesign/portfolio/PortfolioScreen.tsx	/portfolio (Social tab)	FIRST VERDICT, NOT OPENED THIS PASS. The Social tab is implemented in PortfolioScreen.tsx (SocialTab) and this 375 cut has never had a row. The chrome every tab shares was measured on the Holdings cut at this width and fixed this lane - title ladder, stat-row gutter, section corner and gap, tab strip, big-figure ladder, Total pill - and those fixes apply to this frame too. The tab's own body (its summary panel's inset, its rows) was not compared; the Social summary panel still carries `p-3 sm:p-6`, which the Holdings measurement suggests is 24 where the boards draw 12/16/16, but that is a carried inference, not a read of this node.
Skai > Home > Portfolio > Tiers (1440 x 900px) [2773-7535]	partial	src/components/home-redesign/portfolio/PortfolioScreen.tsx	/portfolio (Tiers tab)	FIRST VERDICT, NOT OPENED THIS PASS. The Tiers tab is implemented in PortfolioScreen.tsx (TiersTab) and this 1440 cut has never had a row. The chrome every tab shares was measured on the Holdings cut at this width and fixed this lane - title ladder, stat-row gutter, section corner and gap, tab strip, big-figure ladder, Total pill - and those fixes apply to this frame too. The tab's own body (its summary panel's inset, its rows) was not compared; the Tiers summary panel still carries `p-3 sm:p-6`, which the Holdings measurement suggests is 24 where the boards draw 12/16/16, but that is a carried inference, not a read of this node.
Skai > Home > Portfolio > Tiers 1VH (768 x 1024px) [6937-71607]	partial	src/components/home-redesign/portfolio/PortfolioScreen.tsx	/portfolio (Tiers tab)	FIRST VERDICT, NOT OPENED THIS PASS. The Tiers tab is implemented in PortfolioScreen.tsx (TiersTab) and this 768 cut has never had a row. The chrome every tab shares was measured on the Holdings cut at this width and fixed this lane - title ladder, stat-row gutter, section corner and gap, tab strip, big-figure ladder, Total pill - and those fixes apply to this frame too. The tab's own body (its summary panel's inset, its rows) was not compared; the Tiers summary panel still carries `p-3 sm:p-6`, which the Holdings measurement suggests is 24 where the boards draw 12/16/16, but that is a carried inference, not a read of this node.
Skai > Home > Portfolio > Tiers (768 x 1024px) [6942-74270]	partial	src/components/home-redesign/portfolio/PortfolioScreen.tsx	/portfolio (Tiers tab)	FIRST VERDICT, NOT OPENED THIS PASS. The Tiers tab is implemented in PortfolioScreen.tsx (TiersTab) and this 768 cut has never had a row. The chrome every tab shares was measured on the Holdings cut at this width and fixed this lane - title ladder, stat-row gutter, section corner and gap, tab strip, big-figure ladder, Total pill - and those fixes apply to this frame too. The tab's own body (its summary panel's inset, its rows) was not compared; the Tiers summary panel still carries `p-3 sm:p-6`, which the Holdings measurement suggests is 24 where the boards draw 12/16/16, but that is a carried inference, not a read of this node.
Skai > Home > Portfolio > Tiers (375 x 812px) [6942-72954]	partial	src/components/home-redesign/portfolio/PortfolioScreen.tsx	/portfolio (Tiers tab)	FIRST VERDICT, NOT OPENED THIS PASS. The Tiers tab is implemented in PortfolioScreen.tsx (TiersTab) and this 375 cut has never had a row. The chrome every tab shares was measured on the Holdings cut at this width and fixed this lane - title ladder, stat-row gutter, section corner and gap, tab strip, big-figure ladder, Total pill - and those fixes apply to this frame too. The tab's own body (its summary panel's inset, its rows) was not compared; the Tiers summary panel still carries `p-3 sm:p-6`, which the Holdings measurement suggests is 24 where the boards draw 12/16/16, but that is a carried inference, not a read of this node.
Skai > Home > Portfolio > Tiers (375 x 812px) [6942-74751]	partial	src/components/home-redesign/portfolio/PortfolioScreen.tsx	/portfolio (Tiers tab)	FIRST VERDICT, NOT OPENED THIS PASS. The Tiers tab is implemented in PortfolioScreen.tsx (TiersTab) and this 375 cut has never had a row. The chrome every tab shares was measured on the Holdings cut at this width and fixed this lane - title ladder, stat-row gutter, section corner and gap, tab strip, big-figure ladder, Total pill - and those fixes apply to this frame too. The tab's own body (its summary panel's inset, its rows) was not compared; the Tiers summary panel still carries `p-3 sm:p-6`, which the Holdings measurement suggests is 24 where the boards draw 12/16/16, but that is a carried inference, not a read of this node.
Skai > Home > Portfolio > Vault 1VH (768 x 1024px) [6828-38811]	partial	src/components/home-redesign/portfolio/PortfolioScreen.tsx	/portfolio (Vault tab)	FIRST VERDICT, NOT OPENED THIS PASS. The Vault tab is implemented in PortfolioScreen.tsx (VaultTab) and this 768 cut has never had a row. The chrome every tab shares was measured on the Holdings cut at this width and fixed this lane - title ladder, stat-row gutter, section corner and gap, tab strip, big-figure ladder, Total pill - and those fixes apply to this frame too. The tab's own body (its summary panel's inset, its rows) was not compared; the Vault summary panel still carries `p-3 sm:p-6`, which the Holdings measurement suggests is 24 where the boards draw 12/16/16, but that is a carried inference, not a read of this node.
Skai > Home > Portfolio > Vault (768 x 1024px) [6899-54796]	partial	src/components/home-redesign/portfolio/PortfolioScreen.tsx	/portfolio (Vault tab)	FIRST VERDICT, NOT OPENED THIS PASS. The Vault tab is implemented in PortfolioScreen.tsx (VaultTab) and this 768 cut has never had a row. The chrome every tab shares was measured on the Holdings cut at this width and fixed this lane - title ladder, stat-row gutter, section corner and gap, tab strip, big-figure ladder, Total pill - and those fixes apply to this frame too. The tab's own body (its summary panel's inset, its rows) was not compared; the Vault summary panel still carries `p-3 sm:p-6`, which the Holdings measurement suggests is 24 where the boards draw 12/16/16, but that is a carried inference, not a read of this node.
Skai > Home > Portfolio > Vault (375 x 812px) [6910-59407]	partial	src/components/home-redesign/portfolio/PortfolioScreen.tsx	/portfolio (Vault tab)	FIRST VERDICT, NOT OPENED THIS PASS. The Vault tab is implemented in PortfolioScreen.tsx (VaultTab) and this 375 cut has never had a row. The chrome every tab shares was measured on the Holdings cut at this width and fixed this lane - title ladder, stat-row gutter, section corner and gap, tab strip, big-figure ladder, Total pill - and those fixes apply to this frame too. The tab's own body (its summary panel's inset, its rows) was not compared; the Vault summary panel still carries `p-3 sm:p-6`, which the Holdings measurement suggests is 24 where the boards draw 12/16/16, but that is a carried inference, not a read of this node.
Skai > Home > Portfolio > Vault 1VH (375 x 812px) [6918-63866]	partial	src/components/home-redesign/portfolio/PortfolioScreen.tsx	/portfolio (Vault tab)	FIRST VERDICT, NOT OPENED THIS PASS. The Vault tab is implemented in PortfolioScreen.tsx (VaultTab) and this 375 cut has never had a row. The chrome every tab shares was measured on the Holdings cut at this width and fixed this lane - title ladder, stat-row gutter, section corner and gap, tab strip, big-figure ladder, Total pill - and those fixes apply to this frame too. The tab's own body (its summary panel's inset, its rows) was not compared; the Vault summary panel still carries `p-3 sm:p-6`, which the Holdings measurement suggests is 24 where the boards draw 12/16/16, but that is a carried inference, not a read of this node.
Skai > Home > Portfolio > Vault (375 x 812px) [6918-64538]	partial	src/components/home-redesign/portfolio/PortfolioScreen.tsx	/portfolio (Vault tab)	FIRST VERDICT, NOT OPENED THIS PASS. The Vault tab is implemented in PortfolioScreen.tsx (VaultTab) and this 375 cut has never had a row. The chrome every tab shares was measured on the Holdings cut at this width and fixed this lane - title ladder, stat-row gutter, section corner and gap, tab strip, big-figure ladder, Total pill - and those fixes apply to this frame too. The tab's own body (its summary panel's inset, its rows) was not compared; the Vault summary panel still carries `p-3 sm:p-6`, which the Holdings measurement suggests is 24 where the boards draw 12/16/16, but that is a carried inference, not a read of this node.
Skai > Trade > Spot > Sidebar 1VH (768 x 1024px) [13006-255386]	partial	src/components/home-redesign/HomeSidebarExpanded.tsx	/spot	CARRIED partial. HAND-OFF for most of it: src/pages/trade/Spot.tsx, src/components/layout/LeftSidebar.tsx and src/components/trade/mobile/MobileTradeShell.tsx are not this lane's files; only HomeSidebarExpanded.tsx is. Not re-read this pass.
Skai > Trench > Trackers > Wallet manager > Import wallet 1VH (1440 x 900px) [13006-182215]	partial	src/components/home-redesign/whales/ImportWalletsModal.tsx	/trench	FIRST VERDICT, NOT OPENED THIS PASS, AND THE EARLIER unknown IS STALE: ImportWalletsModal.tsx exists and ImportWalletsModal.figma.test.tsx pins its dialog padding/corner against the @skai/ui primitive, so the modal is built. Whether it matches this node is unmeasured: partial.
Skai > Trench > Trackers - empty > Add wallet 1VH (1440 x 900px) [13006-184758]	partial	src/components/home-redesign/whales/AddWalletSheet.tsx	/trench	FIRST VERDICT, NOT OPENED THIS PASS, AND THE EARLIER unknown IS STALE: AddWalletSheet.tsx exists and is the Add wallet sheet. Whether it matches this node is unmeasured: partial.
Skai > Trade > Trench > Trackers > Wallets - empty 1VH (375 x 812px) [13006-319384]	partial	src/components/home-redesign/whales/ActivityView.tsx	/trench	CARRIED partial. ActivityView.tsx ships the Wallets - empty; some of this frame's files (trench-redesign/**) are another lane's. This 375 cut was not re-read this pass.
Skai > Trade > Trench > Trackers > KOLs 1VH (375 x 812px) [13006-320262]	partial	src/components/home-redesign/whales/ActivityView.tsx	/trench	CARRIED partial. ActivityView.tsx ships the KOLs; some of this frame's files (trench-redesign/**) are another lane's. This 375 cut was not re-read this pass.
Skai > Trade > Trench > Trackers > X accounts - empty 1VH (375 x 812px) [13006-321483]	partial	src/components/trench-redesign/trade/KOLsPanel.tsx	/trench	CARRIED partial. XAccountsPanel.tsx ships the X accounts list and Add handle; this 375 fragment was not re-read this pass.
Skai > Trench > Trackers > Wallet manager 1VH (1440 x 900px) [13006-179860]	partial	src/components/home-redesign/whales/ActivityView.tsx	/trench/trackers	CARRIED partial. ActivityView.tsx ships the Wallet manager; some of this frame's files (trench-redesign/**) are another lane's. This 1440 cut was not re-read this pass.
Skai > Trench > Trackers > KOLs 1VH (1440 x 900px) [13006-183651]	partial	src/components/home-redesign/whales/ActivityView.tsx	/trench/trackers	CARRIED partial. ActivityView.tsx ships the KOLs; some of this frame's files (trench-redesign/**) are another lane's. This 1440 cut was not re-read this pass.
Skai > Trench > Trackers - empty 1VH (1440 x 900px) [13006-184491]	partial	src/components/home-redesign/whales/ActivityView.tsx	/trench/trackers	CARRIED partial. ActivityView.tsx ships the empty; some of this frame's files (trench-redesign/**) are another lane's. This 1440 cut was not re-read this pass.
Skai > Trade > Trench > Trackers > Wallets Manager 1VH (375 x 812px) [13006-319525]	partial	src/components/home-redesign/whales/ActivityView.tsx	/trench/trackers	CARRIED partial. ActivityView.tsx ships the Wallets Manager; some of this frame's files (trench-redesign/**) are another lane's. This 375 cut was not re-read this pass.
Skai > Trade > Trench > Trackers > Live trades 1VH (375 x 812px) [13006-319762]	partial	src/components/home-redesign/whales/ActivityView.tsx	/trench/trackers	CARRIED partial. ActivityView.tsx ships the Live trades; some of this frame's files (trench-redesign/**) are another lane's. This 375 cut was not re-read this pass.
Skai > Trade > Trench > Trackers > Wallets Manager 1VH (768x1024px) [13006-344538]	partial	src/components/home-redesign/whales/ActivityView.tsx	/trench/trackers	CARRIED partial. ActivityView.tsx ships the Wallets Manager; some of this frame's files (trench-redesign/**) are another lane's. This 768 cut was not re-read this pass.
Skai > Trade > Trench > Trackers > Live trades 1VH (768x1024px) [13006-344822]	partial	src/components/home-redesign/whales/ActivityView.tsx	/trench/trackers	CARRIED partial. ActivityView.tsx ships the Live trades; some of this frame's files (trench-redesign/**) are another lane's. This 768 cut was not re-read this pass.
Skai > Trade > Trench > Trackers > KOLs 1VH (768x1024px) [13006-345991]	partial	src/components/home-redesign/whales/ActivityView.tsx	/trench/trackers	CARRIED partial. ActivityView.tsx ships the KOLs; some of this frame's files (trench-redesign/**) are another lane's. This 768 cut was not re-read this pass.
Skai > Pro ALT 1VH (1440 x 900px) [13008-112676]	partial	src/components/home-redesign/upgrade/UpgradePlanScreen.tsx	/upgrade	CARRIED partial from status.wave37.home2-rest.tsv, which read this node live on 2026-09-08 (card ladder, gutters, toggle) and fixed TierCard's md price rung. Legend is $499.99 per month whatever the frame says. Not re-read this pass; the residuals named on the wave37 row still stand.
Skai > Pro (768 x 1024px) [13008-120075]	partial	src/components/home-redesign/upgrade/UpgradePlanScreen.tsx	/upgrade	CARRIED partial from status.wave37.home2-rest.tsv, which read this node live on 2026-09-08 (card ladder, gutters, toggle) and fixed TierCard's md price rung. Legend is $499.99 per month whatever the frame says. Not re-read this pass; the residuals named on the wave37 row still stand.
Skai > Pro (375 x 812px) [13008-123597]	partial	src/components/home-redesign/upgrade/UpgradePlanScreen.tsx	/upgrade	CARRIED partial from status.wave37.home2-rest.tsv, which read this node live on 2026-09-08 (card ladder, gutters, toggle) and fixed TierCard's md price rung. Legend is $499.99 per month whatever the frame says. Not re-read this pass; the residuals named on the wave37 row still stand.
Skai > Pro ALT stretched 1VH (1440 x 900px) [13008-112937]	partial	src/components/home-redesign/upgrade/UpgradePlanScreen.tsx	/upgrade (showAll)	CARRIED partial from status.wave37.home2-rest.tsv, which read this node live on 2026-09-08 (card ladder, gutters, toggle) and fixed TierCard's md price rung. Legend is $499.99 per month whatever the frame says. Not re-read this pass; the residuals named on the wave37 row still stand.
Skai > Pro - expanded (1440 x 900px) [13008-114086]	partial	src/components/home-redesign/upgrade/UpgradePlanScreen.tsx	/upgrade (showAll)	CARRIED partial from status.wave37.home2-rest.tsv, which read this node live on 2026-09-08 (card ladder, gutters, toggle) and fixed TierCard's md price rung. Legend is $499.99 per month whatever the frame says. Not re-read this pass; the residuals named on the wave37 row still stand.
Skai > Pro > checkout - send tokens - step 1 1VH (1440 x 900px) [13008-113481]	partial	src/pages/upgrade/CheckoutPage.tsx	/upgrade/checkout	CARRIED partial from status.wave37.home2-rest.tsv, which read all ten send-tokens frames live on 2026-09-08 (heading y 16/24/24, body y 88/110/122, region gap 8/8/16) and fixed CheckoutPage's top inset. Not re-read this pass.
Skai > Pro > checkout - send tokens - step 2 1VH (1440 x 900px) [13008-113591]	partial	src/pages/upgrade/CheckoutPage.tsx	/upgrade/checkout	CARRIED partial from status.wave37.home2-rest.tsv, which read all ten send-tokens frames live on 2026-09-08 (heading y 16/24/24, body y 88/110/122, region gap 8/8/16) and fixed CheckoutPage's top inset. Not re-read this pass.
Skai > Pro > checkout - send tokens - step 3 1VH (1440 x 900px) [13008-113728]	partial	src/pages/upgrade/CheckoutPage.tsx	/upgrade/checkout	CARRIED partial from status.wave37.home2-rest.tsv, which read all ten send-tokens frames live on 2026-09-08 (heading y 16/24/24, body y 88/110/122, region gap 8/8/16) and fixed CheckoutPage's top inset. Not re-read this pass.
Skai > Pro > checkout 1VH ALT (1440 x 900px) [13008-114000]	partial	src/pages/upgrade/CheckoutPage.tsx	/upgrade/checkout	CARRIED partial from status.wave37.home2-rest.tsv, which read all ten send-tokens frames live on 2026-09-08 (heading y 16/24/24, body y 88/110/122, region gap 8/8/16) and fixed CheckoutPage's top inset. Not re-read this pass.
Skai > Pro > checkout - send tokens - step 1 (768 x 1024px) [13008-125755]	partial	src/pages/upgrade/CheckoutPage.tsx	/upgrade/checkout	CARRIED partial from status.wave37.home2-rest.tsv, which read all ten send-tokens frames live on 2026-09-08 (heading y 16/24/24, body y 88/110/122, region gap 8/8/16) and fixed CheckoutPage's top inset. Not re-read this pass.
Skai > Pro > checkout - send tokens - step 2 (768 x 1024px) [13008-125890]	partial	src/pages/upgrade/CheckoutPage.tsx	/upgrade/checkout	CARRIED partial from status.wave37.home2-rest.tsv, which read all ten send-tokens frames live on 2026-09-08 (heading y 16/24/24, body y 88/110/122, region gap 8/8/16) and fixed CheckoutPage's top inset. Not re-read this pass.
Skai > Pro > checkout - send tokens - step 3 (768 x 1024px) [13008-126050]	partial	src/pages/upgrade/CheckoutPage.tsx	/upgrade/checkout	CARRIED partial from status.wave37.home2-rest.tsv, which read all ten send-tokens frames live on 2026-09-08 (heading y 16/24/24, body y 88/110/122, region gap 8/8/16) and fixed CheckoutPage's top inset. Not re-read this pass.
Skai > Pro > checkout > welcome to gold 1VH (768 x 1024px) [13008-126152]	partial	src/components/upgrade/checkout/WelcomeModal.tsx	/upgrade/checkout	CARRIED partial. src/components/upgrade/checkout/WelcomeModal.tsx ships the welcome-to-tier dialog; this 768 cut was not re-read this pass.
Skai > Pro > checkout - send tokens - step 1 (375 x 812px) [13008-126358]	partial	src/pages/upgrade/CheckoutPage.tsx	/upgrade/checkout	CARRIED partial from status.wave37.home2-rest.tsv, which read all ten send-tokens frames live on 2026-09-08 (heading y 16/24/24, body y 88/110/122, region gap 8/8/16) and fixed CheckoutPage's top inset. Not re-read this pass.
Skai > Pro > checkout - send tokens - step 2 (375 x 812px) [13008-126494]	partial	src/pages/upgrade/CheckoutPage.tsx	/upgrade/checkout	CARRIED partial from status.wave37.home2-rest.tsv, which read all ten send-tokens frames live on 2026-09-08 (heading y 16/24/24, body y 88/110/122, region gap 8/8/16) and fixed CheckoutPage's top inset. Not re-read this pass.
Skai > Pro > checkout - send tokens - step 3 (375 x 812px) [13008-126656]	partial	src/pages/upgrade/CheckoutPage.tsx	/upgrade/checkout	CARRIED partial from status.wave37.home2-rest.tsv, which read all ten send-tokens frames live on 2026-09-08 (heading y 16/24/24, body y 88/110/122, region gap 8/8/16) and fixed CheckoutPage's top inset. Not re-read this pass.
Skai > Pro > checkout > welcome to gold 1VH (375 x 812px) [13008-126758]	partial	src/components/upgrade/checkout/WelcomeModal.tsx	/upgrade/checkout	CARRIED partial. src/components/upgrade/checkout/WelcomeModal.tsx ships the welcome-to-tier dialog; this 375 cut was not re-read this pass.
Skai > Pro > checkout > welcome to gold 1VH (1440 x 900px) [13008-113803]	partial	src/components/upgrade/checkout/WelcomeModal.tsx	/upgrade/checkout (confirmed)	CARRIED partial. src/components/upgrade/checkout/WelcomeModal.tsx ships the welcome-to-tier dialog; this 1440 cut was not re-read this pass.
Skai > Home - with deposit > deposit modal > Buy with Fiat 1VH (1440 x 900px) [13484-48643]	not-started	-	-	NOT STARTED, AND A DECISION ONLY CASEY CAN MAKE. `Skai > Home - with deposit > deposit modal > Buy with Fiat` at 1440: no implementing code exists in src/ for a home deposit modal, a buy-with-fiat step, a currency / pay-with picker, a send-crypto step or a quick-balance panel; the work order lists no implFile and none was found. HOME1_DEPOSIT_FLOW_FRAME_FACTS_2026-09-08.md shows this flow is the NEWEST drawing on Home 1 with no Home 2 replacement, so the page's v1-superseded flag cannot retire it. If it is live spec, the MoonPay-only ruling constrains `Buy with Fiat > pay with` (any other rail on the frame is a frame-defect) and the bricked Bridge modal is off-limits for `Send crypto`. Not opened this pass.
Skai > Home - with deposit > deposit modal > Send crypto 1VH (1440 x 900px) [13490-170320]	not-started	-	-	NOT STARTED, AND A DECISION ONLY CASEY CAN MAKE. `Skai > Home - with deposit > deposit modal > Send crypto` at 1440: no implementing code exists in src/ for a home deposit modal, a buy-with-fiat step, a currency / pay-with picker, a send-crypto step or a quick-balance panel; the work order lists no implFile and none was found. HOME1_DEPOSIT_FLOW_FRAME_FACTS_2026-09-08.md shows this flow is the NEWEST drawing on Home 1 with no Home 2 replacement, so the page's v1-superseded flag cannot retire it. If it is live spec, the MoonPay-only ruling constrains `Buy with Fiat > pay with` (any other rail on the frame is a frame-defect) and the bricked Bridge modal is off-limits for `Send crypto`. Not opened this pass.
Skai > Home - with deposit > deposit modal > Send crypto > Deposit received 1VH (1440 x 900px) [13502-172088]	not-started	-	-	NOT STARTED, AND A DECISION ONLY CASEY CAN MAKE. `Skai > Home - with deposit > deposit modal > Send crypto > Deposit received` at 1440: no implementing code exists in src/ for a home deposit modal, a buy-with-fiat step, a currency / pay-with picker, a send-crypto step or a quick-balance panel; the work order lists no implFile and none was found. HOME1_DEPOSIT_FLOW_FRAME_FACTS_2026-09-08.md shows this flow is the NEWEST drawing on Home 1 with no Home 2 replacement, so the page's v1-superseded flag cannot retire it. If it is live spec, the MoonPay-only ruling constrains `Buy with Fiat > pay with` (any other rail on the frame is a frame-defect) and the bricked Bridge modal is off-limits for `Send crypto`. Not opened this pass.
Skai > Home - with deposit > deposit modal > Buy with Fiat > select currency 1VH (1440 x 900px) [13490-168974]	not-started	-	-	NOT STARTED, AND A DECISION ONLY CASEY CAN MAKE. `Skai > Home - with deposit > deposit modal > Buy with Fiat > select currency` at 1440: no implementing code exists in src/ for a home deposit modal, a buy-with-fiat step, a currency / pay-with picker, a send-crypto step or a quick-balance panel; the work order lists no implFile and none was found. HOME1_DEPOSIT_FLOW_FRAME_FACTS_2026-09-08.md shows this flow is the NEWEST drawing on Home 1 with no Home 2 replacement, so the page's v1-superseded flag cannot retire it. If it is live spec, the MoonPay-only ruling constrains `Buy with Fiat > pay with` (any other rail on the frame is a frame-defect) and the bricked Bridge modal is off-limits for `Send crypto`. Not opened this pass.
Skai > Home - with deposit > deposit modal > Buy with Fiat > pay with 1VH (1440 x 900px) [13490-169814]	not-started	-	-	NOT STARTED, AND A DECISION ONLY CASEY CAN MAKE. `Skai > Home - with deposit > deposit modal > Buy with Fiat > pay with` at 1440: no implementing code exists in src/ for a home deposit modal, a buy-with-fiat step, a currency / pay-with picker, a send-crypto step or a quick-balance panel; the work order lists no implFile and none was found. HOME1_DEPOSIT_FLOW_FRAME_FACTS_2026-09-08.md shows this flow is the NEWEST drawing on Home 1 with no Home 2 replacement, so the page's v1-superseded flag cannot retire it. If it is live spec, the MoonPay-only ruling constrains `Buy with Fiat > pay with` (any other rail on the frame is a frame-defect) and the bricked Bridge modal is off-limits for `Send crypto`. Not opened this pass.
Skai > Home - with deposit > deposit modal 1VH (1440 x 900px) [13486-49332]	not-started	-	-	NOT STARTED, AND A DECISION ONLY CASEY CAN MAKE. `Skai > Home - with deposit > deposit modal` at 1440: no implementing code exists in src/ for a home deposit modal, a buy-with-fiat step, a currency / pay-with picker, a send-crypto step or a quick-balance panel; the work order lists no implFile and none was found. HOME1_DEPOSIT_FLOW_FRAME_FACTS_2026-09-08.md shows this flow is the NEWEST drawing on Home 1 with no Home 2 replacement, so the page's v1-superseded flag cannot retire it. If it is live spec, the MoonPay-only ruling constrains `Buy with Fiat > pay with` (any other rail on the frame is a frame-defect) and the bricked Bridge modal is off-limits for `Send crypto`. Not opened this pass.
Skai > Home - with deposit 1VH (1440 x 900px) [13486-49591]	not-started	-	-	NOT STARTED, AND A DECISION ONLY CASEY CAN MAKE. `Skai > Home - with deposit` at 1440: no implementing code exists in src/ for a home deposit modal, a buy-with-fiat step, a currency / pay-with picker, a send-crypto step or a quick-balance panel; the work order lists no implFile and none was found. HOME1_DEPOSIT_FLOW_FRAME_FACTS_2026-09-08.md shows this flow is the NEWEST drawing on Home 1 with no Home 2 replacement, so the page's v1-superseded flag cannot retire it. If it is live spec, the MoonPay-only ruling constrains `Buy with Fiat > pay with` (any other rail on the frame is a frame-defect) and the bricked Bridge modal is off-limits for `Send crypto`. Not opened this pass.
Skai > Home - with deposit > quick balance ALT 1VH (1440 x 900px) [13501-171154]	not-started	-	-	NOT STARTED, AND A DECISION ONLY CASEY CAN MAKE. `Skai > Home - with deposit > quick balance ALT` at 1440: no implementing code exists in src/ for a home deposit modal, a buy-with-fiat step, a currency / pay-with picker, a send-crypto step or a quick-balance panel; the work order lists no implFile and none was found. HOME1_DEPOSIT_FLOW_FRAME_FACTS_2026-09-08.md shows this flow is the NEWEST drawing on Home 1 with no Home 2 replacement, so the page's v1-superseded flag cannot retire it. If it is live spec, the MoonPay-only ruling constrains `Buy with Fiat > pay with` (any other rail on the frame is a frame-defect) and the bricked Bridge modal is off-limits for `Send crypto`. Not opened this pass.
Skai > Home - with deposit 1VH (768 x 1024px) [14129-82852]	not-started	-	-	NOT STARTED, AND A DECISION ONLY CASEY CAN MAKE. `Skai > Home - with deposit` at 768: no implementing code exists in src/ for a home deposit modal, a buy-with-fiat step, a currency / pay-with picker, a send-crypto step or a quick-balance panel; the work order lists no implFile and none was found. HOME1_DEPOSIT_FLOW_FRAME_FACTS_2026-09-08.md shows this flow is the NEWEST drawing on Home 1 with no Home 2 replacement, so the page's v1-superseded flag cannot retire it. If it is live spec, the MoonPay-only ruling constrains `Buy with Fiat > pay with` (any other rail on the frame is a frame-defect) and the bricked Bridge modal is off-limits for `Send crypto`. Not opened this pass.
Skai > Home - with deposit > quick balance ALT 1VH (768 x 1024px) [14136-89564]	not-started	-	-	NOT STARTED, AND A DECISION ONLY CASEY CAN MAKE. `Skai > Home - with deposit > quick balance ALT` at 768: no implementing code exists in src/ for a home deposit modal, a buy-with-fiat step, a currency / pay-with picker, a send-crypto step or a quick-balance panel; the work order lists no implFile and none was found. HOME1_DEPOSIT_FLOW_FRAME_FACTS_2026-09-08.md shows this flow is the NEWEST drawing on Home 1 with no Home 2 replacement, so the page's v1-superseded flag cannot retire it. If it is live spec, the MoonPay-only ruling constrains `Buy with Fiat > pay with` (any other rail on the frame is a frame-defect) and the bricked Bridge modal is off-limits for `Send crypto`. Not opened this pass.
Skai > Home - with deposit > deposit modal 1VH (768 x 1024px) [14129-84348]	not-started	-	-	NOT STARTED, AND A DECISION ONLY CASEY CAN MAKE. `Skai > Home - with deposit > deposit modal` at 768: no implementing code exists in src/ for a home deposit modal, a buy-with-fiat step, a currency / pay-with picker, a send-crypto step or a quick-balance panel; the work order lists no implFile and none was found. HOME1_DEPOSIT_FLOW_FRAME_FACTS_2026-09-08.md shows this flow is the NEWEST drawing on Home 1 with no Home 2 replacement, so the page's v1-superseded flag cannot retire it. If it is live spec, the MoonPay-only ruling constrains `Buy with Fiat > pay with` (any other rail on the frame is a frame-defect) and the bricked Bridge modal is off-limits for `Send crypto`. Not opened this pass.
Skai > Home - with deposit > deposit modal > Buy with Fiat 1VH (768 x 1024px) [14136-85609]	not-started	-	-	NOT STARTED, AND A DECISION ONLY CASEY CAN MAKE. `Skai > Home - with deposit > deposit modal > Buy with Fiat` at 768: no implementing code exists in src/ for a home deposit modal, a buy-with-fiat step, a currency / pay-with picker, a send-crypto step or a quick-balance panel; the work order lists no implFile and none was found. HOME1_DEPOSIT_FLOW_FRAME_FACTS_2026-09-08.md shows this flow is the NEWEST drawing on Home 1 with no Home 2 replacement, so the page's v1-superseded flag cannot retire it. If it is live spec, the MoonPay-only ruling constrains `Buy with Fiat > pay with` (any other rail on the frame is a frame-defect) and the bricked Bridge modal is off-limits for `Send crypto`. Not opened this pass.
Skai > Home - with deposit > deposit modal > Buy with Fiat > select currency 1VH (768 x 1024px) [14136-86305]	not-started	-	-	NOT STARTED, AND A DECISION ONLY CASEY CAN MAKE. `Skai > Home - with deposit > deposit modal > Buy with Fiat > select currency` at 768: no implementing code exists in src/ for a home deposit modal, a buy-with-fiat step, a currency / pay-with picker, a send-crypto step or a quick-balance panel; the work order lists no implFile and none was found. HOME1_DEPOSIT_FLOW_FRAME_FACTS_2026-09-08.md shows this flow is the NEWEST drawing on Home 1 with no Home 2 replacement, so the page's v1-superseded flag cannot retire it. If it is live spec, the MoonPay-only ruling constrains `Buy with Fiat > pay with` (any other rail on the frame is a frame-defect) and the bricked Bridge modal is off-limits for `Send crypto`. Not opened this pass.
Skai > Home - with deposit > deposit modal > Buy with Fiat > pay with 1VH (768 x 1024px) [14136-87297]	not-started	-	-	NOT STARTED, AND A DECISION ONLY CASEY CAN MAKE. `Skai > Home - with deposit > deposit modal > Buy with Fiat > pay with` at 768: no implementing code exists in src/ for a home deposit modal, a buy-with-fiat step, a currency / pay-with picker, a send-crypto step or a quick-balance panel; the work order lists no implFile and none was found. HOME1_DEPOSIT_FLOW_FRAME_FACTS_2026-09-08.md shows this flow is the NEWEST drawing on Home 1 with no Home 2 replacement, so the page's v1-superseded flag cannot retire it. If it is live spec, the MoonPay-only ruling constrains `Buy with Fiat > pay with` (any other rail on the frame is a frame-defect) and the bricked Bridge modal is off-limits for `Send crypto`. Not opened this pass.
Skai > Home - with deposit > deposit modal > Send crypto 1VH (768 x 1024px) [14136-88147]	not-started	-	-	NOT STARTED, AND A DECISION ONLY CASEY CAN MAKE. `Skai > Home - with deposit > deposit modal > Send crypto` at 768: no implementing code exists in src/ for a home deposit modal, a buy-with-fiat step, a currency / pay-with picker, a send-crypto step or a quick-balance panel; the work order lists no implFile and none was found. HOME1_DEPOSIT_FLOW_FRAME_FACTS_2026-09-08.md shows this flow is the NEWEST drawing on Home 1 with no Home 2 replacement, so the page's v1-superseded flag cannot retire it. If it is live spec, the MoonPay-only ruling constrains `Buy with Fiat > pay with` (any other rail on the frame is a frame-defect) and the bricked Bridge modal is off-limits for `Send crypto`. Not opened this pass.
Skai > Home - with deposit > deposit modal > Send crypto > Deposit received 1VH (768 x 1024px) [14136-88988]	not-started	-	-	NOT STARTED, AND A DECISION ONLY CASEY CAN MAKE. `Skai > Home - with deposit > deposit modal > Send crypto > Deposit received` at 768: no implementing code exists in src/ for a home deposit modal, a buy-with-fiat step, a currency / pay-with picker, a send-crypto step or a quick-balance panel; the work order lists no implFile and none was found. HOME1_DEPOSIT_FLOW_FRAME_FACTS_2026-09-08.md shows this flow is the NEWEST drawing on Home 1 with no Home 2 replacement, so the page's v1-superseded flag cannot retire it. If it is live spec, the MoonPay-only ruling constrains `Buy with Fiat > pay with` (any other rail on the frame is a frame-defect) and the bricked Bridge modal is off-limits for `Send crypto`. Not opened this pass.
Skai > Home - with deposit 1VH (375 x 812px) [14129-84086]	not-started	-	-	NOT STARTED, AND A DECISION ONLY CASEY CAN MAKE. `Skai > Home - with deposit` at 375: no implementing code exists in src/ for a home deposit modal, a buy-with-fiat step, a currency / pay-with picker, a send-crypto step or a quick-balance panel; the work order lists no implFile and none was found. HOME1_DEPOSIT_FLOW_FRAME_FACTS_2026-09-08.md shows this flow is the NEWEST drawing on Home 1 with no Home 2 replacement, so the page's v1-superseded flag cannot retire it. If it is live spec, the MoonPay-only ruling constrains `Buy with Fiat > pay with` (any other rail on the frame is a frame-defect) and the bricked Bridge modal is off-limits for `Send crypto`. Not opened this pass.
Skai > Home - with deposit > deposit modal 1VH (375 x 812px) [14129-84499]	not-started	-	-	NOT STARTED, AND A DECISION ONLY CASEY CAN MAKE. `Skai > Home - with deposit > deposit modal` at 375: no implementing code exists in src/ for a home deposit modal, a buy-with-fiat step, a currency / pay-with picker, a send-crypto step or a quick-balance panel; the work order lists no implFile and none was found. HOME1_DEPOSIT_FLOW_FRAME_FACTS_2026-09-08.md shows this flow is the NEWEST drawing on Home 1 with no Home 2 replacement, so the page's v1-superseded flag cannot retire it. If it is live spec, the MoonPay-only ruling constrains `Buy with Fiat > pay with` (any other rail on the frame is a frame-defect) and the bricked Bridge modal is off-limits for `Send crypto`. Not opened this pass.
Skai > Home > Sidebar 1VH (375 x 812px) [14136-89715]	partial	src/components/home-redesign/HomeSidebarExpanded.tsx	shell (HomeShellLayout)	FIRST VERDICT, NOT OPENED THIS PASS. The sidebar as a full screen at 375. HomeShellLayout.tsx + HomeSidebarExpanded.tsx ship it (15 HomeSidebarExpanded test files, incl. touchFloor and rail); no read of this node.
Skai > Home - with deposit > quick balance - wallet mini ALT 1VH (375 x 812px) [14317-260169]	not-started	-	-	NOT STARTED, AND A DECISION ONLY CASEY CAN MAKE. `Skai > Home - with deposit > quick balance - wallet mini ALT` at 375: no implementing code exists in src/ for a home deposit modal, a buy-with-fiat step, a currency / pay-with picker, a send-crypto step or a quick-balance panel; the work order lists no implFile and none was found. HOME1_DEPOSIT_FLOW_FRAME_FACTS_2026-09-08.md shows this flow is the NEWEST drawing on Home 1 with no Home 2 replacement, so the page's v1-superseded flag cannot retire it. If it is live spec, the MoonPay-only ruling constrains `Buy with Fiat > pay with` (any other rail on the frame is a frame-defect) and the bricked Bridge modal is off-limits for `Send crypto`. Not opened this pass.
Skai > Home - with deposit > quick balance - my wallets ALT 1VH (375 x 812px) [14317-260499]	not-started	-	-	NOT STARTED, AND A DECISION ONLY CASEY CAN MAKE. `Skai > Home - with deposit > quick balance - my wallets ALT` at 375: no implementing code exists in src/ for a home deposit modal, a buy-with-fiat step, a currency / pay-with picker, a send-crypto step or a quick-balance panel; the work order lists no implFile and none was found. HOME1_DEPOSIT_FLOW_FRAME_FACTS_2026-09-08.md shows this flow is the NEWEST drawing on Home 1 with no Home 2 replacement, so the page's v1-superseded flag cannot retire it. If it is live spec, the MoonPay-only ruling constrains `Buy with Fiat > pay with` (any other rail on the frame is a frame-defect) and the bricked Bridge modal is off-limits for `Send crypto`. Not opened this pass.
Skai > Home - with deposit > deposit modal > Buy with Fiat 1VH (375 x 812px) [14136-85815]	not-started	-	-	NOT STARTED, AND A DECISION ONLY CASEY CAN MAKE. `Skai > Home - with deposit > deposit modal > Buy with Fiat` at 375: no implementing code exists in src/ for a home deposit modal, a buy-with-fiat step, a currency / pay-with picker, a send-crypto step or a quick-balance panel; the work order lists no implFile and none was found. HOME1_DEPOSIT_FLOW_FRAME_FACTS_2026-09-08.md shows this flow is the NEWEST drawing on Home 1 with no Home 2 replacement, so the page's v1-superseded flag cannot retire it. If it is live spec, the MoonPay-only ruling constrains `Buy with Fiat > pay with` (any other rail on the frame is a frame-defect) and the bricked Bridge modal is off-limits for `Send crypto`. Not opened this pass.
Skai > Home - with deposit > deposit modal > Buy with Fiat > select currency 1VH (375 x 812px) [14136-86579]	not-started	-	-	NOT STARTED, AND A DECISION ONLY CASEY CAN MAKE. `Skai > Home - with deposit > deposit modal > Buy with Fiat > select currency` at 375: no implementing code exists in src/ for a home deposit modal, a buy-with-fiat step, a currency / pay-with picker, a send-crypto step or a quick-balance panel; the work order lists no implFile and none was found. HOME1_DEPOSIT_FLOW_FRAME_FACTS_2026-09-08.md shows this flow is the NEWEST drawing on Home 1 with no Home 2 replacement, so the page's v1-superseded flag cannot retire it. If it is live spec, the MoonPay-only ruling constrains `Buy with Fiat > pay with` (any other rail on the frame is a frame-defect) and the bricked Bridge modal is off-limits for `Send crypto`. Not opened this pass.
Skai > Home - with deposit > deposit modal > Buy with Fiat > pay with 1VH (375 x 812px) [14136-87585]	not-started	-	-	NOT STARTED, AND A DECISION ONLY CASEY CAN MAKE. `Skai > Home - with deposit > deposit modal > Buy with Fiat > pay with` at 375: no implementing code exists in src/ for a home deposit modal, a buy-with-fiat step, a currency / pay-with picker, a send-crypto step or a quick-balance panel; the work order lists no implFile and none was found. HOME1_DEPOSIT_FLOW_FRAME_FACTS_2026-09-08.md shows this flow is the NEWEST drawing on Home 1 with no Home 2 replacement, so the page's v1-superseded flag cannot retire it. If it is live spec, the MoonPay-only ruling constrains `Buy with Fiat > pay with` (any other rail on the frame is a frame-defect) and the bricked Bridge modal is off-limits for `Send crypto`. Not opened this pass.
Skai > Home - with deposit > deposit modal > Send crypto 1VH (375 x 812px) [14136-88454]	not-started	-	-	NOT STARTED, AND A DECISION ONLY CASEY CAN MAKE. `Skai > Home - with deposit > deposit modal > Send crypto` at 375: no implementing code exists in src/ for a home deposit modal, a buy-with-fiat step, a currency / pay-with picker, a send-crypto step or a quick-balance panel; the work order lists no implFile and none was found. HOME1_DEPOSIT_FLOW_FRAME_FACTS_2026-09-08.md shows this flow is the NEWEST drawing on Home 1 with no Home 2 replacement, so the page's v1-superseded flag cannot retire it. If it is live spec, the MoonPay-only ruling constrains `Buy with Fiat > pay with` (any other rail on the frame is a frame-defect) and the bricked Bridge modal is off-limits for `Send crypto`. Not opened this pass.
Skai > Home - with deposit > deposit modal > Send crypto > Deposit received 1VH (375 x 812px) [14136-89280]	not-started	-	-	NOT STARTED, AND A DECISION ONLY CASEY CAN MAKE. `Skai > Home - with deposit > deposit modal > Send crypto > Deposit received` at 375: no implementing code exists in src/ for a home deposit modal, a buy-with-fiat step, a currency / pay-with picker, a send-crypto step or a quick-balance panel; the work order lists no implFile and none was found. HOME1_DEPOSIT_FLOW_FRAME_FACTS_2026-09-08.md shows this flow is the NEWEST drawing on Home 1 with no Home 2 replacement, so the page's v1-superseded flag cannot retire it. If it is live spec, the MoonPay-only ruling constrains `Buy with Fiat > pay with` (any other rail on the frame is a frame-defect) and the bricked Bridge modal is off-limits for `Send crypto`. Not opened this pass.
Skai > Home - with deposit ALT 1VH (1440 x 900px) [14108-103468]	not-started	-	-	NOT STARTED, AND A DECISION ONLY CASEY CAN MAKE. `Skai > Home - with deposit ALT` at 1440: no implementing code exists in src/ for a home deposit modal, a buy-with-fiat step, a currency / pay-with picker, a send-crypto step or a quick-balance panel; the work order lists no implFile and none was found. HOME1_DEPOSIT_FLOW_FRAME_FACTS_2026-09-08.md shows this flow is the NEWEST drawing on Home 1 with no Home 2 replacement, so the page's v1-superseded flag cannot retire it. If it is live spec, the MoonPay-only ruling constrains `Buy with Fiat > pay with` (any other rail on the frame is a frame-defect) and the bricked Bridge modal is off-limits for `Send crypto`. Not opened this pass.
Skai > Home > Intelligent support - Market intel 1VH (768 x 1024px) [14062-50444]	partial	src/components/home-redesign/market-intel/MarketIntelScreen.tsx	/?tab=market	FIRST VERDICT, NOT OPENED THIS PASS. MarketIntelScreen.tsx ships Market intel; marketIntelPhoneRhythm.test.ts and MarketIntelTickerCard.geometry.test.tsx pin the phone rhythm and ticker card. This 768 cut was not compared.
Skai > Home > Intelligent support (768 x 1024px) [14094-56626]	partial	src/components/home-redesign/screens/IntelligentSupportHub.tsx	/?tab=intel	FIRST VERDICT, NOT OPENED THIS PASS. IntelligentSupportHub.tsx ships the hub (HomeSidebarExpanded.supportHub.test.tsx pins its rail entry). This 768 cut was not compared.
Skai > Home > Intelligent support ALT (768 x 1024px) [14094-63614]	partial	src/components/home-redesign/screens/IntelligentSupportHub.tsx	/?tab=intel	FIRST VERDICT, NOT OPENED THIS PASS. IntelligentSupportHub.tsx ships the hub (HomeSidebarExpanded.supportHub.test.tsx pins its rail entry). This 768 cut was not compared.
Skai > Home > Intelligent support - News (768 x 1024px) [14106-70649]	partial	src/components/home-redesign/screens/NewsScreen.tsx	/?tab=news	FIRST VERDICT, NOT OPENED THIS PASS. NewsScreen.tsx ships News; this 768 cut was not compared.
Skai > Home > Intelligent support - Sentiment 1VH (768 x 1024px) [14113-73205]	partial	src/components/home-redesign/screens/SentimentScreen.tsx	/?tab=sentiment	FIRST VERDICT, NOT OPENED THIS PASS. SentimentScreen.tsx ships Sentiment; this 768 cut was not compared.
Skai > Home > Intelligent support - Sentiment > Trending topics - modal 1VH (768 x 1024px) [14113-74721]	not-started	src/components/home-redesign/screens/SentimentScreen.tsx	/?tab=sentiment	NOT STARTED, VERIFIED IN SOURCE. SentimentScreen.tsx draws a TrendingPanel rail (line 627) with a `No trending topics right now.` placeholder, and no modal, hover card or `View all topics` surface exists in the file. The 768 cut was not opened; the verdict is from the code.
Skai > Home > Intelligent support - Analysis (768 x 1024px) [14113-76027]	partial	src/components/home-redesign/screens/AnalysisScreen.tsx	/?tab=analysis	FIRST VERDICT, NOT OPENED THIS PASS. AnalysisScreen.tsx ships Analysis; this 768 cut was not compared.
Skai > Home > Intelligent support - Analysis > display settings 1VH (768 x 1024px) [14113-76606]	partial	src/components/home-redesign/screens/DisplaySettingsPanel.tsx	/?tab=analysis (display settings)	FIRST VERDICT, NOT OPENED THIS PASS, AND THE EARLIER not-started IS STALE: DisplaySettingsPanel.tsx exists, is mounted by AnalysisScreen.tsx:645, and displaySettingsPanel.figma.test.tsx pins it. So the drawer is built; whether it matches this 768 cut is unmeasured, which is partial, not not-started.
Skai > Home > Agentic support - AI master 1VH (768 x 1024px) [14123-77342]	partial	src/components/home-redesign/agents/AgentAutomationsScreen.tsx	/?tab=myagent	FIRST VERDICT, NOT OPENED THIS PASS. AgentAutomationsScreen.tsx ships AI master (AgentAutomationsScreen.brand.test.tsx); this 768 cut was not compared.
Skai > Home > Agentic support - AI master > Create AI agent 1VH (768 x 1024px) [14123-77740]	partial	src/components/ai/AIAgentManager.tsx	/?tab=myagent (create wizard)	FIRST VERDICT, NOT OPENED THIS PASS. src/components/ai/AIAgentManager.tsx ships the Create AI agent wizard (1VH); the 1440 cuts carry partial rows. This 768 cut was not compared, and AIAgentManager.tsx has no figma test of its own.
Skai > Home > Agentic support - AI master > Create AI agent - step 1 no data 1VH (768 x 1024px) [14179-163502]	partial	src/components/ai/AIAgentManager.tsx	/?tab=myagent (create wizard)	FIRST VERDICT, NOT OPENED THIS PASS. src/components/ai/AIAgentManager.tsx ships the Create AI agent wizard (step 1 no data); the 1440 cuts carry partial rows. This 768 cut was not compared, and AIAgentManager.tsx has no figma test of its own.
Skai > Home > Agentic support - AI master > Create AI agent - step 2 - choose personality (768 x 1024px) [14123-78540]	partial	src/components/ai/AIAgentManager.tsx	/?tab=myagent (create wizard)	FIRST VERDICT, NOT OPENED THIS PASS. src/components/ai/AIAgentManager.tsx ships the Create AI agent wizard (step 2 - choose personality); the 1440 cuts carry partial rows. This 768 cut was not compared, and AIAgentManager.tsx has no figma test of its own.
Skai > Home > Agentic support - AI master > Create AI agent - step 2 - choose personality 2 (768 x 1024px) [14123-80001]	partial	src/components/ai/AIAgentManager.tsx	/?tab=myagent (create wizard)	FIRST VERDICT, NOT OPENED THIS PASS. src/components/ai/AIAgentManager.tsx ships the Create AI agent wizard (step 2 - choose personality 2); the 1440 cuts carry partial rows. This 768 cut was not compared, and AIAgentManager.tsx has no figma test of its own.
Skai > Home > Agentic support - AI master > Create AI agent - step 3 - configure (768 x 1024px) [14123-81330]	partial	src/components/ai/AIAgentManager.tsx	/?tab=myagent (create wizard)	FIRST VERDICT, NOT OPENED THIS PASS. src/components/ai/AIAgentManager.tsx ships the Create AI agent wizard (step 3 - configure); the 1440 cuts carry partial rows. This 768 cut was not compared, and AIAgentManager.tsx has no figma test of its own.
Skai > Home > Agentic support - AI master > Create AI agent - step 3 - configure > Confirm 1VH (768 x 1024px) [14315-247761]	partial	src/components/ai/AIAgentManager.tsx	/?tab=myagent (create wizard)	FIRST VERDICT, NOT OPENED THIS PASS. src/components/ai/AIAgentManager.tsx ships the Create AI agent wizard (step 3 - configure > Confirm); the 1440 cuts carry partial rows. This 768 cut was not compared, and AIAgentManager.tsx has no figma test of its own.
Skai > Home > Intelligent support - Sentiment (768 x 1024px) [14113-74132]	partial	src/components/home-redesign/screens/SentimentScreen.tsx	/?tab=sentiment	FIRST VERDICT, NOT OPENED THIS PASS. SentimentScreen.tsx ships Sentiment; this 768 cut was not compared.
Skai > Home > Intelligent support - News 1VH (768 x 1024px) [14106-71752]	partial	src/components/home-redesign/screens/NewsScreen.tsx	/?tab=news	FIRST VERDICT, NOT OPENED THIS PASS. NewsScreen.tsx ships News; this 768 cut was not compared.
Skai > Home > Intelligent support - Market intel > Manage intel - all selected 1VH (768 x 1024px) [14077-52941]	partial	src/components/home-redesign/market-intel/ManageIntelPanel.tsx	/?tab=market (manageOpen)	FIRST VERDICT, NOT OPENED THIS PASS. ManageIntelPanel.tsx ships the panel; manageIntelPhoneScale / manageIntelViewportPinning / manageIntelSurfaceRows tests pin it from earlier reads. This 768 cut was not compared.
Skai > Home > Intelligent support - Market intel > Manage intel - few selected 1VH (768 x 1024px) [14268-166261]	partial	src/components/home-redesign/market-intel/ManageIntelPanel.tsx	/?tab=market (manageOpen)	FIRST VERDICT, NOT OPENED THIS PASS. ManageIntelPanel.tsx ships the panel; manageIntelPhoneScale / manageIntelViewportPinning / manageIntelSurfaceRows tests pin it from earlier reads. This 768 cut was not compared.
Skai > Home > Intelligent support - Market intel (768 x 1024px) [14315-246829]	partial	src/components/home-redesign/market-intel/MarketIntelScreen.tsx	/?tab=market	FIRST VERDICT, NOT OPENED THIS PASS. MarketIntelScreen.tsx ships Market intel; marketIntelPhoneRhythm.test.ts and MarketIntelTickerCard.geometry.test.tsx pin the phone rhythm and ticker card. This 768 cut was not compared.
Skai > Home > Intelligent support - Market intel 1VH (375 x 812px) [14160-131728]	partial	src/components/home-redesign/market-intel/MarketIntelScreen.tsx	/?tab=market	FIRST VERDICT, NOT OPENED THIS PASS. MarketIntelScreen.tsx ships Market intel; marketIntelPhoneRhythm.test.ts and MarketIntelTickerCard.geometry.test.tsx pin the phone rhythm and ticker card. This 375 cut was not compared.
Skai > Home > Intelligent support 1VH (375 x 812px) [14178-151580]	partial	src/components/home-redesign/screens/IntelligentSupportHub.tsx	/?tab=intel	FIRST VERDICT, NOT OPENED THIS PASS. IntelligentSupportHub.tsx ships the hub (HomeSidebarExpanded.supportHub.test.tsx pins its rail entry). This 375 cut was not compared.
Skai > Home > Intelligent support ALT 2 1VH (375 x 812px) [14316-248325]	partial	src/components/home-redesign/screens/IntelligentSupportHub.tsx	/?tab=intel	FIRST VERDICT, NOT OPENED THIS PASS. IntelligentSupportHub.tsx ships the hub (HomeSidebarExpanded.supportHub.test.tsx pins its rail entry). This 375 cut was not compared.
Skai > Home > Intelligent support ALT 1VH (375 x 812px) [14178-152219]	partial	src/components/home-redesign/screens/IntelligentSupportHub.tsx	/?tab=intel	FIRST VERDICT, NOT OPENED THIS PASS. IntelligentSupportHub.tsx ships the hub (HomeSidebarExpanded.supportHub.test.tsx pins its rail entry). This 375 cut was not compared.
Skai > Home > Intelligent support - Market intel > Manage intel - few selected 1VH (375 x 812px) [14160-134708]	partial	src/components/home-redesign/market-intel/ManageIntelPanel.tsx	/?tab=market (manageOpen)	FIRST VERDICT, NOT OPENED THIS PASS. ManageIntelPanel.tsx ships the panel; manageIntelPhoneScale / manageIntelViewportPinning / manageIntelSurfaceRows tests pin it from earlier reads. This 375 cut was not compared.
Skai > Home > Intelligent support - Market intel > Manage intel - all selected 1VH (375 x 812px) [14160-135347]	partial	src/components/home-redesign/market-intel/ManageIntelPanel.tsx	/?tab=market (manageOpen)	FIRST VERDICT, NOT OPENED THIS PASS. ManageIntelPanel.tsx ships the panel; manageIntelPhoneScale / manageIntelViewportPinning / manageIntelSurfaceRows tests pin it from earlier reads. This 375 cut was not compared.
Skai > Home > Intelligent support - News 1VH (375 x 812px) [14160-139741]	partial	src/components/home-redesign/screens/NewsScreen.tsx	/?tab=news	FIRST VERDICT, NOT OPENED THIS PASS. NewsScreen.tsx ships News; this 375 cut was not compared.
Skai > Home > Intelligent support - News (375 x 812px) [14178-141206]	partial	src/components/home-redesign/screens/NewsScreen.tsx	/?tab=news	FIRST VERDICT, NOT OPENED THIS PASS. NewsScreen.tsx ships News; this 375 cut was not compared.
Skai > Home > Intelligent support - Sentiment (375 x 812px) [14178-142300]	partial	src/components/home-redesign/screens/SentimentScreen.tsx	/?tab=sentiment	FIRST VERDICT, NOT OPENED THIS PASS. SentimentScreen.tsx ships Sentiment; this 375 cut was not compared.
Skai > Home > Intelligent support - Sentiment 1VH (375 x 812px) [14178-142962]	partial	src/components/home-redesign/screens/SentimentScreen.tsx	/?tab=sentiment	FIRST VERDICT, NOT OPENED THIS PASS. SentimentScreen.tsx ships Sentiment; this 375 cut was not compared.
Skai > Home > Agentic support - Backtesting > conversation 6 1VH (375 x 812px) [14178-143359]	partial	src/components/home-redesign/screens/BacktestScreen.tsx	/ (RedesignHome + BacktestScreen)	FIRST VERDICT, NOT OPENED THIS PASS. The Backtesting conversation at 375; BacktestScreen.tsx + ConversationView.tsx ship it and the 768 / 1440 siblings carry partial rows. No read of this node.
Skai > Home > Intelligent support - Sentiment > Trending topics - modal (375 x 812px) [14178-157280]	not-started	src/components/home-redesign/screens/SentimentScreen.tsx	/?tab=sentiment	NOT STARTED, VERIFIED IN SOURCE. SentimentScreen.tsx draws a TrendingPanel rail (line 627) with a `No trending topics right now.` placeholder, and no modal, hover card or `View all topics` surface exists in the file. The 375 cut was not opened; the verdict is from the code.
Skai > Home > Intelligent support - Analysis > display settings 1VH (375 x 812px) [14179-157892]	partial	src/components/home-redesign/screens/DisplaySettingsPanel.tsx	/?tab=analysis (display settings)	FIRST VERDICT, NOT OPENED THIS PASS, AND THE EARLIER not-started IS STALE: DisplaySettingsPanel.tsx exists, is mounted by AnalysisScreen.tsx:645, and displaySettingsPanel.figma.test.tsx pins it. So the drawer is built; whether it matches this 375 cut is unmeasured, which is partial, not not-started.
Skai > Home > Agentic support - AI master 1VH (375 x 812px) [14179-158300]	partial	src/components/home-redesign/agents/AgentAutomationsScreen.tsx	/?tab=myagent	FIRST VERDICT, NOT OPENED THIS PASS. AgentAutomationsScreen.tsx ships AI master (AgentAutomationsScreen.brand.test.tsx); this 375 cut was not compared.
Skai > Home > Agentic support - AI master > Create AI agent 1VH (375 x 812px) [14179-158963]	partial	src/components/ai/AIAgentManager.tsx	/?tab=myagent (create wizard)	FIRST VERDICT, NOT OPENED THIS PASS. src/components/ai/AIAgentManager.tsx ships the Create AI agent wizard (1VH); the 1440 cuts carry partial rows. This 375 cut was not compared, and AIAgentManager.tsx has no figma test of its own.
Skai > Home > Agentic support - AI master > Create AI agent - step 1 no data 1VH (1440 x 900px) [14179-163655]	partial	src/components/ai/AIAgentManager.tsx	/?tab=myagent (create wizard)	FIRST VERDICT, NOT OPENED THIS PASS. src/components/ai/AIAgentManager.tsx ships the Create AI agent wizard (step 1 no data); the 1440 cuts carry partial rows. This 1440 cut was not compared, and AIAgentManager.tsx has no figma test of its own.
Skai > Home > Agentic support - AI master > Create AI agent - step 2 - choose personality 1VH (375 x 812px) [14179-159153]	partial	src/components/ai/AIAgentManager.tsx	/?tab=myagent (create wizard)	FIRST VERDICT, NOT OPENED THIS PASS. src/components/ai/AIAgentManager.tsx ships the Create AI agent wizard (step 2 - choose personality); the 1440 cuts carry partial rows. This 375 cut was not compared, and AIAgentManager.tsx has no figma test of its own.
Skai > Home > Agentic support - AI master > Create AI agent - step 2 - choose personality 2 (375 x 812px) [14179-159712]	partial	src/components/ai/AIAgentManager.tsx	/?tab=myagent (create wizard)	FIRST VERDICT, NOT OPENED THIS PASS. src/components/ai/AIAgentManager.tsx ships the Create AI agent wizard (step 2 - choose personality 2); the 1440 cuts carry partial rows. This 375 cut was not compared, and AIAgentManager.tsx has no figma test of its own.
Skai > Home > Agentic support - AI master > Create AI agent - step 3 - configure (375 x 812px) [14179-161276]	partial	src/components/ai/AIAgentManager.tsx	/?tab=myagent (create wizard)	FIRST VERDICT, NOT OPENED THIS PASS. src/components/ai/AIAgentManager.tsx ships the Create AI agent wizard (step 3 - configure); the 1440 cuts carry partial rows. This 375 cut was not compared, and AIAgentManager.tsx has no figma test of its own.
Skai > Home > Agentic support - AI master > Create AI agent - step 3 - configure > Confirm 1VH (375 x 812px) [14179-162716]	partial	src/components/ai/AIAgentManager.tsx	/?tab=myagent (create wizard)	FIRST VERDICT, NOT OPENED THIS PASS. src/components/ai/AIAgentManager.tsx ships the Create AI agent wizard (step 3 - configure > Confirm); the 1440 cuts carry partial rows. This 375 cut was not compared, and AIAgentManager.tsx has no figma test of its own.
Skai > Home > Intelligent support - Market intel (375 x 812px) [14160-131918]	partial	src/components/home-redesign/market-intel/MarketIntelScreen.tsx	/?tab=market	FIRST VERDICT, NOT OPENED THIS PASS. MarketIntelScreen.tsx ships Market intel; marketIntelPhoneRhythm.test.ts and MarketIntelTickerCard.geometry.test.tsx pin the phone rhythm and ticker card. This 375 cut was not compared.
Skai > Home > Install to homescreen 1VH (768 x 1024px) [9746-172340]	unknown	src/components/common/install/InstallToHomescreenModal.tsx	global (InstallPrompt lazy-mounted in App.tsx:253)	HAND-OFF: src/components/common/install/InstallToHomescreenModal.tsx is not this lane's file (lazy-mounted from App.tsx:253). Not opened and not measured; whoever owns src/components/common/** needs to read this cut against the modal. Status is unknown because nobody has looked, not because it is absent.
Skai > Home > Install to homescreen 1VH (375 x 812px) [9746-173030]	unknown	src/components/common/install/InstallToHomescreenModal.tsx	global (InstallPrompt lazy-mounted in App.tsx:253)	HAND-OFF: src/components/common/install/InstallToHomescreenModal.tsx is not this lane's file (lazy-mounted from App.tsx:253). Not opened and not measured; whoever owns src/components/common/** needs to read this cut against the modal. Status is unknown because nobody has looked, not because it is absent.
Skai > Home > Install to homescreen ALT 1VH (375 x 812px) [9747-175217]	unknown	src/components/common/install/InstallToHomescreenModal.tsx	global (InstallPrompt lazy-mounted in App.tsx:253)	HAND-OFF: src/components/common/install/InstallToHomescreenModal.tsx is not this lane's file (lazy-mounted from App.tsx:253). Not opened and not measured; whoever owns src/components/common/** needs to read this cut against the modal. Status is unknown because nobody has looked, not because it is absent.
Skai > Home 1VH (768 x 1024px) [6415-45107]	partial	src/components/home-redesign/AiHome.tsx	shell (App.tsx redesignShell)	READ OFF THE NODE (get_metadata on the frame, get_design_context on 6415:45278) AND TWO RUNGS FIXED. main 768x920 @ y=52 (Header-tablet 52, Bottom-navigation-tablet 52 @ y=972). Toggle Frame 186 200x34 @ (284,24) - AiHomeToggle already steps 32 -> 34 at md (AiHomeToggle.geometry.test.tsx). Centre bolt 6415:45110 48x48 @ (360,410) - AiHome.tsx drew the desktop 64 from md and now draws 48 at md, 64 at lg (homeFigmaGeometry.test.ts). Greeting `How can I help @vassimo125?` 294x28 @ y=482. Composer 6415:45278 588x114 @ (90,750): bg #052d2d p16 r16 gap 32 shadow 0/4/12 24%, `Ask anything...` Manrope 14/18 @ 44%, bottom row 32 tall with a 1px #123f3c p8 r8 square left and two 32 squares on a 7 gap right (bordered + #001615) - AskComposer drew the 1440 card (p20 r24 16/22, 126 tall) from md and now keeps p16 r16 with a 14/18 line (114) until lg (AskComposer.geometry.test.tsx). Quick-link nav 6415:45297 419x16 @ y=880: four links (Market signals, Predictions, Casino hot games, My performance) on 24 gaps, 16 glyph + 6 gap + 14-tall label. NOT COMPARED: the nav row's own class list, the greeting's type, and the composer's 7px right-cluster gap (code uses gap-2 = 8, a 1px delta left as recorded). Header and bottom nav are global chrome.	768=partial @2026-09-09/wave39-home
Skai > Home 1VH (375 x 812px) [6415-45113]	partial	src/components/home-redesign/AiHome.tsx	shell (App.tsx redesignShell)	READ OFF THE NODE (get_metadata). main 375x710 @ y=48 (Header-mobile 48, Bottom-navigation-mobile 54 @ y=758). Toggle Frame 186 200x32 @ (88,16) - AiHomeToggle pins 32 at this width. Centre bolt 6415:45116 36x36 @ (170,283) - AiHome pins !h-9 !w-[32.53px]. Greeting 245x24 @ y=343. Composer 6419:45467 360x112 @ (8,526): text 328x16 @ (16,16), bottom row @ y=64 - AskComposer.geometry.test.tsx already holds p16 r16 14/16 = 112. Quick-link nav 6419:45486 303x40 @ (37,654) in TWO rows: Market signals / Predictions / Casino hot games on row 1 (y=0, 16 glyph + 6 gap + 12-tall label) and My performance centred alone on row 2 (y=24). NOT COMPARED: whether the nav wraps to that exact two-row shape and centres the orphan; the label type at 12. The 768 and 1440 numbers in the sibling row are what changed this lane; nothing on this board did.	375=partial @2026-09-09/wave39-home
Skai > Home - sidebar 1VH (768 x 1024px) [6419-47130]	partial	src/components/home-redesign/HomeSidebarExpanded.tsx	shell (HomeShellLayout collapsed)	FIRST VERDICT, NOT OPENED THIS PASS. The sidebar as a full screen at 768. HomeShellLayout.tsx + HomeSidebarExpanded.tsx ship it (15 HomeSidebarExpanded test files, incl. touchFloor and rail); no read of this node.
Skai > Home - sidebar 1VH (375 x 812px) [6419-47275]	partial	src/components/home-redesign/HomeSidebarExpanded.tsx	shell (HomeShellLayout collapsed)	FIRST VERDICT, NOT OPENED THIS PASS. The sidebar as a full screen at 375. HomeShellLayout.tsx + HomeSidebarExpanded.tsx ship it (15 HomeSidebarExpanded test files, incl. touchFloor and rail); no read of this node.
Skai > Home - sidebar normal 1VH (768 x 1024px) [6702-24782]	partial	src/components/home-redesign/HomeSidebarExpanded.tsx	shell (HomeShellLayout)	FIRST VERDICT, NOT OPENED THIS PASS. The sidebar as a full screen at 768. HomeShellLayout.tsx + HomeSidebarExpanded.tsx ship it (15 HomeSidebarExpanded test files, incl. touchFloor and rail); no read of this node.
Skai > Home - sidebar normal 1VH (375 x 812px) [6702-25218]	partial	src/components/home-redesign/HomeSidebarExpanded.tsx	shell (HomeShellLayout)	FIRST VERDICT, NOT OPENED THIS PASS. The sidebar as a full screen at 375. HomeShellLayout.tsx + HomeSidebarExpanded.tsx ship it (15 HomeSidebarExpanded test files, incl. touchFloor and rail); no read of this node.
Skai > Home > Voice prompt > chat history 1VH (768 x 1024px) [6750-43337]	partial	src/components/home-redesign/ChatHistoryModal.tsx	shell (HomeSidebarExpanded historyOpen)	FIRST VERDICT, NOT OPENED THIS PASS. ChatHistoryModal.tsx names 6750:43337 as its tablet source and ChatHistoryModal.figma.test.tsx pins it; the 768 cut was not re-read.
Skai > Home > Voice prompt > chat history 1VH (375 x 812px) [6750-43675]	partial	src/components/home-redesign/ChatHistoryModal.tsx	shell (HomeSidebarExpanded historyOpen)	FIRST VERDICT, NOT OPENED THIS PASS. ChatHistoryModal.tsx names 6750:43337 as its tablet source and ChatHistoryModal.figma.test.tsx pins it; the 375 cut is uncited in the file and has no read.
Skai > Home - sidebar normal > Group chats > Folder name 1VH (768 x 1024px) [6702-25577]	partial	src/components/home-redesign/CreateChatFolderModal.tsx	shell (HomeSidebarExpanded)	FIRST VERDICT, NOT OPENED THIS PASS. CreateChatFolderModal.tsx ships the dialog; CreateChatFolderModal.dialogGeometry.test.tsx pins its padding/corner pair against the @skai/ui primitive. This 768 cut was not compared.
Skai > Home - sidebar normal > Group chats > Folder name 1VH (375 x 812px) [6702-25618]	partial	src/components/home-redesign/CreateChatFolderModal.tsx	shell (HomeSidebarExpanded)	FIRST VERDICT, NOT OPENED THIS PASS. CreateChatFolderModal.tsx ships the dialog; CreateChatFolderModal.dialogGeometry.test.tsx pins its padding/corner pair against the @skai/ui primitive. This 375 cut was not compared.
AI Market Signals ALT [2836-18364]	partial	src/components/home-redesign/feed/AiSignalsCards.tsx	/ (RedesignHome, AI Feed toggle)	CARRIED partial. AiSignalsCards.tsx; not re-read this pass.
dropdown-filter [13404-172520]	not-started	src/components/ai/AIAgentManager.tsx	/?tab=myagent (create wizard)	NOT STARTED, CARRIED. `dropdown-filter` is a dropdown fragment of the Create AI agent wizard / signals filter with no standalone implementation; the wizard uses its own selects. Not opened this pass.
Trending topics - on:hover [13432-179891]	not-started	src/components/home-redesign/screens/SentimentScreen.tsx	/?tab=sentiment	NOT STARTED, VERIFIED IN SOURCE. SentimentScreen.tsx draws a TrendingPanel rail (line 627) with a `No trending topics right now.` placeholder, and no modal, hover card or `View all topics` surface exists in the file. The hover cut was not opened; the verdict is from the code.
View all topics - Sample token [13434-179959]	blocked-on-backend	src/components/home-redesign/screens/SentimentScreen.tsx	/?tab=sentiment	BLOCKED ON BACKEND, CARRIED. A per-topic drill-down needs a trending_topics detail source; socialSentimentService.getTrendingTopics returns the list only and [] on a miss. Not opened this pass.
dropdown-filter [13404-172534]	not-started	src/components/ai/AIAgentManager.tsx	/?tab=myagent (create wizard)	NOT STARTED, CARRIED. `dropdown-filter` is a dropdown fragment of the Create AI agent wizard / signals filter with no standalone implementation; the wizard uses its own selects. Not opened this pass.
X accounts - My list > Add handle [13008-116574]	partial	src/components/home-redesign/whales/XAccountsPanel.tsx	/?tab=whale	CARRIED partial. XAccountsPanel.tsx ships the X accounts list and Add handle; this unplaced fragment was not re-read this pass.
X accounts - My list > Add handle - tablet [13008-122389]	partial	src/components/home-redesign/whales/XAccountsPanel.tsx	/?tab=whale	CARRIED partial. XAccountsPanel.tsx ships the X accounts list and Add handle; this unplaced fragment was not re-read this pass.
X accounts - My list > Add handle - mobile [13008-125017]	partial	src/components/home-redesign/whales/XAccountsPanel.tsx	/?tab=whale	CARRIED partial. XAccountsPanel.tsx ships the X accounts list and Add handle; this unplaced fragment was not re-read this pass.
X accounts - My list [13006-184365]	partial	src/components/home-redesign/whales/XAccountsPanel.tsx	/trench	CARRIED partial. XAccountsPanel.tsx ships the X accounts list and Add handle; this unplaced fragment was not re-read this pass.
X accounts - My list > Add handle [13006-184420]	partial	src/components/home-redesign/whales/XAccountsPanel.tsx	/trench	CARRIED partial. XAccountsPanel.tsx ships the X accounts list and Add handle; this unplaced fragment was not re-read this pass.
Frame 1361 [13006-183297]	partial	src/components/home-redesign/whales/ActivityView.tsx	/trench/trackers	CARRIED partial. A tracker-row fragment ActivityView.tsx implements; not re-read this pass.
Frame 270 [13006-322042]	partial	src/components/home-redesign/whales/ActivityView.tsx	/trench/trackers	CARRIED partial. A tracker-row fragment ActivityView.tsx implements; not re-read this pass.
Frame 429 [13006-322144]	partial	src/components/home-redesign/whales/ActivityView.tsx	/trench/trackers	CARRIED partial. A tracker-row fragment ActivityView.tsx implements; not re-read this pass.
Skai PDF Invoice - 612 x 792px [13008-119800]	blocked-on-backend	src/components/home-redesign/upgrade/WelcomeSuccessModal.tsx	/upgrade/checkout	BLOCKED ON BACKEND, CARRIED. Skai Pro invoices and receipts have no table or function behind them; WelcomeSuccessModal.tsx keeps the honest unavailable state. The missing relation is an invoices table keyed by subscription payment (none exists in supabase/migrations). A PDF is not buildable until one does.
Skai PDF Receipt - 612 x 792px [13008-119845]	blocked-on-backend	src/components/home-redesign/upgrade/WelcomeSuccessModal.tsx	/upgrade/checkout	BLOCKED ON BACKEND, CARRIED. Skai Pro invoices and receipts have no table or function behind them; WelcomeSuccessModal.tsx keeps the honest unavailable state. The missing relation is an invoices table keyed by subscription payment (none exists in supabase/migrations). A PDF is not buildable until one does.
Skai PDF Receipt - darkmode - 612 x 792px [13008-119888]	blocked-on-backend	src/components/home-redesign/upgrade/WelcomeSuccessModal.tsx	/upgrade/checkout	BLOCKED ON BACKEND, CARRIED. Skai Pro invoices and receipts have no table or function behind them; WelcomeSuccessModal.tsx keeps the honest unavailable state. The missing relation is an invoices table keyed by subscription payment (none exists in supabase/migrations). A PDF is not buildable until one does.
Skai PDF Invoice - darkmode - 612 x 792px [13008-119931]	blocked-on-backend	src/components/home-redesign/upgrade/WelcomeSuccessModal.tsx	/upgrade/checkout	BLOCKED ON BACKEND, CARRIED. Skai Pro invoices and receipts have no table or function behind them; WelcomeSuccessModal.tsx keeps the honest unavailable state. The missing relation is an invoices table keyed by subscription payment (none exists in supabase/migrations). A PDF is not buildable until one does.
Token selected [13008-113980]	partial	src/components/home-redesign/upgrade/PaymentMethodScreen.tsx	/upgrade/checkout (UpgradeFlow step payment)	CARRIED partial. PaymentMethodScreen.tsx ships the token-selected state; not re-read this pass.
button-share link [13428-178117]	not-started	src/components/home-redesign/screens/NewsScreen.tsx	/?tab=news	NOT STARTED, CARRIED. A share-link button fragment for News; no share affordance exists in NewsScreen.tsx. Not opened this pass.
dropdown-venue [13449-190040]	not-started	src/components/ai/AIAgentManager.tsx	/?tab=myagent (create wizard)	NOT STARTED, CARRIED. `dropdown-venue` is a dropdown fragment of the Create AI agent wizard / signals filter with no standalone implementation; the wizard uses its own selects. Not opened this pass.
dropdown-response style [13449-190077]	not-started	src/components/ai/AIAgentManager.tsx	/?tab=myagent (create wizard)	NOT STARTED, CARRIED. `dropdown-response style` is a dropdown fragment of the Create AI agent wizard / signals filter with no standalone implementation; the wizard uses its own selects. Not opened this pass.
dropdown-templates [13669-141257]	not-started	src/components/ai/AIAgentManager.tsx	/?tab=myagent (create wizard)	NOT STARTED, CARRIED. `dropdown-templates` is a dropdown fragment of the Create AI agent wizard / signals filter with no standalone implementation; the wizard uses its own selects. Not opened this pass.
dropdown-time horizon [13449-190057]	not-started	src/components/ai/AIAgentManager.tsx	/?tab=myagent (create wizard)	NOT STARTED, CARRIED. `dropdown-time horizon` is a dropdown fragment of the Create AI agent wizard / signals filter with no standalone implementation; the wizard uses its own selects. Not opened this pass.
profile image [5778-45523]	furniture	-	-	FURNITURE. A detached `profile image` frame on Home 1 - the default PFP art the onboarding picker draws (defaultPfpArt.ts / defaultPfpBitmaps.ts). It is an asset, not a screen or a control, and counting it against parity would be wrong in both directions.
profile image [5778-45534]	furniture	-	-	FURNITURE. A detached `profile image` frame on Home 1 - the default PFP art the onboarding picker draws (defaultPfpArt.ts / defaultPfpBitmaps.ts). It is an asset, not a screen or a control, and counting it against parity would be wrong in both directions.
profile image [5778-45531]	furniture	-	-	FURNITURE. A detached `profile image` frame on Home 1 - the default PFP art the onboarding picker draws (defaultPfpArt.ts / defaultPfpBitmaps.ts). It is an asset, not a screen or a control, and counting it against parity would be wrong in both directions.
profile image [5778-45537]	furniture	-	-	FURNITURE. A detached `profile image` frame on Home 1 - the default PFP art the onboarding picker draws (defaultPfpArt.ts / defaultPfpBitmaps.ts). It is an asset, not a screen or a control, and counting it against parity would be wrong in both directions.
profile image [5780-45546]	furniture	-	-	FURNITURE. A detached `profile image` frame on Home 1 - the default PFP art the onboarding picker draws (defaultPfpArt.ts / defaultPfpBitmaps.ts). It is an asset, not a screen or a control, and counting it against parity would be wrong in both directions.
Second card [5786-48044]	furniture	-	-	FURNITURE. A detached `Second card` frame with no screen or control identity; not opened.
Input w/o voice [2745-3552]	partial	src/components/home-redesign/AskComposer.tsx	/ (AiHome composer)	FIRST VERDICT, NOT OPENED THIS PASS. The composer variant without the voice control - designer note 2745:3577 says voice is removed when the feature is unavailable. AskComposer.tsx gates the control on `voiceAvailable`, so the variant exists; its geometry was not compared to this node.
Social - empty [5902-145290]	partial	src/components/home-redesign/portfolio/PortfolioScreen.tsx	/portfolio (Social tab)	FIRST VERDICT, NOT OPENED THIS PASS. A component fragment of the Portfolio Social tab: the Social tab's empty state (6a3798657 stopped it restating an unknown as a number). Implemented in PortfolioScreen.tsx; not compared to this node.
Tier hover - Gold locked [5902-147818]	partial	src/components/home-redesign/portfolio/PortfolioScreen.tsx	/portfolio (Tiers tab)	FIRST VERDICT, NOT OPENED THIS PASS. A component fragment of the Portfolio Tiers tab: the Tiers strip's hover state - tierRewardsLine tracks the hovered tier per the designer note on 1d4e0257. Implemented in PortfolioScreen.tsx; not compared to this node.
Modal - select chain [2987-16294]	partial	src/components/home-redesign/portfolio/WalletCreateModal.tsx	/portfolio (showCreateWallet)	FIRST VERDICT, NOT OPENED THIS PASS. A component fragment of the Portfolio WalletCreateModal: the select-chain step of Add wallet. Implemented in PortfolioScreen.tsx; not compared to this node.
Trade - empty [2773-10240]	partial	src/components/home-redesign/portfolio/PortfolioScreen.tsx	/portfolio (DeFi tab)	FIRST VERDICT, NOT OPENED THIS PASS. A component fragment of the Portfolio DeFi tab: the DeFi tab's empty trade state. Implemented in PortfolioScreen.tsx; not compared to this node.
Interest payment history - table version [5902-144187]	partial	src/components/home-redesign/portfolio/PortfolioScreen.tsx	/portfolio (Vault tab)	FIRST VERDICT, NOT OPENED THIS PASS. A component fragment of the Portfolio Vault tab: the interest payment history table (its search box is pinned by PortfolioScreen.figmaParity.test.ts). Implemented in PortfolioScreen.tsx; not compared to this node.
Withdraw module [2768-14508]	partial	src/components/home-redesign/portfolio/PortfolioScreen.tsx	/portfolio (Vault tab)	FIRST VERDICT, NOT OPENED THIS PASS. A component fragment of the Portfolio Vault tab: the Vault withdraw module. Implemented in PortfolioScreen.tsx; not compared to this node.
Withdraw module - unavailable [2769-14589]	partial	src/components/home-redesign/portfolio/PortfolioScreen.tsx	/portfolio (Vault tab)	FIRST VERDICT, NOT OPENED THIS PASS. A component fragment of the Portfolio Vault tab: the Vault withdraw module in its unavailable state (the rail stays closed while its flag is unread, 78f2881da). Implemented in PortfolioScreen.tsx; not compared to this node.
dropdown-3 [2736-26094]	partial	src/components/home-redesign/portfolio/PortfolioScreen.tsx	/portfolio	FIRST VERDICT, NOT OPENED THIS PASS. The per-wallet overflow menu. PortfolioScreen.tsx's WALLET_MENU_ITEM cites the same menu as PLACED on 6811:32780 (text-only rows, 8/6 padding, 4px corner, #123F3C focus) - so the control is built from a sibling read; this standalone node was not compared.
sidebar - open - group chats - grouped [6250-93706]	partial	src/components/home-redesign/HomeSidebarExpanded.tsx	shell (HomeSidebarExpanded)	FIRST VERDICT, NOT OPENED THIS PASS. A fragment of the expanded sidebar (sidebar - open - group chats - grouped) implemented in HomeSidebarExpanded.tsx. Wave 25 measured the rail rule on 5812:111832 and the trench drawer on 13006:252220; this fragment has no read of its own.
sidebar - open - group chats - grouped [6250-94544]	partial	src/components/home-redesign/HomeSidebarExpanded.tsx	shell (HomeSidebarExpanded)	FIRST VERDICT, NOT OPENED THIS PASS. A fragment of the expanded sidebar (sidebar - open - group chats - grouped) implemented in HomeSidebarExpanded.tsx. Wave 25 measured the rail rule on 5812:111832 and the trench drawer on 13006:252220; this fragment has no read of its own.
sidebar - open - group chats [6250-92865]	partial	src/components/home-redesign/HomeSidebarExpanded.tsx	shell (HomeSidebarExpanded)	FIRST VERDICT, NOT OPENED THIS PASS. A fragment of the expanded sidebar (sidebar - open - group chats) implemented in HomeSidebarExpanded.tsx. Wave 25 measured the rail rule on 5812:111832 and the trench drawer on 13006:252220; this fragment has no read of its own.
sidebar - open home | scroll [5810-111037]	partial	src/components/home-redesign/HomeSidebarExpanded.tsx	shell (HomeSidebarExpanded)	FIRST VERDICT, NOT OPENED THIS PASS. A fragment of the expanded sidebar (sidebar - open home | scroll) implemented in HomeSidebarExpanded.tsx. Wave 25 measured the rail rule on 5812:111832 and the trench drawer on 13006:252220; this fragment has no read of its own.
sidebar - open home | pinned [5812-117161]	partial	src/components/home-redesign/HomeSidebarExpanded.tsx	shell (HomeSidebarExpanded)	FIRST VERDICT, NOT OPENED THIS PASS. A fragment of the expanded sidebar (sidebar - open home | pinned) implemented in HomeSidebarExpanded.tsx. Wave 25 measured the rail rule on 5812:111832 and the trench drawer on 13006:252220; this fragment has no read of its own.
sidebar - open - agentic support [5810-111638]	partial	src/components/home-redesign/HomeSidebarExpanded.tsx	shell (HomeSidebarExpanded)	FIRST VERDICT, NOT OPENED THIS PASS. A fragment of the expanded sidebar (sidebar - open - agentic support) implemented in HomeSidebarExpanded.tsx. Wave 25 measured the rail rule on 5812:111832 and the trench drawer on 13006:252220; this fragment has no read of its own.
sidebar - open - intelligent support [5810-111233]	partial	src/components/home-redesign/HomeSidebarExpanded.tsx	shell (HomeSidebarExpanded)	FIRST VERDICT, NOT OPENED THIS PASS. A fragment of the expanded sidebar (sidebar - open - intelligent support) implemented in HomeSidebarExpanded.tsx. Wave 25 measured the rail rule on 5812:111832 and the trench drawer on 13006:252220; this fragment has no read of its own.
sidebar - open [5863-89110]	partial	src/components/home-redesign/HomeSidebarExpanded.tsx	shell (HomeSidebarExpanded)	FIRST VERDICT, NOT OPENED THIS PASS. A fragment of the expanded sidebar (sidebar - open) implemented in HomeSidebarExpanded.tsx. Wave 25 measured the rail rule on 5812:111832 and the trench drawer on 13006:252220; this fragment has no read of its own.
Frame 275 [6314-18472]	furniture	-	-	FURNITURE. An unnamed loose frame (`Frame N`) with no screen or control identity on the page; recorded so nobody re-discovers it.
modal [14355-262060]	not-started	-	-	NOT STARTED. A fragment of the deposit flow (`modal`): no implementing code, same decision as the deposit screens above. Not opened this pass.
Trade - empty - tablet [6942-75317]	partial	src/components/home-redesign/portfolio/PortfolioScreen.tsx	/portfolio (DeFi tab)	FIRST VERDICT, NOT OPENED THIS PASS. A component fragment of the Portfolio DeFi tab: the DeFi tab's empty trade state. Implemented in PortfolioScreen.tsx; not compared to this node.
Withdraw module - unavailable [6910-59017]	partial	src/components/home-redesign/portfolio/PortfolioScreen.tsx	/portfolio (Vault tab)	FIRST VERDICT, NOT OPENED THIS PASS. A component fragment of the Portfolio Vault tab: the Vault withdraw module in its unavailable state (the rail stays closed while its flag is unread, 78f2881da). Implemented in PortfolioScreen.tsx; not compared to this node.
Withdraw module [6910-59056]	partial	src/components/home-redesign/portfolio/PortfolioScreen.tsx	/portfolio (Vault tab)	FIRST VERDICT, NOT OPENED THIS PASS. A component fragment of the Portfolio Vault tab: the Vault withdraw module. Implemented in PortfolioScreen.tsx; not compared to this node.
Section with horiz. scroll - tablet [6907-56580]	partial	src/components/home-redesign/portfolio/PortfolioScreen.tsx	/portfolio	FIRST VERDICT, NOT OPENED THIS PASS. A component fragment of the Portfolio tab body: a horizontally scrolling section (the vault table carries VAULT_TABLE_MIN_W = min-w-[960px] lg:min-w-0). Implemented in PortfolioScreen.tsx; not compared to this node.
Interest payment history - table version - tablet [6910-58299]	partial	src/components/home-redesign/portfolio/PortfolioScreen.tsx	/portfolio (Vault tab)	FIRST VERDICT, NOT OPENED THIS PASS. A component fragment of the Portfolio Vault tab: the interest payment history table (its search box is pinned by PortfolioScreen.figmaParity.test.ts). Implemented in PortfolioScreen.tsx; not compared to this node.
Modal - select chain - Tablet [6811-34114]	partial	src/components/home-redesign/portfolio/WalletCreateModal.tsx	/portfolio (showCreateWallet)	FIRST VERDICT, NOT OPENED THIS PASS. A component fragment of the Portfolio WalletCreateModal: the select-chain step of Add wallet. Implemented in PortfolioScreen.tsx; not compared to this node.
Trade - empty - mobile [6942-75545]	partial	src/components/home-redesign/portfolio/PortfolioScreen.tsx	/portfolio (DeFi tab)	FIRST VERDICT, NOT OPENED THIS PASS. A component fragment of the Portfolio DeFi tab: the DeFi tab's empty trade state. Implemented in PortfolioScreen.tsx; not compared to this node.
Withdraw module [6918-62064]	partial	src/components/home-redesign/portfolio/PortfolioScreen.tsx	/portfolio (Vault tab)	FIRST VERDICT, NOT OPENED THIS PASS. A component fragment of the Portfolio Vault tab: the Vault withdraw module. Implemented in PortfolioScreen.tsx; not compared to this node.
Withdraw module - unavailable [6918-62267]	partial	src/components/home-redesign/portfolio/PortfolioScreen.tsx	/portfolio (Vault tab)	FIRST VERDICT, NOT OPENED THIS PASS. A component fragment of the Portfolio Vault tab: the Vault withdraw module in its unavailable state (the rail stays closed while its flag is unread, 78f2881da). Implemented in PortfolioScreen.tsx; not compared to this node.
Section with horiz. scroll - mobile [6910-61118]	partial	src/components/home-redesign/portfolio/PortfolioScreen.tsx	/portfolio	FIRST VERDICT, NOT OPENED THIS PASS. A component fragment of the Portfolio tab body: a horizontally scrolling section (the vault table carries VAULT_TABLE_MIN_W = min-w-[960px] lg:min-w-0). Implemented in PortfolioScreen.tsx; not compared to this node.
Section with horiz. scroll - mobile [6918-61404]	partial	src/components/home-redesign/portfolio/PortfolioScreen.tsx	/portfolio	FIRST VERDICT, NOT OPENED THIS PASS. A component fragment of the Portfolio tab body: a horizontally scrolling section (the vault table carries VAULT_TABLE_MIN_W = min-w-[960px] lg:min-w-0). Implemented in PortfolioScreen.tsx; not compared to this node.
dropdown-my wallets [14317-261272]	not-started	-	-	NOT STARTED. A fragment of the deposit flow (`dropdown-my wallets`): no implementing code, same decision as the deposit screens above. Not opened this pass.
modal [14355-262291]	not-started	-	-	NOT STARTED. A fragment of the deposit flow (`modal`): no implementing code, same decision as the deposit screens above. Not opened this pass.
Modal - select chain - Mobile [6811-34411]	partial	src/components/home-redesign/portfolio/WalletCreateModal.tsx	/portfolio (showCreateWallet)	FIRST VERDICT, NOT OPENED THIS PASS. A component fragment of the Portfolio WalletCreateModal: the select-chain step of Add wallet. Implemented in PortfolioScreen.tsx; not compared to this node.
modal [14321-261423]	not-started	-	-	NOT STARTED. A fragment of the deposit flow (`modal`): no implementing code, same decision as the deposit screens above. Not opened this pass.
Wallet MINI [13502-171904]	not-started	-	-	NOT STARTED. A fragment of the deposit flow (`Wallet MINI`): no implementing code, same decision as the deposit screens above. Not opened this pass.
Wallet MINI [14136-89913]	not-started	-	-	NOT STARTED. A fragment of the deposit flow (`Wallet MINI`): no implementing code, same decision as the deposit screens above. Not opened this pass.
dropdown-token [13495-171067]	not-started	-	-	NOT STARTED. A fragment of the deposit flow (`dropdown-token`): no implementing code, same decision as the deposit screens above. Not opened this pass.
dropdown-networks [13495-171110]	not-started	-	-	NOT STARTED. A fragment of the deposit flow (`dropdown-networks`): no implementing code, same decision as the deposit screens above. Not opened this pass.
dropdown-token [14136-88793]	not-started	-	-	NOT STARTED. A fragment of the deposit flow (`dropdown-token`): no implementing code, same decision as the deposit screens above. Not opened this pass.
dropdown-networks [14136-88815]	not-started	-	-	NOT STARTED. A fragment of the deposit flow (`dropdown-networks`): no implementing code, same decision as the deposit screens above. Not opened this pass.
dropdown-token [14136-88891]	not-started	-	-	NOT STARTED. A fragment of the deposit flow (`dropdown-token`): no implementing code, same decision as the deposit screens above. Not opened this pass.
dropdown-networks [14136-88913]	not-started	-	-	NOT STARTED. A fragment of the deposit flow (`dropdown-networks`): no implementing code, same decision as the deposit screens above. Not opened this pass.
dropdown-my wallets [13502-171979]	not-started	-	-	NOT STARTED. A fragment of the deposit flow (`dropdown-my wallets`): no implementing code, same decision as the deposit screens above. Not opened this pass.
sidebar [14129-83324]	partial	src/components/home-redesign/HomeSidebarExpanded.tsx	shell (HomeSidebarExpanded)	FIRST VERDICT, NOT OPENED THIS PASS. A fragment of the expanded sidebar (sidebar) implemented in HomeSidebarExpanded.tsx. Wave 25 measured the rail rule on 5812:111832 and the trench drawer on 13006:252220; this fragment has no read of its own.
sidebar [14129-83460]	partial	src/components/home-redesign/HomeSidebarExpanded.tsx	shell (HomeSidebarExpanded)	FIRST VERDICT, NOT OPENED THIS PASS. A fragment of the expanded sidebar (sidebar) implemented in HomeSidebarExpanded.tsx. Wave 25 measured the rail rule on 5812:111832 and the trench drawer on 13006:252220; this fragment has no read of its own.
Frame 893 [14094-69692]	furniture	-	-	FURNITURE. An unnamed loose frame (`Frame N`) with no screen or control identity on the page; recorded so nobody re-discovers it.
Frame 894 [14178-155931]	furniture	-	-	FURNITURE. An unnamed loose frame (`Frame N`) with no screen or control identity on the page; recorded so nobody re-discovers it.
dropdown-filter [14094-70490]	not-started	src/components/ai/AIAgentManager.tsx	/?tab=myagent (create wizard)	NOT STARTED, CARRIED. `dropdown-filter` is a dropdown fragment of the Create AI agent wizard / signals filter with no standalone implementation; the wizard uses its own selects. Not opened this pass.
dropdown-filter [14160-137581]	not-started	src/components/ai/AIAgentManager.tsx	/?tab=myagent (create wizard)	NOT STARTED, CARRIED. `dropdown-filter` is a dropdown fragment of the Create AI agent wizard / signals filter with no standalone implementation; the wizard uses its own selects. Not opened this pass.
button-share link [14106-72540]	not-started	src/components/home-redesign/screens/NewsScreen.tsx	/?tab=news	NOT STARTED, CARRIED. A share-link button fragment for News; no share affordance exists in NewsScreen.tsx. Not opened this pass.
button-share link [14178-156951]	not-started	src/components/home-redesign/screens/NewsScreen.tsx	/?tab=news	NOT STARTED, CARRIED. A share-link button fragment for News; no share affordance exists in NewsScreen.tsx. Not opened this pass.
dropdown-venue [14191-164737]	not-started	src/components/ai/AIAgentManager.tsx	/?tab=myagent (create wizard)	NOT STARTED, CARRIED. `dropdown-venue` is a dropdown fragment of the Create AI agent wizard / signals filter with no standalone implementation; the wizard uses its own selects. Not opened this pass.
dropdown-venue [14191-164772]	not-started	src/components/ai/AIAgentManager.tsx	/?tab=myagent (create wizard)	NOT STARTED, CARRIED. `dropdown-venue` is a dropdown fragment of the Create AI agent wizard / signals filter with no standalone implementation; the wizard uses its own selects. Not opened this pass.
dropdown-response style [14191-164703]	not-started	src/components/ai/AIAgentManager.tsx	/?tab=myagent (create wizard)	NOT STARTED, CARRIED. `dropdown-response style` is a dropdown fragment of the Create AI agent wizard / signals filter with no standalone implementation; the wizard uses its own selects. Not opened this pass.
dropdown-response style [14191-164720]	not-started	src/components/ai/AIAgentManager.tsx	/?tab=myagent (create wizard)	NOT STARTED, CARRIED. `dropdown-response style` is a dropdown fragment of the Create AI agent wizard / signals filter with no standalone implementation; the wizard uses its own selects. Not opened this pass.
dropdown-templates [14191-164713]	not-started	src/components/ai/AIAgentManager.tsx	/?tab=myagent (create wizard)	NOT STARTED, CARRIED. `dropdown-templates` is a dropdown fragment of the Create AI agent wizard / signals filter with no standalone implementation; the wizard uses its own selects. Not opened this pass.
dropdown-templates [14191-164730]	not-started	src/components/ai/AIAgentManager.tsx	/?tab=myagent (create wizard)	NOT STARTED, CARRIED. `dropdown-templates` is a dropdown fragment of the Create AI agent wizard / signals filter with no standalone implementation; the wizard uses its own selects. Not opened this pass.
dropdown-time horizon [14191-164756]	not-started	src/components/ai/AIAgentManager.tsx	/?tab=myagent (create wizard)	NOT STARTED, CARRIED. `dropdown-time horizon` is a dropdown fragment of the Create AI agent wizard / signals filter with no standalone implementation; the wizard uses its own selects. Not opened this pass.
dropdown-time horizon [14191-164791]	not-started	src/components/ai/AIAgentManager.tsx	/?tab=myagent (create wizard)	NOT STARTED, CARRIED. `dropdown-time horizon` is a dropdown fragment of the Create AI agent wizard / signals filter with no standalone implementation; the wizard uses its own selects. Not opened this pass.
sidebar [14160-133074]	partial	src/components/home-redesign/HomeSidebarExpanded.tsx	shell (HomeSidebarExpanded)	FIRST VERDICT, NOT OPENED THIS PASS. A fragment of the expanded sidebar (sidebar) implemented in HomeSidebarExpanded.tsx. Wave 25 measured the rail rule on 5812:111832 and the trench drawer on 13006:252220; this fragment has no read of its own.
sidebar [14191-164317]	partial	src/components/home-redesign/HomeSidebarExpanded.tsx	shell (HomeSidebarExpanded)	FIRST VERDICT, NOT OPENED THIS PASS. A fragment of the expanded sidebar (sidebar) implemented in HomeSidebarExpanded.tsx. Wave 25 measured the rail rule on 5812:111832 and the trench drawer on 13006:252220; this fragment has no read of its own.
sidebar [14160-133304]	partial	src/components/home-redesign/HomeSidebarExpanded.tsx	shell (HomeSidebarExpanded)	FIRST VERDICT, NOT OPENED THIS PASS. A fragment of the expanded sidebar (sidebar) implemented in HomeSidebarExpanded.tsx. Wave 25 measured the rail rule on 5812:111832 and the trench drawer on 13006:252220; this fragment has no read of its own.
sidebar [14094-55845]	partial	src/components/home-redesign/HomeSidebarExpanded.tsx	shell (HomeSidebarExpanded)	FIRST VERDICT, NOT OPENED THIS PASS. A fragment of the expanded sidebar (sidebar) implemented in HomeSidebarExpanded.tsx. Wave 25 measured the rail rule on 5812:111832 and the trench drawer on 13006:252220; this fragment has no read of its own.
sidebar [14179-163988]	partial	src/components/home-redesign/HomeSidebarExpanded.tsx	shell (HomeSidebarExpanded)	FIRST VERDICT, NOT OPENED THIS PASS. A fragment of the expanded sidebar (sidebar) implemented in HomeSidebarExpanded.tsx. Wave 25 measured the rail rule on 5812:111832 and the trench drawer on 13006:252220; this fragment has no read of its own.
sidebar [14094-56305]	partial	src/components/home-redesign/HomeSidebarExpanded.tsx	shell (HomeSidebarExpanded)	FIRST VERDICT, NOT OPENED THIS PASS. A fragment of the expanded sidebar (sidebar) implemented in HomeSidebarExpanded.tsx. Wave 25 measured the rail rule on 5812:111832 and the trench drawer on 13006:252220; this fragment has no read of its own.
sidebar - open - trench [13006-252220]	partial	src/components/home-redesign/HomeSidebarExpanded.tsx	/trench	CARRIED partial (the earlier `open` spelling maps to partial). status.wave25.home-shell.tsv compared this drawer field by field on 2026-09-05 and named one delta; not re-read this pass.
sidebar - open - intelligent support [13389-161486]	partial	src/components/home-redesign/HomeSidebarExpanded.tsx	shell	CARRIED partial. HomeSidebarExpanded.tsx; the intelligent-support rail entry is pinned by HomeSidebarExpanded.supportRail.test.tsx. Not re-read this pass.
sidebar - open - intelligent support [13389-161703]	partial	src/components/home-redesign/HomeSidebarExpanded.tsx	shell	CARRIED partial. HomeSidebarExpanded.tsx; the intelligent-support rail entry is pinned by HomeSidebarExpanded.supportRail.test.tsx. Not re-read this pass.
