Social > Live [4943-129014]	partial	src/components/streaming/LiveStreamsBrowser.tsx	/streaming	NOT MEASURED. ALSO GATED: `/streaming` renders only for a super admin unless `STREAMING_PUBLIC` is on, and `src/config/features.ts:297` makes that build-time default `import.meta.env.VITE_STREAMING_PUBLIC === "true"`, i.e. FALSE in dev (`Streaming.tsx:877` is the gate; the prod `feature_flags` row is on). So a dev browser measurement of this frame needs `VITE_STREAMING_PUBLIC=true` in `.env.local` plus a connected wallet — neither is set on the running server. Not a wiring gap: the component is mounted (JSX site verified in the reachable graph). Mounted and reachable in code, but no geometry / type ramp / colour was read off this node and compared against the shipped classes. Note that /trading-groups, /streaming, /:username and /messages all render a wallet-connect arm on the dev server (measured 2026-08-26), so the practical evidence standard in this section is node-data vs the component's class literals — which is what the four `done` rows in this file used — not a browser measurement. PRIOR: node 4943-129014. Full-height twin. The catalog called this "the single highest-leverage line in the section" because ~350KB of streaming components sat unreachable behind one isSuperAdmin check. That check is now flag-gated and the flag is on.
Social > Sample creator profile [4948-143477]	partial	src/pages/account/UserProfile.tsx	/:username	NOT MEASURED. Mounted and reachable in code, but no geometry / type ramp / colour was read off this node and compared against the shipped classes. Note that /trading-groups, /streaming, /:username and /messages all render a wallet-connect arm on the dev server (measured 2026-08-26), so the practical evidence standard in this section is node-data vs the component's class literals — which is what the four `done` rows in this file used — not a browser measurement. PRIOR: node 4948-143477 — 1VH crop of 4954-147061. Creator profile with avatar, Buy/Follow/Message/Block row, stats, Created tokens rail and a tab strip. Routed at App.tsx:1684; header plus stats grid UserProfile.tsx:1341-1420, tabs :1515-1792, profile fetched via getProfileByUsername (:273).
Social > Sample creator profile [4954-147061]	partial	src/pages/account/UserProfile.tsx	/:username	NOT MEASURED. Mounted and reachable in code, but no geometry / type ramp / colour was read off this node and compared against the shipped classes. Note that /trading-groups, /streaming, /:username and /messages all render a wallet-connect arm on the dev server (measured 2026-08-26), so the practical evidence standard in this section is node-data vs the component's class literals — which is what the four `done` rows in this file used — not a browser measurement. PRIOR: node 4954-147061 — full-height twin (1440x1539). Same page. Tab set differs from Figma: code has overview/activity/agents/trades/holdings/followers/groups, Figma draws Balances/Token/Creator overview/Groups/Posts.
Social > Sample creator profile > Creator overview [4972-150250]	partial	src/pages/account/UserProfile.tsx	/:username	NOT MEASURED. Mounted and reachable in code, but no geometry / type ramp / colour was read off this node and compared against the shipped classes. Note that /trading-groups, /streaming, /:username and /messages all render a wallet-connect arm on the dev server (measured 2026-08-26), so the practical evidence standard in this section is node-data vs the component's class literals — which is what the four `done` rows in this file used — not a browser measurement. PRIOR: node 4972-150250 — Creator overview tab. Implemented: trigger UserProfile.tsx:1523-1525, content :1552-1624 (volume, avg size, best, worst) with a NoData fallback at :1614-1620 and show_pnl masking at :1587 and :1605.
Social > Sample creator profile > Groups [4997-155172]	partial	src/pages/account/UserProfile.tsx	/:username	NOT MEASURED. Mounted and reachable in code, but no geometry / type ramp / colour was read off this node and compared against the shipped classes. Note that /trading-groups, /streaming, /:username and /messages all render a wallet-connect arm on the dev server (measured 2026-08-26), so the practical evidence standard in this section is node-data vs the component's class literals — which is what the four `done` rows in this file used — not a browser measurement. PRIOR: node 4997-155172 — Groups tab. Trigger UserProfile.tsx:1547-1549, content :1720-1791 from data.tradingGroups.
Social > Live [4998-155882]	partial	src/components/streaming/LiveStreamsBrowser.tsx	/streaming	NOT MEASURED. Mounted and reachable in code, but no geometry / type ramp / colour was read off this node and compared against the shipped classes. Note that /trading-groups, /streaming, /:username and /messages all render a wallet-connect arm on the dev server (measured 2026-08-26), so the practical evidence standard in this section is node-data vs the component's class literals — which is what the four `done` rows in this file used — not a browser measurement. PRIOR: node 4998-155882. SUPER-ADMIN GATE IS GONE. Streaming.tsx:814 now reads `!isSuperAdmin && !isFeatureEnabled("STREAMING_PUBLIC")`, and the STREAMING_PUBLIC feature_flags row is enabled=true at rollout 100 in prod since 2026-08-13. Normal users reach streaming today.
Social > Live > Stream type modal > Sample stream [5000-158255]	partial	src/components/streaming/IVSPlayer.tsx	/streaming/:streamId	NOT MEASURED. ALSO GATED: `/streaming` renders only for a super admin unless `STREAMING_PUBLIC` is on, and `src/config/features.ts:297` makes that build-time default `import.meta.env.VITE_STREAMING_PUBLIC === "true"`, i.e. FALSE in dev (`Streaming.tsx:877` is the gate; the prod `feature_flags` row is on). So a dev browser measurement of this frame needs `VITE_STREAMING_PUBLIC=true` in `.env.local` plus a connected wallet — neither is set on the running server. Not a wiring gap: the component is mounted (JSX site verified in the reachable graph). Mounted and reachable in code, but no geometry / type ramp / colour was read off this node and compared against the shipped classes. Note that /trading-groups, /streaming, /:username and /messages all render a wallet-connect arm on the dev server (measured 2026-08-26), so the practical evidence standard in this section is node-data vs the component's class literals — which is what the four `done` rows in this file used — not a browser measurement. PRIOR: node 5000-158255. Stream watch page, now reachable by normal users.
Multi-panel - live chat [5000-162336]	partial	src/components/streaming/StreamChat.tsx	/streaming/:streamId	NOT MEASURED. ALSO GATED: `/streaming` renders only for a super admin unless `STREAMING_PUBLIC` is on, and `src/config/features.ts:297` makes that build-time default `import.meta.env.VITE_STREAMING_PUBLIC === "true"`, i.e. FALSE in dev (`Streaming.tsx:877` is the gate; the prod `feature_flags` row is on). So a dev browser measurement of this frame needs `VITE_STREAMING_PUBLIC=true` in `.env.local` plus a connected wallet — neither is set on the running server. Not a wiring gap: the component is mounted (JSX site verified in the reachable graph). Mounted and reachable in code, but no geometry / type ramp / colour was read off this node and compared against the shipped classes. Note that /trading-groups, /streaming, /:username and /messages all render a wallet-connect arm on the dev server (measured 2026-08-26), so the practical evidence standard in this section is node-data vs the component's class literals — which is what the four `done` rows in this file used — not a browser measurement. PRIOR: 313x662 — a second instance of the same rail, byte-identical text to 5025-182851. Same component, no additional work.
Social > Live > Stream type modal > Sample stream [5000-163464]	partial	src/components/streaming/IVSPlayer.tsx	/streaming/:streamId	NOT MEASURED. ALSO GATED: `/streaming` renders only for a super admin unless `STREAMING_PUBLIC` is on, and `src/config/features.ts:297` makes that build-time default `import.meta.env.VITE_STREAMING_PUBLIC === "true"`, i.e. FALSE in dev (`Streaming.tsx:877` is the gate; the prod `feature_flags` row is on). So a dev browser measurement of this frame needs `VITE_STREAMING_PUBLIC=true` in `.env.local` plus a connected wallet — neither is set on the running server. Not a wiring gap: the component is mounted (JSX site verified in the reachable graph). Mounted and reachable in code, but no geometry / type ramp / colour was read off this node and compared against the shipped classes. Note that /trading-groups, /streaming, /:username and /messages all render a wallet-connect arm on the dev server (measured 2026-08-26), so the practical evidence standard in this section is node-data vs the component's class literals — which is what the four `done` rows in this file used — not a browser measurement. PRIOR: node 5000-163464. Full-height frame of the same watch page.
Stream panel - followed [5010-179221]	partial	src/components/streaming/StreamPanelFooter.tsx	/streaming/:streamId	NOT MEASURED. ALSO GATED: `/streaming` renders only for a super admin unless `STREAMING_PUBLIC` is on, and `src/config/features.ts:297` makes that build-time default `import.meta.env.VITE_STREAMING_PUBLIC === "true"`, i.e. FALSE in dev (`Streaming.tsx:877` is the gate; the prod `feature_flags` row is on). So a dev browser measurement of this frame needs `VITE_STREAMING_PUBLIC=true` in `.env.local` plus a connected wallet — neither is set on the running server. Not a wiring gap: the component is mounted (JSX site verified in the reachable graph). Mounted and reachable in code, but no geometry / type ramp / colour was read off this node and compared against the shipped classes. Note that /trading-groups, /streaming, /:username and /messages all render a wallet-connect arm on the dev server (measured 2026-08-26), so the practical evidence standard in this section is node-data vs the component's class literals — which is what the four `done` rows in this file used — not a browser measurement. PRIOR: 1047x661 watch-page header in the FOLLOWED state: title, LIVE, viewer count, elapsed, "Notify me", "Followed", "Share live". StreamPanelFooter.tsx builds exactly this row and documents why the label is "Follow" until the read confirms otherwise.
Multi-panel - live chat [5025-182851]	partial	src/components/streaming/StreamChat.tsx	/streaming/:streamId	NOT MEASURED. ALSO GATED: `/streaming` renders only for a super admin unless `STREAMING_PUBLIC` is on, and `src/config/features.ts:297` makes that build-time default `import.meta.env.VITE_STREAMING_PUBLIC === "true"`, i.e. FALSE in dev (`Streaming.tsx:877` is the gate; the prod `feature_flags` row is on). So a dev browser measurement of this frame needs `VITE_STREAMING_PUBLIC=true` in `.env.local` plus a connected wallet — neither is set on the running server. Not a wiring gap: the component is mounted (JSX site verified in the reachable graph). Mounted and reachable in code, but no geometry / type ramp / colour was read off this node and compared against the shipped classes. Note that /trading-groups, /streaming, /:username and /messages all render a wallet-connect arm on the dev server (measured 2026-08-26), so the practical evidence standard in this section is node-data vs the component's class literals — which is what the four `done` rows in this file used — not a browser measurement. PRIOR: 313x662 chat rail: "Live chat" title, "Gift streamer" pill, timestamped messages. Built — StreamChat.tsx plus DonationPanel.tsx (which owns GIFT_STREAMER_LABEL and cites the pill).
Multi-panel - live chat - with rewards [5026-183371]	partial	src/components/streaming/StreamRewardsTicker.tsx	/streaming/:streamId	NOT MEASURED. ALSO GATED: `/streaming` renders only for a super admin unless `STREAMING_PUBLIC` is on, and `src/config/features.ts:297` makes that build-time default `import.meta.env.VITE_STREAMING_PUBLIC === "true"`, i.e. FALSE in dev (`Streaming.tsx:877` is the gate; the prod `feature_flags` row is on). So a dev browser measurement of this frame needs `VITE_STREAMING_PUBLIC=true` in `.env.local` plus a connected wallet — neither is set on the running server. Not a wiring gap: the component is mounted (JSX site verified in the reachable graph). Mounted and reachable in code, but no geometry / type ramp / colour was read off this node and compared against the shipped classes. Note that /trading-groups, /streaming, /:username and /messages all render a wallet-connect arm on the dev server (measured 2026-08-26), so the practical evidence standard in this section is node-data vs the component's class literals — which is what the four `done` rows in this file used — not a browser measurement. PRIOR: 313x662, same rail with a reward ticker above the messages (@AlmedoJay +$415, @GreenJee7 +$10). StreamRewardsTicker.tsx exists for this.
Social [5100-183573]	partial	src/pages/social/SocialFeed.tsx	/social	NOT MEASURED. Mounted and reachable in code, but no geometry / type ramp / colour was read off this node and compared against the shipped classes. Note that /trading-groups, /streaming, /:username and /messages all render a wallet-connect arm on the dev server (measured 2026-08-26), so the practical evidence standard in this section is node-data vs the component's class literals — which is what the four `done` rows in this file used — not a browser measurement. PRIOR: MEASURED 2026-08-26 at 1440 on the live dev DOM, and the prior `done` FAILS on the header. Heading "Discover" node 10235:203179 is Manrope **Light 32/36 #ffffff**; the DOM renders **Cormorant Garamond 500, 30/36, #e0e0e0** — wrong family, wrong weight, wrong size, wrong colour. CTA "Create new" I10235:203182 sits in a 125x36 pill filled **#56c7f3**; the DOM renders 125x36 (geometry MATCHES) filled **#2CEDAC**. ★ DIAGNOSIS CORRECTED 2026-08-31 - the MEASUREMENT above stands, the CAUSE named here was wrong. The old note blamed "the documented `sky-blue`-token-is-green gotcha (token value swapped to Alien Green, name kept), i.e. app-wide and already ruled on - ESCALATED, not fixed here". There is no such gotcha. design-tokens.ts:70 holds skyBlue: "#56C7F3" with a DO-NOT-REVERT at :53-63, and the preset maps "sky-blue" -> accentColors.skyBlue at :244, so `sky-blue` resolves #56C7F3 - exactly the frame's fill. A green render therefore CANNOT come from `sky-blue`; the pill is painted by a separate green class (alien-green :49 / skai-green :248, both #2DEDAD). WHICH class paints it is UNMEASURED: grepping src/components/social/feed/DiscoverFeed.tsx and src/pages/social/SocialFeed.tsx for skai-green/alien-green/sky-blue returns ZERO hits, so the fill is inherited from a shared component and was not traced this pass. Do NOT read this as ruled-on or app-wide - that framing is what took the row off the schedule, and it rested on a token value flipped on 2026-08-12. Re-open as an in-scope colour defect with an unidentified source. The serif heading is likewise a global brand choice, not a Social defect.
Social [5101-186045]	partial	src/pages/social/SocialFeed.tsx	/social	NOT MEASURED. Mounted and reachable in code, but no geometry / type ramp / colour was read off this node and compared against the shipped classes. Note that /trading-groups, /streaming, /:username and /messages all render a wallet-connect arm on the dev server (measured 2026-08-26), so the practical evidence standard in this section is node-data vs the component's class literals — which is what the four `done` rows in this file used — not a browser measurement. PRIOR: Full-height twin of 5100-183573; inherits the same two measured header misses (Cormorant Garamond 30/36 vs Manrope Light 32/36; CTA #2CEDAC vs #56c7f3). The feed BODY could not be measured at all: /social renders the empty arm ("Nothing posted yet") because the indexer returns no posts to this session, and the frame draws a populated feed. Empty is the honest arm — but it is not the artwork.
Social > Discover [5111-190017]	partial	src/pages/social/Discover.tsx	/discover	NOT MEASURED. Mounted and reachable in code, but no geometry / type ramp / colour was read off this node and compared against the shipped classes. Note that /trading-groups, /streaming, /:username and /messages all render a wallet-connect arm on the dev server (measured 2026-08-26), so the practical evidence standard in this section is node-data vs the component's class literals — which is what the four `done` rows in this file used — not a browser measurement. PRIOR: node 5111-190017. Creators-empty implemented at Discover.tsx:351 with distinct search-empty and fetch-error arms. CATALOG CAVEAT IS NOW STALE: socialTokenService.ts:28 sets INDEXER_URL from SKAI_INDEXER_URL (real default host), not the `?? ''` the note cites, so the false "create your token" banner is fixed.
Social > Sample creator profile > Following [5118-200749]	partial	src/components/social/FollowersModal.tsx	/:username	NOT MEASURED. Mounted and reachable in code, but no geometry / type ramp / colour was read off this node and compared against the shipped classes. Note that /trading-groups, /streaming, /:username and /messages all render a wallet-connect arm on the dev server (measured 2026-08-26), so the practical evidence standard in this section is node-data vs the component's class literals — which is what the four `done` rows in this file used — not a browser measurement. PRIOR: node 5118-200749 — Following modal. Same component driven by the initialTab prop (:1801) off followersModalTab state (:238-240), set to "following" at :1405.
Social > Sample creator profile > Followers [5120-201706]	partial	src/components/social/FollowersModal.tsx	/:username	NOT MEASURED. Mounted and reachable in code, but no geometry / type ramp / colour was read off this node and compared against the shipped classes. Note that /trading-groups, /streaming, /:username and /messages all render a wallet-connect arm on the dev server (measured 2026-08-26), so the practical evidence standard in this section is node-data vs the component's class literals — which is what the four `done` rows in this file used — not a browser measurement. PRIOR: node 5120-201706 — Followers modal. MOUNTED, not orphaned: imported UserProfile.tsx:89, rendered :1796-1803, with three triggers (stat card :1353-1356, following stat card :1404-1407, followers-tab button :1692-1695).
Social > Messages > Sample Conversation [5153-205032]	partial	src/pages/social/messages/MessageThread.tsx	/messages/:conversationId	ROUTE NEVER PAINTS — cannot be measured, and this is the honest blocker, not an omission. Measured in the browser against the running dev server at 1440x900 on 2026-08-26: `http://localhost:8080/messages` renders 20 `[role="status"]` spinners and the sr-only string "Connecting wallet", never the surface. `Messages.tsx` returns that arm on `!account?.address` and `account` is thirdweb's `useActiveAccount()` (`useMessages.ts:86`); the dev environment has no mock for it (`VITE_DEV_ADMIN_BYPASS` grants ADMIN, not a wallet), so there is no DOM side to compare a Messages frame against. The component IS mounted in code — this is a runtime gate, not a wiring gap — so the fix is a way to reach the route, not a change to this file. PRIOR: node 5153-205032 — conversation thread. MessageThread.tsx:269-337 renders MessageBubble; header ConversationHeader.tsx; composer MessageInputArea.tsx, all mounted from Messages.tsx.
Social > Messages [5154-206768]	partial	src/pages/social/Messages.tsx	/messages	ROUTE NEVER PAINTS — cannot be measured, and this is the honest blocker, not an omission. Measured in the browser against the running dev server at 1440x900 on 2026-08-26: `http://localhost:8080/messages` renders 20 `[role="status"]` spinners and the sr-only string "Connecting wallet", never the surface. `Messages.tsx` returns that arm on `!account?.address` and `account` is thirdweb's `useActiveAccount()` (`useMessages.ts:86`); the dev environment has no mock for it (`VITE_DEV_ADMIN_BYPASS` grants ADMIN, not a wallet), so there is no DOM side to compare a Messages frame against. The component IS mounted in code — this is a runtime gate, not a wiring gap — so the fix is a way to reach the route, not a change to this file. PRIOR: node 5154-206768 — full-height Messages with a sample conversation (1440x1842). Two-column layout at Messages.tsx:205-381. Backing tables are real: conversations, conversation_participants (NOT conversation_members), messages, message_requests, pinned_messages, archived_messages; 28 migrations touch them.
Social > Messages > Sample Conversation > Message requests [5164-267630]	partial	src/components/messaging/MessageRequestsInbox.tsx	/messages	BLOCKED — NEVER RENDERS, so there is no DOM side to measure at any width and `done` is not available. ⚠ RE-VERIFIED 2026-08-26 with an IMPORT-GRAPH reachability walk, NOT the `<Component` grep the wave brief handed out — that grep is broken in both directions (it misses multi-line JSX and catches type positions). Method: resolve every static / type / dynamic / re-export specifier from `src/App.tsx` + `src/main.tsx` (1,529 modules reachable), then look for a real JSX site of the component in a REACHABLE file, with type positions filtered out. Detector validated against five known-mounted controls FIRST — `Layout` (82 live sites), `SocialFeed` (App.tsx:1900), `TradingGroups` (App.tsx:1888/1891), `GroupsSearchTable` (TradingGroups.tsx:905), `StreamChat` (Streaming.tsx:1510) — and it finds multi-line JSX (`FollowersModal` at UserProfile.tsx:1830 is multi-line and was found). ZERO rows in this lane flipped when the detector was rebuilt; the verdict below is what the graph says, not what the bad grep said. GRAPH RESULT: fileReachable=true (via the `src/components/messaging/index.ts` barrel) but jsxSites=0 — no file in `src/` ever writes `<MessageRequestsInbox`. The requests surface that IS wired is the sibling `MessageRequestsSurface.tsx`, rendered at `pages/social/messages/MessageDialogs.tsx:144` — and that path sits behind the /messages wallet gate anyway. The Figma half of this row was already matched by an earlier pass; the missing half is a mount site, which is a wiring decision, not a CSS change. PRIOR: NOT MEASURABLE. src/components/messaging/MessageRequestsInbox.tsx has ZERO JSX mount sites outside its own orphan cluster (swept 2026-08-26: every `<Component` occurrence in a non-test .tsx), so nothing renders at any width and there is no DOM to compare. The prior `done` rested on "cited in <file>", which is a citation, not a measurement.
Social > Messages > Sample Conversation > Chat settings [5165-269440]	partial	src/components/messages/MessagingSettingsSheet.tsx	/messages	ROUTE NEVER PAINTS — cannot be measured, and this is the honest blocker, not an omission. Measured in the browser against the running dev server at 1440x900 on 2026-08-26: `http://localhost:8080/messages` renders 20 `[role="status"]` spinners and the sr-only string "Connecting wallet", never the surface. `Messages.tsx` returns that arm on `!account?.address` and `account` is thirdweb's `useActiveAccount()` (`useMessages.ts:86`); the dev environment has no mock for it (`VITE_DEV_ADMIN_BYPASS` grants ADMIN, not a wallet), so there is no DOM side to compare a Messages frame against. The component IS mounted in code — this is a runtime gate, not a wiring gap — so the fix is a way to reach the route, not a change to this file. PRIOR: node 5165-269440 — chat settings. MessagingSettingsSheet (who-can-message, requests, auto-accept, push/email, read receipts, online status) mounted at MessageDialogs.tsx:155-159, opened from the gear at ConversationList.tsx:159-165. Group-level settings via GroupSettingsSheet at MessageDialogs.tsx:498-529.
Social > Messages > Sample Conversation > Message requests > Sample message [5171-270124]	partial	src/components/messaging/MessageRequestsSurface.tsx	/messages	ROUTE NEVER PAINTS — cannot be measured, and this is the honest blocker, not an omission. Measured in the browser against the running dev server at 1440x900 on 2026-08-26: `http://localhost:8080/messages` renders 20 `[role="status"]` spinners and the sr-only string "Connecting wallet", never the surface. `Messages.tsx` returns that arm on `!account?.address` and `account` is thirdweb's `useActiveAccount()` (`useMessages.ts:86`); the dev environment has no mock for it (`VITE_DEV_ADMIN_BYPASS` grants ADMIN, not a wallet), so there is no DOM side to compare a Messages frame against. The component IS mounted in code — this is a runtime gate, not a wiring gap — so the fix is a way to reach the route, not a change to this file. PRIOR: node 5171-270124. A dedicated list-plus-detail surface now exists and is the one mounted (MessageDialogs.tsx:144-161). Accept and Delete are wired; Block renders explicitly disabled because no block writer exists. MessageRequestsInbox.tsx survives as an unmounted one-line revert path.
Social > Groups [5194-270743]	partial	src/pages/social/TradingGroups.tsx	/trading-groups	PAGE CHROME MEASURED AND FIXED 2026-08-26; the TABLE on this tab is NOT yet measured, which is why this stays partial. Fixed on this file: the header shipped ONE ramp (`text-2xl/8 font-semibold` = 24/32 w600) at all three widths and matches none of them — 32/36 Manrope Light at 1440 (`5198:47906`), 24/28 at 768 (`11398:85892`), 20/24 at 375 (`11396:76666`); the subhead likewise (16/22 / 14/18 / 14/16); the search `field` is r**16** not 12 with a 16/22 -> 14/18 -> 14/16 placeholder ramp; the tab pills are 14/18 above 768 and 14/16 below, not `text-sm/5`; the tab row insets **12** at 375, not 16; the filter chip is **32** tall at 375, not 34. All now carry explicit `min-[768px]:` / `min-[1024px]:` breakpoints rather than `md:`/`lg:`, matching this module's stated reason for px over screen names. NOT MEASURED: this frame's own table columns (All groups draws Created | Group | Members | Type | Description | Action, and the Members column carries the stacked-avatar cluster that is deliberately unbuilt). The Discover-tab table WAS measured end to end — see `5198-47891`. PRIOR: node 5194-270743. BLOCKING GATE FIXED: TradingGroups.tsx:106 SIGN_IN_REQUIRED replaces the endless skeleton a logged-out visitor used to see. Standing trap, not a defect: list_trading_groups is not granted to anon, so a signed-out viewer legitimately sees none while 20 active groups exist.
Social [5194-271601]	partial	src/components/social/feed/PostCard.tsx	/social	NOT MEASURED. Mounted and reachable in code, but no geometry / type ramp / colour was read off this node and compared against the shipped classes. Note that /trading-groups, /streaming, /:username and /messages all render a wallet-connect arm on the dev server (measured 2026-08-26), so the practical evidence standard in this section is node-data vs the component's class literals — which is what the four `done` rows in this file used — not a browser measurement. PRIOR: node 5194-271601. Text-only post variant. PostCard renders caption-only posts; media null omits the block rather than drawing an empty square.
Social > Groups [5198-47891]	done	src/pages/social/groups/GroupsSearchTable.tsx	/trading-groups	MEASURED 2026-08-26 at 1440 against node `5198:47891`, FAILED on thirteen element-level counts (headline size + leading + weight, subhead, search-field radius, search placeholder, tab-pill leading, and the Created / group-name / member-sub-line / Token-req / type-pill / description cells), then FIXED this lane; re-measured and every number below now agrees. PAGE CHROME (TradingGroups.tsx) — headline `5198:47906` 32/36 Manrope **Light** vs shipped `text-2xl/8 font-semibold` (24/32, w600): WRONG size, leading AND weight. Subhead `5198:47907` 16/22 vs shipped `text-sm/5` (14/20). Search `field` `I5198:47945;976:357` 1144x50 r**16** pad 14/20 vs shipped `rounded-[12px]`; its placeholder `I5198:47945;976:359` 16/22 vs the control's inherited 14/20. Tab pill `I5198:49942;801:986` 14/**18** vs shipped `text-sm/5` (14/20). Tab row `Frame 299` `5198:49935` 1144x56 inset 16 -> `px-4` (already right at this width). Filter chip `5198:49946` 140x34 r8 pad 8/16/8/16 -> `h-[34px] w-[140px] rounded-[8px]` (already right at this width). TABLE (GroupsSearchTable.tsx) — column headers `5198:49957` 12/16 Manrope Regular -> `text-xs/4 font-normal` (already right, the one thing that was). Every BODY cell shipped `text-sm/5` (14/20), a leading no frame draws: Created `5198:50042` 12/16 and **white**, shipped muted; group name `5198:50047` 14/18 Manrope **Regular**, shipped `text-sm/5 font-medium`; member sub-line `5198:50051` 11/14 and **accent** `#56c7f3`, shipped `text-xs/4 text-muted-foreground`; Token req `5198:50269` 14/18 white; type pill `I5198:50059;786:171` 11/14, shipped `text-xs/4`; description `5198:50060` 12/16 **white** where only the ABSENT case is grey (`5198:50112` "Hidden." is `#95a09f`). Fixed by a `ROW_TYPE_RAMP` keyed off the same `GroupsLayout` as the existing height and empty ramp, plus explicit-px breakpoints on the page chrome; oracle test transcribes the Figma numbers rather than importing the constant (`GroupsSearchTable.responsive.test.tsx`, 24 tests). Mutation-checked: reverting `list.name` to `text-sm/5` turns it red with `expected 'truncate font-normal text-foreground text-sm/5' to contain 'text-[12px] leading-4'`. DELIBERATELY NOT BUILT, both already documented in-file and unchanged: the stacked member avatars + "+12" in the Members column (no avatar payload on `list_trading_groups`), and the "60,000 left" sub-line under Token req (`5198:50306`, required-minus-held, a constant 0 on the only feed that carries rules). TWO app-wide token differences are NOT re-litigated here: our accent resolves `#2DEDAD` against the frame's `#56c7f3` (★ CORRECTED 2026-08-31: NOT "the ruled sky-blue-reads-green gotcha" - design-tokens.ts:70 holds skyBlue: "#56C7F3" with a DO-NOT-REVERT at :53-63, and the preset maps "sky-blue" -> accentColors.skyBlue at :244, so `sky-blue` resolves #56C7F3, i.e. sky-blue IS the frame's blue. The #2DEDAD we ship is alien-green/skai-green, a DIFFERENT class; which of them paints this accent is UNMEASURED, so this is an OPEN colour defect rather than a ruled exemption), and `--muted-foreground` resolves `hsl(225 20% 75%)` (about `#b3b9c9`) against the frame's `#95a09f` — a theme-token question, not a component defect.
Social > Groups [5198-50314]	partial	src/pages/social/TradingGroups.tsx	/trading-groups	PAGE CHROME MEASURED AND FIXED 2026-08-26; the TABLE on this tab is NOT yet measured, which is why this stays partial. Fixed on this file: the header shipped ONE ramp (`text-2xl/8 font-semibold` = 24/32 w600) at all three widths and matches none of them — 32/36 Manrope Light at 1440 (`5198:47906`), 24/28 at 768 (`11398:85892`), 20/24 at 375 (`11396:76666`); the subhead likewise (16/22 / 14/18 / 14/16); the search `field` is r**16** not 12 with a 16/22 -> 14/18 -> 14/16 placeholder ramp; the tab pills are 14/18 above 768 and 14/16 below, not `text-sm/5`; the tab row insets **12** at 375, not 16; the filter chip is **32** tall at 375, not 34. All now carry explicit `min-[768px]:` / `min-[1024px]:` breakpoints rather than `md:`/`lg:`, matching this module's stated reason for px over screen names. NOT MEASURED: this frame's own table columns (All groups draws Created | Group | Members | Type | Description | Action, and the Members column carries the stacked-avatar cluster that is deliberately unbuilt). The Discover-tab table WAS measured end to end — see `5198-47891`. PRIOR: node 5198-50314. "Created" tab NOW EXISTS. TradingGroups.tsx:591 builds createdGroups by filtering memberships to my_role === 'owner', documented at :25. The catalog's "no created-by-me view exists" is stale.
Social > Groups [5198-62746]	partial	src/components/social/GroupFormSheet.tsx	/trading-groups	NOT MEASURED. Mounted and reachable in code, but no geometry / type ramp / colour was read off this node and compared against the shipped classes. Note that /trading-groups, /streaming, /:username and /messages all render a wallet-connect arm on the dev server (measured 2026-08-26), so the practical evidence standard in this section is node-data vs the component's class literals — which is what the four `done` rows in this file used — not a browser measurement. PRIOR: node 5198-62746. Create group. CATALOG PATH IS STALE: CreateTradingGroupDialog.tsx is now a 2.5KB shim; the real form is GroupFormSheet.tsx (22KB).
Right menu [5198-63614]	partial	src/components/social/SocialRightMenu.tsx	/trading-groups	BLOCKED — NEVER RENDERS, so there is no DOM side to measure at any width and `done` is not available. ⚠ RE-VERIFIED 2026-08-26 with an IMPORT-GRAPH reachability walk, NOT the `<Component` grep the wave brief handed out — that grep is broken in both directions (it misses multi-line JSX and catches type positions). Method: resolve every static / type / dynamic / re-export specifier from `src/App.tsx` + `src/main.tsx` (1,529 modules reachable), then look for a real JSX site of the component in a REACHABLE file, with type positions filtered out. Detector validated against five known-mounted controls FIRST — `Layout` (82 live sites), `SocialFeed` (App.tsx:1900), `TradingGroups` (App.tsx:1888/1891), `GroupsSearchTable` (TradingGroups.tsx:905), `StreamChat` (Streaming.tsx:1510) — and it finds multi-line JSX (`FollowersModal` at UserProfile.tsx:1830 is multi-line and was found). ZERO rows in this lane flipped when the detector was rebuilt; the verdict below is what the graph says, not what the bad grep said. GRAPH RESULT: fileReachable=true (via the `src/components/social/index.ts` barrel) but jsxSites=0 — no file in `src/` ever writes `<SocialRightMenu`. It ships in the bundle and never renders. The Figma half of this row was already matched by an earlier pass; the missing half is a mount site, which is a wiring decision, not a CSS change. PRIOR: NOT MEASURABLE. src/components/social/SocialRightMenu.tsx has ZERO JSX mount sites outside its own orphan cluster (swept 2026-08-26: every `<Component` occurrence in a non-test .tsx), so nothing renders at any width and there is no DOM to compare. The prior `done` rested on "cited in <file>", which is a citation, not a measurement.
Right menu - token gated + rules [5198-63742]	partial	src/components/social/SocialRightMenu.tsx	/trading-groups	BLOCKED — NEVER RENDERS, so there is no DOM side to measure at any width and `done` is not available. ⚠ RE-VERIFIED 2026-08-26 with an IMPORT-GRAPH reachability walk, NOT the `<Component` grep the wave brief handed out — that grep is broken in both directions (it misses multi-line JSX and catches type positions). Method: resolve every static / type / dynamic / re-export specifier from `src/App.tsx` + `src/main.tsx` (1,529 modules reachable), then look for a real JSX site of the component in a REACHABLE file, with type positions filtered out. Detector validated against five known-mounted controls FIRST — `Layout` (82 live sites), `SocialFeed` (App.tsx:1900), `TradingGroups` (App.tsx:1888/1891), `GroupsSearchTable` (TradingGroups.tsx:905), `StreamChat` (Streaming.tsx:1510) — and it finds multi-line JSX (`FollowersModal` at UserProfile.tsx:1830 is multi-line and was found). ZERO rows in this lane flipped when the detector was rebuilt; the verdict below is what the graph says, not what the bad grep said. GRAPH RESULT: fileReachable=true (via the `src/components/social/index.ts` barrel) but jsxSites=0 — no file in `src/` ever writes `<SocialRightMenu`. It ships in the bundle and never renders. The Figma half of this row was already matched by an earlier pass; the missing half is a mount site, which is a wiring decision, not a CSS change. PRIOR: NOT MEASURABLE. src/components/social/SocialRightMenu.tsx has ZERO JSX mount sites outside its own orphan cluster (swept 2026-08-26: every `<Component` occurrence in a non-test .tsx), so nothing renders at any width and there is no DOM to compare. The prior `done` rested on "cited in <file>", which is a citation, not a measurement.
Social > Groups [5202-63932]	partial	src/components/social/TradingGroupProfile.tsx	/trading-groups/:groupId	NOT MEASURED. Mounted and reachable in code, but no geometry / type ramp / colour was read off this node and compared against the shipped classes. Note that /trading-groups, /streaming, /:username and /messages all render a wallet-connect arm on the dev server (measured 2026-08-26), so the practical evidence standard in this section is node-data vs the component's class literals — which is what the four `done` rows in this file used — not a browser measurement. PRIOR: node 5202-63932. Statistics tab. NO-MOCK-DATA VIOLATION REMOVED: the hardcoded 68% / $1.2M / 24 literals the catalog flagged are gone, with the reasoning recorded at TradingGroupProfile.tsx:839-843.
Social > Groups [5203-64550]	partial	src/components/social/MemberList.tsx	/trading-groups/:groupId	NOT MEASURED. Mounted and reachable in code, but no geometry / type ramp / colour was read off this node and compared against the shipped classes. Note that /trading-groups, /streaming, /:username and /messages all render a wallet-connect arm on the dev server (measured 2026-08-26), so the practical evidence standard in this section is node-data vs the component's class literals — which is what the four `done` rows in this file used — not a browser measurement. PRIOR: node 5203-64550. "Member list coming soon" is gone. The orphaned 217-line MemberList the catalog spotted as FREE VALUE is now mounted at TradingGroupProfile.tsx:965, and member counts render an em dash rather than a fabricated 0.
Social > Groups [5204-65392]	partial	src/components/social/TradingGroupProfile.tsx	/trading-groups/:groupId	NOT MEASURED. Mounted and reachable in code, but no geometry / type ramp / colour was read off this node and compared against the shipped classes. Note that /trading-groups, /streaming, /:username and /messages all render a wallet-connect arm on the dev server (measured 2026-08-26), so the practical evidence standard in this section is node-data vs the component's class literals — which is what the four `done` rows in this file used — not a browser measurement. PRIOR: node 5204-65392. Rules tab plus owner/admin chrome. DEAD CONTROL FIXED: the leave-group button had no onClick and was labelled "Log out" (a screen reader announced it as app sign-out); handleLeave now exists at :446 and is wired at :712.
Members - block/remove [5206-31322]	partial	src/components/social/MemberList.tsx	/trading-groups/:groupId	NOT MEASURED. Mounted and reachable in code, but no geometry / type ramp / colour was read off this node and compared against the shipped classes. Note that /trading-groups, /streaming, /:username and /messages all render a wallet-connect arm on the dev server (measured 2026-08-26), so the practical evidence standard in this section is node-data vs the component's class literals — which is what the four `done` rows in this file used — not a browser measurement. PRIOR: 761x928 Members tab with per-row Block and Remove. MemberList.tsx was extended for exactly this on 2026-08-26 (MemberList.roster-controls.test.tsx). ⚠️ ACTIVE PEER EDIT — MemberList.tsx changed at 08:56 today; assessed only, not touched.
sidebar - open discover [5207-42693]	partial	src/components/social/SocialSidebar.tsx	-	BLOCKED — NEVER RENDERS, so there is no DOM side to measure at any width and `done` is not available. ⚠ RE-VERIFIED 2026-08-26 with an IMPORT-GRAPH reachability walk, NOT the `<Component` grep the wave brief handed out — that grep is broken in both directions (it misses multi-line JSX and catches type positions). Method: resolve every static / type / dynamic / re-export specifier from `src/App.tsx` + `src/main.tsx` (1,529 modules reachable), then look for a real JSX site of the component in a REACHABLE file, with type positions filtered out. Detector validated against five known-mounted controls FIRST — `Layout` (82 live sites), `SocialFeed` (App.tsx:1900), `TradingGroups` (App.tsx:1888/1891), `GroupsSearchTable` (TradingGroups.tsx:905), `StreamChat` (Streaming.tsx:1510) — and it finds multi-line JSX (`FollowersModal` at UserProfile.tsx:1830 is multi-line and was found). ZERO rows in this lane flipped when the detector was rebuilt; the verdict below is what the graph says, not what the bad grep said. GRAPH RESULT: fileReachable=true (via the `src/components/social/index.ts` barrel) but jsxSites=0 — no file in `src/` ever writes `<SocialSidebar`. The live left rail is `src/components/layout/LeftSidebar.tsx` / `home-redesign/HomeSidebarRail.tsx`. The Figma half of this row was already matched by an earlier pass; the missing half is a mount site, which is a wiring decision, not a CSS change. PRIOR: NOT MEASURABLE. src/components/social/SocialSidebar.tsx has ZERO JSX mount sites outside its own orphan cluster (swept 2026-08-26: every `<Component` occurrence in a non-test .tsx), so nothing renders at any width and there is no DOM to compare. The prior `done` rested on "cited in <file>", which is a citation, not a measurement.
dropdown-creators [9626-39285]	partial	src/components/social/menus/socialRowMenus.tsx	/discover	BLOCKED — NEVER RENDERS, so there is no DOM side to measure at any width and `done` is not available. ⚠ RE-VERIFIED 2026-08-26 with an IMPORT-GRAPH reachability walk, NOT the `<Component` grep the wave brief handed out — that grep is broken in both directions (it misses multi-line JSX and catches type positions). Method: resolve every static / type / dynamic / re-export specifier from `src/App.tsx` + `src/main.tsx` (1,529 modules reachable), then look for a real JSX site of the component in a REACHABLE file, with type positions filtered out. Detector validated against five known-mounted controls FIRST — `Layout` (82 live sites), `SocialFeed` (App.tsx:1900), `TradingGroups` (App.tsx:1888/1891), `GroupsSearchTable` (TradingGroups.tsx:905), `StreamChat` (Streaming.tsx:1510) — and it finds multi-line JSX (`FollowersModal` at UserProfile.tsx:1830 is multi-line and was found). ZERO rows in this lane flipped when the detector was rebuilt; the verdict below is what the graph says, not what the bad grep said. GRAPH RESULT: `src/components/social/menus/socialRowMenus.tsx` is NOT REACHABLE AT ALL — it is not in the 1,529-module graph, so it is not even in the bundle. Its only importers are `menus/index.ts` and `src/components/social/profile/*`, and every file under `profile/` is likewise unreachable (`CreatorTokensTab`, `CreatorFollowListModal`, `CreatorProfileShell` all measured fileReachable=false). The Figma half of this row was already matched by an earlier pass; the missing half is a mount site, which is a wiring decision, not a CSS change. PRIOR: MEASURED 2026-08-26 — the FRAME half only, and that half PASSES: 9626-39285 is 250x168, which is exactly what FEED_MENU_WIDTH.creators.desktop records. The 1440/768/375 triples I re-read live all match the code tables (post-select/posts/creators 250/220/200, time 140/120/120, main 200/180/160, row-menus 250/220/200). ★ But the module has NO consumer: FEED_MENU_WIDTH, feedMenuSize and all five build*Menu functions are imported ONLY by their own figma test and by the barrel, and SocialMenu.tsx has no JSX mount site outside socialRowMenus / CreatorTokensTab / SocialTridotsMenu — all themselves orphaned. So the width is measured against a panel that never renders. Cannot be `done`: there is no DOM side.
dropdown-posts [9626-208767]	partial	src/components/social/SocialMenu.tsx	/social	BLOCKED — NEVER RENDERS, so there is no DOM side to measure at any width and `done` is not available. ⚠ RE-VERIFIED 2026-08-26 with an IMPORT-GRAPH reachability walk, NOT the `<Component` grep the wave brief handed out — that grep is broken in both directions (it misses multi-line JSX and catches type positions). Method: resolve every static / type / dynamic / re-export specifier from `src/App.tsx` + `src/main.tsx` (1,529 modules reachable), then look for a real JSX site of the component in a REACHABLE file, with type positions filtered out. Detector validated against five known-mounted controls FIRST — `Layout` (82 live sites), `SocialFeed` (App.tsx:1900), `TradingGroups` (App.tsx:1888/1891), `GroupsSearchTable` (TradingGroups.tsx:905), `StreamChat` (Streaming.tsx:1510) — and it finds multi-line JSX (`FollowersModal` at UserProfile.tsx:1830 is multi-line and was found). ZERO rows in this lane flipped when the detector was rebuilt; the verdict below is what the graph says, not what the bad grep said. GRAPH RESULT: the file IS in the bundle (reached via `src/components/social/index.ts`) but has exactly ONE JSX site in a reachable file — `SocialTridotsMenu.tsx:467` — and SocialTridotsMenu itself has ZERO JSX sites anywhere in non-test `src/`. Its other JSX site, `profile/CreatorTokensTab.tsx:361`, sits in a file the graph never reaches. So the module ships and the component never renders: a chain, not a missing import. The Figma half of this row was already matched by an earlier pass; the missing half is a mount site, which is a wiring decision, not a CSS change. PRIOR: MEASURED 2026-08-26 — the FRAME half only, and that half PASSES: 9626-208767 is 250x206, which is exactly what FEED_MENU_WIDTH.posts.desktop records. The 1440/768/375 triples I re-read live all match the code tables (post-select/posts/creators 250/220/200, time 140/120/120, main 200/180/160, row-menus 250/220/200). ★ But the module has NO consumer: FEED_MENU_WIDTH, feedMenuSize and all five build*Menu functions are imported ONLY by their own figma test and by the barrel, and SocialMenu.tsx has no JSX mount site outside socialRowMenus / CreatorTokensTab / SocialTridotsMenu — all themselves orphaned. So the width is measured against a panel that never renders. Cannot be `done`: there is no DOM side.
dropdown-tokens [9636-208873]	partial	src/components/social/menus/socialRowMenus.tsx	/discover	BLOCKED — NEVER RENDERS, so there is no DOM side to measure at any width and `done` is not available. ⚠ RE-VERIFIED 2026-08-26 with an IMPORT-GRAPH reachability walk, NOT the `<Component` grep the wave brief handed out — that grep is broken in both directions (it misses multi-line JSX and catches type positions). Method: resolve every static / type / dynamic / re-export specifier from `src/App.tsx` + `src/main.tsx` (1,529 modules reachable), then look for a real JSX site of the component in a REACHABLE file, with type positions filtered out. Detector validated against five known-mounted controls FIRST — `Layout` (82 live sites), `SocialFeed` (App.tsx:1900), `TradingGroups` (App.tsx:1888/1891), `GroupsSearchTable` (TradingGroups.tsx:905), `StreamChat` (Streaming.tsx:1510) — and it finds multi-line JSX (`FollowersModal` at UserProfile.tsx:1830 is multi-line and was found). ZERO rows in this lane flipped when the detector was rebuilt; the verdict below is what the graph says, not what the bad grep said. GRAPH RESULT: `src/components/social/menus/socialRowMenus.tsx` is NOT REACHABLE AT ALL — it is not in the 1,529-module graph, so it is not even in the bundle. Its only importers are `menus/index.ts` and `src/components/social/profile/*`, and every file under `profile/` is likewise unreachable (`CreatorTokensTab`, `CreatorFollowListModal`, `CreatorProfileShell` all measured fileReachable=false). The Figma half of this row was already matched by an earlier pass; the missing half is a mount site, which is a wiring decision, not a CSS change. PRIOR: MEASURED 2026-08-26 — the FRAME half only, and that half PASSES: 9636-208873 is 250x168, which is exactly what SOCIAL_ROW_MENU_WIDTH.desktop records. The 1440/768/375 triples I re-read live all match the code tables (post-select/posts/creators 250/220/200, time 140/120/120, main 200/180/160, row-menus 250/220/200). ★ But the module has NO consumer: FEED_MENU_WIDTH, feedMenuSize and all five build*Menu functions are imported ONLY by their own figma test and by the barrel, and SocialMenu.tsx has no JSX mount site outside socialRowMenus / CreatorTokensTab / SocialTridotsMenu — all themselves orphaned. So the width is measured against a panel that never renders. Cannot be `done`: there is no DOM side.
dropdown-balances [9640-213620]	partial	src/components/social/menus/socialRowMenus.tsx	/:username	BLOCKED — NEVER RENDERS, so there is no DOM side to measure at any width and `done` is not available. ⚠ RE-VERIFIED 2026-08-26 with an IMPORT-GRAPH reachability walk, NOT the `<Component` grep the wave brief handed out — that grep is broken in both directions (it misses multi-line JSX and catches type positions). Method: resolve every static / type / dynamic / re-export specifier from `src/App.tsx` + `src/main.tsx` (1,529 modules reachable), then look for a real JSX site of the component in a REACHABLE file, with type positions filtered out. Detector validated against five known-mounted controls FIRST — `Layout` (82 live sites), `SocialFeed` (App.tsx:1900), `TradingGroups` (App.tsx:1888/1891), `GroupsSearchTable` (TradingGroups.tsx:905), `StreamChat` (Streaming.tsx:1510) — and it finds multi-line JSX (`FollowersModal` at UserProfile.tsx:1830 is multi-line and was found). ZERO rows in this lane flipped when the detector was rebuilt; the verdict below is what the graph says, not what the bad grep said. GRAPH RESULT: `src/components/social/menus/socialRowMenus.tsx` is NOT REACHABLE AT ALL — it is not in the 1,529-module graph, so it is not even in the bundle. Its only importers are `menus/index.ts` and `src/components/social/profile/*`, and every file under `profile/` is likewise unreachable (`CreatorTokensTab`, `CreatorFollowListModal`, `CreatorProfileShell` all measured fileReachable=false). The Figma half of this row was already matched by an earlier pass; the missing half is a mount site, which is a wiring decision, not a CSS change. PRIOR: MEASURED 2026-08-26 — the FRAME half only, and that half PASSES: 9640-213620 is 250x206, which is exactly what SOCIAL_ROW_MENU_WIDTH.desktop records. The 1440/768/375 triples I re-read live all match the code tables (post-select/posts/creators 250/220/200, time 140/120/120, main 200/180/160, row-menus 250/220/200). ★ But the module has NO consumer: FEED_MENU_WIDTH, feedMenuSize and all five build*Menu functions are imported ONLY by their own figma test and by the barrel, and SocialMenu.tsx has no JSX mount site outside socialRowMenus / CreatorTokensTab / SocialTridotsMenu — all themselves orphaned. So the width is measured against a panel that never renders. Cannot be `done`: there is no DOM side.
dropdown-tokens [9640-214077]	partial	src/components/social/menus/socialRowMenus.tsx	/:username	BLOCKED — NEVER RENDERS, so there is no DOM side to measure at any width and `done` is not available. ⚠ RE-VERIFIED 2026-08-26 with an IMPORT-GRAPH reachability walk, NOT the `<Component` grep the wave brief handed out — that grep is broken in both directions (it misses multi-line JSX and catches type positions). Method: resolve every static / type / dynamic / re-export specifier from `src/App.tsx` + `src/main.tsx` (1,529 modules reachable), then look for a real JSX site of the component in a REACHABLE file, with type positions filtered out. Detector validated against five known-mounted controls FIRST — `Layout` (82 live sites), `SocialFeed` (App.tsx:1900), `TradingGroups` (App.tsx:1888/1891), `GroupsSearchTable` (TradingGroups.tsx:905), `StreamChat` (Streaming.tsx:1510) — and it finds multi-line JSX (`FollowersModal` at UserProfile.tsx:1830 is multi-line and was found). ZERO rows in this lane flipped when the detector was rebuilt; the verdict below is what the graph says, not what the bad grep said. GRAPH RESULT: `src/components/social/menus/socialRowMenus.tsx` is NOT REACHABLE AT ALL — it is not in the 1,529-module graph, so it is not even in the bundle. Its only importers are `menus/index.ts` and `src/components/social/profile/*`, and every file under `profile/` is likewise unreachable (`CreatorTokensTab`, `CreatorFollowListModal`, `CreatorProfileShell` all measured fileReachable=false). The Figma half of this row was already matched by an earlier pass; the missing half is a mount site, which is a wiring decision, not a CSS change. PRIOR: MEASURED 2026-08-26 — the FRAME half only, and that half PASSES: 9640-214077 is 250x168, which is exactly what SOCIAL_ROW_MENU_WIDTH.desktop records. The 1440/768/375 triples I re-read live all match the code tables (post-select/posts/creators 250/220/200, time 140/120/120, main 200/180/160, row-menus 250/220/200). ★ But the module has NO consumer: FEED_MENU_WIDTH, feedMenuSize and all five build*Menu functions are imported ONLY by their own figma test and by the barrel, and SocialMenu.tsx has no JSX mount site outside socialRowMenus / CreatorTokensTab / SocialTridotsMenu — all themselves orphaned. So the width is measured against a panel that never renders. Cannot be `done`: there is no DOM side.
Social > Sample creator profile > Holders [9640-214177]	partial	src/components/social/HoldersModal.tsx	/:username	NOT MEASURED. Mounted and reachable in code, but no geometry / type ramp / colour was read off this node and compared against the shipped classes. Note that /trading-groups, /streaming, /:username and /messages all render a wallet-connect arm on the dev server (measured 2026-08-26), so the practical evidence standard in this section is node-data vs the component's class literals — which is what the four `done` rows in this file used — not a browser measurement. PRIOR: node 9640-214177 — Holders modal. MOUNTED: imported UserProfile.tsx:90, rendered :1806-1814. Note the gate — both the modal (:1806) and its trigger (:1373, :1380) are inside a token-truthiness check, so a creator with no launched token has no path to holders at all.
dropdown-followers/following [9646-214871]	partial	src/components/social/menus/socialRowMenus.tsx	/:username	BLOCKED — NEVER RENDERS, so there is no DOM side to measure at any width and `done` is not available. ⚠ RE-VERIFIED 2026-08-26 with an IMPORT-GRAPH reachability walk, NOT the `<Component` grep the wave brief handed out — that grep is broken in both directions (it misses multi-line JSX and catches type positions). Method: resolve every static / type / dynamic / re-export specifier from `src/App.tsx` + `src/main.tsx` (1,529 modules reachable), then look for a real JSX site of the component in a REACHABLE file, with type positions filtered out. Detector validated against five known-mounted controls FIRST — `Layout` (82 live sites), `SocialFeed` (App.tsx:1900), `TradingGroups` (App.tsx:1888/1891), `GroupsSearchTable` (TradingGroups.tsx:905), `StreamChat` (Streaming.tsx:1510) — and it finds multi-line JSX (`FollowersModal` at UserProfile.tsx:1830 is multi-line and was found). ZERO rows in this lane flipped when the detector was rebuilt; the verdict below is what the graph says, not what the bad grep said. GRAPH RESULT: `src/components/social/menus/socialRowMenus.tsx` is NOT REACHABLE AT ALL — it is not in the 1,529-module graph, so it is not even in the bundle. Its only importers are `menus/index.ts` and `src/components/social/profile/*`, and every file under `profile/` is likewise unreachable (`CreatorTokensTab`, `CreatorFollowListModal`, `CreatorProfileShell` all measured fileReachable=false). The Figma half of this row was already matched by an earlier pass; the missing half is a mount site, which is a wiring decision, not a CSS change. PRIOR: MEASURED 2026-08-26 — the FRAME half only, and that half PASSES: 9646-214871 is 250x92, which is exactly what SOCIAL_ROW_MENU_WIDTH.desktop records. The 1440/768/375 triples I re-read live all match the code tables (post-select/posts/creators 250/220/200, time 140/120/120, main 200/180/160, row-menus 250/220/200). ★ But the module has NO consumer: FEED_MENU_WIDTH, feedMenuSize and all five build*Menu functions are imported ONLY by their own figma test and by the barrel, and SocialMenu.tsx has no JSX mount site outside socialRowMenus / CreatorTokensTab / SocialTridotsMenu — all themselves orphaned. So the width is measured against a panel that never renders. Cannot be `done`: there is no DOM side.
Social [9657-215247]	partial	src/components/social/feed/FeedCommentsDialog.tsx	/social	NOT MEASURED. Mounted and reachable in code, but no geometry / type ramp / colour was read off this node and compared against the shipped classes. Note that /trading-groups, /streaming, /:username and /messages all render a wallet-connect arm on the dev server (measured 2026-08-26), so the practical evidence standard in this section is node-data vs the component's class literals — which is what the four `done` rows in this file used — not a browser measurement. PRIOR: node 9657-215247. Comment thread is now reachable — SocialFeed.tsx wires onOpenComments to getComments to FeedCommentsDialog. Viewer-like state is mapped to null, not to the false that socialFeedService.getComments stamps on every row.
dropdown-creators [10025-225649]	partial	src/components/streaming/StreamPanelSwitcher.tsx	/streaming/:streamId	NOT MEASURED. ALSO GATED: `/streaming` renders only for a super admin unless `STREAMING_PUBLIC` is on, and `src/config/features.ts:297` makes that build-time default `import.meta.env.VITE_STREAMING_PUBLIC === "true"`, i.e. FALSE in dev (`Streaming.tsx:877` is the gate; the prod `feature_flags` row is on). So a dev browser measurement of this frame needs `VITE_STREAMING_PUBLIC=true` in `.env.local` plus a connected wallet — neither is set on the running server. Not a wiring gap: the component is mounted (JSX site verified in the reachable graph). Mounted and reachable in code, but no geometry / type ramp / colour was read off this node and compared against the shipped classes. Note that /trading-groups, /streaming, /:username and /messages all render a wallet-connect arm on the dev server (measured 2026-08-26), so the practical evidence standard in this section is node-data vs the component's class literals — which is what the four `done` rows in this file used — not a browser measurement. PRIOR: ★ TITLE IS WRONG — filed as "dropdown-creators" but 250x168 drawing Chat settings / Stream viewers / Hide chat menu / Pop out chat. It is the LIVE-STREAM chat panel menu, and it sits in the live cluster of the canvas, not the feed cluster. feedMenus.ts records the same correction for its 768/375 twins. Built in StreamPanelSwitcher.tsx.
Social > Live > Stream type modal > Sample stream > Chat settings [10025-225705]	partial	src/components/streaming/StreamChatSettingsPanel.tsx	/streaming/:streamId	NOT MEASURED. ALSO GATED: `/streaming` renders only for a super admin unless `STREAMING_PUBLIC` is on, and `src/config/features.ts:297` makes that build-time default `import.meta.env.VITE_STREAMING_PUBLIC === "true"`, i.e. FALSE in dev (`Streaming.tsx:877` is the gate; the prod `feature_flags` row is on). So a dev browser measurement of this frame needs `VITE_STREAMING_PUBLIC=true` in `.env.local` plus a connected wallet — neither is set on the running server. Not a wiring gap: the component is mounted (JSX site verified in the reachable graph). Mounted and reachable in code, but no geometry / type ramp / colour was read off this node and compared against the shipped classes. Note that /trading-groups, /streaming, /:username and /messages all render a wallet-connect arm on the dev server (measured 2026-08-26), so the practical evidence standard in this section is node-data vs the component's class literals — which is what the four `done` rows in this file used — not a browser measurement. PRIOR: node 10025-225705. A dedicated chat-settings panel now exists (StreamChatSettingsPanel.tsx, built 08-20) alongside the pre-stream settings in GoLiveModal and the live controls in ModeratorTools.
Social > Live > Stream type modal > Sample stream > Stream viewers [10025-228194]	partial	src/components/streaming/StreamViewersPanel.tsx	/streaming/:streamId	NOT MEASURED. ALSO GATED: `/streaming` renders only for a super admin unless `STREAMING_PUBLIC` is on, and `src/config/features.ts:297` makes that build-time default `import.meta.env.VITE_STREAMING_PUBLIC === "true"`, i.e. FALSE in dev (`Streaming.tsx:877` is the gate; the prod `feature_flags` row is on). So a dev browser measurement of this frame needs `VITE_STREAMING_PUBLIC=true` in `.env.local` plus a connected wallet — neither is set on the running server. Not a wiring gap: the component is mounted (JSX site verified in the reachable graph). Mounted and reachable in code, but no geometry / type ramp / colour was read off this node and compared against the shipped classes. Note that /trading-groups, /streaming, /:username and /messages all render a wallet-connect arm on the dev server (measured 2026-08-26), so the practical evidence standard in this section is node-data vs the component's class literals — which is what the four `done` rows in this file used — not a browser measurement. PRIOR: node 10025-228194. BACKEND-EXISTS-NO-UI is resolved: getStreamViewers now has a real read path via useStreamViewers.ts and renders in StreamViewersPanel.tsx, mounted at Streaming.tsx:1446-1464. The hook explicitly distinguishes RLS-withheld rows from a genuinely empty list rather than showing 0.
Social > Live > Stream type modal > Sample stream > Pop out chat [10091-230847]	partial	src/components/streaming/StreamChatPopout.tsx	/streaming/:streamId	NOT MEASURED. ALSO GATED: `/streaming` renders only for a super admin unless `STREAMING_PUBLIC` is on, and `src/config/features.ts:297` makes that build-time default `import.meta.env.VITE_STREAMING_PUBLIC === "true"`, i.e. FALSE in dev (`Streaming.tsx:877` is the gate; the prod `feature_flags` row is on). So a dev browser measurement of this frame needs `VITE_STREAMING_PUBLIC=true` in `.env.local` plus a connected wallet — neither is set on the running server. Not a wiring gap: the component is mounted (JSX site verified in the reachable graph). Mounted and reachable in code, but no geometry / type ramp / colour was read off this node and compared against the shipped classes. Note that /trading-groups, /streaming, /:username and /messages all render a wallet-connect arm on the dev server (measured 2026-08-26), so the practical evidence standard in this section is node-data vs the component's class literals — which is what the four `done` rows in this file used — not a browser measurement. PRIOR: node 10091-230847. Pop-out chat now exists — deliberately an in-page floating panel rather than window.open. Trigger in StreamPanelSwitcher.tsx:84, rendered at Streaming.tsx:1404-1421.
Social > Live > Go live [10094-247131]	partial	src/components/streaming/IVSBroadcasterV2.tsx	/streaming/:streamId	NOT MEASURED. ALSO GATED: `/streaming` renders only for a super admin unless `STREAMING_PUBLIC` is on, and `src/config/features.ts:297` makes that build-time default `import.meta.env.VITE_STREAMING_PUBLIC === "true"`, i.e. FALSE in dev (`Streaming.tsx:877` is the gate; the prod `feature_flags` row is on). So a dev browser measurement of this frame needs `VITE_STREAMING_PUBLIC=true` in `.env.local` plus a connected wallet — neither is set on the running server. Not a wiring gap: the component is mounted (JSX site verified in the reachable graph). Mounted and reachable in code, but no geometry / type ramp / colour was read off this node and compared against the shipped classes. Note that /trading-groups, /streaming, /:username and /messages all render a wallet-connect arm on the dev server (measured 2026-08-26), so the practical evidence standard in this section is node-data vs the component's class literals — which is what the four `done` rows in this file used — not a browser measurement. PRIOR: node 10094-247131. Go-live entry path is real and now reachable. Note GoLiveButton.tsx (13.5KB) remains orphaned — barrel-only, no .tsx consumer.
Social > Live > Go live > setup stream [10094-250637]	partial	src/components/streaming/IVSBroadcasterV2.tsx	/streaming/:streamId	NOT MEASURED. ALSO GATED: `/streaming` renders only for a super admin unless `STREAMING_PUBLIC` is on, and `src/config/features.ts:297` makes that build-time default `import.meta.env.VITE_STREAMING_PUBLIC === "true"`, i.e. FALSE in dev (`Streaming.tsx:877` is the gate; the prod `feature_flags` row is on). So a dev browser measurement of this frame needs `VITE_STREAMING_PUBLIC=true` in `.env.local` plus a connected wallet — neither is set on the running server. Not a wiring gap: the component is mounted (JSX site verified in the reachable graph). Mounted and reachable in code, but no geometry / type ramp / colour was read off this node and compared against the shipped classes. Note that /trading-groups, /streaming, /:username and /messages all render a wallet-connect arm on the dev server (measured 2026-08-26), so the practical evidence standard in this section is node-data vs the component's class literals — which is what the four `done` rows in this file used — not a browser measurement. PRIOR: node 10094-250637. Stream setup with auto-provisioned channel and the Skai studio compositor behind it.
Social > Live > Go live > setup stream > OBS [10094-256369]	partial	src/components/streaming/IVSBroadcasterV2.tsx	/streaming/:streamId	NOT MEASURED. ALSO GATED: `/streaming` renders only for a super admin unless `STREAMING_PUBLIC` is on, and `src/config/features.ts:297` makes that build-time default `import.meta.env.VITE_STREAMING_PUBLIC === "true"`, i.e. FALSE in dev (`Streaming.tsx:877` is the gate; the prod `feature_flags` row is on). So a dev browser measurement of this frame needs `VITE_STREAMING_PUBLIC=true` in `.env.local` plus a connected wallet — neither is set on the running server. Not a wiring gap: the component is mounted (JSX site verified in the reachable graph). Mounted and reachable in code, but no geometry / type ramp / colour was read off this node and compared against the shipped classes. Note that /trading-groups, /streaming, /:username and /messages all render a wallet-connect arm on the dev server (measured 2026-08-26), so the practical evidence standard in this section is node-data vs the component's class literals — which is what the four `done` rows in this file used — not a browser measurement. PRIOR: node 10094-256369. OBS ingest path fully built (server URL, masked stream key with copy, step-by-step) and now reachable by normal users.
Social > Live > Go live > setup stream > Skai studio > select thumbnail > starting stream [10102-259223]	partial	src/components/streaming/IVSBroadcasterV2.tsx	/streaming/:streamId	NOT MEASURED. ALSO GATED: `/streaming` renders only for a super admin unless `STREAMING_PUBLIC` is on, and `src/config/features.ts:297` makes that build-time default `import.meta.env.VITE_STREAMING_PUBLIC === "true"`, i.e. FALSE in dev (`Streaming.tsx:877` is the gate; the prod `feature_flags` row is on). So a dev browser measurement of this frame needs `VITE_STREAMING_PUBLIC=true` in `.env.local` plus a connected wallet — neither is set on the running server. Not a wiring gap: the component is mounted (JSX site verified in the reachable graph). Mounted and reachable in code, but no geometry / type ramp / colour was read off this node and compared against the shipped classes. Note that /trading-groups, /streaming, /:username and /messages all render a wallet-connect arm on the dev server (measured 2026-08-26), so the practical evidence standard in this section is node-data vs the component's class literals — which is what the four `done` rows in this file used — not a browser measurement. PRIOR: node 10102-259223. Starting-stream state, guarded by a screen-or-camera-layer check.
Stream states - stream ended [10102-261907]	partial	src/components/streaming/StreamEndedState.tsx	/streaming/:streamId	NOT MEASURED. ALSO GATED: `/streaming` renders only for a super admin unless `STREAMING_PUBLIC` is on, and `src/config/features.ts:297` makes that build-time default `import.meta.env.VITE_STREAMING_PUBLIC === "true"`, i.e. FALSE in dev (`Streaming.tsx:877` is the gate; the prod `feature_flags` row is on). So a dev browser measurement of this frame needs `VITE_STREAMING_PUBLIC=true` in `.env.local` plus a connected wallet — neither is set on the running server. Not a wiring gap: the component is mounted (JSX site verified in the reachable graph). Mounted and reachable in code, but no geometry / type ramp / colour was read off this node and compared against the shipped classes. Note that /trading-groups, /streaming, /:username and /messages all render a wallet-connect arm on the dev server (measured 2026-08-26), so the practical evidence standard in this section is node-data vs the component's class literals — which is what the four `done` rows in this file used — not a browser measurement. PRIOR: 1015x571 stream-ended card. Cited in StreamEndedState.tsx.
sidebar - open live [10108-262300]	partial	src/components/social/SocialSidebar.tsx	/streaming	BLOCKED — NEVER RENDERS, so there is no DOM side to measure at any width and `done` is not available. ⚠ RE-VERIFIED 2026-08-26 with an IMPORT-GRAPH reachability walk, NOT the `<Component` grep the wave brief handed out — that grep is broken in both directions (it misses multi-line JSX and catches type positions). Method: resolve every static / type / dynamic / re-export specifier from `src/App.tsx` + `src/main.tsx` (1,529 modules reachable), then look for a real JSX site of the component in a REACHABLE file, with type positions filtered out. Detector validated against five known-mounted controls FIRST — `Layout` (82 live sites), `SocialFeed` (App.tsx:1900), `TradingGroups` (App.tsx:1888/1891), `GroupsSearchTable` (TradingGroups.tsx:905), `StreamChat` (Streaming.tsx:1510) — and it finds multi-line JSX (`FollowersModal` at UserProfile.tsx:1830 is multi-line and was found). ZERO rows in this lane flipped when the detector was rebuilt; the verdict below is what the graph says, not what the bad grep said. GRAPH RESULT: fileReachable=true (via the `src/components/social/index.ts` barrel) but jsxSites=0 — no file in `src/` ever writes `<SocialSidebar`. The live left rail is `src/components/layout/LeftSidebar.tsx` / `home-redesign/HomeSidebarRail.tsx`. The Figma half of this row was already matched by an earlier pass; the missing half is a mount site, which is a wiring decision, not a CSS change. PRIOR: NOT MEASURABLE. src/components/social/SocialSidebar.tsx has ZERO JSX mount sites outside its own orphan cluster (swept 2026-08-26: every `<Component` occurrence in a non-test .tsx), so nothing renders at any width and there is no DOM to compare. The prior `done` rested on "cited in <file>", which is a citation, not a measurement.
sidebar - open live [10213-16819]	partial	src/components/social/SocialSidebar.tsx	/streaming	BLOCKED — NEVER RENDERS, so there is no DOM side to measure at any width and `done` is not available. ⚠ RE-VERIFIED 2026-08-26 with an IMPORT-GRAPH reachability walk, NOT the `<Component` grep the wave brief handed out — that grep is broken in both directions (it misses multi-line JSX and catches type positions). Method: resolve every static / type / dynamic / re-export specifier from `src/App.tsx` + `src/main.tsx` (1,529 modules reachable), then look for a real JSX site of the component in a REACHABLE file, with type positions filtered out. Detector validated against five known-mounted controls FIRST — `Layout` (82 live sites), `SocialFeed` (App.tsx:1900), `TradingGroups` (App.tsx:1888/1891), `GroupsSearchTable` (TradingGroups.tsx:905), `StreamChat` (Streaming.tsx:1510) — and it finds multi-line JSX (`FollowersModal` at UserProfile.tsx:1830 is multi-line and was found). ZERO rows in this lane flipped when the detector was rebuilt; the verdict below is what the graph says, not what the bad grep said. GRAPH RESULT: fileReachable=true (via the `src/components/social/index.ts` barrel) but jsxSites=0 — no file in `src/` ever writes `<SocialSidebar`. The live left rail is `src/components/layout/LeftSidebar.tsx` / `home-redesign/HomeSidebarRail.tsx`. The Figma half of this row was already matched by an earlier pass; the missing half is a mount site, which is a wiring decision, not a CSS change. PRIOR: NOT MEASURABLE. src/components/social/SocialSidebar.tsx has ZERO JSX mount sites outside its own orphan cluster (swept 2026-08-26: every `<Component` occurrence in a non-test .tsx), so nothing renders at any width and there is no DOM to compare. The prior `done` rested on "cited in <file>", which is a citation, not a measurement.
dropdown - tridots [10213-136686]	partial	src/components/social/SocialTridotsMenu.tsx	/messages	BLOCKED — NEVER RENDERS, so there is no DOM side to measure at any width and `done` is not available. ⚠ RE-VERIFIED 2026-08-26 with an IMPORT-GRAPH reachability walk, NOT the `<Component` grep the wave brief handed out — that grep is broken in both directions (it misses multi-line JSX and catches type positions). Method: resolve every static / type / dynamic / re-export specifier from `src/App.tsx` + `src/main.tsx` (1,529 modules reachable), then look for a real JSX site of the component in a REACHABLE file, with type positions filtered out. Detector validated against five known-mounted controls FIRST — `Layout` (82 live sites), `SocialFeed` (App.tsx:1900), `TradingGroups` (App.tsx:1888/1891), `GroupsSearchTable` (TradingGroups.tsx:905), `StreamChat` (Streaming.tsx:1510) — and it finds multi-line JSX (`FollowersModal` at UserProfile.tsx:1830 is multi-line and was found). ZERO rows in this lane flipped when the detector was rebuilt; the verdict below is what the graph says, not what the bad grep said. GRAPH RESULT: fileReachable=true (via the `src/components/social/index.ts` barrel) but jsxSites=0 — no file in `src/`, reachable or not, ever writes `<SocialTridotsMenu`. It ships in the bundle and never renders. It is also the sole reachable renderer of `SocialMenu`, which is why that component is dark too. The Figma half of this row was already matched by an earlier pass; the missing half is a mount site, which is a wiring decision, not a CSS change. PRIOR: NOT MEASURABLE. src/components/social/SocialTridotsMenu.tsx has ZERO JSX mount sites outside its own orphan cluster (swept 2026-08-26: every `<Component` occurrence in a non-test .tsx), so nothing renders at any width and there is no DOM to compare. The prior `done` rested on "cited in <file>", which is a citation, not a measurement.
Social > Messages > Sample Conversation [10215-137087]	partial	src/pages/social/messages/MessageThread.tsx	/messages/:conversationId	ROUTE NEVER PAINTS — cannot be measured, and this is the honest blocker, not an omission. Measured in the browser against the running dev server at 1440x900 on 2026-08-26: `http://localhost:8080/messages` renders 20 `[role="status"]` spinners and the sr-only string "Connecting wallet", never the surface. `Messages.tsx` returns that arm on `!account?.address` and `account` is thirdweb's `useActiveAccount()` (`useMessages.ts:86`); the dev environment has no mock for it (`VITE_DEV_ADMIN_BYPASS` grants ADMIN, not a wallet), so there is no DOM side to compare a Messages frame against. The component IS mounted in code — this is a runtime gate, not a wiring gap — so the fix is a way to reach the route, not a change to this file. PRIOR: node 10215-137087 — scroll effect on a long thread. ScrollArea plus scrollViewportRef at MessageThread.tsx:69-71, "Load older messages" at :162-178, archived pagination :181-197, new-message jump banner :95-108.
dropdown - tridots - reply [10215-137653]	partial	src/components/social/SocialTridotsMenu.tsx	/messages/:conversationId	BLOCKED — NEVER RENDERS, so there is no DOM side to measure at any width and `done` is not available. ⚠ RE-VERIFIED 2026-08-26 with an IMPORT-GRAPH reachability walk, NOT the `<Component` grep the wave brief handed out — that grep is broken in both directions (it misses multi-line JSX and catches type positions). Method: resolve every static / type / dynamic / re-export specifier from `src/App.tsx` + `src/main.tsx` (1,529 modules reachable), then look for a real JSX site of the component in a REACHABLE file, with type positions filtered out. Detector validated against five known-mounted controls FIRST — `Layout` (82 live sites), `SocialFeed` (App.tsx:1900), `TradingGroups` (App.tsx:1888/1891), `GroupsSearchTable` (TradingGroups.tsx:905), `StreamChat` (Streaming.tsx:1510) — and it finds multi-line JSX (`FollowersModal` at UserProfile.tsx:1830 is multi-line and was found). ZERO rows in this lane flipped when the detector was rebuilt; the verdict below is what the graph says, not what the bad grep said. GRAPH RESULT: fileReachable=true (via the `src/components/social/index.ts` barrel) but jsxSites=0 — no file in `src/`, reachable or not, ever writes `<SocialTridotsMenu`. It ships in the bundle and never renders. It is also the sole reachable renderer of `SocialMenu`, which is why that component is dark too. The Figma half of this row was already matched by an earlier pass; the missing half is a mount site, which is a wiring decision, not a CSS change. PRIOR: NOT MEASURABLE. src/components/social/SocialTridotsMenu.tsx has ZERO JSX mount sites outside its own orphan cluster (swept 2026-08-26: every `<Component` occurrence in a non-test .tsx), so nothing renders at any width and there is no DOM to compare. The prior `done` rested on "cited in <file>", which is a citation, not a measurement.
Social > Messages > Sample Conversation > attachment [10216-138151]	partial	src/components/messages/MessageBubble.tsx	/messages/:conversationId	ROUTE NEVER PAINTS — cannot be measured, and this is the honest blocker, not an omission. Measured in the browser against the running dev server at 1440x900 on 2026-08-26: `http://localhost:8080/messages` renders 20 `[role="status"]` spinners and the sr-only string "Connecting wallet", never the surface. `Messages.tsx` returns that arm on `!account?.address` and `account` is thirdweb's `useActiveAccount()` (`useMessages.ts:86`); the dev environment has no mock for it (`VITE_DEV_ADMIN_BYPASS` grants ADMIN, not a wallet), so there is no DOM side to compare a Messages frame against. The component IS mounted in code — this is a runtime gate, not a wiring gap — so the fix is a way to reach the route, not a change to this file. Note `src/pages/social/messages/MessageBubble.tsx` is a 239-byte re-export shim of `@/components/messages`; the implementation is `src/components/messages/MessageBubble.tsx` (71KB). PRIOR: node 10216-138151 — message attachment. Render paths at MessageBubble.tsx:94 (image), :296 (audio), :654 (video), :737 (file plus Download); compose at MessageInputArea.tsx:246 and :253-265; lightbox at MessageDialogs.tsx:439-454.
dropdown - right click [10216-182394]	partial	src/components/social/SocialMenu.tsx	/messages/:conversationId	BLOCKED — NEVER RENDERS, so there is no DOM side to measure at any width and `done` is not available. ⚠ RE-VERIFIED 2026-08-26 with an IMPORT-GRAPH reachability walk, NOT the `<Component` grep the wave brief handed out — that grep is broken in both directions (it misses multi-line JSX and catches type positions). Method: resolve every static / type / dynamic / re-export specifier from `src/App.tsx` + `src/main.tsx` (1,529 modules reachable), then look for a real JSX site of the component in a REACHABLE file, with type positions filtered out. Detector validated against five known-mounted controls FIRST — `Layout` (82 live sites), `SocialFeed` (App.tsx:1900), `TradingGroups` (App.tsx:1888/1891), `GroupsSearchTable` (TradingGroups.tsx:905), `StreamChat` (Streaming.tsx:1510) — and it finds multi-line JSX (`FollowersModal` at UserProfile.tsx:1830 is multi-line and was found). ZERO rows in this lane flipped when the detector was rebuilt; the verdict below is what the graph says, not what the bad grep said. GRAPH RESULT: the file IS in the bundle (reached via `src/components/social/index.ts`) but has exactly ONE JSX site in a reachable file — `SocialTridotsMenu.tsx:467` — and SocialTridotsMenu itself has ZERO JSX sites anywhere in non-test `src/`. Its other JSX site, `profile/CreatorTokensTab.tsx:361`, sits in a file the graph never reaches. So the module ships and the component never renders: a chain, not a missing import. The Figma half of this row was already matched by an earlier pass; the missing half is a mount site, which is a wiring decision, not a CSS change. PRIOR: NOT MEASURABLE. src/components/social/SocialMenu.tsx has ZERO JSX mount sites outside its own orphan cluster (swept 2026-08-26: every `<Component` occurrence in a non-test .tsx), so nothing renders at any width and there is no DOM to compare. The prior `done` rested on "cited in <file>", which is a citation, not a measurement.
dropdown - tridots - reply [10219-182490]	partial	src/components/social/SocialMenu.tsx	/trading-groups/:groupId	BLOCKED — NEVER RENDERS, so there is no DOM side to measure at any width and `done` is not available. ⚠ RE-VERIFIED 2026-08-26 with an IMPORT-GRAPH reachability walk, NOT the `<Component` grep the wave brief handed out — that grep is broken in both directions (it misses multi-line JSX and catches type positions). Method: resolve every static / type / dynamic / re-export specifier from `src/App.tsx` + `src/main.tsx` (1,529 modules reachable), then look for a real JSX site of the component in a REACHABLE file, with type positions filtered out. Detector validated against five known-mounted controls FIRST — `Layout` (82 live sites), `SocialFeed` (App.tsx:1900), `TradingGroups` (App.tsx:1888/1891), `GroupsSearchTable` (TradingGroups.tsx:905), `StreamChat` (Streaming.tsx:1510) — and it finds multi-line JSX (`FollowersModal` at UserProfile.tsx:1830 is multi-line and was found). ZERO rows in this lane flipped when the detector was rebuilt; the verdict below is what the graph says, not what the bad grep said. GRAPH RESULT: the file IS in the bundle (reached via `src/components/social/index.ts`) but has exactly ONE JSX site in a reachable file — `SocialTridotsMenu.tsx:467` — and SocialTridotsMenu itself has ZERO JSX sites anywhere in non-test `src/`. Its other JSX site, `profile/CreatorTokensTab.tsx:361`, sits in a file the graph never reaches. So the module ships and the component never renders: a chain, not a missing import. The Figma half of this row was already matched by an earlier pass; the missing half is a mount site, which is a wiring decision, not a CSS change. PRIOR: NOT MEASURABLE. src/components/social/SocialMenu.tsx has ZERO JSX mount sites outside its own orphan cluster (swept 2026-08-26: every `<Component` occurrence in a non-test .tsx), so nothing renders at any width and there is no DOM to compare. The prior `done` rested on "cited in <file>", which is a citation, not a measurement.
dropdown-group filter [10221-182894]	partial	src/pages/social/groups/groupsView.ts	/trading-groups	NOT MEASURED. Mounted and reachable in code, but no geometry / type ramp / colour was read off this node and compared against the shipped classes. Note that /trading-groups, /streaming, /:username and /messages all render a wallet-connect arm on the dev server (measured 2026-08-26), so the practical evidence standard in this section is node-data vs the component's class literals — which is what the four `done` rows in this file used — not a browser measurement. PRIOR: 250x168 desktop original of the Groups list filter. Cited in groupsView.ts, its test, and TradingGroups.tsx.
dropdown-members [10227-200411]	partial	src/components/social/MemberList.tsx	/trading-groups/:groupId	NOT MEASURED. Mounted and reachable in code, but no geometry / type ramp / colour was read off this node and compared against the shipped classes. Note that /trading-groups, /streaming, /:username and /messages all render a wallet-connect arm on the dev server (measured 2026-08-26), so the practical evidence standard in this section is node-data vs the component's class literals — which is what the four `done` rows in this file used — not a browser measurement. PRIOR: 250x168: Recent / Member requests / Followers / Following. Cited in MemberList.tsx. SOCIAL_GROUPS_FRAME_FACTS records which rows have a source — Member requests became buildable 2026-08-26; Followers/Following still have none.
Members - with requests [10227-200546]	partial	src/components/social/JoinRequestList.tsx	/trading-groups/:groupId	NOT MEASURED. Mounted and reachable in code, but no geometry / type ramp / colour was read off this node and compared against the shipped classes. Note that /trading-groups, /streaming, /:username and /messages all render a wallet-connect arm on the dev server (measured 2026-08-26), so the practical evidence standard in this section is node-data vs the component's class literals — which is what the four `done` rows in this file used — not a browser measurement. PRIOR: 761x928 Members tab showing "Requested to join" rows with Reject / Accept. JoinRequestList.tsx plus supabase/migrations/20260826120000_trading_group_join_requests.sql. ⚠️ ACTIVE PEER EDIT — assessed only.
Social > Groups [10232-200912]	partial	src/components/social/GroupFormSheet.tsx	/trading-groups/:groupId	NOT MEASURED. Mounted and reachable in code, but no geometry / type ramp / colour was read off this node and compared against the shipped classes. Note that /trading-groups, /streaming, /:username and /messages all render a wallet-connect arm on the dev server (measured 2026-08-26), so the practical evidence standard in this section is node-data vs the component's class literals — which is what the four `done` rows in this file used — not a browser measurement. PRIOR: node 10232-200912. Adjust settings NOW EXISTS — showSettings state with entry points at TradingGroupProfile.tsx:604 and :645.
Social [10232-201644]	partial	src/components/social/feed/CreateNewMenu.tsx	/social	NOT MEASURED. Mounted and reachable in code, but no geometry / type ramp / colour was read off this node and compared against the shipped classes. Note that /trading-groups, /streaming, /:username and /messages all render a wallet-connect arm on the dev server (measured 2026-08-26), so the practical evidence standard in this section is node-data vs the component's class literals — which is what the four `done` rows in this file used — not a browser measurement. PRIOR: node 10232-201644. Create-new dropdown Token/Post/Story now exists and is mounted. Token navigates to /account (the live TokenLaunchDialog chain); Post opens ComposePostDialog; Story renders DISABLED with the reason "Stories are not available yet" because no story entity exists anywhere in src/.
dropdown-post select [10256-135335]	partial	src/components/social/feed/feedMenus.ts	/social	BLOCKED — NEVER RENDERS, so there is no DOM side to measure at any width and `done` is not available. ⚠ RE-VERIFIED 2026-08-26 with an IMPORT-GRAPH reachability walk, NOT the `<Component` grep the wave brief handed out — that grep is broken in both directions (it misses multi-line JSX and catches type positions). Method: resolve every static / type / dynamic / re-export specifier from `src/App.tsx` + `src/main.tsx` (1,529 modules reachable), then look for a real JSX site of the component in a REACHABLE file, with type positions filtered out. Detector validated against five known-mounted controls FIRST — `Layout` (82 live sites), `SocialFeed` (App.tsx:1900), `TradingGroups` (App.tsx:1888/1891), `GroupsSearchTable` (TradingGroups.tsx:905), `StreamChat` (Streaming.tsx:1510) — and it finds multi-line JSX (`FollowersModal` at UserProfile.tsx:1830 is multi-line and was found). ZERO rows in this lane flipped when the detector was rebuilt; the verdict below is what the graph says, not what the bad grep said. GRAPH RESULT: the MODULE is reachable (the `feed/index.ts` barrel re-exports it and `SocialFeed.tsx` imports that barrel), so a naive file-reachability check would call this mounted — it is not. All seven exports were traced individually across the 1,529 reachable modules with the owning barrels excluded: `buildPostSelectMenu`, `buildPostsMenu`, `buildCreatorsMenu`, `buildTimeframeMenu`, `buildContentFilterMenu`, `FEED_MENU_WIDTH` and `feedMenuSize` each have **0** reachable callers. The only callers are `menus/socialRowMenus.tsx` (unreachable) and `profile/CreatorTokensTab.tsx` (unreachable). No menu it describes is ever built. The Figma half of this row was already matched by an earlier pass; the missing half is a mount site, which is a wiring decision, not a CSS change. PRIOR: MEASURED 2026-08-26 — the FRAME half only, and that half PASSES: 10256-135335 is 250x206, which is exactly what FEED_MENU_WIDTH.postSelect.desktop records. The 1440/768/375 triples I re-read live all match the code tables (post-select/posts/creators 250/220/200, time 140/120/120, main 200/180/160, row-menus 250/220/200). ★ But the module has NO consumer: FEED_MENU_WIDTH, feedMenuSize and all five build*Menu functions are imported ONLY by their own figma test and by the barrel, and SocialMenu.tsx has no JSX mount site outside socialRowMenus / CreatorTokensTab / SocialTridotsMenu — all themselves orphaned. So the width is measured against a panel that never renders. Cannot be `done`: there is no DOM side.
dropdown-main [10302-184717]	partial	src/components/social/feed/feedMenus.ts	/social	BLOCKED — NEVER RENDERS, so there is no DOM side to measure at any width and `done` is not available. ⚠ RE-VERIFIED 2026-08-26 with an IMPORT-GRAPH reachability walk, NOT the `<Component` grep the wave brief handed out — that grep is broken in both directions (it misses multi-line JSX and catches type positions). Method: resolve every static / type / dynamic / re-export specifier from `src/App.tsx` + `src/main.tsx` (1,529 modules reachable), then look for a real JSX site of the component in a REACHABLE file, with type positions filtered out. Detector validated against five known-mounted controls FIRST — `Layout` (82 live sites), `SocialFeed` (App.tsx:1900), `TradingGroups` (App.tsx:1888/1891), `GroupsSearchTable` (TradingGroups.tsx:905), `StreamChat` (Streaming.tsx:1510) — and it finds multi-line JSX (`FollowersModal` at UserProfile.tsx:1830 is multi-line and was found). ZERO rows in this lane flipped when the detector was rebuilt; the verdict below is what the graph says, not what the bad grep said. GRAPH RESULT: the MODULE is reachable (the `feed/index.ts` barrel re-exports it and `SocialFeed.tsx` imports that barrel), so a naive file-reachability check would call this mounted — it is not. All seven exports were traced individually across the 1,529 reachable modules with the owning barrels excluded: `buildPostSelectMenu`, `buildPostsMenu`, `buildCreatorsMenu`, `buildTimeframeMenu`, `buildContentFilterMenu`, `FEED_MENU_WIDTH` and `feedMenuSize` each have **0** reachable callers. The only callers are `menus/socialRowMenus.tsx` (unreachable) and `profile/CreatorTokensTab.tsx` (unreachable). No menu it describes is ever built. The Figma half of this row was already matched by an earlier pass; the missing half is a mount site, which is a wiring decision, not a CSS change. PRIOR: MEASURED 2026-08-26 — the FRAME half only, and that half PASSES: 10302-184717 is 200x122, which is exactly what FEED_MENU_WIDTH.main.desktop records. The 1440/768/375 triples I re-read live all match the code tables (post-select/posts/creators 250/220/200, time 140/120/120, main 200/180/160, row-menus 250/220/200). ★ But the module has NO consumer: FEED_MENU_WIDTH, feedMenuSize and all five build*Menu functions are imported ONLY by their own figma test and by the barrel, and SocialMenu.tsx has no JSX mount site outside socialRowMenus / CreatorTokensTab / SocialTridotsMenu — all themselves orphaned. So the width is measured against a panel that never renders. Cannot be `done`: there is no DOM side.
dropdown-time [10302-184748]	partial	src/components/social/feed/feedMenus.ts	/social	BLOCKED — NEVER RENDERS, so there is no DOM side to measure at any width and `done` is not available. ⚠ RE-VERIFIED 2026-08-26 with an IMPORT-GRAPH reachability walk, NOT the `<Component` grep the wave brief handed out — that grep is broken in both directions (it misses multi-line JSX and catches type positions). Method: resolve every static / type / dynamic / re-export specifier from `src/App.tsx` + `src/main.tsx` (1,529 modules reachable), then look for a real JSX site of the component in a REACHABLE file, with type positions filtered out. Detector validated against five known-mounted controls FIRST — `Layout` (82 live sites), `SocialFeed` (App.tsx:1900), `TradingGroups` (App.tsx:1888/1891), `GroupsSearchTable` (TradingGroups.tsx:905), `StreamChat` (Streaming.tsx:1510) — and it finds multi-line JSX (`FollowersModal` at UserProfile.tsx:1830 is multi-line and was found). ZERO rows in this lane flipped when the detector was rebuilt; the verdict below is what the graph says, not what the bad grep said. GRAPH RESULT: the MODULE is reachable (the `feed/index.ts` barrel re-exports it and `SocialFeed.tsx` imports that barrel), so a naive file-reachability check would call this mounted — it is not. All seven exports were traced individually across the 1,529 reachable modules with the owning barrels excluded: `buildPostSelectMenu`, `buildPostsMenu`, `buildCreatorsMenu`, `buildTimeframeMenu`, `buildContentFilterMenu`, `FEED_MENU_WIDTH` and `feedMenuSize` each have **0** reachable callers. The only callers are `menus/socialRowMenus.tsx` (unreachable) and `profile/CreatorTokensTab.tsx` (unreachable). No menu it describes is ever built. The Figma half of this row was already matched by an earlier pass; the missing half is a mount site, which is a wiring decision, not a CSS change. PRIOR: MEASURED 2026-08-26 — the FRAME half only, and that half PASSES: 10302-184748 is 140x236, which is exactly what FEED_MENU_WIDTH.time.desktop records. The 1440/768/375 triples I re-read live all match the code tables (post-select/posts/creators 250/220/200, time 140/120/120, main 200/180/160, row-menus 250/220/200). ★ But the module has NO consumer: FEED_MENU_WIDTH, feedMenuSize and all five build*Menu functions are imported ONLY by their own figma test and by the barrel, and SocialMenu.tsx has no JSX mount site outside socialRowMenus / CreatorTokensTab / SocialTridotsMenu — all themselves orphaned. So the width is measured against a panel that never renders. Cannot be `done`: there is no DOM side.
Caption - empty [10324-198967]	partial	src/components/social/SocialModal.tsx	/social	NOT MEASURED. Mounted and reachable in code, but no geometry / type ramp / colour was read off this node and compared against the shipped classes. Note that /trading-groups, /streaming, /:username and /messages all render a wallet-connect arm on the dev server (measured 2026-08-26), so the practical evidence standard in this section is node-data vs the component's class literals — which is what the four `done` rows in this file used — not a browser measurement. PRIOR: 564x768 empty-caption state of the same modal. Cited in SocialModal.tsx.
Caption - upload - AI generated [10327-199048]	partial	src/components/social/SocialModal.tsx	/social	NOT MEASURED. Mounted and reachable in code, but no geometry / type ramp / colour was read off this node and compared against the shipped classes. Note that /trading-groups, /streaming, /:username and /messages all render a wallet-connect arm on the dev server (measured 2026-08-26), so the practical evidence standard in this section is node-data vs the component's class literals — which is what the four `done` rows in this file used — not a browser measurement. PRIOR: 564x486 caption state of the prepare-story modal. Cited in SocialModal.tsx. Inert for the same reason as its parent frame 10324-107730 (no story entity), but the shell is built.
Social > create post > empty [10328-215524]	partial	src/components/social/feed/ComposePostDialog.tsx	/social	NOT MEASURED. Mounted and reachable in code, but no geometry / type ramp / colour was read off this node and compared against the shipped classes. Note that /trading-groups, /streaming, /:username and /messages all render a wallet-connect arm on the dev server (measured 2026-08-26), so the practical evidence standard in this section is node-data vs the component's class literals — which is what the four `done` rows in this file used — not a browser measurement. PRIOR: node 10328-215524. Empty composer state — placeholder present, Post dimmed, no token selector. Now reachable.
Social > create post [10335-233638]	partial	src/components/social/feed/ComposePostDialog.tsx	/social	NOT MEASURED. Mounted and reachable in code, but no geometry / type ramp / colour was read off this node and compared against the shipped classes. Note that /trading-groups, /streaming, /:username and /messages all render a wallet-connect arm on the dev server (measured 2026-08-26), so the practical evidence standard in this section is node-data vs the component's class literals — which is what the four `done` rows in this file used — not a browser measurement. PRIOR: node 10335-233638. Composer is now reachable — mounted from SocialFeed.tsx with a 500-char counter and Cmd/Ctrl+Enter submit. WIRED THIS LANE: the token selector pill the frame draws now has a source (getTokenByCreator, the viewer's own launched token), so it appears for creators who have one and stays hidden otherwise, matching the empty frame.
Social > create post > drafts [10335-235331]	partial	src/components/social/feed/DraftsDialog.tsx	/social	NOT MEASURED. Mounted and reachable in code, but no geometry / type ramp / colour was read off this node and compared against the shipped classes. Note that /trading-groups, /streaming, /:username and /messages all render a wallet-connect arm on the dev server (measured 2026-08-26), so the practical evidence standard in this section is node-data vs the component's class literals — which is what the four `done` rows in this file used — not a browser measurement. PRIOR: node 10335-235331. Drafts list NOW EXISTS (DraftsDialog.tsx plus postDrafts.ts persistence) and is mounted from SocialFeed.tsx, reachable from the composer's Drafts link. Closing the composer with unsent text saves a draft.
Social > create post > drafts [10335-236189]	partial	src/components/social/feed/DraftsDialog.tsx	/social	NOT MEASURED. Mounted and reachable in code, but no geometry / type ramp / colour was read off this node and compared against the shipped classes. Note that /trading-groups, /streaming, /:username and /messages all render a wallet-connect arm on the dev server (measured 2026-08-26), so the practical evidence standard in this section is node-data vs the component's class literals — which is what the four `done` rows in this file used — not a browser measurement. PRIOR: node 10335-236189. Drafts multi-select. DraftsDialog implements selectMode with per-row checkboxes and delete, and is now reachable.
Social > Messages - empty (375) [11341-88224]	partial	src/pages/social/messages/ConversationList.tsx	/messages	ROUTE NEVER PAINTS — cannot be measured, and this is the honest blocker, not an omission. Measured in the browser against the running dev server at 1440x900 on 2026-08-26: `http://localhost:8080/messages` renders 20 `[role="status"]` spinners and the sr-only string "Connecting wallet", never the surface. `Messages.tsx` returns that arm on `!account?.address` and `account` is thirdweb's `useActiveAccount()` (`useMessages.ts:86`); the dev environment has no mock for it (`VITE_DEV_ADMIN_BYPASS` grants ADMIN, not a wallet), so there is no DOM side to compare a Messages frame against. The component IS mounted in code — this is a runtime gate, not a wiring gap — so the fix is a way to reach the route, not a change to this file. PRIOR: MEASURED 2026-08-26 and the prior `done` FAILS on two counts. (1) Its own recorded number is wrong: it says headline "No messages yet" is 18px; node 11341:88269 is fontSize **14**, lineHeight 18 — 18 is the LEADING, transcribed as the size. Block 11341:88266 343x106, glyph 11341:88267 40x40, sentence 11341:88270 343x28 12/14 #95a09f are all confirmed. (2) The code renders the SHARED @skai/ui `EmptyState size="sm"`, which is text-sm (14/**20**) + text-xs (12/**16**) and wraps the icon in `rounded-full bg-muted p-4` — a 32px glyph inside a 64px filled circle where the frame draws a bare 40px glyph and no circle. Line-heights and the icon treatment therefore diverge. NOT FIXED: empty-state.tsx is a shared primitive used across the whole app; changing its sm ramp is a design-system call, not a social-lane edit. ⚠️ ALSO UNMEASURABLE IN THE DOM — see 5153-206244.
Social > Messages (375) [11341-88388]	partial	src/pages/social/messages/ConversationList.tsx	/messages	ROUTE NEVER PAINTS — cannot be measured, and this is the honest blocker, not an omission. Measured in the browser against the running dev server at 1440x900 on 2026-08-26: `http://localhost:8080/messages` renders 20 `[role="status"]` spinners and the sr-only string "Connecting wallet", never the surface. `Messages.tsx` returns that arm on `!account?.address` and `account` is thirdweb's `useActiveAccount()` (`useMessages.ts:86`); the dev environment has no mock for it (`VITE_DEV_ADMIN_BYPASS` grants ADMIN, not a wallet), so there is no DOM side to compare a Messages frame against. The component IS mounted in code — this is a runtime gate, not a wiring gap — so the fix is a way to reach the route, not a change to this file. PRIOR: FRAME HALF RE-MEASURED 2026-08-26 and CONFIRMED: `Frame 337` = 11341:88399, 343x36, two children — Frame 450 (title) 196x22 at x=0 and a 147x36 control group (Frame 786) at x=196. ★ But the prior row recorded a KNOWN DIVERGENCE and still wrote `done`: it says the code renders pill / minimize / requests where the frame draws pill / message / minimize, and calls it "ordering drift only". A divergence you have identified is the definition of `partial` under the tightened rule — `done` is for parity, not for a difference you decided was small. Frame geometry 375x882 (taller than its own "1VH" title) also confirmed. DOM never rendered: see the /messages note.
Social > Messages > Sample Conversation (375) [11365-21892]	partial	src/pages/social/messages/MessageThread.tsx	/messages/:conversationId	ROUTE NEVER PAINTS — cannot be measured, and this is the honest blocker, not an omission. Measured in the browser against the running dev server at 1440x900 on 2026-08-26: `http://localhost:8080/messages` renders 20 `[role="status"]` spinners and the sr-only string "Connecting wallet", never the surface. `Messages.tsx` returns that arm on `!account?.address` and `account` is thirdweb's `useActiveAccount()` (`useMessages.ts:86`); the dev environment has no mock for it (`VITE_DEV_ADMIN_BYPASS` grants ADMIN, not a wallet), so there is no DOM side to compare a Messages frame against. The component IS mounted in code — this is a runtime gate, not a wiring gap — so the fix is a way to reach the route, not a change to this file. PRIOR: 375x812 thread filling the frame, no list beside it. This is one of the four frames the messagesSplitPoint suite already cites as its oracle for the lg (1024) split point. Enforced by test.
Social > Messages - Sample conversation (375) [11365-22320]	partial	src/pages/social/messages/MessageThread.tsx	/messages/:conversationId	ROUTE NEVER PAINTS — cannot be measured, and this is the honest blocker, not an omission. Measured in the browser against the running dev server at 1440x900 on 2026-08-26: `http://localhost:8080/messages` renders 20 `[role="status"]` spinners and the sr-only string "Connecting wallet", never the surface. `Messages.tsx` returns that arm on `!account?.address` and `account` is thirdweb's `useActiveAccount()` (`useMessages.ts:86`); the dev environment has no mock for it (`VITE_DEV_ADMIN_BYPASS` grants ADMIN, not a wallet), so there is no DOM side to compare a Messages frame against. The component IS mounted in code — this is a runtime gate, not a wiring gap — so the fix is a way to reach the route, not a change to this file. PRIOR: 375x1644 full-scroll cut of the thread. Composer Input is 76 tall here (Frame 464 at 359x60) against 64 in the plain thread frames — the taller box is the reply-preview state. Cited by messagesSplitPoint and ConversationHeader.responsive.
Social > Messages (375) [11367-22805]	partial	src/pages/social/messages/ConversationList.tsx	/messages	ROUTE NEVER PAINTS — cannot be measured, and this is the honest blocker, not an omission. Measured in the browser against the running dev server at 1440x900 on 2026-08-26: `http://localhost:8080/messages` renders 20 `[role="status"]` spinners and the sr-only string "Connecting wallet", never the surface. `Messages.tsx` returns that arm on `!account?.address` and `account` is thirdweb's `useActiveAccount()` (`useMessages.ts:86`); the dev environment has no mock for it (`VITE_DEV_ADMIN_BYPASS` grants ADMIN, not a wallet), so there is no DOM side to compare a Messages frame against. The component IS mounted in code — this is a runtime gate, not a wiring gap — so the fix is a way to reach the route, not a change to this file. PRIOR: 375x812 viewport crop of 11341-88388, same Frame 285 343x636 body. Not a distinct state — recorded so the pair is not mistaken for two screens.
Social > Messages > Sample Conversation (375) [11368-23343]	partial	src/pages/social/messages/ConversationHeader.tsx	/messages/:conversationId	ROUTE NEVER PAINTS — cannot be measured, and this is the honest blocker, not an omission. Measured in the browser against the running dev server at 1440x900 on 2026-08-26: `http://localhost:8080/messages` renders 20 `[role="status"]` spinners and the sr-only string "Connecting wallet", never the surface. `Messages.tsx` returns that arm on `!account?.address` and `account` is thirdweb's `useActiveAccount()` (`useMessages.ts:86`); the dev environment has no mock for it (`VITE_DEV_ADMIN_BYPASS` grants ADMIN, not a wallet), so there is no DOM side to compare a Messages frame against. The component IS mounted in code — this is a runtime gate, not a wiring gap — so the fix is a way to reach the route, not a change to this file. PRIOR: 375x812 thread with a 64-tall composer. Already cited in ConversationHeader.tsx itself as the source of the back-to-list button's lg:hidden.
Social > Messages > multi-select / profile (375) [11369-24298]	partial	src/pages/social/messages/MessageDialogs.tsx	/messages/:conversationId	ROUTE NEVER PAINTS — cannot be measured, and this is the honest blocker, not an omission. Measured in the browser against the running dev server at 1440x900 on 2026-08-26: `http://localhost:8080/messages` renders 20 `[role="status"]` spinners and the sr-only string "Connecting wallet", never the surface. `Messages.tsx` returns that arm on `!account?.address` and `account` is thirdweb's `useActiveAccount()` (`useMessages.ts:86`); the dev environment has no mock for it (`VITE_DEV_ADMIN_BYPASS` grants ADMIN, not a wallet), so there is no DOM side to compare a Messages frame against. The component IS mounted in code — this is a runtime gate, not a wiring gap — so the fix is a way to reach the route, not a change to this file. ⚠ CODE PATH IN THIS ROW IS WRONG: `src/components/messages/MessageDialogs.tsx` does not exist. The real file is `src/pages/social/messages/MessageDialogs.tsx` (39KB), lazy-imported by `Messages.tsx`. PRIOR: ★ NARROWS A STANDING DEFECT. At 375 the profile half is an Overlay 375x812 containing a CENTERED modal 354x464 — not the side panel the 1440 frame (5160-207895) draws. The code renders a centered Dialog at every width, so at THIS width it matches the frame exactly. The recorded "should be a side panel" gap is therefore desktop-only, not universal, which materially shrinks it. ★ CORRECTED 2026-08-31 (impl-pointer sweep, main HEAD ea9ae07): the impl pointer named src/components/messages/MessageDialogs.tsx, which is not on disk. The file MOVED rather than being deleted: src/pages/social/messages/MessageDialogs.tsx exists, is exported from src/pages/social/messages/index.ts, and is exercised by src/pages/social/messages/__tests__/messagesRestyle.figma.test.tsx. Pointer re-homed; the verdict and every measurement below are untouched, because a move does not change what was measured - only where to look for it. DEPTH: filesystem existence plus a filename search across src/ and modules/ (excluding node_modules); no code was read.
Social > Messages - scroll effect (375) [11373-22600]	partial	src/pages/social/messages/MessageThread.tsx	/messages/:conversationId	ROUTE NEVER PAINTS — cannot be measured, and this is the honest blocker, not an omission. Measured in the browser against the running dev server at 1440x900 on 2026-08-26: `http://localhost:8080/messages` renders 20 `[role="status"]` spinners and the sr-only string "Connecting wallet", never the surface. `Messages.tsx` returns that arm on `!account?.address` and `account` is thirdweb's `useActiveAccount()` (`useMessages.ts:86`); the dev environment has no mock for it (`VITE_DEV_ADMIN_BYPASS` grants ADMIN, not a wallet), so there is no DOM side to compare a Messages frame against. The component IS mounted in code — this is a runtime gate, not a wiring gap — so the fix is a way to reach the route, not a change to this file. PRIOR: 375x812 mid-scroll thread, 76-tall composer. Load-older, archived pagination and the new-message jump banner all exist in MessageThread.
Social > Messages > Dropdown options (375) [11373-23253]	partial	src/pages/social/messages/ConversationList.tsx	/messages	ROUTE NEVER PAINTS — cannot be measured, and this is the honest blocker, not an omission. Measured in the browser against the running dev server at 1440x900 on 2026-08-26: `http://localhost:8080/messages` renders 20 `[role="status"]` spinners and the sr-only string "Connecting wallet", never the surface. `Messages.tsx` returns that arm on `!account?.address` and `account` is thirdweb's `useActiveAccount()` (`useMessages.ts:86`); the dev environment has no mock for it (`VITE_DEV_ADMIN_BYPASS` grants ADMIN, not a wallet), so there is no DOM side to compare a Messages frame against. The component IS mounted in code — this is a runtime gate, not a wiring gap — so the fix is a way to reach the route, not a change to this file. PRIOR: ★ TITLE IS WRONG — the 1440 frame under this name (5162-265801) is the PER-MESSAGE options menu; this 375 frame's dropdown 150x258 draws All messages / Unread / Personal / Groups / Requests / Settings / rule / Mark all as read, which is the CONVERSATION-LIST FILTER menu. Verified item for item against ConversationList.tsx:223-262: all seven present, in that order, with the separator in the same pl
Social > Messages > Groups (375) [11380-23801]	partial	src/pages/social/messages/ConversationList.tsx	/messages	ROUTE NEVER PAINTS — cannot be measured, and this is the honest blocker, not an omission. Measured in the browser against the running dev server at 1440x900 on 2026-08-26: `http://localhost:8080/messages` renders 20 `[role="status"]` spinners and the sr-only string "Connecting wallet", never the surface. `Messages.tsx` returns that arm on `!account?.address` and `account` is thirdweb's `useActiveAccount()` (`useMessages.ts:86`); the dev environment has no mock for it (`VITE_DEV_ADMIN_BYPASS` grants ADMIN, not a wallet), so there is no DOM side to compare a Messages frame against. The component IS mounted in code — this is a runtime gate, not a wiring gap — so the fix is a way to reach the route, not a change to this file. PRIOR: 375x812 list filtered to Groups. The filter exists — ConversationList.tsx:207-263 with conversationFilter.ts:47 behind it — and this frame is the 375 redraw of 5164-266951.
dropdown - right click [11380-24252]	partial	src/components/social/SocialMenu.tsx	/messages/:conversationId	BLOCKED — NEVER RENDERS, so there is no DOM side to measure at any width and `done` is not available. ⚠ RE-VERIFIED 2026-08-26 with an IMPORT-GRAPH reachability walk, NOT the `<Component` grep the wave brief handed out — that grep is broken in both directions (it misses multi-line JSX and catches type positions). Method: resolve every static / type / dynamic / re-export specifier from `src/App.tsx` + `src/main.tsx` (1,529 modules reachable), then look for a real JSX site of the component in a REACHABLE file, with type positions filtered out. Detector validated against five known-mounted controls FIRST — `Layout` (82 live sites), `SocialFeed` (App.tsx:1900), `TradingGroups` (App.tsx:1888/1891), `GroupsSearchTable` (TradingGroups.tsx:905), `StreamChat` (Streaming.tsx:1510) — and it finds multi-line JSX (`FollowersModal` at UserProfile.tsx:1830 is multi-line and was found). ZERO rows in this lane flipped when the detector was rebuilt; the verdict below is what the graph says, not what the bad grep said. GRAPH RESULT: the file IS in the bundle (reached via `src/components/social/index.ts`) but has exactly ONE JSX site in a reachable file — `SocialTridotsMenu.tsx:467` — and SocialTridotsMenu itself has ZERO JSX sites anywhere in non-test `src/`. Its other JSX site, `profile/CreatorTokensTab.tsx:361`, sits in a file the graph never reaches. So the module ships and the component never renders: a chain, not a missing import. The Figma half of this row was already matched by an earlier pass; the missing half is a mount site, which is a wiring decision, not a CSS change. PRIOR: NOT MEASURABLE. src/components/social/SocialMenu.tsx has ZERO JSX mount sites outside its own orphan cluster (swept 2026-08-26: every `<Component` occurrence in a non-test .tsx), so nothing renders at any width and there is no DOM to compare. The prior `done` rested on "cited in <file>", which is a citation, not a measurement.
Social > Messages - empty 1VH (768) [11381-26299]	partial	src/pages/social/Messages.tsx	/messages	ROUTE NEVER PAINTS — cannot be measured, and this is the honest blocker, not an omission. Measured in the browser against the running dev server at 1440x900 on 2026-08-26: `http://localhost:8080/messages` renders 20 `[role="status"]` spinners and the sr-only string "Connecting wallet", never the surface. `Messages.tsx` returns that arm on `!account?.address` and `account` is thirdweb's `useActiveAccount()` (`useMessages.ts:86`); the dev environment has no mock for it (`VITE_DEV_ADMIN_BYPASS` grants ADMIN, not a wallet), so there is no DOM side to compare a Messages frame against. The component IS mounted in code — this is a runtime gate, not a wiring gap — so the fix is a way to reach the route, not a change to this file. PRIOR: NOT MEASURED before; MEASURED NOW on the frame side, and it carries the same correction as 11341-86042. Block `middle` 11381:26445 = 343x**111** (the 375 twin 11341:88266 is 343x106), glyph 40x40, headline "No messages yet" 14/18 #ffffff, sentence 12/**16** #95a09f (375 draws 12/**14**). ★ The prior row's substantive point stands and is valuable: this is NOT a duplicate of 11341-86042 and does NOT carry the encryption pill — two distinct 768 empty states, one defective. It is downgraded only because the DOM half is unobtainable (/messages never paints past "Connecting wallet") and because the code carries the 375 ramp here.
Social > Messages 1VH (768) [11381-26920]	partial	src/pages/social/Messages.tsx	/messages	ROUTE NEVER PAINTS — cannot be measured, and this is the honest blocker, not an omission. Measured in the browser against the running dev server at 1440x900 on 2026-08-26: `http://localhost:8080/messages` renders 20 `[role="status"]` spinners and the sr-only string "Connecting wallet", never the surface. `Messages.tsx` returns that arm on `!account?.address` and `account` is thirdweb's `useActiveAccount()` (`useMessages.ts:86`); the dev environment has no mock for it (`VITE_DEV_ADMIN_BYPASS` grants ADMIN, not a wallet), so there is no DOM side to compare a Messages frame against. The component IS mounted in code — this is a runtime gate, not a wiring gap — so the fix is a way to reach the route, not a change to this file. PRIOR: node 11381-26920.
Social > Messages (768) [11385-27529]	partial	src/pages/social/Messages.tsx	/messages	ROUTE NEVER PAINTS — cannot be measured, and this is the honest blocker, not an omission. Measured in the browser against the running dev server at 1440x900 on 2026-08-26: `http://localhost:8080/messages` renders 20 `[role="status"]` spinners and the sr-only string "Connecting wallet", never the surface. `Messages.tsx` returns that arm on `!account?.address` and `account` is thirdweb's `useActiveAccount()` (`useMessages.ts:86`); the dev environment has no mock for it (`VITE_DEV_ADMIN_BYPASS` grants ADMIN, not a wallet), so there is no DOM side to compare a Messages frame against. The component IS mounted in code — this is a runtime gate, not a wiring gap — so the fix is a way to reach the route, not a change to this file. PRIOR: node 11385-27529 (768x1124).
Social > Messages > Sample Conversation 1VH (768) [11385-27845]	partial	src/pages/social/messages/MessageThread.tsx	/messages/:conversationId	ROUTE NEVER PAINTS — cannot be measured, and this is the honest blocker, not an omission. Measured in the browser against the running dev server at 1440x900 on 2026-08-26: `http://localhost:8080/messages` renders 20 `[role="status"]` spinners and the sr-only string "Connecting wallet", never the surface. `Messages.tsx` returns that arm on `!account?.address` and `account` is thirdweb's `useActiveAccount()` (`useMessages.ts:86`); the dev environment has no mock for it (`VITE_DEV_ADMIN_BYPASS` grants ADMIN, not a wallet), so there is no DOM side to compare a Messages frame against. The component IS mounted in code — this is a runtime gate, not a wiring gap — so the fix is a way to reach the route, not a change to this file. PRIOR: node 11385-27845. One of the three frames Rule 1 cites for the single-pane 768 layout.
Social > Messages - Sample conversation (768) [11385-28161]	partial	src/pages/social/messages/MessageThread.tsx	/messages/:conversationId	ROUTE NEVER PAINTS — cannot be measured, and this is the honest blocker, not an omission. Measured in the browser against the running dev server at 1440x900 on 2026-08-26: `http://localhost:8080/messages` renders 20 `[role="status"]` spinners and the sr-only string "Connecting wallet", never the surface. `Messages.tsx` returns that arm on `!account?.address` and `account` is thirdweb's `useActiveAccount()` (`useMessages.ts:86`); the dev environment has no mock for it (`VITE_DEV_ADMIN_BYPASS` grants ADMIN, not a wallet), so there is no DOM side to compare a Messages frame against. The component IS mounted in code — this is a runtime gate, not a wiring gap — so the fix is a way to reach the route, not a change to this file. PRIOR: node 11385-28161 (768x1750).
Social > Messages > Sample Conversation - scroll effect 1VH (768) [11387-28789]	partial	src/pages/social/messages/MessageThread.tsx	/messages/:conversationId	ROUTE NEVER PAINTS — cannot be measured, and this is the honest blocker, not an omission. Measured in the browser against the running dev server at 1440x900 on 2026-08-26: `http://localhost:8080/messages` renders 20 `[role="status"]` spinners and the sr-only string "Connecting wallet", never the surface. `Messages.tsx` returns that arm on `!account?.address` and `account` is thirdweb's `useActiveAccount()` (`useMessages.ts:86`); the dev environment has no mock for it (`VITE_DEV_ADMIN_BYPASS` grants ADMIN, not a wallet), so there is no DOM side to compare a Messages frame against. The component IS mounted in code — this is a runtime gate, not a wiring gap — so the fix is a way to reach the route, not a change to this file. PRIOR: node 11387-28789. Named in socialResponsiveContract.test.ts Rule 1 as one of the three 768 redraws that draw ONE pane.
Social > Messages > Sample Conversation 1VH (768) [11387-29051]	partial	src/pages/social/messages/MessageThread.tsx	/messages/:conversationId	ROUTE NEVER PAINTS — cannot be measured, and this is the honest blocker, not an omission. Measured in the browser against the running dev server at 1440x900 on 2026-08-26: `http://localhost:8080/messages` renders 20 `[role="status"]` spinners and the sr-only string "Connecting wallet", never the surface. `Messages.tsx` returns that arm on `!account?.address` and `account` is thirdweb's `useActiveAccount()` (`useMessages.ts:86`); the dev environment has no mock for it (`VITE_DEV_ADMIN_BYPASS` grants ADMIN, not a wallet), so there is no DOM side to compare a Messages frame against. The component IS mounted in code — this is a runtime gate, not a wiring gap — so the fix is a way to reach the route, not a change to this file. PRIOR: node 11387-29051. Second 1VH cut, not visually diffed against 11385-27845 this lane.
Social > Messages > Sample Conversation > Groups 1VH (768) [11387-72789]	partial	src/pages/social/messages/ConversationList.tsx	/messages	ROUTE NEVER PAINTS — cannot be measured, and this is the honest blocker, not an omission. Measured in the browser against the running dev server at 1440x900 on 2026-08-26: `http://localhost:8080/messages` renders 20 `[role="status"]` spinners and the sr-only string "Connecting wallet", never the surface. `Messages.tsx` returns that arm on `!account?.address` and `account` is thirdweb's `useActiveAccount()` (`useMessages.ts:86`); the dev environment has no mock for it (`VITE_DEV_ADMIN_BYPASS` grants ADMIN, not a wallet), so there is no DOM side to compare a Messages frame against. The component IS mounted in code — this is a runtime gate, not a wiring gap — so the fix is a way to reach the route, not a change to this file. PRIOR: node 11387-72789. All/Unread/Personal/Groups filter at ConversationList.tsx:207-263, backed by conversationFilter.ts:47. Distinct from the user-created folder chips at :333-359.
Social > Messages > Message requests 1VH (768) [11387-73334]	partial	src/components/messaging/MessageRequestsSurface.tsx	/messages	ROUTE NEVER PAINTS — cannot be measured, and this is the honest blocker, not an omission. Measured in the browser against the running dev server at 1440x900 on 2026-08-26: `http://localhost:8080/messages` renders 20 `[role="status"]` spinners and the sr-only string "Connecting wallet", never the surface. `Messages.tsx` returns that arm on `!account?.address` and `account` is thirdweb's `useActiveAccount()` (`useMessages.ts:86`); the dev environment has no mock for it (`VITE_DEV_ADMIN_BYPASS` grants ADMIN, not a wallet), so there is no DOM side to compare a Messages frame against. The component IS mounted in code — this is a runtime gate, not a wiring gap — so the fix is a way to reach the route, not a change to this file. PRIOR: node 11387-73334. Accept and Delete wired; Block renders explicitly disabled because no block writer exists.
dropdown - right click [11387-73530]	partial	src/components/social/SocialMenu.tsx	/messages/:conversationId	BLOCKED — NEVER RENDERS, so there is no DOM side to measure at any width and `done` is not available. ⚠ RE-VERIFIED 2026-08-26 with an IMPORT-GRAPH reachability walk, NOT the `<Component` grep the wave brief handed out — that grep is broken in both directions (it misses multi-line JSX and catches type positions). Method: resolve every static / type / dynamic / re-export specifier from `src/App.tsx` + `src/main.tsx` (1,529 modules reachable), then look for a real JSX site of the component in a REACHABLE file, with type positions filtered out. Detector validated against five known-mounted controls FIRST — `Layout` (82 live sites), `SocialFeed` (App.tsx:1900), `TradingGroups` (App.tsx:1888/1891), `GroupsSearchTable` (TradingGroups.tsx:905), `StreamChat` (Streaming.tsx:1510) — and it finds multi-line JSX (`FollowersModal` at UserProfile.tsx:1830 is multi-line and was found). ZERO rows in this lane flipped when the detector was rebuilt; the verdict below is what the graph says, not what the bad grep said. GRAPH RESULT: the file IS in the bundle (reached via `src/components/social/index.ts`) but has exactly ONE JSX site in a reachable file — `SocialTridotsMenu.tsx:467` — and SocialTridotsMenu itself has ZERO JSX sites anywhere in non-test `src/`. Its other JSX site, `profile/CreatorTokensTab.tsx:361`, sits in a file the graph never reaches. So the module ships and the component never renders: a chain, not a missing import. The Figma half of this row was already matched by an earlier pass; the missing half is a mount site, which is a wiring decision, not a CSS change. PRIOR: NOT MEASURABLE. src/components/social/SocialMenu.tsx has ZERO JSX mount sites outside its own orphan cluster (swept 2026-08-26: every `<Component` occurrence in a non-test .tsx), so nothing renders at any width and there is no DOM to compare. The prior `done` rested on "cited in <file>", which is a citation, not a measurement.
Social > Messages > Chat settings 1VH (768) [11387-73630]	partial	src/components/messages/MessagingSettingsSheet.tsx	/messages/:conversationId	ROUTE NEVER PAINTS — cannot be measured, and this is the honest blocker, not an omission. Measured in the browser against the running dev server at 1440x900 on 2026-08-26: `http://localhost:8080/messages` renders 20 `[role="status"]` spinners and the sr-only string "Connecting wallet", never the surface. `Messages.tsx` returns that arm on `!account?.address` and `account` is thirdweb's `useActiveAccount()` (`useMessages.ts:86`); the dev environment has no mock for it (`VITE_DEV_ADMIN_BYPASS` grants ADMIN, not a wallet), so there is no DOM side to compare a Messages frame against. The component IS mounted in code — this is a runtime gate, not a wiring gap — so the fix is a way to reach the route, not a change to this file. PRIOR: node 11387-73630.
Social > Messages > Message requests > Sample message 1VH (768) [11387-74043]	partial	src/components/messaging/MessageRequestsSurface.tsx	/messages	ROUTE NEVER PAINTS — cannot be measured, and this is the honest blocker, not an omission. Measured in the browser against the running dev server at 1440x900 on 2026-08-26: `http://localhost:8080/messages` renders 20 `[role="status"]` spinners and the sr-only string "Connecting wallet", never the surface. `Messages.tsx` returns that arm on `!account?.address` and `account` is thirdweb's `useActiveAccount()` (`useMessages.ts:86`); the dev environment has no mock for it (`VITE_DEV_ADMIN_BYPASS` grants ADMIN, not a wallet), so there is no DOM side to compare a Messages frame against. The component IS mounted in code — this is a runtime gate, not a wiring gap — so the fix is a way to reach the route, not a change to this file. PRIOR: node 11387-74043. List-plus-detail surface mounted at MessageDialogs.tsx:144-161.
Social > Groups - search (375) [11396-76652]	done	src/pages/social/groups/GroupsSearchTable.tsx	/trading-groups	MEASURED 2026-08-26 at 375 against node `11396:76652`, FAILED, then FIXED this lane. PAGE CHROME — headline `11396:76666` **20/24** Light; subhead `11396:76667` 14/16; search placeholder `I11396:76705;976:701` 14/16; tab pill `I11396:76713;801:996` 14/**16** (a step tighter than 768's 14/18); tab row `Frame 299` `11396:76708` 343x54 inset **12**, where the code shipped `px-4` at every width; filter chip `11396:76719` **32** tall (34 at the two wider frames). COLLAPSIBLE LIST ROW — group name `11396:76730` 12/**14**; member sub-line `11396:76736` 10/14 accent; type pill `I11396:76732;786:162` **10**/14; RowField label `11396:76742` 12/14 and value `11396:76743` 12/14. All five now come off `ROW_TYPE_RAMP["collapsible-list"]`, which is a DIFFERENT ramp from 768's — the previous single ramp could not express that. Same deliberately-unbuilt items and app-wide token differences as `5198-47891`.
Social > Groups > View group > Adjust settings (375) [11398-84777]	partial	src/components/social/GroupFormSheet.tsx	/trading-groups/:groupId	NOT MEASURED. Mounted and reachable in code, but no geometry / type ramp / colour was read off this node and compared against the shipped classes. Note that /trading-groups, /streaming, /:username and /messages all render a wallet-connect arm on the dev server (measured 2026-08-26), so the practical evidence standard in this section is node-data vs the component's class literals — which is what the four `done` rows in this file used — not a browser measurement. PRIOR: node 11398-84777. Same sheet at 375.
dropdown-members [11398-85189]	partial	src/components/social/SocialMenu.tsx	/trading-groups/:groupId	BLOCKED — NEVER RENDERS, so there is no DOM side to measure at any width and `done` is not available. ⚠ RE-VERIFIED 2026-08-26 with an IMPORT-GRAPH reachability walk, NOT the `<Component` grep the wave brief handed out — that grep is broken in both directions (it misses multi-line JSX and catches type positions). Method: resolve every static / type / dynamic / re-export specifier from `src/App.tsx` + `src/main.tsx` (1,529 modules reachable), then look for a real JSX site of the component in a REACHABLE file, with type positions filtered out. Detector validated against five known-mounted controls FIRST — `Layout` (82 live sites), `SocialFeed` (App.tsx:1900), `TradingGroups` (App.tsx:1888/1891), `GroupsSearchTable` (TradingGroups.tsx:905), `StreamChat` (Streaming.tsx:1510) — and it finds multi-line JSX (`FollowersModal` at UserProfile.tsx:1830 is multi-line and was found). ZERO rows in this lane flipped when the detector was rebuilt; the verdict below is what the graph says, not what the bad grep said. GRAPH RESULT: the file IS in the bundle (reached via `src/components/social/index.ts`) but has exactly ONE JSX site in a reachable file — `SocialTridotsMenu.tsx:467` — and SocialTridotsMenu itself has ZERO JSX sites anywhere in non-test `src/`. Its other JSX site, `profile/CreatorTokensTab.tsx:361`, sits in a file the graph never reaches. So the module ships and the component never renders: a chain, not a missing import. The Figma half of this row was already matched by an earlier pass; the missing half is a mount site, which is a wiring decision, not a CSS change. PRIOR: NOT MEASURABLE. src/components/social/SocialMenu.tsx has ZERO JSX mount sites outside its own orphan cluster (swept 2026-08-26: every `<Component` occurrence in a non-test .tsx), so nothing renders at any width and there is no DOM to compare. The prior `done` rested on "cited in <file>", which is a citation, not a measurement.
dropdown-group filter [11398-85199]	partial	src/components/social/SocialMenu.tsx	/trading-groups	BLOCKED — NEVER RENDERS, so there is no DOM side to measure at any width and `done` is not available. ⚠ RE-VERIFIED 2026-08-26 with an IMPORT-GRAPH reachability walk, NOT the `<Component` grep the wave brief handed out — that grep is broken in both directions (it misses multi-line JSX and catches type positions). Method: resolve every static / type / dynamic / re-export specifier from `src/App.tsx` + `src/main.tsx` (1,529 modules reachable), then look for a real JSX site of the component in a REACHABLE file, with type positions filtered out. Detector validated against five known-mounted controls FIRST — `Layout` (82 live sites), `SocialFeed` (App.tsx:1900), `TradingGroups` (App.tsx:1888/1891), `GroupsSearchTable` (TradingGroups.tsx:905), `StreamChat` (Streaming.tsx:1510) — and it finds multi-line JSX (`FollowersModal` at UserProfile.tsx:1830 is multi-line and was found). ZERO rows in this lane flipped when the detector was rebuilt; the verdict below is what the graph says, not what the bad grep said. GRAPH RESULT: the file IS in the bundle (reached via `src/components/social/index.ts`) but has exactly ONE JSX site in a reachable file — `SocialTridotsMenu.tsx:467` — and SocialTridotsMenu itself has ZERO JSX sites anywhere in non-test `src/`. Its other JSX site, `profile/CreatorTokensTab.tsx:361`, sits in a file the graph never reaches. So the module ships and the component never renders: a chain, not a missing import. The Figma half of this row was already matched by an earlier pass; the missing half is a mount site, which is a wiring decision, not a CSS change. PRIOR: NOT MEASURABLE. src/components/social/SocialMenu.tsx has ZERO JSX mount sites outside its own orphan cluster (swept 2026-08-26: every `<Component` occurrence in a non-test .tsx), so nothing renders at any width and there is no DOM to compare. The prior `done` rested on "cited in <file>", which is a citation, not a measurement.
dropdown - tridots - reply [11398-85209]	partial	src/components/social/SocialMenu.tsx	/trading-groups/:groupId	BLOCKED — NEVER RENDERS, so there is no DOM side to measure at any width and `done` is not available. ⚠ RE-VERIFIED 2026-08-26 with an IMPORT-GRAPH reachability walk, NOT the `<Component` grep the wave brief handed out — that grep is broken in both directions (it misses multi-line JSX and catches type positions). Method: resolve every static / type / dynamic / re-export specifier from `src/App.tsx` + `src/main.tsx` (1,529 modules reachable), then look for a real JSX site of the component in a REACHABLE file, with type positions filtered out. Detector validated against five known-mounted controls FIRST — `Layout` (82 live sites), `SocialFeed` (App.tsx:1900), `TradingGroups` (App.tsx:1888/1891), `GroupsSearchTable` (TradingGroups.tsx:905), `StreamChat` (Streaming.tsx:1510) — and it finds multi-line JSX (`FollowersModal` at UserProfile.tsx:1830 is multi-line and was found). ZERO rows in this lane flipped when the detector was rebuilt; the verdict below is what the graph says, not what the bad grep said. GRAPH RESULT: the file IS in the bundle (reached via `src/components/social/index.ts`) but has exactly ONE JSX site in a reachable file — `SocialTridotsMenu.tsx:467` — and SocialTridotsMenu itself has ZERO JSX sites anywhere in non-test `src/`. Its other JSX site, `profile/CreatorTokensTab.tsx:361`, sits in a file the graph never reaches. So the module ships and the component never renders: a chain, not a missing import. The Figma half of this row was already matched by an earlier pass; the missing half is a mount site, which is a wiring decision, not a CSS change. PRIOR: NOT MEASURABLE. src/components/social/SocialMenu.tsx has ZERO JSX mount sites outside its own orphan cluster (swept 2026-08-26: every `<Component` occurrence in a non-test .tsx), so nothing renders at any width and there is no DOM to compare. The prior `done` rested on "cited in <file>", which is a citation, not a measurement.
Social > Groups - search (768) [11398-85878]	done	src/pages/social/groups/GroupsSearchTable.tsx	/trading-groups	MEASURED 2026-08-26 at 768 against node `11398:85878`, FAILED, then FIXED this lane. PAGE CHROME — headline `11398:85892` 24/**28** Light (the shipped 24/32 semibold had the size right at this width alone and the leading and weight wrong); subhead `11398:85893` 14/18; search placeholder `I11398:85931;976:628` 14/18; tab pill `I11398:85939;801:991` 14/18; tab row `Frame 299` `11398:85934` 708x56 inset 16 -> `px-4`; filter chip `11398:85945` 34px tall r8 pad 8/16/8/16. LIST ROW (this width is `GroupsLayout: "list"`, not the table) — group name `11398:85956` 12/16 vs shipped 14/20; member sub-line `11398:85962` 10/14 accent vs shipped 12/16 muted; type pill `I11398:85958;786:178` 12/14 vs shipped 12/16; RowField label `11398:85968` 12/16 (correct) and RowField VALUE `11398:85969` 12/14 vs shipped 14/20. All five now come off `ROW_TYPE_RAMP.list`. Filter chip WIDTH deliberately left at 140: the frame draws 72 here, but showing a different filter value ("All " not "Eligible"), so 72 is a hug of a shorter label rather than a stated width. Same two deliberately-unbuilt items and the same two app-wide token differences as `5198-47891`.
Social > Groups - search > Discover (768) [11398-86869]	done	src/pages/social/groups/GroupsSearchTable.tsx	/trading-groups	MEASURED 2026-08-26 at 768 against node `11398:86869` (the Discover tab of the same surface, so the Token req. column is present where `11398-85878` shows Members). Chrome identical to `11398-85878` and fixed by the same change: headline `11398:86883` 24/28 Light, subhead `11398:86884` 14/18, placeholder `I11398:86922;976:628` 14/18, tab pill `I11398:86932;801:991` 14/18. ROW — name `11398:86947` 12/16, pill `I11398:86949;786:178` 12/14, members `11398:86953` 10/14 accent, RowField label `11398:86959` 12/16 / value `11398:86960` 12/14, Token req value `11398:87242` 12/14 with its `11398:87243` "60,000 left" sub-line at 10/14 `#95a09f` — that sub-line remains deliberately unbuilt for the documented reason (required-minus-held is a constant 0 on the only feed carrying access rules). All measured numbers now agree via `ROW_TYPE_RAMP.list`.
Social > Groups - search - empty > Create group (768) [11398-88883]	partial	src/components/social/GroupFormSheet.tsx	/trading-groups	NOT MEASURED. Mounted and reachable in code, but no geometry / type ramp / colour was read off this node and compared against the shipped classes. Note that /trading-groups, /streaming, /:username and /messages all render a wallet-connect arm on the dev server (measured 2026-08-26), so the practical evidence standard in this section is node-data vs the component's class literals — which is what the four `done` rows in this file used — not a browser measurement. PRIOR: node 11398-88883.
