2713:3937	furniture	modules/skai-gaming/src/pages/play/DicePageSections.tsx	/play/dice	Not spec: page furniture / loose art raster. Excluded from the parity denominator. (FRAME 6340x352, "Directory")
2713:3943	furniture	modules/skai-gaming/src/pages/play/DicePageSections.tsx	/play/dice	Not spec: page furniture / loose art raster. Excluded from the parity denominator. (FRAME 1450x164, "Breakpoint")
2736:25840	furniture	modules/skai-gaming/src/pages/play/DicePageSections.tsx	/play/dice	Cross-file node-id collision, not Dice work: this title is Skai-Web-App's Home frame leaking onto a Skai-Games id. SCHEMA.md documents the same trap for 6330-54594, which is two rows below it in the same node list.
2738:28626	furniture	modules/skai-gaming/src/pages/play/DicePageSections.tsx	/play/dice	Not spec: page furniture / loose art raster. Excluded from the parity denominator. (RECTANGLE 720x720, "Rectangle 147")
6330:54594	furniture	modules/skai-gaming/src/pages/play/DicePageSections.tsx	/play/dice	Not spec: page furniture / loose art raster. Excluded from the parity denominator. (FRAME 1450x164, "Breakpoint")
6330:54596	furniture	modules/skai-gaming/src/pages/play/DicePageSections.tsx	/play/dice	Not spec: page furniture / loose art raster. Excluded from the parity denominator. (FRAME 1450x164, "Breakpoint")
9003:43516	partial	modules/skai-gaming/src/pages/play/DicePageSections.tsx	/play/dice	MEASURED 1440 2026-08-26: column 1318 @x87 == Figma Frame 520 1318 (EXACT); region gaps 40/40/81 vs Figma 40/40/80; page title 32/300/lh36 == Figma 32 Light/lh36; section headings 24/400/lh28 == Figma 24 Regular/lh28; 'Community wins' 18/700/lh24 == Figma 18 Bold/lh24; card fill rgb(18,37,36) == Figma #122524. WIDGET BOARD 1440: DOM 914 wide vs Figma 954 -- the route panel adds 16px inner padding Figma does not, so 1318-32 = 1286 = 914+16+356 where Figma packs 954+8+356 = 1318. Side bet panel 356 is EXACT. Info-card radius on this page ships 24px vs Figma 12px. RADIUS DIVERGES and is why this is not `done`: Figma's bound vars resolve rounded-lg=8 rounded-xl=12 rounded-2xl=16, ours ship 12/16/24, so every named-class radius lands ONE STEP LARGE (info card 24 vs Figma 12, more-games strip 16 vs 12, assurance cards 16 vs 12, FAQ 24 vs 16, bets rows 12 vs 8). Every pixel-literal in the same files (rounded-[10px], rounded-[12px] sub-bar) matches Figma EXACTLY, which is the proof it is the class scale and not the intent.
9003:44223	partial	modules/skai-gaming/src/pages/play/DicePageSections.tsx	/play/dice	MEASURED 768 2026-08-26: column 718 @x22 vs Figma bento 708 @x30 (+10w/-8x); gaps 40/40/81; page title stays 32/300/lh36 where the Figma tablet frame draws 24 Light/lh28 and its details heading 18 Regular/lh22 -- the type ramp does not step down at this width.
9003:44542	not-started	modules/skai-gaming/src/pages/play/DicePageSections.tsx	/play/dice	DECLINED, do not build -- carried forward from status.dice.tsv, not re-litigated here. Rival of 9003:44223 at the identical 768 breakpoint, route and state; its children are the MOBILE composition re-parented into the tablet shell (9088:1539 is literally named 'Mobile', 422x422). Building it would replace the verified full-width tablet board with a padded mobile one.
9003:44847	partial	modules/skai-gaming/src/pages/play/DicePageSections.tsx	/play/dice	MEASURED 375 2026-08-26: column 333 vs Figma bento 347 (-14); no horizontal overflow; page title 24/300/lh24 vs Figma 20 Light/lh24; details heading 24/400/lh28 vs Figma 18 Regular/lh22 -- the mobile type ramp is not implemented, the desktop sizes are reused.
9062:16874	furniture	modules/skai-gaming/src/pages/play/DicePageSections.tsx	/play/dice	Not spec: page furniture / loose art raster. Excluded from the parity denominator. (INSTANCE 16x16, "icons/action")
9062:16886	unknown	modules/skai-gaming/src/pages/play/DicePageSections.tsx	/play/dice	Bet/side panel (356x695). The 356-wide panel measures EXACT against Figma at 1440; this individual state was not exercised.
9062:17693	unknown	modules/skai-gaming/src/pages/play/DicePageSections.tsx	/play/dice	Bet/side panel (356x621). The 356-wide panel measures EXACT against Figma at 1440; this individual state was not exercised.
9069:1068	unknown	modules/skai-gaming/src/pages/play/DicePageSections.tsx	/play/dice	Bet/side panel (356x621). The 356-wide panel measures EXACT against Figma at 1440; this individual state was not exercised.
9065:1579	unknown	modules/skai-gaming/src/pages/play/DicePageSections.tsx	/play/dice	Bet/side panel (356x621). The 356-wide panel measures EXACT against Figma at 1440; this individual state was not exercised.
10192:2949	furniture	modules/skai-gaming/src/pages/play/DicePageSections.tsx	/play/dice	Not spec: page furniture / loose art raster. Excluded from the parity denominator. (INSTANCE 41x24, "input/toggle")
9069:859	unknown	modules/skai-gaming/src/pages/play/DicePageSections.tsx	/play/dice	Desktop board state (954x621), the game widget rather than the page column. WIDGET BOARD 1440: DOM 914 wide vs Figma 954 -- the route panel adds 16px inner padding Figma does not, so 1318-32 = 1286 = 914+16+356 where Figma packs 954+8+356 = 1318. Side bet panel 356 is EXACT. This specific state was not exercised by this lane -- reaching it needs a settled round, and an unexercised state must not be called done.
9069:1343	unknown	modules/skai-gaming/src/pages/play/DicePageSections.tsx	/play/dice	Desktop board state (954x621), the game widget rather than the page column. WIDGET BOARD 1440: DOM 914 wide vs Figma 954 -- the route panel adds 16px inner padding Figma does not, so 1318-32 = 1286 = 914+16+356 where Figma packs 954+8+356 = 1318. Side bet panel 356 is EXACT. This specific state was not exercised by this lane -- reaching it needs a settled round, and an unexercised state must not be called done.
9069:1458	unknown	modules/skai-gaming/src/pages/play/DicePageSections.tsx	/play/dice	Desktop board state (954x621), the game widget rather than the page column. WIDGET BOARD 1440: DOM 914 wide vs Figma 954 -- the route panel adds 16px inner padding Figma does not, so 1318-32 = 1286 = 914+16+356 where Figma packs 954+8+356 = 1318. Side bet panel 356 is EXACT. This specific state was not exercised by this lane -- reaching it needs a settled round, and an unexercised state must not be called done.
9069:2257	unknown	modules/skai-gaming/src/pages/play/DicePageSections.tsx	/play/dice	Desktop board state (954x621), the game widget rather than the page column. WIDGET BOARD 1440: DOM 914 wide vs Figma 954 -- the route panel adds 16px inner padding Figma does not, so 1318-32 = 1286 = 914+16+356 where Figma packs 954+8+356 = 1318. Side bet panel 356 is EXACT. This specific state was not exercised by this lane -- reaching it needs a settled round, and an unexercised state must not be called done.
9069:2378	unknown	modules/skai-gaming/src/pages/play/DicePageSections.tsx	/play/dice	Desktop board state (954x621), the game widget rather than the page column. WIDGET BOARD 1440: DOM 914 wide vs Figma 954 -- the route panel adds 16px inner padding Figma does not, so 1318-32 = 1286 = 914+16+356 where Figma packs 954+8+356 = 1318. Side bet panel 356 is EXACT. This specific state was not exercised by this lane -- reaching it needs a settled round, and an unexercised state must not be called done.
9069:1141	unknown	modules/skai-gaming/src/pages/play/DicePageSections.tsx	/play/dice	Desktop board state (954x621), the game widget rather than the page column. WIDGET BOARD 1440: DOM 914 wide vs Figma 954 -- the route panel adds 16px inner padding Figma does not, so 1318-32 = 1286 = 914+16+356 where Figma packs 954+8+356 = 1318. Side bet panel 356 is EXACT. This specific state was not exercised by this lane -- reaching it needs a settled round, and an unexercised state must not be called done.
9069:959	unknown	modules/skai-gaming/src/pages/play/DicePageSections.tsx	/play/dice	Desktop board state (954x621), the game widget rather than the page column. WIDGET BOARD 1440: DOM 914 wide vs Figma 954 -- the route panel adds 16px inner padding Figma does not, so 1318-32 = 1286 = 914+16+356 where Figma packs 954+8+356 = 1318. Side bet panel 356 is EXACT. This specific state was not exercised by this lane -- reaching it needs a settled round, and an unexercised state must not be called done.
9069:8353	unknown	modules/skai-gaming/src/pages/play/DicePageSections.tsx	/play/dice	Bet/side panel (468x695). The 356-wide panel measures EXACT against Figma at 1440; this individual state was not exercised.
9079:6558	unknown	modules/skai-gaming/src/pages/play/DicePageSections.tsx	/play/dice	Bet/side panel (468x449). The 356-wide panel measures EXACT against Figma at 1440; this individual state was not exercised.
9079:6072	unknown	modules/skai-gaming/src/pages/play/DicePageSections.tsx	/play/dice	Bet/side panel (422x695). The 356-wide panel measures EXACT against Figma at 1440; this individual state was not exercised.
9079:6413	unknown	modules/skai-gaming/src/pages/play/DicePageSections.tsx	/play/dice	Bet/side panel (422x449). The 356-wide panel measures EXACT against Figma at 1440; this individual state was not exercised.
9088:1354	unknown	modules/skai-gaming/src/pages/play/DicePageSections.tsx	/play/dice	Bet/side panel (347x359). The 356-wide panel measures EXACT against Figma at 1440; this individual state was not exercised.
9088:1630	unknown	modules/skai-gaming/src/pages/play/DicePageSections.tsx	/play/dice	Bet/side panel (347x687). The 356-wide panel measures EXACT against Figma at 1440; this individual state was not exercised.
9088:4654	unknown	modules/skai-gaming/src/pages/play/DicePageSections.tsx	/play/dice	Bet/side panel (356x621). The 356-wide panel measures EXACT against Figma at 1440; this individual state was not exercised.
9088:4795	unknown	modules/skai-gaming/src/pages/play/DicePageSections.tsx	/play/dice	Bet/side panel (324x52). The 356-wide panel measures EXACT against Figma at 1440; this individual state was not exercised.
9088:4801	unknown	modules/skai-gaming/src/pages/play/DicePageSections.tsx	/play/dice	Bet/side panel (324x52). The 356-wide panel measures EXACT against Figma at 1440; this individual state was not exercised.
9175:9528	unknown	modules/skai-gaming/src/pages/play/DicePageSections.tsx	/play/dice	Component fragment (FRAME 160x42, "card") with no independent screen; not assessed by this lane.
10120:1004	furniture	modules/skai-gaming/src/pages/play/DicePageSections.tsx	/play/dice	Not spec: page furniture / loose art raster. Excluded from the parity denominator. (RECTANGLE 1227x791, "Screenshot 2026-08-18 at 11.10.54 PM 1")
10120:1005	furniture	modules/skai-gaming/src/pages/play/DicePageSections.tsx	/play/dice	Not spec: page furniture / loose art raster. Excluded from the parity denominator. (RECTANGLE 1167x699, "Screenshot 2026-08-18 at 11.11.55 PM 1")
10215:1015	furniture	modules/skai-gaming/src/pages/play/DicePageSections.tsx	/play/dice	Not spec: page furniture / loose art raster. Excluded from the parity denominator. (RECTANGLE 1193x722, "Screenshot 2026-08-24 at 11.07.00 AM 1")
9003:72412	furniture	modules/skai-gaming/src/pages/play/PlinkoPageSections.tsx	/play/plinko	Not spec: page furniture / loose art raster. Excluded from the parity denominator. (FRAME 6340x352, "Directory")
9003:72418	furniture	modules/skai-gaming/src/pages/play/PlinkoPageSections.tsx	/play/plinko	Not spec: page furniture / loose art raster. Excluded from the parity denominator. (FRAME 1450x164, "Breakpoint")
9003:72420	furniture	modules/skai-gaming/src/pages/play/PlinkoPageSections.tsx	/play/plinko	Not spec: page furniture / loose art raster. Excluded from the parity denominator. (RECTANGLE 720x720, "Rectangle 147")
9003:72421	furniture	modules/skai-gaming/src/pages/play/PlinkoPageSections.tsx	/play/plinko	Not spec: page furniture / loose art raster. Excluded from the parity denominator. (FRAME 1450x164, "Breakpoint")
9003:72423	furniture	modules/skai-gaming/src/pages/play/PlinkoPageSections.tsx	/play/plinko	Not spec: page furniture / loose art raster. Excluded from the parity denominator. (FRAME 1450x164, "Breakpoint")
9003:79079	partial	modules/skai-gaming/src/pages/play/PlinkoPageSections.tsx	/play/plinko	MEASURED 1440 2026-08-26: column 1318 @x87 == Figma Frame 520 1318 (EXACT); region gaps 40/40/81 vs Figma 40/40/80; page title 32/300/lh36 == Figma 32 Light/lh36; section headings 24/400/lh28 == Figma 24 Regular/lh28; 'Community wins' 18/700/lh24 == Figma 18 Bold/lh24; card fill rgb(18,37,36) == Figma #122524. WIDGET BOARD 1440: DOM 914 wide vs Figma 954 -- the route panel adds 16px inner padding Figma does not, so 1318-32 = 1286 = 914+16+356 where Figma packs 954+8+356 = 1318. Side bet panel 356 is EXACT. Info-card radius on this page ships 24px vs Figma 12px. RADIUS DIVERGES and is why this is not `done`: Figma's bound vars resolve rounded-lg=8 rounded-xl=12 rounded-2xl=16, ours ship 12/16/24, so every named-class radius lands ONE STEP LARGE (info card 24 vs Figma 12, more-games strip 16 vs 12, assurance cards 16 vs 12, FAQ 24 vs 16, bets rows 12 vs 8). Every pixel-literal in the same files (rounded-[10px], rounded-[12px] sub-bar) matches Figma EXACTLY, which is the proof it is the class scale and not the intent.
9003:82836	partial	modules/skai-gaming/src/pages/play/PlinkoPageSections.tsx	/play/plinko	MEASURED 768 2026-08-26: column 718 @x22 vs Figma bento 708 @x30 (+10w/-8x); gaps 40/40/81; page title stays 32/300/lh36 where the Figma tablet frame draws 24 Light/lh28 and its details heading 18 Regular/lh22 -- the type ramp does not step down at this width.
9003:83784	partial	modules/skai-gaming/src/pages/play/PlinkoPageSections.tsx	/play/plinko	MEASURED 768 2026-08-26: column 718 @x22 vs Figma bento 708 @x30 (+10w/-8x); gaps 40/40/81; page title stays 32/300/lh36 where the Figma tablet frame draws 24 Light/lh28 and its details heading 18 Regular/lh22 -- the type ramp does not step down at this width.
9137:11578	partial	modules/skai-gaming/src/pages/play/PlinkoPageSections.tsx	/play/plinko	MEASURED 375 2026-08-26: column 333 vs Figma bento 347 (-14); no horizontal overflow; page title 24/300/lh24 vs Figma 20 Light/lh24; details heading 24/400/lh28 vs Figma 18 Regular/lh22 -- the mobile type ramp is not implemented, the desktop sizes are reused.
9069:5304	unknown	modules/skai-gaming/src/pages/play/PlinkoPageSections.tsx	/play/plinko	Desktop board state (954x621), the game widget rather than the page column. WIDGET BOARD 1440: DOM 914 wide vs Figma 954 -- the route panel adds 16px inner padding Figma does not, so 1318-32 = 1286 = 914+16+356 where Figma packs 954+8+356 = 1318. Side bet panel 356 is EXACT. This specific state was not exercised by this lane -- reaching it needs a settled round, and an unexercised state must not be called done.
9137:10213	furniture	modules/skai-gaming/src/pages/play/PlinkoPageSections.tsx	/play/plinko	Not spec: page furniture / loose art raster. Excluded from the parity denominator. (ELLIPSE 10x10, "Plinko Ball Easy")
9095:4812	unknown	modules/skai-gaming/src/pages/play/PlinkoPageSections.tsx	/play/plinko	Desktop board state (954x621), the game widget rather than the page column. WIDGET BOARD 1440: DOM 914 wide vs Figma 954 -- the route panel adds 16px inner padding Figma does not, so 1318-32 = 1286 = 914+16+356 where Figma packs 954+8+356 = 1318. Side bet panel 356 is EXACT. This specific state was not exercised by this lane -- reaching it needs a settled round, and an unexercised state must not be called done.
9095:5369	unknown	modules/skai-gaming/src/pages/play/PlinkoPageSections.tsx	/play/plinko	Desktop board state (954x621), the game widget rather than the page column. WIDGET BOARD 1440: DOM 914 wide vs Figma 954 -- the route panel adds 16px inner padding Figma does not, so 1318-32 = 1286 = 914+16+356 where Figma packs 954+8+356 = 1318. Side bet panel 356 is EXACT. This specific state was not exercised by this lane -- reaching it needs a settled round, and an unexercised state must not be called done.
9104:6170	unknown	modules/skai-gaming/src/pages/play/PlinkoPageSections.tsx	/play/plinko	Bet/side panel (356x621). The 356-wide panel measures EXACT against Figma at 1440; this individual state was not exercised.
9137:10215	furniture	modules/skai-gaming/src/pages/play/PlinkoPageSections.tsx	/play/plinko	Not spec: page furniture / loose art raster. Excluded from the parity denominator. (ELLIPSE 10x10, "Plinko Ball Medium")
9137:10217	furniture	modules/skai-gaming/src/pages/play/PlinkoPageSections.tsx	/play/plinko	Not spec: page furniture / loose art raster. Excluded from the parity denominator. (ELLIPSE 10x10, "Plinko Ball Hard")
9137:10219	unknown	modules/skai-gaming/src/pages/play/PlinkoPageSections.tsx	/play/plinko	Bet/side panel (347x484). The 356-wide panel measures EXACT against Figma at 1440; this individual state was not exercised.
9137:12640	furniture	modules/skai-gaming/src/pages/play/PlinkoPageSections.tsx	/play/plinko	Not spec: page furniture / loose art raster. Excluded from the parity denominator. (FRAME 1080x1350, "Frame 1000004087")
10120:1679	furniture	modules/skai-gaming/src/pages/play/PlinkoPageSections.tsx	/play/plinko	Not spec: page furniture / loose art raster. Excluded from the parity denominator. (RECTANGLE 1172x819, "Screenshot 2026-08-18 at 11.12.43 PM 1")
10120:1680	furniture	modules/skai-gaming/src/pages/play/PlinkoPageSections.tsx	/play/plinko	Not spec: page furniture / loose art raster. Excluded from the parity denominator. (RECTANGLE 1165x731, "Screenshot 2026-08-18 at 11.13.20 PM 1")
10120:1681	furniture	modules/skai-gaming/src/pages/play/PlinkoPageSections.tsx	/play/plinko	Not spec: page furniture / loose art raster. Excluded from the parity denominator. (RECTANGLE 1173x712, "Screenshot 2026-08-18 at 11.13.42 PM 1")
9003:112415	furniture	modules/skai-gaming/src/pages/play/BlackjackPageSections.tsx	/play/blackjack	Not spec: page furniture / loose art raster. Excluded from the parity denominator. (FRAME 6340x352, "Directory")
9003:112421	furniture	modules/skai-gaming/src/pages/play/BlackjackPageSections.tsx	/play/blackjack	Not spec: page furniture / loose art raster. Excluded from the parity denominator. (FRAME 1450x164, "Breakpoint")
9003:112423	furniture	modules/skai-gaming/src/pages/play/BlackjackPageSections.tsx	/play/blackjack	Not spec: page furniture / loose art raster. Excluded from the parity denominator. (RECTANGLE 720x720, "Rectangle 147")
9003:112424	furniture	modules/skai-gaming/src/pages/play/BlackjackPageSections.tsx	/play/blackjack	Not spec: page furniture / loose art raster. Excluded from the parity denominator. (FRAME 1450x164, "Breakpoint")
9003:112426	furniture	modules/skai-gaming/src/pages/play/BlackjackPageSections.tsx	/play/blackjack	Not spec: page furniture / loose art raster. Excluded from the parity denominator. (FRAME 1450x164, "Breakpoint")
9003:117337	partial	modules/skai-gaming/src/pages/play/BlackjackPageSections.tsx	/play/blackjack	MEASURED 1440 2026-08-26: column 1318 @x87 == Figma Frame 520 1318 (EXACT); region gaps 40/40/81 vs Figma 40/40/80; page title 32/300/lh36 == Figma 32 Light/lh36; section headings 24/400/lh28 == Figma 24 Regular/lh28; 'Community wins' 18/700/lh24 == Figma 18 Bold/lh24; card fill rgb(18,37,36) == Figma #122524. WIDGET BOARD 1440: DOM 914 wide vs Figma 954 -- the route panel adds 16px inner padding Figma does not, so 1318-32 = 1286 = 914+16+356 where Figma packs 954+8+356 = 1318. Side bet panel 356 is EXACT. ★ THIS LANE FOUND AND FIXED A REAL DIVERGENCE HERE: this column measured 1286 @x103 while its own widget above measured 1318 @x87 -- a visible 16px step at the left edge, on the one game the previous rollup called the strongest parity in the file and marked done. Cause: BlackjackPageSections.tsx:1482 put the cap and the gutter on ONE element ('max-w-[1318px] ... px-3 sm:px-4'), and border-box subtracts the padding from the cap. Split into an outer gutter + inner cap, the shape DicePageSections.tsx:1382 already uses; re-measured in the browser at 1440 -> 1318 @x87 on all four sections. RADIUS DIVERGES and is why this is not `done`: Figma's bound vars resolve rounded-lg=8 rounded-xl=12 rounded-2xl=16, ours ship 12/16/24, so every named-class radius lands ONE STEP LARGE (info card 24 vs Figma 12, more-games strip 16 vs 12, assurance cards 16 vs 12, FAQ 24 vs 16, bets rows 12 vs 8). Every pixel-literal in the same files (rounded-[10px], rounded-[12px] sub-bar) matches Figma EXACTLY, which is the proof it is the class scale and not the intent.
9003:118852	partial	modules/skai-gaming/src/pages/play/BlackjackPageSections.tsx	/play/blackjack	MEASURED 768 2026-08-26: column 718 @x22 vs Figma bento 708 @x30 (+10w/-8x); gaps 40/40/81; page title stays 32/300/lh36 where the Figma tablet frame draws 24 Light/lh28 and its details heading 18 Regular/lh22 -- the type ramp does not step down at this width. Blackjack tablet page frame (768x1627).
9003:119356	unknown	modules/skai-gaming/src/pages/play/BlackjackPageSections.tsx	/play/blackjack	Second 768 frame on this page (768x1607) rivalling 9003:118852 at the identical breakpoint -- only one can ever render. Not measured; needs a design tiebreak before either can be called done.
9003:119858	partial	modules/skai-gaming/src/pages/play/BlackjackPageSections.tsx	/play/blackjack	MEASURED 375 2026-08-26: column 333 vs Figma bento 347 (-14); no horizontal overflow; page title 24/300/lh24 vs Figma 20 Light/lh24; details heading 24/400/lh28 vs Figma 18 Regular/lh22 -- the mobile type ramp is not implemented, the desktop sizes are reused. Blackjack mobile page frame. Column-width fix above applies at every width.
9178:4037	unknown	modules/skai-gaming/src/pages/play/BlackjackPageSections.tsx	/play/blackjack	Bet/side panel (356x621). The 356-wide panel measures EXACT against Figma at 1440; this individual state was not exercised.
9178:8446	unknown	modules/skai-gaming/src/pages/play/BlackjackPageSections.tsx	/play/blackjack	Bet/side panel (356x621). The 356-wide panel measures EXACT against Figma at 1440; this individual state was not exercised.
9178:8439	furniture	modules/skai-gaming/src/pages/play/BlackjackPageSections.tsx	/play/blackjack	Not spec: page furniture / loose art raster. Excluded from the parity denominator. (RECTANGLE 36x36, "Pointer")
9178:4169	unknown	modules/skai-gaming/src/pages/play/BlackjackPageSections.tsx	/play/blackjack	Desktop board state (954x621), the game widget rather than the page column. WIDGET BOARD 1440: DOM 914 wide vs Figma 954 -- the route panel adds 16px inner padding Figma does not, so 1318-32 = 1286 = 914+16+356 where Figma packs 954+8+356 = 1318. Side bet panel 356 is EXACT. This specific state was not exercised by this lane -- reaching it needs a settled round, and an unexercised state must not be called done.
9178:8146	unknown	modules/skai-gaming/src/pages/play/BlackjackPageSections.tsx	/play/blackjack	Desktop board state (954x621), the game widget rather than the page column. WIDGET BOARD 1440: DOM 914 wide vs Figma 954 -- the route panel adds 16px inner padding Figma does not, so 1318-32 = 1286 = 914+16+356 where Figma packs 954+8+356 = 1318. Side bet panel 356 is EXACT. This specific state was not exercised by this lane -- reaching it needs a settled round, and an unexercised state must not be called done.
9178:6080	unknown	modules/skai-gaming/src/pages/play/BlackjackPageSections.tsx	/play/blackjack	Desktop board state (954x621), the game widget rather than the page column. WIDGET BOARD 1440: DOM 914 wide vs Figma 954 -- the route panel adds 16px inner padding Figma does not, so 1318-32 = 1286 = 914+16+356 where Figma packs 954+8+356 = 1318. Side bet panel 356 is EXACT. This specific state was not exercised by this lane -- reaching it needs a settled round, and an unexercised state must not be called done.
9178:9840	unknown	modules/skai-gaming/src/pages/play/BlackjackPageSections.tsx	/play/blackjack	Bet/side panel (347x410). The 356-wide panel measures EXACT against Figma at 1440; this individual state was not exercised.
9178:10465	unknown	modules/skai-gaming/src/pages/play/BlackjackPageSections.tsx	/play/blackjack	Bet/side panel (347x464). The 356-wide panel measures EXACT against Figma at 1440; this individual state was not exercised.
9178:10677	unknown	modules/skai-gaming/src/pages/play/BlackjackPageSections.tsx	/play/blackjack	Desktop board state (954x621), the game widget rather than the page column. WIDGET BOARD 1440: DOM 914 wide vs Figma 954 -- the route panel adds 16px inner padding Figma does not, so 1318-32 = 1286 = 914+16+356 where Figma packs 954+8+356 = 1318. Side bet panel 356 is EXACT. This specific state was not exercised by this lane -- reaching it needs a settled round, and an unexercised state must not be called done.
9178:12508	unknown	modules/skai-gaming/src/pages/play/BlackjackPageSections.tsx	/play/blackjack	Desktop board state (954x621), the game widget rather than the page column. WIDGET BOARD 1440: DOM 914 wide vs Figma 954 -- the route panel adds 16px inner padding Figma does not, so 1318-32 = 1286 = 914+16+356 where Figma packs 954+8+356 = 1318. Side bet panel 356 is EXACT. This specific state was not exercised by this lane -- reaching it needs a settled round, and an unexercised state must not be called done.
10120:2358	furniture	modules/skai-gaming/src/pages/play/BlackjackPageSections.tsx	/play/blackjack	Not spec: page furniture / loose art raster. Excluded from the parity denominator. (RECTANGLE 1221x744, "Screenshot 2026-08-18 at 11.14.31 PM 1")
9003:85755	furniture	modules/skai-gaming/src/pages/play/CrashPageSections.tsx	/play/crash	Not spec: page furniture / loose art raster. Excluded from the parity denominator. (FRAME 6340x352, "Directory")
9003:85761	furniture	modules/skai-gaming/src/pages/play/CrashPageSections.tsx	/play/crash	Not spec: page furniture / loose art raster. Excluded from the parity denominator. (FRAME 1450x164, "Breakpoint")
9003:85763	furniture	modules/skai-gaming/src/pages/play/CrashPageSections.tsx	/play/crash	Not spec: page furniture / loose art raster. Excluded from the parity denominator. (RECTANGLE 720x720, "Rectangle 147")
9003:85764	furniture	modules/skai-gaming/src/pages/play/CrashPageSections.tsx	/play/crash	Not spec: page furniture / loose art raster. Excluded from the parity denominator. (FRAME 1450x164, "Breakpoint")
9003:85766	furniture	modules/skai-gaming/src/pages/play/CrashPageSections.tsx	/play/crash	Not spec: page furniture / loose art raster. Excluded from the parity denominator. (FRAME 1450x164, "Breakpoint")
9003:94116	partial	modules/skai-gaming/src/pages/play/CrashPageSections.tsx	/play/crash	MEASURED 1440 2026-08-26: column 1318 @x87 == Figma Frame 520 1318 (EXACT); region gaps 40/40/81 vs Figma 40/40/80; page title 32/300/lh36 == Figma 32 Light/lh36; section headings 24/400/lh28 == Figma 24 Regular/lh28; 'Community wins' 18/700/lh24 == Figma 18 Bold/lh24; card fill rgb(18,37,36) == Figma #122524. WIDGET BOARD 1440: DOM 914 wide vs Figma 954 -- the route panel adds 16px inner padding Figma does not, so 1318-32 = 1286 = 914+16+356 where Figma packs 954+8+356 = 1318. Side bet panel 356 is EXACT. Info-card radius on this page ships 24px vs Figma 12px. RADIUS DIVERGES and is why this is not `done`: Figma's bound vars resolve rounded-lg=8 rounded-xl=12 rounded-2xl=16, ours ship 12/16/24, so every named-class radius lands ONE STEP LARGE (info card 24 vs Figma 12, more-games strip 16 vs 12, assurance cards 16 vs 12, FAQ 24 vs 16, bets rows 12 vs 8). Every pixel-literal in the same files (rounded-[10px], rounded-[12px] sub-bar) matches Figma EXACTLY, which is the proof it is the class scale and not the intent.
9003:96041	partial	modules/skai-gaming/src/pages/play/CrashPageSections.tsx	/play/crash	MEASURED 768 2026-08-26: column 718 @x22 vs Figma bento 708 @x30 (+10w/-8x); gaps 40/40/81; page title stays 32/300/lh36 where the Figma tablet frame draws 24 Light/lh28 and its details heading 18 Regular/lh22 -- the type ramp does not step down at this width.
9003:98680	partial	modules/skai-gaming/src/pages/play/CrashPageSections.tsx	/play/crash	MEASURED 768 2026-08-26: column 718 @x22 vs Figma bento 708 @x30 (+10w/-8x); gaps 40/40/81; page title stays 32/300/lh36 where the Figma tablet frame draws 24 Light/lh28 and its details heading 18 Regular/lh22 -- the type ramp does not step down at this width.
9137:13564	unknown	modules/skai-gaming/src/pages/play/CrashPageSections.tsx	/play/crash	Bet/side panel (356x628). The 356-wide panel measures EXACT against Figma at 1440; this individual state was not exercised.
9142:16809	unknown	modules/skai-gaming/src/pages/play/CrashPageSections.tsx	/play/crash	Bet/side panel (356x628). The 356-wide panel measures EXACT against Figma at 1440; this individual state was not exercised.
9142:19197	unknown	modules/skai-gaming/src/pages/play/CrashPageSections.tsx	/play/crash	Bet/side panel (356x835). The 356-wide panel measures EXACT against Figma at 1440; this individual state was not exercised.
9142:15687	partial	modules/skai-gaming/src/pages/play/CrashPageSections.tsx	/play/crash	MEASURED 375 2026-08-26: column 333 vs Figma bento 347 (-14); no horizontal overflow; page title 24/300/lh24 vs Figma 20 Light/lh24; details heading 24/400/lh28 vs Figma 18 Regular/lh22 -- the mobile type ramp is not implemented, the desktop sizes are reused.
9142:18315	unknown	modules/skai-gaming/src/pages/play/CrashPageSections.tsx	/play/crash	Desktop board state (954x621), the game widget rather than the page column. WIDGET BOARD 1440: DOM 914 wide vs Figma 954 -- the route panel adds 16px inner padding Figma does not, so 1318-32 = 1286 = 914+16+356 where Figma packs 954+8+356 = 1318. Side bet panel 356 is EXACT. This specific state was not exercised by this lane -- reaching it needs a settled round, and an unexercised state must not be called done.
9142:19454	unknown	modules/skai-gaming/src/pages/play/CrashPageSections.tsx	/play/crash	Bet/side panel (324x166). The 356-wide panel measures EXACT against Figma at 1440; this individual state was not exercised.
9156:1198	unknown	modules/skai-gaming/src/pages/play/CrashPageSections.tsx	/play/crash	Bet/side panel (347x538). The 356-wide panel measures EXACT against Figma at 1440; this individual state was not exercised.
9156:1371	unknown	modules/skai-gaming/src/pages/play/CrashPageSections.tsx	/play/crash	Bet/side panel (347x499). The 356-wide panel measures EXACT against Figma at 1440; this individual state was not exercised.
9156:1558	unknown	modules/skai-gaming/src/pages/play/CrashPageSections.tsx	/play/crash	Bet/side panel (347x827). The 356-wide panel measures EXACT against Figma at 1440; this individual state was not exercised.
10120:3087	furniture	modules/skai-gaming/src/pages/play/CrashPageSections.tsx	/play/crash	Not spec: page furniture / loose art raster. Excluded from the parity denominator. (RECTANGLE 1211x819, "Screenshot 2026-08-18 at 11.16.32 PM 1")
10120:3088	furniture	modules/skai-gaming/src/pages/play/CrashPageSections.tsx	/play/crash	Not spec: page furniture / loose art raster. Excluded from the parity denominator. (RECTANGLE 1149x747, "Screenshot 2026-08-18 at 11.17.21 PM 1")
10120:3089	unknown	modules/skai-gaming/src/pages/play/CrashPageSections.tsx	/play/crash	Desktop board state (954x621), the game widget rather than the page column. WIDGET BOARD 1440: DOM 914 wide vs Figma 954 -- the route panel adds 16px inner padding Figma does not, so 1318-32 = 1286 = 914+16+356 where Figma packs 954+8+356 = 1318. Side bet panel 356 is EXACT. This specific state was not exercised by this lane -- reaching it needs a settled round, and an unexercised state must not be called done.
9003:102081	furniture	modules/skai-gaming/src/pages/play/MinesPageSections.tsx	/play/mines	Not spec: page furniture / loose art raster. Excluded from the parity denominator. (FRAME 6340x352, "Directory")
9003:102087	furniture	modules/skai-gaming/src/pages/play/MinesPageSections.tsx	/play/mines	Not spec: page furniture / loose art raster. Excluded from the parity denominator. (FRAME 1450x164, "Breakpoint")
9003:102089	furniture	modules/skai-gaming/src/pages/play/MinesPageSections.tsx	/play/mines	Not spec: page furniture / loose art raster. Excluded from the parity denominator. (RECTANGLE 720x720, "Rectangle 147")
9003:102090	furniture	modules/skai-gaming/src/pages/play/MinesPageSections.tsx	/play/mines	Not spec: page furniture / loose art raster. Excluded from the parity denominator. (FRAME 1450x164, "Breakpoint")
9003:102092	furniture	modules/skai-gaming/src/pages/play/MinesPageSections.tsx	/play/mines	Not spec: page furniture / loose art raster. Excluded from the parity denominator. (FRAME 1450x164, "Breakpoint")
9003:110110	partial	modules/skai-gaming/src/pages/play/MinesPageSections.tsx	/play/mines	MEASURED 768 2026-08-26: column 718 @x22 vs Figma bento 708 @x30 (+10w/-8x); gaps 40/40/81; page title stays 32/300/lh36 where the Figma tablet frame draws 24 Light/lh28 and its details heading 18 Regular/lh22 -- the type ramp does not step down at this width.
9003:111181	partial	modules/skai-gaming/src/pages/play/MinesPageSections.tsx	/play/mines	MEASURED 768 2026-08-26: column 718 @x22 vs Figma bento 708 @x30 (+10w/-8x); gaps 40/40/81; page title stays 32/300/lh36 where the Figma tablet frame draws 24 Light/lh28 and its details heading 18 Regular/lh22 -- the type ramp does not step down at this width.
9163:4529	unknown	modules/skai-gaming/src/pages/play/MinesPageSections.tsx	/play/mines	Desktop board state (954x621), the game widget rather than the page column. WIDGET BOARD 1440: DOM 914 wide vs Figma 954 -- the route panel adds 16px inner padding Figma does not, so 1318-32 = 1286 = 914+16+356 where Figma packs 954+8+356 = 1318. Side bet panel 356 is EXACT. This specific state was not exercised by this lane -- reaching it needs a settled round, and an unexercised state must not be called done.
9163:4859	partial	modules/skai-gaming/src/pages/play/MinesPageSections.tsx	/play/mines	MEASURED 1440 2026-08-26: column 1318 @x87 == Figma Frame 520 1318 (EXACT); region gaps 40/40/81 vs Figma 40/40/80; page title 32/300/lh36 == Figma 32 Light/lh36; section headings 24/400/lh28 == Figma 24 Regular/lh28; 'Community wins' 18/700/lh24 == Figma 18 Bold/lh24; card fill rgb(18,37,36) == Figma #122524. WIDGET BOARD 1440: DOM 914 wide vs Figma 954 -- the route panel adds 16px inner padding Figma does not, so 1318-32 = 1286 = 914+16+356 where Figma packs 954+8+356 = 1318. Side bet panel 356 is EXACT. Info-card radius on this page ships 24px vs Figma 12px. RADIUS DIVERGES and is why this is not `done`: Figma's bound vars resolve rounded-lg=8 rounded-xl=12 rounded-2xl=16, ours ship 12/16/24, so every named-class radius lands ONE STEP LARGE (info card 24 vs Figma 12, more-games strip 16 vs 12, assurance cards 16 vs 12, FAQ 24 vs 16, bets rows 12 vs 8). Every pixel-literal in the same files (rounded-[10px], rounded-[12px] sub-bar) matches Figma EXACTLY, which is the proof it is the class scale and not the intent.
9163:5572	partial	modules/skai-gaming/src/pages/play/MinesPageSections.tsx	/play/mines	MEASURED 375 2026-08-26: column 333 vs Figma bento 347 (-14); no horizontal overflow; page title 24/300/lh24 vs Figma 20 Light/lh24; details heading 24/400/lh28 vs Figma 18 Regular/lh22 -- the mobile type ramp is not implemented, the desktop sizes are reused.
9163:6955	unknown	modules/skai-gaming/src/pages/play/MinesPageSections.tsx	/play/mines	Bet/side panel (347x347). The 356-wide panel measures EXACT against Figma at 1440; this individual state was not exercised.
9163:7155	unknown	modules/skai-gaming/src/pages/play/MinesPageSections.tsx	/play/mines	Bet/side panel (356x621). The 356-wide panel measures EXACT against Figma at 1440; this individual state was not exercised.
9163:7972	unknown	modules/skai-gaming/src/pages/play/MinesPageSections.tsx	/play/mines	Bet/side panel (356x859). The 356-wide panel measures EXACT against Figma at 1440; this individual state was not exercised.
9163:8481	unknown	modules/skai-gaming/src/pages/play/MinesPageSections.tsx	/play/mines	Bet/side panel (347x523). The 356-wide panel measures EXACT against Figma at 1440; this individual state was not exercised.
9163:8621	unknown	modules/skai-gaming/src/pages/play/MinesPageSections.tsx	/play/mines	Bet/side panel (347x851). The 356-wide panel measures EXACT against Figma at 1440; this individual state was not exercised.
9163:8804	furniture	modules/skai-gaming/src/pages/play/MinesPageSections.tsx	/play/mines	Not spec: page furniture / loose art raster. Excluded from the parity denominator. (FRAME 1080x1350, "Image for Cover")
10120:4312	furniture	modules/skai-gaming/src/pages/play/MinesPageSections.tsx	/play/mines	Not spec: page furniture / loose art raster. Excluded from the parity denominator. (RECTANGLE 1175x855, "Screenshot 2026-08-18 at 11.19.46 PM 1")
10120:4313	unknown	modules/skai-gaming/src/pages/play/MinesPageSections.tsx	/play/mines	Desktop board state (954x621), the game widget rather than the page column. WIDGET BOARD 1440: DOM 914 wide vs Figma 954 -- the route panel adds 16px inner padding Figma does not, so 1318-32 = 1286 = 914+16+356 where Figma packs 954+8+356 = 1318. Side bet panel 356 is EXACT. This specific state was not exercised by this lane -- reaching it needs a settled round, and an unexercised state must not be called done.
10120:6768	furniture	modules/skai-gaming/src/pages/play/MinesPageSections.tsx	/play/mines	Not spec: page furniture / loose art raster. Excluded from the parity denominator. (RECTANGLE 1160x783, "Screenshot 2026-08-18 at 11.25.22 PM 1")
9003:122028	furniture	modules/skai-gaming/src/pages/play/CoinflipPageSections.tsx	/play/coinflip	Not spec: page furniture / loose art raster. Excluded from the parity denominator. (FRAME 6340x352, "Directory")
9003:122034	furniture	modules/skai-gaming/src/pages/play/CoinflipPageSections.tsx	/play/coinflip	Not spec: page furniture / loose art raster. Excluded from the parity denominator. (FRAME 1450x164, "Breakpoint")
9003:122036	furniture	modules/skai-gaming/src/pages/play/CoinflipPageSections.tsx	/play/coinflip	Not spec: page furniture / loose art raster. Excluded from the parity denominator. (RECTANGLE 720x720, "Rectangle 147")
9003:122037	furniture	modules/skai-gaming/src/pages/play/CoinflipPageSections.tsx	/play/coinflip	Not spec: page furniture / loose art raster. Excluded from the parity denominator. (FRAME 1450x164, "Breakpoint")
9003:122039	furniture	modules/skai-gaming/src/pages/play/CoinflipPageSections.tsx	/play/coinflip	Not spec: page furniture / loose art raster. Excluded from the parity denominator. (FRAME 1450x164, "Breakpoint")
9003:130613	partial	modules/skai-gaming/src/pages/play/CoinflipPageSections.tsx	/play/coinflip	MEASURED 1440 2026-08-26: column 1318 @x87 == Figma Frame 520 1318 (EXACT); region gaps 40/40/81 vs Figma 40/40/80; page title 32/300/lh36 == Figma 32 Light/lh36; section headings 24/400/lh28 == Figma 24 Regular/lh28; 'Community wins' 18/700/lh24 == Figma 18 Bold/lh24; card fill rgb(18,37,36) == Figma #122524. WIDGET BOARD 1440: DOM 914 wide vs Figma 954 -- the route panel adds 16px inner padding Figma does not, so 1318-32 = 1286 = 914+16+356 where Figma packs 954+8+356 = 1318. Side bet panel 356 is EXACT. Info-card radius on this page ships 24px vs Figma 12px. RADIUS DIVERGES and is why this is not `done`: Figma's bound vars resolve rounded-lg=8 rounded-xl=12 rounded-2xl=16, ours ship 12/16/24, so every named-class radius lands ONE STEP LARGE (info card 24 vs Figma 12, more-games strip 16 vs 12, assurance cards 16 vs 12, FAQ 24 vs 16, bets rows 12 vs 8). Every pixel-literal in the same files (rounded-[10px], rounded-[12px] sub-bar) matches Figma EXACTLY, which is the proof it is the class scale and not the intent.
9003:132031	partial	modules/skai-gaming/src/pages/play/CoinflipPageSections.tsx	/play/coinflip	MEASURED 768 2026-08-26: column 718 @x22 vs Figma bento 708 @x30 (+10w/-8x); gaps 40/40/81; page title stays 32/300/lh36 where the Figma tablet frame draws 24 Light/lh28 and its details heading 18 Regular/lh22 -- the type ramp does not step down at this width.
9003:132438	partial	modules/skai-gaming/src/pages/play/CoinflipPageSections.tsx	/play/coinflip	MEASURED 768 2026-08-26: column 718 @x22 vs Figma bento 708 @x30 (+10w/-8x); gaps 40/40/81; page title stays 32/300/lh36 where the Figma tablet frame draws 24 Light/lh28 and its details heading 18 Regular/lh22 -- the type ramp does not step down at this width.
9178:14134	partial	modules/skai-gaming/src/pages/play/CoinflipPageSections.tsx	/play/coinflip	MEASURED 375 2026-08-26: column 333 vs Figma bento 347 (-14); no horizontal overflow; page title 24/300/lh24 vs Figma 20 Light/lh24; details heading 24/400/lh28 vs Figma 18 Regular/lh22 -- the mobile type ramp is not implemented, the desktop sizes are reused.
9178:14731	unknown	modules/skai-gaming/src/pages/play/CoinflipPageSections.tsx	/play/coinflip	Desktop board state (954x621), the game widget rather than the page column. WIDGET BOARD 1440: DOM 914 wide vs Figma 954 -- the route panel adds 16px inner padding Figma does not, so 1318-32 = 1286 = 914+16+356 where Figma packs 954+8+356 = 1318. Side bet panel 356 is EXACT. This specific state was not exercised by this lane -- reaching it needs a settled round, and an unexercised state must not be called done.
9178:14783	unknown	modules/skai-gaming/src/pages/play/CoinflipPageSections.tsx	/play/coinflip	Bet/side panel (356x621). The 356-wide panel measures EXACT against Figma at 1440; this individual state was not exercised.
9190:14926	unknown	modules/skai-gaming/src/pages/play/CoinflipPageSections.tsx	/play/coinflip	Desktop board state (954x621), the game widget rather than the page column. WIDGET BOARD 1440: DOM 914 wide vs Figma 954 -- the route panel adds 16px inner padding Figma does not, so 1318-32 = 1286 = 914+16+356 where Figma packs 954+8+356 = 1318. Side bet panel 356 is EXACT. This specific state was not exercised by this lane -- reaching it needs a settled round, and an unexercised state must not be called done.
9190:14969	unknown	modules/skai-gaming/src/pages/play/CoinflipPageSections.tsx	/play/coinflip	Bet/side panel (356x621). The 356-wide panel measures EXACT against Figma at 1440; this individual state was not exercised.
9190:16383	unknown	modules/skai-gaming/src/pages/play/CoinflipPageSections.tsx	/play/coinflip	Bet/side panel (356x621). The 356-wide panel measures EXACT against Figma at 1440; this individual state was not exercised.
9190:15209	furniture	modules/skai-gaming/src/pages/play/CoinflipPageSections.tsx	/play/coinflip	Not spec: page furniture / loose art raster. Excluded from the parity denominator. (GROUP 15x15, "Group 292")
9190:15212	furniture	modules/skai-gaming/src/pages/play/CoinflipPageSections.tsx	/play/coinflip	Not spec: page furniture / loose art raster. Excluded from the parity denominator. (GROUP 15x15, "Group 291")
9190:15379	unknown	modules/skai-gaming/src/pages/play/CoinflipPageSections.tsx	/play/coinflip	Desktop board state (954x621), the game widget rather than the page column. WIDGET BOARD 1440: DOM 914 wide vs Figma 954 -- the route panel adds 16px inner padding Figma does not, so 1318-32 = 1286 = 914+16+356 where Figma packs 954+8+356 = 1318. Side bet panel 356 is EXACT. This specific state was not exercised by this lane -- reaching it needs a settled round, and an unexercised state must not be called done.
9190:16004	unknown	modules/skai-gaming/src/pages/play/CoinflipPageSections.tsx	/play/coinflip	Desktop board state (954x621), the game widget rather than the page column. WIDGET BOARD 1440: DOM 914 wide vs Figma 954 -- the route panel adds 16px inner padding Figma does not, so 1318-32 = 1286 = 914+16+356 where Figma packs 954+8+356 = 1318. Side bet panel 356 is EXACT. This specific state was not exercised by this lane -- reaching it needs a settled round, and an unexercised state must not be called done.
9204:16958	unknown	modules/skai-gaming/src/pages/play/CoinflipPageSections.tsx	/play/coinflip	Bet/side panel (356x941). The 356-wide panel measures EXACT against Figma at 1440; this individual state was not exercised.
9204:17182	unknown	modules/skai-gaming/src/pages/play/CoinflipPageSections.tsx	/play/coinflip	Bet/side panel (356x621). The 356-wide panel measures EXACT against Figma at 1440; this individual state was not exercised.
9204:17308	unknown	modules/skai-gaming/src/pages/play/CoinflipPageSections.tsx	/play/coinflip	Desktop board state (954x621), the game widget rather than the page column. WIDGET BOARD 1440: DOM 914 wide vs Figma 954 -- the route panel adds 16px inner padding Figma does not, so 1318-32 = 1286 = 914+16+356 where Figma packs 954+8+356 = 1318. Side bet panel 356 is EXACT. This specific state was not exercised by this lane -- reaching it needs a settled round, and an unexercised state must not be called done.
9204:17690	unknown	modules/skai-gaming/src/pages/play/CoinflipPageSections.tsx	/play/coinflip	Desktop board state (954x621), the game widget rather than the page column. WIDGET BOARD 1440: DOM 914 wide vs Figma 954 -- the route panel adds 16px inner padding Figma does not, so 1318-32 = 1286 = 914+16+356 where Figma packs 954+8+356 = 1318. Side bet panel 356 is EXACT. This specific state was not exercised by this lane -- reaching it needs a settled round, and an unexercised state must not be called done.
9204:17982	unknown	modules/skai-gaming/src/pages/play/CoinflipPageSections.tsx	/play/coinflip	Bet/side panel (347x517). The 356-wide panel measures EXACT against Figma at 1440; this individual state was not exercised.
9204:18090	unknown	modules/skai-gaming/src/pages/play/CoinflipPageSections.tsx	/play/coinflip	Bet/side panel (347x494). The 356-wide panel measures EXACT against Figma at 1440; this individual state was not exercised.
9204:18220	unknown	modules/skai-gaming/src/pages/play/CoinflipPageSections.tsx	/play/coinflip	Bet/side panel (347x621). The 356-wide panel measures EXACT against Figma at 1440; this individual state was not exercised.
9204:18489	unknown	modules/skai-gaming/src/pages/play/CoinflipPageSections.tsx	/play/coinflip	Bet/side panel (347x941). The 356-wide panel measures EXACT against Figma at 1440; this individual state was not exercised.
9206:19430	unknown	modules/skai-gaming/src/pages/play/CoinflipPageSections.tsx	/play/coinflip	Bet/side panel (347x531). The 356-wide panel measures EXACT against Figma at 1440; this individual state was not exercised.
9206:19612	unknown	modules/skai-gaming/src/pages/play/CoinflipPageSections.tsx	/play/coinflip	Bet/side panel (347x859). The 356-wide panel measures EXACT against Figma at 1440; this individual state was not exercised.
9206:19903	unknown	modules/skai-gaming/src/pages/play/CoinflipPageSections.tsx	/play/coinflip	Bet/side panel (347x347). The 356-wide panel measures EXACT against Figma at 1440; this individual state was not exercised.
9207:20110	unknown	modules/skai-gaming/src/pages/play/CoinflipPageSections.tsx	/play/coinflip	Bet/side panel (347x347). The 356-wide panel measures EXACT against Figma at 1440; this individual state was not exercised.
9208:20333	unknown	modules/skai-gaming/src/pages/play/CoinflipPageSections.tsx	/play/coinflip	Bet/side panel (347x347). The 356-wide panel measures EXACT against Figma at 1440; this individual state was not exercised.
9208:20412	furniture	modules/skai-gaming/src/pages/play/CoinflipPageSections.tsx	/play/coinflip	Not spec: page furniture / loose art raster. Excluded from the parity denominator. (GROUP 299x299, "Tails")
9210:20604	furniture	modules/skai-gaming/src/pages/play/CoinflipPageSections.tsx	/play/coinflip	Not spec: page furniture / loose art raster. Excluded from the parity denominator. (GROUP 299x15, "Group 299")
9208:20462	furniture	modules/skai-gaming/src/pages/play/CoinflipPageSections.tsx	/play/coinflip	Not spec: page furniture / loose art raster. Excluded from the parity denominator. (GROUP 299x299, "Heads")
9209:20539	furniture	modules/skai-gaming/src/pages/play/CoinflipPageSections.tsx	/play/coinflip	Not spec: page furniture / loose art raster. Excluded from the parity denominator. (FRAME 1080x1350, "Frame 1000004107")
9210:20605	furniture	modules/skai-gaming/src/pages/play/CoinflipPageSections.tsx	/play/coinflip	Not spec: page furniture / loose art raster. Excluded from the parity denominator. (GROUP 299x15, "Group 300")
9210:20622	furniture	modules/skai-gaming/src/pages/play/CoinflipPageSections.tsx	/play/coinflip	Not spec: page furniture / loose art raster. Excluded from the parity denominator. (VECTOR 299x90, "Vector")
10215:5029	furniture	modules/skai-gaming/src/pages/play/CoinflipPageSections.tsx	/play/coinflip	Not spec: page furniture / loose art raster. Excluded from the parity denominator. (RECTANGLE 1307x803, "Screenshot 2026-08-24 at 12.35.14 PM 1")
10215:5030	furniture	modules/skai-gaming/src/pages/play/CoinflipPageSections.tsx	/play/coinflip	Not spec: page furniture / loose art raster. Excluded from the parity denominator. (RECTANGLE 1277x780, "Screenshot 2026-08-24 at 12.35.36 PM 1")
10215:5031	furniture	modules/skai-gaming/src/pages/play/CoinflipPageSections.tsx	/play/coinflip	Not spec: page furniture / loose art raster. Excluded from the parity denominator. (RECTANGLE 1293x791, "Screenshot 2026-08-24 at 12.35.48 PM 1")
10215:5032	furniture	modules/skai-gaming/src/pages/play/CoinflipPageSections.tsx	/play/coinflip	Not spec: page furniture / loose art raster. Excluded from the parity denominator. (RECTANGLE 1295x773, "Screenshot 2026-08-24 at 12.36.13 PM 1")
10215:5033	furniture	modules/skai-gaming/src/pages/play/CoinflipPageSections.tsx	/play/coinflip	Not spec: page furniture / loose art raster. Excluded from the parity denominator. (RECTANGLE 1284x781, "Screenshot 2026-08-24 at 12.36.24 PM 1")
10215:5078	unknown	modules/skai-gaming/src/pages/play/CoinflipPageSections.tsx	/play/coinflip	Desktop board state (954x621), the game widget rather than the page column. WIDGET BOARD 1440: DOM 914 wide vs Figma 954 -- the route panel adds 16px inner padding Figma does not, so 1318-32 = 1286 = 914+16+356 where Figma packs 954+8+356 = 1318. Side bet panel 356 is EXACT. This specific state was not exercised by this lane -- reaching it needs a settled round, and an unexercised state must not be called done.
10215:6194	unknown	modules/skai-gaming/src/pages/play/CoinflipPageSections.tsx	/play/coinflip	Desktop board state (954x621), the game widget rather than the page column. WIDGET BOARD 1440: DOM 914 wide vs Figma 954 -- the route panel adds 16px inner padding Figma does not, so 1318-32 = 1286 = 914+16+356 where Figma packs 954+8+356 = 1318. Side bet panel 356 is EXACT. This specific state was not exercised by this lane -- reaching it needs a settled round, and an unexercised state must not be called done.
10221:6245	unknown	modules/skai-gaming/src/pages/play/CoinflipPageSections.tsx	/play/coinflip	Bet/side panel (324x66). The 356-wide panel measures EXACT against Figma at 1440; this individual state was not exercised.
9003:139146	unknown	modules/skai-gaming/src/pages/play/ScratchersPageSections.tsx	/play/scratchers	Bet/side panel (356x621). The 356-wide panel measures EXACT against Figma at 1440; this individual state was not exercised.
9003:140212	furniture	modules/skai-gaming/src/pages/play/ScratchersPageSections.tsx	/play/scratchers	Not spec: page furniture / loose art raster. Excluded from the parity denominator. (FRAME 6340x352, "Directory")
9003:140218	furniture	modules/skai-gaming/src/pages/play/ScratchersPageSections.tsx	/play/scratchers	Not spec: page furniture / loose art raster. Excluded from the parity denominator. (FRAME 1450x164, "Breakpoint")
9003:140220	furniture	modules/skai-gaming/src/pages/play/ScratchersPageSections.tsx	/play/scratchers	Not spec: page furniture / loose art raster. Excluded from the parity denominator. (RECTANGLE 720x720, "Rectangle 147")
9003:140221	furniture	modules/skai-gaming/src/pages/play/ScratchersPageSections.tsx	/play/scratchers	Not spec: page furniture / loose art raster. Excluded from the parity denominator. (FRAME 1450x164, "Breakpoint")
9003:140223	furniture	modules/skai-gaming/src/pages/play/ScratchersPageSections.tsx	/play/scratchers	Not spec: page furniture / loose art raster. Excluded from the parity denominator. (FRAME 1450x164, "Breakpoint")
9003:142707	partial	modules/skai-gaming/src/pages/play/ScratchersPageSections.tsx	/play/scratchers	MEASURED 1440 2026-08-26: column 1318 @x87 == Figma Frame 520 1318 (EXACT); region gaps 40/40/81 vs Figma 40/40/80; page title 32/300/lh36 == Figma 32 Light/lh36; section headings 24/400/lh28 == Figma 24 Regular/lh28; 'Community wins' 18/700/lh24 == Figma 18 Bold/lh24; card fill rgb(18,37,36) == Figma #122524. WIDGET BOARD 1440: DOM 914 wide vs Figma 954 -- the route panel adds 16px inner padding Figma does not, so 1318-32 = 1286 = 914+16+356 where Figma packs 954+8+356 = 1318. Side bet panel 356 is EXACT. Info-card radius on this page ships 24px vs Figma 12px. RADIUS DIVERGES and is why this is not `done`: Figma's bound vars resolve rounded-lg=8 rounded-xl=12 rounded-2xl=16, ours ship 12/16/24, so every named-class radius lands ONE STEP LARGE (info card 24 vs Figma 12, more-games strip 16 vs 12, assurance cards 16 vs 12, FAQ 24 vs 16, bets rows 12 vs 8). Every pixel-literal in the same files (rounded-[10px], rounded-[12px] sub-bar) matches Figma EXACTLY, which is the proof it is the class scale and not the intent.
9003:148466	partial	modules/skai-gaming/src/pages/play/ScratchersPageSections.tsx	/play/scratchers	MEASURED 768 2026-08-26: column 718 @x22 vs Figma bento 708 @x30 (+10w/-8x); gaps 40/40/81; page title stays 32/300/lh36 where the Figma tablet frame draws 24 Light/lh28 and its details heading 18 Regular/lh22 -- the type ramp does not step down at this width.
9003:149392	partial	modules/skai-gaming/src/pages/play/ScratchersPageSections.tsx	/play/scratchers	MEASURED 768 2026-08-26: column 718 @x22 vs Figma bento 708 @x30 (+10w/-8x); gaps 40/40/81; page title stays 32/300/lh36 where the Figma tablet frame draws 24 Light/lh28 and its details heading 18 Regular/lh22 -- the type ramp does not step down at this width.
9212:20910	unknown	modules/skai-gaming/src/pages/play/ScratchersPageSections.tsx	/play/scratchers	Desktop board state (954x621), the game widget rather than the page column. WIDGET BOARD 1440: DOM 914 wide vs Figma 954 -- the route panel adds 16px inner padding Figma does not, so 1318-32 = 1286 = 914+16+356 where Figma packs 954+8+356 = 1318. Side bet panel 356 is EXACT. This specific state was not exercised by this lane -- reaching it needs a settled round, and an unexercised state must not be called done.
9212:22275	unknown	modules/skai-gaming/src/pages/play/ScratchersPageSections.tsx	/play/scratchers	Bet/side panel (356x695). The 356-wide panel measures EXACT against Figma at 1440; this individual state was not exercised.
9212:23847	partial	modules/skai-gaming/src/pages/play/ScratchersPageSections.tsx	/play/scratchers	MEASURED 375 2026-08-26: column 333 vs Figma bento 347 (-14); no horizontal overflow; page title 24/300/lh24 vs Figma 20 Light/lh24; details heading 24/400/lh28 vs Figma 18 Regular/lh22 -- the mobile type ramp is not implemented, the desktop sizes are reused.
9212:24729	unknown	modules/skai-gaming/src/pages/play/ScratchersPageSections.tsx	/play/scratchers	Bet/side panel (347x359). The 356-wide panel measures EXACT against Figma at 1440; this individual state was not exercised.
9212:24822	unknown	modules/skai-gaming/src/pages/play/ScratchersPageSections.tsx	/play/scratchers	Bet/side panel (347x687). The 356-wide panel measures EXACT against Figma at 1440; this individual state was not exercised.
9212:24967	unknown	modules/skai-gaming/src/pages/play/ScratchersPageSections.tsx	/play/scratchers	Bet/side panel (347x410). The 356-wide panel measures EXACT against Figma at 1440; this individual state was not exercised.
9621:1282	unknown	modules/skai-gaming/src/pages/play/ScratchersPageSections.tsx	/play/scratchers	Bet/side panel (347x410). The 356-wide panel measures EXACT against Figma at 1440; this individual state was not exercised.
9220:26113	furniture	modules/skai-gaming/src/pages/play/ScratchersPageSections.tsx	/play/scratchers	Not spec: page furniture / loose art raster. Excluded from the parity denominator. (FRAME 2748x4096, "Frame 1000004102")
9220:26119	unknown	modules/skai-gaming/src/pages/play/ScratchersPageSections.tsx	/play/scratchers	Component fragment (FRAME 564x658, "modal") with no independent screen; not assessed by this lane.
9220:26173	furniture	modules/skai-gaming/src/pages/play/ScratchersPageSections.tsx	/play/scratchers	Not spec: page furniture / loose art raster. Excluded from the parity denominator. (RECTANGLE 510x552, "Screenshot 2026-07-27 at 8.19.39 PM 1")
9220:26174	furniture	modules/skai-gaming/src/pages/play/ScratchersPageSections.tsx	/play/scratchers	Not spec: page furniture / loose art raster. Excluded from the parity denominator. (RECTANGLE 550x566, "Screenshot 2026-07-27 at 8.20.03 PM 1")
10221:7338	unknown	modules/skai-gaming/src/pages/play/ScratchersPageSections.tsx	/play/scratchers	Desktop board state (954x621), the game widget rather than the page column. WIDGET BOARD 1440: DOM 914 wide vs Figma 954 -- the route panel adds 16px inner padding Figma does not, so 1318-32 = 1286 = 914+16+356 where Figma packs 954+8+356 = 1318. Side bet panel 356 is EXACT. This specific state was not exercised by this lane -- reaching it needs a settled round, and an unexercised state must not be called done.
9061:15465	furniture	modules/skai-gaming/src/pages/play/ChickenPageSections.tsx	/play/chicken	Not spec: page furniture / loose art raster. Excluded from the parity denominator. (FRAME 6340x352, "Directory")
9061:15471	furniture	modules/skai-gaming/src/pages/play/ChickenPageSections.tsx	/play/chicken	Not spec: page furniture / loose art raster. Excluded from the parity denominator. (FRAME 1450x164, "Breakpoint")
9061:15473	furniture	modules/skai-gaming/src/pages/play/ChickenPageSections.tsx	/play/chicken	Not spec: page furniture / loose art raster. Excluded from the parity denominator. (RECTANGLE 720x720, "Rectangle 147")
9061:15474	furniture	modules/skai-gaming/src/pages/play/ChickenPageSections.tsx	/play/chicken	Not spec: page furniture / loose art raster. Excluded from the parity denominator. (FRAME 1450x164, "Breakpoint")
9061:15476	furniture	modules/skai-gaming/src/pages/play/ChickenPageSections.tsx	/play/chicken	Not spec: page furniture / loose art raster. Excluded from the parity denominator. (FRAME 1450x164, "Breakpoint")
9363:1963	partial	modules/skai-gaming/src/pages/play/ChickenPageSections.tsx	/play/chicken	MEASURED 1440 2026-08-26: column 1318 @x87 == Figma Frame 520 1318 (EXACT); region gaps 40/40/81 vs Figma 40/40/80; page title 32/300/lh36 == Figma 32 Light/lh36; section headings 24/400/lh28 == Figma 24 Regular/lh28; 'Community wins' 18/700/lh24 == Figma 18 Bold/lh24; card fill rgb(18,37,36) == Figma #122524. WIDGET BOARD 1440: DOM 914 wide vs Figma 954 -- the route panel adds 16px inner padding Figma does not, so 1318-32 = 1286 = 914+16+356 where Figma packs 954+8+356 = 1318. Side bet panel 356 is EXACT. Info-card radius on this page ships 24px vs Figma 12px. RADIUS DIVERGES and is why this is not `done`: Figma's bound vars resolve rounded-lg=8 rounded-xl=12 rounded-2xl=16, ours ship 12/16/24, so every named-class radius lands ONE STEP LARGE (info card 24 vs Figma 12, more-games strip 16 vs 12, assurance cards 16 vs 12, FAQ 24 vs 16, bets rows 12 vs 8). Every pixel-literal in the same files (rounded-[10px], rounded-[12px] sub-bar) matches Figma EXACTLY, which is the proof it is the class scale and not the intent.
9363:2936	partial	modules/skai-gaming/src/pages/play/ChickenPageSections.tsx	/play/chicken	MEASURED 375 2026-08-26: column 333 vs Figma bento 347 (-14); no horizontal overflow; page title 24/300/lh24 vs Figma 20 Light/lh24; details heading 24/400/lh28 vs Figma 18 Regular/lh22 -- the mobile type ramp is not implemented, the desktop sizes are reused.
9429:2661	unknown	modules/skai-gaming/src/pages/play/ChickenPageSections.tsx	/play/chicken	Bet/side panel (347x247). The 356-wide panel measures EXACT against Figma at 1440; this individual state was not exercised.
9363:4571	unknown	modules/skai-gaming/src/pages/play/ChickenPageSections.tsx	/play/chicken	Bet/side panel (356x621). The 356-wide panel measures EXACT against Figma at 1440; this individual state was not exercised.
9364:3821	furniture	modules/skai-gaming/src/pages/play/ChickenPageSections.tsx	/play/chicken	Not spec: page furniture / loose art raster. Excluded from the parity denominator. (RECTANGLE 232x126, "taxi car 1")
9364:3823	furniture	modules/skai-gaming/src/pages/play/ChickenPageSections.tsx	/play/chicken	Not spec: page furniture / loose art raster. Excluded from the parity denominator. (RECTANGLE 251x132, "sports car 1")
9368:3825	furniture	modules/skai-gaming/src/pages/play/ChickenPageSections.tsx	/play/chicken	Not spec: page furniture / loose art raster. Excluded from the parity denominator. (RECTANGLE 228x305, "hotdog 1")
9368:3826	furniture	modules/skai-gaming/src/pages/play/ChickenPageSections.tsx	/play/chicken	Not spec: page furniture / loose art raster. Excluded from the parity denominator. (RECTANGLE 228x305, "minivan 1")
9368:3827	furniture	modules/skai-gaming/src/pages/play/ChickenPageSections.tsx	/play/chicken	Not spec: page furniture / loose art raster. Excluded from the parity denominator. (RECTANGLE 228x306, "police car 1")
9368:3828	furniture	modules/skai-gaming/src/pages/play/ChickenPageSections.tsx	/play/chicken	Not spec: page furniture / loose art raster. Excluded from the parity denominator. (RECTANGLE 228x306, "truck 1")
9368:3829	furniture	modules/skai-gaming/src/pages/play/ChickenPageSections.tsx	/play/chicken	Not spec: page furniture / loose art raster. Excluded from the parity denominator. (RECTANGLE 228x306, "boxtruck 1")
9368:3833	furniture	modules/skai-gaming/src/pages/play/ChickenPageSections.tsx	/play/chicken	Not spec: page furniture / loose art raster. Excluded from the parity denominator. (RECTANGLE 217x270, "chicken character 1")
9368:3835	unknown	modules/skai-gaming/src/pages/play/ChickenPageSections.tsx	/play/chicken	Bet/side panel (356x859). The 356-wide panel measures EXACT against Figma at 1440; this individual state was not exercised.
9380:7138	unknown	modules/skai-gaming/src/pages/play/ChickenPageSections.tsx	/play/chicken	Component fragment (FRAME 310x192, "Road Block") with no independent screen; not assessed by this lane.
9380:7158	furniture	modules/skai-gaming/src/pages/play/ChickenPageSections.tsx	/play/chicken	Not spec: page furniture / loose art raster. Excluded from the parity denominator. (GROUP 322x200, "Group 315")
9429:2075	unknown	modules/skai-gaming/src/pages/play/ChickenPageSections.tsx	/play/chicken	Component fragment (FRAME 2709x621, "Hard Desktop") with no independent screen; not assessed by this lane.
9380:10169	furniture	modules/skai-gaming/src/pages/play/ChickenPageSections.tsx	/play/chicken	Not spec: page furniture / loose art raster. Excluded from the parity denominator. (RECTANGLE 299x400, "flat chick 1")
9380:10283	unknown	modules/skai-gaming/src/pages/play/ChickenPageSections.tsx	/play/chicken	Bet/side panel (347x441). The 356-wide panel measures EXACT against Figma at 1440; this individual state was not exercised.
9380:10404	unknown	modules/skai-gaming/src/pages/play/ChickenPageSections.tsx	/play/chicken	Bet/side panel (347x769). The 356-wide panel measures EXACT against Figma at 1440; this individual state was not exercised.
9428:6660	unknown	modules/skai-gaming/src/pages/play/ChickenPageSections.tsx	/play/chicken	Component fragment (FRAME 3025x621, "Medium Desktop") with no independent screen; not assessed by this lane.
9428:8535	unknown	modules/skai-gaming/src/pages/play/ChickenPageSections.tsx	/play/chicken	Component fragment (FRAME 3025x621, "Medium Desktop - In Play Feature Showcase") with no independent screen; not assessed by this lane.
9431:3268	unknown	modules/skai-gaming/src/pages/play/ChickenPageSections.tsx	/play/chicken	Component fragment (FRAME 3337x621, "Easy Desktop") with no independent screen; not assessed by this lane.
9432:5358	unknown	modules/skai-gaming/src/pages/play/ChickenPageSections.tsx	/play/chicken	Component fragment (FRAME 1203x247, "Medium Desktop - In Play") with no independent screen; not assessed by this lane.
9432:8016	unknown	modules/skai-gaming/src/pages/play/ChickenPageSections.tsx	/play/chicken	Component fragment (FRAME 1327x247, "Easy Desktop") with no independent screen; not assessed by this lane.
9432:8667	unknown	modules/skai-gaming/src/pages/play/ChickenPageSections.tsx	/play/chicken	Component fragment (FRAME 1203x247, "Medium Desktop") with no independent screen; not assessed by this lane.
9432:9285	unknown	modules/skai-gaming/src/pages/play/ChickenPageSections.tsx	/play/chicken	Component fragment (FRAME 1077x247, "Hard Desktop") with no independent screen; not assessed by this lane.
9058:2404	furniture	modules/skai-gaming/src/pages/play/HiLoPageSections.tsx	/play/hilo	Not spec: page furniture / loose art raster. Excluded from the parity denominator. (FRAME 6340x352, "Directory")
9058:2410	furniture	modules/skai-gaming/src/pages/play/HiLoPageSections.tsx	/play/hilo	Not spec: page furniture / loose art raster. Excluded from the parity denominator. (FRAME 1450x164, "Breakpoint")
9058:2412	furniture	modules/skai-gaming/src/pages/play/HiLoPageSections.tsx	/play/hilo	Not spec: page furniture / loose art raster. Excluded from the parity denominator. (RECTANGLE 720x720, "Rectangle 147")
9058:2413	furniture	modules/skai-gaming/src/pages/play/HiLoPageSections.tsx	/play/hilo	Not spec: page furniture / loose art raster. Excluded from the parity denominator. (FRAME 1450x164, "Breakpoint")
9058:2415	furniture	modules/skai-gaming/src/pages/play/HiLoPageSections.tsx	/play/hilo	Not spec: page furniture / loose art raster. Excluded from the parity denominator. (FRAME 1450x164, "Breakpoint")
9061:10499	partial	modules/skai-gaming/src/pages/play/HiLoPageSections.tsx	/play/hilo	MEASURED 1440 2026-08-26: column 1318 @x87 == Figma Frame 520 1318 (EXACT); region gaps 40/40/81 vs Figma 40/40/80; page title 32/300/lh36 == Figma 32 Light/lh36; section headings 24/400/lh28 == Figma 24 Regular/lh28; 'Community wins' 18/700/lh24 == Figma 18 Bold/lh24; card fill rgb(18,37,36) == Figma #122524. Info-card radius ships 24px vs Figma 12px. RADIUS DIVERGES and is why this is not `done`: Figma's bound vars resolve rounded-lg=8 rounded-xl=12 rounded-2xl=16, ours ship 12/16/24, so every named-class radius lands ONE STEP LARGE (info card 24 vs Figma 12, more-games strip 16 vs 12, assurance cards 16 vs 12, FAQ 24 vs 16, bets rows 12 vs 8). Every pixel-literal in the same files (rounded-[10px], rounded-[12px] sub-bar) matches Figma EXACTLY, which is the proof it is the class scale and not the intent. ⚠ CARRIES A FRAME DEFECT IN ONE REGION, do not reproduce it; game PARKED by Casey. Confirmed live: 9332:26528 'Profit Higher: (1.17x)' and 9332:26538 'Profit Lower: (4.29x)' label TOTAL RETURN as Profit -- paying those as profit is the ~133% RTP the brief warns about. The page column around it is measured and sound.
9061:9472	frame-defect	modules/skai-gaming/src/pages/play/HiLoPageSections.tsx	/play/hilo	FRAME DEFECT, do not build; game PARKED. Second 1440 cut (Hi-Lo Loss), a rival of 9061:10499 at the identical breakpoint, carrying the same mislabel: 9061:9598 'Profit Higher: (3.22x)', 9061:9608 'Profit Lower: (1.29x)'. ★ THE TWO 1440 FRAMES DISAGREE ON THE PAIR (1.17/4.29 vs 3.22/1.29), which is itself the evidence that these numbers are placeholder rather than spec.
9058:4372	frame-defect	modules/skai-gaming/src/pages/play/HiLoPageSections.tsx	/play/hilo	FRAME DEFECT, do not build; game PARKED. Tablet cut carrying the same mislabelled ladder (9061:15288/15298/15428). Mis-titled 'Scratchers'; artwork is Hi-Lo.
9079:3253	furniture	modules/skai-gaming/src/pages/play/HiLoPageSections.tsx	/play/hilo	Not spec: page furniture / loose art raster. Excluded from the parity denominator. (RECTANGLE 905x640, "Screenshot 2026-07-23 at 9.53.47 PM 1")
9332:27318	furniture	modules/skai-gaming/src/pages/play/HiLoPageSections.tsx	/play/hilo	Not spec: page furniture / loose art raster. Excluded from the parity denominator. (RECTANGLE 590x1278, "IMG_4939 2 1")
9332:27319	furniture	modules/skai-gaming/src/pages/play/HiLoPageSections.tsx	/play/hilo	Not spec: page furniture / loose art raster. Excluded from the parity denominator. (RECTANGLE 590x1278, "IMG_4940 2 1")
9332:27320	unknown	modules/skai-gaming/src/pages/play/HiLoPageSections.tsx	/play/hilo	Bet/side panel (347x410). The 356-wide panel measures EXACT against Figma at 1440; this individual state was not exercised.
9351:3397	furniture	modules/skai-gaming/src/pages/play/HiLoPageSections.tsx	/play/hilo	Not spec: page furniture / loose art raster. Excluded from the parity denominator. (RECTANGLE 1080x1350, "Frame 1000004097 1")
9351:4708	partial	modules/skai-gaming/src/pages/play/HiLoPageSections.tsx	/play/hilo	MEASURED 375 2026-08-26: column 333 vs Figma bento 347 (-14); no horizontal overflow; page title 24/300/lh24 vs Figma 20 Light/lh24; details heading 24/400/lh28 vs Figma 18 Regular/lh22 -- the mobile type ramp is not implemented, the desktop sizes are reused.
10248:9763	unknown	modules/skai-gaming/src/pages/play/HiLoPageSections.tsx	/play/hilo	Desktop board state (954x621), the game widget rather than the page column. WIDGET BOARD 1440: DOM 914 wide vs Figma 954 -- the route panel adds 16px inner padding Figma does not, so 1318-32 = 1286 = 914+16+356 where Figma packs 954+8+356 = 1318. Side bet panel 356 is EXACT. This specific state was not exercised by this lane -- reaching it needs a settled round, and an unexercised state must not be called done.
10249:9938	unknown	modules/skai-gaming/src/pages/play/HiLoPageSections.tsx	/play/hilo	Bet/side panel (356x621). The 356-wide panel measures EXACT against Figma at 1440; this individual state was not exercised.
9392:1784	furniture	modules/skai-gaming/src/pages/play/DartsPageSections.tsx	/play/darts	Not spec: page furniture / loose art raster. Excluded from the parity denominator. (FRAME 6340x352, "Directory")
9392:1790	furniture	modules/skai-gaming/src/pages/play/DartsPageSections.tsx	/play/darts	Not spec: page furniture / loose art raster. Excluded from the parity denominator. (FRAME 1450x164, "Breakpoint")
9392:1792	furniture	modules/skai-gaming/src/pages/play/DartsPageSections.tsx	/play/darts	Not spec: page furniture / loose art raster. Excluded from the parity denominator. (RECTANGLE 720x720, "Rectangle 147")
9392:1793	furniture	modules/skai-gaming/src/pages/play/DartsPageSections.tsx	/play/darts	Not spec: page furniture / loose art raster. Excluded from the parity denominator. (FRAME 1450x164, "Breakpoint")
9392:1795	furniture	modules/skai-gaming/src/pages/play/DartsPageSections.tsx	/play/darts	Not spec: page furniture / loose art raster. Excluded from the parity denominator. (FRAME 1450x164, "Breakpoint")
9392:1798	partial	modules/skai-gaming/src/pages/play/DartsPageSections.tsx	/play/darts	MEASURED 1440 2026-08-26: column 1318 @x87 == Figma Frame 520 1318 (EXACT); region gaps 40/40/81 vs Figma 40/40/80; page title 32/300/lh36 == Figma 32 Light/lh36; section headings 24/400/lh28 == Figma 24 Regular/lh28; 'Community wins' 18/700/lh24 == Figma 18 Bold/lh24; card fill rgb(18,37,36) == Figma #122524. WIDGET BOARD 1440: DOM 914 wide vs Figma 954 -- the route panel adds 16px inner padding Figma does not, so 1318-32 = 1286 = 914+16+356 where Figma packs 954+8+356 = 1318. Side bet panel 356 is EXACT. Info-card radius on this page ships 24px vs Figma 12px. RADIUS DIVERGES and is why this is not `done`: Figma's bound vars resolve rounded-lg=8 rounded-xl=12 rounded-2xl=16, ours ship 12/16/24, so every named-class radius lands ONE STEP LARGE (info card 24 vs Figma 12, more-games strip 16 vs 12, assurance cards 16 vs 12, FAQ 24 vs 16, bets rows 12 vs 8). Every pixel-literal in the same files (rounded-[10px], rounded-[12px] sub-bar) matches Figma EXACTLY, which is the proof it is the class scale and not the intent.
9393:1042	unknown	modules/skai-gaming/src/pages/play/DartsPageSections.tsx	/play/darts	Bet/side panel (356x621). The 356-wide panel measures EXACT against Figma at 1440; this individual state was not exercised.
9411:7933	unknown	modules/skai-gaming/src/pages/play/DartsPageSections.tsx	/play/darts	Desktop board state (954x621), the game widget rather than the page column. WIDGET BOARD 1440: DOM 914 wide vs Figma 954 -- the route panel adds 16px inner padding Figma does not, so 1318-32 = 1286 = 914+16+356 where Figma packs 954+8+356 = 1318. Side bet panel 356 is EXACT. This specific state was not exercised by this lane -- reaching it needs a settled round, and an unexercised state must not be called done.
9411:7955	unknown	modules/skai-gaming/src/pages/play/DartsPageSections.tsx	/play/darts	Desktop board state (954x621), the game widget rather than the page column. WIDGET BOARD 1440: DOM 914 wide vs Figma 954 -- the route panel adds 16px inner padding Figma does not, so 1318-32 = 1286 = 914+16+356 where Figma packs 954+8+356 = 1318. Side bet panel 356 is EXACT. This specific state was not exercised by this lane -- reaching it needs a settled round, and an unexercised state must not be called done.
9411:7977	unknown	modules/skai-gaming/src/pages/play/DartsPageSections.tsx	/play/darts	Desktop board state (954x621), the game widget rather than the page column. WIDGET BOARD 1440: DOM 914 wide vs Figma 954 -- the route panel adds 16px inner padding Figma does not, so 1318-32 = 1286 = 914+16+356 where Figma packs 954+8+356 = 1318. Side bet panel 356 is EXACT. This specific state was not exercised by this lane -- reaching it needs a settled round, and an unexercised state must not be called done.
9433:10159	furniture	modules/skai-gaming/src/pages/play/DartsPageSections.tsx	/play/darts	Not spec: page furniture / loose art raster. Excluded from the parity denominator. (ELLIPSE 100x100, "Ellipse 92")
9433:10160	furniture	modules/skai-gaming/src/pages/play/DartsPageSections.tsx	/play/darts	Not spec: page furniture / loose art raster. Excluded from the parity denominator. (ELLIPSE 150x150, "Ellipse 93")
9433:10161	furniture	modules/skai-gaming/src/pages/play/DartsPageSections.tsx	/play/darts	Not spec: page furniture / loose art raster. Excluded from the parity denominator. (ELLIPSE 150x150, "Ellipse 94")
9433:10162	furniture	modules/skai-gaming/src/pages/play/DartsPageSections.tsx	/play/darts	Not spec: page furniture / loose art raster. Excluded from the parity denominator. (ELLIPSE 150x150, "Ellipse 95")
9433:10163	furniture	modules/skai-gaming/src/pages/play/DartsPageSections.tsx	/play/darts	Not spec: page furniture / loose art raster. Excluded from the parity denominator. (ELLIPSE 150x150, "Ellipse 96")
9433:10164	furniture	modules/skai-gaming/src/pages/play/DartsPageSections.tsx	/play/darts	Not spec: page furniture / loose art raster. Excluded from the parity denominator. (ELLIPSE 100x100, "Ellipse 97")
9433:10165	furniture	modules/skai-gaming/src/pages/play/DartsPageSections.tsx	/play/darts	Not spec: page furniture / loose art raster. Excluded from the parity denominator. (ELLIPSE 50x50, "Ellipse 98")
9433:10218	furniture	modules/skai-gaming/src/pages/play/DartsPageSections.tsx	/play/darts	Not spec: page furniture / loose art raster. Excluded from the parity denominator. (GROUP 142x142, "Group 1")
9433:16420	unknown	modules/skai-gaming/src/pages/play/DartsPageSections.tsx	/play/darts	Desktop board state (954x621), the game widget rather than the page column. WIDGET BOARD 1440: DOM 914 wide vs Figma 954 -- the route panel adds 16px inner padding Figma does not, so 1318-32 = 1286 = 914+16+356 where Figma packs 954+8+356 = 1318. Side bet panel 356 is EXACT. This specific state was not exercised by this lane -- reaching it needs a settled round, and an unexercised state must not be called done.
9442:16948	unknown	modules/skai-gaming/src/pages/play/DartsPageSections.tsx	/play/darts	Bet/side panel (356x621). The 356-wide panel measures EXACT against Figma at 1440; this individual state was not exercised.
9442:17107	unknown	modules/skai-gaming/src/pages/play/DartsPageSections.tsx	/play/darts	Bet/side panel (356x777). The 356-wide panel measures EXACT against Figma at 1440; this individual state was not exercised.
9442:17258	partial	modules/skai-gaming/src/pages/play/DartsPageSections.tsx	/play/darts	MEASURED 375 2026-08-26: column 333 vs Figma bento 347 (-14); no horizontal overflow; page title 24/300/lh24 vs Figma 20 Light/lh24; details heading 24/400/lh28 vs Figma 18 Regular/lh22 -- the mobile type ramp is not implemented, the desktop sizes are reused.
9455:18169	frame-defect	modules/skai-gaming/src/pages/play/DartsPageSections.tsx	/play/darts	FRAME DEFECT, do not build. The one multiplier legend of Darts' four contradictory sets that ships VISIBLE at top level, advertising up to 500x against an 8x rail. Named in the lane brief and confirmed present at 66x356.
9455:19001	unknown	modules/skai-gaming/src/pages/play/DartsPageSections.tsx	/play/darts	Bet/side panel (347x347). The 356-wide panel measures EXACT against Figma at 1440; this individual state was not exercised.
9467:19582	unknown	modules/skai-gaming/src/pages/play/DartsPageSections.tsx	/play/darts	Bet/side panel (347x347). The 356-wide panel measures EXACT against Figma at 1440; this individual state was not exercised.
9455:19108	unknown	modules/skai-gaming/src/pages/play/DartsPageSections.tsx	/play/darts	Bet/side panel (347x441). The 356-wide panel measures EXACT against Figma at 1440; this individual state was not exercised.
9455:19263	unknown	modules/skai-gaming/src/pages/play/DartsPageSections.tsx	/play/darts	Bet/side panel (347x769). The 356-wide panel measures EXACT against Figma at 1440; this individual state was not exercised.
9467:19674	furniture	modules/skai-gaming/src/pages/play/DartsPageSections.tsx	/play/darts	Not spec: page furniture / loose art raster. Excluded from the parity denominator. (FRAME 1080x1611, "Frame 1000004126")
9475:19822	furniture	modules/skai-gaming/src/pages/play/DartsPageSections.tsx	/play/darts	Not spec: page furniture / loose art raster. Excluded from the parity denominator. (RECTANGLE 1080x1350, "Frame 1000004126 1")
9475:19850	furniture	modules/skai-gaming/src/pages/play/DartsPageSections.tsx	/play/darts	Not spec: page furniture / loose art raster. Excluded from the parity denominator. (GROUP 216x299, "Group 5")
9433:10192	unknown	modules/skai-gaming/src/pages/play/DartsPageSections.tsx	/play/darts	Component fragment (FRAME 155x154, "Group 1 1") with no independent screen; not assessed by this lane.
9433:12175	furniture	modules/skai-gaming/src/pages/play/KenoPageSections.tsx	/play/keno	Not spec: page furniture / loose art raster. Excluded from the parity denominator. (FRAME 6340x352, "Directory")
9433:12181	furniture	modules/skai-gaming/src/pages/play/KenoPageSections.tsx	/play/keno	Not spec: page furniture / loose art raster. Excluded from the parity denominator. (FRAME 1450x164, "Breakpoint")
9433:12183	furniture	modules/skai-gaming/src/pages/play/KenoPageSections.tsx	/play/keno	Not spec: page furniture / loose art raster. Excluded from the parity denominator. (FRAME 1450x164, "Breakpoint")
9433:12185	furniture	modules/skai-gaming/src/pages/play/KenoPageSections.tsx	/play/keno	Not spec: page furniture / loose art raster. Excluded from the parity denominator. (FRAME 1450x164, "Breakpoint")
9433:12187	partial	modules/skai-gaming/src/pages/play/KenoPageSections.tsx	/play/keno	MEASURED 1440 2026-08-26: column 1318 @x87 == Figma Frame 520 1318 (EXACT); region gaps 40/40/81 vs Figma 40/40/80; page title 32/300/lh36 == Figma 32 Light/lh36; section headings 24/400/lh28 == Figma 24 Regular/lh28; 'Community wins' 18/700/lh24 == Figma 18 Bold/lh24; card fill rgb(18,37,36) == Figma #122524. WIDGET BOARD 1440: DOM 914 wide vs Figma 954 -- the route panel adds 16px inner padding Figma does not, so 1318-32 = 1286 = 914+16+356 where Figma packs 954+8+356 = 1318. Side bet panel 356 is EXACT. Info-card radius on this page ships 16px vs Figma 12px. RADIUS DIVERGES and is why this is not `done`: Figma's bound vars resolve rounded-lg=8 rounded-xl=12 rounded-2xl=16, ours ship 12/16/24, so every named-class radius lands ONE STEP LARGE (info card 24 vs Figma 12, more-games strip 16 vs 12, assurance cards 16 vs 12, FAQ 24 vs 16, bets rows 12 vs 8). Every pixel-literal in the same files (rounded-[10px], rounded-[12px] sub-bar) matches Figma EXACTLY, which is the proof it is the class scale and not the intent.
9433:14563	partial	modules/skai-gaming/src/pages/play/KenoPageSections.tsx	/play/keno	MEASURED 375 2026-08-26: column 333 vs Figma bento 347 (-14); no horizontal overflow; page title 24/300/lh24 vs Figma 20 Light/lh24; details heading 24/400/lh28 vs Figma 18 Regular/lh22 -- the mobile type ramp is not implemented, the desktop sizes are reused.
9433:14989	unknown	modules/skai-gaming/src/pages/play/KenoPageSections.tsx	/play/keno	Bet/side panel (347x557). The 356-wide panel measures EXACT against Figma at 1440; this individual state was not exercised.
9433:15057	unknown	modules/skai-gaming/src/pages/play/KenoPageSections.tsx	/play/keno	Bet/side panel (347x885). The 356-wide panel measures EXACT against Figma at 1440; this individual state was not exercised.
9481:20645	unknown	modules/skai-gaming/src/pages/play/KenoPageSections.tsx	/play/keno	Desktop board state (954x621), the game widget rather than the page column. WIDGET BOARD 1440: DOM 914 wide vs Figma 954 -- the route panel adds 16px inner padding Figma does not, so 1318-32 = 1286 = 914+16+356 where Figma packs 954+8+356 = 1318. Side bet panel 356 is EXACT. This specific state was not exercised by this lane -- reaching it needs a settled round, and an unexercised state must not be called done.
9481:20950	unknown	modules/skai-gaming/src/pages/play/KenoPageSections.tsx	/play/keno	Desktop board state (954x621), the game widget rather than the page column. WIDGET BOARD 1440: DOM 914 wide vs Figma 954 -- the route panel adds 16px inner padding Figma does not, so 1318-32 = 1286 = 914+16+356 where Figma packs 954+8+356 = 1318. Side bet panel 356 is EXACT. This specific state was not exercised by this lane -- reaching it needs a settled round, and an unexercised state must not be called done.
9481:21797	unknown	modules/skai-gaming/src/pages/play/KenoPageSections.tsx	/play/keno	Desktop board state (954x621), the game widget rather than the page column. WIDGET BOARD 1440: DOM 914 wide vs Figma 954 -- the route panel adds 16px inner padding Figma does not, so 1318-32 = 1286 = 914+16+356 where Figma packs 954+8+356 = 1318. Side bet panel 356 is EXACT. This specific state was not exercised by this lane -- reaching it needs a settled round, and an unexercised state must not be called done.
9494:6995	furniture	modules/skai-gaming/src/pages/play/KenoPageSections.tsx	/play/keno	Not spec: page furniture / loose art raster. Excluded from the parity denominator. (VECTOR 1240x1456, "Vector 359")
9494:6994	furniture	modules/skai-gaming/src/pages/play/KenoPageSections.tsx	/play/keno	Not spec: page furniture / loose art raster. Excluded from the parity denominator. (VECTOR 1240x1456, "Vector 358")
9494:6999	furniture	modules/skai-gaming/src/pages/play/KenoPageSections.tsx	/play/keno	Not spec: page furniture / loose art raster. Excluded from the parity denominator. (VECTOR 776x912, "Vector 360")
9679:1296	furniture	modules/skai-gaming/src/pages/play/KenoPageSections.tsx	/play/keno	Not spec: page furniture / loose art raster. Excluded from the parity denominator. (GROUP 888x102, "Group 306")
9680:3956	unknown	modules/skai-gaming/src/pages/play/KenoPageSections.tsx	/play/keno	Bet/side panel (356x621). The 356-wide panel measures EXACT against Figma at 1440; this individual state was not exercised.
9680:5126	unknown	modules/skai-gaming/src/pages/play/KenoPageSections.tsx	/play/keno	Bet/side panel (356x621). The 356-wide panel measures EXACT against Figma at 1440; this individual state was not exercised.
9680:5236	unknown	modules/skai-gaming/src/pages/play/KenoPageSections.tsx	/play/keno	Bet/side panel (356x893). The 356-wide panel measures EXACT against Figma at 1440; this individual state was not exercised.
9680:6277	unknown	modules/skai-gaming/src/pages/play/KenoPageSections.tsx	/play/keno	Bet/side panel (356x621). The 356-wide panel measures EXACT against Figma at 1440; this individual state was not exercised.
9683:8908	unknown	modules/skai-gaming/src/pages/play/KenoPageSections.tsx	/play/keno	Desktop board state (954x621), the game widget rather than the page column. WIDGET BOARD 1440: DOM 914 wide vs Figma 954 -- the route panel adds 16px inner padding Figma does not, so 1318-32 = 1286 = 914+16+356 where Figma packs 954+8+356 = 1318. Side bet panel 356 is EXACT. This specific state was not exercised by this lane -- reaching it needs a settled round, and an unexercised state must not be called done.
9687:9363	furniture	modules/skai-gaming/src/pages/play/KenoPageSections.tsx	/play/keno	Not spec: page furniture / loose art raster. Excluded from the parity denominator. (FRAME 1080x1872, "Frame 1000004188")
9687:9370	furniture	modules/skai-gaming/src/pages/play/KenoPageSections.tsx	/play/keno	Not spec: page furniture / loose art raster. Excluded from the parity denominator. (RECTANGLE 297x412, "image 6")
9690:9391	furniture	modules/skai-gaming/src/pages/play/KenoPageSections.tsx	/play/keno	Not spec: page furniture / loose art raster. Excluded from the parity denominator. (RECTANGLE 1080x1872, "Frame 1000004188 (3) 1")
9690:9544	unknown	modules/skai-gaming/src/pages/play/KenoPageSections.tsx	/play/keno	Bet/side panel (347x274). The 356-wide panel measures EXACT against Figma at 1440; this individual state was not exercised.
9690:9912	unknown	modules/skai-gaming/src/pages/play/KenoPageSections.tsx	/play/keno	Bet/side panel (347x274). The 356-wide panel measures EXACT against Figma at 1440; this individual state was not exercised.
9690:10413	unknown	modules/skai-gaming/src/pages/play/KenoPageSections.tsx	/play/keno	Bet/side panel (347x274). The 356-wide panel measures EXACT against Figma at 1440; this individual state was not exercised.
9690:10777	unknown	modules/skai-gaming/src/pages/play/KenoPageSections.tsx	/play/keno	Bet/side panel (347x274). The 356-wide panel measures EXACT against Figma at 1440; this individual state was not exercised.
9691:12618	furniture	modules/skai-gaming/src/pages/play/FortuneWheelPageSections.tsx	/play/fortune-wheel	Not spec: page furniture / loose art raster. Excluded from the parity denominator. (FRAME 6340x352, "Directory")
9691:12624	furniture	modules/skai-gaming/src/pages/play/FortuneWheelPageSections.tsx	/play/fortune-wheel	Not spec: page furniture / loose art raster. Excluded from the parity denominator. (FRAME 1450x164, "Breakpoint")
9691:12626	furniture	modules/skai-gaming/src/pages/play/FortuneWheelPageSections.tsx	/play/fortune-wheel	Not spec: page furniture / loose art raster. Excluded from the parity denominator. (FRAME 1450x164, "Breakpoint")
9691:12628	furniture	modules/skai-gaming/src/pages/play/FortuneWheelPageSections.tsx	/play/fortune-wheel	Not spec: page furniture / loose art raster. Excluded from the parity denominator. (FRAME 1450x164, "Breakpoint")
9691:12630	partial	modules/skai-gaming/src/pages/play/FortuneWheelPageSections.tsx	/play/fortune-wheel	MEASURED 1440 2026-08-26: column 1318 @x87 == Figma Frame 520 1318 (EXACT); region gaps 40/40/81 vs Figma 40/40/80; page title 32/300/lh36 == Figma 32 Light/lh36; section headings 24/400/lh28 == Figma 24 Regular/lh28; 'Community wins' 18/700/lh24 == Figma 18 Bold/lh24; card fill rgb(18,37,36) == Figma #122524. WIDGET BOARD 1440: DOM 914 wide vs Figma 954 -- the route panel adds 16px inner padding Figma does not, so 1318-32 = 1286 = 914+16+356 where Figma packs 954+8+356 = 1318. Side bet panel 356 is EXACT. Info-card radius on this page ships 16px vs Figma 12px. RADIUS DIVERGES and is why this is not `done`: Figma's bound vars resolve rounded-lg=8 rounded-xl=12 rounded-2xl=16, ours ship 12/16/24, so every named-class radius lands ONE STEP LARGE (info card 24 vs Figma 12, more-games strip 16 vs 12, assurance cards 16 vs 12, FAQ 24 vs 16, bets rows 12 vs 8). Every pixel-literal in the same files (rounded-[10px], rounded-[12px] sub-bar) matches Figma EXACTLY, which is the proof it is the class scale and not the intent.
9691:13343	partial	modules/skai-gaming/src/pages/play/FortuneWheelPageSections.tsx	/play/fortune-wheel	MEASURED 375 2026-08-26: column 333 vs Figma bento 347 (-14); no horizontal overflow; page title 24/300/lh24 vs Figma 20 Light/lh24; details heading 24/400/lh28 vs Figma 18 Regular/lh22 -- the mobile type ramp is not implemented, the desktop sizes are reused.
9691:14020	unknown	modules/skai-gaming/src/pages/play/FortuneWheelPageSections.tsx	/play/fortune-wheel	Desktop board state (954x621), the game widget rather than the page column. WIDGET BOARD 1440: DOM 914 wide vs Figma 954 -- the route panel adds 16px inner padding Figma does not, so 1318-32 = 1286 = 914+16+356 where Figma packs 954+8+356 = 1318. Side bet panel 356 is EXACT. This specific state was not exercised by this lane -- reaching it needs a settled round, and an unexercised state must not be called done.
9730:3561	furniture	modules/skai-gaming/src/pages/play/FortuneWheelPageSections.tsx	/play/fortune-wheel	Not spec: page furniture / loose art raster. Excluded from the parity denominator. (RECTANGLE 521x561, "Screenshot 2026-08-10 at 11.44.07 AM 1")
9730:3562	furniture	modules/skai-gaming/src/pages/play/FortuneWheelPageSections.tsx	/play/fortune-wheel	Not spec: page furniture / loose art raster. Excluded from the parity denominator. (RECTANGLE 897x706, "Screenshot 2026-08-10 at 11.44.19 AM 1")
9730:3563	furniture	modules/skai-gaming/src/pages/play/FortuneWheelPageSections.tsx	/play/fortune-wheel	Not spec: page furniture / loose art raster. Excluded from the parity denominator. (RECTANGLE 890x626, "Screenshot 2026-08-10 at 11.44.41 AM 1")
9730:3565	furniture	modules/skai-gaming/src/pages/play/FortuneWheelPageSections.tsx	/play/fortune-wheel	Not spec: page furniture / loose art raster. Excluded from the parity denominator. (RECTANGLE 894x625, "Screenshot 2026-08-10 at 11.45.18 AM 1")
9730:3564	furniture	modules/skai-gaming/src/pages/play/FortuneWheelPageSections.tsx	/play/fortune-wheel	Not spec: page furniture / loose art raster. Excluded from the parity denominator. (RECTANGLE 903x628, "Screenshot 2026-08-10 at 11.45.00 AM 1")
9730:3790	furniture	modules/skai-gaming/src/pages/play/FortuneWheelPageSections.tsx	/play/fortune-wheel	Not spec: page furniture / loose art raster. Excluded from the parity denominator. (GROUP 480x480, "Group 314")
9733:3847	furniture	modules/skai-gaming/src/pages/play/FortuneWheelPageSections.tsx	/play/fortune-wheel	Not spec: page furniture / loose art raster. Excluded from the parity denominator. (GROUP 480x480, "Group 315")
9733:3904	furniture	modules/skai-gaming/src/pages/play/FortuneWheelPageSections.tsx	/play/fortune-wheel	Not spec: page furniture / loose art raster. Excluded from the parity denominator. (GROUP 480x480, "Group 316")
9733:3961	furniture	modules/skai-gaming/src/pages/play/FortuneWheelPageSections.tsx	/play/fortune-wheel	Not spec: page furniture / loose art raster. Excluded from the parity denominator. (GROUP 480x480, "Group 317")
9733:5405	unknown	modules/skai-gaming/src/pages/play/FortuneWheelPageSections.tsx	/play/fortune-wheel	Bet/side panel (356x621). The 356-wide panel measures EXACT against Figma at 1440; this individual state was not exercised.
9733:6371	unknown	modules/skai-gaming/src/pages/play/FortuneWheelPageSections.tsx	/play/fortune-wheel	Desktop board state (954x621), the game widget rather than the page column. WIDGET BOARD 1440: DOM 914 wide vs Figma 954 -- the route panel adds 16px inner padding Figma does not, so 1318-32 = 1286 = 914+16+356 where Figma packs 954+8+356 = 1318. Side bet panel 356 is EXACT. This specific state was not exercised by this lane -- reaching it needs a settled round, and an unexercised state must not be called done.
9733:6654	unknown	modules/skai-gaming/src/pages/play/FortuneWheelPageSections.tsx	/play/fortune-wheel	Bet/side panel (356x621). The 356-wide panel measures EXACT against Figma at 1440; this individual state was not exercised.
9733:6835	unknown	modules/skai-gaming/src/pages/play/FortuneWheelPageSections.tsx	/play/fortune-wheel	Bet/side panel (356x859). The 356-wide panel measures EXACT against Figma at 1440; this individual state was not exercised.
9733:7000	unknown	modules/skai-gaming/src/pages/play/FortuneWheelPageSections.tsx	/play/fortune-wheel	Desktop board state (954x621), the game widget rather than the page column. WIDGET BOARD 1440: DOM 914 wide vs Figma 954 -- the route panel adds 16px inner padding Figma does not, so 1318-32 = 1286 = 914+16+356 where Figma packs 954+8+356 = 1318. Side bet panel 356 is EXACT. This specific state was not exercised by this lane -- reaching it needs a settled round, and an unexercised state must not be called done.
9733:7539	furniture	modules/skai-gaming/src/pages/play/FortuneWheelPageSections.tsx	/play/fortune-wheel	Not spec: page furniture / loose art raster. Excluded from the parity denominator. (FRAME 1080x1804, "Frame 1000004189")
9736:9149	unknown	modules/skai-gaming/src/pages/play/FortuneWheelPageSections.tsx	/play/fortune-wheel	Bet/side panel (347x410). The 356-wide panel measures EXACT against Figma at 1440; this individual state was not exercised.
9736:11354	unknown	modules/skai-gaming/src/pages/play/FortuneWheelPageSections.tsx	/play/fortune-wheel	Bet/side panel (347x523). The 356-wide panel measures EXACT against Figma at 1440; this individual state was not exercised.
9736:11469	unknown	modules/skai-gaming/src/pages/play/FortuneWheelPageSections.tsx	/play/fortune-wheel	Bet/side panel (347x851). The 356-wide panel measures EXACT against Figma at 1440; this individual state was not exercised.
9738:13089	furniture	modules/skai-gaming/src/pages/play/VideoPokerPageSections.tsx	/play/video-poker	Not spec: page furniture / loose art raster. Excluded from the parity denominator. (FRAME 6340x352, "Directory")
9738:13095	furniture	modules/skai-gaming/src/pages/play/VideoPokerPageSections.tsx	/play/video-poker	Not spec: page furniture / loose art raster. Excluded from the parity denominator. (FRAME 1450x164, "Breakpoint")
9738:13097	furniture	modules/skai-gaming/src/pages/play/VideoPokerPageSections.tsx	/play/video-poker	Not spec: page furniture / loose art raster. Excluded from the parity denominator. (FRAME 1450x164, "Breakpoint")
9738:13099	furniture	modules/skai-gaming/src/pages/play/VideoPokerPageSections.tsx	/play/video-poker	Not spec: page furniture / loose art raster. Excluded from the parity denominator. (FRAME 1450x164, "Breakpoint")
9738:13101	partial	modules/skai-gaming/src/pages/play/VideoPokerPageSections.tsx	/play/video-poker	MEASURED 1440 2026-08-26: column 1318 @x87 == Figma Frame 520 1318 (EXACT); region gaps 40/40/81 vs Figma 40/40/80; page title 32/300/lh36 == Figma 32 Light/lh36; section headings 24/400/lh28 == Figma 24 Regular/lh28; 'Community wins' 18/700/lh24 == Figma 18 Bold/lh24; card fill rgb(18,37,36) == Figma #122524. Info-card radius ships 16px vs Figma 12px. RADIUS DIVERGES and is why this is not `done`: Figma's bound vars resolve rounded-lg=8 rounded-xl=12 rounded-2xl=16, ours ship 12/16/24, so every named-class radius lands ONE STEP LARGE (info card 24 vs Figma 12, more-games strip 16 vs 12, assurance cards 16 vs 12, FAQ 24 vs 16, bets rows 12 vs 8). Every pixel-literal in the same files (rounded-[10px], rounded-[12px] sub-bar) matches Figma EXACTLY, which is the proof it is the class scale and not the intent. ⚠ CARRIES A FRAME DEFECT IN ONE REGION, do not reproduce it: the embedded paytable prints 800x/60x/22x where the rail pays 50x/25x (nodes 9758:6719/6724/6729, all visible). The page column around it is measured and sound; only the paytable is wrong. NINE frames on this page carry the same wrong pair.
9738:13811	partial	modules/skai-gaming/src/pages/play/VideoPokerPageSections.tsx	/play/video-poker	MEASURED 375 2026-08-26: column 333 vs Figma bento 347 (-14); no horizontal overflow; page title 24/300/lh24 vs Figma 20 Light/lh24; details heading 24/400/lh28 vs Figma 18 Regular/lh22 -- the mobile type ramp is not implemented, the desktop sizes are reused. ⚠ CARRIES THE SAME FRAME DEFECT: 9760:10111/10116/10121 print 800x/60x/22x against a 50x/25x rail, all visible. Do not reproduce; the surrounding page column is measured and sound.
9738:14502	frame-defect	modules/skai-gaming/src/pages/play/VideoPokerPageSections.tsx	/play/video-poker	FRAME DEFECT, do not build. Board state carrying 800x/60x/22x (9755:3331/6506/6513) against a 50x/25x rail.
9760:9378	furniture	modules/skai-gaming/src/pages/play/VideoPokerPageSections.tsx	/play/video-poker	Not spec: page furniture / loose art raster. Excluded from the parity denominator. (FRAME 1080x1500, "Frame 1000004212")
9760:9691	frame-defect	modules/skai-gaming/src/pages/play/VideoPokerPageSections.tsx	/play/video-poker	FRAME DEFECT, do not build. Mobile panel carrying 800x/60x/22x (9760:9831/9836/9841) against a 50x/25x rail.
9760:9610	frame-defect	modules/skai-gaming/src/pages/play/VideoPokerPageSections.tsx	/play/video-poker	FRAME DEFECT, do not build. Loose paytable fragment carrying 800x/60x/22x (9760:9617/9622/9627) against a 50x/25x rail.
9760:9933	frame-defect	modules/skai-gaming/src/pages/play/VideoPokerPageSections.tsx	/play/video-poker	FRAME DEFECT, do not build. Mobile panel carrying 800x/60x/22x (9760:9974/9979/9984) against a 50x/25x rail.
9760:10290	frame-defect	modules/skai-gaming/src/pages/play/VideoPokerPageSections.tsx	/play/video-poker	FRAME DEFECT, do not build. Board state carrying 800x/60x/22x (9760:10331/10336/10341) against a 50x/25x rail.
9760:10454	frame-defect	modules/skai-gaming/src/pages/play/VideoPokerPageSections.tsx	/play/video-poker	FRAME DEFECT, do not build. Board state carrying 800x/60x/22x (9760:10506/10511/10516) against a 50x/25x rail.
9760:10586	frame-defect	modules/skai-gaming/src/pages/play/VideoPokerPageSections.tsx	/play/video-poker	FRAME DEFECT, do not build. Board state carrying 800x/60x/22x (9760:10638/10643/10648) against a 50x/25x rail.
9691:11216	furniture	modules/skai-gaming/src/pages/play/BingoPageSections.tsx	/play/bingo	Not spec: page furniture / loose art raster. Excluded from the parity denominator. (FRAME 6340x352, "Directory")
9691:11222	furniture	modules/skai-gaming/src/pages/play/BingoPageSections.tsx	/play/bingo	Not spec: page furniture / loose art raster. Excluded from the parity denominator. (FRAME 1450x164, "Breakpoint")
9691:11224	furniture	modules/skai-gaming/src/pages/play/BingoPageSections.tsx	/play/bingo	Not spec: page furniture / loose art raster. Excluded from the parity denominator. (FRAME 1450x164, "Breakpoint")
9691:11226	furniture	modules/skai-gaming/src/pages/play/BingoPageSections.tsx	/play/bingo	Not spec: page furniture / loose art raster. Excluded from the parity denominator. (FRAME 1450x164, "Breakpoint")
9691:11229	partial	modules/skai-gaming/src/pages/play/BingoPageSections.tsx	/play/bingo	MEASURED 1440 2026-08-26: column 1318 @x87 == Figma Frame 520 1318 (EXACT); region gaps 40/40/81 vs Figma 40/40/80; page title 32/300/lh36 == Figma 32 Light/lh36; section headings 24/400/lh28 == Figma 24 Regular/lh28; 'Community wins' 18/700/lh24 == Figma 18 Bold/lh24; card fill rgb(18,37,36) == Figma #122524. WIDGET BOARD 1440: DOM 914 wide vs Figma 954 -- the route panel adds 16px inner padding Figma does not, so 1318-32 = 1286 = 914+16+356 where Figma packs 954+8+356 = 1318. Side bet panel 356 is EXACT. Info-card radius on this page ships 16px vs Figma 12px. RADIUS DIVERGES and is why this is not `done`: Figma's bound vars resolve rounded-lg=8 rounded-xl=12 rounded-2xl=16, ours ship 12/16/24, so every named-class radius lands ONE STEP LARGE (info card 24 vs Figma 12, more-games strip 16 vs 12, assurance cards 16 vs 12, FAQ 24 vs 16, bets rows 12 vs 8). Every pixel-literal in the same files (rounded-[10px], rounded-[12px] sub-bar) matches Figma EXACTLY, which is the proof it is the class scale and not the intent.
9807:5523	unknown	modules/skai-gaming/src/pages/play/BingoPageSections.tsx	/play/bingo	Desktop board state (954x621), the game widget rather than the page column. WIDGET BOARD 1440: DOM 914 wide vs Figma 954 -- the route panel adds 16px inner padding Figma does not, so 1318-32 = 1286 = 914+16+356 where Figma packs 954+8+356 = 1318. Side bet panel 356 is EXACT. This specific state was not exercised by this lane -- reaching it needs a settled round, and an unexercised state must not be called done.
9691:11942	partial	modules/skai-gaming/src/pages/play/BingoPageSections.tsx	/play/bingo	MEASURED 375 2026-08-26: column 333 vs Figma bento 347 (-14); no horizontal overflow; page title 24/300/lh24 vs Figma 20 Light/lh24; details heading 24/400/lh28 vs Figma 18 Regular/lh22 -- the mobile type ramp is not implemented, the desktop sizes are reused.
9776:11368	unknown	modules/skai-gaming/src/pages/play/BingoPageSections.tsx	/play/bingo	Desktop board state (954x621), the game widget rather than the page column. WIDGET BOARD 1440: DOM 914 wide vs Figma 954 -- the route panel adds 16px inner padding Figma does not, so 1318-32 = 1286 = 914+16+356 where Figma packs 954+8+356 = 1318. Side bet panel 356 is EXACT. This specific state was not exercised by this lane -- reaching it needs a settled round, and an unexercised state must not be called done.
9776:11569	unknown	modules/skai-gaming/src/pages/play/BingoPageSections.tsx	/play/bingo	Desktop board state (954x621), the game widget rather than the page column. WIDGET BOARD 1440: DOM 914 wide vs Figma 954 -- the route panel adds 16px inner padding Figma does not, so 1318-32 = 1286 = 914+16+356 where Figma packs 954+8+356 = 1318. Side bet panel 356 is EXACT. This specific state was not exercised by this lane -- reaching it needs a settled round, and an unexercised state must not be called done.
9776:11790	unknown	modules/skai-gaming/src/pages/play/BingoPageSections.tsx	/play/bingo	Desktop board state (954x621), the game widget rather than the page column. WIDGET BOARD 1440: DOM 914 wide vs Figma 954 -- the route panel adds 16px inner padding Figma does not, so 1318-32 = 1286 = 914+16+356 where Figma packs 954+8+356 = 1318. Side bet panel 356 is EXACT. This specific state was not exercised by this lane -- reaching it needs a settled round, and an unexercised state must not be called done.
9794:12191	unknown	modules/skai-gaming/src/pages/play/BingoPageSections.tsx	/play/bingo	Desktop board state (954x621), the game widget rather than the page column. WIDGET BOARD 1440: DOM 914 wide vs Figma 954 -- the route panel adds 16px inner padding Figma does not, so 1318-32 = 1286 = 914+16+356 where Figma packs 954+8+356 = 1318. Side bet panel 356 is EXACT. This specific state was not exercised by this lane -- reaching it needs a settled round, and an unexercised state must not be called done.
9794:12346	unknown	modules/skai-gaming/src/pages/play/BingoPageSections.tsx	/play/bingo	Desktop board state (954x621), the game widget rather than the page column. WIDGET BOARD 1440: DOM 914 wide vs Figma 954 -- the route panel adds 16px inner padding Figma does not, so 1318-32 = 1286 = 914+16+356 where Figma packs 954+8+356 = 1318. Side bet panel 356 is EXACT. This specific state was not exercised by this lane -- reaching it needs a settled round, and an unexercised state must not be called done.
9798:12672	unknown	modules/skai-gaming/src/pages/play/BingoPageSections.tsx	/play/bingo	Desktop board state (954x621), the game widget rather than the page column. WIDGET BOARD 1440: DOM 914 wide vs Figma 954 -- the route panel adds 16px inner padding Figma does not, so 1318-32 = 1286 = 914+16+356 where Figma packs 954+8+356 = 1318. Side bet panel 356 is EXACT. This specific state was not exercised by this lane -- reaching it needs a settled round, and an unexercised state must not be called done.
9798:13370	unknown	modules/skai-gaming/src/pages/play/BingoPageSections.tsx	/play/bingo	Bet/side panel (356x621). The 356-wide panel measures EXACT against Figma at 1440; this individual state was not exercised.
9798:13459	unknown	modules/skai-gaming/src/pages/play/BingoPageSections.tsx	/play/bingo	Bet/side panel (356x835). The 356-wide panel measures EXACT against Figma at 1440; this individual state was not exercised.
9798:13760	unknown	modules/skai-gaming/src/pages/play/BingoPageSections.tsx	/play/bingo	Component fragment (FRAME 28x28, "Frame 1000004218") with no independent screen; not assessed by this lane.
9799:16701	furniture	-	-	Not spec: page furniture / loose art raster. Excluded from the parity denominator. (FRAME 6340x352, "Directory")
9799:16707	furniture	-	-	Not spec: page furniture / loose art raster. Excluded from the parity denominator. (FRAME 1450x164, "Breakpoint")
9799:16709	furniture	-	-	Not spec: page furniture / loose art raster. Excluded from the parity denominator. (FRAME 1450x164, "Breakpoint")
9799:16711	furniture	-	-	Not spec: page furniture / loose art raster. Excluded from the parity denominator. (FRAME 1450x164, "Breakpoint")
9799:16713	not-started	-	-	Baccarat desktop page frame. THE ONLY ONE OF THE 21 GAMES WITH NO /play/<slug> ROUTE -- independently confirmed against src/App.tsx, which registers 20 of 21 and omits baccarat. No BaccaratPage.tsx and no BaccaratPageSections.tsx exist, so nothing renders this frame. Mis-titled 'Blackjack'; the H1 reads 'Baccarat'. The widget ships and both rails settle it, so the gap is the page, not the game.
9799:18183	not-started	-	-	Baccarat mobile page frame. No route, no page component. Mis-titled 'Blackjack'; reads 'Baccarat' / 'Tie Pays 8 to 1' / Player-Tie-Banker.
9799:19202	unknown	-	-	Desktop board state (954x621), the game widget rather than the page column. WIDGET BOARD 1440: DOM 914 wide vs Figma 954 -- the route panel adds 16px inner padding Figma does not, so 1318-32 = 1286 = 914+16+356 where Figma packs 954+8+356 = 1318. Side bet panel 356 is EXACT. This specific state was not exercised by this lane -- reaching it needs a settled round, and an unexercised state must not be called done.
9799:19250	unknown	-	-	Component fragment (FRAME 189x182, "Frame 1000004098") with no independent screen; not assessed by this lane.
9808:19316	furniture	-	-	Not spec: page furniture / loose art raster. Excluded from the parity denominator. (VECTOR 375x101, "Vector")
9799:19299	unknown	-	-	Component fragment (FRAME 189x182, "Frame 1000004099") with no independent screen; not assessed by this lane.
9815:19487	unknown	-	-	Desktop board state (954x621), the game widget rather than the page column. WIDGET BOARD 1440: DOM 914 wide vs Figma 954 -- the route panel adds 16px inner padding Figma does not, so 1318-32 = 1286 = 914+16+356 where Figma packs 954+8+356 = 1318. Side bet panel 356 is EXACT. This specific state was not exercised by this lane -- reaching it needs a settled round, and an unexercised state must not be called done.
9820:20610	unknown	-	-	Desktop board state (954x621), the game widget rather than the page column. WIDGET BOARD 1440: DOM 914 wide vs Figma 954 -- the route panel adds 16px inner padding Figma does not, so 1318-32 = 1286 = 914+16+356 where Figma packs 954+8+356 = 1318. Side bet panel 356 is EXACT. This specific state was not exercised by this lane -- reaching it needs a settled round, and an unexercised state must not be called done.
10250:14407	unknown	-	-	Desktop board state (954x621), the game widget rather than the page column. WIDGET BOARD 1440: DOM 914 wide vs Figma 954 -- the route panel adds 16px inner padding Figma does not, so 1318-32 = 1286 = 914+16+356 where Figma packs 954+8+356 = 1318. Side bet panel 356 is EXACT. This specific state was not exercised by this lane -- reaching it needs a settled round, and an unexercised state must not be called done.
9825:21494	unknown	-	-	Bet/side panel (356x777). The 356-wide panel measures EXACT against Figma at 1440; this individual state was not exercised.
9825:21726	unknown	-	-	Bet/side panel (356x621). The 356-wide panel measures EXACT against Figma at 1440; this individual state was not exercised.
9825:21961	unknown	-	-	Bet/side panel (347x441). The 356-wide panel measures EXACT against Figma at 1440; this individual state was not exercised.
9873:2611	unknown	-	-	Bet/side panel (347x769). The 356-wide panel measures EXACT against Figma at 1440; this individual state was not exercised.
9873:4009	furniture	-	-	Not spec: page furniture / loose art raster. Excluded from the parity denominator. (FRAME 1080x1729, "Frame 1000004120")
9903:2037	unknown	-	-	Component fragment (FRAME 37x18, "Frame 1000004250") with no independent screen; not assessed by this lane.
9903:2040	unknown	-	-	Component fragment (FRAME 35x18, "Frame 1000004251") with no independent screen; not assessed by this lane.
10250:14248	furniture	-	-	Not spec: page furniture / loose art raster. Excluded from the parity denominator. (RECTANGLE 1171x695, "Screenshot 2026-08-25 at 12.15.02 AM 1")
9799:15055	furniture	modules/skai-gaming/src/pages/play/RoulettePageSections.tsx	/play/roulette	Not spec: page furniture / loose art raster. Excluded from the parity denominator. (FRAME 6340x352, "Directory")
9799:15061	furniture	modules/skai-gaming/src/pages/play/RoulettePageSections.tsx	/play/roulette	Not spec: page furniture / loose art raster. Excluded from the parity denominator. (FRAME 1450x164, "Breakpoint")
9799:15063	furniture	modules/skai-gaming/src/pages/play/RoulettePageSections.tsx	/play/roulette	Not spec: page furniture / loose art raster. Excluded from the parity denominator. (FRAME 1450x164, "Breakpoint")
9799:15065	furniture	modules/skai-gaming/src/pages/play/RoulettePageSections.tsx	/play/roulette	Not spec: page furniture / loose art raster. Excluded from the parity denominator. (FRAME 1450x164, "Breakpoint")
9799:15067	partial	modules/skai-gaming/src/pages/play/RoulettePageSections.tsx	/play/roulette	Roulette desktop page frame. MEASURED 2026-08-26 on a HARD load at 375 and 1440: the route mounts and the widget renders, but the page column is ABSENT -- zero <section> elements. RoulettePageSections.tsx IS imported and mounted (RoulettePage.tsx:79) but draws ONLY the fairness sub-bar (Frame 1000004041, 9799:15324). The other nine regions of this 1440x3294 frame -- community wins, more games, bets, about, assurances, licences, FAQ, footer -- have no implementation.
9799:15822	partial	modules/skai-gaming/src/pages/play/RoulettePageSections.tsx	/play/roulette	Roulette mobile page frame. Same as the desktop cut: widget + fairness sub-bar only, zero <section> elements measured at 375 on a hard load. Mis-titled 'Blackjack'; artwork is Roulette.
9799:16557	unknown	modules/skai-gaming/src/pages/play/RoulettePageSections.tsx	/play/roulette	Desktop board state (954x621), the game widget rather than the page column. WIDGET BOARD 1440: DOM 914 wide vs Figma 954 -- the route panel adds 16px inner padding Figma does not, so 1318-32 = 1286 = 914+16+356 where Figma packs 954+8+356 = 1318. Side bet panel 356 is EXACT. This specific state was not exercised by this lane -- reaching it needs a settled round, and an unexercised state must not be called done.
9900:947	furniture	modules/skai-gaming/src/pages/play/RoulettePageSections.tsx	/play/roulette	Not spec: page furniture / loose art raster. Excluded from the parity denominator. (ELLIPSE 300x300, "Ellipse 82")
9899:8425	furniture	modules/skai-gaming/src/pages/play/RoulettePageSections.tsx	/play/roulette	Not spec: page furniture / loose art raster. Excluded from the parity denominator. (GROUP 353x353, "Group 329")
9900:949	unknown	modules/skai-gaming/src/pages/play/RoulettePageSections.tsx	/play/roulette	Component fragment (FRAME 354x354, "Group 329 1") with no independent screen; not assessed by this lane.
9903:1150	unknown	modules/skai-gaming/src/pages/play/RoulettePageSections.tsx	/play/roulette	Component fragment (FRAME 106x50, "Frame 1000004246") with no independent screen; not assessed by this lane.
9903:2404	unknown	modules/skai-gaming/src/pages/play/RoulettePageSections.tsx	/play/roulette	Desktop board state (954x621), the game widget rather than the page column. WIDGET BOARD 1440: DOM 914 wide vs Figma 954 -- the route panel adds 16px inner padding Figma does not, so 1318-32 = 1286 = 914+16+356 where Figma packs 954+8+356 = 1318. Side bet panel 356 is EXACT. This specific state was not exercised by this lane -- reaching it needs a settled round, and an unexercised state must not be called done.
9903:2608	unknown	modules/skai-gaming/src/pages/play/RoulettePageSections.tsx	/play/roulette	Desktop board state (954x621), the game widget rather than the page column. WIDGET BOARD 1440: DOM 914 wide vs Figma 954 -- the route panel adds 16px inner padding Figma does not, so 1318-32 = 1286 = 914+16+356 where Figma packs 954+8+356 = 1318. Side bet panel 356 is EXACT. This specific state was not exercised by this lane -- reaching it needs a settled round, and an unexercised state must not be called done.
9903:3303	unknown	modules/skai-gaming/src/pages/play/RoulettePageSections.tsx	/play/roulette	Desktop board state (954x621), the game widget rather than the page column. WIDGET BOARD 1440: DOM 914 wide vs Figma 954 -- the route panel adds 16px inner padding Figma does not, so 1318-32 = 1286 = 914+16+356 where Figma packs 954+8+356 = 1318. Side bet panel 356 is EXACT. This specific state was not exercised by this lane -- reaching it needs a settled round, and an unexercised state must not be called done.
9903:2891	unknown	modules/skai-gaming/src/pages/play/RoulettePageSections.tsx	/play/roulette	Bet/side panel (356x777). The 356-wide panel measures EXACT against Figma at 1440; this individual state was not exercised.
9903:3025	unknown	modules/skai-gaming/src/pages/play/RoulettePageSections.tsx	/play/roulette	Bet/side panel (356x621). The 356-wide panel measures EXACT against Figma at 1440; this individual state was not exercised.
9903:4652	unknown	modules/skai-gaming/src/pages/play/RoulettePageSections.tsx	/play/roulette	Bet/side panel (347x247). The 356-wide panel measures EXACT against Figma at 1440; this individual state was not exercised.
9925:16308	furniture	modules/skai-gaming/src/pages/play/RoulettePageSections.tsx	/play/roulette	Not spec: page furniture / loose art raster. Excluded from the parity denominator. (RECTANGLE 1334x1380, "Roulette thingy 1")
9948:22956	unknown	modules/skai-gaming/src/pages/play/RoulettePageSections.tsx	/play/roulette	Desktop board state (954x621), the game widget rather than the page column. WIDGET BOARD 1440: DOM 914 wide vs Figma 954 -- the route panel adds 16px inner padding Figma does not, so 1318-32 = 1286 = 914+16+356 where Figma packs 954+8+356 = 1318. Side bet panel 356 is EXACT. This specific state was not exercised by this lane -- reaching it needs a settled round, and an unexercised state must not be called done.
10250:14561	furniture	modules/skai-gaming/src/pages/play/RoulettePageSections.tsx	/play/roulette	Not spec: page furniture / loose art raster. Excluded from the parity denominator. (RECTANGLE 1189x710, "Screenshot 2026-08-25 at 12.31.45 AM 1")
10250:14562	unknown	modules/skai-gaming/src/pages/play/RoulettePageSections.tsx	/play/roulette	Bet/side panel (347x347). The 356-wide panel measures EXACT against Figma at 1440; this individual state was not exercised.
9948:24606	furniture	modules/skai-gaming/src/pages/play/LimboPageSections.tsx	/play/limbo	Not spec: page furniture / loose art raster. Excluded from the parity denominator. (FRAME 6340x352, "Directory")
9948:24612	furniture	modules/skai-gaming/src/pages/play/LimboPageSections.tsx	/play/limbo	Not spec: page furniture / loose art raster. Excluded from the parity denominator. (FRAME 1450x164, "Breakpoint")
9948:24614	furniture	modules/skai-gaming/src/pages/play/LimboPageSections.tsx	/play/limbo	Not spec: page furniture / loose art raster. Excluded from the parity denominator. (FRAME 1450x164, "Breakpoint")
9948:24616	furniture	modules/skai-gaming/src/pages/play/LimboPageSections.tsx	/play/limbo	Not spec: page furniture / loose art raster. Excluded from the parity denominator. (FRAME 1450x164, "Breakpoint")
9948:24618	partial	modules/skai-gaming/src/pages/play/LimboPageSections.tsx	/play/limbo	MEASURED 1440 2026-08-26: column 1318 @x87 == Figma Frame 520 1318 (EXACT); region gaps 40/40/81 vs Figma 40/40/80; page title 32/300/lh36 == Figma 32 Light/lh36; section headings 24/400/lh28 == Figma 24 Regular/lh28; 'Community wins' 18/700/lh24 == Figma 18 Bold/lh24; card fill rgb(18,37,36) == Figma #122524. WIDGET BOARD 1440: DOM 914 wide vs Figma 954 -- the route panel adds 16px inner padding Figma does not, so 1318-32 = 1286 = 914+16+356 where Figma packs 954+8+356 = 1318. Side bet panel 356 is EXACT. Info-card radius on this page ships 16px vs Figma 12px. RADIUS DIVERGES and is why this is not `done`: Figma's bound vars resolve rounded-lg=8 rounded-xl=12 rounded-2xl=16, ours ship 12/16/24, so every named-class radius lands ONE STEP LARGE (info card 24 vs Figma 12, more-games strip 16 vs 12, assurance cards 16 vs 12, FAQ 24 vs 16, bets rows 12 vs 8). Every pixel-literal in the same files (rounded-[10px], rounded-[12px] sub-bar) matches Figma EXACTLY, which is the proof it is the class scale and not the intent.
9948:25380	partial	modules/skai-gaming/src/pages/play/LimboPageSections.tsx	/play/limbo	MEASURED 375 2026-08-26: column 333 vs Figma bento 347 (-14); no horizontal overflow; page title 24/300/lh24 vs Figma 20 Light/lh24; details heading 24/400/lh28 vs Figma 18 Regular/lh22 -- the mobile type ramp is not implemented, the desktop sizes are reused.
10004:29637	unknown	modules/skai-gaming/src/pages/play/LimboPageSections.tsx	/play/limbo	Desktop board state (954x621), the game widget rather than the page column. WIDGET BOARD 1440: DOM 914 wide vs Figma 954 -- the route panel adds 16px inner padding Figma does not, so 1318-32 = 1286 = 914+16+356 where Figma packs 954+8+356 = 1318. Side bet panel 356 is EXACT. This specific state was not exercised by this lane -- reaching it needs a settled round, and an unexercised state must not be called done.
10004:29705	unknown	modules/skai-gaming/src/pages/play/LimboPageSections.tsx	/play/limbo	Desktop board state (954x621), the game widget rather than the page column. WIDGET BOARD 1440: DOM 914 wide vs Figma 954 -- the route panel adds 16px inner padding Figma does not, so 1318-32 = 1286 = 914+16+356 where Figma packs 954+8+356 = 1318. Side bet panel 356 is EXACT. This specific state was not exercised by this lane -- reaching it needs a settled round, and an unexercised state must not be called done.
10004:29756	unknown	modules/skai-gaming/src/pages/play/LimboPageSections.tsx	/play/limbo	Bet/side panel (356x621). The 356-wide panel measures EXACT against Figma at 1440; this individual state was not exercised.
10004:29965	unknown	modules/skai-gaming/src/pages/play/LimboPageSections.tsx	/play/limbo	Bet/side panel (356x695). The 356-wide panel measures EXACT against Figma at 1440; this individual state was not exercised.
10021:30111	unknown	modules/skai-gaming/src/pages/play/LimboPageSections.tsx	/play/limbo	Bet/side panel (347x347). The 356-wide panel measures EXACT against Figma at 1440; this individual state was not exercised.
10021:30457	unknown	modules/skai-gaming/src/pages/play/LimboPageSections.tsx	/play/limbo	Bet/side panel (347x621). The 356-wide panel measures EXACT against Figma at 1440; this individual state was not exercised.
10021:30525	unknown	modules/skai-gaming/src/pages/play/LimboPageSections.tsx	/play/limbo	Bet/side panel (347x695). The 356-wide panel measures EXACT against Figma at 1440; this individual state was not exercised.
10030:30753	furniture	modules/skai-gaming/src/pages/play/LimboPageSections.tsx	/play/limbo	Not spec: page furniture / loose art raster. Excluded from the parity denominator. (RECTANGLE 1696x2528, "hf_20260818_010614_6f34f54e-9805-49bd-8316-f8ad10f2188c 1")
9907:1583	furniture	modules/skai-gaming/src/pages/play/RockPaperScissorsPageSections.tsx	/play/rock-paper-scissors	Not spec: page furniture / loose art raster. Excluded from the parity denominator. (FRAME 6340x352, "Directory")
9907:1589	furniture	modules/skai-gaming/src/pages/play/RockPaperScissorsPageSections.tsx	/play/rock-paper-scissors	Not spec: page furniture / loose art raster. Excluded from the parity denominator. (FRAME 1450x164, "Breakpoint")
9907:1591	furniture	modules/skai-gaming/src/pages/play/RockPaperScissorsPageSections.tsx	/play/rock-paper-scissors	Not spec: page furniture / loose art raster. Excluded from the parity denominator. (FRAME 1450x164, "Breakpoint")
9907:1593	furniture	modules/skai-gaming/src/pages/play/RockPaperScissorsPageSections.tsx	/play/rock-paper-scissors	Not spec: page furniture / loose art raster. Excluded from the parity denominator. (FRAME 1450x164, "Breakpoint")
9907:1595	partial	modules/skai-gaming/src/pages/play/RockPaperScissorsPageSections.tsx	/play/rock-paper-scissors	MEASURED 1440 2026-08-26: column 1318 @x87 == Figma Frame 520 1318 (EXACT); region gaps 40/40/81 vs Figma 40/40/80; page title 32/300/lh36 == Figma 32 Light/lh36; section headings 24/400/lh28 == Figma 24 Regular/lh28; 'Community wins' 18/700/lh24 == Figma 18 Bold/lh24; card fill rgb(18,37,36) == Figma #122524. WIDGET BOARD 1440: DOM 914 wide vs Figma 954 -- the route panel adds 16px inner padding Figma does not, so 1318-32 = 1286 = 914+16+356 where Figma packs 954+8+356 = 1318. Side bet panel 356 is EXACT. Info-card radius on this page ships 16px vs Figma 12px. RADIUS DIVERGES and is why this is not `done`: Figma's bound vars resolve rounded-lg=8 rounded-xl=12 rounded-2xl=16, ours ship 12/16/24, so every named-class radius lands ONE STEP LARGE (info card 24 vs Figma 12, more-games strip 16 vs 12, assurance cards 16 vs 12, FAQ 24 vs 16, bets rows 12 vs 8). Every pixel-literal in the same files (rounded-[10px], rounded-[12px] sub-bar) matches Figma EXACTLY, which is the proof it is the class scale and not the intent.
9907:2356	partial	modules/skai-gaming/src/pages/play/RockPaperScissorsPageSections.tsx	/play/rock-paper-scissors	MEASURED 375 2026-08-26: column 333 vs Figma bento 347 (-14); no horizontal overflow; page title 24/300/lh24 vs Figma 20 Light/lh24; details heading 24/400/lh28 vs Figma 18 Regular/lh22 -- the mobile type ramp is not implemented, the desktop sizes are reused.
9907:10355	unknown	modules/skai-gaming/src/pages/play/RockPaperScissorsPageSections.tsx	/play/rock-paper-scissors	Desktop board state (954x621), the game widget rather than the page column. WIDGET BOARD 1440: DOM 914 wide vs Figma 954 -- the route panel adds 16px inner padding Figma does not, so 1318-32 = 1286 = 914+16+356 where Figma packs 954+8+356 = 1318. Side bet panel 356 is EXACT. This specific state was not exercised by this lane -- reaching it needs a settled round, and an unexercised state must not be called done.
9929:16698	unknown	modules/skai-gaming/src/pages/play/RockPaperScissorsPageSections.tsx	/play/rock-paper-scissors	Desktop board state (954x621), the game widget rather than the page column. WIDGET BOARD 1440: DOM 914 wide vs Figma 954 -- the route panel adds 16px inner padding Figma does not, so 1318-32 = 1286 = 914+16+356 where Figma packs 954+8+356 = 1318. Side bet panel 356 is EXACT. This specific state was not exercised by this lane -- reaching it needs a settled round, and an unexercised state must not be called done.
9929:16830	unknown	modules/skai-gaming/src/pages/play/RockPaperScissorsPageSections.tsx	/play/rock-paper-scissors	Desktop board state (954x621), the game widget rather than the page column. WIDGET BOARD 1440: DOM 914 wide vs Figma 954 -- the route panel adds 16px inner padding Figma does not, so 1318-32 = 1286 = 914+16+356 where Figma packs 954+8+356 = 1318. Side bet panel 356 is EXACT. This specific state was not exercised by this lane -- reaching it needs a settled round, and an unexercised state must not be called done.
9935:17641	unknown	modules/skai-gaming/src/pages/play/RockPaperScissorsPageSections.tsx	/play/rock-paper-scissors	Desktop board state (954x621), the game widget rather than the page column. WIDGET BOARD 1440: DOM 914 wide vs Figma 954 -- the route panel adds 16px inner padding Figma does not, so 1318-32 = 1286 = 914+16+356 where Figma packs 954+8+356 = 1318. Side bet panel 356 is EXACT. This specific state was not exercised by this lane -- reaching it needs a settled round, and an unexercised state must not be called done.
9935:17766	unknown	modules/skai-gaming/src/pages/play/RockPaperScissorsPageSections.tsx	/play/rock-paper-scissors	Desktop board state (954x621), the game widget rather than the page column. WIDGET BOARD 1440: DOM 914 wide vs Figma 954 -- the route panel adds 16px inner padding Figma does not, so 1318-32 = 1286 = 914+16+356 where Figma packs 954+8+356 = 1318. Side bet panel 356 is EXACT. This specific state was not exercised by this lane -- reaching it needs a settled round, and an unexercised state must not be called done.
9935:17987	unknown	modules/skai-gaming/src/pages/play/RockPaperScissorsPageSections.tsx	/play/rock-paper-scissors	Desktop board state (954x621), the game widget rather than the page column. WIDGET BOARD 1440: DOM 914 wide vs Figma 954 -- the route panel adds 16px inner padding Figma does not, so 1318-32 = 1286 = 914+16+356 where Figma packs 954+8+356 = 1318. Side bet panel 356 is EXACT. This specific state was not exercised by this lane -- reaching it needs a settled round, and an unexercised state must not be called done.
9935:18096	unknown	modules/skai-gaming/src/pages/play/RockPaperScissorsPageSections.tsx	/play/rock-paper-scissors	Desktop board state (954x621), the game widget rather than the page column. WIDGET BOARD 1440: DOM 914 wide vs Figma 954 -- the route panel adds 16px inner padding Figma does not, so 1318-32 = 1286 = 914+16+356 where Figma packs 954+8+356 = 1318. Side bet panel 356 is EXACT. This specific state was not exercised by this lane -- reaching it needs a settled round, and an unexercised state must not be called done.
9937:18748	unknown	modules/skai-gaming/src/pages/play/RockPaperScissorsPageSections.tsx	/play/rock-paper-scissors	Desktop board state (954x621), the game widget rather than the page column. WIDGET BOARD 1440: DOM 914 wide vs Figma 954 -- the route panel adds 16px inner padding Figma does not, so 1318-32 = 1286 = 914+16+356 where Figma packs 954+8+356 = 1318. Side bet panel 356 is EXACT. This specific state was not exercised by this lane -- reaching it needs a settled round, and an unexercised state must not be called done.
9937:19871	furniture	modules/skai-gaming/src/pages/play/RockPaperScissorsPageSections.tsx	/play/rock-paper-scissors	Not spec: page furniture / loose art raster. Excluded from the parity denominator. (RECTANGLE 24x31, "Rock icon 1")
9937:19990	unknown	modules/skai-gaming/src/pages/play/RockPaperScissorsPageSections.tsx	/play/rock-paper-scissors	Bet/side panel (356x621). The 356-wide panel measures EXACT against Figma at 1440; this individual state was not exercised.
9937:21778	unknown	modules/skai-gaming/src/pages/play/RockPaperScissorsPageSections.tsx	/play/rock-paper-scissors	Desktop board state (954x621), the game widget rather than the page column. WIDGET BOARD 1440: DOM 914 wide vs Figma 954 -- the route panel adds 16px inner padding Figma does not, so 1318-32 = 1286 = 914+16+356 where Figma packs 954+8+356 = 1318. Side bet panel 356 is EXACT. This specific state was not exercised by this lane -- reaching it needs a settled round, and an unexercised state must not be called done.
9937:22037	unknown	modules/skai-gaming/src/pages/play/RockPaperScissorsPageSections.tsx	/play/rock-paper-scissors	Desktop board state (954x621), the game widget rather than the page column. WIDGET BOARD 1440: DOM 914 wide vs Figma 954 -- the route panel adds 16px inner padding Figma does not, so 1318-32 = 1286 = 914+16+356 where Figma packs 954+8+356 = 1318. Side bet panel 356 is EXACT. This specific state was not exercised by this lane -- reaching it needs a settled round, and an unexercised state must not be called done.
9937:22205	furniture	modules/skai-gaming/src/pages/play/RockPaperScissorsPageSections.tsx	/play/rock-paper-scissors	Not spec: page furniture / loose art raster. Excluded from the parity denominator. (RECTANGLE 12x17, "Paper icon 1")
9941:22220	furniture	modules/skai-gaming/src/pages/play/RockPaperScissorsPageSections.tsx	/play/rock-paper-scissors	Not spec: page furniture / loose art raster. Excluded from the parity denominator. (RECTANGLE 10x17, "Scissors icon 1")
9941:22458	unknown	modules/skai-gaming/src/pages/play/RockPaperScissorsPageSections.tsx	/play/rock-paper-scissors	Bet/side panel (356x835). The 356-wide panel measures EXACT against Figma at 1440; this individual state was not exercised.
9941:22637	furniture	modules/skai-gaming/src/pages/play/RockPaperScissorsPageSections.tsx	/play/rock-paper-scissors	Not spec: page furniture / loose art raster. Excluded from the parity denominator. (FRAME 1080x1800, "Frame 1000004289")
9948:24339	unknown	modules/skai-gaming/src/pages/play/RockPaperScissorsPageSections.tsx	/play/rock-paper-scissors	Bet/side panel (347x835). The 356-wide panel measures EXACT against Figma at 1440; this individual state was not exercised.
9948:24437	unknown	modules/skai-gaming/src/pages/play/RockPaperScissorsPageSections.tsx	/play/rock-paper-scissors	Bet/side panel (347x621). The 356-wide panel measures EXACT against Figma at 1440; this individual state was not exercised.
10030:41366	furniture	modules/skai-gaming/src/pages/play/SlidePageSections.tsx	/play/slide	Not spec: page furniture / loose art raster. Excluded from the parity denominator. (FRAME 6340x352, "Directory")
10030:41372	furniture	modules/skai-gaming/src/pages/play/SlidePageSections.tsx	/play/slide	Not spec: page furniture / loose art raster. Excluded from the parity denominator. (FRAME 1450x164, "Breakpoint")
10030:41374	furniture	modules/skai-gaming/src/pages/play/SlidePageSections.tsx	/play/slide	Not spec: page furniture / loose art raster. Excluded from the parity denominator. (FRAME 1450x164, "Breakpoint")
10030:41376	furniture	modules/skai-gaming/src/pages/play/SlidePageSections.tsx	/play/slide	Not spec: page furniture / loose art raster. Excluded from the parity denominator. (FRAME 1450x164, "Breakpoint")
10030:41378	partial	modules/skai-gaming/src/pages/play/SlidePageSections.tsx	/play/slide	Slide desktop page frame. MEASURED 2026-08-26 on a HARD load at 375: route mounts, widget renders with an honest empty state ('Round history unavailable -- the reel cannot be drawn from real results.') and Casey's Auto Cashout control is present, but the page column is ABSENT -- zero <section> elements. Mis-titled 'Towers'; artwork is Slide. ★ THE "PAGE COLUMN IS ABSENT - ZERO <section> ELEMENTS" READING OF 2026-08-26 IS AN INSTRUMENT ERROR, NOT A BUILD FACT, AND IT IS WITHDRAWN. SlidePage.tsx has rendered <SlidePageSections seed={seed}/> since skai-gaming 2737bf0 (2026-08-20) - SIX DAYS BEFORE that sweep - and SlidePageSections.tsx contains ZERO `<section>` tags: every region is a <div> from PlayGameSection (PlayGamePageShell.tsx:271). A probe counting `<section>` reports the same zero whether the column mounts or not, so it could never have distinguished the two. ★ RE-MEASURED 2026-09-06 AT NODE DEPTH, AND FOUR OF THE SIX THINGS THIS FRAME IS READ AS DRAWING ARE HIDDEN LAYERS. Frame 520 (10030:41381, VERTICAL, gap 24) has six children and only TWO are visible: the title row Frame 629 and the section stack Frame 631 (gap 40). Frame 337, `Bottom nav`, the stray "High volume markets in the last 24 hours." text and Frame 269 - the 680x244 "Try X in Fun Mode" card - are all visible:false, and so are the other two copies of Frame 269 (10030:41730, 10030:41780) and all five copies of that text (41389, 41408, 41657, 41766, and 10117:44637 on the mobile cut). SlidePageSections.tsx lists the Fun Mode card among the debris it DELIBERATELY REFUSES; on this board the frame does not draw it either, so the refusal AGREES with the frame rather than departing from it. The title-row reversal is real and is NOT a hidden-layer artefact: Frame 345 (10030:41384) draws ART 32x32 at x0, the back glyph at x42 and "Slide" at x76, against keno 9433:12193 back at x0, art at x34, title at x76. FIXED THIS PASS, both measured on this frame. FAQ: heading 10030:41870 Manrope Regular 24/28 vs a shipped 18px semibold; rows Frame 418 (10030:41872) gap 8 with five `content` children all r16 at 16 of padding - 41873/41881/41884/41887 closed on #001615, 41876 open on #122524 at 16/16/24/16 - vs an <AccordionItem> carrying NO className, so @skai/ui's own border-b drew in the theme colour; question 10030:41874 Manrope Regular 16/22 vs 14; answer 10030:41879 Mulish Regular 14/18 at white 0.64 vs 13/20 at white/60. Fairness label 10030:41520 Manrope Regular 14/18 vs a shipped 13 (the `sm:` hinge painted the 13 from 640 up, and 640 is not a board). STILL PARTIAL, and the remainder is short and named: the column draws no "More games from Skai" rail (Main container 10030:41647, a seven-card 1318 row), its Bets block is a small empty card rather than Frame 279 (10030:41767) at 1318x197, r12, padding 24/16, and About/FAQ stack rather than sitting as Frame 641 two 627 columns at gap 64. skai-gaming aac3986 + e41082a.
10030:42256	unknown	modules/skai-gaming/src/pages/play/SlidePageSections.tsx	/play/slide	Desktop board state (954x621), the game widget rather than the page column. WIDGET BOARD 1440: DOM 914 wide vs Figma 954 -- the route panel adds 16px inner padding Figma does not, so 1318-32 = 1286 = 914+16+356 where Figma packs 954+8+356 = 1318. Side bet panel 356 is EXACT. This specific state was not exercised by this lane -- reaching it needs a settled round, and an unexercised state must not be called done.
10030:42281	unknown	modules/skai-gaming/src/pages/play/SlidePageSections.tsx	/play/slide	Bet/side panel (356x628). The 356-wide panel measures EXACT against Figma at 1440; this individual state was not exercised.
10030:42410	unknown	modules/skai-gaming/src/pages/play/SlidePageSections.tsx	/play/slide	Bet/side panel (356x802). The 356-wide panel measures EXACT against Figma at 1440; this individual state was not exercised.
10030:42517	unknown	modules/skai-gaming/src/pages/play/SlidePageSections.tsx	/play/slide	Bet/side panel (356x835). The 356-wide panel measures EXACT against Figma at 1440; this individual state was not exercised.
10250:15144	unknown	modules/skai-gaming/src/pages/play/SlidePageSections.tsx	/play/slide	Bet/side panel (324x166). The 356-wide panel measures EXACT against Figma at 1440; this individual state was not exercised.
10117:44566	furniture	modules/skai-gaming/src/pages/play/SlidePageSections.tsx	/play/slide	Not spec: page furniture / loose art raster. Excluded from the parity denominator. (FRAME 1080x1800, "Frame 1000004128")
10117:44577	unknown	modules/skai-gaming/src/pages/play/SlidePageSections.tsx	/play/slide	Component fragment (FRAME 706x621, "Frame 1000004129") with no independent screen; not assessed by this lane.
10117:44627	partial	modules/skai-gaming/src/pages/play/SlidePageSections.tsx	/play/slide	Slide mobile page frame. Same as the desktop cut: widget only, zero <section> elements at 375. Mis-titled 'Blackjack'; artwork is Slide. ★ THE "PAGE COLUMN IS ABSENT - ZERO <section> ELEMENTS" READING OF 2026-08-26 IS AN INSTRUMENT ERROR, NOT A BUILD FACT, AND IT IS WITHDRAWN. SlidePage.tsx has rendered <SlidePageSections seed={seed}/> since skai-gaming 2737bf0 (2026-08-20) - SIX DAYS BEFORE that sweep - and SlidePageSections.tsx contains ZERO `<section>` tags: every region is a <div> from PlayGameSection (PlayGamePageShell.tsx:271). A probe counting `<section>` reports the same zero whether the column mounts or not, so it could never have distinguished the two. ★ RE-MEASURED 2026-09-06 AT NODE DEPTH. 375x1605: Header-mobile 48, Frame 418 at (24,16) 328x36, bento 10117:44638 at x15 w347 gap 8, Bottom-navigation-mobile 54 at y1551. THE MOBILE BOARD STOPS AT THE CARD GROUP - the bento ends at y1584 and there is no About, FAQ, footer or bets block beneath it - so this cut settles nothing the desktop cut draws, and its silence is not an instruction to remove them. What it does settle is the fairness bar: Frame 1000004041 (10117:44746) is 347x46, r12, padding 12/16, gap 10, and its "Provably fair" label (10117:44759) is 12/14 against the desktop cut's 14/18, so the label really does step, and it now steps at md rather than at 640. The 768 value was taken from the SAME shared node on a board that draws it - Dice 9069:3970 inside the 708x52 tablet bar, 14/18 - because Slide has no 768 cut at all; page.children on 9929:16391 was walked to establish that absence rather than read off the catalog. Frame 450 here carries the same hidden "High volume markets" text (10117:44637, visible:false) the desktop cut does. STILL PARTIAL: the widget above the column is another file, and this cut draws none of the regions the column is judged on. skai-gaming aac3986 + e41082a.
10117:45018	unknown	modules/skai-gaming/src/pages/play/SlidePageSections.tsx	/play/slide	Bet/side panel (347x410). The 356-wide panel measures EXACT against Figma at 1440; this individual state was not exercised.
10117:46093	unknown	modules/skai-gaming/src/pages/play/SlidePageSections.tsx	/play/slide	Bet/side panel (347x538). The 356-wide panel measures EXACT against Figma at 1440; this individual state was not exercised.
10117:46223	unknown	modules/skai-gaming/src/pages/play/SlidePageSections.tsx	/play/slide	Bet/side panel (347x499). The 356-wide panel measures EXACT against Figma at 1440; this individual state was not exercised.
10117:46330	unknown	modules/skai-gaming/src/pages/play/SlidePageSections.tsx	/play/slide	Bet/side panel (347x827). The 356-wide panel measures EXACT against Figma at 1440; this individual state was not exercised.
10258:10903	furniture	modules/skai-gaming/src/pages/play/SlidePageSections.tsx	/play/slide	Not spec: page furniture / loose art raster. Excluded from the parity denominator. (RECTANGLE 31x31, "Rectangle 34624584")
9907:7997	furniture	modules/skai-gaming/src/pages/play/PlayPriceGrid.tsx	/play/price-grid	Not spec: page furniture / loose art raster. Excluded from the parity denominator. (FRAME 6340x352, "Directory")
9907:8003	furniture	modules/skai-gaming/src/pages/play/PlayPriceGrid.tsx	/play/price-grid	Not spec: page furniture / loose art raster. Excluded from the parity denominator. (FRAME 1450x164, "Breakpoint")
9907:8005	furniture	modules/skai-gaming/src/pages/play/PlayPriceGrid.tsx	/play/price-grid	Not spec: page furniture / loose art raster. Excluded from the parity denominator. (FRAME 1450x164, "Breakpoint")
9907:8007	furniture	modules/skai-gaming/src/pages/play/PlayPriceGrid.tsx	/play/price-grid	Not spec: page furniture / loose art raster. Excluded from the parity denominator. (FRAME 1450x164, "Breakpoint")
10030:30838	frame-defect	modules/skai-gaming/src/pages/play/PlayPriceGrid.tsx	/play/price-grid	FRAME DEFECT, do not build. Confirmed live: page title reads 'Price Grid' but the game card reads 'Baccarat' (24 ExtraBold), the details heading reads 'Blackjack' (24 Regular), the blurb is Baccarat's ('Pick your sides and let the cards land') and the Fun-Mode line names Blackjack. A three-game hybrid. The canonical desktop frame is 10030:39086.
9907:8770	blocked-on-backend	modules/skai-gaming/src/pages/play/PlayPriceGrid.tsx	/play/price-grid	Price Grid mobile page frame. Internally consistent (title 'Price Grid' 20 Light, details heading 'Price Grid' 18 Regular) despite the 'Blackjack' frame title -- identified by artwork. Unbuilt for the same reason as the desktop cut: /play/price-grid is a Coming-soon stub pending live settlement.
10030:32824	furniture	modules/skai-gaming/src/pages/play/PlayPriceGrid.tsx	/play/price-grid	Not spec: page furniture / loose art raster. Excluded from the parity denominator. (ELLIPSE 10x10, "Ellipse 209")
10030:32839	furniture	modules/skai-gaming/src/pages/play/PlayPriceGrid.tsx	/play/price-grid	Not spec: page furniture / loose art raster. Excluded from the parity denominator. (ELLIPSE 10x10, "Ellipse 224")
10030:32854	furniture	modules/skai-gaming/src/pages/play/PlayPriceGrid.tsx	/play/price-grid	Not spec: page furniture / loose art raster. Excluded from the parity denominator. (ELLIPSE 10x10, "Ellipse 239")
10030:32869	furniture	modules/skai-gaming/src/pages/play/PlayPriceGrid.tsx	/play/price-grid	Not spec: page furniture / loose art raster. Excluded from the parity denominator. (ELLIPSE 10x10, "Ellipse 254")
10030:32884	furniture	modules/skai-gaming/src/pages/play/PlayPriceGrid.tsx	/play/price-grid	Not spec: page furniture / loose art raster. Excluded from the parity denominator. (ELLIPSE 10x10, "Ellipse 269")
10030:32899	furniture	modules/skai-gaming/src/pages/play/PlayPriceGrid.tsx	/play/price-grid	Not spec: page furniture / loose art raster. Excluded from the parity denominator. (ELLIPSE 10x10, "Ellipse 284")
10030:32914	furniture	modules/skai-gaming/src/pages/play/PlayPriceGrid.tsx	/play/price-grid	Not spec: page furniture / loose art raster. Excluded from the parity denominator. (ELLIPSE 10x10, "Ellipse 299")
10030:32929	furniture	modules/skai-gaming/src/pages/play/PlayPriceGrid.tsx	/play/price-grid	Not spec: page furniture / loose art raster. Excluded from the parity denominator. (ELLIPSE 10x10, "Ellipse 314")
10030:33518	furniture	modules/skai-gaming/src/pages/play/PlayPriceGrid.tsx	/play/price-grid	Not spec: page furniture / loose art raster. Excluded from the parity denominator. (GROUP 1410x900, "Group 316")
10030:34600	furniture	modules/skai-gaming/src/pages/play/PlayPriceGrid.tsx	/play/price-grid	Not spec: page furniture / loose art raster. Excluded from the parity denominator. (GROUP 1410x900, "Group 317")
10030:36934	unknown	modules/skai-gaming/src/pages/play/PlayPriceGrid.tsx	/play/price-grid	Desktop board state (954x621), the game widget rather than the page column. WIDGET BOARD 1440: DOM 914 wide vs Figma 954 -- the route panel adds 16px inner padding Figma does not, so 1318-32 = 1286 = 914+16+356 where Figma packs 954+8+356 = 1318. Side bet panel 356 is EXACT. This specific state was not exercised by this lane -- reaching it needs a settled round, and an unexercised state must not be called done.
10030:39086	blocked-on-backend	modules/skai-gaming/src/pages/play/PlayPriceGrid.tsx	/play/price-grid	CANONICAL Price Grid desktop frame (1440x3567, taller than the 3294 house template). Title 'Price Grid', 6.33x grid. NOT BUILT: /play/price-grid renders only an honest 'Coming soon -- Price Grid is being connected to live settlement and is not available to bet yet. No funds can be placed.' (measured 375, body text 197 chars). MISSING SOURCE: live settlement for the grid market; no relation to point at yet.
10030:40751	unknown	modules/skai-gaming/src/pages/play/PlayPriceGrid.tsx	/play/price-grid	Component fragment (FRAME 1318x858, "Desktop") with no independent screen; not assessed by this lane.
10120:8782	furniture	modules/skai-gaming/src/pages/play/PlayPriceGrid.tsx	/play/price-grid	Not spec: page furniture / loose art raster. Excluded from the parity denominator. (FRAME 1080x1800, "Frame 1000004285")
9061:15450	furniture	modules/skai-gaming/src/pages/play/TowersPageSections.tsx	/play/towers	Not spec: page furniture / loose art raster. Excluded from the parity denominator. (FRAME 6340x352, "Directory")
9061:15456	furniture	modules/skai-gaming/src/pages/play/TowersPageSections.tsx	/play/towers	Not spec: page furniture / loose art raster. Excluded from the parity denominator. (FRAME 1450x164, "Breakpoint")
9061:15458	furniture	modules/skai-gaming/src/pages/play/TowersPageSections.tsx	/play/towers	Not spec: page furniture / loose art raster. Excluded from the parity denominator. (RECTANGLE 720x720, "Rectangle 147")
9061:15459	furniture	modules/skai-gaming/src/pages/play/TowersPageSections.tsx	/play/towers	Not spec: page furniture / loose art raster. Excluded from the parity denominator. (FRAME 1450x164, "Breakpoint")
9061:15461	furniture	modules/skai-gaming/src/pages/play/TowersPageSections.tsx	/play/towers	Not spec: page furniture / loose art raster. Excluded from the parity denominator. (FRAME 1450x164, "Breakpoint")
9079:2001	partial	modules/skai-gaming/src/pages/play/TowersPageSections.tsx	/play/towers	MEASURED 1440 2026-08-26: column 1318 @x87 == Figma Frame 520 1318 (EXACT); region gaps 40/40/81 vs Figma 40/40/80; page title 32/300/lh36 == Figma 32 Light/lh36; section headings 24/400/lh28 == Figma 24 Regular/lh28; 'Community wins' 18/700/lh24 == Figma 18 Bold/lh24; card fill rgb(18,37,36) == Figma #122524. WIDGET BOARD 1440: DOM 914 wide vs Figma 954 -- the route panel adds 16px inner padding Figma does not, so 1318-32 = 1286 = 914+16+356 where Figma packs 954+8+356 = 1318. Side bet panel 356 is EXACT. Info-card radius on this page ships 16px vs Figma 12px. RADIUS DIVERGES and is why this is not `done`: Figma's bound vars resolve rounded-lg=8 rounded-xl=12 rounded-2xl=16, ours ship 12/16/24, so every named-class radius lands ONE STEP LARGE (info card 24 vs Figma 12, more-games strip 16 vs 12, assurance cards 16 vs 12, FAQ 24 vs 16, bets rows 12 vs 8). Every pixel-literal in the same files (rounded-[10px], rounded-[12px] sub-bar) matches Figma EXACTLY, which is the proof it is the class scale and not the intent.
9391:19737	furniture	modules/skai-gaming/src/pages/play/TowersPageSections.tsx	/play/towers	Not spec: page furniture / loose art raster. Excluded from the parity denominator. (RECTANGLE 672x189, "Rectangle 34624753")
9391:19738	furniture	modules/skai-gaming/src/pages/play/TowersPageSections.tsx	/play/towers	Not spec: page furniture / loose art raster. Excluded from the parity denominator. (RECTANGLE 20x52, "Rectangle 34624754")
9391:19740	furniture	modules/skai-gaming/src/pages/play/TowersPageSections.tsx	/play/towers	Not spec: page furniture / loose art raster. Excluded from the parity denominator. (RECTANGLE 20x52, "Rectangle 34624755")
9391:19742	furniture	modules/skai-gaming/src/pages/play/TowersPageSections.tsx	/play/towers	Not spec: page furniture / loose art raster. Excluded from the parity denominator. (RECTANGLE 20x52, "Rectangle 34624756")
9391:19744	furniture	modules/skai-gaming/src/pages/play/TowersPageSections.tsx	/play/towers	Not spec: page furniture / loose art raster. Excluded from the parity denominator. (RECTANGLE 20x52, "Rectangle 34624757")
9391:19746	unknown	modules/skai-gaming/src/pages/play/TowersPageSections.tsx	/play/towers	Component fragment (FRAME 1216x776, "hf_20260802_175310_1d541834-3870-4f8d-a2d4-58053874368e 1") with no independent screen; not assessed by this lane.
9391:19912	furniture	modules/skai-gaming/src/pages/play/TowersPageSections.tsx	/play/towers	Not spec: page furniture / loose art raster. Excluded from the parity denominator. (RECTANGLE 664x375, "Screenshot 2026-08-02 at 1.45.27 PM 1")
10120:10815	unknown	modules/skai-gaming/src/pages/play/TowersPageSections.tsx	/play/towers	Desktop board state (954x621), the game widget rather than the page column. WIDGET BOARD 1440: DOM 914 wide vs Figma 954 -- the route panel adds 16px inner padding Figma does not, so 1318-32 = 1286 = 914+16+356 where Figma packs 954+8+356 = 1318. Side bet panel 356 is EXACT. This specific state was not exercised by this lane -- reaching it needs a settled round, and an unexercised state must not be called done.
10120:13193	unknown	modules/skai-gaming/src/pages/play/TowersPageSections.tsx	/play/towers	Desktop board state (954x621), the game widget rather than the page column. WIDGET BOARD 1440: DOM 914 wide vs Figma 954 -- the route panel adds 16px inner padding Figma does not, so 1318-32 = 1286 = 914+16+356 where Figma packs 954+8+356 = 1318. Side bet panel 356 is EXACT. This specific state was not exercised by this lane -- reaching it needs a settled round, and an unexercised state must not be called done.
10120:10859	unknown	modules/skai-gaming/src/pages/play/TowersPageSections.tsx	/play/towers	Desktop board state (954x621), the game widget rather than the page column. WIDGET BOARD 1440: DOM 914 wide vs Figma 954 -- the route panel adds 16px inner padding Figma does not, so 1318-32 = 1286 = 914+16+356 where Figma packs 954+8+356 = 1318. Side bet panel 356 is EXACT. This specific state was not exercised by this lane -- reaching it needs a settled round, and an unexercised state must not be called done.
10120:11748	unknown	modules/skai-gaming/src/pages/play/TowersPageSections.tsx	/play/towers	Desktop board state (954x621), the game widget rather than the page column. WIDGET BOARD 1440: DOM 914 wide vs Figma 954 -- the route panel adds 16px inner padding Figma does not, so 1318-32 = 1286 = 914+16+356 where Figma packs 954+8+356 = 1318. Side bet panel 356 is EXACT. This specific state was not exercised by this lane -- reaching it needs a settled round, and an unexercised state must not be called done.
10120:13227	unknown	modules/skai-gaming/src/pages/play/TowersPageSections.tsx	/play/towers	Desktop board state (954x621), the game widget rather than the page column. WIDGET BOARD 1440: DOM 914 wide vs Figma 954 -- the route panel adds 16px inner padding Figma does not, so 1318-32 = 1286 = 914+16+356 where Figma packs 954+8+356 = 1318. Side bet panel 356 is EXACT. This specific state was not exercised by this lane -- reaching it needs a settled round, and an unexercised state must not be called done.
10120:13280	unknown	modules/skai-gaming/src/pages/play/TowersPageSections.tsx	/play/towers	Desktop board state (954x621), the game widget rather than the page column. WIDGET BOARD 1440: DOM 914 wide vs Figma 954 -- the route panel adds 16px inner padding Figma does not, so 1318-32 = 1286 = 914+16+356 where Figma packs 954+8+356 = 1318. Side bet panel 356 is EXACT. This specific state was not exercised by this lane -- reaching it needs a settled round, and an unexercised state must not be called done.
10120:13343	furniture	modules/skai-gaming/src/pages/play/TowersPageSections.tsx	/play/towers	Not spec: page furniture / loose art raster. Excluded from the parity denominator. (RECTANGLE 32x37, "skull 1")
10130:13627	unknown	modules/skai-gaming/src/pages/play/TowersPageSections.tsx	/play/towers	Desktop board state (954x621), the game widget rather than the page column. WIDGET BOARD 1440: DOM 914 wide vs Figma 954 -- the route panel adds 16px inner padding Figma does not, so 1318-32 = 1286 = 914+16+356 where Figma packs 954+8+356 = 1318. Side bet panel 356 is EXACT. This specific state was not exercised by this lane -- reaching it needs a settled round, and an unexercised state must not be called done.
10130:13720	unknown	modules/skai-gaming/src/pages/play/TowersPageSections.tsx	/play/towers	Bet/side panel (356x621). The 356-wide panel measures EXACT against Figma at 1440; this individual state was not exercised.
10130:13859	unknown	modules/skai-gaming/src/pages/play/TowersPageSections.tsx	/play/towers	Desktop board state (954x621), the game widget rather than the page column. WIDGET BOARD 1440: DOM 914 wide vs Figma 954 -- the route panel adds 16px inner padding Figma does not, so 1318-32 = 1286 = 914+16+356 where Figma packs 954+8+356 = 1318. Side bet panel 356 is EXACT. This specific state was not exercised by this lane -- reaching it needs a settled round, and an unexercised state must not be called done.
10130:14013	unknown	modules/skai-gaming/src/pages/play/TowersPageSections.tsx	/play/towers	Bet/side panel (356x777). The 356-wide panel measures EXACT against Figma at 1440; this individual state was not exercised.
10130:14171	partial	modules/skai-gaming/src/pages/play/TowersPageSections.tsx	/play/towers	MEASURED 375 2026-08-26: column 333 vs Figma bento 347 (-14); no horizontal overflow; page title 24/300/lh24 vs Figma 20 Light/lh24; details heading 24/400/lh28 vs Figma 18 Regular/lh22 -- the mobile type ramp is not implemented, the desktop sizes are reused.
10130:15152	furniture	modules/skai-gaming/src/pages/play/TowersPageSections.tsx	/play/towers	Not spec: page furniture / loose art raster. Excluded from the parity denominator. (FRAME 1080x1800, "Frame 1000004293")
10130:14802	unknown	modules/skai-gaming/src/pages/play/TowersPageSections.tsx	/play/towers	Bet/side panel (347x777). The 356-wide panel measures EXACT against Figma at 1440; this individual state was not exercised.
10130:14946	unknown	modules/skai-gaming/src/pages/play/TowersPageSections.tsx	/play/towers	Bet/side panel (347x621). The 356-wide panel measures EXACT against Figma at 1440; this individual state was not exercised.
10250:15227	unknown	modules/skai-gaming/src/pages/play/TowersPageSections.tsx	/play/towers	Bet/side panel (324x52). The 356-wide panel measures EXACT against Figma at 1440; this individual state was not exercised.
10250:15233	furniture	modules/skai-gaming/src/pages/play/TowersPageSections.tsx	/play/towers	Not spec: page furniture / loose art raster. Excluded from the parity denominator. (RECTANGLE 1176x829, "Screenshot 2026-08-25 at 1.08.53 AM 1")
2311:5968	unknown	-	/play/responsible-gaming (nearest); legal routes /play/terms, /play/aml-policy	Page 2311:5967 '✅ Privacy and Terms' in file 3sSzw1KewMtUbeLAv7uW0r had ZERO catalog rows before this lane; these are its first. Privacy (1440 x 900px) (1440x4530). Readiness is ✅ ready. NOT ASSESSED: legal copy parity is a text-fidelity job against the live policy documents, not a geometry job, and this lane measured geometry only. src/App.tsx registers /play/terms, /play/aml-policy, /play/gaming-license and /play/responsible-gaming, so implementations exist to compare against.
2311:6560	unknown	-	/play/terms	Page 2311:5967 '✅ Privacy and Terms' in file 3sSzw1KewMtUbeLAv7uW0r had ZERO catalog rows before this lane; these are its first. Terms (1440 x 900px) (1440x3886). Readiness is ✅ ready. NOT ASSESSED: legal copy parity is a text-fidelity job against the live policy documents, not a geometry job, and this lane measured geometry only. src/App.tsx registers /play/terms, /play/aml-policy, /play/gaming-license and /play/responsible-gaming, so implementations exist to compare against.
2311:7079	furniture	-	-	Not spec: page furniture / loose art raster. Excluded from the parity denominator. (FRAME 6340x352, "Directory")
2311:7082	furniture	-	-	Not spec: page furniture / loose art raster. Excluded from the parity denominator. (FRAME 1450x164, "Breakpoint")
2311:7084	furniture	-	-	Not spec: page furniture / loose art raster. Excluded from the parity denominator. (FRAME 1450x164, "Breakpoint")
2311:7086	furniture	-	-	Not spec: page furniture / loose art raster. Excluded from the parity denominator. (FRAME 1450x164, "Breakpoint")
2311:7088	unknown	-	/play/responsible-gaming (nearest); legal routes /play/terms, /play/aml-policy	Page 2311:5967 '✅ Privacy and Terms' in file 3sSzw1KewMtUbeLAv7uW0r had ZERO catalog rows before this lane; these are its first. Privacy (768 x 1024px) (768x3803). Readiness is ✅ ready. NOT ASSESSED: legal copy parity is a text-fidelity job against the live policy documents, not a geometry job, and this lane measured geometry only. src/App.tsx registers /play/terms, /play/aml-policy, /play/gaming-license and /play/responsible-gaming, so implementations exist to compare against.
2311:7680	unknown	-	/play/terms	Page 2311:5967 '✅ Privacy and Terms' in file 3sSzw1KewMtUbeLAv7uW0r had ZERO catalog rows before this lane; these are its first. Terms (768 x 1024px) (768x3222). Readiness is ✅ ready. NOT ASSESSED: legal copy parity is a text-fidelity job against the live policy documents, not a geometry job, and this lane measured geometry only. src/App.tsx registers /play/terms, /play/aml-policy, /play/gaming-license and /play/responsible-gaming, so implementations exist to compare against.
2311:8199	unknown	-	/play/responsible-gaming (nearest); legal routes /play/terms, /play/aml-policy	Page 2311:5967 '✅ Privacy and Terms' in file 3sSzw1KewMtUbeLAv7uW0r had ZERO catalog rows before this lane; these are its first. Privacy (375 x 812px) (375x3722). Readiness is ✅ ready. NOT ASSESSED: legal copy parity is a text-fidelity job against the live policy documents, not a geometry job, and this lane measured geometry only. src/App.tsx registers /play/terms, /play/aml-policy, /play/gaming-license and /play/responsible-gaming, so implementations exist to compare against.
2311:8793	unknown	-	/play/terms	Page 2311:5967 '✅ Privacy and Terms' in file 3sSzw1KewMtUbeLAv7uW0r had ZERO catalog rows before this lane; these are its first. Terms (375 x 812px) (375x3288). Readiness is ✅ ready. NOT ASSESSED: legal copy parity is a text-fidelity job against the live policy documents, not a geometry job, and this lane measured geometry only. src/App.tsx registers /play/terms, /play/aml-policy, /play/gaming-license and /play/responsible-gaming, so implementations exist to compare against.
