# key	status	primaryFile	route	reason	bp
# Lane trade, wave 41, 2026-09-14. 204 frames, page "✅ Trade 1", sections trade (InsightX dashboard, the perps
# terminal, /spot and six Trench-trade cuts). Owns src/components/home-redesign/insightx/InsightXScreen.tsx,
# src/components/trade/{ChartSettingsPanel,LayoutSettingsDrawer,MarketSearchModal,TradingChart}.tsx,
# trade/mobile/MobileBuySellBar.tsx, trade/native-chart/CandleChart.tsx, trade/order/ticketChrome.ts,
# trade/parts/{TicketPercentSlider.tsx,proMenuChrome.ts}, trade/perp-v2/{MarginModeSheet,PerpConfirmOrderModal,
# PerpOrderEntry,PerpPositionsPanel,ShareTradeModal}.tsx, trade/spot/{LayoutGrip,OrderbookEmpty}.tsx and
# src/pages/trade/{PerpTrading,Spot}.tsx. No frame in this assignment was 'done' before this pass: 196 partial,
# 4 not-started, 3 blocked-on-backend, 1 frame-defect.
#
# THE HEADLINE OF THIS PASS IS THAT THE CARRIED GAP LIST WAS LARGELY STALE. Waves 23/25/27-30/35/39/40 closed most
# of what these rows still name, and a stale "MISSING" line reads as work outstanding that nobody needs to do. Ten
# separate named gaps were re-checked against the shipping source (and, where the frame had to settle it, against
# the node) and are CLOSED: the InsightX bubble-map "1 hour ago" / "All related" dropdowns; all seven whale-table
# gaps (horizontal scroll, the tinted track/thumb, the address-joined emoji, the copy control, the FILLED
# DirectionTag, the panel box, the Shift-W hint); the chart-settings drawer's two groups, both section descriptions
# and its row sets; the full grouped timeframe menu; the search modal's fifth column; the /spot mobile layout-drawer
# mount; the perps desktop positions columns (Position value, Funding, and no Margin Ratio); the ShareTradeModal
# Include-row glyphs; and ShareTradeModal's "imported by zero files". Each of those rows now says so with numbers.
#
# NO BROWSER WAS USED (wave rule), so no row claims a DOM-measured done. Frames READ LIVE this pass: 3931-89692
# (the chart-settings drawer, metadata), 4437-112659 and 4451-126673 (get_design_context — the two 1440 dashboard
# CTAs), 3972-32663 (screenshot at 1440 — the timeframe menu), 9774-89840 (Frame 299, the order-type strip,
# metadata) and 4207-135367 (the share-PnL overlay, metadata, read in chunks). Every other row says NOT RE-READ and
# carries its prior verdict verbatim; none of those is done.
#
# DECISIONS ONLY CASEY CAN MAKE, one line each:
#   1. The dashboard title-row CTA word. 4437:112659 (base 1440) reads "AI Analysis"; 4451:126673 (Whale activity,
#      also 1440) reads "Advanced AI". Identical 158x36 box, identical type and fill. The app ships "Advanced AI"
#      at lg. Flipping it on one board's authority makes the other board wrong. Recorded in InsightXScreen.tsx.
#   2. The News tab's SOURCE. The frame's rows are verbatim AI-signal-feed copy, i.e. the same list the Reports tab
#      beside it already draws; reading the frame literally renders one feed twice under two tab names. Chrome is
#      correct under either answer; only the source is in question (report 125cffb2).
#   3. The 768 pair-search modal width. The board draws 680 inside 768; the shared DialogContent resolves 736, and
#      capping it would break the monotonic-width rule the whole Trade and Trench set is held to.
#   4. The layout grip's x. Five boards draw "Tool" at four different insets (17 / 20 / 48 / 40 / 9); the code pins
#      the two canonical 1440 boards' 17.
#
# HAND-OFFS (measured, written, NOT edited — another lane's file):
#   · src/components/trade/order/OrderEntryPanel.tsx (wave 23) — the order-type strip is 34 tall against Frame 299's
#     36, and it carries 12 above the label line box where the frame draws 10. Both pixels are on :861 (`pt-1`, which
#     the frame does not draw at all: `bottom menu` 9774:89841 starts at y=0) and :865 (`pt-2`). ticketChrome.ts's
#     pt-[9px]/pb-[17px] containment must survive the change or the active tab loses its underline.
#   · src/components/trench-redesign/trade/OrderPanel.tsx (wave 23, and dirty in git this session) — 18 frames.
#   · src/components/trade/order/ScaledOrderFields.tsx, order/orderTypeVisibility.ts, parts/ProOrderTypeMenu.tsx
#     (wave 23) — 5 frames between them.
#   · src/pages/trade/TrenchRedesign.tsx (not in this lane's owns list) — the six "Skai > Trench - actual" cuts.
#   · src/components/trade/mobile/MobileTradeShell.tsx / MobileContentTabs.tsx (not owned) — checked and found
#     ALREADY at the frame: tab gap `gap-6` = the board's 24, tab type 12/14 at 375 and 12/16 at 768 with -0.04em,
#     and the perps positions band is `min-h-[257px] md:min-h-[271px]`, which is the 271 Frame 9135-86325 draws.
#     The "band 141 vs 271, tab row 44 vs 40, gap 16 vs 24" residual those rows carry is stale.
#
# PEER STATE: no file this lane owns was dirty at start. Dirty and left alone: modules/skai-bot, modules/skai-chain,
# modules/skai-wallet, src/components/home-redesign/HomeTopBar.tsx and the whole
# src/components/trench-redesign/trade/ set (another session's in-flight wave-23 work).
#
# MONEY: nothing on a bet, payout, settlement, signing or points path was touched. The one money-adjacent frame
# fact recorded rather than built stays recorded: the perps Assets coin badge (9934:143647 / 9804:147230 /
# 9804:148796) is a `Base` network mark drawn on a USDC coin, and these are SKAI Chain balances whose stable is
# sUSD, which is native and not bridged — drawing it would assert a network claim no source makes.
4437-112650	partial	src/components/home-redesign/insightx/InsightXScreen.tsx	/insightx	TWO 1440 BOARDS DISAGREE ON ONE WORD, re-read live this pass: 4437:112659 (this screen's own title-row CTA) is a 158x36 CTA/button, Manrope 14/18 at -0.56px, #001615 text on a #56C7F3 fill, radius 8, px 40 py 6, gap 2, with a 24px logos/others glyph, and it reads "AI Analysis"; 4451:126673 — the SAME title row on the Whale-activity board — is the identical box and reads "Advanced AI". The catalog has carried "MISSING: the title-row AI Analysis CTA" since wave 30, which reads as an outstanding build. It is not one: the app ships "Advanced AI" at lg, which matches one of the two boards, and flipping it on the other board's authority only moves the mismatch. DECISION ONLY CASEY CAN MAKE — pick the word. Recorded in InsightXScreen.tsx:2424-2436 (commit ba7e53802) so the next reader does not re-open it. ALSO CLOSED on this row: the second carried gap, the bubble-map panel's "1 hour ago" and "All related" dropdowns (4437:112744/112745), ships at InsightXScreen.tsx:1270-1310 as two 120-wide controls on an 8px gap, permanently disabled with the reason on `title` and in the accessible name (HOLDER_FILTER at :1008) because `useTokenHolders` returns one current snapshot with no timeframe parameter and the holder rows carry no edges for a relation scope.	1440=partial 768=n-a 375=n-a @2026-09-14/wave41-trade
9069-263248	partial	src/components/home-redesign/insightx/InsightXScreen.tsx	/insightx	The carried "SURPLUS: Advanced AI on a board that draws no labelled CTA" is CLOSED in source and was not a build gap at this width: the control is icon-only under md (InsightXScreen.tsx:2441-2467 — `size-8` box, `md:w-auto md:min-w-[158px]`, an 18px sparkle at `h-[18px] md:h-3`, and BOTH labels behind `hidden md:inline lg:hidden` / `hidden lg:inline`), so the phone board draws exactly the 32x32 icon 9081:267996 and the tablet draws "AI Analysis" at 158x32. Not re-read at this width this pass.	1440=n-a 768=n-a 375=partial @2026-09-14/wave41-trade
9069-261150	partial	src/components/home-redesign/insightx/InsightXScreen.tsx	/insightx	The carried "SURPLUS: Advanced AI on a board that draws no labelled CTA" is CLOSED in source and was not a build gap at this width: the control is icon-only under md (InsightXScreen.tsx:2441-2467 — `size-8` box, `md:w-auto md:min-w-[158px]`, an 18px sparkle at `h-[18px] md:h-3`, and BOTH labels behind `hidden md:inline lg:hidden` / `hidden lg:inline`), so the phone board draws exactly the 32x32 icon 9081:267996 and the tablet draws "AI Analysis" at 158x32. Not re-read at this width this pass. The tablet board's own label "AI Analysis" (9069:262534) is what `md:inline lg:hidden` draws, so this width was never the mismatch — the conflict is between the two 1440 boards (see 4437-112650).	1440=n-a 768=partial 375=n-a @2026-09-14/wave41-trade
4459-127765	partial	src/components/home-redesign/insightx/InsightXScreen.tsx	/insightx	DECISION ONLY CASEY CAN MAKE, restated not built. The row chrome matches the frame (8px-separated `#122524` cards, `#123F3C` hairline, 12px radius, 12px padding, 14px gutter, 24px token disc, Mulish 11/14 title over an ellipsised Ash body, right-flush relative time, 16px external-link mark — InsightXScreen.tsx:1795-1843). What does not match is the SOURCE: every row the frame draws is verbatim `intelMappers.toConsensusInsights` output, i.e. the SAME AI-signal feed the Reports tab beside it already renders, so reading the frame literally would draw one feed twice on one screen under two tab names. The question is filed on report 125cffb2 and the reasoning is in the file header at InsightXScreen.tsx:59-72; if the ruling is "News is the signal feed", swap `getNews` for the `insights` array the parent already computes and drop the sentiment arrow. Nothing else changes. Not built either way.	1440=partial 768=n-a 375=n-a @2026-09-14/wave41-trade
9081-267604	partial	src/components/home-redesign/insightx/InsightXScreen.tsx	/insightx	DECISION ONLY CASEY CAN MAKE, restated not built. The row chrome matches the frame (8px-separated `#122524` cards, `#123F3C` hairline, 12px radius, 12px padding, 14px gutter, 24px token disc, Mulish 11/14 title over an ellipsised Ash body, right-flush relative time, 16px external-link mark — InsightXScreen.tsx:1795-1843). What does not match is the SOURCE: every row the frame draws is verbatim `intelMappers.toConsensusInsights` output, i.e. the SAME AI-signal feed the Reports tab beside it already renders, so reading the frame literally would draw one feed twice on one screen under two tab names. The question is filed on report 125cffb2 and the reasoning is in the file header at InsightXScreen.tsx:59-72; if the ruling is "News is the signal feed", swap `getNews` for the `insights` array the parent already computes and drop the sentiment arrow. Nothing else changes. Not built either way.	1440=n-a 768=n-a 375=partial @2026-09-14/wave41-trade
9081-266293	partial	src/components/home-redesign/insightx/InsightXScreen.tsx	/insightx	DECISION ONLY CASEY CAN MAKE, restated not built. The row chrome matches the frame (8px-separated `#122524` cards, `#123F3C` hairline, 12px radius, 12px padding, 14px gutter, 24px token disc, Mulish 11/14 title over an ellipsised Ash body, right-flush relative time, 16px external-link mark — InsightXScreen.tsx:1795-1843). What does not match is the SOURCE: every row the frame draws is verbatim `intelMappers.toConsensusInsights` output, i.e. the SAME AI-signal feed the Reports tab beside it already renders, so reading the frame literally would draw one feed twice on one screen under two tab names. The question is filed on report 125cffb2 and the reasoning is in the file header at InsightXScreen.tsx:59-72; if the ruling is "News is the signal feed", swap `getNews` for the `insights` array the parent already computes and drop the sentiment arrow. Nothing else changes. Not built either way.	1440=n-a 768=partial 375=n-a @2026-09-14/wave41-trade
4451-126989	partial	src/components/home-redesign/insightx/InsightXScreen.tsx	/insightx	The carried residual on this row was the base-frame "AI Analysis" CTA, which is the two-board word conflict measured on 4437-112650 this pass (see that row) and not a build gap. The tab itself is built on real sources — the frame's 3-column "Market direction | Message | Stream" table plus the signal card, driven by `market-intel/intelMappers.toConsensusInsights` off the live `useAISignals` feed, with the tab label's count taken from the real row count and an explicit unavailable state when the feed is offline (no fabricated rows). NOT RE-READ in Figma this pass.	1440=partial 768=n-a 375=n-a @2026-09-14/wave41-trade
9081-266034	partial	src/components/home-redesign/insightx/InsightXScreen.tsx	/insightx	The carried residual on this row was the base-frame "AI Analysis" CTA, which is the two-board word conflict measured on 4437-112650 this pass (see that row) and not a build gap. The tab itself is built on real sources — the frame's 3-column "Market direction | Message | Stream" table plus the signal card, driven by `market-intel/intelMappers.toConsensusInsights` off the live `useAISignals` feed, with the tab label's count taken from the real row count and an explicit unavailable state when the feed is offline (no fabricated rows). NOT RE-READ in Figma this pass. The carried "SURPLUS: Advanced AI on a board that draws no labelled CTA" is CLOSED in source and was not a build gap at this width: the control is icon-only under md (InsightXScreen.tsx:2441-2467 — `size-8` box, `md:w-auto md:min-w-[158px]`, an 18px sparkle at `h-[18px] md:h-3`, and BOTH labels behind `hidden md:inline lg:hidden` / `hidden lg:inline`), so the phone board draws exactly the 32x32 icon 9081:267996 and the tablet draws "AI Analysis" at 158x32. Not re-read at this width this pass.	1440=n-a 768=n-a 375=partial @2026-09-14/wave41-trade
9081-265572	partial	src/components/home-redesign/insightx/InsightXScreen.tsx	/insightx	The carried residual on this row was the base-frame "AI Analysis" CTA, which is the two-board word conflict measured on 4437-112650 this pass (see that row) and not a build gap. The tab itself is built on real sources — the frame's 3-column "Market direction | Message | Stream" table plus the signal card, driven by `market-intel/intelMappers.toConsensusInsights` off the live `useAISignals` feed, with the tab label's count taken from the real row count and an explicit unavailable state when the feed is offline (no fabricated rows). NOT RE-READ in Figma this pass.	1440=n-a 768=partial 375=n-a @2026-09-14/wave41-trade
4451-126554	partial	src/components/home-redesign/insightx/InsightXScreen.tsx	/insightx	ALL SEVEN carried whale-table gaps re-checked against the shipping source this pass and CLOSED — the row had been reading as seven outstanding builds. (1) horizontal scroll: InsightXScreen.tsx:2074 with the frame's own track/thumb at :1578-1582 (`overflow-x-auto`, 8px track `#001615` rounded-full, `#123F3C` thumb, native bars hidden on coarse pointers); (2) per-row emoji JOINED BY ADDRESS through `useTrackedWallets` at :1933-1949, never invented, and the 22px gutter is reserved only when a visible row actually resolves one; (3) the copy-address control at :1904 / :1171; (4) DirectionTag is FILLED, not outlined, at :1444 and :1633; (7) the per-device AI label, see the CTA note on the base frames. (5) panel fill/radius/padding and (6) the "Shift W — Jump to Wallet manager" hint at :1952 are also in. NOT RE-READ in Figma this pass, so the verdict stays partial on the one residual: the CTA word conflict.	1440=partial 768=n-a 375=n-a @2026-09-14/wave41-trade
9081-267988	partial	src/components/home-redesign/insightx/InsightXScreen.tsx	/insightx	ALL SEVEN carried whale-table gaps re-checked against the shipping source this pass and CLOSED — the row had been reading as seven outstanding builds. (1) horizontal scroll: InsightXScreen.tsx:2074 with the frame's own track/thumb at :1578-1582 (`overflow-x-auto`, 8px track `#001615` rounded-full, `#123F3C` thumb, native bars hidden on coarse pointers); (2) per-row emoji JOINED BY ADDRESS through `useTrackedWallets` at :1933-1949, never invented, and the 22px gutter is reserved only when a visible row actually resolves one; (3) the copy-address control at :1904 / :1171; (4) DirectionTag is FILLED, not outlined, at :1444 and :1633; (7) the per-device AI label, see the CTA note on the base frames. (5) panel fill/radius/padding and (6) the "Shift W — Jump to Wallet manager" hint at :1952 are also in. NOT RE-READ in Figma this pass, so the verdict stays partial on the one residual: the CTA word conflict.	1440=n-a 768=n-a 375=partial @2026-09-14/wave41-trade
9081-266657	partial	src/components/home-redesign/insightx/InsightXScreen.tsx	/insightx	ALL SEVEN carried whale-table gaps re-checked against the shipping source this pass and CLOSED — the row had been reading as seven outstanding builds. (1) horizontal scroll: InsightXScreen.tsx:2074 with the frame's own track/thumb at :1578-1582 (`overflow-x-auto`, 8px track `#001615` rounded-full, `#123F3C` thumb, native bars hidden on coarse pointers); (2) per-row emoji JOINED BY ADDRESS through `useTrackedWallets` at :1933-1949, never invented, and the 22px gutter is reserved only when a visible row actually resolves one; (3) the copy-address control at :1904 / :1171; (4) DirectionTag is FILLED, not outlined, at :1444 and :1633; (7) the per-device AI label, see the CTA note on the base frames. (5) panel fill/radius/padding and (6) the "Shift W — Jump to Wallet manager" hint at :1952 are also in. NOT RE-READ in Figma this pass, so the verdict stays partial on the one residual: the CTA word conflict.	1440=n-a 768=partial 375=n-a @2026-09-14/wave41-trade
9804-147360	partial	src/pages/trade/PerpTrading.tsx	/trade/perps	NOT RE-READ this pass — the Figma seat's burst budget went to the six nodes named in this file's header, and the web-app boards did not change on 2026-09-10, so the prior verdict stands rather than being re-guessed. Carried: CORRECTED 2026-09-06 (lane trade-perp): the earlier note on this row read MEASURED, NOT BUILT, and that is no longer true - the record's layout IS built, and a stale not-built line reads as work outstanding that nobody needs to do. Re-read this session on the record's own nodes and confirmed against the shipping card: the strip is FIVE columns, not four, because the 247-wide token group is itself two - Frame 1345 85 wide at x0 and the Available balance figure 119 wide at x128. …(prior note continues in trade.json)	1440=n-a 768=n-a 375=partial @2026-09-14/wave41-trade
9804-145379	partial	src/pages/trade/PerpTrading.tsx	/trade/perps	NOT RE-READ this pass — the Figma seat's burst budget went to the six nodes named in this file's header, and the web-app boards did not change on 2026-09-10, so the prior verdict stands rather than being re-guessed. Carried: CORRECTED 2026-09-06 (lane trade-perp): the earlier note on this row read MEASURED, NOT BUILT, and that is no longer true - the record's layout IS built, and a stale not-built line reads as work outstanding that nobody needs to do. Re-read this session on the record's own nodes and confirmed against the shipping card: the strip is FIVE columns, not four, because the 247-wide token group is itself two - Frame 1345 85 wide at x0 and the Available balance figure 119 wide at x128. …(prior note continues in trade.json)	1440=n-a 768=n-a 375=partial @2026-09-14/wave41-trade
9803-125791	partial	src/pages/trade/PerpTrading.tsx	/trade/perps	NOT RE-READ this pass — the Figma seat's burst budget went to the six nodes named in this file's header, and the web-app boards did not change on 2026-09-10, so the prior verdict stands rather than being re-guessed. Carried: Same bar, same fix at 375: Frame 1217 360x56 at (8,1031); Frame 1341 375x971 at y=48; Bottom-navigation-mobile 375x54 at y=1099 - so this is a full-scroll frame and the (375 x 812px) in its title is the viewport it is read at, not its height. Bar now matches on geometry, type and colour (numbers under 9801-112095). Body not measured. | vverify: partial | Perps mobile full. Mobile IA shell live at 375 (4 content tabs y=261 h=44, Buy/Sell 166px each y=915). Catalog note claiming a desktop-grid reflow is STALE. Residual: positions band 141 vs frame, tab type metrics	1440=n-a 768=n-a 375=partial @2026-09-14/wave41-trade
9135-79087	partial	src/pages/trade/PerpTrading.tsx	/trade/perps	NOT RE-READ this pass — the Figma seat's burst budget went to the six nodes named in this file's header, and the web-app boards did not change on 2026-09-10, so the prior verdict stands rather than being re-guessed. Carried: Same bar, same fix: Frame 1217 730x66 at (19,1080) inside a frame whose real height is the full scroll, not the 1024 the title claims - Bottom-navigation-tablet sits at y=1178. Bar card and buttons measured as for 9135-85233 (r16 pad8 gap8 fill #001615 at 0.6, stroke #123F3C; 353x50 r12 Manrope 14/18 on #001615) and now match. The rest of the scroll (main 708x989 at (30,76)) not measured. | vverify: partial | Perps tablet full. Shell IA present at 768 (4 content tabs, positions band, pinned bar). Residual band-height and type deltas as 9135-85233	1440=n-a 768=partial 375=n-a @2026-09-14/wave41-trade
9804-154738	partial	src/pages/trade/PerpTrading.tsx	/trade/perps	NOT RE-READ this pass — the Figma seat's burst budget went to the six nodes named in this file's header, and the web-app boards did not change on 2026-09-10, so the prior verdict stands rather than being re-guessed. Carried: DEMOTED from done - no numbers in its note. Measured: frame 375x1340 (title claims 812) and it is byte-for-byte the same shell as the Trade history sibling 9804-152885 - Frame 1341 375x1158 at (0,48), Bottom-navigation-mobile at (0,1286), Frame 1217 360x56 at (8,1218). The bar is measured and fixed this wave; the funding rows are not, so partial. | vverify: match | Perps mobile Funding history. Same fix as 9152-90527 verified at 375: tab measured 0x0 before, 77x38 after, exit-0 via steps driver. Frame 9804:156200 draws six tabs with Funding history ACTIVE. Real on-chain series via FundingHistoryChart, no mock	1440=n-a 768=n-a 375=partial @2026-09-14/wave41-trade
9801-122252	partial	src/pages/trade/PerpTrading.tsx	/trade/perps	NOT RE-READ this pass — the Figma seat's burst budget went to the six nodes named in this file's header, and the web-app boards did not change on 2026-09-10, so the prior verdict stands rather than being re-guessed. Carried: Skai > Trade > Perpetual Futures - Market long - user not signed in | NO v2 counterpart on Trade2 - stays a parity target | 1 v1 frame(s) at 375 | status CARRIED from status.trade.tsv family "perpetual futures" - not measured by this lane | vverify: deferred | Perps mobile Market long user-not-signed-in. Same bypass-seeding limitation	1440=n-a 768=n-a 375=partial @2026-09-14/wave41-trade
9153-86643	partial	src/pages/trade/PerpTrading.tsx	/trade/perps	NOT RE-READ this pass — the Figma seat's burst budget went to the six nodes named in this file's header, and the web-app boards did not change on 2026-09-10, so the prior verdict stands rather than being re-guessed. Carried: CORRECTED 2026-09-07 (lane trade-perp): this row resolved its numbers from the class list and never from the PAINTED box, and nine of the ticket's controls did not reach them. src/index.css runs TWO @media (max-width: 768px) blocks putting min-height/min-width 44px on button, a and [role=button] unless the element carries .no-min-size; that query covers BOTH boards this family is drawn at, and min-height outranks height. …(prior note continues in trade.json)	1440=n-a 768=n-a 375=partial @2026-09-14/wave41-trade
9102-300724	partial	src/pages/trade/PerpTrading.tsx	/trade/perps	NOT RE-READ this pass — the Figma seat's burst budget went to the six nodes named in this file's header, and the web-app boards did not change on 2026-09-10, so the prior verdict stands rather than being re-guessed. Carried: Skai > Trade > Perpetual Futures - Market long | NO v2 counterpart on Trade2 - stays a parity target | 3 v1 frame(s) at 768/375 | siblings 9137:86763,9153:86643 | status CARRIED from status.trade.tsv family "perpetual futures" - not measured by this lane | vverify: partial | Perps tablet Market long. Long/short selection reaches the ticket sheet at 768; order-side state verified through the Buy/Sell bar mapping. Ticket sub-layout deltas not individually measured	1440=n-a 768=partial 375=n-a @2026-09-14/wave41-trade
9137-86763	partial	src/pages/trade/PerpTrading.tsx	/trade/perps	NOT RE-READ this pass — the Figma seat's burst budget went to the six nodes named in this file's header, and the web-app boards did not change on 2026-09-10, so the prior verdict stands rather than being re-guessed. Carried: CORRECTED 2026-09-07 (lane trade-perp): this row resolved its numbers from the class list and never from the PAINTED box, and nine of the ticket's controls did not reach them. src/index.css runs TWO @media (max-width: 768px) blocks putting min-height/min-width 44px on button, a and [role=button] unless the element carries .no-min-size; that query covers BOTH boards this family is drawn at, and min-height outranks height. …(prior note continues in trade.json)	1440=n-a 768=partial 375=n-a @2026-09-14/wave41-trade
9135-77637	partial	src/pages/trade/PerpTrading.tsx	/trade/perps	NOT RE-READ this pass — the Figma seat's burst budget went to the six nodes named in this file's header, and the web-app boards did not change on 2026-09-10, so the prior verdict stands rather than being re-guessed. Carried: Skai > Trade > Perpetual Futures - Market long ALT | NO v2 counterpart on Trade2 - stays a parity target | 1 v1 frame(s) at 768 | status CARRIED from status.trade.tsv family "perpetual futures" - not measured by this lane | vverify: partial | Perps tablet Market long ALT. Same as 9102-300724	1440=n-a 768=partial 375=n-a @2026-09-14/wave41-trade
9804-150628	partial	src/pages/trade/PerpTrading.tsx	/trade/perps	NOT RE-READ this pass — the Figma seat's burst budget went to the six nodes named in this file's header, and the web-app boards did not change on 2026-09-10, so the prior verdict stands rather than being re-guessed. Carried: DEMOTED from done - no numbers in its note. Measured: frame 375x1208 (title claims 812); Frame 1341 375x1026 at (0,48); Bottom-navigation-mobile 375x54 at (0,1154); Frame 1217 360x56 at (8,1086), measured and fixed this wave. Collapsed rows unmeasured, so partial. | vverify: match | BUILT 2026-08-05. Order history collapsed at 375 - the chevron hides Status / Fill price / Time. Named per-row collapse gap closed.	1440=n-a 768=n-a 375=partial @2026-09-14/wave41-trade
9804-149370	blocked-on-backend	src/pages/trade/PerpTrading.tsx	/trade/perps	NOT RE-READ this pass — the Figma seat's burst budget went to the six nodes named in this file's header, and the web-app boards did not change on 2026-09-10, so the prior verdict stands rather than being re-guessed. Carried: MEASURED AND BUILT AS FAR AS THE PAYLOAD ALLOWS 2026-09-06 (lane trade-perp); moved off `partial` because what is left cannot be built from the client. The two layout items wave 25 named are closed. Record 9804:152203 is 343x156 = 24 + 12 + 32 + 12 + 32 + 12 + 32, and its rows 9804:152218 / :152229 / :152240 are 80 / 100 / 120 at x 0 / 101.5 / 223 - a 21.5 gutter, and a DIFFERENT set from the positions record's 80 / 80 / 120, so the two cards no longer share one grid. The card drew three even thirds at 118.33 / 236.67 and now carries grid-cols-[80px_100px_120px] justify-between. …(prior note continues in trade.json)	1440=n-a 768=n-a 375=partial @2026-09-14/wave41-trade
9804-141566	partial	src/pages/trade/PerpTrading.tsx	/trade/perps	NOT RE-READ this pass — the Figma seat's burst budget went to the six nodes named in this file's header, and the web-app boards did not change on 2026-09-10, so the prior verdict stands rather than being re-guessed. Carried: DEMOTED from done - no numbers in its note. Measured: frame 375x1369 (title claims 812); Frame 1341 375x1187 at (0,48); Bottom-navigation-mobile 375x54 at (0,1315); Frame 1217 360x56 at (8,1247), measured and fixed this wave. NOTE its twin 9804-143394 carries the IDENTICAL title and the same bar on a 375x1313 frame yet was marked partial while this one was done - a 56px body difference decided a two-band split with no measurement behind either. Both are partial here. | vverify: match | BUILT 2026-08-05. Second orders-collapsed variant at 375; one OrderCard covers it. …(prior note continues in trade.json)	1440=n-a 768=n-a 375=partial @2026-09-14/wave41-trade
9804-143394	partial	src/pages/trade/PerpTrading.tsx	/trade/perps	NOT RE-READ this pass — the Figma seat's burst budget went to the six nodes named in this file's header, and the web-app boards did not change on 2026-09-10, so the prior verdict stands rather than being re-guessed. Carried: Bar measured and fixed: Frame 1217 360x56 at (8,1191) on a frame that is really 375x1313 (Bottom-navigation-mobile at y=1259). Its sibling 9804-141566 carries the SAME title Perpetual Futures - Orders - collapsed and the same 360x56 bar at (8,1247) on a 375x1369 frame, yet one was done and this one partial - a 56px body difference decided a two-band status split with no measurement behind either. Both are partial here. Orders panel itself (PerpPositionsPanel) not measured. | vverify: match | BUILT 2026-08-05. Orders collapsed at 375 - same OrderCard with Status/Fill price/Time hidden behind the chevron. …(prior note continues in trade.json)	1440=n-a 768=n-a 375=partial @2026-09-14/wave41-trade
9804-139692	partial	src/pages/trade/PerpTrading.tsx	/trade/perps	NOT RE-READ this pass — the Figma seat's burst budget went to the six nodes named in this file's header, and the web-app boards did not change on 2026-09-10, so the prior verdict stands rather than being re-guessed. Carried: DEMOTED from done - no numbers in its note. Measured: frame 375x1501 (title claims 812); Frame 1341 375x1319 at (0,48); Bottom-navigation-mobile 375x54 at (0,1447); Frame 1217 360x56 at (8,1379), measured and fixed this wave. Orders list unmeasured, so partial. | vverify: match | BUILT 2026-08-05. Orders at 375 render as OrderCard, not table rows: pair + Long/Short chip, collapse chevron and a real cancel control, first row Size | Price | Type, expanded adds Status | Fill price | Time. *** The frame labels the middle cell "Trigger conditions" (Price > 119115). There are no trigger conditions on this rail …(prior note continues in trade.json)	1440=n-a 768=n-a 375=partial @2026-09-14/wave41-trade
9804-136992	partial	src/pages/trade/PerpTrading.tsx	/trade/perps	NOT RE-READ this pass — the Figma seat's burst budget went to the six nodes named in this file's header, and the web-app boards did not change on 2026-09-10, so the prior verdict stands rather than being re-guessed. Carried: CARRIED (wave 9: done-deferred; the 375 record menu 9804:138571 160x80 r8 with 144x28 rows on 12/14 is RECORD_MENU_CLASS). Demoted to partial only because nothing here is render-verified. What this pass changed is beside it: the DESKTOP table's menu shared this phone class and now has its own (7890-128681: 200x84, r12, 184x30 rows on 14/18) - the phone card's menu is untouched. | vverify: deferred | Perps mobile Positions dropdown. Requires a live native-chart control; shipped chart is TradingView and the native dropdowns sit behind NATIVE_TRADE_CHART which is OFF. Not openable in static verify	1440=n-a 768=n-a 375=partial @2026-09-14/wave41-trade
9801-123930	partial	src/pages/trade/PerpTrading.tsx	/trade/perps	NOT RE-READ this pass — the Figma seat's burst budget went to the six nodes named in this file's header, and the web-app boards did not change on 2026-09-10, so the prior verdict stands rather than being re-guessed. Carried: Bar measured and fixed (Frame 1217 360x56 at (8,690), numbers under 9801-112095). The frame subject is the COLLAPSED price header: Frame 1341 is 879 tall here against 971 in the expanded sibling 9801-112095, so the collapse removes exactly 92px. That header is PerpMarketHeader.tsx and was not measured this wave, so partial. | vverify: deferred | Perps mobile Price Collapsed. No price-collapse affordance exists in the shipped header, so the collapsed variant has no control to reach. Structural gap plus unreachable state	1440=n-a 768=n-a 375=partial @2026-09-14/wave41-trade
3908-39491	partial	src/pages/trade/PerpTrading.tsx	/trade/perps	NOT RE-READ this pass — the Figma seat's burst budget went to the six nodes named in this file's header, and the web-app boards did not change on 2026-09-10, so the prior verdict stands rather than being re-guessed. Carried: Skai > Trade > Perpetual futures - user not signed | NO v2 counterpart on Trade2 - stays a parity target | 1 v1 frame(s) at 1440 | status CARRIED from status.trade.tsv family "perpetual futures" - not measured by this lane | vverify: deferred | Perps desktop user-not-signed-in. The DEV auth bypass always seeds skai_test_user, so the signed-out variant cannot be reached by the driver	1440=partial 768=n-a 375=n-a @2026-09-14/wave41-trade
9801-121092	partial	src/pages/trade/PerpTrading.tsx	/trade/perps	NOT RE-READ this pass — the Figma seat's burst budget went to the six nodes named in this file's header, and the web-app boards did not change on 2026-09-10, so the prior verdict stands rather than being re-guessed. Carried: Bar measured and fixed (Frame 1217 360x56 at (8,690); card r16 pad8 gap8 fill #001615 at 0.6 stroke #123F3C 1px; buttons 168x40 r12 Manrope 14/16 on #001615). NOTE the frame keeps the SAME Long/Short bar in the signed-out state - Frame 1341 is 971 tall, identical to the signed-in 9801-112095 - so signed-out is not a different bar, it is the same bar behind a connect gate. The signed-out treatment inside the body was not measured. | vverify: deferred | Perps mobile user-not-signed-in. Same bypass-seeding limitation	1440=n-a 768=n-a 375=partial @2026-09-14/wave41-trade
9135-80712	partial	src/pages/trade/PerpTrading.tsx	/trade/perps	NOT RE-READ this pass — the Figma seat's burst budget went to the six nodes named in this file's header, and the web-app boards did not change on 2026-09-10, so the prior verdict stands rather than being re-guessed. Carried: Skai > Trade > Perpetual Futures - user not signed in | NO v2 counterpart on Trade2 - stays a parity target | 2 v1 frame(s) at 768/375 | siblings 9801:121092 | status CARRIED from status.trade.tsv family "perpetual futures" - not measured by this lane | vverify: deferred | Perps tablet user-not-signed-in. Same bypass-seeding limitation	1440=n-a 768=partial 375=n-a @2026-09-14/wave41-trade
3903-22970	partial	src/pages/trade/PerpTrading.tsx	/trade/perps	NOT RE-READ this pass — the Figma seat's burst budget went to the six nodes named in this file's header, and the web-app boards did not change on 2026-09-10, so the prior verdict stands rather than being re-guessed. Carried: PAGE: Trade 1 (3:3). Real frame 1440x1501, not 900 - a full-scroll desktop perp screen. Header-desktop 1440x56 at y=0; sidebar 58x844 at (0,56); main 1382x1429 at (58,56); Frame 7 1382x16 at (58,1485); a decorative Ellipse 24 1799x1799 at (-222,1321). It is 72px taller in main than its sibling 3903:21478 (1382x1429 at the same origin but on a 1440x900 crop), so the two are the same screen at different scroll extents. Body panels unmeasured, so partial. | vverify: partial | Perps desktop 1440. Header cells enumerated Price|Oracle|24h Change|Open Interest|Funding Rate/Timer — no Market Cap. …(prior note continues in trade.json)	1440=partial 768=n-a 375=n-a @2026-09-14/wave41-trade
3903-24462	partial	src/pages/trade/PerpTrading.tsx	/trade/perps	NOT RE-READ this pass — the Figma seat's burst budget went to the six nodes named in this file's header, and the web-app boards did not change on 2026-09-10, so the prior verdict stands rather than being re-guessed. Carried: PAGE: Trade 1 (3:3). Real frame 1440x1384. Header-desktop 1440x56; sidebar 58x844 at (0,56); main 1382x1312 at (58,56); Frame 7 1382x16 at (58,1368); Ellipse 24 1799x1799 at (-222,1149). 117px shorter in main than 3903:22970 and 117 shorter than 3903:21478 - a third scroll extent of the same desktop screen. Body unmeasured, so partial. | vverify: partial | Perps desktop 1440. Same header-cell conflict as 3903-22970: frame draws Oracle, app draws Market Cap above lg. Two-frame conflict — component 3886-15109 does draw Market Cap, so this needs a design call rather than a blind flip	1440=partial 768=n-a 375=n-a @2026-09-14/wave41-trade
4020-49491	partial	src/components/trade/perp-v2/PerpPositionsPanel.tsx	/trade/perps	NOT RE-READ this pass — the Figma seat's burst budget went to the six nodes named in this file's header, and the web-app boards did not change on 2026-09-10, so the prior verdict stands rather than being re-guessed. Carried: DEMOTED from done - own note ends status CARRIED - not measured by this lane. Measured: frame 1440x1443 (title claims 900); main 1382x1371 at (58,56); Frame 7 1382x16 at (58,1427). Type and colour unmeasured, so partial. | vverify: partial | NOTE CORRECTED 2026-08-05, the stat-card claim is STALE. AssetsPanel (PerpPositionsPanel.tsx) has drawn the frame per-token table since report d5372f57: Token name / Available balance / 24h change / Quick actions (Swap-Deposit-Withdraw) / Total Balance / overflow menu, with the Export as CSV + View all footer. …(prior note continues in trade.json)	1440=partial 768=n-a 375=n-a @2026-09-14/wave41-trade
9152-84122	partial	src/components/trade/perp-v2/PerpPositionsPanel.tsx	/trade/perps	NOT RE-READ this pass — the Figma seat's burst budget went to the six nodes named in this file's header, and the web-app boards did not change on 2026-09-10, so the prior verdict stands rather than being re-guessed. Carried: CORRECTED 2026-09-06 (lane trade-perp): the earlier note on this row read MEASURED, NOT BUILT, and that is no longer true - the record's layout IS built, and a stale not-built line reads as work outstanding that nobody needs to do. Re-read this session on the record's own nodes and confirmed against the shipping card: the strip is FIVE columns, not four, because the 247-wide token group is itself two - Frame 1345 85 wide at x0 and the Available balance figure 119 wide at x128. …(prior note continues in trade.json)	1440=n-a 768=partial 375=n-a @2026-09-14/wave41-trade
9137-88222	partial	src/components/trade/perp-v2/MarginModeSheet.tsx	/trade/perps	NOT RE-READ this pass — the Figma seat's burst budget went to the six nodes named in this file's header, and the web-app boards did not change on 2026-09-10, so the prior verdict stands rather than being re-guessed. Carried: PAGE: Trade 1 (3:3), v1-superseded. Same re-measurement at the middle stop and this is the stop that was wrong. Right menu 9106:77733 442x1008 VERTICAL SPACE_BETWEEN FIXED, two children (Frame 344 402x321 at y=20, CTA 402x50 at y=938), itemSpacing 32 inert against a drawn 597. Frame 344 9106:77734 reports and draws 24, where the component was shipping 32. Closed by the base gap-6. The rest of wave 10's row re-verified: pad 20 r12, cards 402x90 and 402x106 r12 inset 12/12/16/12, CTA 402x50 r12 pad 16/24 label 14/18, title 18/22 Manrope Regular. | vverify: partial | Perps tablet cross/isolated. …(prior note continues in trade.json)	1440=n-a 768=partial 375=n-a @2026-09-14/wave41-trade
4201-128723	partial	src/components/trade/perp-v2/PerpPositionsPanel.tsx	/trade/perps	NOT RE-READ this pass — the Figma seat's burst budget went to the six nodes named in this file's header, and the web-app boards did not change on 2026-09-10, so the prior verdict stands rather than being re-guessed. Carried: PAGE: Trade 1 (3:3), v1-superseded. DEMOTION of a legacy no-digit done: status.trade.tsv carries this family as done on the reason "PerpPositionsPanel funding tab", which is a citation with no measurement in it, and it contradicted the partial the node already had. Real frame is 1440x1443, NOT the 900 the title claims - the bracketed size is the viewport. MEASURED: main 1382x1371 at (58,56), Header-desktop 1440x56, sidebar 58x844 at (0,56), Frame 7 1382x16 at (58,1427), decorative Ellipse 24 1799x1799 at (-222,1208). …(prior note continues in trade.json)	1440=partial 768=n-a 375=n-a @2026-09-14/wave41-trade
9152-90527	partial	src/components/trade/perp-v2/PerpPositionsPanel.tsx	/trade/perps	NOT RE-READ this pass — the Figma seat's burst budget went to the six nodes named in this file's header, and the web-app boards did not change on 2026-09-10, so the prior verdict stands rather than being re-guessed. Carried: MEASURED, NOT BUILT, and blocked on a source rather than on layout. Record 9934:146031 is 684x70 = header 24 + 12 + ONE 34-tall metric row, inside content 9934:146030 708x282 with records at y 12/106/200 and 684-wide 1px #123F3C rules at 94 and 188. This record's header 9934:146032 is the family's odd one: 684x24 holding the pair block 190x24 and NO control cluster at all, against two on order history, one on trade history and three on positions. …(prior note continues in trade.json)	1440=n-a 768=partial 375=n-a @2026-09-14/wave41-trade
3962-32706	partial	src/components/trade/MarketSearchModal.tsx	/trade/perps	NOT RE-READ this pass — the Figma seat's burst budget went to the six nodes named in this file's header, and the web-app boards did not change on 2026-09-10, so the prior verdict stands rather than being re-guessed. Carried: The 1440 board in place, read through its own chain: Overlay 3962-34366 to modal 3962-34367, 796x680 r32 pad 24/16 gap 16 #122524, holding controls / Frame 466 / Frame 373 / input top / Frame 470, every one of them starting at x16. PANEL INSET, FIXED: the tab rail, the coin chips, the table and the shortcut strip all shipped px-5 lg:px-6, i.e. 20/20/24 - which is the SEARCH BAND's number, because controls 3962-34723 alone takes a further 8 inside the column. They now ship px-3 lg:px-4 (12/12/16) and the search band keeps px-5 lg:px-6. Against the frame that closes 8 on every section of every board. …(prior note continues in trade.json)	1440=partial 768=n-a 375=n-a @2026-09-14/wave41-trade
9148-79309	partial	src/components/trade/MarketSearchModal.tsx	/trade/perps	BLOCKED ON A RULING, restated not guessed: the modal is 680 wide inside the 768 board and the shipped DialogContent resolves `w-[calc(100%-21px)]` capped at `max-w-[796px]`, i.e. 736 — a 56 overshoot. Adding `md:max-w-[680px]` would make the dialog NARROWER at 769 (680) than at 767 (746), which `dialogWidthMonotonic.figma.test.ts` forbids across the whole Trade and Trench set. Either the 768 board's 680 is a per-board literal the monotonic rule has to admit, or the rule stands and this board keeps its overshoot. Not decided here. Everything else on this node is measured and built (modal 680x586 r16 pad 24/12 gap 16, sections inset 12, rules across the 656 column, rows 8 apart on a 16 corner, traded row 42 = 2x12 + an 18px line box). NOT RE-READ in Figma this pass.	1440=n-a 768=partial 375=n-a @2026-09-14/wave41-trade
3976-39045	partial	src/components/trade/perp-v2/PerpConfirmOrderModal.tsx	/trade/perps	NOT RE-READ this pass — the Figma seat's burst budget went to the six nodes named in this file's header, and the web-app boards did not change on 2026-09-10, so the prior verdict stands rather than being re-guessed. Carried: CARRIED from wave 9 (part-fixed: 564x490 gap 40 pad 24 r32 over a #001615 @0.44 overlay) and one stop closed this wave at the other end of the ramp: the 375 twin 9154:121514 is 354 wide at x=11 on the 9154:121608 board, and the primitive's w-[calc(100%-2rem)] landed 343 there, so DialogContent now states w-[calc(100%-21px)]. dialogWidthMonotonic.figma.test.ts already names that class as the 375 board's 354. The desktop box is unchanged; render not verified. | vverify: deferred | Perps desktop Order confirmation. …(prior note continues in trade.json)	1440=partial 768=n-a 375=n-a @2026-09-14/wave41-trade
9148-80746	partial	src/components/trade/perp-v2/PerpConfirmOrderModal.tsx	/trade/perps	NOT RE-READ this pass — the Figma seat's burst budget went to the six nodes named in this file's header, and the web-app boards did not change on 2026-09-10, so the prior verdict stands rather than being re-guessed. Carried: CARRIED from wave 9 (448x394 at (160,315) - centred on the 768 board - gap 24 pad 12 r16). Unchanged at 768 by this wave's width rule: 768 - 21 = 747 exceeds the 448 max-width, so the new base width only reaches the 375 board. Type ramp remaining as recorded. | vverify: deferred | Perps tablet Order confirmation. Same isConnected gate as 3976-39045; the ticket sheet opens but the confirm step is unreachable without a wallet	1440=n-a 768=partial 375=n-a @2026-09-14/wave41-trade
9934-144131	partial	src/components/trade/perp-v2/PerpPositionsPanel.tsx	/trade/perps	NOT RE-READ this pass — the Figma seat's burst budget went to the six nodes named in this file's header, and the web-app boards did not change on 2026-09-10, so the prior verdict stands rather than being re-guessed. Carried: CORRECTED 2026-09-07 (lane trade-perp): "the same 28-vs-16 control target" is no longer open. RECORD_CONTROL_CLASS (PerpPositionsPanel.tsx:430-432) draws a 16px box - h-4 w-4 - and hangs the 28 a finger needs off before:-inset-1.5, so the mark matches the board and the target costs the header nothing. The two unsourced cells stay open, unchanged. NEW THIS LANE: PerpHistoryCards.figma.test.tsx now asserts that geometry on this card too rather than only on the positions record, proved red by widening the shared class. Commit 1b93d2b27. ⛔ NOT MEASURED THIS LANE …(prior note continues in trade.json)	1440=n-a 768=partial 375=n-a @2026-09-14/wave41-trade
4191-121191	partial	src/components/trade/perp-v2/PerpPositionsPanel.tsx	/trade/perps	NOT RE-READ this pass — the Figma seat's burst budget went to the six nodes named in this file's header, and the web-app boards did not change on 2026-09-10, so the prior verdict stands rather than being re-guessed. Carried: DEMOTED from done - own note ends status CARRIED - not measured by this lane. Measured: frame 1440x1443 (title claims 900); main 1382x1371 at (58,56); Frame 7 1382x16 at (58,1427). Type and colour unmeasured, so partial. | vverify: partial | Perps desktop Order history. Tab reachable at 1440 exit-0 via steps driver with aria-selected asserted. Empty state renders; row parity needs live history data	1440=partial 768=n-a 375=n-a @2026-09-14/wave41-trade
9152-86271	partial	src/components/trade/perp-v2/PerpPositionsPanel.tsx	/trade/perps	NOT RE-READ this pass — the Figma seat's burst budget went to the six nodes named in this file's header, and the web-app boards did not change on 2026-09-10, so the prior verdict stands rather than being re-guessed. Carried: CORRECTED 2026-09-07 (lane trade-perp): two of this row's STILL OPEN items are no longer open, and a stale open item reads as work outstanding that nobody needs to do. (1) "the card's chevron is a 28x28 target where the board draws 16" - the record header control is now a 16px BOX with the 28 riding on ::before, RECORD_CONTROL_CLASS at PerpPositionsPanel.tsx:430-432 (no-min-size relative h-4 w-4 ... before:absolute before:-inset-1.5), so the mark is the board's 16 and the 28 is an invisible hit area that never sets the header height. …(prior note continues in trade.json)	1440=n-a 768=partial 375=n-a @2026-09-14/wave41-trade
4020-47586	partial	src/components/trade/perp-v2/PerpPositionsPanel.tsx	/trade/perps	NOT RE-READ this pass — the Figma seat's burst budget went to the six nodes named in this file's header, and the web-app boards did not change on 2026-09-10, so the prior verdict stands rather than being re-guessed. Carried: DEMOTED from done - own note ends status CARRIED - not measured by this lane. Measured: frame 1440x1443 (title claims 900, so full-scroll); main 1382x1371 at (58,56); Frame 7 1382x16 at (58,1427); Ellipse 24 1799x1799 at (-222,1208). Type and colour unmeasured, so partial. | vverify: match | Orders tab active; layout + tab-bar match; Sign in to view trading data wallet-gated empty state vs Figma populated open-orders table (mock caveat)	1440=partial 768=n-a 375=n-a @2026-09-14/wave41-trade
9152-81364	partial	src/components/trade/perp-v2/PerpPositionsPanel.tsx	/trade/perps	NOT RE-READ this pass — the Figma seat's burst budget went to the six nodes named in this file's header, and the web-app boards did not change on 2026-09-10, so the prior verdict stands rather than being re-guessed. Carried: The half every earlier row on this frame named as unread - the record's own cells - measured this wave, and it does NOT reduce to the Positions record. Record 9934:143335 is 684x106 = header 24 + 12 + ONE 34-tall metric row + 12 + footer 24, inside content 9934:143334 708x390 with records at y 12/142/272 and 684-wide rules at y 130 and 260. The metric row 9934:143349 holds SIX cells, not the Positions record's five: Size 80 at x 0, Reduce only 80 at 104.8, Trigger conditions 100 at 209.6, Original size / Price 100 at 334.4, Type 100 at 459.2 and TP/SL 100 at 584, the last one right-flush (inner frame at x 69 w 31 …(prior note continues in trade.json)	1440=n-a 768=partial 375=n-a @2026-09-14/wave41-trade
4018-40830	partial	src/components/trade/perp-v2/PerpPositionsPanel.tsx	/trade/perps	The carried column verdict is STALE and was reading as three outstanding changes. Re-checked in source: the desktop positions table heads Trading pairs | Size | Position value | Entry price | Mark price | PnL (ROE%) | Liq. price | Margin | Funding | TP/SL | Close all (PerpPositionsPanel.tsx:1530-1540, mirrored by the live row at :980-1110). So "Position value MISSING", "Funding MISSING" and "Margin Ratio SURPLUS" are all closed — the frame's nine cells are drawn and the surplus column is gone. Mark price dashes rather than falling back to entry, and PnL never prints a confident zero on an unknown mark. NOT RE-READ in Figma this pass; type and colour at this node remain unmeasured, which is what keeps it partial.	1440=partial 768=n-a 375=n-a @2026-09-14/wave41-trade
4020-44966	partial	src/components/trade/perp-v2/PerpPositionsPanel.tsx	/trade/perps	NOT RE-READ this pass — the Figma seat's burst budget went to the six nodes named in this file's header, and the web-app boards did not change on 2026-09-10, so the prior verdict stands rather than being re-guessed. Carried: The Edit running SL/TP board at 1440, carried (wave 9: deferred). This pass measured its modal family on the detached nodes 7890-130783 / 130857 (564x654 / 564x712, body Frame 480 516 wide at 24,24) - the numbers the component's docblock already states - and closed the 375 stop (354 via w-[calc(100%-21px)], see 9154-124727). The 'additional position' variant (Frame 486 166 tall against 108) is not distinguished in source. | vverify: deferred | Perps desktop Edit running SL/TP. …(prior note continues in trade.json)	1440=partial 768=n-a 375=n-a @2026-09-14/wave41-trade
9152-79912	partial	src/components/trade/perp-v2/PerpPositionsPanel.tsx	/trade/perps	NOT RE-READ this pass — the Figma seat's burst budget went to the six nodes named in this file's header, and the web-app boards did not change on 2026-09-10, so the prior verdict stands rather than being re-guessed. Carried: The 768 Edit running SL/TP board, carried (wave 9: deferred). Its modal family on the detached nodes 9152-81212 / 81278 is 448x570 / 448x626 with body 424 at 12,12 - the component's stated 768 stop. No change at 768 from this wave's width rule (747 > 448). | vverify: deferred | Perps tablet Edit running SL/TP. Same position-row gate as 4020-44966	1440=n-a 768=partial 375=n-a @2026-09-14/wave41-trade
4191-123643	partial	src/components/trade/perp-v2/PerpPositionsPanel.tsx	/trade/perps	NOT RE-READ this pass — the Figma seat's burst budget went to the six nodes named in this file's header, and the web-app boards did not change on 2026-09-10, so the prior verdict stands rather than being re-guessed. Carried: CLOSED THIS LANE: the desktop table's row band, against TRADE_PERPS_SPOT_FRAME_FACTS_2026-08-26.md section 2, which records 4201:130583 as "rows are 44px on a 60px pitch with a 1px rule between". TradeHistoryTable let the shared TableCell's p-4 decide the height instead. The Size cell is two lines - the row's own text-xs at 16 over an explicit 14 - so 30 + 32 puts every row at 62 before the rule, and a height on the row cannot pull that back because a table row's height is a FLOOR, never a ceiling. …(prior note continues in trade.json)	1440=partial 768=n-a 375=n-a @2026-09-14/wave41-trade
9152-89103	partial	src/components/trade/perp-v2/PerpPositionsPanel.tsx	/trade/perps	NOT RE-READ this pass — the Figma seat's burst budget went to the six nodes named in this file's header, and the web-app boards did not change on 2026-09-10, so the prior verdict stands rather than being re-guessed. Carried: CORRECTED 2026-09-07 (lane trade-perp): "the header control is a 28x28 chevron against the board's 16" is no longer open. The control is RECORD_CONTROL_CLASS (PerpPositionsPanel.tsx:430-432): a 16px box on h-4 w-4 with the 28px target on before:-inset-1.5, which is the board's mark plus an invisible hit area. Closed PnL stays UNSOURCED and the leverage tag stays a position property the order does not carry - both unchanged. NEW THIS LANE: PerpHistoryCards.figma.test.tsx now holds this card's control to 16/28 as well, proved red by widening the shared class. Commit 1b93d2b27. ⛔ NOT MEASURED THIS LANE …(prior note continues in trade.json)	1440=n-a 768=partial 375=n-a @2026-09-14/wave41-trade
4207-133479	partial	src/components/trade/perp-v2/ShareTradeModal.tsx	/trade/perps	BOTH carried gaps CLOSED, one of them re-read live. (1) "MISSING in modal: 24px info icons before both Include rows" — metadata on 4207:135450 this pass: the Include block is 706x122, label row 18 tall, then two 706x36 option rows at y=34 and y=86, each holding Frame 389 at y=6 (24 tall) with an `icons/action` 24x24 at x=0 and the label at x=32, and a 60.89x36 `input/toggle` right-flush at x=645.11. The modal ships exactly that: a `size-6` glyph on `gap-2` before each label (ShareTradeModal.tsx:547-549 and :563-565) — 24 + 8 = the frame's x=32. (2) "imported by ZERO files" — no longer true: PerpPositionsPanel.tsx mounts it at :855 (the mobile/tablet card) and :1182 (the desktop row), both behind `shareOpen` and both gated on a KNOWN PnL, so a share card can never publish a fabricated figure. REMAINING, carried from wave 35: card-before-panel order below lg, the panel inset 8 at 375 / 12 at 768 where 16 ships, and the card's scaled internals; the frame's own preview card 4207:135472 is hidden, so card parity is unverifiable from the node.	1440=partial 768=n-a 375=n-a @2026-09-14/wave41-trade
3903-21478	partial	src/pages/trade/PerpTrading.tsx	/trade/perps	NOT RE-READ this pass — the Figma seat's burst budget went to the six nodes named in this file's header, and the web-app boards did not change on 2026-09-10, so the prior verdict stands rather than being re-guessed. Carried: CARRIED (wave 9 geometry: main 1382x1429 at (58,56) on a 900 crop; perpTerminalChrome.figma.test.ts resolves the same skeleton /spot draws - 8 / 6 / 277 at xl / 313 at xl / 544 / 672 / 273). Not re-read this pass; the perps work this wave was inside the positions panel's menus and modals and the share card, all recorded on their own rows. | vverify: partial | Perps desktop base 1440. Enumerated 219 Figma text nodes, 42 copy items, 18 MISSING of which 14 are data/offline (no-mock policy) or hidden-in-frame layers. …(prior note continues in trade.json)	1440=partial 768=n-a 375=n-a @2026-09-14/wave41-trade
9801-112095	partial	src/pages/trade/PerpTrading.tsx	/trade/perps	NOT RE-READ this pass — the Figma seat's burst budget went to the six nodes named in this file's header, and the web-app boards did not change on 2026-09-10, so the prior verdict stands rather than being re-guessed. Carried: BOTH NUMBERS THIS ROW LEFT OPEN ARE CLOSED. The band it called h-[140px] against the frame's 257 is min-h-[257px] md:min-h-[271px], and the chart floored at 300 is min-h-[416px] md:min-h-[544px]. 9801-113202 is 257 (a 36 tab row over a 221 body) and 9801-112153 is 452 (a 36 tab row over a 416 TradingView), and neither rests on a single reading: 156 + 94 + 452 + 257 on itemSpacing 4 is 971, which is Frame 1341's own height on 9803-125791. The stated blocker is gone - MobileTradeShell's panel view has been min-h since cb564577d, which is Casey's 2026-09-05 ruling on row cc7bd01a. …(prior note continues in trade.json)	1440=n-a 768=n-a 375=partial @2026-09-14/wave41-trade
9154-119891	partial	src/pages/trade/PerpTrading.tsx	/trade/perps	NOT RE-READ this pass — the Figma seat's burst budget went to the six nodes named in this file's header, and the web-app boards did not change on 2026-09-10, so the prior verdict stands rather than being re-guessed. Carried: POINTER CORRECTED, and the overlay every earlier row on this frame called unread is now read. It is not a state of the buy/sell bar: Overlay 9154:121188 375x812 holds modal 9154:121363, 354x556 at (11,128), which is the PAIR-SEARCH modal at 375 - the board dialogVariantLock already records as 354x556 on a 16 corner. So the row belongs to MarketSearchModal.tsx, and MobileBuySellBar was the pointer for the bar behind the scrim (Frame 1217 9154:121019 360x56 at (8,690), two 168x40 CTAs at x 8 and 184, which is what the file ships). MEASURED on the modal's own nodes: controls 9154:121365 330x16 at (12,24) …(prior note continues in trade.json)	1440=n-a 768=n-a 375=partial @2026-09-14/wave41-trade
9154-121608	partial	src/pages/trade/PerpTrading.tsx	/trade/perps	NOT RE-READ this pass — the Figma seat's burst budget went to the six nodes named in this file's header, and the web-app boards did not change on 2026-09-10, so the prior verdict stands rather than being re-guessed. Carried: PAGE: Trade 1 (3:3). 375x812 with an Overlay 375x812 at (0,0) over the body, a second state of the same sheet as 9154:119891. Shell measured: Header-mobile 375x48, Bottom-navigation-mobile 375x54 at y=758, Frame 1217 360x56 at (8,690) - the bar, measured and fixed this wave (card r16 pad 8 gap 8 fill #001615 at 0.60 over #123F3C 1px, buttons 168x40 r12 Manrope 14/16 on #001615). The content column here is Frame 1218 346x1061 at (14,64), which is 346 wide inside a 375 screen - a 14px side inset, NOT the 375-wide Frame 1341 the 9801/9803/9804 frames use. Two different mobile columns under one title. …(prior note continues in trade.json)	1440=n-a 768=n-a 375=partial @2026-09-14/wave41-trade
9153-116609	partial	src/pages/trade/PerpTrading.tsx	/trade/perps	NOT RE-READ this pass — the Figma seat's burst budget went to the six nodes named in this file's header, and the web-app boards did not change on 2026-09-10, so the prior verdict stands rather than being re-guessed. Carried: CORRECTED 2026-09-07 (lane trade-perp): this row resolved its numbers from the class list and never from the PAINTED box, and nine of the ticket's controls did not reach them. src/index.css runs TWO @media (max-width: 768px) blocks putting min-height/min-width 44px on button, a and [role=button] unless the element carries .no-min-size; that query covers BOTH boards this family is drawn at, and min-height outranks height. …(prior note continues in trade.json)	1440=n-a 768=n-a 375=partial @2026-09-14/wave41-trade
9154-128095	partial	src/pages/trade/PerpTrading.tsx	/trade/perps	NOT RE-READ this pass — the Figma seat's burst budget went to the six nodes named in this file's header, and the web-app boards did not change on 2026-09-10, so the prior verdict stands rather than being re-guessed. Carried: PAGE: Trade 1 (3:3). 375x812 with an Overlay 375x812 at (0,0), the third state in the 9154 group. Shell measured: Header-mobile 375x48, Bottom-navigation-mobile 375x54 at y=758, Frame 1217 360x56 at (8,690) - the bar, measured and fixed this wave (card r16 pad 8 gap 8 fill #001615 at 0.60 over #123F3C 1px, buttons 168x40 r12 Manrope 14/16 on #001615). The content column here is Frame 1218 346x1061 at (14,64), which is 346 wide inside a 375 screen - a 14px side inset, NOT the 375-wide Frame 1341 the 9801/9803/9804 frames use. Two different mobile columns under one title. …(prior note continues in trade.json)	1440=n-a 768=n-a 375=partial @2026-09-14/wave41-trade
9156-140326	partial	src/pages/trade/PerpTrading.tsx	/trade/perps	NOT RE-READ this pass — the Figma seat's burst budget went to the six nodes named in this file's header, and the web-app boards did not change on 2026-09-10, so the prior verdict stands rather than being re-guessed. Carried: PAGE: Trade 1 (3:3). 375x812 with an Overlay 375x812. Frame 1218 346x1038 at (14,64); Bottom-navigation-mobile 375x54 at y=758; Frame 1217 360x56 at (8,1138), i.e. BELOW the 812 crop - the bar sits at the foot of the full scroll, not pinned. Overlay unread, so partial. | vverify: partial | mobile Trade responsive screen. Shipped renders (exit-0) but as a DESKTOP-GRID REFLOW, not the Figma bespoke mobile/tablet IA: missing content-nav tabs (Chart|Order book|Trades|Info), chart-hero, and bottom-pinned Buy/Sell. Structural scope-down, buildable	1440=n-a 768=n-a 375=partial @2026-09-14/wave41-trade
9156-141722	partial	src/pages/trade/PerpTrading.tsx	/trade/perps	NOT RE-READ this pass — the Figma seat's burst budget went to the six nodes named in this file's header, and the web-app boards did not change on 2026-09-10, so the prior verdict stands rather than being re-guessed. Carried: PAGE: Trade 1 (3:3). Real frame 375x960 - the only one in the group whose height is not 812. Same content as 9156:140326 (Frame 1218 346x1038 at (14,64), Frame 1217 360x56 at (8,1138)) with the nav pushed to y=906 and an Overlay 375x960. Partial for the same reason. | vverify: partial | mobile Trade responsive screen. Shipped renders (exit-0) but as a DESKTOP-GRID REFLOW, not the Figma bespoke mobile/tablet IA: missing content-nav tabs (Chart|Order book|Trades|Info), chart-hero, and bottom-pinned Buy/Sell. Structural scope-down, buildable	1440=n-a 768=n-a 375=partial @2026-09-14/wave41-trade
9264-89796	partial	src/pages/trade/PerpTrading.tsx	/trench/trade	NOT RE-READ this pass — the Figma seat's burst budget went to the six nodes named in this file's header, and the web-app boards did not change on 2026-09-10, so the prior verdict stands rather than being re-guessed. Carried: PAGE: Trade 1 (3:3). Frame 375x812 at canvas x=-73654. Measured: Header-mobile 375x48 at y=0 and Bottom-navigation-mobile 375x54 at y=758; content column Frame 1218 346x1007 at (14,64); Frame 270 360x50 at (8,696) r16 pad 8 gap 8 fill #001615 at 0.60 holding one Mulish 12/16 signals row. ATTRIBUTION CORRECTION: the title says Perpetual Futures and the content is the TRENCH mobile token-trade screen. …(prior note continues in trade.json) HAND-OFF: this frame is implemented in src/components/trench-redesign/trade/OrderPanel.tsx, which belongs to wave 23 and is off limits to this lane this pass — measured and written, not edited.	1440=n-a 768=n-a 375=partial @2026-09-14/wave41-trade
9403-139616	partial	src/pages/trade/PerpTrading.tsx	/trench/trade	NOT RE-READ this pass — the Figma seat's burst budget went to the six nodes named in this file's header, and the web-app boards did not change on 2026-09-10, so the prior verdict stands rather than being re-guessed. Carried: PAGE: Trade 1 (3:3). Frame 375x812 at canvas x=-74180. Measured: Header-mobile 375x48 at y=0 and Bottom-navigation-mobile 375x54 at y=758; content column Frame 1218 346x911 at (14,64); Frame 270 360x50 at (8,696) r16 pad 8 gap 8 fill #001615 at 0.60 holding one Mulish 12/16 signals row. ATTRIBUTION CORRECTION: the title says Perpetual Futures and the content is the TRENCH mobile token-trade screen. …(prior note continues in trade.json) HAND-OFF: this frame is implemented in src/components/trench-redesign/trade/OrderPanel.tsx, which belongs to wave 23 and is off limits to this lane this pass — measured and written, not edited.	1440=n-a 768=n-a 375=partial @2026-09-14/wave41-trade
9403-143235	partial	src/pages/trade/PerpTrading.tsx	/trench/trade	NOT RE-READ this pass — the Figma seat's burst budget went to the six nodes named in this file's header, and the web-app boards did not change on 2026-09-10, so the prior verdict stands rather than being re-guessed. Carried: PAGE: Trade 1 (3:3). Frame 375x812 at canvas x=-73654. Measured: Header-mobile 375x48 at y=0 and Bottom-navigation-mobile 375x54 at y=758; content column Frame 1218 346x1007 at (14,64); Frame 270 360x50 at (8,696) r16 pad 8 gap 8 fill #001615 at 0.60 holding one Mulish 12/16 signals row. ATTRIBUTION CORRECTION: the title says Perpetual Futures and the content is the TRENCH mobile token-trade screen. …(prior note continues in trade.json) HAND-OFF: this frame is implemented in src/components/trench-redesign/trade/OrderPanel.tsx, which belongs to wave 23 and is off limits to this lane this pass — measured and written, not edited.	1440=n-a 768=n-a 375=partial @2026-09-14/wave41-trade
9403-146317	partial	src/pages/trade/PerpTrading.tsx	/trench/trade	NOT RE-READ this pass — the Figma seat's burst budget went to the six nodes named in this file's header, and the web-app boards did not change on 2026-09-10, so the prior verdict stands rather than being re-guessed. Carried: PAGE: Trade 1 (3:3). Frame 375x812 at canvas x=-73654. Measured: Header-mobile 375x48 at y=0 and Bottom-navigation-mobile 375x54 at y=758; content column Frame 1218 346x1007 at (14,64); an Instant trade sheet 375x482 at (0,330). ATTRIBUTION CORRECTION: the title says Perpetual Futures and the content is the TRENCH mobile token-trade screen. Two tells, both measured: the content column is Frame 1218 346 wide at x=14 (a 14px side inset) where every real perps mobile frame in the 9801/9803/9804 group uses Frame 1341 375 wide at x=0 with a Frame 1217 buy/sell bar; …(prior note continues in trade.json) HAND-OFF: this frame is implemented in src/components/trench-redesign/trade/OrderPanel.tsx, which belongs to wave 23 and is off limits to this lane this pass — measured and written, not edited.	1440=n-a 768=n-a 375=partial @2026-09-14/wave41-trade
9477-67940	partial	src/pages/trade/PerpTrading.tsx	/trench/trade	NOT RE-READ this pass — the Figma seat's burst budget went to the six nodes named in this file's header, and the web-app boards did not change on 2026-09-10, so the prior verdict stands rather than being re-guessed. Carried: PAGE: Trade 1 (3:3). Frame 375x812 at canvas x=-75081. Measured: Header-mobile 375x48 at y=0 and Bottom-navigation-mobile 375x54 at y=758; content column Frame 1218 346x1007 at (14,64); Frame 270 360x86 at (8,660) r16 pad 8 gap 12 fill #001615 at 0.60 holding Frame 1336 344x22 over a 344x36 signals row at Mulish 10/14. ATTRIBUTION CORRECTION: the title says Perpetual Futures and the content is the TRENCH mobile token-trade screen. …(prior note continues in trade.json) HAND-OFF: this frame is implemented in src/components/trench-redesign/trade/OrderPanel.tsx, which belongs to wave 23 and is off limits to this lane this pass — measured and written, not edited.	1440=n-a 768=n-a 375=partial @2026-09-14/wave41-trade
9477-72630	partial	src/pages/trade/PerpTrading.tsx	/trench/trade	NOT RE-READ this pass — the Figma seat's burst budget went to the six nodes named in this file's header, and the web-app boards did not change on 2026-09-10, so the prior verdict stands rather than being re-guessed. Carried: PAGE: Trade 1 (3:3). Frame 375x812 at canvas x=-75506. Measured: Header-mobile 375x48 at y=0 and Bottom-navigation-mobile 375x54 at y=758; content column Frame 1218 346x1007 at (14,64); Frame 270 360x86 at (8,660) r16 pad 8 gap 12 fill #001615 at 0.60 holding Frame 1336 344x22 over a 344x36 signals row at Mulish 10/14. ATTRIBUTION CORRECTION: the title says Perpetual Futures and the content is the TRENCH mobile token-trade screen. …(prior note continues in trade.json) HAND-OFF: this frame is implemented in src/components/trench-redesign/trade/OrderPanel.tsx, which belongs to wave 23 and is off limits to this lane this pass — measured and written, not edited.	1440=n-a 768=n-a 375=partial @2026-09-14/wave41-trade
9550-128469	partial	src/pages/trade/PerpTrading.tsx	/trench/trade	NOT RE-READ this pass — the Figma seat's burst budget went to the six nodes named in this file's header, and the web-app boards did not change on 2026-09-10, so the prior verdict stands rather than being re-guessed. Carried: PAGE: Trade 1 (3:3). Frame 375x812 at canvas x=-75455. Measured: Header-mobile 375x48 at y=0 and Bottom-navigation-mobile 375x54 at y=758; content column Frame 1218 346x959 at (14,64); Frame 270 360x86 at (8,660) r16 pad 8 gap 12 fill #001615 at 0.60 holding Frame 1336 344x22 over a 344x36 signals row at Mulish 10/14. ATTRIBUTION CORRECTION: the title says Perpetual Futures and the content is the TRENCH mobile token-trade screen. …(prior note continues in trade.json) HAND-OFF: this frame is implemented in src/components/trench-redesign/trade/OrderPanel.tsx, which belongs to wave 23 and is off limits to this lane this pass — measured and written, not edited.	1440=n-a 768=n-a 375=partial @2026-09-14/wave41-trade
9477-71040	partial	src/pages/trade/PerpTrading.tsx	/trench/trade	NOT RE-READ this pass — the Figma seat's burst budget went to the six nodes named in this file's header, and the web-app boards did not change on 2026-09-10, so the prior verdict stands rather than being re-guessed. Carried: PAGE: Trade 1 (3:3). Frame 375x812 at canvas x=-74656. Measured: Header-mobile 375x48 at y=0 and Bottom-navigation-mobile 375x54 at y=758; content column Frame 1218 346x1007 at (14,64); an Instant trade sheet 375x482 at (0,330), the twin of 9403:146317. ATTRIBUTION CORRECTION: the title says Perpetual Futures and the content is the TRENCH mobile token-trade screen. Two tells, both measured: the content column is Frame 1218 346 wide at x=14 (a 14px side inset) where every real perps mobile frame in the 9801/9803/9804 group uses Frame 1341 375 wide at x=0 with a Frame 1217 buy/sell bar; …(prior note continues in trade.json) HAND-OFF: this frame is implemented in src/components/trench-redesign/trade/OrderPanel.tsx, which belongs to wave 23 and is off limits to this lane this pass — measured and written, not edited.	1440=n-a 768=n-a 375=partial @2026-09-14/wave41-trade
9414-148035	not-started	src/pages/trade/PerpTrading.tsx	/trench/trade	NOT RE-READ this pass — the Figma seat's burst budget went to the six nodes named in this file's header, and the web-app boards did not change on 2026-09-10, so the prior verdict stands rather than being re-guessed. Carried: PAGE: Trade 1 (3:3). Frame 375x812 at canvas x=-73128. Measured: Header-mobile 375x48 at y=0 and Bottom-navigation-mobile 375x54 at y=758; content column Frame 1218 346x1007 at (14,64); a Multi-panel - trade sheet 375x536 at (0,330). ATTRIBUTION CORRECTION: the title says Perpetual Futures and the content is the TRENCH mobile token-trade screen. Two tells, both measured: the content column is Frame 1218 346 wide at x=14 (a 14px side inset) where every real perps mobile frame in the 9801/9803/9804 group uses Frame 1341 375 wide at x=0 with a Frame 1217 buy/sell bar; …(prior note continues in trade.json) HAND-OFF: this frame is implemented in src/components/trench-redesign/trade/OrderPanel.tsx, which belongs to wave 23 and is off limits to this lane this pass — measured and written, not edited.	1440=n-a 768=n-a 375=not-started @2026-09-14/wave41-trade
9477-69530	not-started	src/pages/trade/PerpTrading.tsx	/trench/trade	NOT RE-READ this pass — the Figma seat's burst budget went to the six nodes named in this file's header, and the web-app boards did not change on 2026-09-10, so the prior verdict stands rather than being re-guessed. Carried: PAGE: Trade 1 (3:3). Frame 375x812 at canvas x=-74231. Measured: Header-mobile 375x48 at y=0 and Bottom-navigation-mobile 375x54 at y=758; content column Frame 1218 346x1007 at (14,64); a Multi-panel - trade sheet 375x536 at (0,330), the third of that trio. ATTRIBUTION CORRECTION: the title says Perpetual Futures and the content is the TRENCH mobile token-trade screen. Two tells, both measured: the content column is Frame 1218 346 wide at x=14 (a 14px side inset) where every real perps mobile frame in the 9801/9803/9804 group uses Frame 1341 375 wide at x=0 with a Frame 1217 buy/sell bar; …(prior note continues in trade.json) HAND-OFF: this frame is implemented in src/components/trench-redesign/trade/OrderPanel.tsx, which belongs to wave 23 and is off limits to this lane this pass — measured and written, not edited.	1440=n-a 768=n-a 375=not-started @2026-09-14/wave41-trade
9422-152634	not-started	src/pages/trade/PerpTrading.tsx	/trench/trade	NOT RE-READ this pass — the Figma seat's burst budget went to the six nodes named in this file's header, and the web-app boards did not change on 2026-09-10, so the prior verdict stands rather than being re-guessed. Carried: PAGE: Trade 1 (3:3). Frame 375x812 at canvas x=-72602. Measured: Header-mobile 375x48 at y=0 and Bottom-navigation-mobile 375x54 at y=758; content column Frame 1218 346x1007 at (14,64); a Multi-panel - trade sheet 375x536 at (0,330), the twin of 9414:148035. ATTRIBUTION CORRECTION: the title says Perpetual Futures and the content is the TRENCH mobile token-trade screen. Two tells, both measured: the content column is Frame 1218 346 wide at x=14 (a 14px side inset) where every real perps mobile frame in the 9801/9803/9804 group uses Frame 1341 375 wide at x=0 with a Frame 1217 buy/sell bar; …(prior note continues in trade.json) HAND-OFF: this frame is implemented in src/components/trench-redesign/trade/OrderPanel.tsx, which belongs to wave 23 and is off limits to this lane this pass — measured and written, not edited.	1440=n-a 768=n-a 375=not-started @2026-09-14/wave41-trade
9403-144446	partial	src/pages/trade/PerpTrading.tsx	/trench/trade	NOT RE-READ this pass — the Figma seat's burst budget went to the six nodes named in this file's header, and the web-app boards did not change on 2026-09-10, so the prior verdict stands rather than being re-guessed. Carried: PAGE: Trade 1 (3:3). Frame 375x812 at canvas x=-74180. Measured: Header-mobile 375x48 at y=0 and Bottom-navigation-mobile 375x54 at y=758; content column Frame 1218 346x911 at (14,64); Frame 270 360x50 at (8,696) r16 pad 8 gap 8 fill #001615 at 0.60 holding one Mulish 12/16 signals row. ATTRIBUTION CORRECTION: the title says Perpetual Futures and the content is the TRENCH mobile token-trade screen. …(prior note continues in trade.json) HAND-OFF: this frame is implemented in src/components/trench-redesign/trade/OrderPanel.tsx, which belongs to wave 23 and is off limits to this lane this pass — measured and written, not edited.	1440=n-a 768=n-a 375=partial @2026-09-14/wave41-trade
9432-157179	partial	src/pages/trade/PerpTrading.tsx	/trench/trade	NOT RE-READ this pass — the Figma seat's burst budget went to the six nodes named in this file's header, and the web-app boards did not change on 2026-09-10, so the prior verdict stands rather than being re-guessed. Carried: PAGE: Trade 1 (3:3). Frame 375x812 at canvas x=-74706. Measured: Header-mobile 375x48 at y=0 and Bottom-navigation-mobile 375x54 at y=758; content column Frame 1218 346x911 at (14,64); Frame 270 360x50 at (8,696) r16 pad 8 gap 8 fill #001615 at 0.60 holding one Mulish 12/16 signals row. ATTRIBUTION CORRECTION: the title says Perpetual Futures and the content is the TRENCH mobile token-trade screen. …(prior note continues in trade.json) HAND-OFF: this frame is implemented in src/components/trench-redesign/trade/OrderPanel.tsx, which belongs to wave 23 and is off limits to this lane this pass — measured and written, not edited.	1440=n-a 768=n-a 375=partial @2026-09-14/wave41-trade
9264-91009	partial	src/pages/trade/PerpTrading.tsx	/trench/trade	NOT RE-READ this pass — the Figma seat's burst budget went to the six nodes named in this file's header, and the web-app boards did not change on 2026-09-10, so the prior verdict stands rather than being re-guessed. Carried: PAGE: Trade 1 (3:3). Frame 375x812 at canvas x=-73654. Measured: Header-mobile 375x48 at y=0 and Bottom-navigation-mobile 375x54 at y=758; content column Frame 1218 346x959 at (14,64); an Instant trade sheet 375x202 at (0,610). ATTRIBUTION CORRECTION: the title says Perpetual Futures and the content is the TRENCH mobile token-trade screen. Two tells, both measured: the content column is Frame 1218 346 wide at x=14 (a 14px side inset) where every real perps mobile frame in the 9801/9803/9804 group uses Frame 1341 375 wide at x=0 with a Frame 1217 buy/sell bar; …(prior note continues in trade.json) HAND-OFF: this frame is implemented in src/components/trench-redesign/trade/OrderPanel.tsx, which belongs to wave 23 and is off limits to this lane this pass — measured and written, not edited.	1440=n-a 768=n-a 375=partial @2026-09-14/wave41-trade
9380-78308	partial	src/pages/trade/PerpTrading.tsx	/trench/trade	NOT RE-READ this pass — the Figma seat's burst budget went to the six nodes named in this file's header, and the web-app boards did not change on 2026-09-10, so the prior verdict stands rather than being re-guessed. Carried: PAGE: Trade 1 (3:3). Frame 375x812 at canvas x=-72588. Measured: Header-mobile 375x48 at y=0 and Bottom-navigation-mobile 375x54 at y=758; content column Frame 1218 346x959 at (14,64); an Instant trade sheet 375x104 at (0,698) - the shortest of the five sheet heights in this cluster. ATTRIBUTION CORRECTION: the title says Perpetual Futures and the content is the TRENCH mobile token-trade screen. …(prior note continues in trade.json) HAND-OFF: this frame is implemented in src/components/trench-redesign/trade/OrderPanel.tsx, which belongs to wave 23 and is off limits to this lane this pass — measured and written, not edited.	1440=n-a 768=n-a 375=partial @2026-09-14/wave41-trade
9380-79739	partial	src/pages/trade/PerpTrading.tsx	/trench/trade	NOT RE-READ this pass — the Figma seat's burst budget went to the six nodes named in this file's header, and the web-app boards did not change on 2026-09-10, so the prior verdict stands rather than being re-guessed. Carried: PAGE: Trade 1 (3:3). Frame 375x812 at canvas x=-72588. Measured: Header-mobile 375x48 at y=0 and Bottom-navigation-mobile 375x54 at y=758; content column Frame 1218 346x959 at (14,64); an Instant trade bar 359x50 at (8,690), inset 8 a side rather than full-bleed. ATTRIBUTION CORRECTION: the title says Perpetual Futures and the content is the TRENCH mobile token-trade screen. Two tells, both measured: the content column is Frame 1218 346 wide at x=14 (a 14px side inset) where every real perps mobile frame in the 9801/9803/9804 group uses Frame 1341 375 wide at x=0 with a Frame 1217 buy/sell bar; …(prior note continues in trade.json) HAND-OFF: this frame is implemented in src/components/trench-redesign/trade/OrderPanel.tsx, which belongs to wave 23 and is off limits to this lane this pass — measured and written, not edited.	1440=n-a 768=n-a 375=partial @2026-09-14/wave41-trade
9379-131684	partial	src/pages/trade/PerpTrading.tsx	/trench/trade	NOT RE-READ this pass — the Figma seat's burst budget went to the six nodes named in this file's header, and the web-app boards did not change on 2026-09-10, so the prior verdict stands rather than being re-guessed. Carried: PAGE: Trade 1 (3:3). Frame 375x812 at canvas x=-73130. Measured: Header-mobile 375x48 at y=0 and Bottom-navigation-mobile 375x54 at y=758; content column Frame 1218 346x959 at (14,64); an Instant trade sheet 375x406 at (0,406), gap 24, drawing Instant trade / Market / P1 P2 P3 and the Buy SOL USDC SKAI row. ATTRIBUTION CORRECTION: the title says Perpetual Futures and the content is the TRENCH mobile token-trade screen. …(prior note continues in trade.json) HAND-OFF: this frame is implemented in src/components/trench-redesign/trade/OrderPanel.tsx, which belongs to wave 23 and is off limits to this lane this pass — measured and written, not edited.	1440=n-a 768=n-a 375=partial @2026-09-14/wave41-trade
9373-129956	not-started	src/pages/trade/PerpTrading.tsx	/trench/trade	NOT RE-READ this pass — the Figma seat's burst budget went to the six nodes named in this file's header, and the web-app boards did not change on 2026-09-10, so the prior verdict stands rather than being re-guessed. Carried: PAGE: Trade 1 (3:3). Frame 375x812 at canvas x=-72068. Measured: Header-mobile 375x48 at y=0 and Bottom-navigation-mobile 375x54 at y=758; content column Frame 1218 346x959 at (14,64); a Multi-panel - trade sheet 375x536 at (0,276) drawing 5m vol $61.53K, Buys 511 / $27.11K and Sells 400 / $31.21K at Mulish 10/12 over 10/14. ATTRIBUTION CORRECTION: the title says Perpetual Futures and the content is the TRENCH mobile token-trade screen. …(prior note continues in trade.json) HAND-OFF: this frame is implemented in src/components/trench-redesign/trade/OrderPanel.tsx, which belongs to wave 23 and is off limits to this lane this pass — measured and written, not edited.	1440=n-a 768=n-a 375=not-started @2026-09-14/wave41-trade
9135-85233	partial	src/pages/trade/PerpTrading.tsx	/trade/perps	NOT RE-READ this pass — the Figma seat's burst budget went to the six nodes named in this file's header, and the web-app boards did not change on 2026-09-10, so the prior verdict stands rather than being re-guessed. Carried: THE ROW'S OWN NUMBER IS NOW ON AN ELEMENT THIS BOARD RENDERS. 768 is drawn entirely by MobileTradeShell, and the 544 chart floor report 535eea9b asks for (9135-85292 is 708x584, a 40 tab row over the 708x544 TradingView) was written a second time in the DESKTOP return as `md:min-h-[min(544px,62vh)]` under an lg:min-h-0 sibling. That rung never resolved at any width, so it neither helped this board nor hurt the desktop one - it read as coverage while covering nothing, and it is gone. …(prior note continues in trade.json)	1440=n-a 768=partial 375=n-a @2026-09-14/wave41-trade
9153-80772	partial	src/pages/trade/PerpTrading.tsx	/trade/perps	NOT RE-READ this pass — the Figma seat's burst budget went to the six nodes named in this file's header, and the web-app boards did not change on 2026-09-10, so the prior verdict stands rather than being re-guessed. Carried: Bar measured and fixed (Frame 1217 730x66 at (19,874), numbers under 9135-85233). This frame adds an Overlay 768x1024 at (0,0) over the same body as 9135-85233, so the overlay is its subject and it was not measured. Partial. | vverify: partial | Perps tablet. Same shell as 9135-85233 — NOT a desktop-grid reflow as the stale catalog note claims; tab row and bottom bar both measured present at 768. Residual deltas are the positions-band height and tab-row type metrics	1440=n-a 768=partial 375=n-a @2026-09-14/wave41-trade
9777-106388	partial	src/pages/trade/Spot.tsx	/spot	NOT RE-READ this pass — the Figma seat's burst budget went to the six nodes named in this file's header, and the web-app boards did not change on 2026-09-10, so the prior verdict stands rather than being re-guessed. Carried: MEASURED ON THE NODE, first verdict. 375x812 board. Frame 1341 375x879; Header-mobile 375x48, Bottom-navigation-mobile 375x54, bar Frame 1217 360x56 (2x168x40, measured and fixed on 9801-112095). The full-bleed 375 stack on itemSpacing 4 that MobileTradeShell draws and spotTerminalChrome.figma.test.ts resolves (925 = 110 + 94 + 452 + 257 + 12). Panel internals not measured this pass; what this frame adds over 9770-133659 is named in the family note beside it. Indicator dropdown open over Frame 1341 375x879; the panel itself is 9777-107807 (wave 17: type closed, the 375x440 edge-to-edge box is a Casey call). …(prior note continues in trade.json)	1440=n-a 768=n-a 375=partial @2026-09-14/wave41-trade
9777-107863	partial	src/pages/trade/Spot.tsx	/spot	NOT RE-READ this pass — the Figma seat's burst budget went to the six nodes named in this file's header, and the web-app boards did not change on 2026-09-10, so the prior verdict stands rather than being re-guessed. Carried: Skai > Trade > Spot - candle dropdown | NO v2 counterpart on Trade2 - stays a parity target | 1 v1 frame(s) at 375 | status CARRIED from status.trade.tsv family "spot" - not measured by this lane | vverify: partial | Mobile candle dropdown - same shipped display menu Grid lines/Current price line/Bot signals rather than the frame's chart-type list.	1440=n-a 768=n-a 375=partial @2026-09-14/wave41-trade
9061-243175	partial	src/pages/trade/Spot.tsx	/spot	NOT RE-READ this pass — the Figma seat's burst budget went to the six nodes named in this file's header, and the web-app boards did not change on 2026-09-10, so the prior verdict stands rather than being re-guessed. Carried: Skai > Trade > Spot - candles dropdown | NO v2 counterpart on Trade2 - stays a parity target | 1 v1 frame(s) at 768 | status CARRIED from status.trade.tsv family "spot" - not measured by this lane | vverify: match | Tablet candles dropdown - chart type/display menu opens at tablet the same way as desktop with NATIVE_TRADE_CHART on.	1440=n-a 768=partial 375=n-a @2026-09-14/wave41-trade
3928-78877	partial	src/pages/trade/Spot.tsx	/spot	NOT RE-READ this pass — the Figma seat's burst budget went to the six nodes named in this file's header, and the web-app boards did not change on 2026-09-10, so the prior verdict stands rather than being re-guessed. Carried: Skai > Trade > Spot - chart expanded | NO v2 counterpart on Trade2 - stays a parity target | 1 v1 frame(s) at 1440 | status CARRIED from status.trade.tsv family "spot" - not measured by this lane | vverify: match | Chart expanded; Maximize btn opens fullscreen Dialog with BTC/USDT header + tf pills + chart-type icons + Indicators; canvas shows TradingView loading spinner (offline) caveat	1440=partial 768=n-a 375=n-a @2026-09-14/wave41-trade
9772-80915	partial	src/pages/trade/Spot.tsx	/spot	NOT RE-READ this pass — the Figma seat's burst budget went to the six nodes named in this file's header, and the web-app boards did not change on 2026-09-10, so the prior verdict stands rather than being re-guessed. Carried: CHART CARD AND NAV TYPE CLOSED, TWO CONTENT COLLAPSES ARE CASEY CALLS. Card 375x416 edge to edge on the board, nav rows inset 16 across and 12 down, 343 wide and 27 tall, 8px between nav, plot and nav, plot inset radius 8, card binds rounded-none. Nav labels are Mulish 12/14 at -0.48px here against 14/16 on the tablet board and 14/18 on the desktop one; all three shipped 14/18, so a phone drew the whole nav 2px large on 4px too much leading. Fixed, size stepping at md and leading again at lg. TV tools 24x312 carries hidden true on this board and no rail is mounted, which agrees. …(prior note continues in trade.json)	1440=n-a 768=n-a 375=partial @2026-09-14/wave41-trade
4144-64244	partial	src/pages/trade/Spot.tsx	/spot	NOT RE-READ this pass — the Figma seat's burst budget went to the six nodes named in this file's header, and the web-app boards did not change on 2026-09-10, so the prior verdict stands rather than being re-guessed. Carried: Skai > Trade > Spot - dropdown | NO v2 counterpart on Trade2 - stays a parity target | 1 v1 frame(s) at 1440 | status CARRIED from status.trade.tsv family "spot" - not measured by this lane | vverify: match | Order book tick grouping dropdown opens from the Tick control and offers 0.1/1/5/10/50/100. Reachable only with NATIVE_TRADE_CHART on - previously recorded deferred behind that flag.	1440=partial 768=n-a 375=n-a @2026-09-14/wave41-trade
9042-164814	partial	src/pages/trade/Spot.tsx	/spot	NOT RE-READ this pass — the Figma seat's burst budget went to the six nodes named in this file's header, and the web-app boards did not change on 2026-09-10, so the prior verdict stands rather than being re-guessed. Carried: Skai > Trade > Spot - full | NO v2 counterpart on Trade2 - stays a parity target | 1 v1 frame(s) at 768 | status CARRIED from status.trade.tsv family "spot" - not measured by this lane | vverify: match | /tmp/spotlane/shots/spot-t-ia.png | Spot full tablet resolves to the same 768 mobile-IA shell as 9002-157018 - no distinct surface in code, verified by the same exit-0 render.	1440=n-a 768=partial 375=n-a @2026-09-14/wave41-trade
4020-42901	partial	src/pages/trade/Spot.tsx	/spot	RESIDUE unchanged and still a FRAME DISAGREEMENT rather than a code gap: the layout grip "Tool" sits at main x=17 on 7710-91527, x=20 on this board, x=48 on 3886-15237, x=40 on the 768 spot board and x=9 on the 768 perps board. LayoutGrip is pinned at `left-[17px]` (Spot.tsx:532-540), which is the value the two canonical 1440 boards carry. Five boards, four numbers — a design call, not a build. NOT RE-READ in Figma this pass.	1440=partial 768=n-a 375=n-a @2026-09-14/wave41-trade
3969-43609	partial	src/pages/trade/Spot.tsx	/spot	NOT RE-READ this pass — the Figma seat's burst budget went to the six nodes named in this file's header, and the web-app boards did not change on 2026-09-10, so the prior verdict stands rather than being re-guessed. Carried: Skai > Trade > Spot - indicator dropdown | NO v2 counterpart on Trade2 - stays a parity target | 4 v1 frame(s) at 1440/768/375 | siblings 3972:28764,9050:209536,9777:106388 | status CARRIED from status.trade.tsv family "spot" - not measured by this lane | vverify: partial | Indicators dropdown opens but offers only Moving averages MA 7/MA 25/MA 99. MISSING - the frame's searchable full indicator catalog. Not a wiring gap, the native chart ships no indicator engine beyond MAs.	1440=partial 768=n-a 375=n-a @2026-09-14/wave41-trade
3972-28764	partial	src/pages/trade/Spot.tsx	/spot	NOT RE-READ this pass — the Figma seat's burst budget went to the six nodes named in this file's header, and the web-app boards did not change on 2026-09-10, so the prior verdict stands rather than being re-guessed. Carried: MEASURED ON THE NODE, first verdict. 1440x900 board; main 1382x1429 at (58,56) = Frame 445 764x672, Tool 8x29, Order book 277x672, Frame 444 1366x273, Frame 446 313x672, dropdown-3 137x84; Header-desktop 1440x56, sidebar 58x844, Frame 7 1382x16; dropdown-3 199x340. The same page layer as 7710-91527, which spotTerminalChrome.figma.test.ts resolves to the number (inset 8, gutter 6, book 277, ticket 313, chart floor 544, row 672, band 273). Panels inside not re-measured this pass; SPOT_FRAME_FACTS_2026-09-01 holds the book, ticket header, market header and AI strip readings. …(prior note continues in trade.json)	1440=partial 768=n-a 375=n-a @2026-09-14/wave41-trade
9050-209536	partial	src/pages/trade/Spot.tsx	/spot	NOT RE-READ this pass — the Figma seat's burst budget went to the six nodes named in this file's header, and the web-app boards did not change on 2026-09-10, so the prior verdict stands rather than being re-guessed. Carried: MEASURED ON THE NODE from the Trade 1 page tree, first verdict. 768x1024 board. main 708x987 at (30,76) = Frame 6 708x58, Frame 11 708x52, Frame 1219 708x584, Frame 444 708x269, Tool 8x29; Header-tablet 768x52, Bottom-navigation-tablet 768x52; Frame 1217 730x66; dropdown-3 300x450. The page layer is the one spotTerminalChrome.figma.test.ts already resolves for 9002-157018 (58 + 52 + 584 + 269 + 3x8 = 987) and MobileTradeShell draws it; the bar Frame 1217 730x66 with two 353x50 CTAs was measured and fixed on 9135-85233. …(prior note continues in trade.json)	1440=n-a 768=partial 375=n-a @2026-09-14/wave41-trade
9774-83802	partial	src/pages/trade/Spot.tsx	/spot	RE-READ LIVE this pass on Frame 299 (9774:89840), which settles the two pixels wave 30 left open — and hands them off, because they are not in this lane's files. Measured: the strip is 375x36; `bottom menu` 9774:89841 starts at y=0, so the strip's own TOP PAD IS ZERO; Frame 1 9774:89842 is 24 tall at y=6; Frame 336 9774:89843 is 16 tall at y=10 (its three CTA/buttons 37x14, 25x14 and 34x16, the 16-tall one being the Pro trigger) with a 16px `icons/action` at x=335; `Vector 1` 9774:89849 sits at y=36, the strip's bottom edge. So the frame is 10 + 16 + 10 with the divider on the last line. The shipped chain resolves 34 with 12 above the line box: `pt-1` on the strip wrapper (OrderEntryPanel.tsx:861) + `pt-2` on the row (:865) + a 14px line box + `pb-1.5` + the 1px divider. HAND-OFF to wave 23: drop the 4px `pt-1` at OrderEntryPanel.tsx:861 and add the 2px the frame draws below the label, keeping `TICKET_TAB_STRIP`'s pt-[9px]/pb-[17px] containment (ticketChrome.ts:152-157) intact — the bleed has to stay inside the clip or the active tab loses its underline. ticketChrome.ts itself is correct at this board and was not changed. HAND-OFF: this frame is implemented in src/components/trade/order/OrderEntryPanel.tsx, which belongs to wave 23 and is off limits to this lane this pass — measured and written, not edited.	1440=n-a 768=n-a 375=partial @2026-09-14/wave41-trade
9045-168925	partial	src/pages/trade/Spot.tsx	/spot	RE-READ LIVE this pass on Frame 299 (9774:89840), which settles the two pixels wave 30 left open — and hands them off, because they are not in this lane's files. Measured: the strip is 375x36; `bottom menu` 9774:89841 starts at y=0, so the strip's own TOP PAD IS ZERO; Frame 1 9774:89842 is 24 tall at y=6; Frame 336 9774:89843 is 16 tall at y=10 (its three CTA/buttons 37x14, 25x14 and 34x16, the 16-tall one being the Pro trigger) with a 16px `icons/action` at x=335; `Vector 1` 9774:89849 sits at y=36, the strip's bottom edge. So the frame is 10 + 16 + 10 with the divider on the last line. The shipped chain resolves 34 with 12 above the line box: `pt-1` on the strip wrapper (OrderEntryPanel.tsx:861) + `pt-2` on the row (:865) + a 14px line box + `pb-1.5` + the 1px divider. HAND-OFF to wave 23: drop the 4px `pt-1` at OrderEntryPanel.tsx:861 and add the 2px the frame draws below the label, keeping `TICKET_TAB_STRIP`'s pt-[9px]/pb-[17px] containment (ticketChrome.ts:152-157) intact — the bleed has to stay inside the clip or the active tab loses its underline. ticketChrome.ts itself is correct at this board and was not changed. The 768 cut takes the body's 16 for the strip inset; the top pad and the 2px are the same two numbers in the same unowned file. HAND-OFF: this frame is implemented in src/components/trade/order/OrderEntryPanel.tsx, which belongs to wave 23 and is off limits to this lane this pass — measured and written, not edited.	1440=n-a 768=partial 375=n-a @2026-09-14/wave41-trade
9774-82207	partial	src/pages/trade/Spot.tsx	/spot	RE-READ LIVE this pass on Frame 299 (9774:89840), which settles the two pixels wave 30 left open — and hands them off, because they are not in this lane's files. Measured: the strip is 375x36; `bottom menu` 9774:89841 starts at y=0, so the strip's own TOP PAD IS ZERO; Frame 1 9774:89842 is 24 tall at y=6; Frame 336 9774:89843 is 16 tall at y=10 (its three CTA/buttons 37x14, 25x14 and 34x16, the 16-tall one being the Pro trigger) with a 16px `icons/action` at x=335; `Vector 1` 9774:89849 sits at y=36, the strip's bottom edge. So the frame is 10 + 16 + 10 with the divider on the last line. The shipped chain resolves 34 with 12 above the line box: `pt-1` on the strip wrapper (OrderEntryPanel.tsx:861) + `pt-2` on the row (:865) + a 14px line box + `pb-1.5` + the 1px divider. HAND-OFF to wave 23: drop the 4px `pt-1` at OrderEntryPanel.tsx:861 and add the 2px the frame draws below the label, keeping `TICKET_TAB_STRIP`'s pt-[9px]/pb-[17px] containment (ticketChrome.ts:152-157) intact — the bleed has to stay inside the clip or the active tab loses its underline. ticketChrome.ts itself is correct at this board and was not changed. Same strip, same hand-off; the Market cut draws the identical ticket to the digit on its own nodes. HAND-OFF: this frame is implemented in src/components/trade/order/OrderEntryPanel.tsx, which belongs to wave 23 and is off limits to this lane this pass — measured and written, not edited.	1440=n-a 768=n-a 375=partial @2026-09-14/wave41-trade
9045-167521	partial	src/pages/trade/Spot.tsx	/spot	NOT RE-READ this pass — the Figma seat's burst budget went to the six nodes named in this file's header, and the web-app boards did not change on 2026-09-10, so the prior verdict stands rather than being re-guessed. Carried: Skai > Trade > Spot - market | NO v2 counterpart on Trade2 - stays a parity target | 2 v1 frame(s) at 768/375 | siblings 9774:82207 | status CARRIED from status.trade.tsv family "spot" - not measured by this lane | vverify: match | Tablet market ticket verified inside the 768 Buy/Sell sheet - same OrderEntryPanel Market state.	1440=n-a 768=partial 375=n-a @2026-09-14/wave41-trade
8650-94950	partial	src/pages/trade/Spot.tsx	/spot	NOT RE-READ this pass — the Figma seat's burst budget went to the six nodes named in this file's header, and the web-app boards did not change on 2026-09-10, so the prior verdict stands rather than being re-guessed. Carried: MEASURED ON THE NODE, first verdict. 375x812 board. Content column Frame 1216 346x891 = Frame 6 346x60, Frame 11 346x94, card group 346x456, Frame 444 346x257; Header-mobile 375x48, Bottom-navigation-mobile 375x54; Frame 446 375x556. THIS IS THE EARLIER OF TWO PHONE LAYOUTS ON THE SAME PAGE: the column is 346 wide inside 375 (14.5 a side) with a 106-tall header, where the 9490 to 9803 series and 9770-133659 draw Frame 1341 full-bleed at 375 on itemSpacing 4, which is what MobileTradeShell ships (oracle 110 + 94 + 452 + 257 + 12 = 925). Card group 346x456 where present is the order-book and trades pair; …(prior note continues in trade.json)	1440=n-a 768=n-a 375=partial @2026-09-14/wave41-trade
8684-166596	partial	src/pages/trade/Spot.tsx	/spot	NOT RE-READ this pass — the Figma seat's burst budget went to the six nodes named in this file's header, and the web-app boards did not change on 2026-09-10, so the prior verdict stands rather than being re-guessed. Carried: MEASURED ON THE NODE, first verdict. 375x812 board. Content column Frame 1216 346x891 = Frame 6 346x60, Frame 11 346x94, card group 346x456, Frame 444 346x257; Header-mobile 375x48, Bottom-navigation-mobile 375x54; Frame 446 375x556. THIS IS THE EARLIER OF TWO PHONE LAYOUTS ON THE SAME PAGE: the column is 346 wide inside 375 (14.5 a side) with a 106-tall header, where the 9490 to 9803 series and 9770-133659 draw Frame 1341 full-bleed at 375 on itemSpacing 4, which is what MobileTradeShell ships (oracle 110 + 94 + 452 + 257 + 12 = 925). Card group 346x456 where present is the order-book and trades pair; …(prior note continues in trade.json)	1440=n-a 768=n-a 375=partial @2026-09-14/wave41-trade
8687-103072	partial	src/pages/trade/Spot.tsx	/spot	NOT RE-READ this pass — the Figma seat's burst budget went to the six nodes named in this file's header, and the web-app boards did not change on 2026-09-10, so the prior verdict stands rather than being re-guessed. Carried: MEASURED ON THE NODE, first verdict. 375x812 board. Content column Frame 1216 346x891 = Frame 6 346x60, Frame 11 346x94, card group 346x456, Frame 444 346x257; Header-mobile 375x48, Bottom-navigation-mobile 375x54; Frame 446 375x556. THIS IS THE EARLIER OF TWO PHONE LAYOUTS ON THE SAME PAGE: the column is 346 wide inside 375 (14.5 a side) with a 106-tall header, where the 9490 to 9803 series and 9770-133659 draw Frame 1341 full-bleed at 375 on itemSpacing 4, which is what MobileTradeShell ships (oracle 110 + 94 + 452 + 257 + 12 = 925). Card group 346x456 where present is the order-book and trades pair; …(prior note continues in trade.json)	1440=n-a 768=n-a 375=partial @2026-09-14/wave41-trade
8650-46141	partial	src/pages/trade/Spot.tsx	/spot	NOT RE-READ this pass — the Figma seat's burst budget went to the six nodes named in this file's header, and the web-app boards did not change on 2026-09-10, so the prior verdict stands rather than being re-guessed. Carried: Skai > Trade > Spot - modal | NO v2 counterpart on Trade2 - stays a parity target | 6 v1 frame(s) at 768/375 | siblings 8684:164665,8700:103509,8650:94950,8684:166596,8687:103072 | status CARRIED from status.trade.tsv family "spot" - not measured by this lane | vverify: match | Spot tablet 768 "- modal": Market ticket sheet. Matches the shipped sheet.	1440=n-a 768=partial 375=n-a @2026-09-14/wave41-trade
8684-164665	partial	src/pages/trade/Spot.tsx	/spot	NOT RE-READ this pass — the Figma seat's burst budget went to the six nodes named in this file's header, and the web-app boards did not change on 2026-09-10, so the prior verdict stands rather than being re-guessed. Carried: MEASURED ON THE NODE from the Trade 1 page tree, first verdict. 768x1024 board. main 708x989 at (30,76) = Frame 6 708x58, Frame 11 708x52, Frame 1219 708x584, Frame 444 708x271, Tool 8x29; Header-tablet 768x52, Bottom-navigation-tablet 768x52; Frame 446 730x618. The page layer is the one spotTerminalChrome.figma.test.ts already resolves for 9002-157018 (58 + 52 + 584 + 269 + 3x8 = 987) and MobileTradeShell draws it; the bar Frame 1217 730x66 with two 353x50 CTAs was measured and fixed on 9135-85233. …(prior note continues in trade.json)	1440=n-a 768=partial 375=n-a @2026-09-14/wave41-trade
8700-103509	partial	src/pages/trade/Spot.tsx	/spot	NOT RE-READ this pass — the Figma seat's burst budget went to the six nodes named in this file's header, and the web-app boards did not change on 2026-09-10, so the prior verdict stands rather than being re-guessed. Carried: MEASURED ON THE NODE from the Trade 1 page tree, first verdict. 768x1024 board. main 708x989 at (30,76) = Frame 6 708x58, Frame 11 708x52, Frame 1219 708x584, Frame 444 708x271, Tool 8x29; Header-tablet 768x52, Bottom-navigation-tablet 768x52; Frame 446 730x618. The page layer is the one spotTerminalChrome.figma.test.ts already resolves for 9002-157018 (58 + 52 + 584 + 269 + 3x8 = 987) and MobileTradeShell draws it; the bar Frame 1217 730x66 with two 353x50 CTAs was measured and fixed on 9135-85233. …(prior note continues in trade.json)	1440=n-a 768=partial 375=n-a @2026-09-14/wave41-trade
9780-113550	partial	src/pages/trade/Spot.tsx	/spot	NOT RE-READ this pass — the Figma seat's burst budget went to the six nodes named in this file's header, and the web-app boards did not change on 2026-09-10, so the prior verdict stands rather than being re-guessed. Carried: Trade 1 page 3:3, 375x812 - the drawer's RESULT state, i.e. the same screen with the AI band and positions band switched off. Grip 9780-114604 re-measured: 8x29 at (4,215), cornerRadius 8, fill #56C7F3, rotation 180, glyph 9780-114605 8x14 at 0.64 - byte-identical to 9780-113250, which is the point of the pair: toggling modules must not move or restyle the grip. Partial: the module-visibility result itself was not re-rendered this pass. | vverify: partial | mobile Trade responsive screen. …(prior note continues in trade.json)	1440=n-a 768=n-a 375=partial @2026-09-14/wave41-trade
9050-215425	partial	src/pages/trade/Spot.tsx	/spot	NOT RE-READ this pass — the Figma seat's burst budget went to the six nodes named in this file's header, and the web-app boards did not change on 2026-09-10, so the prior verdict stands rather than being re-guessed. Carried: Skai > Trade > Spot - new layout | NO v2 counterpart on Trade2 - stays a parity target | 2 v1 frame(s) at 768/375 | siblings 9780:113550 | status CARRIED from status.trade.tsv family "spot" - not measured by this lane | vverify: partial | tablet Spot new-layout: shipped 768 is still the desktop-grid reflow (6 visible panels stacked, docH 2263 vs viewport 1024) not the bespoke tablet IA; the IA exists behind an OFF flag	1440=n-a 768=partial 375=n-a @2026-09-14/wave41-trade
9002-163670	partial	src/pages/trade/Spot.tsx	/spot	NOT RE-READ this pass — the Figma seat's burst budget went to the six nodes named in this file's header, and the web-app boards did not change on 2026-09-10, so the prior verdict stands rather than being re-guessed. Carried: 768 board. Frame geometry MEASURED this pass, which the standing row explicitly had not done. The panel is 708x600 fill #052D2D radius 0/0/12/12 with a #123F3C edge, under a 708x40 tab strip radius 12/12/0/0 whose active rule is white at strokeWeight 3 and 57 wide. Inside: a 708x20 column header padded 2/16 on #122524, fifteen ask rows of 18, a 708x20 spread row on #001615, fifteen bid rows of 18 - 20 + 290 + 20 + 270 = 600 exact. Above it the pair header is 708x58 radius 12 pad 12 gap 16 and the AI band 708x52 radius 12 pad 6/12 gap 12 on #001615 behind a #17F9B4 stroke at 24 percent. …(prior note continues in trade.json)	1440=n-a 768=partial 375=n-a @2026-09-14/wave41-trade
9772-75651	partial	src/pages/trade/Spot.tsx	/spot	NOT RE-READ this pass — the Figma seat's burst budget went to the six nodes named in this file's header, and the web-app boards did not change on 2026-09-10, so the prior verdict stands rather than being re-guessed. Carried: Skai > Trade > Spot - pair price details collapsed | NO v2 counterpart on Trade2 - stays a parity target | 1 v1 frame(s) at 375 | status CARRIED from status.trade.tsv family "spot" - not measured by this lane | vverify: deferred | Mobile pair price details collapsed - the Figma trailing 36px round control that collapses the price row lives in MarketHeader, shared with perps. Measured mobile header rowButtonCount 1 vs the frame's 2.	1440=n-a 768=n-a 375=partial @2026-09-14/wave41-trade
9045-171162	partial	src/pages/trade/Spot.tsx	/spot	NOT RE-READ this pass — the Figma seat's burst budget went to the six nodes named in this file's header, and the web-app boards did not change on 2026-09-10, so the prior verdict stands rather than being re-guessed. Carried: THE TABLET BOARD FOR THE SAME SUBSET, measured on this frame's own node (9045:172663) rather than cited from its 375 sibling - and the point of reading it was that it could have been the middle of a ramp and is not: 130 wide, radius 8, rows 114x26 on pad 6/8 radius 4, labels 9045:172665/172667/172669 Manrope Regular 12/14 -4PERCENT, panel inset 8, gap 8, fill #122524, hairline #123F3C, shadow 0/4/12@0.24. Every number equals the 375 board's to the digit, which is what makes the ramp lg-only rather than md-then-lg - a md: stop here would have put the desktop column's 12px radius and 14/18 label on this board. …(prior note continues in trade.json)	1440=n-a 768=partial 375=n-a @2026-09-14/wave41-trade
9045-188835	partial	src/pages/trade/Spot.tsx	/spot	NOT RE-READ this pass — the Figma seat's burst budget went to the six nodes named in this file's header, and the web-app boards did not change on 2026-09-10, so the prior verdict stands rather than being re-guessed. Carried: THE TABLET BOARD FOR THE SAME SUBSET. 9045-174427 is this frame's Available row at 16 (status.wave17.trade2-spot.tsv:5 records it among the heights it closed), and the 44px button floor reaches this board too - its media query is max-width 768 and therefore INCLUSIVE, which is the reason every ramp on this surface is md or lg and never sm. So the row stood 28px over here for the same cause it stood 30 over at 375: one un-opted-out add-funds button. Fixed by the same constant and held by the same five tests, which assert the derived height at BOTH boards rather than at one and citing the other. …(prior note continues in trade.json) HAND-OFF: this frame is implemented in src/components/trade/order/ScaledOrderFields.tsx, which belongs to wave 23 and is off limits to this lane this pass — measured and written, not edited.	1440=n-a 768=partial 375=n-a @2026-09-14/wave41-trade
9045-187547	partial	src/pages/trade/Spot.tsx	/spot	NOT RE-READ this pass — the Figma seat's burst budget went to the six nodes named in this file's header, and the web-app boards did not change on 2026-09-10, so the prior verdict stands rather than being re-guessed. Carried: Skai > Trade > Spot - pro - TP/SL - ALT | NO v2 counterpart on Trade2 - stays a parity target | 1 v1 frame(s) at 768 | status CARRIED from status.trade.tsv family "spot" - not measured by this lane | vverify: deferred | Tablet Pro TP/SL ALT - same deliberate gate.	1440=n-a 768=partial 375=n-a @2026-09-14/wave41-trade
9045-186284	partial	src/pages/trade/Spot.tsx	/spot	NOT RE-READ this pass — the Figma seat's burst budget went to the six nodes named in this file's header, and the web-app boards did not change on 2026-09-10, so the prior verdict stands rather than being re-guessed. Carried: Skai > Trade > Spot - pro - trigger - ALT | NO v2 counterpart on Trade2 - stays a parity target | 1 v1 frame(s) at 768 | status CARRIED from status.trade.tsv family "spot" - not measured by this lane | vverify: deferred | Tablet Pro trigger ALT - same deliberate SPOT_ADVANCED_ORDERS_ENABLED gate as the mobile Pro frames.	1440=n-a 768=partial 375=n-a @2026-09-14/wave41-trade
9775-95209	partial	src/pages/trade/Spot.tsx	/spot	NOT RE-READ this pass — the Figma seat's burst budget went to the six nodes named in this file's header, and the web-app boards did not change on 2026-09-10, so the prior verdict stands rather than being re-guessed. Carried: SUBSET MEASURED-BY-CITATION AND FIXED: the Available row, which was standing at the 44px touch floor rather than at the 14 this frame draws. 9775-96726 is that row, 351x14 at y=192 (status.wave17.trade2-spot.tsv:4 lists it among the three heights it derived), and it holds one <button> - the add-funds circle. index.css squares every button:not(.no-min-size) to 44x44 up to and INCLUDING 768px, which is the whole range the mobile IA serves this ticket at, so the row rendered 44: 30px over this frame, and 44 wide beside a 12px readout. The card INPUTS beside it were opted out when wave 17 measured the cards; …(prior note continues in trade.json) HAND-OFF: this frame is implemented in src/components/trade/order/ScaledOrderFields.tsx, which belongs to wave 23 and is off limits to this lane this pass — measured and written, not edited.	1440=n-a 768=n-a 375=partial @2026-09-14/wave41-trade
9775-93615	blocked-on-backend	src/pages/trade/Spot.tsx	/spot	NOT RE-READ this pass — the Figma seat's burst budget went to the six nodes named in this file's header, and the web-app boards did not change on 2026-09-10, so the prior verdict stands rather than being re-guessed. Carried: STATUS CONFIRMED, same gate and same unobservability as 9775-91911: SKAI_ADVANCED_ORDERS_TX has no read path through the indexer feature-flag route or any skai_ RPC method, so the row cannot be closed without node access. The second, independent block on this frame is unchanged - CreateOrderRequest carries time-in-force but the payload posted to callSpotOrderProxy('place') never includes it, so a Fill or Kill would silently rest as GTC. Both must close before the flag flips. | vverify: deferred | Mobile Pro TP/SL - same deliberate SPOT_ADVANCED_ORDERS_ENABLED gate; …(prior note continues in trade.json) HAND-OFF: this frame is implemented in src/components/trade/order/orderTypeVisibility.ts, which belongs to wave 23 and is off limits to this lane this pass — measured and written, not edited.	1440=n-a 768=n-a 375=partial @2026-09-14/wave41-trade
9775-91911	blocked-on-backend	src/pages/trade/Spot.tsx	/spot	NOT RE-READ this pass — the Figma seat's burst budget went to the six nodes named in this file's header, and the web-app boards did not change on 2026-09-10, so the prior verdict stands rather than being re-guessed. Carried: STATUS CONFIRMED, AND THE ROW'S OWN UNBLOCK CONDITION IS NOT REMOTELY OBSERVABLE - which is worth recording, because it means nobody can close this row from outside the fleet. The condition is "unblocks when the env is confirmed ON fleet-wide", meaning SKAI_ADVANCED_ORDERS_TX. Re-read 2026-09-01: the client gate is still hard false at src/components/trade/order/orderTypeVisibility.ts:62, and the chain-side default is still false at modules/skai-chain/cmd/skai-node/skai_bft.go:828 with config_divergence.go:75 listing it among the divergence-checked env vars. …(prior note continues in trade.json) HAND-OFF: this frame is implemented in src/components/trade/order/orderTypeVisibility.ts, which belongs to wave 23 and is off limits to this lane this pass — measured and written, not edited.	1440=n-a 768=n-a 375=partial @2026-09-14/wave41-trade
9774-89981	partial	src/pages/trade/Spot.tsx	/spot	NOT RE-READ this pass — the Figma seat's burst budget went to the six nodes named in this file's header, and the web-app boards did not change on 2026-09-10, so the prior verdict stands rather than being re-guessed. Carried: THE OPEN BOX WAVES 27, 28 AND 29 ALL ESCALATED IS CLOSED, and it was closed in code rather than off a board: the Market/Limit/Pro strip stood at the 44px touch floor instead of the height the frames draw. index.css floors every button at 44x44 up to and INCLUDING 768, and each tab is drawn at its line box over pb-1.5 and a 3px rule - 23 at 375, 25 at 768, 27 at 1440 - so on both boards the mobile IA serves each tab rendered 44 and carried the strip with it. …(prior note continues in trade.json) HAND-OFF: this frame is implemented in src/components/trade/parts/ProOrderTypeMenu.tsx, which belongs to wave 23 and is off limits to this lane this pass — measured and written, not edited.	1440=n-a 768=n-a 375=partial @2026-09-14/wave41-trade
9050-208186	partial	src/pages/trade/Spot.tsx	/spot	NOT RE-READ this pass — the Figma seat's burst budget went to the six nodes named in this file's header, and the web-app boards did not change on 2026-09-10, so the prior verdict stands rather than being re-guessed. Carried: Skai > Trade > Spot - simlified chart | NO v2 counterpart on Trade2 - stays a parity target | 1 v1 frame(s) at 768 | status CARRIED from status.trade.tsv family "spot" - not measured by this lane | vverify: partial | tablet Trade responsive screen. Shipped renders (exit-0) but as a DESKTOP-GRID REFLOW, not the Figma bespoke mobile/tablet IA: missing content-nav tabs (Chart|Order book|Trades|Info), chart-hero, and bottom-pinned Buy/Sell. Structural scope-down, buildable	1440=n-a 768=partial 375=n-a @2026-09-14/wave41-trade
9780-110815	partial	src/pages/trade/Spot.tsx	/spot	NOT RE-READ this pass — the Figma seat's burst budget went to the six nodes named in this file's header, and the web-app boards did not change on 2026-09-10, so the prior verdict stands rather than being re-guessed. Carried: Skai > Trade > Spot - time dropdown | NO v2 counterpart on Trade2 - stays a parity target | 1 v1 frame(s) at 375 | status CARRIED from status.trade.tsv family "spot" - not measured by this lane | vverify: partial | Mobile time dropdown resolves to the same timeframe overflow menu as 9777-109337.	1440=n-a 768=n-a 375=partial @2026-09-14/wave41-trade
3972-32663	partial	src/pages/trade/Spot.tsx	/spot	RE-READ LIVE this pass (screenshot of 3972-32663 at 1440) and the carried "MISSING — the frame's full timeframe menu" is STALE. The frame draws a grouped menu with a collapse chevron per group and a heart on every row: Minutes = 1 minute / 3 minutes / 5 minutes / 15 minutes / 30 minutes, Hours = 1 hour / 2 hours / 4 hours / 8 hours / 12 hours, Days = 1 day / 3 days / 1 week / 1 month, over an inline pill row reading 5m 30m 1h D with 30m selected and a caret for the rest. The code ships exactly that: `SERVICE_INTERVAL_GROUPS` in native-chart/intervalMap.ts:110-118 is those three groups with those fourteen intervals, `SERVICE_INTERVAL_LONG_LABEL`:89-104 is the frame's wording verbatim, `PRIMARY_SERVICE_INTERVALS`:126-131 is the four pills, and `TimeframeBar` (CandleChart.tsx:447-600) draws the groups with per-group collapse state, `useFavourites("skai.chart.timeframeFavourites")` hearts and a 199px box at lg / 375 clamped on the phone. Partial only for the board around the menu, which was not re-measured.	1440=partial 768=n-a 375=n-a @2026-09-14/wave41-trade
9777-109337	partial	src/pages/trade/Spot.tsx	/spot	RE-READ LIVE this pass (screenshot of 3972-32663 at 1440) and the carried "MISSING — the frame's full timeframe menu" is STALE. The frame draws a grouped menu with a collapse chevron per group and a heart on every row: Minutes = 1 minute / 3 minutes / 5 minutes / 15 minutes / 30 minutes, Hours = 1 hour / 2 hours / 4 hours / 8 hours / 12 hours, Days = 1 day / 3 days / 1 week / 1 month, over an inline pill row reading 5m 30m 1h D with 30m selected and a caret for the rest. The code ships exactly that: `SERVICE_INTERVAL_GROUPS` in native-chart/intervalMap.ts:110-118 is those three groups with those fourteen intervals, `SERVICE_INTERVAL_LONG_LABEL`:89-104 is the frame's wording verbatim, `PRIMARY_SERVICE_INTERVALS`:126-131 is the four pills, and `TimeframeBar` (CandleChart.tsx:447-600) draws the groups with per-group collapse state, `useFavourites("skai.chart.timeframeFavourites")` hearts and a 199px box at lg / 375 clamped on the phone. Partial only for the board around the menu, which was not re-measured. The 375 sibling was not itself re-read; on the phone the popover clamps to the board (9777:109249 is the full 375) rather than to the desktop 199.	1440=n-a 768=n-a 375=partial @2026-09-14/wave41-trade
9050-212503	partial	src/pages/trade/Spot.tsx	/spot	RE-READ LIVE this pass (screenshot of 3972-32663 at 1440) and the carried "MISSING — the frame's full timeframe menu" is STALE. The frame draws a grouped menu with a collapse chevron per group and a heart on every row: Minutes = 1 minute / 3 minutes / 5 minutes / 15 minutes / 30 minutes, Hours = 1 hour / 2 hours / 4 hours / 8 hours / 12 hours, Days = 1 day / 3 days / 1 week / 1 month, over an inline pill row reading 5m 30m 1h D with 30m selected and a caret for the rest. The code ships exactly that: `SERVICE_INTERVAL_GROUPS` in native-chart/intervalMap.ts:110-118 is those three groups with those fourteen intervals, `SERVICE_INTERVAL_LONG_LABEL`:89-104 is the frame's wording verbatim, `PRIMARY_SERVICE_INTERVALS`:126-131 is the four pills, and `TimeframeBar` (CandleChart.tsx:447-600) draws the groups with per-group collapse state, `useFavourites("skai.chart.timeframeFavourites")` hearts and a 199px box at lg / 375 clamped on the phone. Partial only for the board around the menu, which was not re-measured. The 768 sibling was not itself re-read; the menu it draws is the same component, `md:w-[200px]`.	1440=n-a 768=partial 375=n-a @2026-09-14/wave41-trade
3963-39739	partial	src/pages/trade/Spot.tsx	/spot	NOT RE-READ this pass — the Figma seat's burst budget went to the six nodes named in this file's header, and the web-app boards did not change on 2026-09-10, so the prior verdict stands rather than being re-guessed. Carried: Skai > Trade > Spot - trade dropdown | NO v2 counterpart on Trade2 - stays a parity target | 1 v1 frame(s) at 1440 | status CARRIED from status.trade.tsv family "spot" - not measured by this lane | vverify: partial | Top-nav Trade menu (not order panel); Radix dropdown opens with rich icon+desc rows matching Figma styling, but item set differs - app Perps/Spot/Buy/Trench vs Figma Perps/Spot/Swaps/Trench/Launch	1440=partial 768=n-a 375=n-a @2026-09-14/wave41-trade
3886-15237	partial	src/pages/trade/Spot.tsx	/spot	NOT RE-READ this pass — the Figma seat's burst budget went to the six nodes named in this file's header, and the web-app boards did not change on 2026-09-10, so the prior verdict stands rather than being re-guessed. Carried: The approved /spot desktop board. Wave 34 left this at unknown because the plugin API was down; this pass read the page tree live and the sibling 7710-91527 (same layer to the pixel - see that row), and 8558-134024 / 8687-99711 carry the identical main (Frame 443 764x672, Tool 8x29, Order book 277x674, Frame 444 1366x273, Frame 445 313x672). Promoted from unknown to partial on that reading: the page layer is closed by the oracle; panels not render-verified. | vverify: match | desktop /spot BASE at 1440: 3-column grid intact after the below-lg unmount; …(prior note continues in trade.json) HAND-OFF: this frame is implemented in src/components/trade/order/OrderEntryPanel.tsx, which belongs to wave 23 and is off limits to this lane this pass — measured and written, not edited.	1440=partial 768=n-a 375=n-a @2026-09-14/wave41-trade
9776-96834	partial	src/pages/trade/Spot.tsx	/spot	NOT RE-READ this pass — the Figma seat's burst budget went to the six nodes named in this file's header, and the web-app boards did not change on 2026-09-10, so the prior verdict stands rather than being re-guessed. Carried: MEASURED ON THE NODE, first verdict. 375x1107 board. Frame 1341 375x925; Header-mobile 375x48, Bottom-navigation-mobile 375x54, bar Frame 1217 360x56 (2x168x40, measured and fixed on 9801-112095). The full-bleed 375 stack on itemSpacing 4 that MobileTradeShell draws and spotTerminalChrome.figma.test.ts resolves (925 = 110 + 94 + 452 + 257 + 12). Panel internals not measured this pass; what this frame adds over 9770-133659 is named in the family note beside it. Frame 1341 375x925, the plain board; byte-identical layer to 9803-129761 and 9803-131052. …(prior note continues in trade.json)	1440=n-a 768=n-a 375=partial @2026-09-14/wave41-trade
9803-129761	partial	src/pages/trade/Spot.tsx	/spot	NOT RE-READ this pass — the Figma seat's burst budget went to the six nodes named in this file's header, and the web-app boards did not change on 2026-09-10, so the prior verdict stands rather than being re-guessed. Carried: MEASURED ON THE NODE, first verdict. 375x1107 board. Frame 1341 375x925; Header-mobile 375x48, Bottom-navigation-mobile 375x54, bar Frame 1217 360x56 (2x168x40, measured and fixed on 9801-112095). The full-bleed 375 stack on itemSpacing 4 that MobileTradeShell draws and spotTerminalChrome.figma.test.ts resolves (925 = 110 + 94 + 452 + 257 + 12). Panel internals not measured this pass; what this frame adds over 9770-133659 is named in the family note beside it. Frame 1341 375x925; identical layer to 9776-96834. …(prior note continues in trade.json)	1440=n-a 768=n-a 375=partial @2026-09-14/wave41-trade
9803-131052	partial	src/pages/trade/Spot.tsx	/spot	NOT RE-READ this pass — the Figma seat's burst budget went to the six nodes named in this file's header, and the web-app boards did not change on 2026-09-10, so the prior verdict stands rather than being re-guessed. Carried: MEASURED ON THE NODE, first verdict. 375x1107 board. Frame 1341 375x925; Header-mobile 375x48, Bottom-navigation-mobile 375x54, bar Frame 1217 360x56 (2x168x40, measured and fixed on 9801-112095). The full-bleed 375 stack on itemSpacing 4 that MobileTradeShell draws and spotTerminalChrome.figma.test.ts resolves (925 = 110 + 94 + 452 + 257 + 12). Panel internals not measured this pass; what this frame adds over 9770-133659 is named in the family note beside it. Frame 1341 375x925; identical layer to 9776-96834. …(prior note continues in trade.json)	1440=n-a 768=n-a 375=partial @2026-09-14/wave41-trade
3931-88039	partial	src/components/trade/ChartSettingsPanel.tsx	/spot	RE-READ LIVE this pass on the drawer node 3931:89692, and the carried gap list was STALE in every item. Measured: panel 442x884 at (990,8); body Frame 344 394 wide at a 24 inset; title row 394x28 with a 16px `icons/action` at x=378 y=6; "Chart display" Frame 341 (3931:89697) 394x252 at y=52; "Order display" Frame 342 (3931:89784) 394x184 at y=328 — a 24px gutter, which is the `mt-6` the code ships; CTA 394x62 at y=798, which is `lg:h-[62px]`. Both section descriptions (3931:89702 / 3931:89789, the same string) ARE built. Chart-display rows Last traded price / Price alerts / Max price / Max. price / Grid / Countdown and order-display rows Position information / Trade history / Est. Liq. Price / Current orders are all present except the three omitted with a stated reason (Price alerts has no chart-facing alert feed; Est. Liq. Price is inside Position information; Trade history needs the indexer fill shape). ★ "Show Skai insights" (3931:89828, with its 60.89x36 toggle 3931:89833) is `hidden="true"` IN THE FRAME — a layer the designer switched off, not a control to build; three catalog rows had carried it as missing. Recorded in ChartSettingsPanel.tsx (commit ba7e53802). Partial, not done: the board BEHIND the drawer is the /spot screen, which this pass did not re-read.	1440=partial 768=n-a 375=n-a @2026-09-14/wave41-trade
9780-143009	partial	src/components/trade/ChartSettingsPanel.tsx	/spot	RE-READ LIVE this pass on the drawer node 3931:89692, and the carried gap list was STALE in every item. Measured: panel 442x884 at (990,8); body Frame 344 394 wide at a 24 inset; title row 394x28 with a 16px `icons/action` at x=378 y=6; "Chart display" Frame 341 (3931:89697) 394x252 at y=52; "Order display" Frame 342 (3931:89784) 394x184 at y=328 — a 24px gutter, which is the `mt-6` the code ships; CTA 394x62 at y=798, which is `lg:h-[62px]`. Both section descriptions (3931:89702 / 3931:89789, the same string) ARE built. Chart-display rows Last traded price / Price alerts / Max price / Max. price / Grid / Countdown and order-display rows Position information / Trade history / Est. Liq. Price / Current orders are all present except the three omitted with a stated reason (Price alerts has no chart-facing alert feed; Est. Liq. Price is inside Position information; Trade history needs the indexer fill shape). ★ "Show Skai insights" (3931:89828, with its 60.89x36 toggle 3931:89833) is `hidden="true"` IN THE FRAME — a layer the designer switched off, not a control to build; three catalog rows had carried it as missing. Recorded in ChartSettingsPanel.tsx (commit ba7e53802). Partial, not done: the board BEHIND the drawer is the /spot screen, which this pass did not re-read. This is the 375 cut; the drawer's phone box (359 wide, body at x=12 per 9780:144292) was not separately re-read this pass.	1440=n-a 768=n-a 375=partial @2026-09-14/wave41-trade
9069-259546	partial	src/components/trade/ChartSettingsPanel.tsx	/spot	RE-READ LIVE this pass on the drawer node 3931:89692, and the carried gap list was STALE in every item. Measured: panel 442x884 at (990,8); body Frame 344 394 wide at a 24 inset; title row 394x28 with a 16px `icons/action` at x=378 y=6; "Chart display" Frame 341 (3931:89697) 394x252 at y=52; "Order display" Frame 342 (3931:89784) 394x184 at y=328 — a 24px gutter, which is the `mt-6` the code ships; CTA 394x62 at y=798, which is `lg:h-[62px]`. Both section descriptions (3931:89702 / 3931:89789, the same string) ARE built. Chart-display rows Last traded price / Price alerts / Max price / Max. price / Grid / Countdown and order-display rows Position information / Trade history / Est. Liq. Price / Current orders are all present except the three omitted with a stated reason (Price alerts has no chart-facing alert feed; Est. Liq. Price is inside Position information; Trade history needs the indexer fill shape). ★ "Show Skai insights" (3931:89828, with its 60.89x36 toggle 3931:89833) is `hidden="true"` IN THE FRAME — a layer the designer switched off, not a control to build; three catalog rows had carried it as missing. Recorded in ChartSettingsPanel.tsx (commit ba7e53802). Partial, not done: the board BEHIND the drawer is the /spot screen, which this pass did not re-read. This is the 768 cut; the tablet rung takes the 20 the rest of the Right-menu family measures, which no board states directly.	1440=n-a 768=partial 375=n-a @2026-09-14/wave41-trade
4144-67562	partial	src/components/trade/LayoutSettingsDrawer.tsx	/spot	NOT RE-READ this pass — the Figma seat's burst budget went to the six nodes named in this file's header, and the web-app boards did not change on 2026-09-10, so the prior verdict stands rather than being re-guessed. Carried: Read on the sidecar panel AND on both mobile panels of the same drawer, because Spot.tsx mounts the one component on both its branches (the 768 branch since report 0b377639): 4144-69215 442x884 at (990,8), 9050-213971 442x1008 at (318,8) inside 9050-214062, 9061-254552 359x796 at (8,8) inside 9780-112196. THE THREE PANELS ARE NOT ONE PANEL AT THREE WIDTHS, and ten numbers were shipping at the desktop value everywhere. Figma first, shipped second: inset 12/20/24 against 24 at every width (sheetVariants' own p-6 was never overridden), now p-3 md:p-5 lg:p-6; …(prior note continues in trade.json)	1440=partial 768=n-a 375=n-a @2026-09-14/wave41-trade
9780-112196	partial	src/components/trade/spot/LayoutGrip.tsx	/spot	The carried "MISSING — the header trigger and the drawer mount inside the mobile branch" is CLOSED in source: Spot.tsx:475-482 mounts `LayoutSettingsDrawer` on the mobile/tablet branch as well as the desktop one, gated on `layoutCustomizable`, and the `?layout=settings` handler sets `layoutSettingsOpen` on whichever tree renders (report 0b377639, iPad Mini 768). The module toggles this drawer writes are applied to that tree too — `showModule` gates the aiStrip, chart, book/trades and positions slots at Spot.tsx:314-435 — so the switches move something at 375 and 768. NOT RE-READ in Figma this pass; the residual is the drawer's own type and spacing at this width.	1440=n-a 768=n-a 375=partial @2026-09-14/wave41-trade
9050-214062	partial	src/components/trade/spot/LayoutGrip.tsx	/spot	The carried "MISSING — the header trigger and the drawer mount inside the mobile branch" is CLOSED in source: Spot.tsx:475-482 mounts `LayoutSettingsDrawer` on the mobile/tablet branch as well as the desktop one, gated on `layoutCustomizable`, and the `?layout=settings` handler sets `layoutSettingsOpen` on whichever tree renders (report 0b377639, iPad Mini 768). The module toggles this drawer writes are applied to that tree too — `showModule` gates the aiStrip, chart, book/trades and positions slots at Spot.tsx:314-435 — so the switches move something at 375 and 768. NOT RE-READ in Figma this pass; the residual is the drawer's own type and spacing at this width.	1440=n-a 768=partial 375=n-a @2026-09-14/wave41-trade
3962-35261	partial	src/components/trade/MarketSearchModal.tsx	/spot	NOT RE-READ this pass — the Figma seat's burst budget went to the six nodes named in this file's header, and the web-app boards did not change on 2026-09-10, so the prior verdict stands rather than being re-guessed. Carried: Third 1440 twin of the same modal, measured 796x680 radius 32 with the same 24 by 16 padding and 16 section gaps, so all three 1440 boards agree to the pixel. Fixed this pass: ceiling 796 not 820, section inset 20 below 1024 and 24 above not a flat 24, all three rules 123F3C not white at 10 per cent, panel stroke 123F3C, tab labels 24 apart and stepped 12/14, 12/16, 14/18 on a 4px plate, coin discs stepped 24, 32, 40, column titles white at 44 per cent stepped 10/12, 10/14, 12/16, search band 56, 58, 62 with its text stepped 14/16, 14/18, 16/22. …(prior note continues in trade.json)	1440=partial 768=n-a 375=n-a @2026-09-14/wave41-trade
9050-206715	partial	src/components/trade/MarketSearchModal.tsx	/spot	NOT RE-READ this pass — the Figma seat's burst budget went to the six nodes named in this file's header, and the web-app boards did not change on 2026-09-10, so the prior verdict stands rather than being re-guessed. Carried: 768 twin of the trench board, measured 680x586 radius 16 with 24 by 12 padding, identical to the 768 perps board. Fixed this pass: ceiling 796 not 820, section inset 20 below 1024 and 24 above not a flat 24, all three rules 123F3C not white at 10 per cent, panel stroke 123F3C, tab labels 24 apart and stepped 12/14, 12/16, 14/18 on a 4px plate, coin discs stepped 24, 32, 40, column titles white at 44 per cent stepped 10/12, 10/14, 12/16, search band 56, 58, 62 with its text stepped 14/16, 14/18, 16/22. …(prior note continues in trade.json)	1440=n-a 768=partial 375=n-a @2026-09-14/wave41-trade
3962-8774	partial	src/components/trade/MarketSearchModal.tsx	/spot	The carried "the frame's 5th column is Market cap. but the app renders Open interest" is CLOSED in source: MarketSearchModal.tsx:1047 titles that column `category === "perps" ? "Open interest" : "Market cap."` and the cell at :1333-1337 reads the chain indexer's open interest on perps and the CoinGecko `marketCap` otherwise, dashing rather than zeroing when either is absent. The "Favorites tab and per-row favourite buttons the frame does not draw" stays recorded as surplus and is NOT removed — a single-screen frame crops chrome, and removing a working affordance to match one board is not a parity fix. NOT RE-READ in Figma this pass.	1440=partial 768=n-a 375=n-a @2026-09-14/wave41-trade
4144-61610	frame-defect	src/components/trade/MarketSearchModal.tsx	/spot	NOT RE-READ this pass — the Figma seat's burst budget went to the six nodes named in this file's header, and the web-app boards did not change on 2026-09-10, so the prior verdict stands rather than being re-guessed. Carried: The artboard is a resized copy, not a second spec. Its modal is 747x460 radius 16 at 66 from the left where the other three 1440 boards all draw 796x680 radius 32 centred at 322. Inside it the coin discs are 32 with 6.4 between, the All label is 11.2/14.4 and the row gap is 4, each exactly 0.8 of the 40 / 8 / 14/18 / 8 the other 1440 boards state, while the search text stays 16/22 and the padding stays 16, which no scale explains. 11.2 and 14.4 and 6.4 are not steps this product ships. Read as a stale resize of the canonical 1440 frame; the three agreeing boards are the target. …(prior note continues in trade.json)	1440=broken 768=n-a 375=n-a @2026-09-14/wave41-trade
3931-93237	partial	src/components/trade/order/OrderEntryPanel.tsx	/spot	NOT RE-READ this pass — the Figma seat's burst budget went to the six nodes named in this file's header, and the web-app boards did not change on 2026-09-10, so the prior verdict stands rather than being re-guessed. Carried: WAS unknown. Measured on the axis this pass touched, with numbers: the ticket's active-tab underline on this 1440 frame is Vector 1 3931-94574, white, strokeWeight 3, x=79 w=38 over the "Market | Limit | Pro" strip, and its sibling bottom-panel strip 3931-94545 is the same white sw3 at w=56. The code shipped border-b-2 at both; corrected to border-b-[3px] with the pull moved 7->8 (OrderEntryPanel + ProOrderTypeMenu) and 1->2 (Spot.tsx book panel). Not promoted further: this is a full 1440x900 terminal frame and only its tab rules were measured here. …(prior note continues in trade.json) HAND-OFF: this frame is implemented in src/components/trade/order/OrderEntryPanel.tsx, which belongs to wave 23 and is off limits to this lane this pass — measured and written, not edited.	1440=partial 768=n-a 375=n-a @2026-09-14/wave41-trade
9777-99794	partial	src/pages/trade/Spot.tsx + src/components/trade/mobile/	/spot	NOT RE-READ this pass — the Figma seat's burst budget went to the six nodes named in this file's header, and the web-app boards did not change on 2026-09-10, so the prior verdict stands rather than being re-guessed. Carried: DEMOTION from done, and it is measured, not clerical. Frame 375w: book panel 9777:101085 375x360 pad 0/0/12/0 fill #052D2D with NO corner radius (full-bleed) ; book row 9777:101087 375x20 = pad 2 + a 16px inner row, inner pad 2/16/2/16 gap 12, header row fill #122524 ; spread row 9777:101161 375x20 fill #001615 ; market header 9777:99797 pad 16/16/12/16 gap 16 fill #122524, pair Manrope 18/22 ls-4% #FFFFFF, stat labels Manrope 10/12 ls-4% #95A09F, values Mulish 14/16 ls-4% #FFFFFF, change #17F9B4. Code OrderBook.tsx: panel bg-green-coal-100 #123F3C + rounded-2xl (24) + border-white/10 ; …(prior note continues in trade.json)	1440=n-a 768=n-a 375=partial @2026-09-14/wave41-trade
9048-190933	partial	src/pages/trade/Spot.tsx + src/components/trade/mobile/	/spot	NOT RE-READ this pass — the Figma seat's burst budget went to the six nodes named in this file's header, and the web-app boards did not change on 2026-09-10, so the prior verdict stands rather than being re-guessed. Carried: Skai > Trade > Spot > Search pairs | NO v2 counterpart on Trade2 - stays a parity target | 1 v1 frame(s) at 768 | status CARRIED from status.trade.tsv family "spot > search pairs" - not measured by this lane | vverify: partial | Tablet Search pairs opens the same MarketSearchModal - same Market cap. vs Open interest column delta and surplus Favorites affordance as 3962-8774.	1440=n-a 768=partial 375=n-a @2026-09-14/wave41-trade
9059-238855	partial	src/pages/trade/Spot.tsx + src/components/trade/mobile/	/spot	NOT RE-READ this pass — the Figma seat's burst budget went to the six nodes named in this file's header, and the web-app boards did not change on 2026-09-10, so the prior verdict stands rather than being re-guessed. Carried: Skai > Trade > Spot > Selected pairs | NO v2 counterpart on Trade2 - stays a parity target | 2 v1 frame(s) at 375 | siblings 9061:240412 | status CARRIED from status.trade.tsv family "spot > selected pairs" - not measured by this lane | vverify: partial | Mobile Selected pairs variant - same MarketSearchModal instance and same deltas as 9061-240412.	1440=n-a 768=n-a 375=partial @2026-09-14/wave41-trade
9061-240412	partial	src/pages/trade/Spot.tsx	/spot	NOT RE-READ this pass — the Figma seat's burst budget went to the six nodes named in this file's header, and the web-app boards did not change on 2026-09-10, so the prior verdict stands rather than being re-guessed. Carried: MEASURED ON THE NODE, first verdict. 375x812 board. Content column Frame 1218 346x1061 = Frame 6 346x106, Frame 11 346x94, Frame 1220 346x580, Frame 444 346x257; Header-mobile 375x48, Bottom-navigation-mobile 375x54; bar Frame 1217 360x56 with CTAs 168x40/168x40; Overlay 375x812. THIS IS THE EARLIER OF TWO PHONE LAYOUTS ON THE SAME PAGE: the column is 346 wide inside 375 (14.5 a side) with a 106-tall header, where the 9490 to 9803 series and 9770-133659 draw Frame 1341 full-bleed at 375 on itemSpacing 4, which is what MobileTradeShell ships (oracle 110 + 94 + 452 + 257 + 12 = 925). …(prior note continues in trade.json)	1440=n-a 768=n-a 375=partial @2026-09-14/wave41-trade
9002-158964	partial	src/pages/trade/Spot.tsx + src/components/trade/mobile/	/spot	NOT RE-READ this pass — the Figma seat's burst budget went to the six nodes named in this file's header, and the web-app boards did not change on 2026-09-10, so the prior verdict stands rather than being re-guessed. Carried: Skai > Trade > Spot > Sidebar | NO v2 counterpart on Trade2 - stays a parity target | 1 v1 frame(s) at 768 | status CARRIED from status.trade.tsv family "spot > sidebar" - not measured by this lane | vverify: deferred | Spot Sidebar tablet - app-shell sidebar, shared layout, out of lane.	1440=n-a 768=partial 375=n-a @2026-09-14/wave41-trade
9777-102315	partial	src/pages/trade/Spot.tsx	/spot	NOT RE-READ this pass — the Figma seat's burst budget went to the six nodes named in this file's header, and the web-app boards did not change on 2026-09-10, so the prior verdict stands rather than being re-guessed. Carried: MEASURED ON THE NODE, first verdict. 375x1230 board. Frame 1341 375x1048; Header-mobile 375x48, Bottom-navigation-mobile 375x54, bar Frame 1217 360x56 (2x168x40, measured and fixed on 9801-112095). The full-bleed 375 stack on itemSpacing 4 that MobileTradeShell draws and spotTerminalChrome.figma.test.ts resolves (925 = 110 + 94 + 452 + 257 + 12). Panel internals not measured this pass; what this frame adds over 9770-133659 is named in the family note beside it. Trades tab: Frame 1341 375x1048, 123 taller than the book board - the trades list runs longer than the ladder. …(prior note continues in trade.json)	1440=n-a 768=n-a 375=partial @2026-09-14/wave41-trade
7710-91527	partial	src/pages/trade/Spot.tsx	/spot	NOT RE-READ this pass — the Figma seat's burst budget went to the six nodes named in this file's header, and the web-app boards did not change on 2026-09-10, so the prior verdict stands rather than being re-guessed. Carried: RE-READ THIS PASS on the live page tree (get_metadata on 7710:91527, 825 lines): main 1382x1429 at (58,56) = Frame 443 764x672 at (8,8) [Frame 6 764x58, Frame 11 764x58 at y=64, TradingView 764x544 at y=128], Tool 8x29 at (17,471), Order book 277x674 at (778,8) [Frame 299 277x52 + Order book 277x622], Frame 444 1366x273 at (8,686), Frame 445 313x672 at (1061,8) [Frame 429 313x672; a hidden Frame 400]; Header-desktop 1440x56; Frame 7 1382x16 at (58,884); sidebar 58x844 at (0,56). …(prior note continues in trade.json)	1440=partial 768=n-a 375=n-a @2026-09-14/wave41-trade
8558-139280	partial	src/pages/trade/Spot.tsx	/spot	NOT RE-READ this pass — the Figma seat's burst budget went to the six nodes named in this file's header, and the web-app boards did not change on 2026-09-10, so the prior verdict stands rather than being re-guessed. Carried: MEASURED ON THE NODE from the Trade 1 page tree, first verdict. 768x1024 board. TITLE SAYS 1440 AND THE FRAME MEASURES 768 - read the width, not the name. main 708x1005 at (30,76) = Group 1 708x987; Header-tablet 768x52, Bottom-navigation-tablet 768x52; Frame 1217 738x66. The page layer is the one spotTerminalChrome.figma.test.ts already resolves for 9002-157018 (58 + 52 + 584 + 269 + 3x8 = 987) and MobileTradeShell draws it; the bar Frame 1217 730x66 with two 353x50 CTAs was measured and fixed on 9135-85233. …(prior note continues in trade.json)	1440=partial 768=n-a 375=n-a @2026-09-14/wave41-trade
8570-143200	partial	src/pages/trade/Spot.tsx	/spot	NOT RE-READ this pass — the Figma seat's burst budget went to the six nodes named in this file's header, and the web-app boards did not change on 2026-09-10, so the prior verdict stands rather than being re-guessed. Carried: MEASURED ON THE NODE from the Trade 1 page tree, first verdict. 768x1024 board. TITLE SAYS 1440 AND THE FRAME MEASURES 768 - read the width, not the name. main 708x1005 at (30,76) = Group 1 708x987; Header-tablet 768x52, Bottom-navigation-tablet 768x52; Frame 446 768x490. The page layer is the one spotTerminalChrome.figma.test.ts already resolves for 9002-157018 (58 + 52 + 584 + 269 + 3x8 = 987) and MobileTradeShell draws it; the bar Frame 1217 730x66 with two 353x50 CTAs was measured and fixed on 9135-85233. …(prior note continues in trade.json)	1440=partial 768=n-a 375=n-a @2026-09-14/wave41-trade
8626-61565	partial	src/pages/trade/Spot.tsx	/spot	NOT RE-READ this pass — the Figma seat's burst budget went to the six nodes named in this file's header, and the web-app boards did not change on 2026-09-10, so the prior verdict stands rather than being re-guessed. Carried: MEASURED ON THE NODE from the Trade 1 page tree, first verdict. 768x1024 board. TITLE SAYS 1440 AND THE FRAME MEASURES 768 - read the width, not the name. main 708x1005 at (30,76) = Group 1 708x987; Header-tablet 768x52, Bottom-navigation-tablet 768x52; Frame 446 768x490. The page layer is the one spotTerminalChrome.figma.test.ts already resolves for 9002-157018 (58 + 52 + 584 + 269 + 3x8 = 987) and MobileTradeShell draws it; the bar Frame 1217 730x66 with two 353x50 CTAs was measured and fixed on 9135-85233. …(prior note continues in trade.json)	1440=partial 768=n-a 375=n-a @2026-09-14/wave41-trade
8626-85537	partial	src/pages/trade/Spot.tsx	/spot	NOT RE-READ this pass — the Figma seat's burst budget went to the six nodes named in this file's header, and the web-app boards did not change on 2026-09-10, so the prior verdict stands rather than being re-guessed. Carried: MEASURED ON THE NODE, first verdict. 375x1030 board. TITLE SAYS 1440 AND THE FRAME MEASURES 375 - read the width, not the name. Content column Frame 1216 346x879 = Frame 6 346x94, Frame 11 346x94, Chart view - Area 346x412, Frame 444 346x255; Header-mobile 375x48, Bottom-navigation-mobile 375x54. THIS IS THE EARLIER OF TWO PHONE LAYOUTS ON THE SAME PAGE: the column is 346 wide inside 375 (14.5 a side) with a 106-tall header, where the 9490 to 9803 series and 9770-133659 draw Frame 1341 full-bleed at 375 on itemSpacing 4, which is what MobileTradeShell ships (oracle 110 + 94 + 452 + 257 + 12 = 925). …(prior note continues in trade.json)	1440=partial 768=n-a 375=n-a @2026-09-14/wave41-trade
8626-131650	partial	src/pages/trade/Spot.tsx	/spot	NOT RE-READ this pass — the Figma seat's burst budget went to the six nodes named in this file's header, and the web-app boards did not change on 2026-09-10, so the prior verdict stands rather than being re-guessed. Carried: MEASURED ON THE NODE, first verdict. 375x812 board. TITLE SAYS 1440 AND THE FRAME MEASURES 375 - read the width, not the name. Content column Frame 1216 346x879 = Frame 6 346x94, Frame 11 346x94, Chart view - Area 346x412, Frame 444 346x255; Header-mobile 375x48, Bottom-navigation-mobile 375x54; bar Frame 1217 360x60 with CTAs 168x44/168x44. …(prior note continues in trade.json)	1440=partial 768=n-a 375=n-a @2026-09-14/wave41-trade
8626-130555	partial	src/pages/trade/Spot.tsx	/spot	NOT RE-READ this pass — the Figma seat's burst budget went to the six nodes named in this file's header, and the web-app boards did not change on 2026-09-10, so the prior verdict stands rather than being re-guessed. Carried: MEASURED ON THE NODE, first verdict. 375x812 board. TITLE SAYS 1440 AND THE FRAME MEASURES 375 - read the width, not the name. Content column Frame 1216 346x883 = Frame 6 346x96, Frame 11 346x94, Chart view - Area 346x412, Frame 444 346x257; Header-mobile 375x48, Bottom-navigation-mobile 375x54; Frame 446 375x490. THIS IS THE EARLIER OF TWO PHONE LAYOUTS ON THE SAME PAGE: the column is 346 wide inside 375 (14.5 a side) with a 106-tall header, where the 9490 to 9803 series and 9770-133659 draw Frame 1341 full-bleed at 375 on itemSpacing 4, which is what MobileTradeShell ships (oracle 110 + 94 + 452 + 257 + 12 = 92 …(prior note continues in trade.json)	1440=partial 768=n-a 375=n-a @2026-09-14/wave41-trade
8558-134024	partial	src/pages/trade/Spot.tsx	/spot	NOT RE-READ this pass — the Figma seat's burst budget went to the six nodes named in this file's header, and the web-app boards did not change on 2026-09-10, so the prior verdict stands rather than being re-guessed. Carried: MEASURED ON THE NODE, first verdict. 1440x900 board; main 1382x1429 at (58,56) = Frame 443 764x672, Tool 8x29, Order book 277x674, Frame 444 1366x273, Frame 445 313x672; Header-desktop 1440x56, sidebar 58x844, Frame 7 1382x16. The same page layer as 7710-91527, which spotTerminalChrome.figma.test.ts resolves to the number (inset 8, gutter 6, book 277, ticket 313, chart floor 544, row 672, band 273). Panels inside not re-measured this pass; SPOT_FRAME_FACTS_2026-09-01 holds the book, ticket header, market header and AI strip readings. | vverify: match | BASE /spot; full layout present …(prior note continues in trade.json)	1440=partial 768=n-a 375=n-a @2026-09-14/wave41-trade
8566-141675	partial	src/pages/trade/Spot.tsx	/spot	NOT RE-READ this pass — the Figma seat's burst budget went to the six nodes named in this file's header, and the web-app boards did not change on 2026-09-10, so the prior verdict stands rather than being re-guessed. Carried: MEASURED ON THE NODE from the Trade 1 page tree, first verdict. 768x1230 board. TITLE SAYS 1440 AND THE FRAME MEASURES 768 - read the width, not the name. main 708x987 at (30,76) = Group 1 708x987; Header-tablet 768x52, Bottom-navigation-tablet 768x52. The page layer is the one spotTerminalChrome.figma.test.ts already resolves for 9002-157018 (58 + 52 + 584 + 269 + 3x8 = 987) and MobileTradeShell draws it; the bar Frame 1217 730x66 with two 353x50 CTAs was measured and fixed on 9135-85233. …(prior note continues in trade.json)	1440=partial 768=n-a 375=n-a @2026-09-14/wave41-trade
8687-99711	partial	src/pages/trade/Spot.tsx	/spot	NOT RE-READ this pass — the Figma seat's burst budget went to the six nodes named in this file's header, and the web-app boards did not change on 2026-09-10, so the prior verdict stands rather than being re-guessed. Carried: MEASURED ON THE NODE, first verdict. 1440x900 board; main 1382x1429 at (58,56) = Frame 443 764x672, Tool 8x29, Order book 277x674, Frame 444 1366x273, Frame 445 313x672; Header-desktop 1440x56, sidebar 58x844, Frame 7 1382x16. The same page layer as 7710-91527, which spotTerminalChrome.figma.test.ts resolves to the number (inset 8, gutter 6, book 277, ticket 313, chart floor 544, row 672, band 273). Panels inside not re-measured this pass; SPOT_FRAME_FACTS_2026-09-01 holds the book, ticket header, market header and AI strip readings. …(prior note continues in trade.json)	1440=partial 768=n-a 375=n-a @2026-09-14/wave41-trade
8833-72738	partial	src/pages/trade/Spot.tsx	/spot	NOT RE-READ this pass — the Figma seat's burst budget went to the six nodes named in this file's header, and the web-app boards did not change on 2026-09-10, so the prior verdict stands rather than being re-guessed. Carried: MEASURED ON THE NODE, first verdict. 375x812 board. Content column Frame 1218 346x1061 = Frame 6 346x106, Frame 11 346x94, Frame 1220 346x580, Frame 444 346x257; Header-mobile 375x48, Bottom-navigation-mobile 375x54; Frame 446 375x554. THIS IS THE EARLIER OF TWO PHONE LAYOUTS ON THE SAME PAGE: the column is 346 wide inside 375 (14.5 a side) with a 106-tall header, where the 9490 to 9803 series and 9770-133659 draw Frame 1341 full-bleed at 375 on itemSpacing 4, which is what MobileTradeShell ships (oracle 110 + 94 + 452 + 257 + 12 = 925). Card group 346x456 where present is the order-book and trades pair; …(prior note continues in trade.json)	1440=n-a 768=n-a 375=partial @2026-09-14/wave41-trade
8828-62440	partial	src/pages/trade/Spot.tsx	/spot	NOT RE-READ this pass — the Figma seat's burst budget went to the six nodes named in this file's header, and the web-app boards did not change on 2026-09-10, so the prior verdict stands rather than being re-guessed. Carried: MEASURED ON THE NODE, first verdict. 375x812 board. Content column Frame 1218 346x1061 = Frame 6 346x106, Frame 11 346x94, Frame 1220 346x580, Frame 444 346x257; Header-mobile 375x48, Bottom-navigation-mobile 375x54; bar Frame 1217 360x56 with CTAs 168x40/168x40. THIS IS THE EARLIER OF TWO PHONE LAYOUTS ON THE SAME PAGE: the column is 346 wide inside 375 (14.5 a side) with a 106-tall header, where the 9490 to 9803 series and 9770-133659 draw Frame 1341 full-bleed at 375 on itemSpacing 4, which is what MobileTradeShell ships (oracle 110 + 94 + 452 + 257 + 12 = 925). …(prior note continues in trade.json)	1440=n-a 768=n-a 375=partial @2026-09-14/wave41-trade
9490-145643	partial	src/pages/trade/Spot.tsx	/spot	NOT RE-READ this pass — the Figma seat's burst budget went to the six nodes named in this file's header, and the web-app boards did not change on 2026-09-10, so the prior verdict stands rather than being re-guessed. Carried: MEASURED ON THE NODE, first verdict. 375x1276 board. Frame 6 375x224 [Frame 1222 343x36, Frame 1 343x30, Frame 11 343x94]; Frame 1220 375x473 [Frame 299 375x36, TradingView 375x437]; Frame 444 375x257; Header-mobile 375x48, Bottom-navigation-mobile 375x54, bar Frame 1217 360x56 (2x168x40, measured and fixed on 9801-112095). The full-bleed 375 stack on itemSpacing 4 that MobileTradeShell draws and spotTerminalChrome.figma.test.ts resolves (925 = 110 + 94 + 452 + 257 + 12). Panel internals not measured this pass; what this frame adds over 9770-133659 is named in the family note beside it. …(prior note continues in trade.json)	1440=n-a 768=n-a 375=partial @2026-09-14/wave41-trade
9490-147063	partial	src/pages/trade/Spot.tsx	/spot	NOT RE-READ this pass — the Figma seat's burst budget went to the six nodes named in this file's header, and the web-app boards did not change on 2026-09-10, so the prior verdict stands rather than being re-guessed. Carried: MEASURED ON THE NODE, first verdict. 375x1276 board. Frame 6 375x110 [Frame 1222 343x36, Frame 1 343x30]; Frame 1220 375x473 [Frame 299 375x36, TradingView 375x437]; Frame 444 375x257; Frame 11 375x94 [Ellipse 24 438x439, Frame 1 343x70, Line 1 375x0]; Header-mobile 375x48, Bottom-navigation-mobile 375x54, bar Frame 1217 360x56 (2x168x40, measured and fixed on 9801-112095). The full-bleed 375 stack on itemSpacing 4 that MobileTradeShell draws and spotTerminalChrome.figma.test.ts resolves (925 = 110 + 94 + 452 + 257 + 12). Panel internals not measured this pass; …(prior note continues in trade.json)	1440=n-a 768=n-a 375=partial @2026-09-14/wave41-trade
9490-148310	partial	src/pages/trade/Spot.tsx	/spot	NOT RE-READ this pass — the Figma seat's burst budget went to the six nodes named in this file's header, and the web-app boards did not change on 2026-09-10, so the prior verdict stands rather than being re-guessed. Carried: MEASURED ON THE NODE, first verdict. 375x1105 board. Frame 6 375x94 [Frame 1222 343x24, Frame 1 343x30]; Frame 1220 375x473 [Frame 299 375x36, TradingView 375x437]; Frame 444 375x384; Frame 11 375x94 [Ellipse 24 438x439, Frame 1 343x70, Line 1 375x0]; Header-mobile 375x48, Bottom-navigation-mobile 375x54, bar Frame 1217 360x56 (2x168x40, measured and fixed on 9801-112095). The full-bleed 375 stack on itemSpacing 4 that MobileTradeShell draws and spotTerminalChrome.figma.test.ts resolves (925 = 110 + 94 + 452 + 257 + 12). Panel internals not measured this pass; …(prior note continues in trade.json)	1440=n-a 768=n-a 375=partial @2026-09-14/wave41-trade
9490-149563	partial	src/pages/trade/Spot.tsx	/spot	NOT RE-READ this pass — the Figma seat's burst budget went to the six nodes named in this file's header, and the web-app boards did not change on 2026-09-10, so the prior verdict stands rather than being re-guessed. Carried: MEASURED ON THE NODE, first verdict. 375x1108 board. Frame 1341 375x926; Header-mobile 375x48, Bottom-navigation-mobile 375x54, bar Frame 1217 360x56 (2x168x40, measured and fixed on 9801-112095). The full-bleed 375 stack on itemSpacing 4 that MobileTradeShell draws and spotTerminalChrome.figma.test.ts resolves (925 = 110 + 94 + 452 + 257 + 12). Panel internals not measured this pass; what this frame adds over 9770-133659 is named in the family note beside it. Frame 1341 375x926. | vverify: match | Spot mobile 375 composite with the price cell promoted next to the pair. MarketHeader renders that arrangement.	1440=n-a 768=n-a 375=partial @2026-09-14/wave41-trade
9500-151115	partial	src/pages/trade/Spot.tsx	/spot	NOT RE-READ this pass — the Figma seat's burst budget went to the six nodes named in this file's header, and the web-app boards did not change on 2026-09-10, so the prior verdict stands rather than being re-guessed. Carried: MEASURED ON THE NODE, first verdict. 375x1107 board. Frame 1341 375x925; Header-mobile 375x48, Bottom-navigation-mobile 375x54, bar Frame 1217 360x56 (2x168x40, measured and fixed on 9801-112095). The full-bleed 375 stack on itemSpacing 4 that MobileTradeShell draws and spotTerminalChrome.figma.test.ts resolves (925 = 110 + 94 + 452 + 257 + 12). Panel internals not measured this pass; what this frame adds over 9770-133659 is named in the family note beside it. Frame 1341 375x925. | vverify: match | Spot mobile 375 composite, chart + positions + bar. No element outside the shipped shell.	1440=n-a 768=n-a 375=partial @2026-09-14/wave41-trade
9770-133659	partial	src/pages/trade/Spot.tsx	/spot	NOT RE-READ this pass — the Figma seat's burst budget went to the six nodes named in this file's header, and the web-app boards did not change on 2026-09-10, so the prior verdict stands rather than being re-guessed. Carried: CARRIED from wave 30 (Frame 1341 375x925 on itemSpacing 4, the oracle's 110 + 94 + 452 + 257 + 12). ADDED from the page read: this is the later of TWO phone layouts on the page - twenty-one 8xxx-series boards (8626 to 8941) draw a 346-wide inset column instead, with a 106-tall header, a 580 chart section and a 360x56 bar; the 9490-9803 series and this frame draw full-bleed 375. The app ships this one. Which governs is a decision only Casey can make; the 8xxx rows name it. …(prior note continues in trade.json)	1440=n-a 768=n-a 375=partial @2026-09-14/wave41-trade
9772-78152	partial	src/pages/trade/Spot.tsx	/spot	NOT RE-READ this pass — the Figma seat's burst budget went to the six nodes named in this file's header, and the web-app boards did not change on 2026-09-10, so the prior verdict stands rather than being re-guessed. Carried: MEASURED ON THE NODE, first verdict. 375x812 board. Frame 1341 375x925; Header-mobile 375x48, Bottom-navigation-mobile 375x54, bar Frame 1217 360x56 (2x168x40, measured and fixed on 9801-112095). The full-bleed 375 stack on itemSpacing 4 that MobileTradeShell draws and spotTerminalChrome.figma.test.ts resolves (925 = 110 + 94 + 452 + 257 + 12). Panel internals not measured this pass; what this frame adds over 9770-133659 is named in the family note beside it. Frame 1341 375x925, the plain board. …(prior note continues in trade.json)	1440=n-a 768=n-a 375=partial @2026-09-14/wave41-trade
9500-163410	partial	src/pages/trade/Spot.tsx	/spot	NOT RE-READ this pass — the Figma seat's burst budget went to the six nodes named in this file's header, and the web-app boards did not change on 2026-09-10, so the prior verdict stands rather than being re-guessed. Carried: MEASURED ON THE NODE, first verdict. 375x812 board. Frame 1341 375x926; Header-mobile 375x48, Bottom-navigation-mobile 375x54, bar Frame 1217 360x56 (2x168x40, measured and fixed on 9801-112095). The full-bleed 375 stack on itemSpacing 4 that MobileTradeShell draws and spotTerminalChrome.figma.test.ts resolves (925 = 110 + 94 + 452 + 257 + 12). Panel internals not measured this pass; what this frame adds over 9770-133659 is named in the family note beside it. Frame 1341 375x926. | vverify: match | Spot mobile 375, chart tab active with the Buy/Sell bar overlapping the chart footer. …(prior note continues in trade.json)	1440=n-a 768=n-a 375=partial @2026-09-14/wave41-trade
9500-164534	partial	src/pages/trade/Spot.tsx	/spot	NOT RE-READ this pass — the Figma seat's burst budget went to the six nodes named in this file's header, and the web-app boards did not change on 2026-09-10, so the prior verdict stands rather than being re-guessed. Carried: MEASURED ON THE NODE, first verdict. 375x812 board. Frame 1341 375x925; Header-mobile 375x48, Bottom-navigation-mobile 375x54, bar Frame 1217 360x56 (2x168x40, measured and fixed on 9801-112095). The full-bleed 375 stack on itemSpacing 4 that MobileTradeShell draws and spotTerminalChrome.figma.test.ts resolves (925 = 110 + 94 + 452 + 257 + 12). Panel internals not measured this pass; what this frame adds over 9770-133659 is named in the family note beside it. Frame 1341 375x925. | vverify: match | Spot mobile 375, same as 9500-163410 with the AI band expanded.	1440=n-a 768=n-a 375=partial @2026-09-14/wave41-trade
9500-165924	partial	src/pages/trade/Spot.tsx	/spot	NOT RE-READ this pass — the Figma seat's burst budget went to the six nodes named in this file's header, and the web-app boards did not change on 2026-09-10, so the prior verdict stands rather than being re-guessed. Carried: MEASURED ON THE NODE, first verdict. 375x812 board. Frame 1341 375x782; Header-mobile 375x48, Bottom-navigation-mobile 375x54, bar Frame 1217 360x56 (2x168x40, measured and fixed on 9801-112095). The full-bleed 375 stack on itemSpacing 4 that MobileTradeShell draws and spotTerminalChrome.figma.test.ts resolves (925 = 110 + 94 + 452 + 257 + 12). Panel internals not measured this pass; what this frame adds over 9770-133659 is named in the family note beside it. Frame 1341 375x782 - 143 shorter than 925: the chart section collapsed (PerpMarketHeader-style collapse measured on 9801-123930 removes 92; …(prior note continues in trade.json)	1440=n-a 768=n-a 375=partial @2026-09-14/wave41-trade
9500-167048	partial	src/pages/trade/Spot.tsx	/spot	NOT RE-READ this pass — the Figma seat's burst budget went to the six nodes named in this file's header, and the web-app boards did not change on 2026-09-10, so the prior verdict stands rather than being re-guessed. Carried: MEASURED ON THE NODE, first verdict. 375x812 board. Frame 1341 375x781; Header-mobile 375x48, Bottom-navigation-mobile 375x54, bar Frame 1217 360x56 (2x168x40, measured and fixed on 9801-112095). The full-bleed 375 stack on itemSpacing 4 that MobileTradeShell draws and spotTerminalChrome.figma.test.ts resolves (925 = 110 + 94 + 452 + 257 + 12). Panel internals not measured this pass; what this frame adds over 9770-133659 is named in the family note beside it. Frame 1341 375x781 - the chart-collapsed twin of 9500-165924. | vverify: match | Spot mobile 375, collapsed header + positions strip + bar.	1440=n-a 768=n-a 375=partial @2026-09-14/wave41-trade
8941-78943	partial	src/pages/trade/Spot.tsx	/spot	NOT RE-READ this pass — the Figma seat's burst budget went to the six nodes named in this file's header, and the web-app boards did not change on 2026-09-10, so the prior verdict stands rather than being re-guessed. Carried: MEASURED ON THE NODE, first verdict. 375x812 board. Content column Frame 1218 346x1061 = Frame 6 346x106, Frame 11 346x94, Frame 1220 346x580, Frame 444 346x257; Header-mobile 375x48, Bottom-navigation-mobile 375x54; Frame 446 375x578. THIS IS THE EARLIER OF TWO PHONE LAYOUTS ON THE SAME PAGE: the column is 346 wide inside 375 (14.5 a side) with a 106-tall header, where the 9490 to 9803 series and 9770-133659 draw Frame 1341 full-bleed at 375 on itemSpacing 4, which is what MobileTradeShell ships (oracle 110 + 94 + 452 + 257 + 12 = 925). Card group 346x456 where present is the order-book and trades pair; …(prior note continues in trade.json)	1440=n-a 768=n-a 375=partial @2026-09-14/wave41-trade
8650-94501	partial	src/pages/trade/Spot.tsx	/spot	NOT RE-READ this pass — the Figma seat's burst budget went to the six nodes named in this file's header, and the web-app boards did not change on 2026-09-10, so the prior verdict stands rather than being re-guessed. Carried: MEASURED ON THE NODE, first verdict. 375x1030 board. Content column Frame 1216 346x891 = Frame 6 346x60, Frame 11 346x94, card group 346x456, Frame 444 346x257; Header-mobile 375x48, Bottom-navigation-mobile 375x54. THIS IS THE EARLIER OF TWO PHONE LAYOUTS ON THE SAME PAGE: the column is 346 wide inside 375 (14.5 a side) with a 106-tall header, where the 9490 to 9803 series and 9770-133659 draw Frame 1341 full-bleed at 375 on itemSpacing 4, which is what MobileTradeShell ships (oracle 110 + 94 + 452 + 257 + 12 = 925). Card group 346x456 where present is the order-book and trades pair; Chart view …(prior note continues in trade.json)	1440=n-a 768=n-a 375=partial @2026-09-14/wave41-trade
8684-166194	partial	src/pages/trade/Spot.tsx	/spot	NOT RE-READ this pass — the Figma seat's burst budget went to the six nodes named in this file's header, and the web-app boards did not change on 2026-09-10, so the prior verdict stands rather than being re-guessed. Carried: MEASURED ON THE NODE, first verdict. 375x1030 board. Content column Frame 1216 346x891 = Frame 6 346x60, Frame 11 346x94, card group 346x456, Frame 444 346x257; Header-mobile 375x48, Bottom-navigation-mobile 375x54. THIS IS THE EARLIER OF TWO PHONE LAYOUTS ON THE SAME PAGE: the column is 346 wide inside 375 (14.5 a side) with a 106-tall header, where the 9490 to 9803 series and 9770-133659 draw Frame 1341 full-bleed at 375 on itemSpacing 4, which is what MobileTradeShell ships (oracle 110 + 94 + 452 + 257 + 12 = 925). Card group 346x456 where present is the order-book and trades pair; Chart view …(prior note continues in trade.json)	1440=n-a 768=n-a 375=partial @2026-09-14/wave41-trade
8833-69806	partial	src/pages/trade/Spot.tsx	/spot	NOT RE-READ this pass — the Figma seat's burst budget went to the six nodes named in this file's header, and the web-app boards did not change on 2026-09-10, so the prior verdict stands rather than being re-guessed. Carried: MEASURED ON THE NODE, first verdict. 375x812 board. Content column Frame 1218 346x1061 = Frame 6 346x106, Frame 11 346x94, Frame 1220 346x580, Frame 444 346x257; Header-mobile 375x48, Bottom-navigation-mobile 375x54; bar Frame 1217 360x56 with CTAs 168x40/168x40. THIS IS THE EARLIER OF TWO PHONE LAYOUTS ON THE SAME PAGE: the column is 346 wide inside 375 (14.5 a side) with a 106-tall header, where the 9490 to 9803 series and 9770-133659 draw Frame 1341 full-bleed at 375 on itemSpacing 4, which is what MobileTradeShell ships (oracle 110 + 94 + 452 + 257 + 12 = 925). …(prior note continues in trade.json)	1440=n-a 768=n-a 375=partial @2026-09-14/wave41-trade
8828-63922	partial	src/pages/trade/Spot.tsx	/spot	NOT RE-READ this pass — the Figma seat's burst budget went to the six nodes named in this file's header, and the web-app boards did not change on 2026-09-10, so the prior verdict stands rather than being re-guessed. Carried: MEASURED ON THE NODE, first verdict. 375x1270 board. Content column Frame 1218 346x1061 = Frame 6 346x106, Frame 11 346x94, Frame 1219 346x580, Frame 444 346x257; Header-mobile 375x48, Bottom-navigation-mobile 375x54; bar Frame 1217 360x56 with CTAs 168x40/168x40. THIS IS THE EARLIER OF TWO PHONE LAYOUTS ON THE SAME PAGE: the column is 346 wide inside 375 (14.5 a side) with a 106-tall header, where the 9490 to 9803 series and 9770-133659 draw Frame 1341 full-bleed at 375 on itemSpacing 4, which is what MobileTradeShell ships (oracle 110 + 94 + 452 + 257 + 12 = 925). …(prior note continues in trade.json)	1440=n-a 768=n-a 375=partial @2026-09-14/wave41-trade
8650-94724	partial	src/pages/trade/Spot.tsx	/spot	NOT RE-READ this pass — the Figma seat's burst budget went to the six nodes named in this file's header, and the web-app boards did not change on 2026-09-10, so the prior verdict stands rather than being re-guessed. Carried: MEASURED ON THE NODE, first verdict. 375x812 board. Content column Frame 1218 346x937 = Frame 6 346x106, Frame 11 346x94, card group 346x456, Frame 444 346x257; Header-mobile 375x48, Bottom-navigation-mobile 375x54; bar Frame 1217 360x56 with CTAs 168x40/168x40. THIS IS THE EARLIER OF TWO PHONE LAYOUTS ON THE SAME PAGE: the column is 346 wide inside 375 (14.5 a side) with a 106-tall header, where the 9490 to 9803 series and 9770-133659 draw Frame 1341 full-bleed at 375 on itemSpacing 4, which is what MobileTradeShell ships (oracle 110 + 94 + 452 + 257 + 12 = 925). …(prior note continues in trade.json)	1440=n-a 768=n-a 375=partial @2026-09-14/wave41-trade
8931-65660	partial	src/pages/trade/Spot.tsx	/spot	NOT RE-READ this pass — the Figma seat's burst budget went to the six nodes named in this file's header, and the web-app boards did not change on 2026-09-10, so the prior verdict stands rather than being re-guessed. Carried: MEASURED ON THE NODE, first verdict. 375x1870 board. Content column Frame 1218 346x1656 = Frame 6 346x106, Frame 11 346x94, Frame 1219 346x580, Frame 444 346x257, Frame 267 346x368, Frame 346 346x211; Header-mobile 375x48, Bottom-navigation-mobile 375x54; bar Frame 1217 360x56 with CTAs 168x40/168x40. THIS IS THE EARLIER OF TWO PHONE LAYOUTS ON THE SAME PAGE: the column is 346 wide inside 375 (14.5 a side) with a 106-tall header, where the 9490 to 9803 series and 9770-133659 draw Frame 1341 full-bleed at 375 on itemSpacing 4, which is what MobileTradeShell ships (oracle 110 + 94 + 452 + 257 + 12 = 925). …(prior note continues in trade.json)	1440=n-a 768=n-a 375=partial @2026-09-14/wave41-trade
8684-166395	partial	src/pages/trade/Spot.tsx	/spot	NOT RE-READ this pass — the Figma seat's burst budget went to the six nodes named in this file's header, and the web-app boards did not change on 2026-09-10, so the prior verdict stands rather than being re-guessed. Carried: MEASURED ON THE NODE, first verdict. 375x812 board. Content column Frame 1218 346x937 = Frame 6 346x106, Frame 11 346x94, card group 346x456, Frame 444 346x257; Header-mobile 375x48, Bottom-navigation-mobile 375x54; bar Frame 1217 360x56 with CTAs 168x40/168x40. THIS IS THE EARLIER OF TWO PHONE LAYOUTS ON THE SAME PAGE: the column is 346 wide inside 375 (14.5 a side) with a 106-tall header, where the 9490 to 9803 series and 9770-133659 draw Frame 1341 full-bleed at 375 on itemSpacing 4, which is what MobileTradeShell ships (oracle 110 + 94 + 452 + 257 + 12 = 925). …(prior note continues in trade.json)	1440=n-a 768=n-a 375=partial @2026-09-14/wave41-trade
8687-102751	partial	src/pages/trade/Spot.tsx	/spot	NOT RE-READ this pass — the Figma seat's burst budget went to the six nodes named in this file's header, and the web-app boards did not change on 2026-09-10, so the prior verdict stands rather than being re-guessed. Carried: MEASURED ON THE NODE, first verdict. 375x812 board. Content column Frame 1218 346x937 = Frame 6 346x106, Frame 11 346x94, card group 346x456, Frame 444 346x257; Header-mobile 375x48, Bottom-navigation-mobile 375x54; bar Frame 1217 360x56 with CTAs 168x40/168x40. THIS IS THE EARLIER OF TWO PHONE LAYOUTS ON THE SAME PAGE: the column is 346 wide inside 375 (14.5 a side) with a 106-tall header, where the 9490 to 9803 series and 9770-133659 draw Frame 1341 full-bleed at 375 on itemSpacing 4, which is what MobileTradeShell ships (oracle 110 + 94 + 452 + 257 + 12 = 925). …(prior note continues in trade.json)	1440=n-a 768=n-a 375=partial @2026-09-14/wave41-trade
8666-109490	partial	src/pages/trade/Spot.tsx	/trade/spot	NOT RE-READ this pass — the Figma seat's burst budget went to the six nodes named in this file's header, and the web-app boards did not change on 2026-09-10, so the prior verdict stands rather than being re-guessed. Carried: PAGE: Trade 1 (3:3), v1-superseded, and NO PRIOR ROW EXISTS for this frame in any wave. It is the source frame for the PRICED quick-trade bar, which had never been measured at more than one width. MEASURED: Frame 1217 8666:109461 360x56 at (7,690) HORIZONTAL CENTER pad 8 gap 8 r16, fill #001615 at 0.60, stroke #123F3C 1px CENTER-aligned, BACKGROUND_BLUR radius 20 = 10px CSS. Three CTA/buttons r12: Buy 104x40 at x=8, size stepper 8666:109468 120x40 at x=120, Sell 104x40 at x=248 - and 8+104+8+120+8+104+8 = 360 closes it. …(prior note continues in trade.json)	1440=n-a 768=n-a 375=partial @2026-09-14/wave41-trade
8684-162077	partial	src/pages/trade/Spot.tsx	/spot	NOT RE-READ this pass — the Figma seat's burst budget went to the six nodes named in this file's header, and the web-app boards did not change on 2026-09-10, so the prior verdict stands rather than being re-guessed. Carried: MEASURED ON THE NODE, first verdict. 375x812 board. Content column Frame 1218 346x949 = Frame 446 346x56, Frame 6 346x54, Frame 11 346x94, card group 346x456, Frame 444 346x257; Header-mobile 375x48, Bottom-navigation-mobile 375x54; bar Frame 1217 360x56 with CTAs 104x40/120x40/104x40. THIS IS THE EARLIER OF TWO PHONE LAYOUTS ON THE SAME PAGE: the column is 346 wide inside 375 (14.5 a side) with a 106-tall header, where the 9490 to 9803 series and 9770-133659 draw Frame 1341 full-bleed at 375 on itemSpacing 4, which is what MobileTradeShell ships (oracle 110 + 94 + 452 + 257 + 12 = 925). …(prior note continues in trade.json)	1440=n-a 768=n-a 375=partial @2026-09-14/wave41-trade
8684-162456	partial	src/pages/trade/Spot.tsx	/spot	NOT RE-READ this pass — the Figma seat's burst budget went to the six nodes named in this file's header, and the web-app boards did not change on 2026-09-10, so the prior verdict stands rather than being re-guessed. Carried: MEASURED ON THE NODE, first verdict. 375x812 board. Content column Frame 1226 346x804 = Frame 446 346x56, Frame 6 346x54, Frame 1224 346x678; Header-mobile 375x48, Bottom-navigation-mobile 375x54. THIS IS THE EARLIER OF TWO PHONE LAYOUTS ON THE SAME PAGE: the column is 346 wide inside 375 (14.5 a side) with a 106-tall header, where the 9490 to 9803 series and 9770-133659 draw Frame 1341 full-bleed at 375 on itemSpacing 4, which is what MobileTradeShell ships (oracle 110 + 94 + 452 + 257 + 12 = 925). Card group 346x456 where present is the order-book and trades pair; Chart view - Area 346x412 is the area chart; …(prior note continues in trade.json)	1440=n-a 768=n-a 375=partial @2026-09-14/wave41-trade
9553-131170	partial	src/pages/trade/Spot.tsx	/spot	NOT RE-READ this pass — the Figma seat's burst budget went to the six nodes named in this file's header, and the web-app boards did not change on 2026-09-10, so the prior verdict stands rather than being re-guessed. Carried: MEASURED ON THE NODE, first verdict. 375x812 board. Frame 1341 375x424; Instant trade 375x336; Header-mobile 375x48, Bottom-navigation-mobile 375x54, bar Frame 1217 360x56 (2x168x40, measured and fixed on 9801-112095). The full-bleed 375 stack on itemSpacing 4 that MobileTradeShell draws and spotTerminalChrome.figma.test.ts resolves (925 = 110 + 94 + 452 + 257 + 12). Panel internals not measured this pass; what this frame adds over 9770-133659 is named in the family note beside it. Instant trade 375x336 docked under Frame 1341 375x424 (header + chart only). The sheet is 9553-132827 - see that row; …(prior note continues in trade.json)	1440=n-a 768=n-a 375=partial @2026-09-14/wave41-trade
9553-133106	partial	src/pages/trade/Spot.tsx	/spot	NOT RE-READ this pass — the Figma seat's burst budget went to the six nodes named in this file's header, and the web-app boards did not change on 2026-09-10, so the prior verdict stands rather than being re-guessed. Carried: MEASURED ON THE NODE, first verdict. 375x812 board. Frame 1341 375x490; Instant trade 375x270; Header-mobile 375x48, Bottom-navigation-mobile 375x54, bar Frame 1217 360x56 (2x168x40, measured and fixed on 9801-112095). The full-bleed 375 stack on itemSpacing 4 that MobileTradeShell draws and spotTerminalChrome.figma.test.ts resolves (925 = 110 + 94 + 452 + 257 + 12). Panel internals not measured this pass; what this frame adds over 9770-133659 is named in the family note beside it. Instant trade 375x270 docked under Frame 1341 375x490. See 9553-132827. | vverify: partial | NOT Spot. …(prior note continues in trade.json)	1440=n-a 768=n-a 375=partial @2026-09-14/wave41-trade
9777-104193	partial	src/pages/trade/Spot.tsx	/spot	NOT RE-READ this pass — the Figma seat's burst budget went to the six nodes named in this file's header, and the web-app boards did not change on 2026-09-10, so the prior verdict stands rather than being re-guessed. Carried: MEASURED ON THE NODE, first verdict. 375x812 board. Frame 1341 375x879; Header-mobile 375x48, Bottom-navigation-mobile 375x54, bar Frame 1217 360x56 (2x168x40, measured and fixed on 9801-112095). The full-bleed 375 stack on itemSpacing 4 that MobileTradeShell draws and spotTerminalChrome.figma.test.ts resolves (925 = 110 + 94 + 452 + 257 + 12). Panel internals not measured this pass; what this frame adds over 9770-133659 is named in the family note beside it. Frame 1341 375x879 = 925 - 46: the price header collapsed, the spot twin of perps 9801-123930. …(prior note continues in trade.json)	1440=n-a 768=n-a 375=partial @2026-09-14/wave41-trade
8650-44853	partial	src/pages/trade/Spot.tsx	/spot	NOT RE-READ this pass — the Figma seat's burst budget went to the six nodes named in this file's header, and the web-app boards did not change on 2026-09-10, so the prior verdict stands rather than being re-guessed. Carried: MEASURED ON THE NODE from the Trade 1 page tree, first verdict. 768x1024 board. main 708x989 at (30,76) = Frame 6 708x58, Frame 11 708x52, Frame 1219 708x584, Frame 444 708x271, Tool 8x29; Header-tablet 768x52, Bottom-navigation-tablet 768x52; Frame 1217 730x66. The page layer is the one spotTerminalChrome.figma.test.ts already resolves for 9002-157018 (58 + 52 + 584 + 269 + 3x8 = 987) and MobileTradeShell draws it; the bar Frame 1217 730x66 with two 353x50 CTAs was measured and fixed on 9135-85233. …(prior note continues in trade.json)	1440=n-a 768=partial 375=n-a @2026-09-14/wave41-trade
8822-65362	partial	src/pages/trade/Spot.tsx	/spot	NOT RE-READ this pass — the Figma seat's burst budget went to the six nodes named in this file's header, and the web-app boards did not change on 2026-09-10, so the prior verdict stands rather than being re-guessed. Carried: MEASURED ON THE NODE from the Trade 1 page tree, first verdict. 768x1024 board. main 708x989 at (30,76) = Frame 6 708x58, Frame 11 708x52, Frame 1219 708x584, Frame 444 708x271, Tool 8x29; Header-tablet 768x52, Bottom-navigation-tablet 768x52; Frame 1217 730x66. The page layer is the one spotTerminalChrome.figma.test.ts already resolves for 9002-157018 (58 + 52 + 584 + 269 + 3x8 = 987) and MobileTradeShell draws it; the bar Frame 1217 730x66 with two 353x50 CTAs was measured and fixed on 9135-85233. …(prior note continues in trade.json)	1440=n-a 768=partial 375=n-a @2026-09-14/wave41-trade
8833-71578	partial	src/pages/trade/Spot.tsx	/spot	NOT RE-READ this pass — the Figma seat's burst budget went to the six nodes named in this file's header, and the web-app boards did not change on 2026-09-10, so the prior verdict stands rather than being re-guessed. Carried: MEASURED ON THE NODE from the Trade 1 page tree, first verdict. 768x1024 board. main 708x989 at (30,76) = Frame 6 708x58, Frame 11 708x52, Frame 1219 708x584, Frame 444 708x271, Tool 8x29; Header-tablet 768x52, Bottom-navigation-tablet 768x52; Frame 446 730x618. The page layer is the one spotTerminalChrome.figma.test.ts already resolves for 9002-157018 (58 + 52 + 584 + 269 + 3x8 = 987) and MobileTradeShell draws it; the bar Frame 1217 730x66 with two 353x50 CTAs was measured and fixed on 9135-85233. …(prior note continues in trade.json)	1440=n-a 768=partial 375=n-a @2026-09-14/wave41-trade
8941-77699	partial	src/pages/trade/Spot.tsx	/spot	NOT RE-READ this pass — the Figma seat's burst budget went to the six nodes named in this file's header, and the web-app boards did not change on 2026-09-10, so the prior verdict stands rather than being re-guessed. Carried: MEASURED ON THE NODE from the Trade 1 page tree, first verdict. 768x1024 board. main 708x989 at (30,76) = Frame 6 708x58, Frame 11 708x52, Frame 1219 708x584, Frame 444 708x271, Tool 8x29; Header-tablet 768x52, Bottom-navigation-tablet 768x52; Frame 446 730x618. The page layer is the one spotTerminalChrome.figma.test.ts already resolves for 9002-157018 (58 + 52 + 584 + 269 + 3x8 = 987) and MobileTradeShell draws it; the bar Frame 1217 730x66 with two 353x50 CTAs was measured and fixed on 9135-85233. …(prior note continues in trade.json)	1440=n-a 768=partial 375=n-a @2026-09-14/wave41-trade
8837-63445	partial	src/pages/trade/Spot.tsx	/spot	NOT RE-READ this pass — the Figma seat's burst budget went to the six nodes named in this file's header, and the web-app boards did not change on 2026-09-10, so the prior verdict stands rather than being re-guessed. Carried: MEASURED ON THE NODE from the Trade 1 page tree, first verdict. 768x1210 board. main 708x1045 at (30,76) = Frame 6 708x58, Frame 11 708x52, Frame 1220 708x640, Frame 444 708x271; Header-tablet 768x52, Bottom-navigation-tablet 768x52. The page layer is the one spotTerminalChrome.figma.test.ts already resolves for 9002-157018 (58 + 52 + 584 + 269 + 3x8 = 987) and MobileTradeShell draws it; the bar Frame 1217 730x66 with two 353x50 CTAs was measured and fixed on 9135-85233. …(prior note continues in trade.json)	1440=n-a 768=partial 375=n-a @2026-09-14/wave41-trade
8846-63794	partial	src/pages/trade/Spot.tsx	/spot	NOT RE-READ this pass — the Figma seat's burst budget went to the six nodes named in this file's header, and the web-app boards did not change on 2026-09-10, so the prior verdict stands rather than being re-guessed. Carried: MEASURED ON THE NODE from the Trade 1 page tree, first verdict. 768x1230 board. main 708x1065 at (30,76) = Frame 6 708x58, Frame 11 708x52, Frame 1220 708x660, Frame 444 708x271; Header-tablet 768x52, Bottom-navigation-tablet 768x52. The page layer is the one spotTerminalChrome.figma.test.ts already resolves for 9002-157018 (58 + 52 + 584 + 269 + 3x8 = 987) and MobileTradeShell draws it; the bar Frame 1217 730x66 with two 353x50 CTAs was measured and fixed on 9135-85233. …(prior note continues in trade.json)	1440=n-a 768=partial 375=n-a @2026-09-14/wave41-trade
8859-66157	partial	src/pages/trade/Spot.tsx	/spot	NOT RE-READ this pass — the Figma seat's burst budget went to the six nodes named in this file's header, and the web-app boards did not change on 2026-09-10, so the prior verdict stands rather than being re-guessed. Carried: MEASURED ON THE NODE from the Trade 1 page tree, first verdict. 768x1180 board. main 708x990 at (30,76) = Frame 6 708x58, Frame 11 708x52, Frame 1220 708x585, Frame 444 708x271; Header-tablet 768x52, Bottom-navigation-tablet 768x52. The page layer is the one spotTerminalChrome.figma.test.ts already resolves for 9002-157018 (58 + 52 + 584 + 269 + 3x8 = 987) and MobileTradeShell draws it; the bar Frame 1217 730x66 with two 353x50 CTAs was measured and fixed on 9135-85233. …(prior note continues in trade.json)	1440=n-a 768=partial 375=n-a @2026-09-14/wave41-trade
8833-68646	partial	src/pages/trade/Spot.tsx	/spot	NOT RE-READ this pass — the Figma seat's burst budget went to the six nodes named in this file's header, and the web-app boards did not change on 2026-09-10, so the prior verdict stands rather than being re-guessed. Carried: MEASURED ON THE NODE from the Trade 1 page tree, first verdict. 768x1024 board. main 708x989 at (30,76) = Frame 6 708x58, Frame 11 708x52, Frame 1219 708x584, Frame 444 708x271, Tool 8x29; Header-tablet 768x52, Bottom-navigation-tablet 768x52; Frame 1217 730x66; sidebar - open - agentic support 318x1024. The page layer is the one spotTerminalChrome.figma.test.ts already resolves for 9002-157018 (58 + 52 + 584 + 269 + 3x8 = 987) and MobileTradeShell draws it; the bar Frame 1217 730x66 with two 353x50 CTAs was measured and fixed on 9135-85233. …(prior note continues in trade.json)	1440=n-a 768=partial 375=n-a @2026-09-14/wave41-trade
8828-62762	partial	src/pages/trade/Spot.tsx	/spot	NOT RE-READ this pass — the Figma seat's burst budget went to the six nodes named in this file's header, and the web-app boards did not change on 2026-09-10, so the prior verdict stands rather than being re-guessed. Carried: MEASURED ON THE NODE from the Trade 1 page tree, first verdict. 768x1250 board. main 708x989 at (30,76) = Frame 6 708x58, Frame 11 708x52, Frame 1219 708x584, Frame 444 708x271, Tool 8x29; Header-tablet 768x52, Bottom-navigation-tablet 768x52; Frame 1217 730x66. The page layer is the one spotTerminalChrome.figma.test.ts already resolves for 9002-157018 (58 + 52 + 584 + 269 + 3x8 = 987) and MobileTradeShell draws it; the bar Frame 1217 730x66 with two 353x50 CTAs was measured and fixed on 9135-85233. …(prior note continues in trade.json)	1440=n-a 768=partial 375=n-a @2026-09-14/wave41-trade
8931-64499	partial	src/pages/trade/Spot.tsx	/spot	NOT RE-READ this pass — the Figma seat's burst budget went to the six nodes named in this file's header, and the web-app boards did not change on 2026-09-10, so the prior verdict stands rather than being re-guessed. Carried: MEASURED ON THE NODE from the Trade 1 page tree, first verdict. 768x1810 board. main 708x1552 at (30,76) = Frame 6 708x58, Frame 11 708x52, Frame 1219 708x584, Frame 444 708x271, Frame 267 708x336, Frame 346 708x211, Tool 8x29; Header-tablet 768x52, Bottom-navigation-tablet 768x52; Frame 1217 730x66. The page layer is the one spotTerminalChrome.figma.test.ts already resolves for 9002-157018 (58 + 52 + 584 + 269 + 3x8 = 987) and MobileTradeShell draws it; the bar Frame 1217 730x66 with two 353x50 CTAs was measured and fixed on 9135-85233. …(prior note continues in trade.json)	1440=n-a 768=partial 375=n-a @2026-09-14/wave41-trade
8684-163505	partial	src/pages/trade/Spot.tsx	/spot	NOT RE-READ this pass — the Figma seat's burst budget went to the six nodes named in this file's header, and the web-app boards did not change on 2026-09-10, so the prior verdict stands rather than being re-guessed. Carried: MEASURED ON THE NODE from the Trade 1 page tree, first verdict. 768x1024 board. main 708x989 at (30,76) = Frame 6 708x58, Frame 11 708x52, Frame 1219 708x584, Frame 444 708x271, Tool 8x29; Header-tablet 768x52, Bottom-navigation-tablet 768x52; Frame 1217 730x66. The page layer is the one spotTerminalChrome.figma.test.ts already resolves for 9002-157018 (58 + 52 + 584 + 269 + 3x8 = 987) and MobileTradeShell draws it; the bar Frame 1217 730x66 with two 353x50 CTAs was measured and fixed on 9135-85233. …(prior note continues in trade.json)	1440=n-a 768=partial 375=n-a @2026-09-14/wave41-trade
8687-101463	partial	src/pages/trade/Spot.tsx	/spot	NOT RE-READ this pass — the Figma seat's burst budget went to the six nodes named in this file's header, and the web-app boards did not change on 2026-09-10, so the prior verdict stands rather than being re-guessed. Carried: MEASURED ON THE NODE from the Trade 1 page tree, first verdict. 768x1024 board. main 708x989 at (30,76) = Frame 6 708x58, Frame 11 708x52, Frame 1219 708x584, Frame 444 708x271, Tool 8x29; Header-tablet 768x52, Bottom-navigation-tablet 768x52; Frame 1217 730x66. The page layer is the one spotTerminalChrome.figma.test.ts already resolves for 9002-157018 (58 + 52 + 584 + 269 + 3x8 = 987) and MobileTradeShell draws it; the bar Frame 1217 730x66 with two 353x50 CTAs was measured and fixed on 9135-85233. …(prior note continues in trade.json)	1440=n-a 768=partial 375=n-a @2026-09-14/wave41-trade
8684-167264	partial	src/pages/trade/Spot.tsx	/spot	NOT RE-READ this pass — the Figma seat's burst budget went to the six nodes named in this file's header, and the web-app boards did not change on 2026-09-10, so the prior verdict stands rather than being re-guessed. Carried: MEASURED ON THE NODE from the Trade 1 page tree, first verdict. 768x1140 board. main 708x989 at (30,76) = Frame 6 708x58, Frame 11 708x52, Frame 1219 708x584, Frame 444 708x271, Tool 8x29; Header-tablet 768x52, Bottom-navigation-tablet 768x52. The page layer is the one spotTerminalChrome.figma.test.ts already resolves for 9002-157018 (58 + 52 + 584 + 269 + 3x8 = 987) and MobileTradeShell draws it; the bar Frame 1217 730x66 with two 353x50 CTAs was measured and fixed on 9135-85233. …(prior note continues in trade.json)	1440=n-a 768=partial 375=n-a @2026-09-14/wave41-trade
8666-108146	partial	src/pages/trade/Spot.tsx	/trade/spot	NOT RE-READ this pass — the Figma seat's burst budget went to the six nodes named in this file's header, and the web-app boards did not change on 2026-09-10, so the prior verdict stands rather than being re-guessed. Carried: PAGE: Trade 1 (3:3), v1-superseded, and NO PRIOR ROW EXISTS. This is the frame the quick-trade bar was diverging from at every point. MEASURED: Frame 1217 8626:131296 730x66 at (19,874), same HORIZONTAL CENTER pad 8 gap 8 r16, same #001615 at 0.60 over #123F3C 1px and BACKGROUND_BLUR 20. Buy 249x50 at x=8, stepper 8634:161481 200x50 at x=265, Sell 249x50 at x=473, and 8+249+8+200+8+249+8 = 730. THREE divergences found and fixed in code this wave: the Buy and Sell buttons carried no md ramp at all, shipping h-10 and a 14/16 label where the frame draws 50 and Manrope Regular 14/18; …(prior note continues in trade.json)	1440=n-a 768=partial 375=n-a @2026-09-14/wave41-trade
9002-157018	partial	src/pages/trade/Spot.tsx	/spot	NOT RE-READ this pass — the Figma seat's burst budget went to the six nodes named in this file's header, and the web-app boards did not change on 2026-09-10, so the prior verdict stands rather than being re-guessed. Carried: CARRIED from wave 30 (main 708x987 at (30,76), Frame 444 708x269, the oracle's 987). ONE FACT ADDED from this pass's read of the whole page: thirteen later 768 boards in the 8650-8941 series draw main 708x989 with Frame 444 708x271 - the same 2px perps already states at 768 (md:min-h-[271px] in PerpTrading). Two frames of one page disagree by 2px on the band; the code follows this one. Recorded, not chased. | vverify: match | Tablet Buy/Sell sheet is the same MobileBuySellBar composition verified at 768 - bar present and sheet opens the wired ticket.	1440=n-a 768=partial 375=n-a @2026-09-14/wave41-trade
8846-64165	partial	src/pages/trade/Spot.tsx	/spot	NOT RE-READ this pass — the Figma seat's burst budget went to the six nodes named in this file's header, and the web-app boards did not change on 2026-09-10, so the prior verdict stands rather than being re-guessed. Carried: MEASURED ON THE NODE, first verdict. 375x1290 board. Content column Frame 1218 346x1137 = Frame 6 346x106, Frame 11 346x94, Frame 1220 346x656, Frame 444 346x257; Header-mobile 375x48, Bottom-navigation-mobile 375x54. THIS IS THE EARLIER OF TWO PHONE LAYOUTS ON THE SAME PAGE: the column is 346 wide inside 375 (14.5 a side) with a 106-tall header, where the 9490 to 9803 series and 9770-133659 draw Frame 1341 full-bleed at 375 on itemSpacing 4, which is what MobileTradeShell ships (oracle 110 + 94 + 452 + 257 + 12 = 925). Card group 346x456 where present is the order-book and trades pair; Chart view …(prior note continues in trade.json)	1440=n-a 768=n-a 375=partial @2026-09-14/wave41-trade
8936-38729	partial	src/pages/trade/Spot.tsx	/spot	NOT RE-READ this pass — the Figma seat's burst budget went to the six nodes named in this file's header, and the web-app boards did not change on 2026-09-10, so the prior verdict stands rather than being re-guessed. Carried: MEASURED ON THE NODE, first verdict. 375x1270 board. Content column Frame 1218 346x1070 = Frame 6 346x106, Frame 11 346x94, Frame 1220 346x589, Frame 444 346x257; Header-mobile 375x48, Bottom-navigation-mobile 375x54. THIS IS THE EARLIER OF TWO PHONE LAYOUTS ON THE SAME PAGE: the column is 346 wide inside 375 (14.5 a side) with a 106-tall header, where the 9490 to 9803 series and 9770-133659 draw Frame 1341 full-bleed at 375 on itemSpacing 4, which is what MobileTradeShell ships (oracle 110 + 94 + 452 + 257 + 12 = 925). Card group 346x456 where present is the order-book and trades pair; Chart view …(prior note continues in trade.json)	1440=n-a 768=n-a 375=partial @2026-09-14/wave41-trade
9780-145861	partial	src/pages/trade/Spot.tsx + src/components/trade/mobile/	/spot	NOT RE-READ this pass — the Figma seat's burst budget went to the six nodes named in this file's header, and the web-app boards did not change on 2026-09-10, so the prior verdict stands rather than being re-guessed. Carried: Skai > Trade > Spot chart tools collapsed | NO v2 counterpart on Trade2 - stays a parity target | 1 v1 frame(s) at 768 | status CARRIED from status.trade.tsv family "spot chart tools collapsed" - not measured by this lane | vverify: deferred | Tablet chart tools collapsed - same shared CandleChart.tsx lg-gated rail, out of lane.	1440=n-a 768=partial 375=n-a @2026-09-14/wave41-trade
9403-140971	partial	src/pages/trade/TrenchRedesign.tsx	/trench	NOT RE-READ this pass — the Figma seat's burst budget went to the six nodes named in this file's header, and the web-app boards did not change on 2026-09-10, so the prior verdict stands rather than being re-guessed. Carried: MEASURED ON THE NODE, first verdict; HAND-OFF to lane trench (src/components/trench-redesign/** draws it). 375x812 board. Frame 2 346x636 = Frame 450 346x32, Frame 405 346x36, nav 346x22, Frame 445 346x522; Trench scroller 1382x20, Bottom-navigation-mobile 375x54, Header-mobile 375x48, Trench scroller 375x22. Two Trench scrollers on one phone board: a 1382x20 desktop strip at the top (wider than the board - a paste, not a spec) and a 375x22 one at the bottom. Not edited from this lane. HAND-OFF: this frame is implemented in src/pages/trade/TrenchRedesign.tsx, which belongs to not in this lane's owns list and is off limits to this lane this pass — measured and written, not edited.	1440=n-a 768=n-a 375=partial @2026-09-14/wave41-trade
9419-149915	partial	src/pages/trade/TrenchRedesign.tsx	/trench	NOT RE-READ this pass — the Figma seat's burst budget went to the six nodes named in this file's header, and the web-app boards did not change on 2026-09-10, so the prior verdict stands rather than being re-guessed. Carried: MEASURED ON THE NODE, first verdict; HAND-OFF to lane trench (src/components/trench-redesign/** draws it). 375x812 board. Frame 2 346x106 = Frame 450 346x32, Frame 405 346x36, nav 346x22; Frame 445 375x538, Trench scroller 1382x20, Bottom-navigation-mobile 375x54, Header-mobile 375x48, Trench scroller 375x22. Two Trench scrollers on one phone board: a 1382x20 desktop strip at the top (wider than the board - a paste, not a spec) and a 375x22 one at the bottom. Not edited from this lane. HAND-OFF: this frame is implemented in src/pages/trade/TrenchRedesign.tsx, which belongs to not in this lane's owns list and is off limits to this lane this pass — measured and written, not edited.	1440=n-a 768=n-a 375=partial @2026-09-14/wave41-trade
9419-151234	partial	src/pages/trade/TrenchRedesign.tsx	/trench	NOT RE-READ this pass — the Figma seat's burst budget went to the six nodes named in this file's header, and the web-app boards did not change on 2026-09-10, so the prior verdict stands rather than being re-guessed. Carried: MEASURED ON THE NODE, first verdict; HAND-OFF to lane trench (src/components/trench-redesign/** draws it). 375x812 board. Frame 2 346x62 = Frame 450 346x32, nav 346x22; Frame 445 375x582, Trench scroller 1382x20, Bottom-navigation-mobile 375x54, Header-mobile 375x48, Trench scroller 375x22. Two Trench scrollers on one phone board: a 1382x20 desktop strip at the top (wider than the board - a paste, not a spec) and a 375x22 one at the bottom. Not edited from this lane. HAND-OFF: this frame is implemented in src/pages/trade/TrenchRedesign.tsx, which belongs to not in this lane's owns list and is off limits to this lane this pass — measured and written, not edited.	1440=n-a 768=n-a 375=partial @2026-09-14/wave41-trade
9403-142103	partial	src/pages/trade/TrenchRedesign.tsx	/trench	NOT RE-READ this pass — the Figma seat's burst budget went to the six nodes named in this file's header, and the web-app boards did not change on 2026-09-10, so the prior verdict stands rather than being re-guessed. Carried: MEASURED ON THE NODE, first verdict; HAND-OFF to lane trench (src/components/trench-redesign/** draws it). 375x812 board. Frame 2 346x636 = Frame 450 346x32, nav 346x22, Frame 445 346x566; Trench scroller 1382x20, Bottom-navigation-mobile 375x54, Header-mobile 375x48, Trench scroller 375x22. Two Trench scrollers on one phone board: a 1382x20 desktop strip at the top (wider than the board - a paste, not a spec) and a 375x22 one at the bottom. Not edited from this lane. HAND-OFF: this frame is implemented in src/pages/trade/TrenchRedesign.tsx, which belongs to not in this lane's owns list and is off limits to this lane this pass — measured and written, not edited.	1440=n-a 768=n-a 375=partial @2026-09-14/wave41-trade
9264-85987	partial	src/pages/trade/TrenchRedesign.tsx	/trench	NOT RE-READ this pass — the Figma seat's burst budget went to the six nodes named in this file's header, and the web-app boards did not change on 2026-09-10, so the prior verdict stands rather than being re-guessed. Carried: Skai > Trench - actual | SUPERSEDED by 13006:135613 (Skai > Trench - actual) on Trade2, not a parity target | 6 v1 frame(s) at 375 | siblings 9403:133956,9403:140971,9403:142103,9419:149915,9419:151234 | status CARRIED from status.trade.tsv family "trench" - not measured by this lane HAND-OFF: this frame is implemented in src/pages/trade/TrenchRedesign.tsx, which belongs to not in this lane's owns list and is off limits to this lane this pass — measured and written, not edited.	1440=n-a 768=partial 375=n-a @2026-09-14/wave41-trade
9403-133956	partial	src/pages/trade/TrenchRedesign.tsx	/trench	NOT RE-READ this pass — the Figma seat's burst budget went to the six nodes named in this file's header, and the web-app boards did not change on 2026-09-10, so the prior verdict stands rather than being re-guessed. Carried: MEASURED ON THE NODE, first verdict; HAND-OFF to lane trench (src/components/trench-redesign/** draws it). 375x812 board. TITLE SAYS 768 AND THE FRAME MEASURES 375 - read the width, not the name. Frame 2 346x636 = Frame 450 346x32, nav 346x22, Frame 445 346x566; Trench scroller 1382x20, Bottom-navigation-mobile 375x54, Header-mobile 375x48, Trench scroller 375x22. Two Trench scrollers on one phone board: a 1382x20 desktop strip at the top (wider than the board - a paste, not a spec) and a 375x22 one at the bottom. Not edited from this lane. HAND-OFF: this frame is implemented in src/pages/trade/TrenchRedesign.tsx, which belongs to not in this lane's owns list and is off limits to this lane this pass — measured and written, not edited.	1440=n-a 768=partial 375=n-a @2026-09-14/wave41-trade
