# Lane w7b-trade2-unknown, wave 7. NO CODE CHANGES — this lane owns only this file.
#
# SUBJECT: the `unknown` block on fileKey mhF3BkzlTaGiLzJ7kvpmVc page 13006:134300
# ("Trade 2", 407 live top-level children per
# live/mhF3BkzlTaGiLzJ7kvpmVc__13006-134300.tsv). NOT Trade 1
# (mhF3BkzlTaGiLzJ7kvpmVc page 3:3, n=420) and NOT the 3sSzw1KewMtUbeLAv7uW0r 3:3
# tombstone (n=154). Every verdict below states the page it came from.
#
# TITLES ARE A DELIVERABLE. 480 of 495 trade-2 registry rows carry title:null
# because all 407 live 13006- ids sit in BOTH trade.nodes.txt (titled) and
# trade-2.nodes.txt (untitled) and registry.frames keys on "<fileKey>:<node>", so
# the two passes collapse and the untitled one wins. Column 1 below carries the
# REAL title for every row, recovered from node data / trade.titles.tsv. That
# repairs the catalog defect independently of the status verdict.
#
# live/*.tsv is authoritative for id, type, width, height, visibility ONLY —
# its name column is truncated at 20 chars.
#
# COLUMNS: key <TAB> status <TAB> primaryFile <TAB> route <TAB> reason [<TAB> bp]

Notes [13006-155623]	furniture	-	-	RESOLVED FROM unknown. TITLE RECOVERED: registry title was null; real name "Notes" from trade.titles.tsv line for 13006:155623. Node type is WIDGET (not FRAME), 342x325, visible=1, top-level child of page 13006:134300 on fileKey mhF3BkzlTaGiLzJ7kvpmVc (live harvest 2026-08-26). A WIDGET is a FigJam sticky/annotation placed on the design canvas - it has no DOM counterpart and cannot be implemented. WAVE5 s1 names "Notes" in the furniture list verbatim. Excluded from the parity denominator; NOT a build gap.
Notes [13006-155647]	furniture	-	-	RESOLVED FROM unknown. TITLE RECOVERED: registry title was null; real name "Notes" from trade.titles.tsv line for 13006:155647. Node type is WIDGET (not FRAME), 342x249, visible=1, top-level child of page 13006:134300 on fileKey mhF3BkzlTaGiLzJ7kvpmVc (live harvest 2026-08-26). A WIDGET is a FigJam sticky/annotation placed on the design canvas - it has no DOM counterpart and cannot be implemented. WAVE5 s1 names "Notes" in the furniture list verbatim. Excluded from the parity denominator; NOT a build gap.
Notes [13006-252033]	furniture	-	-	RESOLVED FROM unknown. TITLE RECOVERED: registry title was null; real name "Notes" from trade.titles.tsv line for 13006:252033. Node type is WIDGET (not FRAME), 342x268, visible=1, top-level child of page 13006:134300 on fileKey mhF3BkzlTaGiLzJ7kvpmVc (live harvest 2026-08-26). A WIDGET is a FigJam sticky/annotation placed on the design canvas - it has no DOM counterpart and cannot be implemented. WAVE5 s1 names "Notes" in the furniture list verbatim. Excluded from the parity denominator; NOT a build gap.
Notes [13006-252057]	furniture	-	-	RESOLVED FROM unknown. TITLE RECOVERED: registry title was null; real name "Notes" from trade.titles.tsv line for 13006:252057. Node type is WIDGET (not FRAME), 342x249, visible=1, top-level child of page 13006:134300 on fileKey mhF3BkzlTaGiLzJ7kvpmVc (live harvest 2026-08-26). A WIDGET is a FigJam sticky/annotation placed on the design canvas - it has no DOM counterpart and cannot be implemented. WAVE5 s1 names "Notes" in the furniture list verbatim. Excluded from the parity denominator; NOT a build gap.
Notes [13006-252097]	furniture	-	-	RESOLVED FROM unknown. TITLE RECOVERED: registry title was null; real name "Notes" from trade.titles.tsv line for 13006:252097. Node type is WIDGET (not FRAME), 342x288, visible=1, top-level child of page 13006:134300 on fileKey mhF3BkzlTaGiLzJ7kvpmVc (live harvest 2026-08-26). A WIDGET is a FigJam sticky/annotation placed on the design canvas - it has no DOM counterpart and cannot be implemented. WAVE5 s1 names "Notes" in the furniture list verbatim. Excluded from the parity denominator; NOT a build gap.
Notes [13006-252121]	furniture	-	-	RESOLVED FROM unknown. TITLE RECOVERED: registry title was null; real name "Notes" from trade.titles.tsv line for 13006:252121. Node type is WIDGET (not FRAME), 342x230, visible=1, top-level child of page 13006:134300 on fileKey mhF3BkzlTaGiLzJ7kvpmVc (live harvest 2026-08-26). A WIDGET is a FigJam sticky/annotation placed on the design canvas - it has no DOM counterpart and cannot be implemented. WAVE5 s1 names "Notes" in the furniture list verbatim. Excluded from the parity denominator; NOT a build gap.
Notes [13006-252145]	furniture	-	-	RESOLVED FROM unknown. TITLE RECOVERED: registry title was null; real name "Notes" from trade.titles.tsv line for 13006:252145. Node type is WIDGET (not FRAME), 342x325, visible=1, top-level child of page 13006:134300 on fileKey mhF3BkzlTaGiLzJ7kvpmVc (live harvest 2026-08-26). A WIDGET is a FigJam sticky/annotation placed on the design canvas - it has no DOM counterpart and cannot be implemented. WAVE5 s1 names "Notes" in the furniture list verbatim. Excluded from the parity denominator; NOT a build gap.
Notes [13006-252169]	furniture	-	-	RESOLVED FROM unknown. TITLE RECOVERED: registry title was null; real name "Notes" from trade.titles.tsv line for 13006:252169. Node type is WIDGET (not FRAME), 342x268, visible=1, top-level child of page 13006:134300 on fileKey mhF3BkzlTaGiLzJ7kvpmVc (live harvest 2026-08-26). A WIDGET is a FigJam sticky/annotation placed on the design canvas - it has no DOM counterpart and cannot be implemented. WAVE5 s1 names "Notes" in the furniture list verbatim. Excluded from the parity denominator; NOT a build gap.
Notes [13006-252193]	furniture	-	-	RESOLVED FROM unknown. TITLE RECOVERED: registry title was null; real name "Notes" from trade.titles.tsv line for 13006:252193. Node type is WIDGET (not FRAME), 342x306, visible=1, top-level child of page 13006:134300 on fileKey mhF3BkzlTaGiLzJ7kvpmVc (live harvest 2026-08-26). A WIDGET is a FigJam sticky/annotation placed on the design canvas - it has no DOM counterpart and cannot be implemented. WAVE5 s1 names "Notes" in the furniture list verbatim. Excluded from the parity denominator; NOT a build gap.
Notes [13006-252843]	furniture	-	-	RESOLVED FROM unknown. TITLE RECOVERED: registry title was null; real name "Notes" from trade.titles.tsv line for 13006:252843. Node type is WIDGET (not FRAME), 342x325, visible=1, top-level child of page 13006:134300 on fileKey mhF3BkzlTaGiLzJ7kvpmVc (live harvest 2026-08-26). A WIDGET is a FigJam sticky/annotation placed on the design canvas - it has no DOM counterpart and cannot be implemented. WAVE5 s1 names "Notes" in the furniture list verbatim. Excluded from the parity denominator; NOT a build gap.
Notes [13006-252867]	furniture	-	-	RESOLVED FROM unknown. TITLE RECOVERED: registry title was null; real name "Notes" from trade.titles.tsv line for 13006:252867. Node type is WIDGET (not FRAME), 342x231, visible=1, top-level child of page 13006:134300 on fileKey mhF3BkzlTaGiLzJ7kvpmVc (live harvest 2026-08-26). A WIDGET is a FigJam sticky/annotation placed on the design canvas - it has no DOM counterpart and cannot be implemented. WAVE5 s1 names "Notes" in the furniture list verbatim. Excluded from the parity denominator; NOT a build gap.
Notes [13006-253646]	furniture	-	-	RESOLVED FROM unknown. TITLE RECOVERED: registry title was null; real name "Notes" from trade.titles.tsv line for 13006:253646. Node type is WIDGET (not FRAME), 342x230, visible=1, top-level child of page 13006:134300 on fileKey mhF3BkzlTaGiLzJ7kvpmVc (live harvest 2026-08-26). A WIDGET is a FigJam sticky/annotation placed on the design canvas - it has no DOM counterpart and cannot be implemented. WAVE5 s1 names "Notes" in the furniture list verbatim. Excluded from the parity denominator; NOT a build gap.
Breakpoint [13006-250420]	furniture	-	-	RESOLVED FROM unknown. TITLE RECOVERED: registry title was null; real name "Breakpoint" from trade.titles.tsv. FRAME 1450x164 visible=1 on page 13006:134300 (live harvest 2026-08-26). 1450x164 is a canvas SECTION LABEL band, not a viewport: it is wider than the 1440 desktop tier by 10px and 164 tall, so it cannot be any of the three product widths (1440/768/375). Nine identical 1450x164 bands on one page = the designer separating width tiers. WAVE5 s1 names "Breakpoint" in the furniture list verbatim. Excluded from the parity denominator.
Breakpoint [13006-250422]	furniture	-	-	RESOLVED FROM unknown. TITLE RECOVERED: registry title was null; real name "Breakpoint" from trade.titles.tsv. FRAME 1450x164 visible=1 on page 13006:134300 (live harvest 2026-08-26). 1450x164 is a canvas SECTION LABEL band, not a viewport: it is wider than the 1440 desktop tier by 10px and 164 tall, so it cannot be any of the three product widths (1440/768/375). Nine identical 1450x164 bands on one page = the designer separating width tiers. WAVE5 s1 names "Breakpoint" in the furniture list verbatim. Excluded from the parity denominator.
Breakpoint [13006-250424]	furniture	-	-	RESOLVED FROM unknown. TITLE RECOVERED: registry title was null; real name "Breakpoint" from trade.titles.tsv. FRAME 1450x164 visible=1 on page 13006:134300 (live harvest 2026-08-26). 1450x164 is a canvas SECTION LABEL band, not a viewport: it is wider than the 1440 desktop tier by 10px and 164 tall, so it cannot be any of the three product widths (1440/768/375). Nine identical 1450x164 bands on one page = the designer separating width tiers. WAVE5 s1 names "Breakpoint" in the furniture list verbatim. Excluded from the parity denominator.
Breakpoint [13006-250426]	furniture	-	-	RESOLVED FROM unknown. TITLE RECOVERED: registry title was null; real name "Breakpoint" from trade.titles.tsv. FRAME 1450x164 visible=1 on page 13006:134300 (live harvest 2026-08-26). 1450x164 is a canvas SECTION LABEL band, not a viewport: it is wider than the 1440 desktop tier by 10px and 164 tall, so it cannot be any of the three product widths (1440/768/375). Nine identical 1450x164 bands on one page = the designer separating width tiers. WAVE5 s1 names "Breakpoint" in the furniture list verbatim. Excluded from the parity denominator.
Breakpoint [13006-250428]	furniture	-	-	RESOLVED FROM unknown. TITLE RECOVERED: registry title was null; real name "Breakpoint" from trade.titles.tsv. FRAME 1450x164 visible=1 on page 13006:134300 (live harvest 2026-08-26). 1450x164 is a canvas SECTION LABEL band, not a viewport: it is wider than the 1440 desktop tier by 10px and 164 tall, so it cannot be any of the three product widths (1440/768/375). Nine identical 1450x164 bands on one page = the designer separating width tiers. WAVE5 s1 names "Breakpoint" in the furniture list verbatim. Excluded from the parity denominator.
Breakpoint [13006-263042]	furniture	-	-	RESOLVED FROM unknown. TITLE RECOVERED: registry title was null; real name "Breakpoint" from trade.titles.tsv. FRAME 1450x164 visible=1 on page 13006:134300 (live harvest 2026-08-26). 1450x164 is a canvas SECTION LABEL band, not a viewport: it is wider than the 1440 desktop tier by 10px and 164 tall, so it cannot be any of the three product widths (1440/768/375). Nine identical 1450x164 bands on one page = the designer separating width tiers. WAVE5 s1 names "Breakpoint" in the furniture list verbatim. Excluded from the parity denominator.
Breakpoint [13006-263044]	furniture	-	-	RESOLVED FROM unknown. TITLE RECOVERED: registry title was null; real name "Breakpoint" from trade.titles.tsv. FRAME 1450x164 visible=1 on page 13006:134300 (live harvest 2026-08-26). 1450x164 is a canvas SECTION LABEL band, not a viewport: it is wider than the 1440 desktop tier by 10px and 164 tall, so it cannot be any of the three product widths (1440/768/375). Nine identical 1450x164 bands on one page = the designer separating width tiers. WAVE5 s1 names "Breakpoint" in the furniture list verbatim. Excluded from the parity denominator.
Breakpoint [13006-284217]	furniture	-	-	RESOLVED FROM unknown. TITLE RECOVERED: registry title was null; real name "Breakpoint" from trade.titles.tsv. FRAME 1450x164 visible=1 on page 13006:134300 (live harvest 2026-08-26). 1450x164 is a canvas SECTION LABEL band, not a viewport: it is wider than the 1440 desktop tier by 10px and 164 tall, so it cannot be any of the three product widths (1440/768/375). Nine identical 1450x164 bands on one page = the designer separating width tiers. WAVE5 s1 names "Breakpoint" in the furniture list verbatim. Excluded from the parity denominator.
Breakpoint [13006-284219]	furniture	-	-	RESOLVED FROM unknown. TITLE RECOVERED: registry title was null; real name "Breakpoint" from trade.titles.tsv. FRAME 1450x164 visible=1 on page 13006:134300 (live harvest 2026-08-26). 1450x164 is a canvas SECTION LABEL band, not a viewport: it is wider than the 1440 desktop tier by 10px and 164 tall, so it cannot be any of the three product widths (1440/768/375). Nine identical 1450x164 bands on one page = the designer separating width tiers. WAVE5 s1 names "Breakpoint" in the furniture list verbatim. Excluded from the parity denominator.
Directory [13006-250430]	furniture	-	-	RESOLVED FROM unknown. TITLE RECOVERED: registry title was null; real name "Directory" from trade.titles.tsv. FRAME 12210x352 visible=1 on page 13006:134300 (live harvest 2026-08-26). Width 12210px is 4-8x the 1440 desktop tier - a horizontal contact-sheet strip indexing the frames beside it, not a screen. WAVE5 s1 names "Directory" in the furniture list verbatim. Excluded from the parity denominator.
Directory [13006-250435]	furniture	-	-	RESOLVED FROM unknown. TITLE RECOVERED: registry title was null; real name "Directory" from trade.titles.tsv. FRAME 9400x352 visible=1 on page 13006:134300 (live harvest 2026-08-26). Width 9400px is 4-8x the 1440 desktop tier - a horizontal contact-sheet strip indexing the frames beside it, not a screen. WAVE5 s1 names "Directory" in the furniture list verbatim. Excluded from the parity denominator.
Directory [13006-250440]	furniture	-	-	RESOLVED FROM unknown. TITLE RECOVERED: registry title was null; real name "Directory" from trade.titles.tsv. FRAME 6340x352 visible=1 on page 13006:134300 (live harvest 2026-08-26). Width 6340px is 4-8x the 1440 desktop tier - a horizontal contact-sheet strip indexing the frames beside it, not a screen. WAVE5 s1 names "Directory" in the furniture list verbatim. Excluded from the parity denominator.
Rectangle 160 [13006-250445]	furniture	-	-	RESOLVED FROM unknown. TITLE RECOVERED: registry title was null; real name "Rectangle 160" from trade.titles.tsv. Node type is RECTANGLE (not FRAME), 720x720, visible=1, top-level on page 13006:134300 (live harvest 2026-08-26). A bare top-level RECTANGLE with an auto-generated Figma name is a loose canvas backdrop/divider - it has no children and therefore no content to implement. WAVE5 s1 names "loose rectangles" in the furniture list verbatim. Excluded from the parity denominator.
Rectangle 159 [13006-250446]	furniture	-	-	RESOLVED FROM unknown. TITLE RECOVERED: registry title was null; real name "Rectangle 159" from trade.titles.tsv. Node type is RECTANGLE (not FRAME), 720x720, visible=1, top-level on page 13006:134300 (live harvest 2026-08-26). A bare top-level RECTANGLE with an auto-generated Figma name is a loose canvas backdrop/divider - it has no children and therefore no content to implement. WAVE5 s1 names "loose rectangles" in the furniture list verbatim. Excluded from the parity denominator.
Rectangle 158 [13006-250447]	furniture	-	-	RESOLVED FROM unknown. TITLE RECOVERED: registry title was null; real name "Rectangle 158" from trade.titles.tsv. Node type is RECTANGLE (not FRAME), 720x720, visible=1, top-level on page 13006:134300 (live harvest 2026-08-26). A bare top-level RECTANGLE with an auto-generated Figma name is a loose canvas backdrop/divider - it has no children and therefore no content to implement. WAVE5 s1 names "loose rectangles" in the furniture list verbatim. Excluded from the parity denominator.
Rectangle 163 [13006-252217]	furniture	-	-	RESOLVED FROM unknown. TITLE RECOVERED: registry title was null; real name "Rectangle 163" from trade.titles.tsv. Node type is RECTANGLE (not FRAME), 151x720, visible=1, top-level on page 13006:134300 (live harvest 2026-08-26). A bare top-level RECTANGLE with an auto-generated Figma name is a loose canvas backdrop/divider - it has no children and therefore no content to implement. WAVE5 s1 names "loose rectangles" in the furniture list verbatim. Excluded from the parity denominator.
Rectangle 165 [13006-252218]	furniture	-	-	RESOLVED FROM unknown. TITLE RECOVERED: registry title was null; real name "Rectangle 165" from trade.titles.tsv. Node type is RECTANGLE (not FRAME), 151x720, visible=1, top-level on page 13006:134300 (live harvest 2026-08-26). A bare top-level RECTANGLE with an auto-generated Figma name is a loose canvas backdrop/divider - it has no children and therefore no content to implement. WAVE5 s1 names "loose rectangles" in the furniture list verbatim. Excluded from the parity denominator.
Rectangle 166 [13006-252219]	furniture	-	-	RESOLVED FROM unknown. TITLE RECOVERED: registry title was null; real name "Rectangle 166" from trade.titles.tsv. Node type is RECTANGLE (not FRAME), 151x720, visible=1, top-level on page 13006:134300 (live harvest 2026-08-26). A bare top-level RECTANGLE with an auto-generated Figma name is a loose canvas backdrop/divider - it has no children and therefore no content to implement. WAVE5 s1 names "loose rectangles" in the furniture list verbatim. Excluded from the parity denominator.
CTA/button [13006-195422]	furniture	-	-	RESOLVED FROM unknown. TITLE RECOVERED: registry title was null; real name "CTA/button" from trade.titles.tsv. Node type is INSTANCE (not FRAME), 144x34, visible=1, sitting LOOSE at the top level of page 13006:134300 (live harvest 2026-08-26). This is a stray component instance dropped on the canvas, not a screen: the component it instantiates is catalogued in components.tsv and is shipped as the shared @skai/ui Button. A loose instance is canvas chrome by WAVE5 s1 and cannot carry its own parity verdict. Excluded from the parity denominator.
icons/action [13006-198774]	furniture	-	-	RESOLVED FROM unknown. TITLE RECOVERED: registry title was null; real name "icons/action" from trade.titles.tsv. FRAME 38x12 visible=1, loose at the top level of page 13006:134300 (live harvest 2026-08-26). 38x12 is an ICON ATOM, an order of magnitude below any screen tier - it is a stray icon frame left on the canvas beside the boards that use it, not a surface. Furniture per WAVE5 s1 ("loose ... vectors"). Excluded from the parity denominator.
icons/action [13006-294291]	furniture	-	-	RESOLVED FROM unknown. TITLE RECOVERED: registry title was null; real name "icons/action" from trade.titles.tsv. FRAME 16x16 visible=1, loose at the top level of page 13006:134300 (live harvest 2026-08-26). 16x16 is an ICON ATOM, an order of magnitude below any screen tier - it is a stray icon frame left on the canvas beside the boards that use it, not a surface. Furniture per WAVE5 s1 ("loose ... vectors"). Excluded from the parity denominator.
BTC chart [13006-252590]	done	src/components/trench-redesign/discover/ChainChartCard.tsx	/trench	MEASURED 2026-08-31 off Figma node data (use_figma, page 13006:134300, fileKey mhF3BkzlTaGiLzJ7kvpmVc) against ChainChartCard.tsx. Mounted: ChainChartCard <- ChainPriceChips.tsx:140 <- TrenchScroller.tsx:94 <- DiscoverScreen.tsx:149,409 and TradeTerminal.tsx:46,165. Shared for all nine frames: frame fill #122524 = bg-[#122524]; padding 16/16/16/16 = p-4; itemSpacing 16 = gap-4; DROP_SHADOW radius 80 #000000@0.25 offset 0,10 = shadow-[0px_10px_80px_0px_rgba(0,0,0,0.25)] EXACT; up #17f9b4 = UP const, down #ff574a = DOWN const, muted #95a09f = text-[#95A09F]. Each frame carries 3 HIDDEN text nodes ("40" 11/14 #001615, "Earn 100 SKAI", "We would direc..." Manrope 16/22 #4c4c4c) - confirmed hidden by an ancestor-visibility walk, so they are NOT missing content. DESKTOP 391x287: cornerRadius 16 = lg:rounded-[16px]. Content child 359 wide = 391-16-16, which is exactly PLOT_WIDTH=359 at ChainChartCard.tsx:72. Visible type ramp measured, all letterSpacing -4% = tracking-[-0.04em]: ticker "BTC" Manrope Regular 18/24 = lg:text-[18px] lg:leading-6 font-manrope; pills 1m/1h/4h/24h Mulish Regular 14/18 = lg:text-[14px] lg:leading-[18px]; headline Mulish LIGHT 32/38 = lg:text-[32px] lg:leading-[38px] font-light; change 12/16 and High/Low 12/16 = text-[12px] lg:leading-4 (leading-4=16). Every measured value matches. 1440 is above the lg (1024) breakpoint so the lg: half of each pair is the one that renders here.	desktop=done tablet=partial mobile=done @2026-08-31
SOL chart [13006-252627]	done	src/components/trench-redesign/discover/ChainChartCard.tsx	/trench	MEASURED 2026-08-31 off Figma node data (use_figma, page 13006:134300, fileKey mhF3BkzlTaGiLzJ7kvpmVc) against ChainChartCard.tsx. Mounted: ChainChartCard <- ChainPriceChips.tsx:140 <- TrenchScroller.tsx:94 <- DiscoverScreen.tsx:149,409 and TradeTerminal.tsx:46,165. Shared for all nine frames: frame fill #122524 = bg-[#122524]; padding 16/16/16/16 = p-4; itemSpacing 16 = gap-4; DROP_SHADOW radius 80 #000000@0.25 offset 0,10 = shadow-[0px_10px_80px_0px_rgba(0,0,0,0.25)] EXACT; up #17f9b4 = UP const, down #ff574a = DOWN const, muted #95a09f = text-[#95A09F]. Each frame carries 3 HIDDEN text nodes ("40" 11/14 #001615, "Earn 100 SKAI", "We would direc..." Manrope 16/22 #4c4c4c) - confirmed hidden by an ancestor-visibility walk, so they are NOT missing content. DESKTOP 391x287: cornerRadius 16 = lg:rounded-[16px]. Content child 359 wide = 391-16-16, which is exactly PLOT_WIDTH=359 at ChainChartCard.tsx:72. Visible type ramp measured, all letterSpacing -4% = tracking-[-0.04em]: ticker "SOL" Manrope Regular 18/24 = lg:text-[18px] lg:leading-6 font-manrope; pills 1m/1h/4h/24h Mulish Regular 14/18 = lg:text-[14px] lg:leading-[18px]; headline Mulish LIGHT 32/38 = lg:text-[32px] lg:leading-[38px] font-light; change 12/16 and High/Low 12/16 = text-[12px] lg:leading-4 (leading-4=16). Every measured value matches. 1440 is above the lg (1024) breakpoint so the lg: half of each pair is the one that renders here.
BASE chart [13006-252806]	done	src/components/trench-redesign/discover/ChainChartCard.tsx	/trench	MEASURED 2026-08-31 off Figma node data (use_figma, page 13006:134300, fileKey mhF3BkzlTaGiLzJ7kvpmVc) against ChainChartCard.tsx. Mounted: ChainChartCard <- ChainPriceChips.tsx:140 <- TrenchScroller.tsx:94 <- DiscoverScreen.tsx:149,409 and TradeTerminal.tsx:46,165. Shared for all nine frames: frame fill #122524 = bg-[#122524]; padding 16/16/16/16 = p-4; itemSpacing 16 = gap-4; DROP_SHADOW radius 80 #000000@0.25 offset 0,10 = shadow-[0px_10px_80px_0px_rgba(0,0,0,0.25)] EXACT; up #17f9b4 = UP const, down #ff574a = DOWN const, muted #95a09f = text-[#95A09F]. Each frame carries 3 HIDDEN text nodes ("40" 11/14 #001615, "Earn 100 SKAI", "We would direc..." Manrope 16/22 #4c4c4c) - confirmed hidden by an ancestor-visibility walk, so they are NOT missing content. DESKTOP 391x287: cornerRadius 16 = lg:rounded-[16px]. Content child 359 wide = 391-16-16, which is exactly PLOT_WIDTH=359 at ChainChartCard.tsx:72. Visible type ramp measured, all letterSpacing -4% = tracking-[-0.04em]: ticker "BASE" Manrope Regular 18/24 = lg:text-[18px] lg:leading-6 font-manrope; pills 1m/1h/4h/24h Mulish Regular 14/18 = lg:text-[14px] lg:leading-[18px]; headline Mulish LIGHT 32/38 = lg:text-[32px] lg:leading-[38px] font-light; change 12/16 and High/Low 12/16 = text-[12px] lg:leading-4 (leading-4=16). Every measured value matches. 1440 is above the lg (1024) breakpoint so the lg: half of each pair is the one that renders here.
BTC chart [13006-347909]	partial	src/components/trench-redesign/discover/ChainChartCard.tsx	/trench	MEASURED 2026-08-31 off Figma node data (use_figma, page 13006:134300, fileKey mhF3BkzlTaGiLzJ7kvpmVc) against ChainChartCard.tsx. Mounted: ChainChartCard <- ChainPriceChips.tsx:140 <- TrenchScroller.tsx:94 <- DiscoverScreen.tsx:149,409 and TradeTerminal.tsx:46,165. Shared for all nine frames: frame fill #122524 = bg-[#122524]; padding 16/16/16/16 = p-4; itemSpacing 16 = gap-4; DROP_SHADOW radius 80 #000000@0.25 offset 0,10 = shadow-[0px_10px_80px_0px_rgba(0,0,0,0.25)] EXACT; up #17f9b4 = UP const, down #ff574a = DOWN const, muted #95a09f = text-[#95A09F]. Each frame carries 3 HIDDEN text nodes ("40" 11/14 #001615, "Earn 100 SKAI", "We would direc..." Manrope 16/22 #4c4c4c) - confirmed hidden by an ancestor-visibility walk, so they are NOT missing content. TABLET 391x275: cornerRadius 12 = the base rounded-[12px] (768 is below the lg 1024 breakpoint, so base classes render) - MATCHES. Content child 359 wide - MATCHES. Ticker "BTC" Manrope Regular 14/18.05 vs code text-[14px] leading-[18px] - matches (18.05 is Figma AUTO resolving). TWO MEASURED GAPS, both because the code has only TWO ramps and this frame is a THIRD: (1) pills Mulish Regular 14/16 in the frame, code renders text-[12px] leading-[14px] at 768 - off by 2px size and 2px leading; (2) headline Mulish Light 24/28 in the frame, code renders text-[20px] leading-6 (=24) at 768 - off by 4px size and 4px leading. change/High/Low 12/14 MATCH. ★ ChainChartCard.tsx:18-20 asserts "the tablet card ... rides the Sm ramp with the phone"; the frame CONTRADICTS that - 391x275 has its own intermediate ramp (pills 14/16, headline 24/28) that is neither the desktop 14/18 + 32/38 nor the mobile 12/14 + 20/24. Closing this needs a md: tier between base and lg:, not a retune.
SOL chart [13006-347946]	partial	src/components/trench-redesign/discover/ChainChartCard.tsx	/trench	MEASURED 2026-08-31 off Figma node data (use_figma, page 13006:134300, fileKey mhF3BkzlTaGiLzJ7kvpmVc) against ChainChartCard.tsx. Mounted: ChainChartCard <- ChainPriceChips.tsx:140 <- TrenchScroller.tsx:94 <- DiscoverScreen.tsx:149,409 and TradeTerminal.tsx:46,165. Shared for all nine frames: frame fill #122524 = bg-[#122524]; padding 16/16/16/16 = p-4; itemSpacing 16 = gap-4; DROP_SHADOW radius 80 #000000@0.25 offset 0,10 = shadow-[0px_10px_80px_0px_rgba(0,0,0,0.25)] EXACT; up #17f9b4 = UP const, down #ff574a = DOWN const, muted #95a09f = text-[#95A09F]. Each frame carries 3 HIDDEN text nodes ("40" 11/14 #001615, "Earn 100 SKAI", "We would direc..." Manrope 16/22 #4c4c4c) - confirmed hidden by an ancestor-visibility walk, so they are NOT missing content. TABLET 391x275: cornerRadius 12 = the base rounded-[12px] (768 is below the lg 1024 breakpoint, so base classes render) - MATCHES. Content child 359 wide - MATCHES. Ticker "SOL" Manrope Regular 14/18.05 vs code text-[14px] leading-[18px] - matches (18.05 is Figma AUTO resolving). TWO MEASURED GAPS, both because the code has only TWO ramps and this frame is a THIRD: (1) pills Mulish Regular 14/16 in the frame, code renders text-[12px] leading-[14px] at 768 - off by 2px size and 2px leading; (2) headline Mulish Light 24/28 in the frame, code renders text-[20px] leading-6 (=24) at 768 - off by 4px size and 4px leading. change/High/Low 12/14 MATCH. ★ ChainChartCard.tsx:18-20 asserts "the tablet card ... rides the Sm ramp with the phone"; the frame CONTRADICTS that - 391x275 has its own intermediate ramp (pills 14/16, headline 24/28) that is neither the desktop 14/18 + 32/38 nor the mobile 12/14 + 20/24. Closing this needs a md: tier between base and lg:, not a retune.
BASE chart [13006-348125]	partial	src/components/trench-redesign/discover/ChainChartCard.tsx	/trench	MEASURED 2026-08-31 off Figma node data (use_figma, page 13006:134300, fileKey mhF3BkzlTaGiLzJ7kvpmVc) against ChainChartCard.tsx. Mounted: ChainChartCard <- ChainPriceChips.tsx:140 <- TrenchScroller.tsx:94 <- DiscoverScreen.tsx:149,409 and TradeTerminal.tsx:46,165. Shared for all nine frames: frame fill #122524 = bg-[#122524]; padding 16/16/16/16 = p-4; itemSpacing 16 = gap-4; DROP_SHADOW radius 80 #000000@0.25 offset 0,10 = shadow-[0px_10px_80px_0px_rgba(0,0,0,0.25)] EXACT; up #17f9b4 = UP const, down #ff574a = DOWN const, muted #95a09f = text-[#95A09F]. Each frame carries 3 HIDDEN text nodes ("40" 11/14 #001615, "Earn 100 SKAI", "We would direc..." Manrope 16/22 #4c4c4c) - confirmed hidden by an ancestor-visibility walk, so they are NOT missing content. TABLET 391x275: cornerRadius 12 = the base rounded-[12px] (768 is below the lg 1024 breakpoint, so base classes render) - MATCHES. Content child 359 wide - MATCHES. Ticker "BASE" Manrope Regular 14/18.05 vs code text-[14px] leading-[18px] - matches (18.05 is Figma AUTO resolving). TWO MEASURED GAPS, both because the code has only TWO ramps and this frame is a THIRD: (1) pills Mulish Regular 14/16 in the frame, code renders text-[12px] leading-[14px] at 768 - off by 2px size and 2px leading; (2) headline Mulish Light 24/28 in the frame, code renders text-[20px] leading-6 (=24) at 768 - off by 4px size and 4px leading. change/High/Low 12/14 MATCH. ★ ChainChartCard.tsx:18-20 asserts "the tablet card ... rides the Sm ramp with the phone"; the frame CONTRADICTS that - 391x275 has its own intermediate ramp (pills 14/16, headline 24/28) that is neither the desktop 14/18 + 32/38 nor the mobile 12/14 + 20/24. Closing this needs a md: tier between base and lg:, not a retune.
BTC chart [13006-348782]	done	src/components/trench-redesign/discover/ChainChartCard.tsx	/trench	MEASURED 2026-08-31 off Figma node data (use_figma, page 13006:134300, fileKey mhF3BkzlTaGiLzJ7kvpmVc) against ChainChartCard.tsx. Mounted: ChainChartCard <- ChainPriceChips.tsx:140 <- TrenchScroller.tsx:94 <- DiscoverScreen.tsx:149,409 and TradeTerminal.tsx:46,165. Shared for all nine frames: frame fill #122524 = bg-[#122524]; padding 16/16/16/16 = p-4; itemSpacing 16 = gap-4; DROP_SHADOW radius 80 #000000@0.25 offset 0,10 = shadow-[0px_10px_80px_0px_rgba(0,0,0,0.25)] EXACT; up #17f9b4 = UP const, down #ff574a = DOWN const, muted #95a09f = text-[#95A09F]. Each frame carries 3 HIDDEN text nodes ("40" 11/14 #001615, "Earn 100 SKAI", "We would direc..." Manrope 16/22 #4c4c4c) - confirmed hidden by an ancestor-visibility walk, so they are NOT missing content. MOBILE 354x273: cornerRadius 12 = base rounded-[12px]. Content child 322 wide = 354-16-16. Visible ramp, all -4%: ticker "BTC" Manrope Regular 14/18 = text-[14px] leading-[18px]; pills Mulish Regular 12/14 = text-[12px] leading-[14px]; headline Mulish LIGHT 20/24 = text-[20px] leading-6 font-light; change 12/14 and High/Low 12/14 = text-[12px] leading-[14px]. Every measured value matches at 375. Note the timeframe pills opt out of the global 44px tap floor via no-min-size (ChainChartCard.tsx:257-259) because the frame draws them 22px tall - a deliberate, documented breach, same class as the nav 40px one Casey ruled on.
SOL chart [13006-348819]	done	src/components/trench-redesign/discover/ChainChartCard.tsx	/trench	MEASURED 2026-08-31 off Figma node data (use_figma, page 13006:134300, fileKey mhF3BkzlTaGiLzJ7kvpmVc) against ChainChartCard.tsx. Mounted: ChainChartCard <- ChainPriceChips.tsx:140 <- TrenchScroller.tsx:94 <- DiscoverScreen.tsx:149,409 and TradeTerminal.tsx:46,165. Shared for all nine frames: frame fill #122524 = bg-[#122524]; padding 16/16/16/16 = p-4; itemSpacing 16 = gap-4; DROP_SHADOW radius 80 #000000@0.25 offset 0,10 = shadow-[0px_10px_80px_0px_rgba(0,0,0,0.25)] EXACT; up #17f9b4 = UP const, down #ff574a = DOWN const, muted #95a09f = text-[#95A09F]. Each frame carries 3 HIDDEN text nodes ("40" 11/14 #001615, "Earn 100 SKAI", "We would direc..." Manrope 16/22 #4c4c4c) - confirmed hidden by an ancestor-visibility walk, so they are NOT missing content. MOBILE 354x273: cornerRadius 12 = base rounded-[12px]. Content child 322 wide = 354-16-16. Visible ramp, all -4%: ticker "SOL" Manrope Regular 14/18 = text-[14px] leading-[18px]; pills Mulish Regular 12/14 = text-[12px] leading-[14px]; headline Mulish LIGHT 20/24 = text-[20px] leading-6 font-light; change 12/14 and High/Low 12/14 = text-[12px] leading-[14px]. Every measured value matches at 375. Note the timeframe pills opt out of the global 44px tap floor via no-min-size (ChainChartCard.tsx:257-259) because the frame draws them 22px tall - a deliberate, documented breach, same class as the nav 40px one Casey ruled on.
BASE chart [13006-348998]	done	src/components/trench-redesign/discover/ChainChartCard.tsx	/trench	MEASURED 2026-08-31 off Figma node data (use_figma, page 13006:134300, fileKey mhF3BkzlTaGiLzJ7kvpmVc) against ChainChartCard.tsx. Mounted: ChainChartCard <- ChainPriceChips.tsx:140 <- TrenchScroller.tsx:94 <- DiscoverScreen.tsx:149,409 and TradeTerminal.tsx:46,165. Shared for all nine frames: frame fill #122524 = bg-[#122524]; padding 16/16/16/16 = p-4; itemSpacing 16 = gap-4; DROP_SHADOW radius 80 #000000@0.25 offset 0,10 = shadow-[0px_10px_80px_0px_rgba(0,0,0,0.25)] EXACT; up #17f9b4 = UP const, down #ff574a = DOWN const, muted #95a09f = text-[#95A09F]. Each frame carries 3 HIDDEN text nodes ("40" 11/14 #001615, "Earn 100 SKAI", "We would direc..." Manrope 16/22 #4c4c4c) - confirmed hidden by an ancestor-visibility walk, so they are NOT missing content. MOBILE 354x273: cornerRadius 12 = base rounded-[12px]. Content child 322 wide = 354-16-16. Visible ramp, all -4%: ticker "BASE" Manrope Regular 14/18 = text-[14px] leading-[18px]; pills Mulish Regular 12/14 = text-[12px] leading-[14px]; headline Mulish LIGHT 20/24 = text-[20px] leading-6 font-light; change 12/14 and High/Low 12/14 = text-[12px] leading-[14px]. Every measured value matches at 375. Note the timeframe pills opt out of the global 44px tap floor via no-min-size (ChainChartCard.tsx:257-259) because the frame draws them 22px tall - a deliberate, documented breach, same class as the nav 40px one Casey ruled on.
Colour picker - on:click [13006-250448]	not-started	-	/trench	RESOLVED FROM unknown. MEASURED 2026-08-31 off Figma node data (use_figma, page 13006:134300, fileKey mhF3BkzlTaGiLzJ7kvpmVc). FRAME 263x251, cornerRadius 16, fill #001615, VERTICAL auto-layout, pad 16px padding, itemSpacing 10, 5 children: an IMAGE-filled saturation/value square (swatch 231x158, r4), a GRADIENT_LINEAR hue strip (same width x11, r4), a 99x30 (mobile 90x30) hex-field frame, and two white ELLIPSE handles 15x15 and 13x13. One text node, the hex readout "#F31B2D", at 14/18. NOT BUILT. Grepped src/components/trench-redesign/ and src/components/home-redesign/whales/ for colour picker / hue / saturation / input[type=color]: zero hits - the only "hue" matches are an unrelated slider comment in AlertsModal.tsx:215 and the deterministic avatar tint hueFromAddr in whalesShared.tsx:262. This CONFIRMS and now MEASURES the wave-6 finding (status.wave6.trade2-a.tsv, row 13006-159412): AdjustTrenchSettings.tsx:158-160,238 CYCLES to the next palette entry on click instead of opening this popover. Same trigger, no surface. not-started is the honest verdict for the surface itself - it is a build gap, not a parity gap, and nothing is blocked on a backend.
Colour picker - on:click [13006-250456]	not-started	-	/trench	RESOLVED FROM unknown. MEASURED 2026-08-31 off Figma node data (use_figma, page 13006:134300, fileKey mhF3BkzlTaGiLzJ7kvpmVc). FRAME 263x251, cornerRadius 16, fill #001615, VERTICAL auto-layout, pad 16px padding, itemSpacing 10, 5 children: an IMAGE-filled saturation/value square (swatch 231x158, r4), a GRADIENT_LINEAR hue strip (same width x11, r4), a 99x30 (mobile 90x30) hex-field frame, and two white ELLIPSE handles 15x15 and 13x13. One text node, the hex readout "#F31B2D", at 14/18. NOT BUILT. Grepped src/components/trench-redesign/ and src/components/home-redesign/whales/ for colour picker / hue / saturation / input[type=color]: zero hits - the only "hue" matches are an unrelated slider comment in AlertsModal.tsx:215 and the deterministic avatar tint hueFromAddr in whalesShared.tsx:262. This CONFIRMS and now MEASURES the wave-6 finding (status.wave6.trade2-a.tsv, row 13006-159412): AdjustTrenchSettings.tsx:158-160,238 CYCLES to the next palette entry on click instead of opening this popover. Same trigger, no surface. not-started is the honest verdict for the surface itself - it is a build gap, not a parity gap, and nothing is blocked on a backend.
Colour picker - on:click [13006-252081]	not-started	-	/trench	RESOLVED FROM unknown. MEASURED 2026-08-31 off Figma node data (use_figma, page 13006:134300, fileKey mhF3BkzlTaGiLzJ7kvpmVc). FRAME 240x243, cornerRadius 12, fill #001615, VERTICAL auto-layout, pad 12px padding, itemSpacing 10, 5 children: an IMAGE-filled saturation/value square (swatch 216x158, r4), a GRADIENT_LINEAR hue strip (same width x11, r4), a 99x30 (mobile 90x30) hex-field frame, and two white ELLIPSE handles 15x15 and 13x13. One text node, the hex readout "#F31B2D", at 12/14. NOT BUILT. Grepped src/components/trench-redesign/ and src/components/home-redesign/whales/ for colour picker / hue / saturation / input[type=color]: zero hits - the only "hue" matches are an unrelated slider comment in AlertsModal.tsx:215 and the deterministic avatar tint hueFromAddr in whalesShared.tsx:262. This CONFIRMS and now MEASURES the wave-6 finding (status.wave6.trade2-a.tsv, row 13006-159412): AdjustTrenchSettings.tsx:158-160,238 CYCLES to the next palette entry on click instead of opening this popover. Same trigger, no surface. not-started is the honest verdict for the surface itself - it is a build gap, not a parity gap, and nothing is blocked on a backend.
Colour picker - on:click [13006-252089]	not-started	-	/trench	RESOLVED FROM unknown. MEASURED 2026-08-31 off Figma node data (use_figma, page 13006:134300, fileKey mhF3BkzlTaGiLzJ7kvpmVc). FRAME 240x243, cornerRadius 12, fill #001615, VERTICAL auto-layout, pad 12px padding, itemSpacing 10, 5 children: an IMAGE-filled saturation/value square (swatch 216x158, r4), a GRADIENT_LINEAR hue strip (same width x11, r4), a 99x30 (mobile 90x30) hex-field frame, and two white ELLIPSE handles 15x15 and 13x13. One text node, the hex readout "#F31B2D", at 12/14. NOT BUILT. Grepped src/components/trench-redesign/ and src/components/home-redesign/whales/ for colour picker / hue / saturation / input[type=color]: zero hits - the only "hue" matches are an unrelated slider comment in AlertsModal.tsx:215 and the deterministic avatar tint hueFromAddr in whalesShared.tsx:262. This CONFIRMS and now MEASURES the wave-6 finding (status.wave6.trade2-a.tsv, row 13006-159412): AdjustTrenchSettings.tsx:158-160,238 CYCLES to the next palette entry on click instead of opening this popover. Same trigger, no surface. not-started is the honest verdict for the surface itself - it is a build gap, not a parity gap, and nothing is blocked on a backend.
Colour picker - on:click [13006-323891]	not-started	-	/trench	RESOLVED FROM unknown. MEASURED 2026-08-31 off Figma node data (use_figma, page 13006:134300, fileKey mhF3BkzlTaGiLzJ7kvpmVc). FRAME 243x243, cornerRadius 16, fill #001615, VERTICAL auto-layout, pad 12px padding, itemSpacing 10, 5 children: an IMAGE-filled saturation/value square (swatch 219x158, r4), a GRADIENT_LINEAR hue strip (same width x11, r4), a 99x30 (mobile 90x30) hex-field frame, and two white ELLIPSE handles 15x15 and 13x13. One text node, the hex readout "#F31B2D", at 14/16. NOT BUILT. Grepped src/components/trench-redesign/ and src/components/home-redesign/whales/ for colour picker / hue / saturation / input[type=color]: zero hits - the only "hue" matches are an unrelated slider comment in AlertsModal.tsx:215 and the deterministic avatar tint hueFromAddr in whalesShared.tsx:262. This CONFIRMS and now MEASURES the wave-6 finding (status.wave6.trade2-a.tsv, row 13006-159412): AdjustTrenchSettings.tsx:158-160,238 CYCLES to the next palette entry on click instead of opening this popover. Same trigger, no surface. not-started is the honest verdict for the surface itself - it is a build gap, not a parity gap, and nothing is blocked on a backend.
Colour picker - on:click [13006-323899]	not-started	-	/trench	RESOLVED FROM unknown. MEASURED 2026-08-31 off Figma node data (use_figma, page 13006:134300, fileKey mhF3BkzlTaGiLzJ7kvpmVc). FRAME 243x243, cornerRadius 16, fill #001615, VERTICAL auto-layout, pad 12px padding, itemSpacing 10, 5 children: an IMAGE-filled saturation/value square (swatch 219x158, r4), a GRADIENT_LINEAR hue strip (same width x11, r4), a 99x30 (mobile 90x30) hex-field frame, and two white ELLIPSE handles 15x15 and 13x13. One text node, the hex readout "#F31B2D", at 14/16. NOT BUILT. Grepped src/components/trench-redesign/ and src/components/home-redesign/whales/ for colour picker / hue / saturation / input[type=color]: zero hits - the only "hue" matches are an unrelated slider comment in AlertsModal.tsx:215 and the deterministic avatar tint hueFromAddr in whalesShared.tsx:262. This CONFIRMS and now MEASURES the wave-6 finding (status.wave6.trade2-a.tsv, row 13006-159412): AdjustTrenchSettings.tsx:158-160,238 CYCLES to the next palette entry on click instead of opening this popover. Same trigger, no surface. not-started is the honest verdict for the surface itself - it is a build gap, not a parity gap, and nothing is blocked on a backend.
Right menu - Afjust filters [13006-155570]	partial	src/components/trench-redesign/discover/FiltersPanel.tsx	/trench	RESOLVED FROM unknown. MEASURED 2026-08-31 off Figma node data (use_figma, page 13006:134300, fileKey mhF3BkzlTaGiLzJ7kvpmVc) against the shared shell RIGHT_MENU_SHEET_CLASS in src/components/trench-redesign/discover/rightMenuChrome.tsx. * STRUCTURAL FINDING: these frames are NOT boards containing a floating panel - the FRAME ITSELF IS the panel, so its own width/height/radius/padding ARE the panel geometry. Frame height decodes the tier: 884=900-2x8, 1008=1024-2x8, 796=812-2x8, i.e. the panel inset 8px on every edge, which is exactly the code inset-y-2 right-2. Unanimous across all 40 frames I read: fill #122524@0.80 = bg-[rgba(18,37,36,0.8)] EXACT; stroke #123f3c width 1 = border border-[#123F3C] EXACT; DROP_SHADOW radius 80 #000000@0.25 offset 0,10 = shadow-[0_10px_80px_0_rgba(0,0,0,0.25)] EXACT; itemSpacing 32. BACKGROUND_BLUR radius 40 against the code backdrop-blur-[20px] - RECORDED, NOT CLAIMED AS A DEFECT: Figma background-blur radius and the CSS backdrop-filter blur length are different units (Figma is conventionally about 2x the CSS px), so 40 -> 20px is very likely the correct conversion. Anyone closing this must convert deliberately rather than copy either number. THIS FRAME: 442x884, cornerRadius 24, padding 24 on all four sides, footer child CTA/button 394x62. Width/padding cross-check: footer width 394 = frame width minus 2x24. Code ships lg:rounded-2xl (24) and lg:p-6 (24) at this tier - BOTH EXACT. Width: sm:max-w-[442px] gives 442 EXACT. FOOTER MATCHES: the frame footer row is 62 tall and RightMenuFooter (rightMenuChrome.tsx) ships py-5 (20) + text-[16px]/leading-[22px] = 20+22+20 = 62 EXACT, and gap-2 = the frame gap 8 EXACT. CONTENT owner: FiltersPanel, imported DiscoverScreen.tsx:14 and rendered at :411 (also ScreenerScreen.tsx:836). partial and not done: the shell geometry, fill, border, shadow and footer are measured value-for-value, but this lane did NOT measure the panel's internal control rows, and at 768/375 the footer height is a real open gap.
Right menu - General [13006-181094]	partial	src/components/trench-redesign/discover/TrackerSettingsMenu.tsx	/trench	RESOLVED FROM unknown. MEASURED 2026-08-31 off Figma node data (use_figma, page 13006:134300, fileKey mhF3BkzlTaGiLzJ7kvpmVc) against the shared shell RIGHT_MENU_SHEET_CLASS in src/components/trench-redesign/discover/rightMenuChrome.tsx. * STRUCTURAL FINDING: these frames are NOT boards containing a floating panel - the FRAME ITSELF IS the panel, so its own width/height/radius/padding ARE the panel geometry. Frame height decodes the tier: 884=900-2x8, 1008=1024-2x8, 796=812-2x8, i.e. the panel inset 8px on every edge, which is exactly the code inset-y-2 right-2. Unanimous across all 40 frames I read: fill #122524@0.80 = bg-[rgba(18,37,36,0.8)] EXACT; stroke #123f3c width 1 = border border-[#123F3C] EXACT; DROP_SHADOW radius 80 #000000@0.25 offset 0,10 = shadow-[0_10px_80px_0_rgba(0,0,0,0.25)] EXACT; itemSpacing 32. BACKGROUND_BLUR radius 40 against the code backdrop-blur-[20px] - RECORDED, NOT CLAIMED AS A DEFECT: Figma background-blur radius and the CSS backdrop-filter blur length are different units (Figma is conventionally about 2x the CSS px), so 40 -> 20px is very likely the correct conversion. Anyone closing this must convert deliberately rather than copy either number. THIS FRAME: 442x884, cornerRadius 24, padding 24 on all four sides, footer child Frame 1178 394x62. Width/padding cross-check: footer width 394 = frame width minus 2x24. Code ships lg:rounded-2xl (24) and lg:p-6 (24) at this tier - BOTH EXACT. Width: sm:max-w-[442px] gives 442 EXACT. FOOTER MATCHES: the frame footer row is 62 tall and RightMenuFooter (rightMenuChrome.tsx) ships py-5 (20) + text-[16px]/leading-[22px] = 20+22+20 = 62 EXACT, and gap-2 = the frame gap 8 EXACT. CONTENT owner: TrackerSettingsMenu, imported TrenchTrackers.tsx:26 and rendered at :164, which DiscoverScreen.tsx:402 mounts. partial and not done: the shell geometry, fill, border, shadow and footer are measured value-for-value, but this lane did NOT measure the panel's internal control rows, and at 768/375 the footer height is a real open gap.
Right menu - Toasts - display [13006-181191]	partial	src/components/trench-redesign/discover/TrackerSettingsMenu.tsx	/trench	RESOLVED FROM unknown. MEASURED 2026-08-31 off Figma node data (use_figma, page 13006:134300, fileKey mhF3BkzlTaGiLzJ7kvpmVc) against the shared shell RIGHT_MENU_SHEET_CLASS in src/components/trench-redesign/discover/rightMenuChrome.tsx. * STRUCTURAL FINDING: these frames are NOT boards containing a floating panel - the FRAME ITSELF IS the panel, so its own width/height/radius/padding ARE the panel geometry. Frame height decodes the tier: 884=900-2x8, 1008=1024-2x8, 796=812-2x8, i.e. the panel inset 8px on every edge, which is exactly the code inset-y-2 right-2. Unanimous across all 40 frames I read: fill #122524@0.80 = bg-[rgba(18,37,36,0.8)] EXACT; stroke #123f3c width 1 = border border-[#123F3C] EXACT; DROP_SHADOW radius 80 #000000@0.25 offset 0,10 = shadow-[0_10px_80px_0_rgba(0,0,0,0.25)] EXACT; itemSpacing 32. BACKGROUND_BLUR radius 40 against the code backdrop-blur-[20px] - RECORDED, NOT CLAIMED AS A DEFECT: Figma background-blur radius and the CSS backdrop-filter blur length are different units (Figma is conventionally about 2x the CSS px), so 40 -> 20px is very likely the correct conversion. Anyone closing this must convert deliberately rather than copy either number. THIS FRAME: 442x884, cornerRadius 24, padding 24 on all four sides, footer child Frame 1178 394x62. Width/padding cross-check: footer width 394 = frame width minus 2x24. Code ships lg:rounded-2xl (24) and lg:p-6 (24) at this tier - BOTH EXACT. Width: sm:max-w-[442px] gives 442 EXACT. FOOTER MATCHES: the frame footer row is 62 tall and RightMenuFooter (rightMenuChrome.tsx) ships py-5 (20) + text-[16px]/leading-[22px] = 20+22+20 = 62 EXACT, and gap-2 = the frame gap 8 EXACT. CONTENT owner: TrackerSettingsMenu, imported TrenchTrackers.tsx:26 and rendered at :164, which DiscoverScreen.tsx:402 mounts. partial and not done: the shell geometry, fill, border, shadow and footer are measured value-for-value, but this lane did NOT measure the panel's internal control rows, and at 768/375 the footer height is a real open gap.
Right menu - Toasts - display [13006-181307]	partial	src/components/trench-redesign/discover/TrackerSettingsMenu.tsx	/trench	RESOLVED FROM unknown. MEASURED 2026-08-31 off Figma node data (use_figma, page 13006:134300, fileKey mhF3BkzlTaGiLzJ7kvpmVc) against the shared shell RIGHT_MENU_SHEET_CLASS in src/components/trench-redesign/discover/rightMenuChrome.tsx. * STRUCTURAL FINDING: these frames are NOT boards containing a floating panel - the FRAME ITSELF IS the panel, so its own width/height/radius/padding ARE the panel geometry. Frame height decodes the tier: 884=900-2x8, 1008=1024-2x8, 796=812-2x8, i.e. the panel inset 8px on every edge, which is exactly the code inset-y-2 right-2. Unanimous across all 40 frames I read: fill #122524@0.80 = bg-[rgba(18,37,36,0.8)] EXACT; stroke #123f3c width 1 = border border-[#123F3C] EXACT; DROP_SHADOW radius 80 #000000@0.25 offset 0,10 = shadow-[0_10px_80px_0_rgba(0,0,0,0.25)] EXACT; itemSpacing 32. BACKGROUND_BLUR radius 40 against the code backdrop-blur-[20px] - RECORDED, NOT CLAIMED AS A DEFECT: Figma background-blur radius and the CSS backdrop-filter blur length are different units (Figma is conventionally about 2x the CSS px), so 40 -> 20px is very likely the correct conversion. Anyone closing this must convert deliberately rather than copy either number. THIS FRAME: 442x884, cornerRadius 24, padding 24 on all four sides, footer child Frame 1178 394x62. Width/padding cross-check: footer width 394 = frame width minus 2x24. Code ships lg:rounded-2xl (24) and lg:p-6 (24) at this tier - BOTH EXACT. Width: sm:max-w-[442px] gives 442 EXACT. FOOTER MATCHES: the frame footer row is 62 tall and RightMenuFooter (rightMenuChrome.tsx) ships py-5 (20) + text-[16px]/leading-[22px] = 20+22+20 = 62 EXACT, and gap-2 = the frame gap 8 EXACT. CONTENT owner: TrackerSettingsMenu, imported TrenchTrackers.tsx:26 and rendered at :164, which DiscoverScreen.tsx:402 mounts. partial and not done: the shell geometry, fill, border, shadow and footer are measured value-for-value, but this lane did NOT measure the panel's internal control rows, and at 768/375 the footer height is a real open gap.
Right menu - Toasts - misc [13006-181430]	partial	src/components/trench-redesign/discover/TrackerSettingsMenu.tsx	/trench	RESOLVED FROM unknown. MEASURED 2026-08-31 off Figma node data (use_figma, page 13006:134300, fileKey mhF3BkzlTaGiLzJ7kvpmVc) against the shared shell RIGHT_MENU_SHEET_CLASS in src/components/trench-redesign/discover/rightMenuChrome.tsx. * STRUCTURAL FINDING: these frames are NOT boards containing a floating panel - the FRAME ITSELF IS the panel, so its own width/height/radius/padding ARE the panel geometry. Frame height decodes the tier: 884=900-2x8, 1008=1024-2x8, 796=812-2x8, i.e. the panel inset 8px on every edge, which is exactly the code inset-y-2 right-2. Unanimous across all 40 frames I read: fill #122524@0.80 = bg-[rgba(18,37,36,0.8)] EXACT; stroke #123f3c width 1 = border border-[#123F3C] EXACT; DROP_SHADOW radius 80 #000000@0.25 offset 0,10 = shadow-[0_10px_80px_0_rgba(0,0,0,0.25)] EXACT; itemSpacing 32. BACKGROUND_BLUR radius 40 against the code backdrop-blur-[20px] - RECORDED, NOT CLAIMED AS A DEFECT: Figma background-blur radius and the CSS backdrop-filter blur length are different units (Figma is conventionally about 2x the CSS px), so 40 -> 20px is very likely the correct conversion. Anyone closing this must convert deliberately rather than copy either number. THIS FRAME: 442x884, cornerRadius 24, padding 24 on all four sides, footer child Frame 1178 394x62. Width/padding cross-check: footer width 394 = frame width minus 2x24. Code ships lg:rounded-2xl (24) and lg:p-6 (24) at this tier - BOTH EXACT. Width: sm:max-w-[442px] gives 442 EXACT. FOOTER MATCHES: the frame footer row is 62 tall and RightMenuFooter (rightMenuChrome.tsx) ships py-5 (20) + text-[16px]/leading-[22px] = 20+22+20 = 62 EXACT, and gap-2 = the frame gap 8 EXACT. CONTENT owner: TrackerSettingsMenu, imported TrenchTrackers.tsx:26 and rendered at :164, which DiscoverScreen.tsx:402 mounts. partial and not done: the shell geometry, fill, border, shadow and footer are measured value-for-value, but this lane did NOT measure the panel's internal control rows, and at 768/375 the footer height is a real open gap.
Right menu - Toasts - one click [13006-181546]	partial	src/components/trench-redesign/discover/TrackerSettingsMenu.tsx	/trench	RESOLVED FROM unknown. MEASURED 2026-08-31 off Figma node data (use_figma, page 13006:134300, fileKey mhF3BkzlTaGiLzJ7kvpmVc) against the shared shell RIGHT_MENU_SHEET_CLASS in src/components/trench-redesign/discover/rightMenuChrome.tsx. * STRUCTURAL FINDING: these frames are NOT boards containing a floating panel - the FRAME ITSELF IS the panel, so its own width/height/radius/padding ARE the panel geometry. Frame height decodes the tier: 884=900-2x8, 1008=1024-2x8, 796=812-2x8, i.e. the panel inset 8px on every edge, which is exactly the code inset-y-2 right-2. Unanimous across all 40 frames I read: fill #122524@0.80 = bg-[rgba(18,37,36,0.8)] EXACT; stroke #123f3c width 1 = border border-[#123F3C] EXACT; DROP_SHADOW radius 80 #000000@0.25 offset 0,10 = shadow-[0_10px_80px_0_rgba(0,0,0,0.25)] EXACT; itemSpacing 32. BACKGROUND_BLUR radius 40 against the code backdrop-blur-[20px] - RECORDED, NOT CLAIMED AS A DEFECT: Figma background-blur radius and the CSS backdrop-filter blur length are different units (Figma is conventionally about 2x the CSS px), so 40 -> 20px is very likely the correct conversion. Anyone closing this must convert deliberately rather than copy either number. THIS FRAME: 442x884, cornerRadius 24, padding 24 on all four sides, footer child Frame 1178 394x62. Width/padding cross-check: footer width 394 = frame width minus 2x24. Code ships lg:rounded-2xl (24) and lg:p-6 (24) at this tier - BOTH EXACT. Width: sm:max-w-[442px] gives 442 EXACT. FOOTER MATCHES: the frame footer row is 62 tall and RightMenuFooter (rightMenuChrome.tsx) ships py-5 (20) + text-[16px]/leading-[22px] = 20+22+20 = 62 EXACT, and gap-2 = the frame gap 8 EXACT. CONTENT owner: TrackerSettingsMenu, imported TrenchTrackers.tsx:26 and rendered at :164, which DiscoverScreen.tsx:402 mounts. partial and not done: the shell geometry, fill, border, shadow and footer are measured value-for-value, but this lane did NOT measure the panel's internal control rows, and at 768/375 the footer height is a real open gap.
Right menu - Audit [13006-185060]	partial	src/components/trench-redesign/discover/AdjustTrenchSettings.tsx	/trench	RESOLVED FROM unknown. MEASURED 2026-08-31 off Figma node data (use_figma, page 13006:134300, fileKey mhF3BkzlTaGiLzJ7kvpmVc) against the shared shell RIGHT_MENU_SHEET_CLASS in src/components/trench-redesign/discover/rightMenuChrome.tsx. * STRUCTURAL FINDING: these frames are NOT boards containing a floating panel - the FRAME ITSELF IS the panel, so its own width/height/radius/padding ARE the panel geometry. Frame height decodes the tier: 884=900-2x8, 1008=1024-2x8, 796=812-2x8, i.e. the panel inset 8px on every edge, which is exactly the code inset-y-2 right-2. Unanimous across all 40 frames I read: fill #122524@0.80 = bg-[rgba(18,37,36,0.8)] EXACT; stroke #123f3c width 1 = border border-[#123F3C] EXACT; DROP_SHADOW radius 80 #000000@0.25 offset 0,10 = shadow-[0_10px_80px_0_rgba(0,0,0,0.25)] EXACT; itemSpacing 32. BACKGROUND_BLUR radius 40 against the code backdrop-blur-[20px] - RECORDED, NOT CLAIMED AS A DEFECT: Figma background-blur radius and the CSS backdrop-filter blur length are different units (Figma is conventionally about 2x the CSS px), so 40 -> 20px is very likely the correct conversion. Anyone closing this must convert deliberately rather than copy either number. THIS FRAME: 442x1463, cornerRadius 24, padding 24 on all four sides, footer child Frame 573 394x112. Width/padding cross-check: footer width 394 = frame width minus 2x24. Code ships lg:rounded-2xl (24) and lg:p-6 (24) at this tier - BOTH EXACT. Width: sm:max-w-[442px] gives 442 EXACT. FOOTER MATCHES: the frame footer row is 62 tall and RightMenuFooter (rightMenuChrome.tsx) ships py-5 (20) + text-[16px]/leading-[22px] = 20+22+20 = 62 EXACT, and gap-2 = the frame gap 8 EXACT. CONTENT owner: AdjustTrenchSettings, imported DiscoverScreen.tsx:15 and rendered at :431. partial and not done: the shell geometry, fill, border, shadow and footer are measured value-for-value, but this lane did NOT measure the panel's internal control rows, and at 768/375 the footer height is a real open gap.
Right menu - Metrics [13006-185256]	partial	src/components/trench-redesign/discover/AdjustTrenchSettings.tsx	/trench	RESOLVED FROM unknown. MEASURED 2026-08-31 off Figma node data (use_figma, page 13006:134300, fileKey mhF3BkzlTaGiLzJ7kvpmVc) against the shared shell RIGHT_MENU_SHEET_CLASS in src/components/trench-redesign/discover/rightMenuChrome.tsx. * STRUCTURAL FINDING: these frames are NOT boards containing a floating panel - the FRAME ITSELF IS the panel, so its own width/height/radius/padding ARE the panel geometry. Frame height decodes the tier: 884=900-2x8, 1008=1024-2x8, 796=812-2x8, i.e. the panel inset 8px on every edge, which is exactly the code inset-y-2 right-2. Unanimous across all 40 frames I read: fill #122524@0.80 = bg-[rgba(18,37,36,0.8)] EXACT; stroke #123f3c width 1 = border border-[#123F3C] EXACT; DROP_SHADOW radius 80 #000000@0.25 offset 0,10 = shadow-[0_10px_80px_0_rgba(0,0,0,0.25)] EXACT; itemSpacing 32. BACKGROUND_BLUR radius 40 against the code backdrop-blur-[20px] - RECORDED, NOT CLAIMED AS A DEFECT: Figma background-blur radius and the CSS backdrop-filter blur length are different units (Figma is conventionally about 2x the CSS px), so 40 -> 20px is very likely the correct conversion. Anyone closing this must convert deliberately rather than copy either number. THIS FRAME: 442x1154, cornerRadius 24, padding 24 on all four sides, footer child Frame 574 394x112. Width/padding cross-check: footer width 394 = frame width minus 2x24. Code ships lg:rounded-2xl (24) and lg:p-6 (24) at this tier - BOTH EXACT. Width: sm:max-w-[442px] gives 442 EXACT. FOOTER MATCHES: the frame footer row is 62 tall and RightMenuFooter (rightMenuChrome.tsx) ships py-5 (20) + text-[16px]/leading-[22px] = 20+22+20 = 62 EXACT, and gap-2 = the frame gap 8 EXACT. CONTENT owner: AdjustTrenchSettings, imported DiscoverScreen.tsx:15 and rendered at :431. partial and not done: the shell geometry, fill, border, shadow and footer are measured value-for-value, but this lane did NOT measure the panel's internal control rows, and at 768/375 the footer height is a real open gap.
Right menu - hotkeys expanded [13006-191571]	partial	src/components/trench-redesign/discover/HotkeysMenu.tsx	/trench	RESOLVED FROM unknown. MEASURED 2026-08-31 off Figma node data (use_figma, page 13006:134300, fileKey mhF3BkzlTaGiLzJ7kvpmVc) against the shared shell RIGHT_MENU_SHEET_CLASS in src/components/trench-redesign/discover/rightMenuChrome.tsx. * STRUCTURAL FINDING: these frames are NOT boards containing a floating panel - the FRAME ITSELF IS the panel, so its own width/height/radius/padding ARE the panel geometry. Frame height decodes the tier: 884=900-2x8, 1008=1024-2x8, 796=812-2x8, i.e. the panel inset 8px on every edge, which is exactly the code inset-y-2 right-2. Unanimous across all 40 frames I read: fill #122524@0.80 = bg-[rgba(18,37,36,0.8)] EXACT; stroke #123f3c width 1 = border border-[#123F3C] EXACT; DROP_SHADOW radius 80 #000000@0.25 offset 0,10 = shadow-[0_10px_80px_0_rgba(0,0,0,0.25)] EXACT; itemSpacing 32. BACKGROUND_BLUR radius 40 against the code backdrop-blur-[20px] - RECORDED, NOT CLAIMED AS A DEFECT: Figma background-blur radius and the CSS backdrop-filter blur length are different units (Figma is conventionally about 2x the CSS px), so 40 -> 20px is very likely the correct conversion. Anyone closing this must convert deliberately rather than copy either number. THIS FRAME: 442x998, cornerRadius 24, padding 24 on all four sides, footer child Frame 1178 394x62. Width/padding cross-check: footer width 394 = frame width minus 2x24. Code ships lg:rounded-2xl (24) and lg:p-6 (24) at this tier - BOTH EXACT. Width: sm:max-w-[442px] gives 442 EXACT. FOOTER MATCHES: the frame footer row is 62 tall and RightMenuFooter (rightMenuChrome.tsx) ships py-5 (20) + text-[16px]/leading-[22px] = 20+22+20 = 62 EXACT, and gap-2 = the frame gap 8 EXACT. CONTENT owner: HotkeysMenu, imported DiscoverScreen.tsx:18 and rendered at :429. partial and not done: the shell geometry, fill, border, shadow and footer are measured value-for-value, but this lane did NOT measure the panel's internal control rows, and at 768/375 the footer height is a real open gap.
Right menu - Layout [13006-194655]	partial	src/components/trench-redesign/discover/AdjustTrenchSettings.tsx	/trench	RESOLVED FROM unknown. MEASURED 2026-08-31 off Figma node data (use_figma, page 13006:134300, fileKey mhF3BkzlTaGiLzJ7kvpmVc) against the shared shell RIGHT_MENU_SHEET_CLASS in src/components/trench-redesign/discover/rightMenuChrome.tsx. * STRUCTURAL FINDING: these frames are NOT boards containing a floating panel - the FRAME ITSELF IS the panel, so its own width/height/radius/padding ARE the panel geometry. Frame height decodes the tier: 884=900-2x8, 1008=1024-2x8, 796=812-2x8, i.e. the panel inset 8px on every edge, which is exactly the code inset-y-2 right-2. Unanimous across all 40 frames I read: fill #122524@0.80 = bg-[rgba(18,37,36,0.8)] EXACT; stroke #123f3c width 1 = border border-[#123F3C] EXACT; DROP_SHADOW radius 80 #000000@0.25 offset 0,10 = shadow-[0_10px_80px_0_rgba(0,0,0,0.25)] EXACT; itemSpacing 32. BACKGROUND_BLUR radius 40 against the code backdrop-blur-[20px] - RECORDED, NOT CLAIMED AS A DEFECT: Figma background-blur radius and the CSS backdrop-filter blur length are different units (Figma is conventionally about 2x the CSS px), so 40 -> 20px is very likely the correct conversion. Anyone closing this must convert deliberately rather than copy either number. THIS FRAME: 442x953, cornerRadius 24, padding 24 on all four sides, footer child Frame 1178 394x62. Width/padding cross-check: footer width 394 = frame width minus 2x24. Code ships lg:rounded-2xl (24) and lg:p-6 (24) at this tier - BOTH EXACT. Width: sm:max-w-[442px] gives 442 EXACT. FOOTER MATCHES: the frame footer row is 62 tall and RightMenuFooter (rightMenuChrome.tsx) ships py-5 (20) + text-[16px]/leading-[22px] = 20+22+20 = 62 EXACT, and gap-2 = the frame gap 8 EXACT. CONTENT owner: AdjustTrenchSettings, imported DiscoverScreen.tsx:15 and rendered at :431. partial and not done: the shell geometry, fill, border, shadow and footer are measured value-for-value, but this lane did NOT measure the panel's internal control rows, and at 768/375 the footer height is a real open gap.
Right menu - Layout with text size ALT [13006-194784]	partial	src/components/trench-redesign/discover/AdjustTrenchSettings.tsx	/trench	RESOLVED FROM unknown. MEASURED 2026-08-31 off Figma node data (use_figma, page 13006:134300, fileKey mhF3BkzlTaGiLzJ7kvpmVc) against the shared shell RIGHT_MENU_SHEET_CLASS in src/components/trench-redesign/discover/rightMenuChrome.tsx. * STRUCTURAL FINDING: these frames are NOT boards containing a floating panel - the FRAME ITSELF IS the panel, so its own width/height/radius/padding ARE the panel geometry. Frame height decodes the tier: 884=900-2x8, 1008=1024-2x8, 796=812-2x8, i.e. the panel inset 8px on every edge, which is exactly the code inset-y-2 right-2. Unanimous across all 40 frames I read: fill #122524@0.80 = bg-[rgba(18,37,36,0.8)] EXACT; stroke #123f3c width 1 = border border-[#123F3C] EXACT; DROP_SHADOW radius 80 #000000@0.25 offset 0,10 = shadow-[0_10px_80px_0_rgba(0,0,0,0.25)] EXACT; itemSpacing 32. BACKGROUND_BLUR radius 40 against the code backdrop-blur-[20px] - RECORDED, NOT CLAIMED AS A DEFECT: Figma background-blur radius and the CSS backdrop-filter blur length are different units (Figma is conventionally about 2x the CSS px), so 40 -> 20px is very likely the correct conversion. Anyone closing this must convert deliberately rather than copy either number. THIS FRAME: 442x1068, cornerRadius 24, padding 24 on all four sides, footer child Frame 1178 394x62. Width/padding cross-check: footer width 394 = frame width minus 2x24. Code ships lg:rounded-2xl (24) and lg:p-6 (24) at this tier - BOTH EXACT. Width: sm:max-w-[442px] gives 442 EXACT. FOOTER MATCHES: the frame footer row is 62 tall and RightMenuFooter (rightMenuChrome.tsx) ships py-5 (20) + text-[16px]/leading-[22px] = 20+22+20 = 62 EXACT, and gap-2 = the frame gap 8 EXACT. CONTENT owner: AdjustTrenchSettings, imported DiscoverScreen.tsx:15 and rendered at :431. partial and not done: the shell geometry, fill, border, shadow and footer are measured value-for-value, but this lane did NOT measure the panel's internal control rows, and at 768/375 the footer height is a real open gap.
Right menu - Metrics [13006-194925]	partial	src/components/trench-redesign/discover/AdjustTrenchSettings.tsx	/trench	RESOLVED FROM unknown. MEASURED 2026-08-31 off Figma node data (use_figma, page 13006:134300, fileKey mhF3BkzlTaGiLzJ7kvpmVc) against the shared shell RIGHT_MENU_SHEET_CLASS in src/components/trench-redesign/discover/rightMenuChrome.tsx. * STRUCTURAL FINDING: these frames are NOT boards containing a floating panel - the FRAME ITSELF IS the panel, so its own width/height/radius/padding ARE the panel geometry. Frame height decodes the tier: 884=900-2x8, 1008=1024-2x8, 796=812-2x8, i.e. the panel inset 8px on every edge, which is exactly the code inset-y-2 right-2. Unanimous across all 40 frames I read: fill #122524@0.80 = bg-[rgba(18,37,36,0.8)] EXACT; stroke #123f3c width 1 = border border-[#123F3C] EXACT; DROP_SHADOW radius 80 #000000@0.25 offset 0,10 = shadow-[0_10px_80px_0_rgba(0,0,0,0.25)] EXACT; itemSpacing 32. BACKGROUND_BLUR radius 40 against the code backdrop-blur-[20px] - RECORDED, NOT CLAIMED AS A DEFECT: Figma background-blur radius and the CSS backdrop-filter blur length are different units (Figma is conventionally about 2x the CSS px), so 40 -> 20px is very likely the correct conversion. Anyone closing this must convert deliberately rather than copy either number. THIS FRAME: 442x997, cornerRadius 24, padding 24 on all four sides, footer child Frame 1178 394x62. Width/padding cross-check: footer width 394 = frame width minus 2x24. Code ships lg:rounded-2xl (24) and lg:p-6 (24) at this tier - BOTH EXACT. Width: sm:max-w-[442px] gives 442 EXACT. FOOTER MATCHES: the frame footer row is 62 tall and RightMenuFooter (rightMenuChrome.tsx) ships py-5 (20) + text-[16px]/leading-[22px] = 20+22+20 = 62 EXACT, and gap-2 = the frame gap 8 EXACT. CONTENT owner: AdjustTrenchSettings, imported DiscoverScreen.tsx:15 and rendered at :431. partial and not done: the shell geometry, fill, border, shadow and footer are measured value-for-value, but this lane did NOT measure the panel's internal control rows, and at 768/375 the footer height is a real open gap.
Right menu - Row [13006-195080]	partial	src/components/trench-redesign/discover/AdjustTrenchSettings.tsx	/trench	RESOLVED FROM unknown. MEASURED 2026-08-31 off Figma node data (use_figma, page 13006:134300, fileKey mhF3BkzlTaGiLzJ7kvpmVc) against the shared shell RIGHT_MENU_SHEET_CLASS in src/components/trench-redesign/discover/rightMenuChrome.tsx. * STRUCTURAL FINDING: these frames are NOT boards containing a floating panel - the FRAME ITSELF IS the panel, so its own width/height/radius/padding ARE the panel geometry. Frame height decodes the tier: 884=900-2x8, 1008=1024-2x8, 796=812-2x8, i.e. the panel inset 8px on every edge, which is exactly the code inset-y-2 right-2. Unanimous across all 40 frames I read: fill #122524@0.80 = bg-[rgba(18,37,36,0.8)] EXACT; stroke #123f3c width 1 = border border-[#123F3C] EXACT; DROP_SHADOW radius 80 #000000@0.25 offset 0,10 = shadow-[0_10px_80px_0_rgba(0,0,0,0.25)] EXACT; itemSpacing 32. BACKGROUND_BLUR radius 40 against the code backdrop-blur-[20px] - RECORDED, NOT CLAIMED AS A DEFECT: Figma background-blur radius and the CSS backdrop-filter blur length are different units (Figma is conventionally about 2x the CSS px), so 40 -> 20px is very likely the correct conversion. Anyone closing this must convert deliberately rather than copy either number. THIS FRAME: 442x884, cornerRadius 24, padding 24 on all four sides, footer child Frame 1178 394x62. Width/padding cross-check: footer width 394 = frame width minus 2x24. Code ships lg:rounded-2xl (24) and lg:p-6 (24) at this tier - BOTH EXACT. Width: sm:max-w-[442px] gives 442 EXACT. FOOTER MATCHES: the frame footer row is 62 tall and RightMenuFooter (rightMenuChrome.tsx) ships py-5 (20) + text-[16px]/leading-[22px] = 20+22+20 = 62 EXACT, and gap-2 = the frame gap 8 EXACT. CONTENT owner: AdjustTrenchSettings, imported DiscoverScreen.tsx:15 and rendered at :431. partial and not done: the shell geometry, fill, border, shadow and footer are measured value-for-value, but this lane did NOT measure the panel's internal control rows, and at 768/375 the footer height is a real open gap.
Right menu - Row [13006-195199]	partial	src/components/trench-redesign/discover/AdjustTrenchSettings.tsx	/trench	RESOLVED FROM unknown. MEASURED 2026-08-31 off Figma node data (use_figma, page 13006:134300, fileKey mhF3BkzlTaGiLzJ7kvpmVc) against the shared shell RIGHT_MENU_SHEET_CLASS in src/components/trench-redesign/discover/rightMenuChrome.tsx. * STRUCTURAL FINDING: these frames are NOT boards containing a floating panel - the FRAME ITSELF IS the panel, so its own width/height/radius/padding ARE the panel geometry. Frame height decodes the tier: 884=900-2x8, 1008=1024-2x8, 796=812-2x8, i.e. the panel inset 8px on every edge, which is exactly the code inset-y-2 right-2. Unanimous across all 40 frames I read: fill #122524@0.80 = bg-[rgba(18,37,36,0.8)] EXACT; stroke #123f3c width 1 = border border-[#123F3C] EXACT; DROP_SHADOW radius 80 #000000@0.25 offset 0,10 = shadow-[0_10px_80px_0_rgba(0,0,0,0.25)] EXACT; itemSpacing 32. BACKGROUND_BLUR radius 40 against the code backdrop-blur-[20px] - RECORDED, NOT CLAIMED AS A DEFECT: Figma background-blur radius and the CSS backdrop-filter blur length are different units (Figma is conventionally about 2x the CSS px), so 40 -> 20px is very likely the correct conversion. Anyone closing this must convert deliberately rather than copy either number. THIS FRAME: 442x1369, cornerRadius 24, padding 24 on all four sides, footer child Frame 1178 394x62. Width/padding cross-check: footer width 394 = frame width minus 2x24. Code ships lg:rounded-2xl (24) and lg:p-6 (24) at this tier - BOTH EXACT. Width: sm:max-w-[442px] gives 442 EXACT. FOOTER MATCHES: the frame footer row is 62 tall and RightMenuFooter (rightMenuChrome.tsx) ships py-5 (20) + text-[16px]/leading-[22px] = 20+22+20 = 62 EXACT, and gap-2 = the frame gap 8 EXACT. CONTENT owner: AdjustTrenchSettings, imported DiscoverScreen.tsx:15 and rendered at :431. partial and not done: the shell geometry, fill, border, shadow and footer are measured value-for-value, but this lane did NOT measure the panel's internal control rows, and at 768/375 the footer height is a real open gap.
Right menu - General [13006-322486]	partial	src/components/trench-redesign/discover/TrackerSettingsMenu.tsx	/trench	RESOLVED FROM unknown. MEASURED 2026-08-31 off Figma node data (use_figma, page 13006:134300, fileKey mhF3BkzlTaGiLzJ7kvpmVc) against the shared shell RIGHT_MENU_SHEET_CLASS in src/components/trench-redesign/discover/rightMenuChrome.tsx. * STRUCTURAL FINDING: these frames are NOT boards containing a floating panel - the FRAME ITSELF IS the panel, so its own width/height/radius/padding ARE the panel geometry. Frame height decodes the tier: 884=900-2x8, 1008=1024-2x8, 796=812-2x8, i.e. the panel inset 8px on every edge, which is exactly the code inset-y-2 right-2. Unanimous across all 40 frames I read: fill #122524@0.80 = bg-[rgba(18,37,36,0.8)] EXACT; stroke #123f3c width 1 = border border-[#123F3C] EXACT; DROP_SHADOW radius 80 #000000@0.25 offset 0,10 = shadow-[0_10px_80px_0_rgba(0,0,0,0.25)] EXACT; itemSpacing 32. BACKGROUND_BLUR radius 40 against the code backdrop-blur-[20px] - RECORDED, NOT CLAIMED AS A DEFECT: Figma background-blur radius and the CSS backdrop-filter blur length are different units (Figma is conventionally about 2x the CSS px), so 40 -> 20px is very likely the correct conversion. Anyone closing this must convert deliberately rather than copy either number. THIS FRAME: 442x1008, cornerRadius 16, padding 20 on all four sides, footer child Frame 1178 402x50. Width/padding cross-check: footer width 402 = frame width minus 2x20. Code ships md:rounded-xl (16) and md:p-5 (20) at this tier - BOTH EXACT. Width: sm:max-w-[442px] gives 442 EXACT. FOOTER GAP, MEASURED: the frame footer row is 50 tall; RightMenuFooter carries NO responsive variant and ships 62 at every width (py-5 20 + leading-22 + py-5 20), so it renders 12px TOO TALL here. Frame gap 8 = gap-2 matches. CONTENT owner: TrackerSettingsMenu, imported TrenchTrackers.tsx:26 and rendered at :164, which DiscoverScreen.tsx:402 mounts. partial and not done: the shell geometry, fill, border, shadow and footer are measured value-for-value, but this lane did NOT measure the panel's internal control rows, and at 768/375 the footer height is a real open gap.
Right menu - Toasts - display [13006-322697]	partial	src/components/trench-redesign/discover/TrackerSettingsMenu.tsx	/trench	RESOLVED FROM unknown. MEASURED 2026-08-31 off Figma node data (use_figma, page 13006:134300, fileKey mhF3BkzlTaGiLzJ7kvpmVc) against the shared shell RIGHT_MENU_SHEET_CLASS in src/components/trench-redesign/discover/rightMenuChrome.tsx. * STRUCTURAL FINDING: these frames are NOT boards containing a floating panel - the FRAME ITSELF IS the panel, so its own width/height/radius/padding ARE the panel geometry. Frame height decodes the tier: 884=900-2x8, 1008=1024-2x8, 796=812-2x8, i.e. the panel inset 8px on every edge, which is exactly the code inset-y-2 right-2. Unanimous across all 40 frames I read: fill #122524@0.80 = bg-[rgba(18,37,36,0.8)] EXACT; stroke #123f3c width 1 = border border-[#123F3C] EXACT; DROP_SHADOW radius 80 #000000@0.25 offset 0,10 = shadow-[0_10px_80px_0_rgba(0,0,0,0.25)] EXACT; itemSpacing 32. BACKGROUND_BLUR radius 40 against the code backdrop-blur-[20px] - RECORDED, NOT CLAIMED AS A DEFECT: Figma background-blur radius and the CSS backdrop-filter blur length are different units (Figma is conventionally about 2x the CSS px), so 40 -> 20px is very likely the correct conversion. Anyone closing this must convert deliberately rather than copy either number. THIS FRAME: 442x1008, cornerRadius 16, padding 20 on all four sides, footer child Frame 1178 402x50. Width/padding cross-check: footer width 402 = frame width minus 2x20. Code ships md:rounded-xl (16) and md:p-5 (20) at this tier - BOTH EXACT. Width: sm:max-w-[442px] gives 442 EXACT. FOOTER GAP, MEASURED: the frame footer row is 50 tall; RightMenuFooter carries NO responsive variant and ships 62 at every width (py-5 20 + leading-22 + py-5 20), so it renders 12px TOO TALL here. Frame gap 8 = gap-2 matches. CONTENT owner: TrackerSettingsMenu, imported TrenchTrackers.tsx:26 and rendered at :164, which DiscoverScreen.tsx:402 mounts. partial and not done: the shell geometry, fill, border, shadow and footer are measured value-for-value, but this lane did NOT measure the panel's internal control rows, and at 768/375 the footer height is a real open gap.
Right menu - Toasts - misc [13006-322818]	partial	src/components/trench-redesign/discover/TrackerSettingsMenu.tsx	/trench	RESOLVED FROM unknown. MEASURED 2026-08-31 off Figma node data (use_figma, page 13006:134300, fileKey mhF3BkzlTaGiLzJ7kvpmVc) against the shared shell RIGHT_MENU_SHEET_CLASS in src/components/trench-redesign/discover/rightMenuChrome.tsx. * STRUCTURAL FINDING: these frames are NOT boards containing a floating panel - the FRAME ITSELF IS the panel, so its own width/height/radius/padding ARE the panel geometry. Frame height decodes the tier: 884=900-2x8, 1008=1024-2x8, 796=812-2x8, i.e. the panel inset 8px on every edge, which is exactly the code inset-y-2 right-2. Unanimous across all 40 frames I read: fill #122524@0.80 = bg-[rgba(18,37,36,0.8)] EXACT; stroke #123f3c width 1 = border border-[#123F3C] EXACT; DROP_SHADOW radius 80 #000000@0.25 offset 0,10 = shadow-[0_10px_80px_0_rgba(0,0,0,0.25)] EXACT; itemSpacing 32. BACKGROUND_BLUR radius 40 against the code backdrop-blur-[20px] - RECORDED, NOT CLAIMED AS A DEFECT: Figma background-blur radius and the CSS backdrop-filter blur length are different units (Figma is conventionally about 2x the CSS px), so 40 -> 20px is very likely the correct conversion. Anyone closing this must convert deliberately rather than copy either number. THIS FRAME: 442x1008, cornerRadius 16, padding 20 on all four sides, footer child Frame 1178 402x50. Width/padding cross-check: footer width 402 = frame width minus 2x20. Code ships md:rounded-xl (16) and md:p-5 (20) at this tier - BOTH EXACT. Width: sm:max-w-[442px] gives 442 EXACT. FOOTER GAP, MEASURED: the frame footer row is 50 tall; RightMenuFooter carries NO responsive variant and ships 62 at every width (py-5 20 + leading-22 + py-5 20), so it renders 12px TOO TALL here. Frame gap 8 = gap-2 matches. CONTENT owner: TrackerSettingsMenu, imported TrenchTrackers.tsx:26 and rendered at :164, which DiscoverScreen.tsx:402 mounts. partial and not done: the shell geometry, fill, border, shadow and footer are measured value-for-value, but this lane did NOT measure the panel's internal control rows, and at 768/375 the footer height is a real open gap.
Right menu - Toasts - one click [13006-322932]	partial	src/components/trench-redesign/discover/TrackerSettingsMenu.tsx	/trench	RESOLVED FROM unknown. MEASURED 2026-08-31 off Figma node data (use_figma, page 13006:134300, fileKey mhF3BkzlTaGiLzJ7kvpmVc) against the shared shell RIGHT_MENU_SHEET_CLASS in src/components/trench-redesign/discover/rightMenuChrome.tsx. * STRUCTURAL FINDING: these frames are NOT boards containing a floating panel - the FRAME ITSELF IS the panel, so its own width/height/radius/padding ARE the panel geometry. Frame height decodes the tier: 884=900-2x8, 1008=1024-2x8, 796=812-2x8, i.e. the panel inset 8px on every edge, which is exactly the code inset-y-2 right-2. Unanimous across all 40 frames I read: fill #122524@0.80 = bg-[rgba(18,37,36,0.8)] EXACT; stroke #123f3c width 1 = border border-[#123F3C] EXACT; DROP_SHADOW radius 80 #000000@0.25 offset 0,10 = shadow-[0_10px_80px_0_rgba(0,0,0,0.25)] EXACT; itemSpacing 32. BACKGROUND_BLUR radius 40 against the code backdrop-blur-[20px] - RECORDED, NOT CLAIMED AS A DEFECT: Figma background-blur radius and the CSS backdrop-filter blur length are different units (Figma is conventionally about 2x the CSS px), so 40 -> 20px is very likely the correct conversion. Anyone closing this must convert deliberately rather than copy either number. THIS FRAME: 442x1008, cornerRadius 16, padding 20 on all four sides, footer child Frame 1178 402x50. Width/padding cross-check: footer width 402 = frame width minus 2x20. Code ships md:rounded-xl (16) and md:p-5 (20) at this tier - BOTH EXACT. Width: sm:max-w-[442px] gives 442 EXACT. FOOTER GAP, MEASURED: the frame footer row is 50 tall; RightMenuFooter carries NO responsive variant and ships 62 at every width (py-5 20 + leading-22 + py-5 20), so it renders 12px TOO TALL here. Frame gap 8 = gap-2 matches. CONTENT owner: TrackerSettingsMenu, imported TrenchTrackers.tsx:26 and rendered at :164, which DiscoverScreen.tsx:402 mounts. partial and not done: the shell geometry, fill, border, shadow and footer are measured value-for-value, but this lane did NOT measure the panel's internal control rows, and at 768/375 the footer height is a real open gap.
Right menu - Layout [13006-323170]	partial	src/components/trench-redesign/discover/AdjustTrenchSettings.tsx	/trench	RESOLVED FROM unknown. MEASURED 2026-08-31 off Figma node data (use_figma, page 13006:134300, fileKey mhF3BkzlTaGiLzJ7kvpmVc) against the shared shell RIGHT_MENU_SHEET_CLASS in src/components/trench-redesign/discover/rightMenuChrome.tsx. * STRUCTURAL FINDING: these frames are NOT boards containing a floating panel - the FRAME ITSELF IS the panel, so its own width/height/radius/padding ARE the panel geometry. Frame height decodes the tier: 884=900-2x8, 1008=1024-2x8, 796=812-2x8, i.e. the panel inset 8px on every edge, which is exactly the code inset-y-2 right-2. Unanimous across all 40 frames I read: fill #122524@0.80 = bg-[rgba(18,37,36,0.8)] EXACT; stroke #123f3c width 1 = border border-[#123F3C] EXACT; DROP_SHADOW radius 80 #000000@0.25 offset 0,10 = shadow-[0_10px_80px_0_rgba(0,0,0,0.25)] EXACT; itemSpacing 32. BACKGROUND_BLUR radius 40 against the code backdrop-blur-[20px] - RECORDED, NOT CLAIMED AS A DEFECT: Figma background-blur radius and the CSS backdrop-filter blur length are different units (Figma is conventionally about 2x the CSS px), so 40 -> 20px is very likely the correct conversion. Anyone closing this must convert deliberately rather than copy either number. THIS FRAME: 442x1008, cornerRadius 16, padding 20 on all four sides, footer child Frame 1178 402x50. Width/padding cross-check: footer width 402 = frame width minus 2x20. Code ships md:rounded-xl (16) and md:p-5 (20) at this tier - BOTH EXACT. Width: sm:max-w-[442px] gives 442 EXACT. FOOTER GAP, MEASURED: the frame footer row is 50 tall; RightMenuFooter carries NO responsive variant and ships 62 at every width (py-5 20 + leading-22 + py-5 20), so it renders 12px TOO TALL here. Frame gap 8 = gap-2 matches. CONTENT owner: AdjustTrenchSettings, imported DiscoverScreen.tsx:15 and rendered at :431. partial and not done: the shell geometry, fill, border, shadow and footer are measured value-for-value, but this lane did NOT measure the panel's internal control rows, and at 768/375 the footer height is a real open gap.
Right menu - Metrics [13006-323311]	partial	src/components/trench-redesign/discover/AdjustTrenchSettings.tsx	/trench	RESOLVED FROM unknown. MEASURED 2026-08-31 off Figma node data (use_figma, page 13006:134300, fileKey mhF3BkzlTaGiLzJ7kvpmVc) against the shared shell RIGHT_MENU_SHEET_CLASS in src/components/trench-redesign/discover/rightMenuChrome.tsx. * STRUCTURAL FINDING: these frames are NOT boards containing a floating panel - the FRAME ITSELF IS the panel, so its own width/height/radius/padding ARE the panel geometry. Frame height decodes the tier: 884=900-2x8, 1008=1024-2x8, 796=812-2x8, i.e. the panel inset 8px on every edge, which is exactly the code inset-y-2 right-2. Unanimous across all 40 frames I read: fill #122524@0.80 = bg-[rgba(18,37,36,0.8)] EXACT; stroke #123f3c width 1 = border border-[#123F3C] EXACT; DROP_SHADOW radius 80 #000000@0.25 offset 0,10 = shadow-[0_10px_80px_0_rgba(0,0,0,0.25)] EXACT; itemSpacing 32. BACKGROUND_BLUR radius 40 against the code backdrop-blur-[20px] - RECORDED, NOT CLAIMED AS A DEFECT: Figma background-blur radius and the CSS backdrop-filter blur length are different units (Figma is conventionally about 2x the CSS px), so 40 -> 20px is very likely the correct conversion. Anyone closing this must convert deliberately rather than copy either number. THIS FRAME: 442x1008, cornerRadius 16, padding 20 on all four sides, footer child Frame 1178 402x50. Width/padding cross-check: footer width 402 = frame width minus 2x20. Code ships md:rounded-xl (16) and md:p-5 (20) at this tier - BOTH EXACT. Width: sm:max-w-[442px] gives 442 EXACT. FOOTER GAP, MEASURED: the frame footer row is 50 tall; RightMenuFooter carries NO responsive variant and ships 62 at every width (py-5 20 + leading-22 + py-5 20), so it renders 12px TOO TALL here. Frame gap 8 = gap-2 matches. CONTENT owner: AdjustTrenchSettings, imported DiscoverScreen.tsx:15 and rendered at :431. partial and not done: the shell geometry, fill, border, shadow and footer are measured value-for-value, but this lane did NOT measure the panel's internal control rows, and at 768/375 the footer height is a real open gap.
Right menu - Row [13006-323466]	partial	src/components/trench-redesign/discover/AdjustTrenchSettings.tsx	/trench	RESOLVED FROM unknown. MEASURED 2026-08-31 off Figma node data (use_figma, page 13006:134300, fileKey mhF3BkzlTaGiLzJ7kvpmVc) against the shared shell RIGHT_MENU_SHEET_CLASS in src/components/trench-redesign/discover/rightMenuChrome.tsx. * STRUCTURAL FINDING: these frames are NOT boards containing a floating panel - the FRAME ITSELF IS the panel, so its own width/height/radius/padding ARE the panel geometry. Frame height decodes the tier: 884=900-2x8, 1008=1024-2x8, 796=812-2x8, i.e. the panel inset 8px on every edge, which is exactly the code inset-y-2 right-2. Unanimous across all 40 frames I read: fill #122524@0.80 = bg-[rgba(18,37,36,0.8)] EXACT; stroke #123f3c width 1 = border border-[#123F3C] EXACT; DROP_SHADOW radius 80 #000000@0.25 offset 0,10 = shadow-[0_10px_80px_0_rgba(0,0,0,0.25)] EXACT; itemSpacing 32. BACKGROUND_BLUR radius 40 against the code backdrop-blur-[20px] - RECORDED, NOT CLAIMED AS A DEFECT: Figma background-blur radius and the CSS backdrop-filter blur length are different units (Figma is conventionally about 2x the CSS px), so 40 -> 20px is very likely the correct conversion. Anyone closing this must convert deliberately rather than copy either number. THIS FRAME: 442x1008, cornerRadius 16, padding 20 on all four sides, footer child Frame 1178 402x50. Width/padding cross-check: footer width 402 = frame width minus 2x20. Code ships md:rounded-xl (16) and md:p-5 (20) at this tier - BOTH EXACT. Width: sm:max-w-[442px] gives 442 EXACT. FOOTER GAP, MEASURED: the frame footer row is 50 tall; RightMenuFooter carries NO responsive variant and ships 62 at every width (py-5 20 + leading-22 + py-5 20), so it renders 12px TOO TALL here. Frame gap 8 = gap-2 matches. CONTENT owner: AdjustTrenchSettings, imported DiscoverScreen.tsx:15 and rendered at :431. partial and not done: the shell geometry, fill, border, shadow and footer are measured value-for-value, but this lane did NOT measure the panel's internal control rows, and at 768/375 the footer height is a real open gap.
Right menu - Row [13006-323585]	partial	src/components/trench-redesign/discover/AdjustTrenchSettings.tsx	/trench	RESOLVED FROM unknown. MEASURED 2026-08-31 off Figma node data (use_figma, page 13006:134300, fileKey mhF3BkzlTaGiLzJ7kvpmVc) against the shared shell RIGHT_MENU_SHEET_CLASS in src/components/trench-redesign/discover/rightMenuChrome.tsx. * STRUCTURAL FINDING: these frames are NOT boards containing a floating panel - the FRAME ITSELF IS the panel, so its own width/height/radius/padding ARE the panel geometry. Frame height decodes the tier: 884=900-2x8, 1008=1024-2x8, 796=812-2x8, i.e. the panel inset 8px on every edge, which is exactly the code inset-y-2 right-2. Unanimous across all 40 frames I read: fill #122524@0.80 = bg-[rgba(18,37,36,0.8)] EXACT; stroke #123f3c width 1 = border border-[#123F3C] EXACT; DROP_SHADOW radius 80 #000000@0.25 offset 0,10 = shadow-[0_10px_80px_0_rgba(0,0,0,0.25)] EXACT; itemSpacing 32. BACKGROUND_BLUR radius 40 against the code backdrop-blur-[20px] - RECORDED, NOT CLAIMED AS A DEFECT: Figma background-blur radius and the CSS backdrop-filter blur length are different units (Figma is conventionally about 2x the CSS px), so 40 -> 20px is very likely the correct conversion. Anyone closing this must convert deliberately rather than copy either number. THIS FRAME: 442x1278, cornerRadius 16, padding 20 on all four sides, footer child Frame 1178 402x50. Width/padding cross-check: footer width 402 = frame width minus 2x20. Code ships md:rounded-xl (16) and md:p-5 (20) at this tier - BOTH EXACT. Width: sm:max-w-[442px] gives 442 EXACT. FOOTER GAP, MEASURED: the frame footer row is 50 tall; RightMenuFooter carries NO responsive variant and ships 62 at every width (py-5 20 + leading-22 + py-5 20), so it renders 12px TOO TALL here. Frame gap 8 = gap-2 matches. CONTENT owner: AdjustTrenchSettings, imported DiscoverScreen.tsx:15 and rendered at :431. partial and not done: the shell geometry, fill, border, shadow and footer are measured value-for-value, but this lane did NOT measure the panel's internal control rows, and at 768/375 the footer height is a real open gap.
Right menu - layout with text size ALT [13006-158618]	partial	src/components/trench-redesign/discover/AdjustTrenchSettings.tsx	/trench	RESOLVED FROM unknown. MEASURED 2026-08-31 off Figma node data (use_figma, page 13006:134300, fileKey mhF3BkzlTaGiLzJ7kvpmVc) against the shared shell RIGHT_MENU_SHEET_CLASS in src/components/trench-redesign/discover/rightMenuChrome.tsx. * STRUCTURAL FINDING: these frames are NOT boards containing a floating panel - the FRAME ITSELF IS the panel, so its own width/height/radius/padding ARE the panel geometry. Frame height decodes the tier: 884=900-2x8, 1008=1024-2x8, 796=812-2x8, i.e. the panel inset 8px on every edge, which is exactly the code inset-y-2 right-2. Unanimous across all 40 frames I read: fill #122524@0.80 = bg-[rgba(18,37,36,0.8)] EXACT; stroke #123f3c width 1 = border border-[#123F3C] EXACT; DROP_SHADOW radius 80 #000000@0.25 offset 0,10 = shadow-[0_10px_80px_0_rgba(0,0,0,0.25)] EXACT; itemSpacing 32. BACKGROUND_BLUR radius 40 against the code backdrop-blur-[20px] - RECORDED, NOT CLAIMED AS A DEFECT: Figma background-blur radius and the CSS backdrop-filter blur length are different units (Figma is conventionally about 2x the CSS px), so 40 -> 20px is very likely the correct conversion. Anyone closing this must convert deliberately rather than copy either number. THIS FRAME: 359x968, cornerRadius 12, padding 12 on all four sides, footer child Frame 1178 335x44. Width/padding cross-check: footer width 335 = frame width minus 2x12. Code ships rounded-lg (12) and p-3 (12) at this tier - BOTH EXACT. Width: w-[calc(100%-1rem)] gives 375-16 = 359 EXACT. FOOTER GAP, MEASURED: the frame footer row is 44 tall against the code 62 (py-5 20 + leading-22 + py-5 20, no responsive variant), so it renders 18px TOO TALL here - the largest instance of this gap. Frame gap 8 = gap-2 matches. CONTENT owner: AdjustTrenchSettings, imported DiscoverScreen.tsx:15 and rendered at :431. partial and not done: the shell geometry, fill, border, shadow and footer are measured value-for-value, but this lane did NOT measure the panel's internal control rows, and at 768/375 the footer height is a real open gap.
Right menu - layout [13006-158772]	partial	src/components/trench-redesign/discover/AdjustTrenchSettings.tsx	/trench	RESOLVED FROM unknown. MEASURED 2026-08-31 off Figma node data (use_figma, page 13006:134300, fileKey mhF3BkzlTaGiLzJ7kvpmVc) against the shared shell RIGHT_MENU_SHEET_CLASS in src/components/trench-redesign/discover/rightMenuChrome.tsx. * STRUCTURAL FINDING: these frames are NOT boards containing a floating panel - the FRAME ITSELF IS the panel, so its own width/height/radius/padding ARE the panel geometry. Frame height decodes the tier: 884=900-2x8, 1008=1024-2x8, 796=812-2x8, i.e. the panel inset 8px on every edge, which is exactly the code inset-y-2 right-2. Unanimous across all 40 frames I read: fill #122524@0.80 = bg-[rgba(18,37,36,0.8)] EXACT; stroke #123f3c width 1 = border border-[#123F3C] EXACT; DROP_SHADOW radius 80 #000000@0.25 offset 0,10 = shadow-[0_10px_80px_0_rgba(0,0,0,0.25)] EXACT; itemSpacing 32. BACKGROUND_BLUR radius 40 against the code backdrop-blur-[20px] - RECORDED, NOT CLAIMED AS A DEFECT: Figma background-blur radius and the CSS backdrop-filter blur length are different units (Figma is conventionally about 2x the CSS px), so 40 -> 20px is very likely the correct conversion. Anyone closing this must convert deliberately rather than copy either number. THIS FRAME: 359x884, cornerRadius 12, padding 12 on all four sides, footer child Frame 1178 335x44. Width/padding cross-check: footer width 335 = frame width minus 2x12. Code ships rounded-lg (12) and p-3 (12) at this tier - BOTH EXACT. Width: w-[calc(100%-1rem)] gives 375-16 = 359 EXACT. FOOTER GAP, MEASURED: the frame footer row is 44 tall against the code 62 (py-5 20 + leading-22 + py-5 20, no responsive variant), so it renders 18px TOO TALL here - the largest instance of this gap. Frame gap 8 = gap-2 matches. CONTENT owner: AdjustTrenchSettings, imported DiscoverScreen.tsx:15 and rendered at :431. partial and not done: the shell geometry, fill, border, shadow and footer are measured value-for-value, but this lane did NOT measure the panel's internal control rows, and at 768/375 the footer height is a real open gap.
Right menu - metrics [13006-158914]	partial	src/components/trench-redesign/discover/AdjustTrenchSettings.tsx	/trench	RESOLVED FROM unknown. MEASURED 2026-08-31 off Figma node data (use_figma, page 13006:134300, fileKey mhF3BkzlTaGiLzJ7kvpmVc) against the shared shell RIGHT_MENU_SHEET_CLASS in src/components/trench-redesign/discover/rightMenuChrome.tsx. * STRUCTURAL FINDING: these frames are NOT boards containing a floating panel - the FRAME ITSELF IS the panel, so its own width/height/radius/padding ARE the panel geometry. Frame height decodes the tier: 884=900-2x8, 1008=1024-2x8, 796=812-2x8, i.e. the panel inset 8px on every edge, which is exactly the code inset-y-2 right-2. Unanimous across all 40 frames I read: fill #122524@0.80 = bg-[rgba(18,37,36,0.8)] EXACT; stroke #123f3c width 1 = border border-[#123F3C] EXACT; DROP_SHADOW radius 80 #000000@0.25 offset 0,10 = shadow-[0_10px_80px_0_rgba(0,0,0,0.25)] EXACT; itemSpacing 32. BACKGROUND_BLUR radius 40 against the code backdrop-blur-[20px] - RECORDED, NOT CLAIMED AS A DEFECT: Figma background-blur radius and the CSS backdrop-filter blur length are different units (Figma is conventionally about 2x the CSS px), so 40 -> 20px is very likely the correct conversion. Anyone closing this must convert deliberately rather than copy either number. THIS FRAME: 359x884, cornerRadius 12, padding 12 on all four sides, footer child Frame 1178 335x44. Width/padding cross-check: footer width 335 = frame width minus 2x12. Code ships rounded-lg (12) and p-3 (12) at this tier - BOTH EXACT. Width: w-[calc(100%-1rem)] gives 375-16 = 359 EXACT. FOOTER GAP, MEASURED: the frame footer row is 44 tall against the code 62 (py-5 20 + leading-22 + py-5 20, no responsive variant), so it renders 18px TOO TALL here - the largest instance of this gap. Frame gap 8 = gap-2 matches. CONTENT owner: AdjustTrenchSettings, imported DiscoverScreen.tsx:15 and rendered at :431. partial and not done: the shell geometry, fill, border, shadow and footer are measured value-for-value, but this lane did NOT measure the panel's internal control rows, and at 768/375 the footer height is a real open gap.
Right menu - row [13006-159069]	partial	src/components/trench-redesign/discover/AdjustTrenchSettings.tsx	/trench	RESOLVED FROM unknown. MEASURED 2026-08-31 off Figma node data (use_figma, page 13006:134300, fileKey mhF3BkzlTaGiLzJ7kvpmVc) against the shared shell RIGHT_MENU_SHEET_CLASS in src/components/trench-redesign/discover/rightMenuChrome.tsx. * STRUCTURAL FINDING: these frames are NOT boards containing a floating panel - the FRAME ITSELF IS the panel, so its own width/height/radius/padding ARE the panel geometry. Frame height decodes the tier: 884=900-2x8, 1008=1024-2x8, 796=812-2x8, i.e. the panel inset 8px on every edge, which is exactly the code inset-y-2 right-2. Unanimous across all 40 frames I read: fill #122524@0.80 = bg-[rgba(18,37,36,0.8)] EXACT; stroke #123f3c width 1 = border border-[#123F3C] EXACT; DROP_SHADOW radius 80 #000000@0.25 offset 0,10 = shadow-[0_10px_80px_0_rgba(0,0,0,0.25)] EXACT; itemSpacing 32. BACKGROUND_BLUR radius 40 against the code backdrop-blur-[20px] - RECORDED, NOT CLAIMED AS A DEFECT: Figma background-blur radius and the CSS backdrop-filter blur length are different units (Figma is conventionally about 2x the CSS px), so 40 -> 20px is very likely the correct conversion. Anyone closing this must convert deliberately rather than copy either number. THIS FRAME: 359x884, cornerRadius 12, padding 12 on all four sides, footer child Frame 1178 335x44. Width/padding cross-check: footer width 335 = frame width minus 2x12. Code ships rounded-lg (12) and p-3 (12) at this tier - BOTH EXACT. Width: w-[calc(100%-1rem)] gives 375-16 = 359 EXACT. FOOTER GAP, MEASURED: the frame footer row is 44 tall against the code 62 (py-5 20 + leading-22 + py-5 20, no responsive variant), so it renders 18px TOO TALL here - the largest instance of this gap. Frame gap 8 = gap-2 matches. CONTENT owner: AdjustTrenchSettings, imported DiscoverScreen.tsx:15 and rendered at :431. partial and not done: the shell geometry, fill, border, shadow and footer are measured value-for-value, but this lane did NOT measure the panel's internal control rows, and at 768/375 the footer height is a real open gap.
Right menu - extras [13006-159189]	partial	src/components/trench-redesign/discover/AdjustTrenchSettings.tsx	/trench	RESOLVED FROM unknown. MEASURED 2026-08-31 off Figma node data (use_figma, page 13006:134300, fileKey mhF3BkzlTaGiLzJ7kvpmVc) against the shared shell RIGHT_MENU_SHEET_CLASS in src/components/trench-redesign/discover/rightMenuChrome.tsx. * STRUCTURAL FINDING: these frames are NOT boards containing a floating panel - the FRAME ITSELF IS the panel, so its own width/height/radius/padding ARE the panel geometry. Frame height decodes the tier: 884=900-2x8, 1008=1024-2x8, 796=812-2x8, i.e. the panel inset 8px on every edge, which is exactly the code inset-y-2 right-2. Unanimous across all 40 frames I read: fill #122524@0.80 = bg-[rgba(18,37,36,0.8)] EXACT; stroke #123f3c width 1 = border border-[#123F3C] EXACT; DROP_SHADOW radius 80 #000000@0.25 offset 0,10 = shadow-[0_10px_80px_0_rgba(0,0,0,0.25)] EXACT; itemSpacing 32. BACKGROUND_BLUR radius 40 against the code backdrop-blur-[20px] - RECORDED, NOT CLAIMED AS A DEFECT: Figma background-blur radius and the CSS backdrop-filter blur length are different units (Figma is conventionally about 2x the CSS px), so 40 -> 20px is very likely the correct conversion. Anyone closing this must convert deliberately rather than copy either number. THIS FRAME: 359x1270, cornerRadius 12, padding 12 on all four sides, footer child Frame 1178 335x44. Width/padding cross-check: footer width 335 = frame width minus 2x12. Code ships rounded-lg (12) and p-3 (12) at this tier - BOTH EXACT. Width: w-[calc(100%-1rem)] gives 375-16 = 359 EXACT. FOOTER GAP, MEASURED: the frame footer row is 44 tall against the code 62 (py-5 20 + leading-22 + py-5 20, no responsive variant), so it renders 18px TOO TALL here - the largest instance of this gap. Frame gap 8 = gap-2 matches. CONTENT owner: AdjustTrenchSettings, imported DiscoverScreen.tsx:15 and rendered at :431. partial and not done: the shell geometry, fill, border, shadow and footer are measured value-for-value, but this lane did NOT measure the panel's internal control rows, and at 768/375 the footer height is a real open gap.
Right menu - General [13006-181656]	partial	src/components/trench-redesign/discover/TrackerSettingsMenu.tsx	/trench	RESOLVED FROM unknown. MEASURED 2026-08-31 off Figma node data (use_figma, page 13006:134300, fileKey mhF3BkzlTaGiLzJ7kvpmVc) against the shared shell RIGHT_MENU_SHEET_CLASS in src/components/trench-redesign/discover/rightMenuChrome.tsx. * STRUCTURAL FINDING: these frames are NOT boards containing a floating panel - the FRAME ITSELF IS the panel, so its own width/height/radius/padding ARE the panel geometry. Frame height decodes the tier: 884=900-2x8, 1008=1024-2x8, 796=812-2x8, i.e. the panel inset 8px on every edge, which is exactly the code inset-y-2 right-2. Unanimous across all 40 frames I read: fill #122524@0.80 = bg-[rgba(18,37,36,0.8)] EXACT; stroke #123f3c width 1 = border border-[#123F3C] EXACT; DROP_SHADOW radius 80 #000000@0.25 offset 0,10 = shadow-[0_10px_80px_0_rgba(0,0,0,0.25)] EXACT; itemSpacing 32. BACKGROUND_BLUR radius 40 against the code backdrop-blur-[20px] - RECORDED, NOT CLAIMED AS A DEFECT: Figma background-blur radius and the CSS backdrop-filter blur length are different units (Figma is conventionally about 2x the CSS px), so 40 -> 20px is very likely the correct conversion. Anyone closing this must convert deliberately rather than copy either number. THIS FRAME: 359x796, cornerRadius 12, padding 12 on all four sides, footer child Frame 1178 335x44. Width/padding cross-check: footer width 335 = frame width minus 2x12. Code ships rounded-lg (12) and p-3 (12) at this tier - BOTH EXACT. Width: w-[calc(100%-1rem)] gives 375-16 = 359 EXACT. FOOTER GAP, MEASURED: the frame footer row is 44 tall against the code 62 (py-5 20 + leading-22 + py-5 20, no responsive variant), so it renders 18px TOO TALL here - the largest instance of this gap. Frame gap 8 = gap-2 matches. CONTENT owner: TrackerSettingsMenu, imported TrenchTrackers.tsx:26 and rendered at :164, which DiscoverScreen.tsx:402 mounts. partial and not done: the shell geometry, fill, border, shadow and footer are measured value-for-value, but this lane did NOT measure the panel's internal control rows, and at 768/375 the footer height is a real open gap.
Right menu - Toasts - display [13006-181753]	partial	src/components/trench-redesign/discover/TrackerSettingsMenu.tsx	/trench	RESOLVED FROM unknown. MEASURED 2026-08-31 off Figma node data (use_figma, page 13006:134300, fileKey mhF3BkzlTaGiLzJ7kvpmVc) against the shared shell RIGHT_MENU_SHEET_CLASS in src/components/trench-redesign/discover/rightMenuChrome.tsx. * STRUCTURAL FINDING: these frames are NOT boards containing a floating panel - the FRAME ITSELF IS the panel, so its own width/height/radius/padding ARE the panel geometry. Frame height decodes the tier: 884=900-2x8, 1008=1024-2x8, 796=812-2x8, i.e. the panel inset 8px on every edge, which is exactly the code inset-y-2 right-2. Unanimous across all 40 frames I read: fill #122524@0.80 = bg-[rgba(18,37,36,0.8)] EXACT; stroke #123f3c width 1 = border border-[#123F3C] EXACT; DROP_SHADOW radius 80 #000000@0.25 offset 0,10 = shadow-[0_10px_80px_0_rgba(0,0,0,0.25)] EXACT; itemSpacing 32. BACKGROUND_BLUR radius 40 against the code backdrop-blur-[20px] - RECORDED, NOT CLAIMED AS A DEFECT: Figma background-blur radius and the CSS backdrop-filter blur length are different units (Figma is conventionally about 2x the CSS px), so 40 -> 20px is very likely the correct conversion. Anyone closing this must convert deliberately rather than copy either number. THIS FRAME: 359x796, cornerRadius 12, padding 12 on all four sides, footer child Frame 1178 335x44. Width/padding cross-check: footer width 335 = frame width minus 2x12. Code ships rounded-lg (12) and p-3 (12) at this tier - BOTH EXACT. Width: w-[calc(100%-1rem)] gives 375-16 = 359 EXACT. FOOTER GAP, MEASURED: the frame footer row is 44 tall against the code 62 (py-5 20 + leading-22 + py-5 20, no responsive variant), so it renders 18px TOO TALL here - the largest instance of this gap. Frame gap 8 = gap-2 matches. CONTENT owner: TrackerSettingsMenu, imported TrenchTrackers.tsx:26 and rendered at :164, which DiscoverScreen.tsx:402 mounts. partial and not done: the shell geometry, fill, border, shadow and footer are measured value-for-value, but this lane did NOT measure the panel's internal control rows, and at 768/375 the footer height is a real open gap.
Right menu - Toasts - misc [13006-181991]	partial	src/components/trench-redesign/discover/TrackerSettingsMenu.tsx	/trench	RESOLVED FROM unknown. MEASURED 2026-08-31 off Figma node data (use_figma, page 13006:134300, fileKey mhF3BkzlTaGiLzJ7kvpmVc) against the shared shell RIGHT_MENU_SHEET_CLASS in src/components/trench-redesign/discover/rightMenuChrome.tsx. * STRUCTURAL FINDING: these frames are NOT boards containing a floating panel - the FRAME ITSELF IS the panel, so its own width/height/radius/padding ARE the panel geometry. Frame height decodes the tier: 884=900-2x8, 1008=1024-2x8, 796=812-2x8, i.e. the panel inset 8px on every edge, which is exactly the code inset-y-2 right-2. Unanimous across all 40 frames I read: fill #122524@0.80 = bg-[rgba(18,37,36,0.8)] EXACT; stroke #123f3c width 1 = border border-[#123F3C] EXACT; DROP_SHADOW radius 80 #000000@0.25 offset 0,10 = shadow-[0_10px_80px_0_rgba(0,0,0,0.25)] EXACT; itemSpacing 32. BACKGROUND_BLUR radius 40 against the code backdrop-blur-[20px] - RECORDED, NOT CLAIMED AS A DEFECT: Figma background-blur radius and the CSS backdrop-filter blur length are different units (Figma is conventionally about 2x the CSS px), so 40 -> 20px is very likely the correct conversion. Anyone closing this must convert deliberately rather than copy either number. THIS FRAME: 359x796, cornerRadius 12, padding 12 on all four sides, footer child Frame 1178 335x44. Width/padding cross-check: footer width 335 = frame width minus 2x12. Code ships rounded-lg (12) and p-3 (12) at this tier - BOTH EXACT. Width: w-[calc(100%-1rem)] gives 375-16 = 359 EXACT. FOOTER GAP, MEASURED: the frame footer row is 44 tall against the code 62 (py-5 20 + leading-22 + py-5 20, no responsive variant), so it renders 18px TOO TALL here - the largest instance of this gap. Frame gap 8 = gap-2 matches. CONTENT owner: TrackerSettingsMenu, imported TrenchTrackers.tsx:26 and rendered at :164, which DiscoverScreen.tsx:402 mounts. partial and not done: the shell geometry, fill, border, shadow and footer are measured value-for-value, but this lane did NOT measure the panel's internal control rows, and at 768/375 the footer height is a real open gap.
Right menu - Toasts - one click [13006-182106]	partial	src/components/trench-redesign/discover/TrackerSettingsMenu.tsx	/trench	RESOLVED FROM unknown. MEASURED 2026-08-31 off Figma node data (use_figma, page 13006:134300, fileKey mhF3BkzlTaGiLzJ7kvpmVc) against the shared shell RIGHT_MENU_SHEET_CLASS in src/components/trench-redesign/discover/rightMenuChrome.tsx. * STRUCTURAL FINDING: these frames are NOT boards containing a floating panel - the FRAME ITSELF IS the panel, so its own width/height/radius/padding ARE the panel geometry. Frame height decodes the tier: 884=900-2x8, 1008=1024-2x8, 796=812-2x8, i.e. the panel inset 8px on every edge, which is exactly the code inset-y-2 right-2. Unanimous across all 40 frames I read: fill #122524@0.80 = bg-[rgba(18,37,36,0.8)] EXACT; stroke #123f3c width 1 = border border-[#123F3C] EXACT; DROP_SHADOW radius 80 #000000@0.25 offset 0,10 = shadow-[0_10px_80px_0_rgba(0,0,0,0.25)] EXACT; itemSpacing 32. BACKGROUND_BLUR radius 40 against the code backdrop-blur-[20px] - RECORDED, NOT CLAIMED AS A DEFECT: Figma background-blur radius and the CSS backdrop-filter blur length are different units (Figma is conventionally about 2x the CSS px), so 40 -> 20px is very likely the correct conversion. Anyone closing this must convert deliberately rather than copy either number. THIS FRAME: 359x796, cornerRadius 12, padding 12 on all four sides, footer child Frame 1178 335x44. Width/padding cross-check: footer width 335 = frame width minus 2x12. Code ships rounded-lg (12) and p-3 (12) at this tier - BOTH EXACT. Width: w-[calc(100%-1rem)] gives 375-16 = 359 EXACT. FOOTER GAP, MEASURED: the frame footer row is 44 tall against the code 62 (py-5 20 + leading-22 + py-5 20, no responsive variant), so it renders 18px TOO TALL here - the largest instance of this gap. Frame gap 8 = gap-2 matches. CONTENT owner: TrackerSettingsMenu, imported TrenchTrackers.tsx:26 and rendered at :164, which DiscoverScreen.tsx:402 mounts. partial and not done: the shell geometry, fill, border, shadow and footer are measured value-for-value, but this lane did NOT measure the panel's internal control rows, and at 768/375 the footer height is a real open gap.
Right menu - Audit [13006-185586]	partial	src/components/trench-redesign/discover/AdjustTrenchSettings.tsx	/trench	RESOLVED FROM unknown. MEASURED 2026-08-31 off Figma node data (use_figma, page 13006:134300, fileKey mhF3BkzlTaGiLzJ7kvpmVc) against the shared shell RIGHT_MENU_SHEET_CLASS in src/components/trench-redesign/discover/rightMenuChrome.tsx. * STRUCTURAL FINDING: these frames are NOT boards containing a floating panel - the FRAME ITSELF IS the panel, so its own width/height/radius/padding ARE the panel geometry. Frame height decodes the tier: 884=900-2x8, 1008=1024-2x8, 796=812-2x8, i.e. the panel inset 8px on every edge, which is exactly the code inset-y-2 right-2. Unanimous across all 40 frames I read: fill #122524@0.80 = bg-[rgba(18,37,36,0.8)] EXACT; stroke #123f3c width 1 = border border-[#123F3C] EXACT; DROP_SHADOW radius 80 #000000@0.25 offset 0,10 = shadow-[0_10px_80px_0_rgba(0,0,0,0.25)] EXACT; itemSpacing 32. BACKGROUND_BLUR radius 40 against the code backdrop-blur-[20px] - RECORDED, NOT CLAIMED AS A DEFECT: Figma background-blur radius and the CSS backdrop-filter blur length are different units (Figma is conventionally about 2x the CSS px), so 40 -> 20px is very likely the correct conversion. Anyone closing this must convert deliberately rather than copy either number. THIS FRAME: 359x1359, cornerRadius 12, padding 12 on all four sides, footer child Frame 573 335x92. Width/padding cross-check: footer width 335 = frame width minus 2x12. Code ships rounded-lg (12) and p-3 (12) at this tier - BOTH EXACT. Width: w-[calc(100%-1rem)] gives 375-16 = 359 EXACT. FOOTER GAP, MEASURED: the frame footer row is 44 tall against the code 62 (py-5 20 + leading-22 + py-5 20, no responsive variant), so it renders 18px TOO TALL here - the largest instance of this gap. Frame gap 8 = gap-2 matches. CONTENT owner: AdjustTrenchSettings, imported DiscoverScreen.tsx:15 and rendered at :431. partial and not done: the shell geometry, fill, border, shadow and footer are measured value-for-value, but this lane did NOT measure the panel's internal control rows, and at 768/375 the footer height is a real open gap.
Right menu - Protocols [13006-185666]	partial	src/components/trench-redesign/discover/AdjustTrenchSettings.tsx	/trench	RESOLVED FROM unknown. MEASURED 2026-08-31 off Figma node data (use_figma, page 13006:134300, fileKey mhF3BkzlTaGiLzJ7kvpmVc) against the shared shell RIGHT_MENU_SHEET_CLASS in src/components/trench-redesign/discover/rightMenuChrome.tsx. * STRUCTURAL FINDING: these frames are NOT boards containing a floating panel - the FRAME ITSELF IS the panel, so its own width/height/radius/padding ARE the panel geometry. Frame height decodes the tier: 884=900-2x8, 1008=1024-2x8, 796=812-2x8, i.e. the panel inset 8px on every edge, which is exactly the code inset-y-2 right-2. Unanimous across all 40 frames I read: fill #122524@0.80 = bg-[rgba(18,37,36,0.8)] EXACT; stroke #123f3c width 1 = border border-[#123F3C] EXACT; DROP_SHADOW radius 80 #000000@0.25 offset 0,10 = shadow-[0_10px_80px_0_rgba(0,0,0,0.25)] EXACT; itemSpacing 32. BACKGROUND_BLUR radius 40 against the code backdrop-blur-[20px] - RECORDED, NOT CLAIMED AS A DEFECT: Figma background-blur radius and the CSS backdrop-filter blur length are different units (Figma is conventionally about 2x the CSS px), so 40 -> 20px is very likely the correct conversion. Anyone closing this must convert deliberately rather than copy either number. THIS FRAME: 359x796, cornerRadius 12, padding 12 on all four sides, footer child Frame 573 335x92. Width/padding cross-check: footer width 335 = frame width minus 2x12. Code ships rounded-lg (12) and p-3 (12) at this tier - BOTH EXACT. Width: w-[calc(100%-1rem)] gives 375-16 = 359 EXACT. FOOTER GAP, MEASURED: the frame footer row is 44 tall against the code 62 (py-5 20 + leading-22 + py-5 20, no responsive variant), so it renders 18px TOO TALL here - the largest instance of this gap. Frame gap 8 = gap-2 matches. CONTENT owner: AdjustTrenchSettings, imported DiscoverScreen.tsx:15 and rendered at :431. partial and not done: the shell geometry, fill, border, shadow and footer are measured value-for-value, but this lane did NOT measure the panel's internal control rows, and at 768/375 the footer height is a real open gap.
Right menu - Metrics [13006-185781]	partial	src/components/trench-redesign/discover/AdjustTrenchSettings.tsx	/trench	RESOLVED FROM unknown. MEASURED 2026-08-31 off Figma node data (use_figma, page 13006:134300, fileKey mhF3BkzlTaGiLzJ7kvpmVc) against the shared shell RIGHT_MENU_SHEET_CLASS in src/components/trench-redesign/discover/rightMenuChrome.tsx. * STRUCTURAL FINDING: these frames are NOT boards containing a floating panel - the FRAME ITSELF IS the panel, so its own width/height/radius/padding ARE the panel geometry. Frame height decodes the tier: 884=900-2x8, 1008=1024-2x8, 796=812-2x8, i.e. the panel inset 8px on every edge, which is exactly the code inset-y-2 right-2. Unanimous across all 40 frames I read: fill #122524@0.80 = bg-[rgba(18,37,36,0.8)] EXACT; stroke #123f3c width 1 = border border-[#123F3C] EXACT; DROP_SHADOW radius 80 #000000@0.25 offset 0,10 = shadow-[0_10px_80px_0_rgba(0,0,0,0.25)] EXACT; itemSpacing 32. BACKGROUND_BLUR radius 40 against the code backdrop-blur-[20px] - RECORDED, NOT CLAIMED AS A DEFECT: Figma background-blur radius and the CSS backdrop-filter blur length are different units (Figma is conventionally about 2x the CSS px), so 40 -> 20px is very likely the correct conversion. Anyone closing this must convert deliberately rather than copy either number. THIS FRAME: 359x1068, cornerRadius 12, padding 12 on all four sides, footer child Frame 574 335x92. Width/padding cross-check: footer width 335 = frame width minus 2x12. Code ships rounded-lg (12) and p-3 (12) at this tier - BOTH EXACT. Width: w-[calc(100%-1rem)] gives 375-16 = 359 EXACT. FOOTER GAP, MEASURED: the frame footer row is 44 tall against the code 62 (py-5 20 + leading-22 + py-5 20, no responsive variant), so it renders 18px TOO TALL here - the largest instance of this gap. Frame gap 8 = gap-2 matches. CONTENT owner: AdjustTrenchSettings, imported DiscoverScreen.tsx:15 and rendered at :431. partial and not done: the shell geometry, fill, border, shadow and footer are measured value-for-value, but this lane did NOT measure the panel's internal control rows, and at 768/375 the footer height is a real open gap.
Right menu - hotkeys expanded [13006-191680]	partial	src/components/trench-redesign/discover/HotkeysMenu.tsx	/trench	RESOLVED FROM unknown. MEASURED 2026-08-31 off Figma node data (use_figma, page 13006:134300, fileKey mhF3BkzlTaGiLzJ7kvpmVc) against the shared shell RIGHT_MENU_SHEET_CLASS in src/components/trench-redesign/discover/rightMenuChrome.tsx. * STRUCTURAL FINDING: these frames are NOT boards containing a floating panel - the FRAME ITSELF IS the panel, so its own width/height/radius/padding ARE the panel geometry. Frame height decodes the tier: 884=900-2x8, 1008=1024-2x8, 796=812-2x8, i.e. the panel inset 8px on every edge, which is exactly the code inset-y-2 right-2. Unanimous across all 40 frames I read: fill #122524@0.80 = bg-[rgba(18,37,36,0.8)] EXACT; stroke #123f3c width 1 = border border-[#123F3C] EXACT; DROP_SHADOW radius 80 #000000@0.25 offset 0,10 = shadow-[0_10px_80px_0_rgba(0,0,0,0.25)] EXACT; itemSpacing 32. BACKGROUND_BLUR radius 40 against the code backdrop-blur-[20px] - RECORDED, NOT CLAIMED AS A DEFECT: Figma background-blur radius and the CSS backdrop-filter blur length are different units (Figma is conventionally about 2x the CSS px), so 40 -> 20px is very likely the correct conversion. Anyone closing this must convert deliberately rather than copy either number. THIS FRAME: 359x918, cornerRadius 12, padding 12 on all four sides, footer child Frame 1178 335x44. Width/padding cross-check: footer width 335 = frame width minus 2x12. Code ships rounded-lg (12) and p-3 (12) at this tier - BOTH EXACT. Width: w-[calc(100%-1rem)] gives 375-16 = 359 EXACT. FOOTER GAP, MEASURED: the frame footer row is 44 tall against the code 62 (py-5 20 + leading-22 + py-5 20, no responsive variant), so it renders 18px TOO TALL here - the largest instance of this gap. Frame gap 8 = gap-2 matches. CONTENT owner: HotkeysMenu, imported DiscoverScreen.tsx:18 and rendered at :429. partial and not done: the shell geometry, fill, border, shadow and footer are measured value-for-value, but this lane did NOT measure the panel's internal control rows, and at 768/375 the footer height is a real open gap.
Right menu - Audit [13006-185323]	partial	src/components/trench-redesign/discover/AdjustTrenchSettings.tsx	/trench	RESOLVED FROM unknown. MEASURED 2026-08-31 off Figma node data (use_figma, page 13006:134300, fileKey mhF3BkzlTaGiLzJ7kvpmVc) against the shared shell RIGHT_MENU_SHEET_CLASS in src/components/trench-redesign/discover/rightMenuChrome.tsx. * STRUCTURAL FINDING: these frames are NOT boards containing a floating panel - the FRAME ITSELF IS the panel, so its own width/height/radius/padding ARE the panel geometry. Frame height decodes the tier: 884=900-2x8, 1008=1024-2x8, 796=812-2x8, i.e. the panel inset 8px on every edge, which is exactly the code inset-y-2 right-2. Unanimous across all 40 frames I read: fill #122524@0.80 = bg-[rgba(18,37,36,0.8)] EXACT; stroke #123f3c width 1 = border border-[#123F3C] EXACT; DROP_SHADOW radius 80 #000000@0.25 offset 0,10 = shadow-[0_10px_80px_0_rgba(0,0,0,0.25)] EXACT; itemSpacing 32. BACKGROUND_BLUR radius 40 against the code backdrop-blur-[20px] - RECORDED, NOT CLAIMED AS A DEFECT: Figma background-blur radius and the CSS backdrop-filter blur length are different units (Figma is conventionally about 2x the CSS px), so 40 -> 20px is very likely the correct conversion. Anyone closing this must convert deliberately rather than copy either number. THIS FRAME: 442x1463, cornerRadius 12, padding 20, footer child Frame 573 402x100. * THIS FRAME IS OFF ITS OWN FAMILY RAMP - a measured FRAME inconsistency, not a code defect. Its padding says tier 768 but its radius does not agree with the siblings at that padding: at padding 20 the family is unanimously radius 16 (13006-322486/322583/322697/322818/322932/323041/323170/323311/323466/323585, ten frames) yet 13006-185323/185403/185519 all draw radius 12; and the three Afjust filters frames drift the other way (13006-155570 is on-ramp at r24/pad24, but 13006-284111 is r16 with padding 12 where its tier is padding 20, and 13006-284164 is r16 where its tier is r12). The code ships the MAJORITY ramp (rounded-lg 12 / md:rounded-xl 16 / lg:rounded-2xl 24 and p-3 12 / md:p-5 20 / lg:p-6 24), so it agrees with the ten and disagrees with these five. Do NOT retune the shared shell to match an outlier. FOOTER GAP, MEASURED: the frame footer row is 50 tall; RightMenuFooter carries NO responsive variant and ships 62 at every width (py-5 20 + leading-22 + py-5 20), so it renders 12px TOO TALL here. Frame gap 8 = gap-2 matches. CONTENT owner: AdjustTrenchSettings, imported DiscoverScreen.tsx:15 and rendered at :431.
Right menu - Protocols [13006-185403]	partial	src/components/trench-redesign/discover/AdjustTrenchSettings.tsx	/trench	RESOLVED FROM unknown. MEASURED 2026-08-31 off Figma node data (use_figma, page 13006:134300, fileKey mhF3BkzlTaGiLzJ7kvpmVc) against the shared shell RIGHT_MENU_SHEET_CLASS in src/components/trench-redesign/discover/rightMenuChrome.tsx. * STRUCTURAL FINDING: these frames are NOT boards containing a floating panel - the FRAME ITSELF IS the panel, so its own width/height/radius/padding ARE the panel geometry. Frame height decodes the tier: 884=900-2x8, 1008=1024-2x8, 796=812-2x8, i.e. the panel inset 8px on every edge, which is exactly the code inset-y-2 right-2. Unanimous across all 40 frames I read: fill #122524@0.80 = bg-[rgba(18,37,36,0.8)] EXACT; stroke #123f3c width 1 = border border-[#123F3C] EXACT; DROP_SHADOW radius 80 #000000@0.25 offset 0,10 = shadow-[0_10px_80px_0_rgba(0,0,0,0.25)] EXACT; itemSpacing 32. BACKGROUND_BLUR radius 40 against the code backdrop-blur-[20px] - RECORDED, NOT CLAIMED AS A DEFECT: Figma background-blur radius and the CSS backdrop-filter blur length are different units (Figma is conventionally about 2x the CSS px), so 40 -> 20px is very likely the correct conversion. Anyone closing this must convert deliberately rather than copy either number. THIS FRAME: 442x1008, cornerRadius 12, padding 20, footer child Frame 573 402x100. * THIS FRAME IS OFF ITS OWN FAMILY RAMP - a measured FRAME inconsistency, not a code defect. Its padding says tier 768 but its radius does not agree with the siblings at that padding: at padding 20 the family is unanimously radius 16 (13006-322486/322583/322697/322818/322932/323041/323170/323311/323466/323585, ten frames) yet 13006-185323/185403/185519 all draw radius 12; and the three Afjust filters frames drift the other way (13006-155570 is on-ramp at r24/pad24, but 13006-284111 is r16 with padding 12 where its tier is padding 20, and 13006-284164 is r16 where its tier is r12). The code ships the MAJORITY ramp (rounded-lg 12 / md:rounded-xl 16 / lg:rounded-2xl 24 and p-3 12 / md:p-5 20 / lg:p-6 24), so it agrees with the ten and disagrees with these five. Do NOT retune the shared shell to match an outlier. FOOTER GAP, MEASURED: the frame footer row is 50 tall; RightMenuFooter carries NO responsive variant and ships 62 at every width (py-5 20 + leading-22 + py-5 20), so it renders 12px TOO TALL here. Frame gap 8 = gap-2 matches. CONTENT owner: AdjustTrenchSettings, imported DiscoverScreen.tsx:15 and rendered at :431.
Right menu - Metrics [13006-185519]	partial	src/components/trench-redesign/discover/AdjustTrenchSettings.tsx	/trench	RESOLVED FROM unknown. MEASURED 2026-08-31 off Figma node data (use_figma, page 13006:134300, fileKey mhF3BkzlTaGiLzJ7kvpmVc) against the shared shell RIGHT_MENU_SHEET_CLASS in src/components/trench-redesign/discover/rightMenuChrome.tsx. * STRUCTURAL FINDING: these frames are NOT boards containing a floating panel - the FRAME ITSELF IS the panel, so its own width/height/radius/padding ARE the panel geometry. Frame height decodes the tier: 884=900-2x8, 1008=1024-2x8, 796=812-2x8, i.e. the panel inset 8px on every edge, which is exactly the code inset-y-2 right-2. Unanimous across all 40 frames I read: fill #122524@0.80 = bg-[rgba(18,37,36,0.8)] EXACT; stroke #123f3c width 1 = border border-[#123F3C] EXACT; DROP_SHADOW radius 80 #000000@0.25 offset 0,10 = shadow-[0_10px_80px_0_rgba(0,0,0,0.25)] EXACT; itemSpacing 32. BACKGROUND_BLUR radius 40 against the code backdrop-blur-[20px] - RECORDED, NOT CLAIMED AS A DEFECT: Figma background-blur radius and the CSS backdrop-filter blur length are different units (Figma is conventionally about 2x the CSS px), so 40 -> 20px is very likely the correct conversion. Anyone closing this must convert deliberately rather than copy either number. THIS FRAME: 442x1154, cornerRadius 12, padding 20, footer child Frame 574 402x100. * THIS FRAME IS OFF ITS OWN FAMILY RAMP - a measured FRAME inconsistency, not a code defect. Its padding says tier 768 but its radius does not agree with the siblings at that padding: at padding 20 the family is unanimously radius 16 (13006-322486/322583/322697/322818/322932/323041/323170/323311/323466/323585, ten frames) yet 13006-185323/185403/185519 all draw radius 12; and the three Afjust filters frames drift the other way (13006-155570 is on-ramp at r24/pad24, but 13006-284111 is r16 with padding 12 where its tier is padding 20, and 13006-284164 is r16 where its tier is r12). The code ships the MAJORITY ramp (rounded-lg 12 / md:rounded-xl 16 / lg:rounded-2xl 24 and p-3 12 / md:p-5 20 / lg:p-6 24), so it agrees with the ten and disagrees with these five. Do NOT retune the shared shell to match an outlier. FOOTER GAP, MEASURED: the frame footer row is 50 tall; RightMenuFooter carries NO responsive variant and ships 62 at every width (py-5 20 + leading-22 + py-5 20), so it renders 12px TOO TALL here. Frame gap 8 = gap-2 matches. CONTENT owner: AdjustTrenchSettings, imported DiscoverScreen.tsx:15 and rendered at :431.
Right menu - Afjust filters [13006-284111]	partial	src/components/trench-redesign/discover/FiltersPanel.tsx	/trench	RESOLVED FROM unknown. MEASURED 2026-08-31 off Figma node data (use_figma, page 13006:134300, fileKey mhF3BkzlTaGiLzJ7kvpmVc) against the shared shell RIGHT_MENU_SHEET_CLASS in src/components/trench-redesign/discover/rightMenuChrome.tsx. * STRUCTURAL FINDING: these frames are NOT boards containing a floating panel - the FRAME ITSELF IS the panel, so its own width/height/radius/padding ARE the panel geometry. Frame height decodes the tier: 884=900-2x8, 1008=1024-2x8, 796=812-2x8, i.e. the panel inset 8px on every edge, which is exactly the code inset-y-2 right-2. Unanimous across all 40 frames I read: fill #122524@0.80 = bg-[rgba(18,37,36,0.8)] EXACT; stroke #123f3c width 1 = border border-[#123F3C] EXACT; DROP_SHADOW radius 80 #000000@0.25 offset 0,10 = shadow-[0_10px_80px_0_rgba(0,0,0,0.25)] EXACT; itemSpacing 32. BACKGROUND_BLUR radius 40 against the code backdrop-blur-[20px] - RECORDED, NOT CLAIMED AS A DEFECT: Figma background-blur radius and the CSS backdrop-filter blur length are different units (Figma is conventionally about 2x the CSS px), so 40 -> 20px is very likely the correct conversion. Anyone closing this must convert deliberately rather than copy either number. THIS FRAME: 442x1008, cornerRadius 16, padding 12, footer child CTA/button 418x50. * THIS FRAME IS OFF ITS OWN FAMILY RAMP - a measured FRAME inconsistency, not a code defect. Its padding says tier 768 but its radius does not agree with the siblings at that padding: at padding 20 the family is unanimously radius 16 (13006-322486/322583/322697/322818/322932/323041/323170/323311/323466/323585, ten frames) yet 13006-185323/185403/185519 all draw radius 12; and the three Afjust filters frames drift the other way (13006-155570 is on-ramp at r24/pad24, but 13006-284111 is r16 with padding 12 where its tier is padding 20, and 13006-284164 is r16 where its tier is r12). The code ships the MAJORITY ramp (rounded-lg 12 / md:rounded-xl 16 / lg:rounded-2xl 24 and p-3 12 / md:p-5 20 / lg:p-6 24), so it agrees with the ten and disagrees with these five. Do NOT retune the shared shell to match an outlier. FOOTER GAP, MEASURED: the frame footer row is 50 tall; RightMenuFooter carries NO responsive variant and ships 62 at every width (py-5 20 + leading-22 + py-5 20), so it renders 12px TOO TALL here. Frame gap 8 = gap-2 matches. CONTENT owner: FiltersPanel, imported DiscoverScreen.tsx:14 and rendered at :411 (also ScreenerScreen.tsx:836).
Right menu - Afjust filters [13006-284164]	partial	src/components/trench-redesign/discover/FiltersPanel.tsx	/trench	RESOLVED FROM unknown. MEASURED 2026-08-31 off Figma node data (use_figma, page 13006:134300, fileKey mhF3BkzlTaGiLzJ7kvpmVc) against the shared shell RIGHT_MENU_SHEET_CLASS in src/components/trench-redesign/discover/rightMenuChrome.tsx. * STRUCTURAL FINDING: these frames are NOT boards containing a floating panel - the FRAME ITSELF IS the panel, so its own width/height/radius/padding ARE the panel geometry. Frame height decodes the tier: 884=900-2x8, 1008=1024-2x8, 796=812-2x8, i.e. the panel inset 8px on every edge, which is exactly the code inset-y-2 right-2. Unanimous across all 40 frames I read: fill #122524@0.80 = bg-[rgba(18,37,36,0.8)] EXACT; stroke #123f3c width 1 = border border-[#123F3C] EXACT; DROP_SHADOW radius 80 #000000@0.25 offset 0,10 = shadow-[0_10px_80px_0_rgba(0,0,0,0.25)] EXACT; itemSpacing 32. BACKGROUND_BLUR radius 40 against the code backdrop-blur-[20px] - RECORDED, NOT CLAIMED AS A DEFECT: Figma background-blur radius and the CSS backdrop-filter blur length are different units (Figma is conventionally about 2x the CSS px), so 40 -> 20px is very likely the correct conversion. Anyone closing this must convert deliberately rather than copy either number. THIS FRAME: 359x796, cornerRadius 16, padding 12, footer child CTA/button 335x44. * THIS FRAME IS OFF ITS OWN FAMILY RAMP - a measured FRAME inconsistency, not a code defect. Its padding says tier 375 but its radius does not agree with the siblings at that padding: at padding 20 the family is unanimously radius 16 (13006-322486/322583/322697/322818/322932/323041/323170/323311/323466/323585, ten frames) yet 13006-185323/185403/185519 all draw radius 12; and the three Afjust filters frames drift the other way (13006-155570 is on-ramp at r24/pad24, but 13006-284111 is r16 with padding 12 where its tier is padding 20, and 13006-284164 is r16 where its tier is r12). The code ships the MAJORITY ramp (rounded-lg 12 / md:rounded-xl 16 / lg:rounded-2xl 24 and p-3 12 / md:p-5 20 / lg:p-6 24), so it agrees with the ten and disagrees with these five. Do NOT retune the shared shell to match an outlier. FOOTER GAP, MEASURED: the frame footer row is 44 tall against the code 62 (py-5 20 + leading-22 + py-5 20, no responsive variant), so it renders 18px TOO TALL here - the largest instance of this gap. Frame gap 8 = gap-2 matches. CONTENT owner: FiltersPanel, imported DiscoverScreen.tsx:14 and rendered at :411 (also ScreenerScreen.tsx:836).
Right menu - Protocols [13006-185140]	partial	src/components/trench-redesign/discover/AdjustTrenchSettings.tsx	/trench	RESOLVED FROM unknown. MEASURED 2026-08-31 off Figma node data (use_figma, page 13006:134300, fileKey mhF3BkzlTaGiLzJ7kvpmVc) against the shared shell RIGHT_MENU_SHEET_CLASS in src/components/trench-redesign/discover/rightMenuChrome.tsx. * STRUCTURAL FINDING: these frames are NOT boards containing a floating panel - the FRAME ITSELF IS the panel, so its own width/height/radius/padding ARE the panel geometry. Frame height decodes the tier: 884=900-2x8, 1008=1024-2x8, 796=812-2x8, i.e. the panel inset 8px on every edge, which is exactly the code inset-y-2 right-2. Unanimous across all 40 frames I read: fill #122524@0.80 = bg-[rgba(18,37,36,0.8)] EXACT; stroke #123f3c width 1 = border border-[#123F3C] EXACT; DROP_SHADOW radius 80 #000000@0.25 offset 0,10 = shadow-[0_10px_80px_0_rgba(0,0,0,0.25)] EXACT; itemSpacing 32. BACKGROUND_BLUR radius 40 against the code backdrop-blur-[20px] - RECORDED, NOT CLAIMED AS A DEFECT: Figma background-blur radius and the CSS backdrop-filter blur length are different units (Figma is conventionally about 2x the CSS px), so 40 -> 20px is very likely the correct conversion. Anyone closing this must convert deliberately rather than copy either number. THIS FRAME: 442x884. PARTIAL MEASUREMENT, stated as such: I read this frame's footer child (Frame 573 394x112) but not its own cornerRadius, so the padding here is DERIVED from the footer inset - footer width 394 against frame width 442 gives padding 24, which is the 1440 tier and matches the code lg:rounded-2xl (24) and lg:p-6 (24) on padding. RADIUS NOT READ for this node - do not cite this row for a radius. FOOTER MATCHES: the frame footer row is 62 tall and RightMenuFooter (rightMenuChrome.tsx) ships py-5 (20) + text-[16px]/leading-[22px] = 20+22+20 = 62 EXACT, and gap-2 = the frame gap 8 EXACT. CONTENT owner: AdjustTrenchSettings, imported DiscoverScreen.tsx:15 and rendered at :431.
Right menu - Toasts - display [13006-322583]	partial	src/components/trench-redesign/discover/TrackerSettingsMenu.tsx	/trench	RESOLVED FROM unknown. MEASURED 2026-08-31 off Figma node data (use_figma, page 13006:134300, fileKey mhF3BkzlTaGiLzJ7kvpmVc) against the shared shell RIGHT_MENU_SHEET_CLASS in src/components/trench-redesign/discover/rightMenuChrome.tsx. * STRUCTURAL FINDING: these frames are NOT boards containing a floating panel - the FRAME ITSELF IS the panel, so its own width/height/radius/padding ARE the panel geometry. Frame height decodes the tier: 884=900-2x8, 1008=1024-2x8, 796=812-2x8, i.e. the panel inset 8px on every edge, which is exactly the code inset-y-2 right-2. Unanimous across all 40 frames I read: fill #122524@0.80 = bg-[rgba(18,37,36,0.8)] EXACT; stroke #123f3c width 1 = border border-[#123F3C] EXACT; DROP_SHADOW radius 80 #000000@0.25 offset 0,10 = shadow-[0_10px_80px_0_rgba(0,0,0,0.25)] EXACT; itemSpacing 32. BACKGROUND_BLUR radius 40 against the code backdrop-blur-[20px] - RECORDED, NOT CLAIMED AS A DEFECT: Figma background-blur radius and the CSS backdrop-filter blur length are different units (Figma is conventionally about 2x the CSS px), so 40 -> 20px is very likely the correct conversion. Anyone closing this must convert deliberately rather than copy either number. THIS FRAME: 442x1008. PARTIAL MEASUREMENT, stated as such: I read this frame's footer child (Frame 1178 402x50) but not its own cornerRadius, so the padding here is DERIVED from the footer inset - footer width 402 against frame width 442 gives padding 20, which is the 768 tier and matches the code md:rounded-xl (16) and md:p-5 (20) on padding. RADIUS NOT READ for this node - do not cite this row for a radius. FOOTER GAP, MEASURED: the frame footer row is 50 tall; RightMenuFooter carries NO responsive variant and ships 62 at every width (py-5 20 + leading-22 + py-5 20), so it renders 12px TOO TALL here. Frame gap 8 = gap-2 matches. CONTENT owner: TrackerSettingsMenu, imported TrenchTrackers.tsx:26 and rendered at :164, which DiscoverScreen.tsx:402 mounts.
Right menu - Layout [13006-323041]	partial	src/components/trench-redesign/discover/AdjustTrenchSettings.tsx	/trench	RESOLVED FROM unknown. MEASURED 2026-08-31 off Figma node data (use_figma, page 13006:134300, fileKey mhF3BkzlTaGiLzJ7kvpmVc) against the shared shell RIGHT_MENU_SHEET_CLASS in src/components/trench-redesign/discover/rightMenuChrome.tsx. * STRUCTURAL FINDING: these frames are NOT boards containing a floating panel - the FRAME ITSELF IS the panel, so its own width/height/radius/padding ARE the panel geometry. Frame height decodes the tier: 884=900-2x8, 1008=1024-2x8, 796=812-2x8, i.e. the panel inset 8px on every edge, which is exactly the code inset-y-2 right-2. Unanimous across all 40 frames I read: fill #122524@0.80 = bg-[rgba(18,37,36,0.8)] EXACT; stroke #123f3c width 1 = border border-[#123F3C] EXACT; DROP_SHADOW radius 80 #000000@0.25 offset 0,10 = shadow-[0_10px_80px_0_rgba(0,0,0,0.25)] EXACT; itemSpacing 32. BACKGROUND_BLUR radius 40 against the code backdrop-blur-[20px] - RECORDED, NOT CLAIMED AS A DEFECT: Figma background-blur radius and the CSS backdrop-filter blur length are different units (Figma is conventionally about 2x the CSS px), so 40 -> 20px is very likely the correct conversion. Anyone closing this must convert deliberately rather than copy either number. THIS FRAME: 442x1008. PARTIAL MEASUREMENT, stated as such: I read this frame's footer child (Frame 1178 402x50) but not its own cornerRadius, so the padding here is DERIVED from the footer inset - footer width 402 against frame width 442 gives padding 20, which is the 768 tier and matches the code md:rounded-xl (16) and md:p-5 (20) on padding. RADIUS NOT READ for this node - do not cite this row for a radius. FOOTER GAP, MEASURED: the frame footer row is 50 tall; RightMenuFooter carries NO responsive variant and ships 62 at every width (py-5 20 + leading-22 + py-5 20), so it renders 12px TOO TALL here. Frame gap 8 = gap-2 matches. CONTENT owner: AdjustTrenchSettings, imported DiscoverScreen.tsx:15 and rendered at :431.
Right menu - Toasts - display [13006-181869]	unknown	src/components/trench-redesign/discover/TrackerSettingsMenu.tsx	/trench	TITLE RECOVERED (registry title was null): "Right menu - Toasts - display", FRAME 359x796 visible=1 on page 13006:134300 (live harvest 2026-08-26). NOT MEASURED by this lane - it is the one member of the 44-frame right-menu family whose node data I did not read, and WAVE7 s8 says write unknown with the reason rather than infer. Its 359x796 size and title are identical to 13006-181753, which I DID measure (r12, padding 12, footer 335x44), so it is very likely the second Toasts/Display state at the 375 tier and should resolve the same way; that is an expectation, NOT a measurement. Content owner: TrackerSettingsMenu, TrenchTrackers.tsx:26/:164 via DiscoverScreen.tsx:402.
Pulse card - Intel [13006-198241]	partial	src/components/trench-redesign/discover/TokenCard.tsx + discover/IntelPanel.tsx	/trench	RESOLVED FROM unknown. MEASURED 2026-08-31 off Figma node data (use_figma, page 13006:134300, fileKey mhF3BkzlTaGiLzJ7kvpmVc). Family chrome, unanimous across all eleven Pulse card - Intel frames: fill #122524 opaque, stroke #123f3c width 1, padding 8 on all four sides, no shadow. * THE HEIGHT MATHS CONFIRMS TokenCard.tsx's OWN DOCBLOCK: the 419x94 base card is 8 + a 78-tall body (child "Frame 3" 403x78) + 8, and TokenCard.tsx:9-12 records exactly that ("94px tall ... 78px logo + 8px card padding + 8px gap") as the fix for report 3e6d8edf. The taller variants add a SECOND child, "Frame 553", 18 tall, on a 6px itemSpacing: 8+78+6+18+8 = 118. At the two narrow tiers the body grows to 86 and the card to 126 (8+86+6+18+8). Body width is always frame width minus 16. * MOUNT FINDING, and it is a real gap: the only Intel surface in src/ is IntelPanel.tsx, and DiscoverScreen.tsx:393-395 renders it inside `hidden xl:block` as a 280px-wide VERTICAL SIDE RAIL (IntelPanel.tsx:36 - w-[280px] flex-col gap-2 p-4 bg-[#021615] rounded-xl). That is a different composition AND a different colour from these frames (#021615 vs #122524, no border, radius xl not 16/12), and being xl-only it does not render at all at the 349 and 320 widths these frames specify. So the Intel content exists but the pulse-CARD Intel variants do not. THIS FRAME: 419x94, cornerRadius 16, padding 8, HORIZONTAL, itemSpacing 16, one child Frame 3 403x78. This is the BASE intel card and the only one of the eleven with no 18px strip. Measured type ramp (visible only): the "Intel" / "INTEL" labels are 12px (#ffffff and #95a09f), every metric label and value 11px, MC/V stat values 12px, the 1d age chip 8px; accent colours #17f9b4 (positive), #ff574a (negative), #56c7f3 (links/handles), #95a09f (labels), and one #001615 chip reading "0 SOL". Its 94px height and 8px padding match TokenCard.tsx value for value. partial because the card SHELL is built and correct while the Intel content on it is not - see the mount finding above.
Pulse card - Intel ALT [13006-198364]	partial	src/components/trench-redesign/discover/TokenCard.tsx + discover/IntelPanel.tsx	/trench	RESOLVED FROM unknown. MEASURED 2026-08-31 off Figma node data (use_figma, page 13006:134300, fileKey mhF3BkzlTaGiLzJ7kvpmVc). Family chrome, unanimous across all eleven Pulse card - Intel frames: fill #122524 opaque, stroke #123f3c width 1, padding 8 on all four sides, no shadow. * THE HEIGHT MATHS CONFIRMS TokenCard.tsx's OWN DOCBLOCK: the 419x94 base card is 8 + a 78-tall body (child "Frame 3" 403x78) + 8, and TokenCard.tsx:9-12 records exactly that ("94px tall ... 78px logo + 8px card padding + 8px gap") as the fix for report 3e6d8edf. The taller variants add a SECOND child, "Frame 553", 18 tall, on a 6px itemSpacing: 8+78+6+18+8 = 118. At the two narrow tiers the body grows to 86 and the card to 126 (8+86+6+18+8). Body width is always frame width minus 16. * MOUNT FINDING, and it is a real gap: the only Intel surface in src/ is IntelPanel.tsx, and DiscoverScreen.tsx:393-395 renders it inside `hidden xl:block` as a 280px-wide VERTICAL SIDE RAIL (IntelPanel.tsx:36 - w-[280px] flex-col gap-2 p-4 bg-[#021615] rounded-xl). That is a different composition AND a different colour from these frames (#021615 vs #122524, no border, radius xl not 16/12), and being xl-only it does not render at all at the 349 and 320 widths these frames specify. So the Intel content exists but the pulse-CARD Intel variants do not. THIS FRAME: 419x118, cornerRadius 16, padding 8, VERTICAL, itemSpacing 6, children Frame 3 403x78 + Frame 553 403x18. The ALT state adds the 18px strip and a truncated contract address 0x4q5...3d6 at 11px #95a09f. Same 11px/12px ramp as the base card. partial: shell built, strip not.
Pulse card - Intel - cashback coins [13006-198500]	not-started	-	/trench	RESOLVED FROM unknown. MEASURED 2026-08-31 off Figma node data (use_figma, page 13006:134300, fileKey mhF3BkzlTaGiLzJ7kvpmVc). Family chrome, unanimous across all eleven Pulse card - Intel frames: fill #122524 opaque, stroke #123f3c width 1, padding 8 on all four sides, no shadow. * THE HEIGHT MATHS CONFIRMS TokenCard.tsx's OWN DOCBLOCK: the 419x94 base card is 8 + a 78-tall body (child "Frame 3" 403x78) + 8, and TokenCard.tsx:9-12 records exactly that ("94px tall ... 78px logo + 8px card padding + 8px gap") as the fix for report 3e6d8edf. The taller variants add a SECOND child, "Frame 553", 18 tall, on a 6px itemSpacing: 8+78+6+18+8 = 118. At the two narrow tiers the body grows to 86 and the card to 126 (8+86+6+18+8). Body width is always frame width minus 16. * MOUNT FINDING, and it is a real gap: the only Intel surface in src/ is IntelPanel.tsx, and DiscoverScreen.tsx:393-395 renders it inside `hidden xl:block` as a 280px-wide VERTICAL SIDE RAIL (IntelPanel.tsx:36 - w-[280px] flex-col gap-2 p-4 bg-[#021615] rounded-xl). That is a different composition AND a different colour from these frames (#021615 vs #122524, no border, radius xl not 16/12), and being xl-only it does not render at all at the 349 and 320 widths these frames specify. So the Intel content exists but the pulse-CARD Intel variants do not. THIS FRAME: 419x118, cornerRadius 16, padding 8, VERTICAL, itemSpacing 6, children Frame 3 403x78 + Frame 553 403x18. The 18px strip carries a cashback readout (the "0 SOL" chip, 11px on #001615). NOT BUILT and no source identified: grepping src/components/trench-redesign/ and src/components/home-redesign/ for cashback returns ZERO hits in the Trench tree - the only matches are two prose comments about the unrelated /rewards page (HomeOnboarding.tsx:807, HomeSidebarExpanded.tsx:1530). There is no per-token cashback field on DiscoveredToken and no service that would supply one. Recorded as not-started rather than blocked-on-backend because I did not establish that a backend is the blocker; what is established is that neither the surface nor a data source exists.
Pulse card - Intel - Boost status expanded [13006-198638]	partial	src/components/trench-redesign/discover/TokenCard.tsx + discover/IntelPanel.tsx	/trench	RESOLVED FROM unknown. MEASURED 2026-08-31 off Figma node data (use_figma, page 13006:134300, fileKey mhF3BkzlTaGiLzJ7kvpmVc). Family chrome, unanimous across all eleven Pulse card - Intel frames: fill #122524 opaque, stroke #123f3c width 1, padding 8 on all four sides, no shadow. * THE HEIGHT MATHS CONFIRMS TokenCard.tsx's OWN DOCBLOCK: the 419x94 base card is 8 + a 78-tall body (child "Frame 3" 403x78) + 8, and TokenCard.tsx:9-12 records exactly that ("94px tall ... 78px logo + 8px card padding + 8px gap") as the fix for report 3e6d8edf. The taller variants add a SECOND child, "Frame 553", 18 tall, on a 6px itemSpacing: 8+78+6+18+8 = 118. At the two narrow tiers the body grows to 86 and the card to 126 (8+86+6+18+8). Body width is always frame width minus 16. * MOUNT FINDING, and it is a real gap: the only Intel surface in src/ is IntelPanel.tsx, and DiscoverScreen.tsx:393-395 renders it inside `hidden xl:block` as a 280px-wide VERTICAL SIDE RAIL (IntelPanel.tsx:36 - w-[280px] flex-col gap-2 p-4 bg-[#021615] rounded-xl). That is a different composition AND a different colour from these frames (#021615 vs #122524, no border, radius xl not 16/12), and being xl-only it does not render at all at the 349 and 320 widths these frames specify. So the Intel content exists but the pulse-CARD Intel variants do not. THIS FRAME: 419x118, cornerRadius 16, padding 8, VERTICAL, itemSpacing 6, children Frame 3 403x78 + Frame 553 403x18. The expanded boost state adds a countdown, measured at 02:27 rendered 8px #17f9b4, on top of the 18px strip. * THE DATA AND THE COMPONENT BOTH EXIST: BoostStatus.tsx (src/components/trench-redesign/trade/BoostStatus.tsx) rides DexScreener's unauthenticated orders/v1 endpoint via src/services/market/dexScreenerOrders.ts and renders a dashed Unavailable chip on failure rather than faking "no paid listing". But its ONLY consumer is IntelPanel.tsx:74 (import at :25) - grep over src/ finds no other. So boost status is built for the 280px xl-only side rail and NOT for this card. partial: real component, wrong surface.
Pulse card - Intel - Boost status [13006-198778]	partial	src/components/trench-redesign/discover/TokenCard.tsx + discover/IntelPanel.tsx	/trench	RESOLVED FROM unknown. MEASURED 2026-08-31 off Figma node data (use_figma, page 13006:134300, fileKey mhF3BkzlTaGiLzJ7kvpmVc). Family chrome, unanimous across all eleven Pulse card - Intel frames: fill #122524 opaque, stroke #123f3c width 1, padding 8 on all four sides, no shadow. * THE HEIGHT MATHS CONFIRMS TokenCard.tsx's OWN DOCBLOCK: the 419x94 base card is 8 + a 78-tall body (child "Frame 3" 403x78) + 8, and TokenCard.tsx:9-12 records exactly that ("94px tall ... 78px logo + 8px card padding + 8px gap") as the fix for report 3e6d8edf. The taller variants add a SECOND child, "Frame 553", 18 tall, on a 6px itemSpacing: 8+78+6+18+8 = 118. At the two narrow tiers the body grows to 86 and the card to 126 (8+86+6+18+8). Body width is always frame width minus 16. * MOUNT FINDING, and it is a real gap: the only Intel surface in src/ is IntelPanel.tsx, and DiscoverScreen.tsx:393-395 renders it inside `hidden xl:block` as a 280px-wide VERTICAL SIDE RAIL (IntelPanel.tsx:36 - w-[280px] flex-col gap-2 p-4 bg-[#021615] rounded-xl). That is a different composition AND a different colour from these frames (#021615 vs #122524, no border, radius xl not 16/12), and being xl-only it does not render at all at the 349 and 320 widths these frames specify. So the Intel content exists but the pulse-CARD Intel variants do not. THIS FRAME: 419x118, cornerRadius 16, padding 8, VERTICAL, itemSpacing 6, children Frame 3 403x78 + Frame 553 403x18. The collapsed boost state - same geometry as 13006-198638 without the 02:27 countdown. Same verdict and same reason: BoostStatusLine exists and is honest about failure, but its only mount is IntelPanel.tsx:74, not the pulse card.
Pulse card - Intel - cashback coins [13006-259277]	not-started	-	/trench	RESOLVED FROM unknown. MEASURED 2026-08-31 off Figma node data (use_figma, page 13006:134300, fileKey mhF3BkzlTaGiLzJ7kvpmVc). Family chrome, unanimous across all eleven Pulse card - Intel frames: fill #122524 opaque, stroke #123f3c width 1, padding 8 on all four sides, no shadow. * THE HEIGHT MATHS CONFIRMS TokenCard.tsx's OWN DOCBLOCK: the 419x94 base card is 8 + a 78-tall body (child "Frame 3" 403x78) + 8, and TokenCard.tsx:9-12 records exactly that ("94px tall ... 78px logo + 8px card padding + 8px gap") as the fix for report 3e6d8edf. The taller variants add a SECOND child, "Frame 553", 18 tall, on a 6px itemSpacing: 8+78+6+18+8 = 118. At the two narrow tiers the body grows to 86 and the card to 126 (8+86+6+18+8). Body width is always frame width minus 16. * MOUNT FINDING, and it is a real gap: the only Intel surface in src/ is IntelPanel.tsx, and DiscoverScreen.tsx:393-395 renders it inside `hidden xl:block` as a 280px-wide VERTICAL SIDE RAIL (IntelPanel.tsx:36 - w-[280px] flex-col gap-2 p-4 bg-[#021615] rounded-xl). That is a different composition AND a different colour from these frames (#021615 vs #122524, no border, radius xl not 16/12), and being xl-only it does not render at all at the 349 and 320 widths these frames specify. So the Intel content exists but the pulse-CARD Intel variants do not. THIS FRAME: 320x126, cornerRadius 12, padding 8, VERTICAL, itemSpacing 6, children Frame 3 304x86 + Frame 553 304x18. The 320-wide (mobile) cashback variant. Radius drops to 12 and the body grows to 86, so the card is 126 tall. Type ramp drops a step with it: metric labels and values 10px here against 11px at 419. Same cashback finding as 13006-198500 - no surface, no source. Compounding it, IntelPanel is `hidden xl:block`, so nothing Intel renders at 320 at all.
Pulse card - Intel - cashback coins [13006-259417]	not-started	-	/trench	RESOLVED FROM unknown. MEASURED 2026-08-31 off Figma node data (use_figma, page 13006:134300, fileKey mhF3BkzlTaGiLzJ7kvpmVc). Family chrome, unanimous across all eleven Pulse card - Intel frames: fill #122524 opaque, stroke #123f3c width 1, padding 8 on all four sides, no shadow. * THE HEIGHT MATHS CONFIRMS TokenCard.tsx's OWN DOCBLOCK: the 419x94 base card is 8 + a 78-tall body (child "Frame 3" 403x78) + 8, and TokenCard.tsx:9-12 records exactly that ("94px tall ... 78px logo + 8px card padding + 8px gap") as the fix for report 3e6d8edf. The taller variants add a SECOND child, "Frame 553", 18 tall, on a 6px itemSpacing: 8+78+6+18+8 = 118. At the two narrow tiers the body grows to 86 and the card to 126 (8+86+6+18+8). Body width is always frame width minus 16. * MOUNT FINDING, and it is a real gap: the only Intel surface in src/ is IntelPanel.tsx, and DiscoverScreen.tsx:393-395 renders it inside `hidden xl:block` as a 280px-wide VERTICAL SIDE RAIL (IntelPanel.tsx:36 - w-[280px] flex-col gap-2 p-4 bg-[#021615] rounded-xl). That is a different composition AND a different colour from these frames (#021615 vs #122524, no border, radius xl not 16/12), and being xl-only it does not render at all at the 349 and 320 widths these frames specify. So the Intel content exists but the pulse-CARD Intel variants do not. THIS FRAME: 682x118, cornerRadius 12, padding 8, VERTICAL, itemSpacing 6, children Frame 3 666x78 + Frame 553 666x18. The 682-wide (wide single-column) cashback variant. Radius 12, body 666x78, labels 10px. Same cashback finding as 13006-198500.
Pulse card - Intel - Boost status expanded [13006-347281]	partial	src/components/trench-redesign/discover/TokenCard.tsx + discover/IntelPanel.tsx	/trench	RESOLVED FROM unknown. MEASURED 2026-08-31 off Figma node data (use_figma, page 13006:134300, fileKey mhF3BkzlTaGiLzJ7kvpmVc). Family chrome, unanimous across all eleven Pulse card - Intel frames: fill #122524 opaque, stroke #123f3c width 1, padding 8 on all four sides, no shadow. * THE HEIGHT MATHS CONFIRMS TokenCard.tsx's OWN DOCBLOCK: the 419x94 base card is 8 + a 78-tall body (child "Frame 3" 403x78) + 8, and TokenCard.tsx:9-12 records exactly that ("94px tall ... 78px logo + 8px card padding + 8px gap") as the fix for report 3e6d8edf. The taller variants add a SECOND child, "Frame 553", 18 tall, on a 6px itemSpacing: 8+78+6+18+8 = 118. At the two narrow tiers the body grows to 86 and the card to 126 (8+86+6+18+8). Body width is always frame width minus 16. * MOUNT FINDING, and it is a real gap: the only Intel surface in src/ is IntelPanel.tsx, and DiscoverScreen.tsx:393-395 renders it inside `hidden xl:block` as a 280px-wide VERTICAL SIDE RAIL (IntelPanel.tsx:36 - w-[280px] flex-col gap-2 p-4 bg-[#021615] rounded-xl). That is a different composition AND a different colour from these frames (#021615 vs #122524, no border, radius xl not 16/12), and being xl-only it does not render at all at the 349 and 320 widths these frames specify. So the Intel content exists but the pulse-CARD Intel variants do not. THIS FRAME: 682x118, cornerRadius 12, padding 8, VERTICAL, itemSpacing 6, children Frame 3 666x78 + Frame 553 666x18. 682-wide expanded boost, countdown 02:27 at 8px #17f9b4, labels 10px, the SOL chip 12px here rather than 10. Same verdict as 13006-198638: BoostStatusLine built, mounted only at IntelPanel.tsx:74.
Pulse card - Intel - Boost status [13006-347417]	partial	src/components/trench-redesign/discover/TokenCard.tsx + discover/IntelPanel.tsx	/trench	RESOLVED FROM unknown. MEASURED 2026-08-31 off Figma node data (use_figma, page 13006:134300, fileKey mhF3BkzlTaGiLzJ7kvpmVc). Family chrome, unanimous across all eleven Pulse card - Intel frames: fill #122524 opaque, stroke #123f3c width 1, padding 8 on all four sides, no shadow. * THE HEIGHT MATHS CONFIRMS TokenCard.tsx's OWN DOCBLOCK: the 419x94 base card is 8 + a 78-tall body (child "Frame 3" 403x78) + 8, and TokenCard.tsx:9-12 records exactly that ("94px tall ... 78px logo + 8px card padding + 8px gap") as the fix for report 3e6d8edf. The taller variants add a SECOND child, "Frame 553", 18 tall, on a 6px itemSpacing: 8+78+6+18+8 = 118. At the two narrow tiers the body grows to 86 and the card to 126 (8+86+6+18+8). Body width is always frame width minus 16. * MOUNT FINDING, and it is a real gap: the only Intel surface in src/ is IntelPanel.tsx, and DiscoverScreen.tsx:393-395 renders it inside `hidden xl:block` as a 280px-wide VERTICAL SIDE RAIL (IntelPanel.tsx:36 - w-[280px] flex-col gap-2 p-4 bg-[#021615] rounded-xl). That is a different composition AND a different colour from these frames (#021615 vs #122524, no border, radius xl not 16/12), and being xl-only it does not render at all at the 349 and 320 widths these frames specify. So the Intel content exists but the pulse-CARD Intel variants do not. THIS FRAME: 682x118, cornerRadius 12, padding 8, VERTICAL, itemSpacing 6, children Frame 3 666x78 + Frame 553 666x18. 682-wide collapsed boost. Same verdict as 13006-198778.
Pulse card - Intel - Boost status [13006-356662]	partial	src/components/trench-redesign/discover/TokenCard.tsx + discover/IntelPanel.tsx	/trench	RESOLVED FROM unknown. MEASURED 2026-08-31 off Figma node data (use_figma, page 13006:134300, fileKey mhF3BkzlTaGiLzJ7kvpmVc). Family chrome, unanimous across all eleven Pulse card - Intel frames: fill #122524 opaque, stroke #123f3c width 1, padding 8 on all four sides, no shadow. * THE HEIGHT MATHS CONFIRMS TokenCard.tsx's OWN DOCBLOCK: the 419x94 base card is 8 + a 78-tall body (child "Frame 3" 403x78) + 8, and TokenCard.tsx:9-12 records exactly that ("94px tall ... 78px logo + 8px card padding + 8px gap") as the fix for report 3e6d8edf. The taller variants add a SECOND child, "Frame 553", 18 tall, on a 6px itemSpacing: 8+78+6+18+8 = 118. At the two narrow tiers the body grows to 86 and the card to 126 (8+86+6+18+8). Body width is always frame width minus 16. * MOUNT FINDING, and it is a real gap: the only Intel surface in src/ is IntelPanel.tsx, and DiscoverScreen.tsx:393-395 renders it inside `hidden xl:block` as a 280px-wide VERTICAL SIDE RAIL (IntelPanel.tsx:36 - w-[280px] flex-col gap-2 p-4 bg-[#021615] rounded-xl). That is a different composition AND a different colour from these frames (#021615 vs #122524, no border, radius xl not 16/12), and being xl-only it does not render at all at the 349 and 320 widths these frames specify. So the Intel content exists but the pulse-CARD Intel variants do not. THIS FRAME: 349x126, cornerRadius 12, padding 8, VERTICAL, itemSpacing 6, children Frame 3 333x86 + Frame 553 333x18. 349-wide (mobile) collapsed boost: radius 12, body 333x86, card 126 tall, labels 10px. Same verdict as 13006-198778, plus the xl-only mount means no Intel surface renders at 349 at all.
Pulse card - Intel - Boost status expanded [13006-356801]	partial	src/components/trench-redesign/discover/TokenCard.tsx + discover/IntelPanel.tsx	/trench	RESOLVED FROM unknown. MEASURED 2026-08-31 off Figma node data (use_figma, page 13006:134300, fileKey mhF3BkzlTaGiLzJ7kvpmVc). Family chrome, unanimous across all eleven Pulse card - Intel frames: fill #122524 opaque, stroke #123f3c width 1, padding 8 on all four sides, no shadow. * THE HEIGHT MATHS CONFIRMS TokenCard.tsx's OWN DOCBLOCK: the 419x94 base card is 8 + a 78-tall body (child "Frame 3" 403x78) + 8, and TokenCard.tsx:9-12 records exactly that ("94px tall ... 78px logo + 8px card padding + 8px gap") as the fix for report 3e6d8edf. The taller variants add a SECOND child, "Frame 553", 18 tall, on a 6px itemSpacing: 8+78+6+18+8 = 118. At the two narrow tiers the body grows to 86 and the card to 126 (8+86+6+18+8). Body width is always frame width minus 16. * MOUNT FINDING, and it is a real gap: the only Intel surface in src/ is IntelPanel.tsx, and DiscoverScreen.tsx:393-395 renders it inside `hidden xl:block` as a 280px-wide VERTICAL SIDE RAIL (IntelPanel.tsx:36 - w-[280px] flex-col gap-2 p-4 bg-[#021615] rounded-xl). That is a different composition AND a different colour from these frames (#021615 vs #122524, no border, radius xl not 16/12), and being xl-only it does not render at all at the 349 and 320 widths these frames specify. So the Intel content exists but the pulse-CARD Intel variants do not. THIS FRAME: 349x126, cornerRadius 12, padding 8, VERTICAL, itemSpacing 6, children Frame 3 333x86 + Frame 553 333x18. 349-wide expanded boost with the 02:27 countdown at 8px. Same verdict as 13006-198638, plus the xl-only mount gap.
Frame 1358 [13006-169068]	partial	src/components/trench-redesign/discover/TokenTable.tsx	/trench	* IDENTITY RECOVERED. The registry title was null AND the frame's own Figma name is an auto-generated placeholder, so neither the catalog nor the name says what this is. Identified here from its child structure and visible text content. Discover token TABLE, identified from its seven visible column headers: Pairs / Market cap / Liquidity / Volume / Transactions / Token info / Action. Owner: src/components/trench-redesign/discover/TokenTable.tsx (with columns.ts and TokenRow.tsx), mounted through DiscoverScreen.tsx on /trench. THIS FRAME: 1061x664, radius 0, no fill, 163 visible text nodes, TWO children - Frame 445 (the table, 1061x664) and Frame 1100, a 594x8 sliver that is the horizontal scroll indicator. Its near-twin 13006-169857 is byte-identical minus that sliver, so the pair is scrollbar-shown / scrollbar-hidden, not two designs. partial: the table is built and mounted, but this lane measured only the frame box and the column set, not the row geometry or type ramp.
Frame 1360 [13006-169857]	partial	src/components/trench-redesign/discover/TokenTable.tsx	/trench	* IDENTITY RECOVERED. The registry title was null AND the frame's own Figma name is an auto-generated placeholder, so neither the catalog nor the name says what this is. Identified here from its child structure and visible text content. Discover token TABLE, identified from its seven visible column headers: Pairs / Market cap / Liquidity / Volume / Transactions / Token info / Action. Owner: src/components/trench-redesign/discover/TokenTable.tsx (with columns.ts and TokenRow.tsx), mounted through DiscoverScreen.tsx on /trench. THIS FRAME: 1061x664, radius 0, ONE child Frame 445 1061x664, 163 visible texts. This is the scrollbar-HIDDEN twin of 13006-169068 (same size, same 163 texts, same columns, minus the 594x8 Frame 1100). partial, same scope caveat as that row.
Frame 1367 [13006-170646]	partial	src/components/trench-redesign/discover/TokenTable.tsx	/trench	* IDENTITY RECOVERED. The registry title was null AND the frame's own Figma name is an auto-generated placeholder, so neither the catalog nor the name says what this is. Identified here from its child structure and visible text content. Discover token TABLE, identified from its seven visible column headers: Pairs / Market cap / Liquidity / Volume / Transactions / Token info / Action. Owner: src/components/trench-redesign/discover/TokenTable.tsx (with columns.ts and TokenRow.tsx), mounted through DiscoverScreen.tsx on /trench. THIS FRAME: 1053x666, one child Frame 445 1053x666, 163 visible texts. The 1053x666 trio (13006-170646/171435/172224) is the same table 8px narrower and 2px taller than the 1061x664 trio - a second column-width stop, not a different screen. partial, same scope caveat.
Frame 1371 [13006-171435]	partial	src/components/trench-redesign/discover/TokenTable.tsx	/trench	* IDENTITY RECOVERED. The registry title was null AND the frame's own Figma name is an auto-generated placeholder, so neither the catalog nor the name says what this is. Identified here from its child structure and visible text content. Discover token TABLE, identified from its seven visible column headers: Pairs / Market cap / Liquidity / Volume / Transactions / Token info / Action. Owner: src/components/trench-redesign/discover/TokenTable.tsx (with columns.ts and TokenRow.tsx), mounted through DiscoverScreen.tsx on /trench. THIS FRAME: 1053x666, one child Frame 445 1053x666, 163 visible texts. Member of the 1053x666 trio; identical text count to 13006-170646. partial, same scope caveat.
Frame 1368 [13006-172224]	partial	src/components/trench-redesign/discover/TokenTable.tsx	/trench	* IDENTITY RECOVERED. The registry title was null AND the frame's own Figma name is an auto-generated placeholder, so neither the catalog nor the name says what this is. Identified here from its child structure and visible text content. Discover token TABLE, identified from its seven visible column headers: Pairs / Market cap / Liquidity / Volume / Transactions / Token info / Action. Owner: src/components/trench-redesign/discover/TokenTable.tsx (with columns.ts and TokenRow.tsx), mounted through DiscoverScreen.tsx on /trench. THIS FRAME: 1053x666, one child Frame 445 1053x666, but only 121 visible texts against the 163 of 13006-170646/171435 at the SAME size. 42 fewer text nodes at identical geometry means this is a FEWER-ROWS or fewer-columns state of the same table, not a resize. partial, same scope caveat.
Frame 1359 [13006-172747]	partial	src/components/trench-redesign/discover/TokenTable.tsx	/trench	* IDENTITY RECOVERED. The registry title was null AND the frame's own Figma name is an auto-generated placeholder, so neither the catalog nor the name says what this is. Identified here from its child structure and visible text content. Discover token TABLE, identified from its seven visible column headers: Pairs / Market cap / Liquidity / Volume / Transactions / Token info / Action. Owner: src/components/trench-redesign/discover/TokenTable.tsx (with columns.ts and TokenRow.tsx), mounted through DiscoverScreen.tsx on /trench. THIS FRAME: 1061x664, TWO children (Frame 445 1061x664 + the 594x8 scroll sliver Frame 1100), 121 visible texts. It is to 13006-169068 what 13006-172224 is to 13006-170646: same box, 42 fewer texts. So the six table frames are a 2x3 matrix - two widths x (scrollbar shown/hidden) x (full/reduced row set). partial, same scope caveat.
Frame 1361 [13006-183297]	partial	src/components/home-redesign/whales/ActivityView.tsx	/trench	* IDENTITY RECOVERED. The registry title was null AND the frame's own Figma name is an auto-generated placeholder, so neither the catalog nor the name says what this is. Identified here from its child structure and visible text content. LIVE-TRADES table, identified from its headers Name / Token / Amount / Mkt. Cap. over rows of @handles and ages. Owner: ActivityView.tsx, reached through TrenchTrackers.tsx:157 (import :25) from DiscoverScreen.tsx:402. THIS FRAME: 538x620, radius 0, fill #122524, 112 visible texts, children Frame 593 (506x24 header) + Frame 358 (506x714 body). * The body is 714 tall inside a 620-tall frame, and 24+714=738 overflows the frame by 118px - that is a scroll list drawn at full length and clipped by the board, which is normal design practice here, NOT a frame defect. Body width 506 = 538 - 2x16, so the frame padding is 16. partial: the surface is built and mounted; row geometry not measured by this lane.
Frame 1373 [13006-233145]	not-started	-	/trench	* IDENTITY RECOVERED. The registry title was null AND the frame's own Figma name is an auto-generated placeholder, so neither the catalog nor the name says what this is. Identified here from its child structure and visible text content. COMPACT MIGRATED-TOKEN STATS TABLE, identified from its five headers: Token / Migrated / Mkt. Cap. / 1H volume / Bal. THIS FRAME: 432x226, radius 0, fill #122524, one child Frame 285 400x190 (so padding 16), 25 visible texts. NOT BUILT: DiscoverTabs.tsx ships a `migrated` TAB, but that renders the normal token feed, not this five-column summary with a per-user Bal. column. Grep over src/ finds no table with this header set. Bal. additionally implies a per-wallet balance joined onto a discovery row, which DiscoveredToken does not carry.
Frame 1363 [13006-233224]	not-started	-	/trench	* IDENTITY RECOVERED. The registry title was null AND the frame's own Figma name is an auto-generated placeholder, so neither the catalog nor the name says what this is. Identified here from its child structure and visible text content. WIDE MIGRATED-TOKEN STATS TABLE - the 801-wide sibling of 13006-233145, with four extra columns: Token / Migrated / Dex / Mkt. Cap. / ATH / Liquidity / 1H volume / Fees / Bal. THIS FRAME: 801x228, radius 0, fill #122524, one child Frame 285 777x192 (padding 12), 45 visible texts. NOT BUILT, and two of its columns have no source at all: trench-redesign/trade/content.ts records that per-token FEES have no source (the Intel rail prints n/a for exactly this reason), and there is no ATH field on DiscoveredToken. Anyone building this must decide per column whether to omit or to render an explicit unavailable state - never a $0.
Unrecommended edit [13006-236023]	frame-defect	-	/trench	MEASURED/IDENTIFIED 2026-08-31 off Figma node data (use_figma, page 13006:134300, fileKey mhF3BkzlTaGiLzJ7kvpmVc). * THE FRAME NAMES ITSELF AS A REJECTED DESIGN. Its Figma name is literally "Unrecommended edit". THIS FRAME: 1047x670, one child `section` 1047x670, 124 visible texts showing the trade-terminal panel tab row - Positions / Transactions / Holders (7) / Top traders / Dev tokens (4) / Instant trade - over a Dev / Tracked / You / Time / Type / Mkt. Cap. / Amount / Total USD table. frame-defect is the right bucket and it is a POSITIVE finding: this is a designer's do-not-build marker, so it must never be counted as an unbuilt requirement or used as a spec. The tab row it shows IS implemented, at src/components/trench-redesign/trade/PanelTabs.tsx:276, which cites this same Positions/Transaction/Holders/Top traders/Dev tokens row. Recording it as a defect removes it from the parity denominator rather than leaving it as a phantom gap.
Frame 1375 [13006-258611]	partial	src/components/trench-redesign/discover/TrenchColumn.tsx	/trench	* IDENTITY RECOVERED. The registry title was null AND the frame's own Figma name is an auto-generated placeholder, so neither the catalog nor the name says what this is. Identified here from its child structure and visible text content. MARKET-PULSE COLUMN, identified from its header row (New pairs / Search markets / SOL / 0 / P1 / P2) above a vertical list of pulse cards. Owner: src/components/trench-redesign/discover/TrenchColumn.tsx inside MarketPulseBoard.tsx, mounted on /trench. THIS FRAME: 435x674, children Frame 299 (435x54 header) + Frame 270 (435x620 card list), 102 visible texts. Card content visible in the list includes a socials line (@polymarket / 125 followers) and Tx: 72. * NOTE: "125 followers" is content the code deliberately OMITS - IntelPanel.tsx:6-11 and TokenCard.tsx:22-26 both record that DexScreener reports no follower count and the repo's only followerCount is keyed by wallet address, a different entity, so printing one here would present unrelated data as this token's audience. Treat the follower line as spec-we-decline, not as a gap. partial.
Frame 1280 [13006-258972]	partial	src/components/trench-redesign/discover/TrenchColumn.tsx	/trench	* IDENTITY RECOVERED. The registry title was null AND the frame's own Figma name is an auto-generated placeholder, so neither the catalog nor the name says what this is. Identified here from its child structure and visible text content. MARKET-PULSE COLUMN, identified from its header row (New pairs / Search markets / SOL / 0 / P1 / P2) above a vertical list of pulse cards. Owner: src/components/trench-redesign/discover/TrenchColumn.tsx inside MarketPulseBoard.tsx, mounted on /trench. THIS FRAME: 435x572, children Frame 299 (435x54 header) + Frame 270 (435x518 card list), 86 visible texts. Identical header and card composition to 13006-258611 with a 102px shorter list (620 -> 518) and 16 fewer texts, i.e. the same column with fewer cards. Same follower-count caveat. partial.
Frame 445 [13006-259555]	partial	src/components/trench-redesign/discover/TrenchColumn.tsx	/trench	* IDENTITY RECOVERED. The registry title was null AND the frame's own Figma name is an auto-generated placeholder, so neither the catalog nor the name says what this is. Identified here from its child structure and visible text content. MARKET-PULSE COLUMN, identified from its header row (New pairs / Search markets / SOL / 0 / P1 / P2) above a vertical list of pulse cards. Owner: src/components/trench-redesign/discover/TrenchColumn.tsx inside MarketPulseBoard.tsx, mounted on /trench. THIS FRAME: 346x808, one child Frame 429 346x808, 128 visible texts. This is the NARROW (mobile-tier) market-pulse column - same New pairs / Search markets / SOL / 0 / P1 / P2 header, and its card list includes an Intel card (the 0x4q5...3d6 / Intel / INTEL / 1.2k sequence), which ties it to the Pulse card - Intel family rows in this same file. That matters: those Intel variants are specified at 320/349 widths while IntelPanel.tsx renders `hidden xl:block`, so this column is where that mount gap actually bites. partial.
Frame 1374 [13006-299604]	partial	src/components/trench-redesign/trade/TopHoldersPanel.tsx	/trade	* IDENTITY RECOVERED. The registry title was null AND the frame's own Figma name is an auto-generated placeholder, so neither the catalog nor the name says what this is. Identified here from its child structure and visible text content. TOP-TRADERS table for the trade terminal, identified from its column headers. Owner: src/components/trench-redesign/trade/TopHoldersPanel.tsx, reached through PanelTabs.tsx. * NOTE FOR WHOEVER CLOSES THIS: trade/content.ts:541-543 records a DELIBERATE divergence - the tab is labelled "Top holders" and not the frame's "Top traders", because the data is a holder balance from useTokenHolders, and a "Top traders" heading over a holder list would misdescribe it. Do not "fix" the label to match the frame without reopening that decision. THIS FRAME: 562x418, radius 0, fill #122524, one child Frame 285 530x382 (padding 16), 61 visible texts. NARROW variant, five columns: S/N / Wallet / uPnL / Remaining / Held. partial.
Frame 1372 [13006-302319]	partial	src/components/trench-redesign/trade/TopHoldersPanel.tsx	/trade	* IDENTITY RECOVERED. The registry title was null AND the frame's own Figma name is an auto-generated placeholder, so neither the catalog nor the name says what this is. Identified here from its child structure and visible text content. TOP-TRADERS table for the trade terminal, identified from its column headers. Owner: src/components/trench-redesign/trade/TopHoldersPanel.tsx, reached through PanelTabs.tsx. * NOTE FOR WHOEVER CLOSES THIS: trade/content.ts:541-543 records a DELIBERATE divergence - the tab is labelled "Top holders" and not the frame's "Top traders", because the data is a holder balance from useTokenHolders, and a "Top traders" heading over a holder list would misdescribe it. Do not "fix" the label to match the frame without reopening that decision. THIS FRAME: 562x418, radius 0, fill #122524, one child Frame 285 530x382, 61 visible texts. Same box and same text count as 13006-299604 but a DIFFERENT column set - S/N / Wallet / uPnL / Funding / Held, i.e. Funding replaces Remaining. The two are alternative column choices at one width, not duplicates. partial.
Frame 1364 [13006-300408]	partial	src/components/trench-redesign/trade/TopHoldersPanel.tsx	/trade	* IDENTITY RECOVERED. The registry title was null AND the frame's own Figma name is an auto-generated placeholder, so neither the catalog nor the name says what this is. Identified here from its child structure and visible text content. TOP-TRADERS table for the trade terminal, identified from its column headers. Owner: src/components/trench-redesign/trade/TopHoldersPanel.tsx, reached through PanelTabs.tsx. * NOTE FOR WHOEVER CLOSES THIS: trade/content.ts:541-543 records a DELIBERATE divergence - the tab is labelled "Top holders" and not the frame's "Top traders", because the data is a holder balance from useTokenHolders, and a "Top traders" heading over a holder list would misdescribe it. Do not "fix" the label to match the frame without reopening that decision. THIS FRAME: 1047x450, MIXED corner radii, fill #122524, one child Frame 285 1023x414 (padding 12), 193 visible texts. WIDE variant carrying all nine columns: S/N / Wallet / SOL balance (last activity) / Bought (avg. buy) / Sold (avg. sell) / uPnL / Remaining / Funding / Held - so the narrow 562 frames are column SUBSETS of this one. Note the mixed radius: this frame does not have a single corner value, so do not cite it for one. partial.
Frame 1366 [13006-301004]	partial	src/components/trench-redesign/trade/TopHoldersPanel.tsx	/trade	* IDENTITY RECOVERED. The registry title was null AND the frame's own Figma name is an auto-generated placeholder, so neither the catalog nor the name says what this is. Identified here from its child structure and visible text content. TOP-TRADERS table for the trade terminal, identified from its column headers. Owner: src/components/trench-redesign/trade/TopHoldersPanel.tsx, reached through PanelTabs.tsx. * NOTE FOR WHOEVER CLOSES THIS: trade/content.ts:541-543 records a DELIBERATE divergence - the tab is labelled "Top holders" and not the frame's "Top traders", because the data is a holder balance from useTokenHolders, and a "Top traders" heading over a holder list would misdescribe it. Do not "fix" the label to match the frame without reopening that decision. THIS FRAME: 1047x450, mixed corner radii, fill #122524, one child Frame 285 1023x414, 193 visible texts - byte-for-byte the same size, child and text count as 13006-300408. A second state of the wide table (the difference is not in the text set, so it is a hover/selection or sort state). partial.
Frame 270 [13006-322042]	partial	src/components/home-redesign/whales/ActivityView.tsx	/trench	* IDENTITY RECOVERED. The registry title was null AND the frame's own Figma name is an auto-generated placeholder, so neither the catalog nor the name says what this is. Identified here from its child structure and visible text content. TRACKED-WALLET MANAGER table, identified from its headers Date / Name / Balance / Last active plus a `Delete all` action, over rows carrying an emoji avatar, a label (Whale / Marlo gamer), a truncated address, a USD and a SOL balance. Owner: ActivityView.tsx via TrenchTrackers.tsx:157, on /trench. THIS FRAME: 777x204, radius 0, fill #122524, children Frame 591 (745x24 header) + Frame 357 (745x136 body), 23 visible texts; 777-745 = 32 so padding is 16. This is the same surface wave 6 measured as 13006-179860 Wallet manager, whose OPEN gap is row pitch: frame 48, rendered 61 at 768+. Here the body is 136 tall for its rows, which is consistent with that finding. partial.
Frame 429 [13006-322144]	partial	src/components/trench-redesign/trade/KOLsPanel.tsx	/trench	* IDENTITY RECOVERED. The registry title was null AND the frame's own Figma name is an auto-generated placeholder, so neither the catalog nor the name says what this is. Identified here from its child structure and visible text content. KOL DIRECTORY panel, identified from its two headers KOL details / Actions over six named rows each with a truncated address (Vitalik Buterin, Anthony Di Iorio, Charles Hoskinson, Nick Szabo, Andreas Antonopoulos, Laura Shin). Owner: src/components/trench-redesign/trade/KOLsPanel.tsx, and the Trackers KOLs sub-view in ActivityView.tsx (the kols branch at :1393/:1395). THIS FRAME: 489x470, radius 0, one child Frame 1406 489x470, 36 visible texts. partial: the surface exists and is mounted; per-row geometry not measured here.
Percentage bigger [13006-233331]	not-started	-	/trench	MEASURED/IDENTIFIED 2026-08-31 off Figma node data (use_figma, page 13006:134300, fileKey mhF3BkzlTaGiLzJ7kvpmVc). * IDENTITY RECOVERED - and the frame's name is an INSTRUCTION, not a subject. "Percentage bigger" is a design ALT: the same token-stats card as its siblings with the percentage set larger. THIS FRAME: 298x474, MIXED corner radii, fill #122524, children Frame 285 (266x240) + Frame 1176 (266x164), 9 visible texts: 25% / Migrated / Token stats / Migrated: / 1 / Non-migrated: / 3 / Highlights / Top Mkt. Cap: Kyuin. Padding 16 (298-266). NOT BUILT: grep over src/ finds no Token stats card with a Migrated / Non-migrated split or a Highlights block. Because the name is an ALT instruction, whoever builds this must pick the sibling it is an alt OF - do not implement "Percentage bigger" as a screen name.
Unpaid dex [13006-247878]	partial	src/components/trench-redesign/trade/BoostStatus.tsx	/trade	MEASURED/IDENTIFIED 2026-08-31 off Figma node data (use_figma, page 13006:134300, fileKey mhF3BkzlTaGiLzJ7kvpmVc). * IDENTITY RECOVERED: this is not a screen, it is a 88x44 STATUS CHIP component with two states in one frame - children Frame 1155 (49x14, the "Unpaid" state) and a text node "DEX paid" (44x14). THIS FRAME: 88x44, cornerRadius 8, fill #001615. BUILT: BoostStatus.tsx:144 ships exactly this treatment ("Dot + word, the treatment Figma 8110-173120 introduced for DEX paid") and trade/content.ts:309 holds the literal string dexPaid: "DEX paid". The data behind it is real - DexScreener orders/v1 via src/services/market/dexScreenerOrders.ts, which renders a dashed Unavailable chip on failure rather than asserting "unpaid". partial: the component exists with the right two states, but I did not measure the chip's own 88x44 / radius 8 / #001615 against the rendered class list.
Skai > Trench > Discover > DEX Screener 1VH (1440 x 900px) [13006-174265]	not-started	-	/trench	MEASURED/IDENTIFIED 2026-08-31 off Figma node data (use_figma, page 13006:134300, fileKey mhF3BkzlTaGiLzJ7kvpmVc). FULL SCREEN, 1440x900, fill #001615, four children: main (1382x828), Header-desktop (INSTANCE 1440x56), Trench scroller (1382x22) and sidebar (58x844). 182 visible texts. The global chrome all matches surfaces that exist (the 58px collapsed rail, the 56px desktop header, the 22px Trench scroller = TrenchScroller.tsx). What does NOT exist is the SUBJECT: the body is a DEX Screener browser with Top / Trending / Hot searches / LIVE controls. DiscoverTabs.tsx ships exactly four tabs - trending, new ("New Pairs"), graduating ("Final Stretch") and migrated - and no DEX Screener tab; grep over the trench tree finds DexScreener only as the FEED behind the existing tabs (tokenDiscoveryService), never as a browsable surface. not-started, and note it is a sibling of the wave-6 finding on 13006-175023 (the pump.fun Live tab), which is the same shape of gap: a whole Discover sub-tab that was designed and never routed.
X accounts - My list [13006-184365]	partial	src/components/home-redesign/whales/XAccountsPanel.tsx	/trench	MEASURED/IDENTIFIED 2026-08-31 off Figma node data (use_figma, page 13006:134300, fileKey mhF3BkzlTaGiLzJ7kvpmVc). THIS FRAME: 448x674, radius 0, one child Frame 429 448x674, 9 visible texts: X accounts / Search address or name / Add handle / Popular / My list / 1 / @CryptosTraderX / 2 / @DeFiNewsAlerts - so a two-tab panel (Popular | My list) with a search field, an Add handle action and a numbered handle list. BUILT AND MOUNTED: XAccountsPanel.tsx is imported at ActivityView.tsx:63 and rendered at :1434, described there (:20) as "a side rail at desktop, the second half of a ... at narrow". It also already carries an oracle test, XAccountsPanel.figma.test.tsx. partial: mounted and tested, but that test pins its own node, not this frame, and this lane did not measure 448x674 against the rendered rail.
X accounts - My list > Add handle [13006-184420]	partial	src/components/home-redesign/whales/XAccountsPanel.tsx	/trench	MEASURED/IDENTIFIED 2026-08-31 off Figma node data (use_figma, page 13006:134300, fileKey mhF3BkzlTaGiLzJ7kvpmVc). THIS FRAME: 448x674, one child Frame 429 448x674, 12 visible texts - the same panel as 13006-184365 plus three more (#, @enter username, Add), i.e. the Add-handle INPUT ROW expanded inline above the list rather than in a separate modal. Same owner and mount (XAccountsPanel.tsx, ActivityView.tsx:63/:1434). partial: the panel is built; whether the add affordance opens inline as this frame draws it was not verified by this lane, and that is the one thing distinguishing this frame from its sibling.
sidebar - open - trench [13006-252220]	partial	src/components/home-redesign/HomeSidebarExpanded.tsx	/trench	MEASURED/IDENTIFIED 2026-08-31 off Figma node data (use_figma, page 13006:134300, fileKey mhF3BkzlTaGiLzJ7kvpmVc). THIS FRAME: 248x844, radius 0, fill #001615, children `Top main` (232x486) and `main bottom` (232x192); 248-232 = 16 so padding 8. 15 visible texts giving the full item order: New chat / Perps / Spot / Swaps / Trench / Alpha / PnL / Market Pulse / Launch / Dashboard / Layout settings / Messages / Games / Wallet. This is the EXPANDED app sidebar in its Trench state, not a Trench-local component. BUILT: HomeSidebarExpanded.tsx, and its surfaces test already asserts this exact ordering and the /trench landing (HomeSidebarExpanded.surfaces.test.tsx:570-572 pins PnL y=44 / Market Pulse y=88, and :626-638 asserts Market Pulse IS the landing surface with aria-current=page). partial: item set and order are corroborated by a live oracle test, but the 248x844 / 232-wide / 8px-padding geometry was not measured against the render by this lane.
dropdown-add [13006-252891]	not-started	-	/trench	MEASURED/IDENTIFIED 2026-08-31 off Figma node data (use_figma, page 13006:134300, fileKey mhF3BkzlTaGiLzJ7kvpmVc). THIS FRAME: 200x198, cornerRadius 12, fill #122524, FIVE children each 184x30 - Take profit / Stop loss / Trailing stop loss / Dev sell / Migration. Geometry solves exactly: 184 = 200 - 2x8 so padding 8; and 8 + 5x30 + 4x8 + 8 = 198, the frame height to the pixel, so row height 30 and gap 8. * THIS FRAME IS THE ORIGIN OF A DOCUMENTED BUG ON ANOTHER SURFACE. src/components/predict/chrome/orderTypeAvailability.ts:27-33 records that the Predict `dropdown-market` frames carry two hidden leftover rows, "Dev sell" (Frame 232) and "Migration" (Frame 233), laid out past their own bottom edge, and names them "leftovers from a Trench dropdown the same component was duplicated from" - this dropdown. So the Trench original is the parent of the Predict artefact, which is now handled there. NOT BUILT ON TRENCH: grep over src/ finds trailing-stop only in ai/SmartStopLoss.tsx and trade/perp/orders/AdvancedOrderPanel.tsx (perps, a different venue), and no Trench add-trigger menu with these five rows. Whoever builds it should apply the same rule orderTypeAvailability.ts settled on: a missing CAPABILITY keeps the row and disables it with a reason; a missing DATA value omits it.
Market lighthouse [13006-252301]	not-started	-	/trench	RESOLVED FROM unknown. MEASURED 2026-08-31 off Figma node data (use_figma, page 13006:134300, fileKey mhF3BkzlTaGiLzJ7kvpmVc). THIS FRAME: 400x470, cornerRadius 16 (the desktop stop). MARKET LIGHTHOUSE card: fill #122524, padding 16 all round, itemSpacing 16, 42 visible text nodes - a LIVE badge, a 5m / 1h / 6h / 24h timeframe rail and a Total trades figure (22.23M, -0.46%). The "> sample selection" variant is the SAME card with its heading swapped to "Virtual curve", i.e. a selected-sample state, not a second screen. NOT BUILT: a case-insensitive grep over all of src/ for "lighthouse" returns ZERO hits, and "virtual curve" likewise zero. There is no component, no route and no data path for it. not-started is the honest verdict - it is a clean build gap with nothing blocking it.
Market lighthouse > sample selection [13006-252468]	not-started	-	/trench	RESOLVED FROM unknown. MEASURED 2026-08-31 off Figma node data (use_figma, page 13006:134300, fileKey mhF3BkzlTaGiLzJ7kvpmVc). THIS FRAME: 400x470, cornerRadius 16. MARKET LIGHTHOUSE card: fill #122524, padding 16 all round, itemSpacing 16, 42 visible text nodes - a LIVE badge, a 5m / 1h / 6h / 24h timeframe rail and a Total trades figure (22.23M, -0.46%). The "> sample selection" variant is the SAME card with its heading swapped to "Virtual curve", i.e. a selected-sample state, not a second screen. NOT BUILT: a case-insensitive grep over all of src/ for "lighthouse" returns ZERO hits, and "virtual curve" likewise zero. There is no component, no route and no data path for it. not-started is the honest verdict - it is a clean build gap with nothing blocking it. Its Total trades reads 88.23M against its sibling's 22.23M, which is the only content difference.
Market lighthouse [13006-347620]	not-started	-	/trench	RESOLVED FROM unknown. MEASURED 2026-08-31 off Figma node data (use_figma, page 13006:134300, fileKey mhF3BkzlTaGiLzJ7kvpmVc). THIS FRAME: 400x454, cornerRadius 12 - the 768 stop: same 400 width as the desktop frame but 16px shorter and a smaller radius. MARKET LIGHTHOUSE card: fill #122524, padding 16 all round, itemSpacing 16, 42 visible text nodes - a LIVE badge, a 5m / 1h / 6h / 24h timeframe rail and a Total trades figure (22.23M, -0.46%). The "> sample selection" variant is the SAME card with its heading swapped to "Virtual curve", i.e. a selected-sample state, not a second screen. NOT BUILT: a case-insensitive grep over all of src/ for "lighthouse" returns ZERO hits, and "virtual curve" likewise zero. There is no component, no route and no data path for it. not-started is the honest verdict - it is a clean build gap with nothing blocking it.
Market lighthouse > sample selection [13006-347742]	not-started	-	/trench	RESOLVED FROM unknown. MEASURED 2026-08-31 off Figma node data (use_figma, page 13006:134300, fileKey mhF3BkzlTaGiLzJ7kvpmVc). THIS FRAME: 400x454, cornerRadius 12 (768 stop). MARKET LIGHTHOUSE card: fill #122524, padding 16 all round, itemSpacing 16, 42 visible text nodes - a LIVE badge, a 5m / 1h / 6h / 24h timeframe rail and a Total trades figure (22.23M, -0.46%). The "> sample selection" variant is the SAME card with its heading swapped to "Virtual curve", i.e. a selected-sample state, not a second screen. NOT BUILT: a case-insensitive grep over all of src/ for "lighthouse" returns ZERO hits, and "virtual curve" likewise zero. There is no component, no route and no data path for it. not-started is the honest verdict - it is a clean build gap with nothing blocking it.
Market lighthouse [13006-348493]	not-started	-	/trench	RESOLVED FROM unknown. MEASURED 2026-08-31 off Figma node data (use_figma, page 13006:134300, fileKey mhF3BkzlTaGiLzJ7kvpmVc). THIS FRAME: 354x444, cornerRadius 12 - the 375 stop. MARKET LIGHTHOUSE card: fill #122524, padding 16 all round, itemSpacing 16, 42 visible text nodes - a LIVE badge, a 5m / 1h / 6h / 24h timeframe rail and a Total trades figure (22.23M, -0.46%). The "> sample selection" variant is the SAME card with its heading swapped to "Virtual curve", i.e. a selected-sample state, not a second screen. NOT BUILT: a case-insensitive grep over all of src/ for "lighthouse" returns ZERO hits, and "virtual curve" likewise zero. There is no component, no route and no data path for it. not-started is the honest verdict - it is a clean build gap with nothing blocking it.
Market lighthouse > sample selection [13006-348660]	not-started	-	/trench	RESOLVED FROM unknown. MEASURED 2026-08-31 off Figma node data (use_figma, page 13006:134300, fileKey mhF3BkzlTaGiLzJ7kvpmVc). THIS FRAME: 354x444, cornerRadius 12 (375 stop). MARKET LIGHTHOUSE card: fill #122524, padding 16 all round, itemSpacing 16, 42 visible text nodes - a LIVE badge, a 5m / 1h / 6h / 24h timeframe rail and a Total trades figure (22.23M, -0.46%). The "> sample selection" variant is the SAME card with its heading swapped to "Virtual curve", i.e. a selected-sample state, not a second screen. NOT BUILT: a case-insensitive grep over all of src/ for "lighthouse" returns ZERO hits, and "virtual curve" likewise zero. There is no component, no route and no data path for it. not-started is the honest verdict - it is a clean build gap with nothing blocking it.
Token preview [13006-252423]	not-started	-	/trench	RESOLVED FROM unknown. MEASURED 2026-08-31 off Figma node data (use_figma, page 13006:134300, fileKey mhF3BkzlTaGiLzJ7kvpmVc). THIS FRAME: 400x464, cornerRadius 16 (desktop stop). TOKEN PREVIEW card: fill #122524, padding 16, itemSpacing 32, 18 visible texts - a token identity block (Colon / Colon Coin / 13h), a CA row with a full Solana address, Created at with a date, and a Members count. NOT BUILT as this card: grepping the trench tree for its distinctive "Created at" + "Members" pair returns nothing, and the only "token preview" strings in src/ are two unrelated bug-report comments (insightx/InsightXScreen.tsx:480 and whales/ImportWalletsModal.tsx:295) about entirely different surfaces. The itemSpacing 32 is worth carrying forward - it is double the 16 that every other card in this family uses.
Token preview [13006-347864]	not-started	-	/trench	RESOLVED FROM unknown. MEASURED 2026-08-31 off Figma node data (use_figma, page 13006:134300, fileKey mhF3BkzlTaGiLzJ7kvpmVc). THIS FRAME: 400x453, cornerRadius 12 (768 stop). TOKEN PREVIEW card: fill #122524, padding 16, itemSpacing 32, 18 visible texts - a token identity block (Colon / Colon Coin / 13h), a CA row with a full Solana address, Created at with a date, and a Members count. NOT BUILT as this card: grepping the trench tree for its distinctive "Created at" + "Members" pair returns nothing, and the only "token preview" strings in src/ are two unrelated bug-report comments (insightx/InsightXScreen.tsx:480 and whales/ImportWalletsModal.tsx:295) about entirely different surfaces. The itemSpacing 32 is worth carrying forward - it is double the 16 that every other card in this family uses.
Token preview [13006-348615]	not-started	-	/trench	RESOLVED FROM unknown. MEASURED 2026-08-31 off Figma node data (use_figma, page 13006:134300, fileKey mhF3BkzlTaGiLzJ7kvpmVc). THIS FRAME: 354x482, cornerRadius 12 (375 stop). Note it is TALLER than both wider stops (482 against 464/453), so the 375 card reflows rather than merely shrinking. TOKEN PREVIEW card: fill #122524, padding 16, itemSpacing 32, 18 visible texts - a token identity block (Colon / Colon Coin / 13h), a CA row with a full Solana address, Created at with a date, and a Members count. NOT BUILT as this card: grepping the trench tree for its distinctive "Created at" + "Members" pair returns nothing, and the only "token preview" strings in src/ are two unrelated bug-report comments (insightx/InsightXScreen.tsx:480 and whales/ImportWalletsModal.tsx:295) about entirely different surfaces. The itemSpacing 32 is worth carrying forward - it is double the 16 that every other card in this family uses.
Boost status ALT [13006-252664]	partial	src/components/trench-redesign/trade/BoostStatus.tsx	/trench	RESOLVED FROM unknown. MEASURED 2026-08-31 off Figma node data (use_figma, page 13006:134300, fileKey mhF3BkzlTaGiLzJ7kvpmVc). THIS FRAME: 391x94, cornerRadius 16. The radius follows the same family ramp as the chain charts and pulse cards - 16 at the 391x94 desktop stop, 12 at the 391x90 and 354x86 stops. BOOST STATUS CARD: fill #122524, padding 16, itemSpacing 12, no stroke. Six visible texts on the collapsed states - "Boost status", a percentage, 28.11, "28.11 SOL burned" and a "More info." affordance. The "- more info." frames are the SAME card expanded, adding "Boost mode" plus an explanatory note ("BOOST Mode autom..." / "Note: BOOST Mode..."), which is why they are ~160px taller. * THE FINDING: this is BUILT AND TESTED BUT NEVER MOUNTED. src/components/trench-redesign/trade/BoostStatus.tsx exports four things - useBoostStatus (:76), BoostStatusChip (:145), BoostStatusLine (:174) and BoostStatusBlock (:205). BoostStatusBlock is exactly this card: its docblock at :203 says it covers "the ... 'more info' states the three reports asked for", :216 gates the More info affordance on there being more than the one-line verdict, and content.ts:659 holds the literal moreInfo: "More info". But a grep over all of src/ for BoostStatusBlock and BoostStatusChip returns ONLY BoostStatus.test.tsx - eight hits, all renders inside the test. The single production consumer of this file is IntelPanel.tsx:74, and it imports BoostStatusLine, the one-line dot+word variant, NOT the card. So the card exists, has an oracle test, and renders nowhere a user can reach it. partial: the component is real and the DexScreener orders/v1 data behind it is real and fails honestly, but the surface is unmounted.
Boost status [13006-252687]	partial	src/components/trench-redesign/trade/BoostStatus.tsx	/trench	RESOLVED FROM unknown. MEASURED 2026-08-31 off Figma node data (use_figma, page 13006:134300, fileKey mhF3BkzlTaGiLzJ7kvpmVc). THIS FRAME: 391x94, cornerRadius 16. The radius follows the same family ramp as the chain charts and pulse cards - 16 at the 391x94 desktop stop, 12 at the 391x90 and 354x86 stops. BOOST STATUS CARD: fill #122524, padding 16, itemSpacing 12, no stroke. Six visible texts on the collapsed states - "Boost status", a percentage, 28.11, "28.11 SOL burned" and a "More info." affordance. The "- more info." frames are the SAME card expanded, adding "Boost mode" plus an explanatory note ("BOOST Mode autom..." / "Note: BOOST Mode..."), which is why they are ~160px taller. * THE FINDING: this is BUILT AND TESTED BUT NEVER MOUNTED. src/components/trench-redesign/trade/BoostStatus.tsx exports four things - useBoostStatus (:76), BoostStatusChip (:145), BoostStatusLine (:174) and BoostStatusBlock (:205). BoostStatusBlock is exactly this card: its docblock at :203 says it covers "the ... 'more info' states the three reports asked for", :216 gates the More info affordance on there being more than the one-line verdict, and content.ts:659 holds the literal moreInfo: "More info". But a grep over all of src/ for BoostStatusBlock and BoostStatusChip returns ONLY BoostStatus.test.tsx - eight hits, all renders inside the test. The single production consumer of this file is IntelPanel.tsx:74, and it imports BoostStatusLine, the one-line dot+word variant, NOT the card. So the card exists, has an oracle test, and renders nowhere a user can reach it. partial: the component is real and the DexScreener orders/v1 data behind it is real and fails honestly, but the surface is unmounted.
Boost status 50% [13006-252710]	partial	src/components/trench-redesign/trade/BoostStatus.tsx	/trench	RESOLVED FROM unknown. MEASURED 2026-08-31 off Figma node data (use_figma, page 13006:134300, fileKey mhF3BkzlTaGiLzJ7kvpmVc). THIS FRAME: 391x94, cornerRadius 16. The radius follows the same family ramp as the chain charts and pulse cards - 16 at the 391x94 desktop stop, 12 at the 391x90 and 354x86 stops. BOOST STATUS CARD: fill #122524, padding 16, itemSpacing 12, no stroke. Six visible texts on the collapsed states - "Boost status", a percentage, 28.11, "28.11 SOL burned" and a "More info." affordance. The "- more info." frames are the SAME card expanded, adding "Boost mode" plus an explanatory note ("BOOST Mode autom..." / "Note: BOOST Mode..."), which is why they are ~160px taller. * THE FINDING: this is BUILT AND TESTED BUT NEVER MOUNTED. src/components/trench-redesign/trade/BoostStatus.tsx exports four things - useBoostStatus (:76), BoostStatusChip (:145), BoostStatusLine (:174) and BoostStatusBlock (:205). BoostStatusBlock is exactly this card: its docblock at :203 says it covers "the ... 'more info' states the three reports asked for", :216 gates the More info affordance on there being more than the one-line verdict, and content.ts:659 holds the literal moreInfo: "More info". But a grep over all of src/ for BoostStatusBlock and BoostStatusChip returns ONLY BoostStatus.test.tsx - eight hits, all renders inside the test. The single production consumer of this file is IntelPanel.tsx:74, and it imports BoostStatusLine, the one-line dot+word variant, NOT the card. So the card exists, has an oracle test, and renders nowhere a user can reach it. partial: the component is real and the DexScreener orders/v1 data behind it is real and fails honestly, but the surface is unmounted.
Boost status - more info. [13006-252735]	partial	src/components/trench-redesign/trade/BoostStatus.tsx	/trench	RESOLVED FROM unknown. MEASURED 2026-08-31 off Figma node data (use_figma, page 13006:134300, fileKey mhF3BkzlTaGiLzJ7kvpmVc). THIS FRAME: 391x254, cornerRadius 16. The radius follows the same family ramp as the chain charts and pulse cards - 16 at the 391x94 desktop stop, 12 at the 391x90 and 354x86 stops. BOOST STATUS CARD: fill #122524, padding 16, itemSpacing 12, no stroke. Six visible texts on the collapsed states - "Boost status", a percentage, 28.11, "28.11 SOL burned" and a "More info." affordance. The "- more info." frames are the SAME card expanded, adding "Boost mode" plus an explanatory note ("BOOST Mode autom..." / "Note: BOOST Mode..."), which is why they are ~160px taller. * THE FINDING: this is BUILT AND TESTED BUT NEVER MOUNTED. src/components/trench-redesign/trade/BoostStatus.tsx exports four things - useBoostStatus (:76), BoostStatusChip (:145), BoostStatusLine (:174) and BoostStatusBlock (:205). BoostStatusBlock is exactly this card: its docblock at :203 says it covers "the ... 'more info' states the three reports asked for", :216 gates the More info affordance on there being more than the one-line verdict, and content.ts:659 holds the literal moreInfo: "More info". But a grep over all of src/ for BoostStatusBlock and BoostStatusChip returns ONLY BoostStatus.test.tsx - eight hits, all renders inside the test. The single production consumer of this file is IntelPanel.tsx:74, and it imports BoostStatusLine, the one-line dot+word variant, NOT the card. So the card exists, has an oracle test, and renders nowhere a user can reach it. partial: the component is real and the DexScreener orders/v1 data behind it is real and fails honestly, but the surface is unmounted.
Boost status ALT [13006-347983]	partial	src/components/trench-redesign/trade/BoostStatus.tsx	/trench	RESOLVED FROM unknown. MEASURED 2026-08-31 off Figma node data (use_figma, page 13006:134300, fileKey mhF3BkzlTaGiLzJ7kvpmVc). THIS FRAME: 391x90, cornerRadius 12. The radius follows the same family ramp as the chain charts and pulse cards - 16 at the 391x94 desktop stop, 12 at the 391x90 and 354x86 stops. BOOST STATUS CARD: fill #122524, padding 16, itemSpacing 12, no stroke. Six visible texts on the collapsed states - "Boost status", a percentage, 28.11, "28.11 SOL burned" and a "More info." affordance. The "- more info." frames are the SAME card expanded, adding "Boost mode" plus an explanatory note ("BOOST Mode autom..." / "Note: BOOST Mode..."), which is why they are ~160px taller. * THE FINDING: this is BUILT AND TESTED BUT NEVER MOUNTED. src/components/trench-redesign/trade/BoostStatus.tsx exports four things - useBoostStatus (:76), BoostStatusChip (:145), BoostStatusLine (:174) and BoostStatusBlock (:205). BoostStatusBlock is exactly this card: its docblock at :203 says it covers "the ... 'more info' states the three reports asked for", :216 gates the More info affordance on there being more than the one-line verdict, and content.ts:659 holds the literal moreInfo: "More info". But a grep over all of src/ for BoostStatusBlock and BoostStatusChip returns ONLY BoostStatus.test.tsx - eight hits, all renders inside the test. The single production consumer of this file is IntelPanel.tsx:74, and it imports BoostStatusLine, the one-line dot+word variant, NOT the card. So the card exists, has an oracle test, and renders nowhere a user can reach it. partial: the component is real and the DexScreener orders/v1 data behind it is real and fails honestly, but the surface is unmounted.
Boost status [13006-348006]	partial	src/components/trench-redesign/trade/BoostStatus.tsx	/trench	RESOLVED FROM unknown. MEASURED 2026-08-31 off Figma node data (use_figma, page 13006:134300, fileKey mhF3BkzlTaGiLzJ7kvpmVc). THIS FRAME: 391x90, cornerRadius 12. The radius follows the same family ramp as the chain charts and pulse cards - 16 at the 391x94 desktop stop, 12 at the 391x90 and 354x86 stops. BOOST STATUS CARD: fill #122524, padding 16, itemSpacing 12, no stroke. Six visible texts on the collapsed states - "Boost status", a percentage, 28.11, "28.11 SOL burned" and a "More info." affordance. The "- more info." frames are the SAME card expanded, adding "Boost mode" plus an explanatory note ("BOOST Mode autom..." / "Note: BOOST Mode..."), which is why they are ~160px taller. * THE FINDING: this is BUILT AND TESTED BUT NEVER MOUNTED. src/components/trench-redesign/trade/BoostStatus.tsx exports four things - useBoostStatus (:76), BoostStatusChip (:145), BoostStatusLine (:174) and BoostStatusBlock (:205). BoostStatusBlock is exactly this card: its docblock at :203 says it covers "the ... 'more info' states the three reports asked for", :216 gates the More info affordance on there being more than the one-line verdict, and content.ts:659 holds the literal moreInfo: "More info". But a grep over all of src/ for BoostStatusBlock and BoostStatusChip returns ONLY BoostStatus.test.tsx - eight hits, all renders inside the test. The single production consumer of this file is IntelPanel.tsx:74, and it imports BoostStatusLine, the one-line dot+word variant, NOT the card. So the card exists, has an oracle test, and renders nowhere a user can reach it. partial: the component is real and the DexScreener orders/v1 data behind it is real and fails honestly, but the surface is unmounted.
Boost status 50% [13006-348029]	partial	src/components/trench-redesign/trade/BoostStatus.tsx	/trench	RESOLVED FROM unknown. MEASURED 2026-08-31 off Figma node data (use_figma, page 13006:134300, fileKey mhF3BkzlTaGiLzJ7kvpmVc). THIS FRAME: 391x90, cornerRadius 12. The radius follows the same family ramp as the chain charts and pulse cards - 16 at the 391x94 desktop stop, 12 at the 391x90 and 354x86 stops. BOOST STATUS CARD: fill #122524, padding 16, itemSpacing 12, no stroke. Six visible texts on the collapsed states - "Boost status", a percentage, 28.11, "28.11 SOL burned" and a "More info." affordance. The "- more info." frames are the SAME card expanded, adding "Boost mode" plus an explanatory note ("BOOST Mode autom..." / "Note: BOOST Mode..."), which is why they are ~160px taller. * THE FINDING: this is BUILT AND TESTED BUT NEVER MOUNTED. src/components/trench-redesign/trade/BoostStatus.tsx exports four things - useBoostStatus (:76), BoostStatusChip (:145), BoostStatusLine (:174) and BoostStatusBlock (:205). BoostStatusBlock is exactly this card: its docblock at :203 says it covers "the ... 'more info' states the three reports asked for", :216 gates the More info affordance on there being more than the one-line verdict, and content.ts:659 holds the literal moreInfo: "More info". But a grep over all of src/ for BoostStatusBlock and BoostStatusChip returns ONLY BoostStatus.test.tsx - eight hits, all renders inside the test. The single production consumer of this file is IntelPanel.tsx:74, and it imports BoostStatusLine, the one-line dot+word variant, NOT the card. So the card exists, has an oracle test, and renders nowhere a user can reach it. partial: the component is real and the DexScreener orders/v1 data behind it is real and fails honestly, but the surface is unmounted.
Boost status - more info. [13006-348054]	partial	src/components/trench-redesign/trade/BoostStatus.tsx	/trench	RESOLVED FROM unknown. MEASURED 2026-08-31 off Figma node data (use_figma, page 13006:134300, fileKey mhF3BkzlTaGiLzJ7kvpmVc). THIS FRAME: 391x242, cornerRadius 12. The radius follows the same family ramp as the chain charts and pulse cards - 16 at the 391x94 desktop stop, 12 at the 391x90 and 354x86 stops. BOOST STATUS CARD: fill #122524, padding 16, itemSpacing 12, no stroke. Six visible texts on the collapsed states - "Boost status", a percentage, 28.11, "28.11 SOL burned" and a "More info." affordance. The "- more info." frames are the SAME card expanded, adding "Boost mode" plus an explanatory note ("BOOST Mode autom..." / "Note: BOOST Mode..."), which is why they are ~160px taller. * THE FINDING: this is BUILT AND TESTED BUT NEVER MOUNTED. src/components/trench-redesign/trade/BoostStatus.tsx exports four things - useBoostStatus (:76), BoostStatusChip (:145), BoostStatusLine (:174) and BoostStatusBlock (:205). BoostStatusBlock is exactly this card: its docblock at :203 says it covers "the ... 'more info' states the three reports asked for", :216 gates the More info affordance on there being more than the one-line verdict, and content.ts:659 holds the literal moreInfo: "More info". But a grep over all of src/ for BoostStatusBlock and BoostStatusChip returns ONLY BoostStatus.test.tsx - eight hits, all renders inside the test. The single production consumer of this file is IntelPanel.tsx:74, and it imports BoostStatusLine, the one-line dot+word variant, NOT the card. So the card exists, has an oracle test, and renders nowhere a user can reach it. partial: the component is real and the DexScreener orders/v1 data behind it is real and fails honestly, but the surface is unmounted.
Boost status ALT [13006-348856]	partial	src/components/trench-redesign/trade/BoostStatus.tsx	/trench	RESOLVED FROM unknown. MEASURED 2026-08-31 off Figma node data (use_figma, page 13006:134300, fileKey mhF3BkzlTaGiLzJ7kvpmVc). THIS FRAME: 354x86, cornerRadius 12. The radius follows the same family ramp as the chain charts and pulse cards - 16 at the 391x94 desktop stop, 12 at the 391x90 and 354x86 stops. BOOST STATUS CARD: fill #122524, padding 16, itemSpacing 12, no stroke. Six visible texts on the collapsed states - "Boost status", a percentage, 28.11, "28.11 SOL burned" and a "More info." affordance. The "- more info." frames are the SAME card expanded, adding "Boost mode" plus an explanatory note ("BOOST Mode autom..." / "Note: BOOST Mode..."), which is why they are ~160px taller. * THE FINDING: this is BUILT AND TESTED BUT NEVER MOUNTED. src/components/trench-redesign/trade/BoostStatus.tsx exports four things - useBoostStatus (:76), BoostStatusChip (:145), BoostStatusLine (:174) and BoostStatusBlock (:205). BoostStatusBlock is exactly this card: its docblock at :203 says it covers "the ... 'more info' states the three reports asked for", :216 gates the More info affordance on there being more than the one-line verdict, and content.ts:659 holds the literal moreInfo: "More info". But a grep over all of src/ for BoostStatusBlock and BoostStatusChip returns ONLY BoostStatus.test.tsx - eight hits, all renders inside the test. The single production consumer of this file is IntelPanel.tsx:74, and it imports BoostStatusLine, the one-line dot+word variant, NOT the card. So the card exists, has an oracle test, and renders nowhere a user can reach it. partial: the component is real and the DexScreener orders/v1 data behind it is real and fails honestly, but the surface is unmounted.
Boost status [13006-348879]	partial	src/components/trench-redesign/trade/BoostStatus.tsx	/trench	RESOLVED FROM unknown. MEASURED 2026-08-31 off Figma node data (use_figma, page 13006:134300, fileKey mhF3BkzlTaGiLzJ7kvpmVc). THIS FRAME: 354x86, cornerRadius 12. The radius follows the same family ramp as the chain charts and pulse cards - 16 at the 391x94 desktop stop, 12 at the 391x90 and 354x86 stops. BOOST STATUS CARD: fill #122524, padding 16, itemSpacing 12, no stroke. Six visible texts on the collapsed states - "Boost status", a percentage, 28.11, "28.11 SOL burned" and a "More info." affordance. The "- more info." frames are the SAME card expanded, adding "Boost mode" plus an explanatory note ("BOOST Mode autom..." / "Note: BOOST Mode..."), which is why they are ~160px taller. * THE FINDING: this is BUILT AND TESTED BUT NEVER MOUNTED. src/components/trench-redesign/trade/BoostStatus.tsx exports four things - useBoostStatus (:76), BoostStatusChip (:145), BoostStatusLine (:174) and BoostStatusBlock (:205). BoostStatusBlock is exactly this card: its docblock at :203 says it covers "the ... 'more info' states the three reports asked for", :216 gates the More info affordance on there being more than the one-line verdict, and content.ts:659 holds the literal moreInfo: "More info". But a grep over all of src/ for BoostStatusBlock and BoostStatusChip returns ONLY BoostStatus.test.tsx - eight hits, all renders inside the test. The single production consumer of this file is IntelPanel.tsx:74, and it imports BoostStatusLine, the one-line dot+word variant, NOT the card. So the card exists, has an oracle test, and renders nowhere a user can reach it. partial: the component is real and the DexScreener orders/v1 data behind it is real and fails honestly, but the surface is unmounted.
Boost status 50% [13006-348902]	partial	src/components/trench-redesign/trade/BoostStatus.tsx	/trench	RESOLVED FROM unknown. MEASURED 2026-08-31 off Figma node data (use_figma, page 13006:134300, fileKey mhF3BkzlTaGiLzJ7kvpmVc). THIS FRAME: 354x88, cornerRadius 12. The radius follows the same family ramp as the chain charts and pulse cards - 16 at the 391x94 desktop stop, 12 at the 391x90 and 354x86 stops. BOOST STATUS CARD: fill #122524, padding 16, itemSpacing 12, no stroke. Six visible texts on the collapsed states - "Boost status", a percentage, 28.11, "28.11 SOL burned" and a "More info." affordance. The "- more info." frames are the SAME card expanded, adding "Boost mode" plus an explanatory note ("BOOST Mode autom..." / "Note: BOOST Mode..."), which is why they are ~160px taller. * THE FINDING: this is BUILT AND TESTED BUT NEVER MOUNTED. src/components/trench-redesign/trade/BoostStatus.tsx exports four things - useBoostStatus (:76), BoostStatusChip (:145), BoostStatusLine (:174) and BoostStatusBlock (:205). BoostStatusBlock is exactly this card: its docblock at :203 says it covers "the ... 'more info' states the three reports asked for", :216 gates the More info affordance on there being more than the one-line verdict, and content.ts:659 holds the literal moreInfo: "More info". But a grep over all of src/ for BoostStatusBlock and BoostStatusChip returns ONLY BoostStatus.test.tsx - eight hits, all renders inside the test. The single production consumer of this file is IntelPanel.tsx:74, and it imports BoostStatusLine, the one-line dot+word variant, NOT the card. So the card exists, has an oracle test, and renders nowhere a user can reach it. partial: the component is real and the DexScreener orders/v1 data behind it is real and fails honestly, but the surface is unmounted.
Boost status - more info. [13006-348927]	partial	src/components/trench-redesign/trade/BoostStatus.tsx	/trench	RESOLVED FROM unknown. MEASURED 2026-08-31 off Figma node data (use_figma, page 13006:134300, fileKey mhF3BkzlTaGiLzJ7kvpmVc). THIS FRAME: 354x224, cornerRadius 12. The radius follows the same family ramp as the chain charts and pulse cards - 16 at the 391x94 desktop stop, 12 at the 391x90 and 354x86 stops. BOOST STATUS CARD: fill #122524, padding 16, itemSpacing 12, no stroke. Six visible texts on the collapsed states - "Boost status", a percentage, 28.11, "28.11 SOL burned" and a "More info." affordance. The "- more info." frames are the SAME card expanded, adding "Boost mode" plus an explanatory note ("BOOST Mode autom..." / "Note: BOOST Mode..."), which is why they are ~160px taller. * THE FINDING: this is BUILT AND TESTED BUT NEVER MOUNTED. src/components/trench-redesign/trade/BoostStatus.tsx exports four things - useBoostStatus (:76), BoostStatusChip (:145), BoostStatusLine (:174) and BoostStatusBlock (:205). BoostStatusBlock is exactly this card: its docblock at :203 says it covers "the ... 'more info' states the three reports asked for", :216 gates the More info affordance on there being more than the one-line verdict, and content.ts:659 holds the literal moreInfo: "More info". But a grep over all of src/ for BoostStatusBlock and BoostStatusChip returns ONLY BoostStatus.test.tsx - eight hits, all renders inside the test. The single production consumer of this file is IntelPanel.tsx:74, and it imports BoostStatusLine, the one-line dot+word variant, NOT the card. So the card exists, has an oracle test, and renders nowhere a user can reach it. partial: the component is real and the DexScreener orders/v1 data behind it is real and fails honestly, but the surface is unmounted.
PnL Tracker [13006-252779]	partial	src/components/trench-redesign/trade/PnLTrackerModal.tsx	/trench	RESOLVED FROM unknown. MEASURED 2026-08-31 off Figma node data (use_figma, page 13006:134300, fileKey mhF3BkzlTaGiLzJ7kvpmVc). THIS FRAME: 391x269, cornerRadius 16 (desktop). PnL TRACKER card: fill #122524, padding 16, itemSpacing 16, 7 visible texts - 145 SOL / +23 / Balance $7,616 / PnL $2,117 / "Jump to portfolio". BUILT AND MOUNTED: src/components/trench-redesign/trade/PnLTrackerModal.tsx, rendered at HomeSidebarExpanded.tsx:3140, and it already cites these three node ids at :4-6 with pnlTrackerSources.ts:6-8 doing the same. * CROSS-CHECK THAT HOLDS: PnLTrackerModal.tsx:17 records the CTA as "359x34, r=8, 'Jump to portfolio' 14px #56C7F3". My independent read of the 391-wide frames gives padding 16, so the content width is 391-32 = 359 - the CTA spans the full content width exactly, which corroborates that recorded number rather than merely repeating it. partial: shell geometry and the CTA width check out, but this lane did not measure the internal rows or the type ramp.
PnL Tracker [13006-348098]	partial	src/components/trench-redesign/trade/PnLTrackerModal.tsx	/trench	RESOLVED FROM unknown. MEASURED 2026-08-31 off Figma node data (use_figma, page 13006:134300, fileKey mhF3BkzlTaGiLzJ7kvpmVc). THIS FRAME: 391x261, cornerRadius 12 (768). PnL TRACKER card: fill #122524, padding 16, itemSpacing 16, 7 visible texts - 145 SOL / +23 / Balance $7,616 / PnL $2,117 / "Jump to portfolio". BUILT AND MOUNTED: src/components/trench-redesign/trade/PnLTrackerModal.tsx, rendered at HomeSidebarExpanded.tsx:3140, and it already cites these three node ids at :4-6 with pnlTrackerSources.ts:6-8 doing the same. * CROSS-CHECK THAT HOLDS: PnLTrackerModal.tsx:17 records the CTA as "359x34, r=8, 'Jump to portfolio' 14px #56C7F3". My independent read of the 391-wide frames gives padding 16, so the content width is 391-32 = 359 - the CTA spans the full content width exactly, which corroborates that recorded number rather than merely repeating it. partial: shell geometry and the CTA width check out, but this lane did not measure the internal rows or the type ramp.
PnL Tracker [13006-348971]	partial	src/components/trench-redesign/trade/PnLTrackerModal.tsx	/trench	RESOLVED FROM unknown. MEASURED 2026-08-31 off Figma node data (use_figma, page 13006:134300, fileKey mhF3BkzlTaGiLzJ7kvpmVc). THIS FRAME: 354x259, cornerRadius 12 (375). PnL TRACKER card: fill #122524, padding 16, itemSpacing 16, 7 visible texts - 145 SOL / +23 / Balance $7,616 / PnL $2,117 / "Jump to portfolio". BUILT AND MOUNTED: src/components/trench-redesign/trade/PnLTrackerModal.tsx, rendered at HomeSidebarExpanded.tsx:3140, and it already cites these three node ids at :4-6 with pnlTrackerSources.ts:6-8 doing the same. * CROSS-CHECK THAT HOLDS: PnLTrackerModal.tsx:17 records the CTA as "359x34, r=8, 'Jump to portfolio' 14px #56C7F3". My independent read of the 391-wide frames gives padding 16, so the content width is 391-32 = 359 - the CTA spans the full content width exactly, which corroborates that recorded number rather than merely repeating it. partial: shell geometry and the CTA width check out, but this lane did not measure the internal rows or the type ramp.
Alpha Tracker [13006-252907]	partial	src/components/trench-redesign/trade/AlphaTrackerModal.tsx	/trench	RESOLVED FROM unknown. MEASURED 2026-08-31 off Figma node data (use_figma, page 13006:134300, fileKey mhF3BkzlTaGiLzJ7kvpmVc). THIS FRAME: 432x704, cornerRadius 0. * FRAME INCONSISTENCY, measured: its two siblings 13006-348162 (432x704) and 13006-349035 (354x704) both carry cornerRadius 12 and this one carries 0, at the SAME 432x704 size as 348162. Two frames of identical dimensions differing only in radius means one of them is stale; the majority (12) is the one to build to. ALPHA TRACKER panel: no fill and zero padding at frame level (it is a layout group, not a card), itemSpacing 24, 50 visible texts - an "Alpha tracker" heading, a Search markets field, and token rows carrying symbol, age, truncated CA, MC and a Dex paid chip. BUILT AND MOUNTED: src/components/trench-redesign/trade/AlphaTrackerModal.tsx cites these ids at :126-127 and is rendered at HomeSidebarExpanded.tsx:3127. partial: mounted, but the internal row geometry and type ramp were not measured here.
Alpha Tracker [13006-348162]	partial	src/components/trench-redesign/trade/AlphaTrackerModal.tsx	/trench	RESOLVED FROM unknown. MEASURED 2026-08-31 off Figma node data (use_figma, page 13006:134300, fileKey mhF3BkzlTaGiLzJ7kvpmVc). THIS FRAME: 432x704, cornerRadius 12 - same size as 13006-252907 but with the radius its siblings agree on. ALPHA TRACKER panel: no fill and zero padding at frame level (it is a layout group, not a card), itemSpacing 24, 50 visible texts - an "Alpha tracker" heading, a Search markets field, and token rows carrying symbol, age, truncated CA, MC and a Dex paid chip. BUILT AND MOUNTED: src/components/trench-redesign/trade/AlphaTrackerModal.tsx cites these ids at :126-127 and is rendered at HomeSidebarExpanded.tsx:3127. partial: mounted, but the internal row geometry and type ramp were not measured here.
Alpha Tracker [13006-349035]	partial	src/components/trench-redesign/trade/AlphaTrackerModal.tsx	/trench	RESOLVED FROM unknown. MEASURED 2026-08-31 off Figma node data (use_figma, page 13006:134300, fileKey mhF3BkzlTaGiLzJ7kvpmVc). THIS FRAME: 354x704, cornerRadius 12 - the 375 stop, same 704 height as both wider stops. ALPHA TRACKER panel: no fill and zero padding at frame level (it is a layout group, not a card), itemSpacing 24, 50 visible texts - an "Alpha tracker" heading, a Search markets field, and token rows carrying symbol, age, truncated CA, MC and a Dex paid chip. BUILT AND MOUNTED: src/components/trench-redesign/trade/AlphaTrackerModal.tsx cites these ids at :126-127 and is rendered at HomeSidebarExpanded.tsx:3127. partial: mounted, but the internal row geometry and type ramp were not measured here.
Charity [13006-198914]	partial	src/components/trench-redesign/charity/CharityAllocationCard.tsx	/trench	RESOLVED FROM unknown. MEASURED 2026-08-31 off Figma node data (use_figma, page 13006:134300, fileKey mhF3BkzlTaGiLzJ7kvpmVc). THIS FRAME: 220x152, cornerRadius 0. * FRAME INCONSISTENCY: its two siblings 13006-347553 and 13006-348426 are 220x152 with cornerRadius 12; this one is the same size with radius 0. Same stale-frame pattern as the Alpha Tracker trio - build to the 12. CHARITY allocation card: no frame fill, zero padding, zero itemSpacing, 7 visible texts - "Charity coin allocation", Created by + a truncated address, 0%, "Charity donation", "Save Ukrainian K..." and 100%. BUILT AND MOUNTED: src/components/trench-redesign/charity/CharityAllocationCard.tsx cites 13006-198914 at :7, its copy lives in charity/content.ts:25/:32/:40-41 ("Charity coins route a share of their supply to a verified nonprofit ... that split is settled on-chain, so the donation is verifiable rather than a promise"), and it is rendered at CharityScreen.tsx:122. partial: mounted with real copy, but the card's own geometry and type ramp were not measured against the render by this lane.
Charity [13006-347553]	partial	src/components/trench-redesign/charity/CharityAllocationCard.tsx	/trench	RESOLVED FROM unknown. MEASURED 2026-08-31 off Figma node data (use_figma, page 13006:134300, fileKey mhF3BkzlTaGiLzJ7kvpmVc). THIS FRAME: 220x152, cornerRadius 12. CHARITY allocation card: no frame fill, zero padding, zero itemSpacing, 7 visible texts - "Charity coin allocation", Created by + a truncated address, 0%, "Charity donation", "Save Ukrainian K..." and 100%. BUILT AND MOUNTED: src/components/trench-redesign/charity/CharityAllocationCard.tsx cites 13006-198914 at :7, its copy lives in charity/content.ts:25/:32/:40-41 ("Charity coins route a share of their supply to a verified nonprofit ... that split is settled on-chain, so the donation is verifiable rather than a promise"), and it is rendered at CharityScreen.tsx:122. partial: mounted with real copy, but the card's own geometry and type ramp were not measured against the render by this lane.
Charity [13006-348426]	partial	src/components/trench-redesign/charity/CharityAllocationCard.tsx	/trench	RESOLVED FROM unknown. MEASURED 2026-08-31 off Figma node data (use_figma, page 13006:134300, fileKey mhF3BkzlTaGiLzJ7kvpmVc). THIS FRAME: 220x152, cornerRadius 12. Identical box to 13006-347553, so the family has only ONE size (220x152) across all three breakpoints - this card does not scale. CHARITY allocation card: no frame fill, zero padding, zero itemSpacing, 7 visible texts - "Charity coin allocation", Created by + a truncated address, 0%, "Charity donation", "Save Ukrainian K..." and 100%. BUILT AND MOUNTED: src/components/trench-redesign/charity/CharityAllocationCard.tsx cites 13006-198914 at :7, its copy lives in charity/content.ts:25/:32/:40-41 ("Charity coins route a share of their supply to a verified nonprofit ... that split is settled on-chain, so the donation is verifiable rather than a promise"), and it is rendered at CharityScreen.tsx:122. partial: mounted with real copy, but the card's own geometry and type ramp were not measured against the render by this lane.
Creator rewards [13006-198946]	not-started	-	/trench	RESOLVED FROM unknown. MEASURED 2026-08-31 off Figma node data (use_figma, page 13006:134300, fileKey mhF3BkzlTaGiLzJ7kvpmVc). THIS FRAME: 220x142, cornerRadius 0 - and, exactly as with its Charity neighbour 13006-198914, it is the radius-0 outlier against two radius-12 siblings. CREATOR REWARDS card: no frame fill, zero padding and gap, 8 visible texts - "Creator rewards", Locked: Yes, "Fee authority" + a truncated address, "Shares" + a truncated address, 100%. NOT BUILT: a case-insensitive grep over all of src/ for "fee authority" returns ZERO hits, and the only "creator rewards" matches are on unrelated surfaces - the admin fee console (admin/AdminEnhancedFees.tsx:674-678, a config screen) and an AI-agent subscription readout (ai/OnChainAgentControls.tsx:435). Neither is this Trench token card, and neither exposes a per-token fee authority or share split. not-started.
Creator rewards [13006-347585]	not-started	-	/trench	RESOLVED FROM unknown. MEASURED 2026-08-31 off Figma node data (use_figma, page 13006:134300, fileKey mhF3BkzlTaGiLzJ7kvpmVc). THIS FRAME: 220x142, cornerRadius 12. CREATOR REWARDS card: no frame fill, zero padding and gap, 8 visible texts - "Creator rewards", Locked: Yes, "Fee authority" + a truncated address, "Shares" + a truncated address, 100%. NOT BUILT: a case-insensitive grep over all of src/ for "fee authority" returns ZERO hits, and the only "creator rewards" matches are on unrelated surfaces - the admin fee console (admin/AdminEnhancedFees.tsx:674-678, a config screen) and an AI-agent subscription readout (ai/OnChainAgentControls.tsx:435). Neither is this Trench token card, and neither exposes a per-token fee authority or share split. not-started.
Creator rewards [13006-348458]	not-started	-	/trench	RESOLVED FROM unknown. MEASURED 2026-08-31 off Figma node data (use_figma, page 13006:134300, fileKey mhF3BkzlTaGiLzJ7kvpmVc). THIS FRAME: 220x140, cornerRadius 12 - 2px shorter than the two 142-tall siblings, the family's only size variation. CREATOR REWARDS card: no frame fill, zero padding and gap, 8 visible texts - "Creator rewards", Locked: Yes, "Fee authority" + a truncated address, "Shares" + a truncated address, 100%. NOT BUILT: a case-insensitive grep over all of src/ for "fee authority" returns ZERO hits, and the only "creator rewards" matches are on unrelated surfaces - the admin fee console (admin/AdminEnhancedFees.tsx:674-678, a config screen) and an AI-agent subscription readout (ai/OnChainAgentControls.tsx:435). Neither is this Trench token card, and neither exposes a per-token fee authority or share split. not-started.
Live preview card - on:hover [13006-150329]	partial	src/components/trade/LaunchLiveBoard.tsx	/trade/live	RESOLVED FROM unknown. MEASURED 2026-08-31 off Figma node data (use_figma, page 13006:134300, fileKey mhF3BkzlTaGiLzJ7kvpmVc). THIS FRAME: 622x350, cornerRadius 24, padding 16, itemSpacing 16, stroke #123f3c width 1 - the ONLY member of the family with a border. CITED IN CODE at LaunchLiveBoard.tsx:420 and :439. LIVE PREVIEW CARD for the launch livestream board. Frame fill is an IMAGE (the stream thumbnail), and the hover states carry 5 texts - a LIVE badge, a RIGGED / "Rigged games" title pair, "1,011 viewers" and a caption line. * MEASURED FINDING WORTH ACTING ON: every "- normal" frame (13006-150345, 13006-277275, 13006-278954) has ZERO visible text nodes. The card is pure artwork at rest and the entire label set appears only on hover, so an implementation that paints the title or the viewer count at rest does not match the frame. BUILT AND ROUTED: src/components/trade/LaunchLiveBoard.tsx, mounted at App.tsx:1211 on /trade/live.
Live preview card - normal [13006-150345]	partial	src/components/trade/LaunchLiveBoard.tsx	/trade/live	RESOLVED FROM unknown. MEASURED 2026-08-31 off Figma node data (use_figma, page 13006:134300, fileKey mhF3BkzlTaGiLzJ7kvpmVc). THIS FRAME: 622x350, cornerRadius 24, padding 16, itemSpacing 16, stroke #123f3c width 1, ZERO visible texts. CITED IN CODE at LaunchLiveBoard.tsx:438. LIVE PREVIEW CARD for the launch livestream board. Frame fill is an IMAGE (the stream thumbnail), and the hover states carry 5 texts - a LIVE badge, a RIGGED / "Rigged games" title pair, "1,011 viewers" and a caption line. * MEASURED FINDING WORTH ACTING ON: every "- normal" frame (13006-150345, 13006-277275, 13006-278954) has ZERO visible text nodes. The card is pure artwork at rest and the entire label set appears only on hover, so an implementation that paints the title or the viewer count at rest does not match the frame. BUILT AND ROUTED: src/components/trade/LaunchLiveBoard.tsx, mounted at App.tsx:1211 on /trade/live.
Live preview card - on:hover ALT [13006-277239]	partial	src/components/trade/LaunchLiveBoard.tsx	/trade/live	RESOLVED FROM unknown. MEASURED 2026-08-31 off Figma node data (use_figma, page 13006:134300, fileKey mhF3BkzlTaGiLzJ7kvpmVc). THIS FRAME: 320x280, cornerRadius 16, padding 12, itemSpacing 16, no stroke. NOT cited in code (its siblings 13006-277256/278938 are, at LaunchLiveBoard.tsx:421). The ALT differs from 13006-277256 only in text ORDER - RIGGED / Rigged games / LIVE / viewers here against LIVE / viewers / RIGGED / Rigged games there - so it is an alternative label stacking, and someone should pick one. LIVE PREVIEW CARD for the launch livestream board. Frame fill is an IMAGE (the stream thumbnail), and the hover states carry 5 texts - a LIVE badge, a RIGGED / "Rigged games" title pair, "1,011 viewers" and a caption line. * MEASURED FINDING WORTH ACTING ON: every "- normal" frame (13006-150345, 13006-277275, 13006-278954) has ZERO visible text nodes. The card is pure artwork at rest and the entire label set appears only on hover, so an implementation that paints the title or the viewer count at rest does not match the frame. BUILT AND ROUTED: src/components/trade/LaunchLiveBoard.tsx, mounted at App.tsx:1211 on /trade/live.
Live preview card - on:hover [13006-277256]	partial	src/components/trade/LaunchLiveBoard.tsx	/trade/live	RESOLVED FROM unknown. MEASURED 2026-08-31 off Figma node data (use_figma, page 13006:134300, fileKey mhF3BkzlTaGiLzJ7kvpmVc). THIS FRAME: 320x280, cornerRadius 16, padding 12, itemSpacing 16, no stroke. CITED IN CODE at LaunchLiveBoard.tsx:421. LIVE PREVIEW CARD for the launch livestream board. Frame fill is an IMAGE (the stream thumbnail), and the hover states carry 5 texts - a LIVE badge, a RIGGED / "Rigged games" title pair, "1,011 viewers" and a caption line. * MEASURED FINDING WORTH ACTING ON: every "- normal" frame (13006-150345, 13006-277275, 13006-278954) has ZERO visible text nodes. The card is pure artwork at rest and the entire label set appears only on hover, so an implementation that paints the title or the viewer count at rest does not match the frame. BUILT AND ROUTED: src/components/trade/LaunchLiveBoard.tsx, mounted at App.tsx:1211 on /trade/live.
Live preview card - normal [13006-277275]	partial	src/components/trade/LaunchLiveBoard.tsx	/trade/live	RESOLVED FROM unknown. MEASURED 2026-08-31 off Figma node data (use_figma, page 13006:134300, fileKey mhF3BkzlTaGiLzJ7kvpmVc). THIS FRAME: 320x280, cornerRadius 16, padding 12, itemSpacing 16, ZERO visible texts. Not cited in code. LIVE PREVIEW CARD for the launch livestream board. Frame fill is an IMAGE (the stream thumbnail), and the hover states carry 5 texts - a LIVE badge, a RIGGED / "Rigged games" title pair, "1,011 viewers" and a caption line. * MEASURED FINDING WORTH ACTING ON: every "- normal" frame (13006-150345, 13006-277275, 13006-278954) has ZERO visible text nodes. The card is pure artwork at rest and the entire label set appears only on hover, so an implementation that paints the title or the viewer count at rest does not match the frame. BUILT AND ROUTED: src/components/trade/LaunchLiveBoard.tsx, mounted at App.tsx:1211 on /trade/live.
Live preview card - on:hover [13006-278938]	partial	src/components/trade/LaunchLiveBoard.tsx	/trade/live	RESOLVED FROM unknown. MEASURED 2026-08-31 off Figma node data (use_figma, page 13006:134300, fileKey mhF3BkzlTaGiLzJ7kvpmVc). THIS FRAME: 530x298, cornerRadius 16, padding 16, itemSpacing 16, no stroke. CITED IN CODE at LaunchLiveBoard.tsx:421. LIVE PREVIEW CARD for the launch livestream board. Frame fill is an IMAGE (the stream thumbnail), and the hover states carry 5 texts - a LIVE badge, a RIGGED / "Rigged games" title pair, "1,011 viewers" and a caption line. * MEASURED FINDING WORTH ACTING ON: every "- normal" frame (13006-150345, 13006-277275, 13006-278954) has ZERO visible text nodes. The card is pure artwork at rest and the entire label set appears only on hover, so an implementation that paints the title or the viewer count at rest does not match the frame. BUILT AND ROUTED: src/components/trade/LaunchLiveBoard.tsx, mounted at App.tsx:1211 on /trade/live.
Live preview card - normal [13006-278954]	partial	src/components/trade/LaunchLiveBoard.tsx	/trade/live	RESOLVED FROM unknown. MEASURED 2026-08-31 off Figma node data (use_figma, page 13006:134300, fileKey mhF3BkzlTaGiLzJ7kvpmVc). THIS FRAME: 530x298, cornerRadius 16, padding 16, itemSpacing 16, ZERO visible texts. Not cited in code. So the family is three widths (622 / 530 / 320) x two states, and the 622 pair is the only one that draws a border. LIVE PREVIEW CARD for the launch livestream board. Frame fill is an IMAGE (the stream thumbnail), and the hover states carry 5 texts - a LIVE badge, a RIGGED / "Rigged games" title pair, "1,011 viewers" and a caption line. * MEASURED FINDING WORTH ACTING ON: every "- normal" frame (13006-150345, 13006-277275, 13006-278954) has ZERO visible text nodes. The card is pure artwork at rest and the entire label set appears only on hover, so an implementation that paints the title or the viewer count at rest does not match the frame. BUILT AND ROUTED: src/components/trade/LaunchLiveBoard.tsx, mounted at App.tsx:1211 on /trade/live.
Swap - limit - closed warning [13006-248443]	unknown	-	/swap	RESOLVED FROM unknown. MEASURED 2026-08-31 off Figma node data (use_figma, page 13006:134300, fileKey mhF3BkzlTaGiLzJ7kvpmVc). THIS FRAME: 506x592, cornerRadius 24, fill #122524, padding 16, itemSpacing 48. SWAP limit-order CLOSED-MARKET WARNING state: 25 visible texts at the two narrow stops and 21 at the widest - a Market / +1% / +5% / +10% preset rail over a "When 1 SOL is worth USDC 88.16" limit-price row. NOT VERIFIED AS BUILT: a grep for a closed-market or closed-warning string across src/components/swap and src/components/trade returns only an unrelated perp margin explainer (perp-v2/MarginModeSheet.tsx:74). The Swap surface itself exists; THIS WARNING STATE was not located. * OWNERSHIP NOTE: this frame belongs to the Swap surface, not to Trench, so a Swap lane should take the verdict from here rather than this lane guessing at its internals. Left unknown rather than guessed: I measured the frame but could not establish the code state either way, and WAVE7 s8 prefers an honest unknown with the numbers attached to a fabricated verdict.
Swap - limit - closed warning [13006-253946]	unknown	-	/swap	RESOLVED FROM unknown. MEASURED 2026-08-31 off Figma node data (use_figma, page 13006:134300, fileKey mhF3BkzlTaGiLzJ7kvpmVc). THIS FRAME: 346x514, cornerRadius 24, fill #122524, padding 12, itemSpacing 20. SWAP limit-order CLOSED-MARKET WARNING state: 25 visible texts at the two narrow stops and 21 at the widest - a Market / +1% / +5% / +10% preset rail over a "When 1 SOL is worth USDC 88.16" limit-price row. NOT VERIFIED AS BUILT: a grep for a closed-market or closed-warning string across src/components/swap and src/components/trade returns only an unrelated perp margin explainer (perp-v2/MarginModeSheet.tsx:74). The Swap surface itself exists; THIS WARNING STATE was not located. * OWNERSHIP NOTE: this frame belongs to the Swap surface, not to Trench, so a Swap lane should take the verdict from here rather than this lane guessing at its internals. Left unknown for the same reason as 13006-248443.
Swap - limit - closed warning [13006-258522]	unknown	-	/swap	RESOLVED FROM unknown. MEASURED 2026-08-31 off Figma node data (use_figma, page 13006:134300, fileKey mhF3BkzlTaGiLzJ7kvpmVc). THIS FRAME: 580x504, cornerRadius 24, fill #122524, padding 12, itemSpacing 20 - note it shares the NARROW frame's padding/gap (12/20) rather than the 506 frame's (16/48), so the three widths do not form a clean ramp. SWAP limit-order CLOSED-MARKET WARNING state: 25 visible texts at the two narrow stops and 21 at the widest - a Market / +1% / +5% / +10% preset rail over a "When 1 SOL is worth USDC 88.16" limit-price row. NOT VERIFIED AS BUILT: a grep for a closed-market or closed-warning string across src/components/swap and src/components/trade returns only an unrelated perp margin explainer (perp-v2/MarginModeSheet.tsx:74). The Swap surface itself exists; THIS WARNING STATE was not located. * OWNERSHIP NOTE: this frame belongs to the Swap surface, not to Trench, so a Swap lane should take the verdict from here rather than this lane guessing at its internals.
Bridge screen - error [13006-248871]	unknown	-	/bridge	RESOLVED FROM unknown. MEASURED 2026-08-31 off Figma node data (use_figma, page 13006:134300, fileKey mhF3BkzlTaGiLzJ7kvpmVc). THIS FRAME: 506x714, cornerRadius 24, fill #122524, padding 16, itemSpacing 48. BRIDGE SCREEN ERROR state: 18 visible texts - a From / To chain pair (Solana, Base), a Send row with a truncated destination address, an amount and a Balance line. NOT VERIFIED AS BUILT: src/components/bridge holds only BridgeStatus.tsx, BridgeTimelockPanel.tsx and useNowMs.ts - no screen-level error composition matching this frame was located. * OWNERSHIP NOTE: this is a Bridge-surface frame, not a Trench one, and note the repo has TWO bridges (thirdweb and SKAI) so whoever picks this up must first establish which one it specifies.
Bridge screen - error [13006-254987]	unknown	-	/bridge	RESOLVED FROM unknown. MEASURED 2026-08-31 off Figma node data (use_figma, page 13006:134300, fileKey mhF3BkzlTaGiLzJ7kvpmVc). THIS FRAME: 346x552, cornerRadius 0, NO fill, zero padding, itemSpacing 16 - a bare layout group, unlike its two card-shaped siblings. BRIDGE SCREEN ERROR state: 18 visible texts - a From / To chain pair (Solana, Base), a Send row with a truncated destination address, an amount and a Balance line. NOT VERIFIED AS BUILT: src/components/bridge holds only BridgeStatus.tsx, BridgeTimelockPanel.tsx and useNowMs.ts - no screen-level error composition matching this frame was located. * OWNERSHIP NOTE: this is a Bridge-surface frame, not a Trench one, and note the repo has TWO bridges (thirdweb and SKAI) so whoever picks this up must first establish which one it specifies.
Bridge screen - error [13006-257961]	unknown	-	/bridge	RESOLVED FROM unknown. MEASURED 2026-08-31 off Figma node data (use_figma, page 13006:134300, fileKey mhF3BkzlTaGiLzJ7kvpmVc). THIS FRAME: 580x630, cornerRadius 24 but NO fill and zero padding, itemSpacing 24. Radius on a fill-less frame is inert, so this trio is internally inconsistent: 506 is a filled card, 346 is a bare group, 580 is a radius-only hybrid. BRIDGE SCREEN ERROR state: 18 visible texts - a From / To chain pair (Solana, Base), a Send row with a truncated destination address, an amount and a Balance line. NOT VERIFIED AS BUILT: src/components/bridge holds only BridgeStatus.tsx, BridgeTimelockPanel.tsx and useNowMs.ts - no screen-level error composition matching this frame was located. * OWNERSHIP NOTE: this is a Bridge-surface frame, not a Trench one, and note the repo has TWO bridges (thirdweb and SKAI) so whoever picks this up must first establish which one it specifies.
Token image - with input [13006-148687]	partial	src/components/launchpad/create/TokenBannerUploader.tsx	/launch	RESOLVED FROM unknown. MEASURED 2026-08-31 off Figma node data (use_figma, page 13006:134300, fileKey mhF3BkzlTaGiLzJ7kvpmVc). THIS FRAME: 680x1151, cornerRadius 0, NO fill, zero padding, itemSpacing 8. At 680x1151 with no fill this is the whole FORM COLUMN, not the field card - the odd one out of the four. TOKEN IMAGE upload field with its populated ("with input") state: 16-20 visible texts - "Token image", a filename (TimelessNGINX222...), a size (223.23 kB), a "Replace image" action, and the constraint copy "File size and type / Image - max 15mb / Resolution and aspect / Image - min. 100...", followed by "Token banner (optional)". * THIS IS A LAUNCHPAD FRAME, NOT A TRENCH ONE. The implementation is src/components/launchpad/create/TokenBannerUploader.tsx, whose docblock at :2 quotes the exact string "Token banner (optional)" this frame draws and which renders it at :60. partial: the uploader exists with matching copy, but this lane did not measure the frame against it, and the Trench catalog section is not its owner - a launchpad lane should finish it.
Token image - with input [13006-285694]	partial	src/components/launchpad/create/TokenBannerUploader.tsx	/launch	RESOLVED FROM unknown. MEASURED 2026-08-31 off Figma node data (use_figma, page 13006:134300, fileKey mhF3BkzlTaGiLzJ7kvpmVc). THIS FRAME: 346x833, cornerRadius 12, fill #122524, padding 24/12/24/12 (asymmetric - 24 vertical, 12 horizontal), itemSpacing 32, stroke #123f3c width 1. TOKEN IMAGE upload field with its populated ("with input") state: 16-20 visible texts - "Token image", a filename (TimelessNGINX222...), a size (223.23 kB), a "Replace image" action, and the constraint copy "File size and type / Image - max 15mb / Resolution and aspect / Image - min. 100...", followed by "Token banner (optional)". * THIS IS A LAUNCHPAD FRAME, NOT A TRENCH ONE. The implementation is src/components/launchpad/create/TokenBannerUploader.tsx, whose docblock at :2 quotes the exact string "Token banner (optional)" this frame draws and which renders it at :60. partial: the uploader exists with matching copy, but this lane did not measure the frame against it, and the Trench catalog section is not its owner - a launchpad lane should finish it.
Token image - with input [13006-285749]	partial	src/components/launchpad/create/TokenBannerUploader.tsx	/launch	RESOLVED FROM unknown. MEASURED 2026-08-31 off Figma node data (use_figma, page 13006:134300, fileKey mhF3BkzlTaGiLzJ7kvpmVc). THIS FRAME: 346x786, cornerRadius 12, fill #122524, padding 24/12/24/12, itemSpacing 32, stroke #123f3c width 1, 16 texts against its twin's 17 - the same card 47px shorter with one fewer line. TOKEN IMAGE upload field with its populated ("with input") state: 16-20 visible texts - "Token image", a filename (TimelessNGINX222...), a size (223.23 kB), a "Replace image" action, and the constraint copy "File size and type / Image - max 15mb / Resolution and aspect / Image - min. 100...", followed by "Token banner (optional)". * THIS IS A LAUNCHPAD FRAME, NOT A TRENCH ONE. The implementation is src/components/launchpad/create/TokenBannerUploader.tsx, whose docblock at :2 quotes the exact string "Token banner (optional)" this frame draws and which renders it at :60. partial: the uploader exists with matching copy, but this lane did not measure the frame against it, and the Trench catalog section is not its owner - a launchpad lane should finish it.
Token image - with input [13006-287542]	partial	src/components/launchpad/create/TokenBannerUploader.tsx	/launch	RESOLVED FROM unknown. MEASURED 2026-08-31 off Figma node data (use_figma, page 13006:134300, fileKey mhF3BkzlTaGiLzJ7kvpmVc). THIS FRAME: 580x900, cornerRadius 12, fill #122524, padding 24/12/24/12, itemSpacing 32, stroke #123f3c width 1. The three card frames share radius, padding, gap and stroke exactly and differ only in box size, so the asymmetric 24/12 padding is deliberate and constant. TOKEN IMAGE upload field with its populated ("with input") state: 16-20 visible texts - "Token image", a filename (TimelessNGINX222...), a size (223.23 kB), a "Replace image" action, and the constraint copy "File size and type / Image - max 15mb / Resolution and aspect / Image - min. 100...", followed by "Token banner (optional)". * THIS IS A LAUNCHPAD FRAME, NOT A TRENCH ONE. The implementation is src/components/launchpad/create/TokenBannerUploader.tsx, whose docblock at :2 quotes the exact string "Token banner (optional)" this frame draws and which renders it at :60. partial: the uploader exists with matching copy, but this lane did not measure the frame against it, and the Trench catalog section is not its owner - a launchpad lane should finish it.
Multi-panel - data [13006-246442]	partial	src/components/trench-redesign/trade/PanelTabs.tsx	/trade	RESOLVED FROM unknown. MEASURED 2026-08-31 off Figma node data (use_figma, page 13006:134300, fileKey mhF3BkzlTaGiLzJ7kvpmVc). THIS FRAME: 313x954, cornerRadius 0, no fill, itemSpacing 24, 79 visible texts led by the volume block (5m vol $61.53K / Buys 511 / $27.11K / Sells 400). MULTI-PANEL column for the Trench trade terminal - a 313px-wide stack of the terminal's side panels. All are layout groups: no fill, zero padding at frame level. Owner: src/components/trench-redesign/trade/PanelTabs.tsx and the panels it switches between. partial: the panels are built and mounted, but this lane measured only the column boxes, not the panels' internals.
Multi-panel - data [13006-246726]	partial	src/components/trench-redesign/trade/SimilarTokensPanel.tsx	/trade	RESOLVED FROM unknown. MEASURED 2026-08-31 off Figma node data (use_figma, page 13006:134300, fileKey mhF3BkzlTaGiLzJ7kvpmVc). THIS FRAME: 313x336, MIXED corner radii, fill #122524, padding 16, itemSpacing 12, 24 visible texts - and unlike its four siblings this one IS a card, showing "Similar tokens (16)" and "Reused image tokens (4)". That names its owner precisely: SimilarTokensPanel.tsx, documented at trade/content.ts:181 and mounted at PanelTabs.tsx:343. Do not cite this row for a radius - the frame's corners are mixed. MULTI-PANEL column for the Trench trade terminal - a 313px-wide stack of the terminal's side panels. All are layout groups: no fill, zero padding at frame level. Owner: src/components/trench-redesign/trade/PanelTabs.tsx and the panels it switches between. partial: the panels are built and mounted, but this lane measured only the column boxes, not the panels' internals.
Multi-panel - trade [13006-246910]	partial	src/components/trench-redesign/trade/PanelTabs.tsx	/trade	RESOLVED FROM unknown. MEASURED 2026-08-31 off Figma node data (use_figma, page 13006:134300, fileKey mhF3BkzlTaGiLzJ7kvpmVc). THIS FRAME: 313x486, cornerRadius 0, no fill, itemSpacing 24, 44 visible texts - the same volume block as the data column in a shorter stack. MULTI-PANEL column for the Trench trade terminal - a 313px-wide stack of the terminal's side panels. All are layout groups: no fill, zero padding at frame level. Owner: src/components/trench-redesign/trade/PanelTabs.tsx and the panels it switches between. partial: the panels are built and mounted, but this lane measured only the column boxes, not the panels' internals.
Multi-panel - combined [13006-247053]	partial	src/components/trench-redesign/trade/PanelTabs.tsx	/trade	RESOLVED FROM unknown. MEASURED 2026-08-31 off Figma node data (use_figma, page 13006:134300, fileKey mhF3BkzlTaGiLzJ7kvpmVc). THIS FRAME: 313x1740, cornerRadius 0, no fill, itemSpacing 6 (not 24 like the others), 118 visible texts. At 1740 tall it is the full stack with every panel expanded - a reference composition rather than a viewport state. MULTI-PANEL column for the Trench trade terminal - a 313px-wide stack of the terminal's side panels. All are layout groups: no fill, zero padding at frame level. Owner: src/components/trench-redesign/trade/PanelTabs.tsx and the panels it switches between. partial: the panels are built and mounted, but this lane measured only the column boxes, not the panels' internals.
Hover and clicks [13006-247576]	partial	src/components/trench-redesign/trade/PanelTabs.tsx	/trade	RESOLVED FROM unknown. MEASURED 2026-08-31 off Figma node data (use_figma, page 13006:134300, fileKey mhF3BkzlTaGiLzJ7kvpmVc). * IDENTITY RECOVERED - the frame name describes an INTERACTION SHEET, not a screen. THIS FRAME: 313x1164, cornerRadius 0, no fill, itemSpacing 24, 86 visible texts, opening with a timeframe change rail (5m -67.56% / 1h -67.56% / 6h -67.56% / 24h +10.22%) and the word Market. It is the same 313px multi-panel column annotated with its hover and click states, so it is a BEHAVIOUR spec for the four frames above rather than a separate surface. Whoever closes those should read this one alongside them. MULTI-PANEL column for the Trench trade terminal - a 313px-wide stack of the terminal's side panels. All are layout groups: no fill, zero padding at frame level. Owner: src/components/trench-redesign/trade/PanelTabs.tsx and the panels it switches between. partial: the panels are built and mounted, but this lane measured only the column boxes, not the panels' internals.
One click trade settings - Init selected [13006-207555]	partial	src/components/trench-redesign/trade/OneClickTradeModal.tsx	/trade	RESOLVED FROM unknown. MEASURED 2026-08-31 off Figma node data (use_figma, page 13006:134300, fileKey mhF3BkzlTaGiLzJ7kvpmVc). THIS FRAME: 564x510, cornerRadius 32, padding 24, itemSpacing 40. * RADIUS 32 IS OFF OUR SCALE ENTIRELY. We ship sm 8 / md 10 / lg 12 / xl 16 / 2xl 24 (modules/skai-ui/src/lib/design-tokens.ts) - there is no 32 token, so this corner cannot be expressed by any class name in the design system and must be written as a pixel literal if it is to be matched. Flagging rather than resolving: it may equally be a frame error, since its two siblings are both 16. ONE-CLICK TRADE SETTINGS modal, Init-selected state: fill #122524, stroke #123f3c width 1, 19 visible texts - Off / Buy / Sell mode toggles over per-feed amount fields for New pairs / Final stretch / Migrated. BUILT AND MOUNTED: src/components/trench-redesign/trade/OneClickTradeModal.tsx, rendered at OrderPanel.tsx:348. It is also the third member of the right-menu chrome family - rightMenuChrome.tsx names it as the panel that ALREADY passes overlayClassName and so already has the scrim fix the two Discover menus were missing. partial: mounted, internals not measured here.
One click trade settings - Init selected [13006-303655]	partial	src/components/trench-redesign/trade/OneClickTradeModal.tsx	/trade	RESOLVED FROM unknown. MEASURED 2026-08-31 off Figma node data (use_figma, page 13006:134300, fileKey mhF3BkzlTaGiLzJ7kvpmVc). THIS FRAME: 354x438, cornerRadius 16, padding 12, itemSpacing 24 - the 375 stop. ONE-CLICK TRADE SETTINGS modal, Init-selected state: fill #122524, stroke #123f3c width 1, 19 visible texts - Off / Buy / Sell mode toggles over per-feed amount fields for New pairs / Final stretch / Migrated. BUILT AND MOUNTED: src/components/trench-redesign/trade/OneClickTradeModal.tsx, rendered at OrderPanel.tsx:348. It is also the third member of the right-menu chrome family - rightMenuChrome.tsx names it as the panel that ALREADY passes overlayClassName and so already has the scrim fix the two Discover menus were missing. partial: mounted, internals not measured here.
One click trade settings - Init selected [13006-323808]	partial	src/components/trench-redesign/trade/OneClickTradeModal.tsx	/trade	RESOLVED FROM unknown. MEASURED 2026-08-31 off Figma node data (use_figma, page 13006:134300, fileKey mhF3BkzlTaGiLzJ7kvpmVc). THIS FRAME: 448x448, cornerRadius 16, padding 12, itemSpacing 24 - identical radius, padding and gap to the 354 stop, only wider. So two of the three stops agree exactly and only the 564 desktop frame diverges (r32/p24/g40), which strengthens the case that its radius 32 is the outlier. ONE-CLICK TRADE SETTINGS modal, Init-selected state: fill #122524, stroke #123f3c width 1, 19 visible texts - Off / Buy / Sell mode toggles over per-feed amount fields for New pairs / Final stretch / Migrated. BUILT AND MOUNTED: src/components/trench-redesign/trade/OneClickTradeModal.tsx, rendered at OrderPanel.tsx:348. It is also the third member of the right-menu chrome family - rightMenuChrome.tsx names it as the panel that ALREADY passes overlayClassName and so already has the scrim fix the two Discover menus were missing. partial: mounted, internals not measured here.
Instant trade [13006-253171]	partial	src/components/trench-redesign/trade/InstantTradeSettingsModal.tsx	/trade	RESOLVED FROM unknown. MEASURED 2026-08-31 off Figma node data (use_figma, page 13006:134300, fileKey mhF3BkzlTaGiLzJ7kvpmVc). THIS FRAME: 432x332, cornerRadius 0, no fill, itemSpacing 24, 36 visible texts. INSTANT TRADE panel: a layout group (no fill, zero padding), itemSpacing 24, showing P1 / P2 / P3 preset slots, a Buy action and a SOL / USDC / SKAI currency row. BUILT AND MOUNTED: src/components/trench-redesign/trade/InstantTradeSettingsModal.tsx, rendered at TradeTerminal.tsx:167, with instantTradePrefs.ts and instantExecution.ts behind it. partial: mounted, internals not measured by this lane.
Instant trade [13006-253326]	partial	src/components/trench-redesign/trade/InstantTradeSettingsModal.tsx	/trade	RESOLVED FROM unknown. MEASURED 2026-08-31 off Figma node data (use_figma, page 13006:134300, fileKey mhF3BkzlTaGiLzJ7kvpmVc). THIS FRAME: 842x332, cornerRadius 0, no fill, itemSpacing 24, 36 visible texts - the same 36 texts and the same height as the 432 frame at nearly double the width, so this is the WIDE single-row layout of the identical control set, not extra content. INSTANT TRADE panel: a layout group (no fill, zero padding), itemSpacing 24, showing P1 / P2 / P3 preset slots, a Buy action and a SOL / USDC / SKAI currency row. BUILT AND MOUNTED: src/components/trench-redesign/trade/InstantTradeSettingsModal.tsx, rendered at TradeTerminal.tsx:167, with instantTradePrefs.ts and instantExecution.ts behind it. partial: mounted, internals not measured by this lane.
Instant trade - stacked [13006-253481]	partial	src/components/trench-redesign/trade/InstantTradeSettingsModal.tsx	/trade	RESOLVED FROM unknown. MEASURED 2026-08-31 off Figma node data (use_figma, page 13006:134300, fileKey mhF3BkzlTaGiLzJ7kvpmVc). THIS FRAME: 432x416, cornerRadius 0, no fill, itemSpacing 24, 44 visible texts - 8 more than the two unstacked frames and 84px taller, which is what "stacked" names: the same controls wrapped onto more rows. INSTANT TRADE panel: a layout group (no fill, zero padding), itemSpacing 24, showing P1 / P2 / P3 preset slots, a Buy action and a SOL / USDC / SKAI currency row. BUILT AND MOUNTED: src/components/trench-redesign/trade/InstantTradeSettingsModal.tsx, rendered at TradeTerminal.tsx:167, with instantTradePrefs.ts and instantExecution.ts behind it. partial: mounted, internals not measured by this lane.
