dropdown-creators [10025-225649]	partial	src/components/streaming/StreamPanelSwitcher.tsx	/streaming/:streamId	NOT MEASURED. Implemented and mounted, but no geometry / type ramp / colour was read off the node and compared to a rendered DOM at this width. `done` here was the pre-2026-08-26 verdict ("nobody spotted a difference"), which the tightened definition no longer admits. Prior note, kept because it is still true about what EXISTS: ★ TITLE IS WRONG — filed as "dropdown-creators" but 250x168 drawing Chat settings / Stream viewers / Hide chat menu / Pop out chat. It is the LIVE-STREAM chat panel menu, and it sits in the live cluster of the canvas, not the feed cluster. feedMenus.ts records the same correction for its 768/375 twins. Built in StreamPanelSwitcher.tsx.
Social > Live > Stream type modal > Sample stream > Chat settings [10025-225705]	partial	src/components/streaming/StreamChatSettingsPanel.tsx	/streaming/:streamId	NOT MEASURED. Implemented and mounted, but no geometry / type ramp / colour was read off the node and compared to a rendered DOM at this width. `done` here was the pre-2026-08-26 verdict ("nobody spotted a difference"), which the tightened definition no longer admits. Prior note, kept because it is still true about what EXISTS: node 10025-225705. A dedicated chat-settings panel now exists (StreamChatSettingsPanel.tsx, built 08-20) alongside the pre-stream settings in GoLiveModal and the live controls in ModeratorTools.
Social > Live > Stream type modal > Sample stream > Stream viewers [10025-228194]	partial	src/components/streaming/StreamViewersPanel.tsx	/streaming/:streamId	NOT MEASURED. Implemented and mounted, but no geometry / type ramp / colour was read off the node and compared to a rendered DOM at this width. `done` here was the pre-2026-08-26 verdict ("nobody spotted a difference"), which the tightened definition no longer admits. Prior note, kept because it is still true about what EXISTS: node 10025-228194. BACKEND-EXISTS-NO-UI is resolved: getStreamViewers now has a real read path via useStreamViewers.ts and renders in StreamViewersPanel.tsx, mounted at Streaming.tsx:1446-1464. The hook explicitly distinguishes RLS-withheld rows from a genuinely empty list rather than showing 0.
Social > Live > Stream type modal > Sample stream > Pop out chat [10091-230847]	partial	src/components/streaming/StreamChatPopout.tsx	/streaming/:streamId	NOT MEASURED. Implemented and mounted, but no geometry / type ramp / colour was read off the node and compared to a rendered DOM at this width. `done` here was the pre-2026-08-26 verdict ("nobody spotted a difference"), which the tightened definition no longer admits. Prior note, kept because it is still true about what EXISTS: node 10091-230847. Pop-out chat now exists — deliberately an in-page floating panel rather than window.open. Trigger in StreamPanelSwitcher.tsx:84, rendered at Streaming.tsx:1404-1421.
Social > Live > Go live [10094-247131]	partial	src/components/streaming/IVSBroadcasterV2.tsx	/streaming/:streamId	NOT MEASURED. Implemented and mounted, but no geometry / type ramp / colour was read off the node and compared to a rendered DOM at this width. `done` here was the pre-2026-08-26 verdict ("nobody spotted a difference"), which the tightened definition no longer admits. Prior note, kept because it is still true about what EXISTS: node 10094-247131. Go-live entry path is real and now reachable. Note GoLiveButton.tsx (13.5KB) remains orphaned — barrel-only, no .tsx consumer.
Social > Live > Go live > setup stream [10094-250637]	partial	src/components/streaming/IVSBroadcasterV2.tsx	/streaming/:streamId	NOT MEASURED. Implemented and mounted, but no geometry / type ramp / colour was read off the node and compared to a rendered DOM at this width. `done` here was the pre-2026-08-26 verdict ("nobody spotted a difference"), which the tightened definition no longer admits. Prior note, kept because it is still true about what EXISTS: node 10094-250637. Stream setup with auto-provisioned channel and the Skai studio compositor behind it.
Social > Live > Go live > setup stream > OBS [10094-256369]	partial	src/components/streaming/IVSBroadcasterV2.tsx	/streaming/:streamId	NOT MEASURED. Implemented and mounted, but no geometry / type ramp / colour was read off the node and compared to a rendered DOM at this width. `done` here was the pre-2026-08-26 verdict ("nobody spotted a difference"), which the tightened definition no longer admits. Prior note, kept because it is still true about what EXISTS: node 10094-256369. OBS ingest path fully built (server URL, masked stream key with copy, step-by-step) and now reachable by normal users.
Social > Live > Go live > setup stream > Skai studio > select thumbnail > starting stream [10102-259223]	partial	src/components/streaming/IVSBroadcasterV2.tsx	/streaming/:streamId	NOT MEASURED. Implemented and mounted, but no geometry / type ramp / colour was read off the node and compared to a rendered DOM at this width. `done` here was the pre-2026-08-26 verdict ("nobody spotted a difference"), which the tightened definition no longer admits. Prior note, kept because it is still true about what EXISTS: node 10102-259223. Starting-stream state, guarded by a screen-or-camera-layer check.
Stream states - stream ended [10102-261907]	partial	src/components/streaming/StreamEndedState.tsx	/streaming/:streamId	NOT MEASURED. Implemented and mounted, but no geometry / type ramp / colour was read off the node and compared to a rendered DOM at this width. `done` here was the pre-2026-08-26 verdict ("nobody spotted a difference"), which the tightened definition no longer admits. Prior note, kept because it is still true about what EXISTS: 1015x571 stream-ended card. Cited in StreamEndedState.tsx.
sidebar - open live [10108-262300]	partial	src/components/social/SocialSidebar.tsx	/streaming	NOT MEASURABLE. src/components/social/SocialSidebar.tsx has ZERO JSX mount sites outside its own orphan cluster (swept 2026-08-26: every `<Component` occurrence in a non-test .tsx), so nothing renders at any width and there is no DOM to compare. The prior `done` rested on "cited in <file>", which is a citation, not a measurement.
dropdown - tridots [10213-136686]	partial	src/components/social/SocialTridotsMenu.tsx	/messages	NOT MEASURABLE. src/components/social/SocialTridotsMenu.tsx has ZERO JSX mount sites outside its own orphan cluster (swept 2026-08-26: every `<Component` occurrence in a non-test .tsx), so nothing renders at any width and there is no DOM to compare. The prior `done` rested on "cited in <file>", which is a citation, not a measurement.
sidebar - open live [10213-16819]	partial	src/components/social/SocialSidebar.tsx	/streaming	NOT MEASURABLE. src/components/social/SocialSidebar.tsx has ZERO JSX mount sites outside its own orphan cluster (swept 2026-08-26: every `<Component` occurrence in a non-test .tsx), so nothing renders at any width and there is no DOM to compare. The prior `done` rested on "cited in <file>", which is a citation, not a measurement.
Social > Messages > Sample Conversation [10215-137087]	partial	src/pages/social/messages/MessageThread.tsx	/messages/:conversationId	NOT MEASURED. Implemented and mounted, but no geometry / type ramp / colour was read off the node and compared to a rendered DOM at this width. `done` here was the pre-2026-08-26 verdict ("nobody spotted a difference"), which the tightened definition no longer admits. ★ AND THE DOM SIDE IS UNOBTAINABLE HERE: /messages never paints (stuck on "Connecting wallet", Messages.tsx:179 gates on a wallet connect the dev mock cannot complete), so a thread route cannot be reached either. Prior note, kept because it is still true about what EXISTS: node 10215-137087 — scroll effect on a long thread. ScrollArea plus scrollViewportRef at MessageThread.tsx:69-71, "Load older messages" at :162-178, archived pagination :181-197, new-message jump banner :95-108.
dropdown - tridots - reply [10215-137653]	partial	src/components/social/SocialTridotsMenu.tsx	/messages/:conversationId	NOT MEASURABLE. src/components/social/SocialTridotsMenu.tsx has ZERO JSX mount sites outside its own orphan cluster (swept 2026-08-26: every `<Component` occurrence in a non-test .tsx), so nothing renders at any width and there is no DOM to compare. The prior `done` rested on "cited in <file>", which is a citation, not a measurement.
Social > Messages > Sample Conversation > attachment [10216-138151]	partial	src/components/messages/MessageBubble.tsx	/messages/:conversationId	NOT MEASURED. Implemented and mounted, but no geometry / type ramp / colour was read off the node and compared to a rendered DOM at this width. `done` here was the pre-2026-08-26 verdict ("nobody spotted a difference"), which the tightened definition no longer admits. ★ AND THE DOM SIDE IS UNOBTAINABLE HERE: /messages never paints (stuck on "Connecting wallet", Messages.tsx:179 gates on a wallet connect the dev mock cannot complete), so a thread route cannot be reached either. Prior note, kept because it is still true about what EXISTS: node 10216-138151 — message attachment. Render paths at MessageBubble.tsx:94 (image), :296 (audio), :654 (video), :737 (file plus Download); compose at MessageInputArea.tsx:246 and :253-265; lightbox at MessageDialogs.tsx:439-454.
dropdown - right click [10216-182394]	partial	src/components/social/SocialMenu.tsx	/messages/:conversationId	NOT MEASURABLE. src/components/social/SocialMenu.tsx has ZERO JSX mount sites outside its own orphan cluster (swept 2026-08-26: every `<Component` occurrence in a non-test .tsx), so nothing renders at any width and there is no DOM to compare. The prior `done` rested on "cited in <file>", which is a citation, not a measurement.
dropdown - tridots - reply [10219-182490]	partial	src/components/social/SocialMenu.tsx	/trading-groups/:groupId	NOT MEASURABLE. src/components/social/SocialMenu.tsx has ZERO JSX mount sites outside its own orphan cluster (swept 2026-08-26: every `<Component` occurrence in a non-test .tsx), so nothing renders at any width and there is no DOM to compare. The prior `done` rested on "cited in <file>", which is a citation, not a measurement.
dropdown-group filter [10221-182894]	partial	src/pages/social/groups/groupsView.ts	/trading-groups	NOT MEASURED. Implemented and mounted, but no geometry / type ramp / colour was read off the node and compared to a rendered DOM at this width. `done` here was the pre-2026-08-26 verdict ("nobody spotted a difference"), which the tightened definition no longer admits. ★ DOM SIDE PARTIALLY BLOCKED: /trading-groups paints only its SIGN_IN_REQUIRED arm in a dev session ("Connect your wallet to browse groups"); GroupsSearchTable itself never mounts, so only its jsdom-testable class strings can be checked, not its rendered boxes. Prior note, kept because it is still true about what EXISTS: 250x168 desktop original of the Groups list filter. Cited in groupsView.ts, its test, and TradingGroups.tsx.
dropdown-members [10227-200411]	partial	src/components/social/MemberList.tsx	/trading-groups/:groupId	NOT MEASURED. Implemented and mounted, but no geometry / type ramp / colour was read off the node and compared to a rendered DOM at this width. `done` here was the pre-2026-08-26 verdict ("nobody spotted a difference"), which the tightened definition no longer admits. ★ DOM SIDE BLOCKED: /trading-groups paints only its sign-in arm in a dev session, so the group detail route is unreachable. Prior note, kept because it is still true about what EXISTS: 250x168: Recent / Member requests / Followers / Following. Cited in MemberList.tsx. SOCIAL_GROUPS_FRAME_FACTS records which rows have a source — Member requests became buildable 2026-08-26; Followers/Following still have none.
Members - with requests [10227-200546]	partial	src/components/social/JoinRequestList.tsx	/trading-groups/:groupId	NOT MEASURED. Implemented and mounted, but no geometry / type ramp / colour was read off the node and compared to a rendered DOM at this width. `done` here was the pre-2026-08-26 verdict ("nobody spotted a difference"), which the tightened definition no longer admits. ★ DOM SIDE BLOCKED: /trading-groups paints only its sign-in arm in a dev session, so the group detail route is unreachable. Prior note, kept because it is still true about what EXISTS: 761x928 Members tab showing "Requested to join" rows with Reject / Accept. JoinRequestList.tsx plus supabase/migrations/20260826120000_trading_group_join_requests.sql. ⚠️ ACTIVE PEER EDIT — assessed only.
Social > Groups [10232-200912]	partial	src/components/social/GroupFormSheet.tsx	/trading-groups/:groupId	NOT MEASURED. Implemented and mounted, but no geometry / type ramp / colour was read off the node and compared to a rendered DOM at this width. `done` here was the pre-2026-08-26 verdict ("nobody spotted a difference"), which the tightened definition no longer admits. ★ DOM SIDE BLOCKED: /trading-groups paints only its sign-in arm in a dev session, so the group detail route is unreachable. Prior note, kept because it is still true about what EXISTS: node 10232-200912. Adjust settings NOW EXISTS — showSettings state with entry points at TradingGroupProfile.tsx:604 and :645.
Social [10232-201644]	partial	src/components/social/feed/CreateNewMenu.tsx	/social	NOT MEASURED. Implemented and mounted, but no geometry / type ramp / colour was read off the node and compared to a rendered DOM at this width. `done` here was the pre-2026-08-26 verdict ("nobody spotted a difference"), which the tightened definition no longer admits. Prior note, kept because it is still true about what EXISTS: node 10232-201644. Create-new dropdown Token/Post/Story now exists and is mounted. Token navigates to /account (the live TokenLaunchDialog chain); Post opens ComposePostDialog; Story renders DISABLED with the reason "Stories are not available yet" because no story entity exists anywhere in src/.
dropdown-post select [10256-135335]	partial	src/components/social/feed/feedMenus.ts	/social	MEASURED 2026-08-26 — the FRAME half only, and that half PASSES: 10256-135335 is 250x206, which is exactly what FEED_MENU_WIDTH.postSelect.desktop records. The 1440/768/375 triples I re-read live all match the code tables (post-select/posts/creators 250/220/200, time 140/120/120, main 200/180/160, row-menus 250/220/200). ★ But the module has NO consumer: FEED_MENU_WIDTH, feedMenuSize and all five build*Menu functions are imported ONLY by their own figma test and by the barrel, and SocialMenu.tsx has no JSX mount site outside socialRowMenus / CreatorTokensTab / SocialTridotsMenu — all themselves orphaned. So the width is measured against a panel that never renders. Cannot be `done`: there is no DOM side.
CTA/button [10302-184716]	furniture	-	-	FURNITURE, not `done`. 158x50 INSTANCE — a Directory banner / Breakpoint ruler / empty scaffolding frame / parked component INSTANCE. SCHEMA.md (revised 2026-08-26) gives furniture its own verdict and EXCLUDES it from the parity denominator, so calling it `done` inflated the completion percentage by counting nodes nobody owes code for. The prior notes stay accurate; only the verdict word changes. ★ IDENTIFIED BY ARTWORK, not by the "CTA/button" name: all three of these instances draw the label "Creators" plus a chevron — they are the Discover content-type TAB PILL (the trigger for dropdown-main: Creators / Posts / Favorites) at 1440 / 375 / 768 respectively, not a generic button and not the feed's "Create new" CTA, which is a separate 125x36 #56c7f3 pill inside the feed frames.
dropdown-main [10302-184717]	partial	src/components/social/feed/feedMenus.ts	/social	MEASURED 2026-08-26 — the FRAME half only, and that half PASSES: 10302-184717 is 200x122, which is exactly what FEED_MENU_WIDTH.main.desktop records. The 1440/768/375 triples I re-read live all match the code tables (post-select/posts/creators 250/220/200, time 140/120/120, main 200/180/160, row-menus 250/220/200). ★ But the module has NO consumer: FEED_MENU_WIDTH, feedMenuSize and all five build*Menu functions are imported ONLY by their own figma test and by the barrel, and SocialMenu.tsx has no JSX mount site outside socialRowMenus / CreatorTokensTab / SocialTridotsMenu — all themselves orphaned. So the width is measured against a panel that never renders. Cannot be `done`: there is no DOM side.
dropdown-time [10302-184748]	partial	src/components/social/feed/feedMenus.ts	/social	MEASURED 2026-08-26 — the FRAME half only, and that half PASSES: 10302-184748 is 140x236, which is exactly what FEED_MENU_WIDTH.time.desktop records. The 1440/768/375 triples I re-read live all match the code tables (post-select/posts/creators 250/220/200, time 140/120/120, main 200/180/160, row-menus 250/220/200). ★ But the module has NO consumer: FEED_MENU_WIDTH, feedMenuSize and all five build*Menu functions are imported ONLY by their own figma test and by the barrel, and SocialMenu.tsx has no JSX mount site outside socialRowMenus / CreatorTokensTab / SocialTridotsMenu — all themselves orphaned. So the width is measured against a panel that never renders. Cannot be `done`: there is no DOM side.
Caption - empty [10324-198967]	partial	src/components/social/SocialModal.tsx	/social	NOT MEASURED. Implemented and mounted, but no geometry / type ramp / colour was read off the node and compared to a rendered DOM at this width. `done` here was the pre-2026-08-26 verdict ("nobody spotted a difference"), which the tightened definition no longer admits. Prior note, kept because it is still true about what EXISTS: 564x768 empty-caption state of the same modal. Cited in SocialModal.tsx.
Caption - upload - AI generated [10327-199048]	partial	src/components/social/SocialModal.tsx	/social	NOT MEASURED. Implemented and mounted, but no geometry / type ramp / colour was read off the node and compared to a rendered DOM at this width. `done` here was the pre-2026-08-26 verdict ("nobody spotted a difference"), which the tightened definition no longer admits. Prior note, kept because it is still true about what EXISTS: 564x486 caption state of the prepare-story modal. Cited in SocialModal.tsx. Inert for the same reason as its parent frame 10324-107730 (no story entity), but the shell is built.
Social > create post > empty [10328-215524]	partial	src/components/social/feed/ComposePostDialog.tsx	/social	NOT MEASURED. Implemented and mounted, but no geometry / type ramp / colour was read off the node and compared to a rendered DOM at this width. `done` here was the pre-2026-08-26 verdict ("nobody spotted a difference"), which the tightened definition no longer admits. Prior note, kept because it is still true about what EXISTS: node 10328-215524. Empty composer state — placeholder present, Post dimmed, no token selector. Now reachable.
Social > create post [10335-233638]	partial	src/components/social/feed/ComposePostDialog.tsx	/social	NOT MEASURED. Implemented and mounted, but no geometry / type ramp / colour was read off the node and compared to a rendered DOM at this width. `done` here was the pre-2026-08-26 verdict ("nobody spotted a difference"), which the tightened definition no longer admits. Prior note, kept because it is still true about what EXISTS: node 10335-233638. Composer is now reachable — mounted from SocialFeed.tsx with a 500-char counter and Cmd/Ctrl+Enter submit. WIRED THIS LANE: the token selector pill the frame draws now has a source (getTokenByCreator, the viewer's own launched token), so it appears for creators who have one and stays hidden otherwise, matching the empty frame.
Social > create post > drafts [10335-235331]	partial	src/components/social/feed/DraftsDialog.tsx	/social	NOT MEASURED. Implemented and mounted, but no geometry / type ramp / colour was read off the node and compared to a rendered DOM at this width. `done` here was the pre-2026-08-26 verdict ("nobody spotted a difference"), which the tightened definition no longer admits. Prior note, kept because it is still true about what EXISTS: node 10335-235331. Drafts list NOW EXISTS (DraftsDialog.tsx plus postDrafts.ts persistence) and is mounted from SocialFeed.tsx, reachable from the composer's Drafts link. Closing the composer with unsent text saves a draft.
Social > create post > drafts [10335-236189]	partial	src/components/social/feed/DraftsDialog.tsx	/social	NOT MEASURED. Implemented and mounted, but no geometry / type ramp / colour was read off the node and compared to a rendered DOM at this width. `done` here was the pre-2026-08-26 verdict ("nobody spotted a difference"), which the tightened definition no longer admits. Prior note, kept because it is still true about what EXISTS: node 10335-236189. Drafts multi-select. DraftsDialog implements selectMode with per-row checkboxes and delete, and is now reachable.
Breakpoint [11341-20652]	furniture	-	-	FURNITURE, not `done`. 1450x164 FRAME (Breakpoint ruler) — a Directory banner / Breakpoint ruler / empty scaffolding frame / parked component INSTANCE. SCHEMA.md (revised 2026-08-26) gives furniture its own verdict and EXCLUDES it from the parity denominator, so calling it `done` inflated the completion percentage by counting nodes nobody owes code for. The prior notes stay accurate; only the verdict word changes.
Breakpoint [11341-20654]	furniture	-	-	FURNITURE, not `done`. 1450x164 FRAME (Breakpoint ruler) — a Directory banner / Breakpoint ruler / empty scaffolding frame / parked component INSTANCE. SCHEMA.md (revised 2026-08-26) gives furniture its own verdict and EXCLUDES it from the parity denominator, so calling it `done` inflated the completion percentage by counting nodes nobody owes code for. The prior notes stay accurate; only the verdict word changes.
Social > Messages - empty 1VH (768) [11341-86042]	frame-defect	src/pages/social/Messages.tsx	/messages	FRAME DEFECT (visible "end-to-end encrypted" at 11381:26254, plus the "converation" typo at 11381:26256) — code correctly withholds both. ★ AND THIS FRAME FALSIFIES A COMMENT IN THE CODE. Messages.tsx says of its empty state: "This lane did not measure a 768 empty frame, so the narrow ramp is carried through 768 rather than a middle step being invented." A 768 empty frame exists for BOTH panes and both differ from 375. Right pane, block `middle`: 375 = 11341:88360 330x140, shield 14/16, sentence 12/14, CTA 140x32; 768 = 11381:26251 330x**145**, shield 14/**18**, sentence 12/**16**, CTA **160x34**. So carrying the 375 ramp through 768 is a real (small) divergence, not a neutral default. NOT FIXED HERE: /messages cannot be rendered in a dev session to verify, and Messages.tsx is the file another lane rewrote this wave — reported instead of guessed at.
Social > Messages - empty (375) [11341-88224]	partial	src/pages/social/messages/ConversationList.tsx	/messages	MEASURED 2026-08-26 and the prior `done` FAILS on two counts. (1) Its own recorded number is wrong: it says headline "No messages yet" is 18px; node 11341:88269 is fontSize **14**, lineHeight 18 — 18 is the LEADING, transcribed as the size. Block 11341:88266 343x106, glyph 11341:88267 40x40, sentence 11341:88270 343x28 12/14 #95a09f are all confirmed. (2) The code renders the SHARED @skai/ui `EmptyState size="sm"`, which is text-sm (14/**20**) + text-xs (12/**16**) and wraps the icon in `rounded-full bg-muted p-4` — a 32px glyph inside a 64px filled circle where the frame draws a bare 40px glyph and no circle. Line-heights and the icon treatment therefore diverge. NOT FIXED: empty-state.tsx is a shared primitive used across the whole app; changing its sm ramp is a design-system call, not a social-lane edit. ⚠️ ALSO UNMEASURABLE IN THE DOM — see 5153-206244.
Social > Messages (375) [11341-88388]	partial	src/pages/social/messages/ConversationList.tsx	/messages	FRAME HALF RE-MEASURED 2026-08-26 and CONFIRMED: `Frame 337` = 11341:88399, 343x36, two children — Frame 450 (title) 196x22 at x=0 and a 147x36 control group (Frame 786) at x=196. ★ But the prior row recorded a KNOWN DIVERGENCE and still wrote `done`: it says the code renders pill / minimize / requests where the frame draws pill / message / minimize, and calls it "ordering drift only". A divergence you have identified is the definition of `partial` under the tightened rule — `done` is for parity, not for a difference you decided was small. Frame geometry 375x882 (taller than its own "1VH" title) also confirmed. DOM never rendered: see the /messages note.
Social > Messages > Sample Conversation (375) [11365-21892]	partial	src/pages/social/messages/MessageThread.tsx	/messages/:conversationId	NOT MEASURED. Implemented and mounted, but no geometry / type ramp / colour was read off the node and compared to a rendered DOM at this width. `done` here was the pre-2026-08-26 verdict ("nobody spotted a difference"), which the tightened definition no longer admits. ★ AND THE DOM SIDE IS UNOBTAINABLE HERE: /messages never paints (stuck on "Connecting wallet", Messages.tsx:179 gates on a wallet connect the dev mock cannot complete), so a thread route cannot be reached either. Prior note, kept because it is still true about what EXISTS: 375x812 thread filling the frame, no list beside it. This is one of the four frames the messagesSplitPoint suite already cites as its oracle for the lg (1024) split point. Enforced by test.
Social > Messages - Sample conversation (375) [11365-22320]	partial	src/pages/social/messages/MessageThread.tsx	/messages/:conversationId	NOT MEASURED. Implemented and mounted, but no geometry / type ramp / colour was read off the node and compared to a rendered DOM at this width. `done` here was the pre-2026-08-26 verdict ("nobody spotted a difference"), which the tightened definition no longer admits. ★ AND THE DOM SIDE IS UNOBTAINABLE HERE: /messages never paints (stuck on "Connecting wallet", Messages.tsx:179 gates on a wallet connect the dev mock cannot complete), so a thread route cannot be reached either. Prior note, kept because it is still true about what EXISTS: 375x1644 full-scroll cut of the thread. Composer Input is 76 tall here (Frame 464 at 359x60) against 64 in the plain thread frames — the taller box is the reply-preview state. Cited by messagesSplitPoint and ConversationHeader.responsive.
Social > Messages (375) [11367-22805]	partial	src/pages/social/messages/ConversationList.tsx	/messages	NOT MEASURED. Implemented and mounted, but no geometry / type ramp / colour was read off the node and compared to a rendered DOM at this width. `done` here was the pre-2026-08-26 verdict ("nobody spotted a difference"), which the tightened definition no longer admits. ★ AND THE DOM SIDE IS UNOBTAINABLE HERE: /messages never paints. Probed 2026-08-26 at 375, 768 and 1440 in a signed-in dev session with 60s of waiting — it stays on "Connecting wallet" with 20 live [role=status] spinners and 348 nodes of app shell, because Messages.tsx:179 gates the whole surface on a wallet connection the dev mock wallet cannot complete. So NO ONE in any wave has compared a Messages frame to a rendered DOM, which is exactly how these rows came to say `done` off citations. Prior note, kept because it is still true about what EXISTS: 375x812 viewport crop of 11341-88388, same Frame 285 343x636 body. Not a distinct state — recorded so the pair is not mistaken for two screens.
Social > Messages > Sample Conversation (375) [11368-23343]	partial	src/pages/social/messages/ConversationHeader.tsx	/messages/:conversationId	NOT MEASURED. Implemented and mounted, but no geometry / type ramp / colour was read off the node and compared to a rendered DOM at this width. `done` here was the pre-2026-08-26 verdict ("nobody spotted a difference"), which the tightened definition no longer admits. ★ AND THE DOM SIDE IS UNOBTAINABLE HERE: /messages never paints (stuck on "Connecting wallet", Messages.tsx:179 gates on a wallet connect the dev mock cannot complete), so a thread route cannot be reached either. Prior note, kept because it is still true about what EXISTS: 375x812 thread with a 64-tall composer. Already cited in ConversationHeader.tsx itself as the source of the back-to-list button's lg:hidden.
Social > Messages > multi-select / profile (375) [11369-24298]	partial	src/components/messages/MessageDialogs.tsx	/messages/:conversationId	NOT MEASURED. Implemented and mounted, but no geometry / type ramp / colour was read off the node and compared to a rendered DOM at this width. `done` here was the pre-2026-08-26 verdict ("nobody spotted a difference"), which the tightened definition no longer admits. ★ AND THE DOM SIDE IS UNOBTAINABLE HERE: /messages never paints (stuck on "Connecting wallet", Messages.tsx:179 gates on a wallet connect the dev mock cannot complete), so a thread route cannot be reached either. Prior note, kept because it is still true about what EXISTS: ★ NARROWS A STANDING DEFECT. At 375 the profile half is an Overlay 375x812 containing a CENTERED modal 354x464 — not the side panel the 1440 frame (5160-207895) draws. The code renders a centered Dialog at every width, so at THIS width it matches the frame exactly. The recorded "should be a side panel" gap is therefore desktop-only, not universal, which materially shrinks it.
Social > Messages - scroll effect (375) [11373-22600]	partial	src/pages/social/messages/MessageThread.tsx	/messages/:conversationId	NOT MEASURED. Implemented and mounted, but no geometry / type ramp / colour was read off the node and compared to a rendered DOM at this width. `done` here was the pre-2026-08-26 verdict ("nobody spotted a difference"), which the tightened definition no longer admits. ★ AND THE DOM SIDE IS UNOBTAINABLE HERE: /messages never paints (stuck on "Connecting wallet", Messages.tsx:179 gates on a wallet connect the dev mock cannot complete), so a thread route cannot be reached either. Prior note, kept because it is still true about what EXISTS: 375x812 mid-scroll thread, 76-tall composer. Load-older, archived pagination and the new-message jump banner all exist in MessageThread.
Social > Messages > Dropdown options (375) [11373-23253]	partial	src/pages/social/messages/ConversationList.tsx	/messages	NOT MEASURED. Implemented and mounted, but no geometry / type ramp / colour was read off the node and compared to a rendered DOM at this width. `done` here was the pre-2026-08-26 verdict ("nobody spotted a difference"), which the tightened definition no longer admits. ★ AND THE DOM SIDE IS UNOBTAINABLE HERE: /messages never paints. Probed 2026-08-26 at 375, 768 and 1440 in a signed-in dev session with 60s of waiting — it stays on "Connecting wallet" with 20 live [role=status] spinners and 348 nodes of app shell, because Messages.tsx:179 gates the whole surface on a wallet connection the dev mock wallet cannot complete. So NO ONE in any wave has compared a Messages frame to a rendered DOM, which is exactly how these rows came to say `done` off citations. Prior note, kept because it is still true about what EXISTS: ★ TITLE IS WRONG — the 1440 frame under this name (5162-265801) is the PER-MESSAGE options menu; this 375 frame's dropdown 150x258 draws All messages / Unread / Personal / Groups / Requests / Settings / rule / Mark all as read, which is the CONVERSATION-LIST FILTER menu. Verified item for item against ConversationList.tsx:223-262: all seven present, in that order, with the separator in the same pl
Social > Messages > Groups (375) [11380-23801]	partial	src/pages/social/messages/ConversationList.tsx	/messages	NOT MEASURED. Implemented and mounted, but no geometry / type ramp / colour was read off the node and compared to a rendered DOM at this width. `done` here was the pre-2026-08-26 verdict ("nobody spotted a difference"), which the tightened definition no longer admits. ★ AND THE DOM SIDE IS UNOBTAINABLE HERE: /messages never paints. Probed 2026-08-26 at 375, 768 and 1440 in a signed-in dev session with 60s of waiting — it stays on "Connecting wallet" with 20 live [role=status] spinners and 348 nodes of app shell, because Messages.tsx:179 gates the whole surface on a wallet connection the dev mock wallet cannot complete. So NO ONE in any wave has compared a Messages frame to a rendered DOM, which is exactly how these rows came to say `done` off citations. Prior note, kept because it is still true about what EXISTS: 375x812 list filtered to Groups. The filter exists — ConversationList.tsx:207-263 with conversationFilter.ts:47 behind it — and this frame is the 375 redraw of 5164-266951.
dropdown - right click [11380-24252]	partial	src/components/social/SocialMenu.tsx	/messages/:conversationId	NOT MEASURABLE. src/components/social/SocialMenu.tsx has ZERO JSX mount sites outside its own orphan cluster (swept 2026-08-26: every `<Component` occurrence in a non-test .tsx), so nothing renders at any width and there is no DOM to compare. The prior `done` rested on "cited in <file>", which is a citation, not a measurement.
Social > Messages - empty 1VH (768) [11381-26299]	partial	src/pages/social/Messages.tsx	/messages	NOT MEASURED before; MEASURED NOW on the frame side, and it carries the same correction as 11341-86042. Block `middle` 11381:26445 = 343x**111** (the 375 twin 11341:88266 is 343x106), glyph 40x40, headline "No messages yet" 14/18 #ffffff, sentence 12/**16** #95a09f (375 draws 12/**14**). ★ The prior row's substantive point stands and is valuable: this is NOT a duplicate of 11341-86042 and does NOT carry the encryption pill — two distinct 768 empty states, one defective. It is downgraded only because the DOM half is unobtainable (/messages never paints past "Connecting wallet") and because the code carries the 375 ramp here.
Social > Messages 1VH (768) [11381-26920]	partial	src/pages/social/Messages.tsx	/messages	NOT MEASURED. Implemented and mounted, but no geometry / type ramp / colour was read off the node and compared to a rendered DOM at this width. `done` here was the pre-2026-08-26 verdict ("nobody spotted a difference"), which the tightened definition no longer admits. ★ AND THE DOM SIDE IS UNOBTAINABLE HERE: /messages never paints. Probed 2026-08-26 at 375, 768 and 1440 in a signed-in dev session with 60s of waiting — it stays on "Connecting wallet" with 20 live [role=status] spinners and 348 nodes of app shell, because Messages.tsx:179 gates the whole surface on a wallet connection the dev mock wallet cannot complete. So NO ONE in any wave has compared a Messages frame to a rendered DOM, which is exactly how these rows came to say `done` off citations. Prior note, kept because it is still true about what EXISTS: node 11381-26920.
Social > Messages (768) [11385-27529]	partial	src/pages/social/Messages.tsx	/messages	NOT MEASURED. Implemented and mounted, but no geometry / type ramp / colour was read off the node and compared to a rendered DOM at this width. `done` here was the pre-2026-08-26 verdict ("nobody spotted a difference"), which the tightened definition no longer admits. ★ AND THE DOM SIDE IS UNOBTAINABLE HERE: /messages never paints. Probed 2026-08-26 at 375, 768 and 1440 in a signed-in dev session with 60s of waiting — it stays on "Connecting wallet" with 20 live [role=status] spinners and 348 nodes of app shell, because Messages.tsx:179 gates the whole surface on a wallet connection the dev mock wallet cannot complete. So NO ONE in any wave has compared a Messages frame to a rendered DOM, which is exactly how these rows came to say `done` off citations. Prior note, kept because it is still true about what EXISTS: node 11385-27529 (768x1124).
Social > Messages > Sample Conversation 1VH (768) [11385-27845]	partial	src/pages/social/messages/MessageThread.tsx	/messages/:conversationId	NOT MEASURED. Implemented and mounted, but no geometry / type ramp / colour was read off the node and compared to a rendered DOM at this width. `done` here was the pre-2026-08-26 verdict ("nobody spotted a difference"), which the tightened definition no longer admits. ★ AND THE DOM SIDE IS UNOBTAINABLE HERE: /messages never paints (stuck on "Connecting wallet", Messages.tsx:179 gates on a wallet connect the dev mock cannot complete), so a thread route cannot be reached either. Prior note, kept because it is still true about what EXISTS: node 11385-27845. One of the three frames Rule 1 cites for the single-pane 768 layout.
Social > Messages - Sample conversation (768) [11385-28161]	partial	src/pages/social/messages/MessageThread.tsx	/messages/:conversationId	NOT MEASURED. Implemented and mounted, but no geometry / type ramp / colour was read off the node and compared to a rendered DOM at this width. `done` here was the pre-2026-08-26 verdict ("nobody spotted a difference"), which the tightened definition no longer admits. ★ AND THE DOM SIDE IS UNOBTAINABLE HERE: /messages never paints (stuck on "Connecting wallet", Messages.tsx:179 gates on a wallet connect the dev mock cannot complete), so a thread route cannot be reached either. Prior note, kept because it is still true about what EXISTS: node 11385-28161 (768x1750).
Social > Messages > Sample Conversation - scroll effect 1VH (768) [11387-28789]	partial	src/pages/social/messages/MessageThread.tsx	/messages/:conversationId	NOT MEASURED. Implemented and mounted, but no geometry / type ramp / colour was read off the node and compared to a rendered DOM at this width. `done` here was the pre-2026-08-26 verdict ("nobody spotted a difference"), which the tightened definition no longer admits. ★ AND THE DOM SIDE IS UNOBTAINABLE HERE: /messages never paints (stuck on "Connecting wallet", Messages.tsx:179 gates on a wallet connect the dev mock cannot complete), so a thread route cannot be reached either. Prior note, kept because it is still true about what EXISTS: node 11387-28789. Named in socialResponsiveContract.test.ts Rule 1 as one of the three 768 redraws that draw ONE pane.
Social > Messages > Sample Conversation 1VH (768) [11387-29051]	partial	src/pages/social/messages/MessageThread.tsx	/messages/:conversationId	NOT MEASURED. Implemented and mounted, but no geometry / type ramp / colour was read off the node and compared to a rendered DOM at this width. `done` here was the pre-2026-08-26 verdict ("nobody spotted a difference"), which the tightened definition no longer admits. ★ AND THE DOM SIDE IS UNOBTAINABLE HERE: /messages never paints (stuck on "Connecting wallet", Messages.tsx:179 gates on a wallet connect the dev mock cannot complete), so a thread route cannot be reached either. Prior note, kept because it is still true about what EXISTS: node 11387-29051. Second 1VH cut, not visually diffed against 11385-27845 this lane.
Social > Messages > Sample Conversation > Groups 1VH (768) [11387-72789]	partial	src/pages/social/messages/ConversationList.tsx	/messages	NOT MEASURED. Implemented and mounted, but no geometry / type ramp / colour was read off the node and compared to a rendered DOM at this width. `done` here was the pre-2026-08-26 verdict ("nobody spotted a difference"), which the tightened definition no longer admits. ★ AND THE DOM SIDE IS UNOBTAINABLE HERE: /messages never paints. Probed 2026-08-26 at 375, 768 and 1440 in a signed-in dev session with 60s of waiting — it stays on "Connecting wallet" with 20 live [role=status] spinners and 348 nodes of app shell, because Messages.tsx:179 gates the whole surface on a wallet connection the dev mock wallet cannot complete. So NO ONE in any wave has compared a Messages frame to a rendered DOM, which is exactly how these rows came to say `done` off citations. Prior note, kept because it is still true about what EXISTS: node 11387-72789. All/Unread/Personal/Groups filter at ConversationList.tsx:207-263, backed by conversationFilter.ts:47. Distinct from the user-created folder chips at :333-359.
Social > Messages > Message requests 1VH (768) [11387-73334]	partial	src/components/messaging/MessageRequestsSurface.tsx	/messages	NOT MEASURED. Implemented and mounted, but no geometry / type ramp / colour was read off the node and compared to a rendered DOM at this width. `done` here was the pre-2026-08-26 verdict ("nobody spotted a difference"), which the tightened definition no longer admits. ★ AND THE DOM SIDE IS UNOBTAINABLE HERE: /messages never paints. Probed 2026-08-26 at 375, 768 and 1440 in a signed-in dev session with 60s of waiting — it stays on "Connecting wallet" with 20 live [role=status] spinners and 348 nodes of app shell, because Messages.tsx:179 gates the whole surface on a wallet connection the dev mock wallet cannot complete. So NO ONE in any wave has compared a Messages frame to a rendered DOM, which is exactly how these rows came to say `done` off citations. Prior note, kept because it is still true about what EXISTS: node 11387-73334. Accept and Delete wired; Block renders explicitly disabled because no block writer exists.
dropdown - right click [11387-73530]	partial	src/components/social/SocialMenu.tsx	/messages/:conversationId	NOT MEASURABLE. src/components/social/SocialMenu.tsx has ZERO JSX mount sites outside its own orphan cluster (swept 2026-08-26: every `<Component` occurrence in a non-test .tsx), so nothing renders at any width and there is no DOM to compare. The prior `done` rested on "cited in <file>", which is a citation, not a measurement.
Social > Messages > Chat settings 1VH (768) [11387-73630]	partial	src/components/messages/MessagingSettingsSheet.tsx	/messages/:conversationId	NOT MEASURED. Implemented and mounted, but no geometry / type ramp / colour was read off the node and compared to a rendered DOM at this width. `done` here was the pre-2026-08-26 verdict ("nobody spotted a difference"), which the tightened definition no longer admits. ★ AND THE DOM SIDE IS UNOBTAINABLE HERE: /messages never paints (stuck on "Connecting wallet", Messages.tsx:179 gates on a wallet connect the dev mock cannot complete), so a thread route cannot be reached either. Prior note, kept because it is still true about what EXISTS: node 11387-73630.
Social > Messages > Message requests > Sample message 1VH (768) [11387-74043]	partial	src/components/messaging/MessageRequestsSurface.tsx	/messages	NOT MEASURED. Implemented and mounted, but no geometry / type ramp / colour was read off the node and compared to a rendered DOM at this width. `done` here was the pre-2026-08-26 verdict ("nobody spotted a difference"), which the tightened definition no longer admits. ★ AND THE DOM SIDE IS UNOBTAINABLE HERE: /messages never paints. Probed 2026-08-26 at 375, 768 and 1440 in a signed-in dev session with 60s of waiting — it stays on "Connecting wallet" with 20 live [role=status] spinners and 348 nodes of app shell, because Messages.tsx:179 gates the whole surface on a wallet connection the dev mock wallet cannot complete. So NO ONE in any wave has compared a Messages frame to a rendered DOM, which is exactly how these rows came to say `done` off citations. Prior note, kept because it is still true about what EXISTS: node 11387-74043. List-plus-detail surface mounted at MessageDialogs.tsx:144-161.
Social > Groups - search (375) [11396-76652]	partial	src/pages/social/groups/GroupsSearchTable.tsx	/trading-groups	NOT MEASURED. Implemented and mounted, but no geometry / type ramp / colour was read off the node and compared to a rendered DOM at this width. `done` here was the pre-2026-08-26 verdict ("nobody spotted a difference"), which the tightened definition no longer admits. ★ DOM SIDE PARTIALLY BLOCKED: /trading-groups paints only its SIGN_IN_REQUIRED arm in a dev session ("Connect your wallet to browse groups"); GroupsSearchTable itself never mounts, so only its jsdom-testable class strings can be checked, not its rendered boxes. Prior note, kept because it is still true about what EXISTS: node 11396-76652 (375x1281). All-groups list at 375.
Social > Groups - empty (375) [11398-77014]	done	src/pages/social/groups/GroupsSearchTable.tsx	/trading-groups	MEASURED 2026-08-26 at 375, FAILED then FIXED this lane. Body `Frame 300` 11398:77083 = 343x244, inset 12/12/12/12 -> EMPTY_PANEL_MIN_H_PX["collapsible-list"] = 244 (already correct). Headline 11398:77381 14/18 vs shipped 18/24; sentence 11398:77382 12/**14** @214 vs shipped 12/16; CTA 11398:77385 **140**x34 vs shipped 161. All three now per-layout. The prior row's "body 244 with 12px inset and equal 56px gaps" is CONFIRMED; it just stopped at the box and never read the text inside it.
Social > Groups > View group > Adjust settings (375) [11398-84777]	partial	src/components/social/GroupFormSheet.tsx	/trading-groups/:groupId	NOT MEASURED. Implemented and mounted, but no geometry / type ramp / colour was read off the node and compared to a rendered DOM at this width. `done` here was the pre-2026-08-26 verdict ("nobody spotted a difference"), which the tightened definition no longer admits. ★ DOM SIDE BLOCKED: /trading-groups paints only its sign-in arm in a dev session, so the group detail route is unreachable. Prior note, kept because it is still true about what EXISTS: node 11398-84777. Same sheet at 375.
Breakpoint [11398-85185]	furniture	-	-	FURNITURE, not `done`. 1450x164 FRAME (Breakpoint ruler) — a Directory banner / Breakpoint ruler / empty scaffolding frame / parked component INSTANCE. SCHEMA.md (revised 2026-08-26) gives furniture its own verdict and EXCLUDES it from the parity denominator, so calling it `done` inflated the completion percentage by counting nodes nobody owes code for. The prior notes stay accurate; only the verdict word changes.
Breakpoint [11398-85187]	furniture	-	-	FURNITURE, not `done`. 1450x164 FRAME (Breakpoint ruler) — a Directory banner / Breakpoint ruler / empty scaffolding frame / parked component INSTANCE. SCHEMA.md (revised 2026-08-26) gives furniture its own verdict and EXCLUDES it from the parity denominator, so calling it `done` inflated the completion percentage by counting nodes nobody owes code for. The prior notes stay accurate; only the verdict word changes.
dropdown-members [11398-85189]	partial	src/components/social/SocialMenu.tsx	/trading-groups/:groupId	NOT MEASURABLE. src/components/social/SocialMenu.tsx has ZERO JSX mount sites outside its own orphan cluster (swept 2026-08-26: every `<Component` occurrence in a non-test .tsx), so nothing renders at any width and there is no DOM to compare. The prior `done` rested on "cited in <file>", which is a citation, not a measurement.
dropdown-group filter [11398-85199]	partial	src/components/social/SocialMenu.tsx	/trading-groups	NOT MEASURABLE. src/components/social/SocialMenu.tsx has ZERO JSX mount sites outside its own orphan cluster (swept 2026-08-26: every `<Component` occurrence in a non-test .tsx), so nothing renders at any width and there is no DOM to compare. The prior `done` rested on "cited in <file>", which is a citation, not a measurement.
dropdown - tridots - reply [11398-85209]	partial	src/components/social/SocialMenu.tsx	/trading-groups/:groupId	NOT MEASURABLE. src/components/social/SocialMenu.tsx has ZERO JSX mount sites outside its own orphan cluster (swept 2026-08-26: every `<Component` occurrence in a non-test .tsx), so nothing renders at any width and there is no DOM to compare. The prior `done` rested on "cited in <file>", which is a citation, not a measurement.
Social > Groups - search (768) [11398-85878]	partial	src/pages/social/groups/GroupsSearchTable.tsx	/trading-groups	NOT MEASURED. Implemented and mounted, but no geometry / type ramp / colour was read off the node and compared to a rendered DOM at this width. `done` here was the pre-2026-08-26 verdict ("nobody spotted a difference"), which the tightened definition no longer admits. ★ DOM SIDE PARTIALLY BLOCKED: /trading-groups paints only its SIGN_IN_REQUIRED arm in a dev session ("Connect your wallet to browse groups"); GroupsSearchTable itself never mounts, so only its jsdom-testable class strings can be checked, not its rendered boxes. Prior note, kept because it is still true about what EXISTS: node 11398-85878 (768x1084).
Social > Groups - search - empty (768) [11398-86245]	done	src/pages/social/groups/GroupsSearchTable.tsx	/trading-groups	MEASURED 2026-08-26 at 768, and it FAILED then was FIXED this lane. Body `Frame 300` 11398:86314 = 708x249, inset 12/16/12/16 -> EMPTY_PANEL_MIN_H_PX.list = 249 (already correct). TYPE RAMP WAS WRONG: headline 11398:86617 is 14/18, the code shipped the 1440 ramp 18/24 at every width; sentence 11398:86618 12/16 @214 (correct); CTA 11398:86621 160x34, code shipped 161. Fixed by EMPTY_TYPE_RAMP keyed off the same GroupsLayout as the height, with an oracle test. ⚠️ Frame 297 vault boilerplate present here too and correctly not built.
Social > Groups - search > Discover (768) [11398-86869]	partial	src/pages/social/groups/GroupsSearchTable.tsx	/trading-groups	NOT MEASURED. Implemented and mounted, but no geometry / type ramp / colour was read off the node and compared to a rendered DOM at this width. `done` here was the pre-2026-08-26 verdict ("nobody spotted a difference"), which the tightened definition no longer admits. ★ DOM SIDE PARTIALLY BLOCKED: /trading-groups paints only its SIGN_IN_REQUIRED arm in a dev session ("Connect your wallet to browse groups"); GroupsSearchTable itself never mounts, so only its jsdom-testable class strings can be checked, not its rendered boxes. Prior note, kept because it is still true about what EXISTS: node 11398-86869. Discover tab backed by discoverEligibleGroups with token-holding eligibility.
Social > Groups - search - empty > Create group (768) [11398-88883]	partial	src/components/social/GroupFormSheet.tsx	/trading-groups	NOT MEASURED. Implemented and mounted, but no geometry / type ramp / colour was read off the node and compared to a rendered DOM at this width. `done` here was the pre-2026-08-26 verdict ("nobody spotted a difference"), which the tightened definition no longer admits. ★ DOM SIDE PARTIALLY BLOCKED: /trading-groups paints only its SIGN_IN_REQUIRED arm in a dev session ("Connect your wallet to browse groups"); GroupsSearchTable itself never mounts, so only its jsdom-testable class strings can be checked, not its rendered boxes. Prior note, kept because it is still true about what EXISTS: node 11398-88883.
Social > Groups > Members - with requests (708) [11400-91347]	partial	src/components/social/JoinRequestList.tsx	/trading-groups/:groupId	NOT MEASURED. Implemented and mounted, but no geometry / type ramp / colour was read off the node and compared to a rendered DOM at this width. `done` here was the pre-2026-08-26 verdict ("nobody spotted a difference"), which the tightened definition no longer admits. ★ DOM SIDE BLOCKED: /trading-groups paints only its sign-in arm in a dev session, so the group detail route is unreachable. Prior note, kept because it is still true about what EXISTS: node 11400-91347. Statistics/Members/Rules, search, Recent sort, then Requested-to-join rows with Accept/Reject above the member rows with Follow/Block/Remove. JoinRequestList mounted TradingGroupProfile.tsx:1017, MemberList at :965. Backed by trading_group_join_requests (migration 20260826120000).
Social > Groups > View group > Adjust settings (768) [11400-92142]	partial	src/components/social/GroupFormSheet.tsx	/trading-groups/:groupId	NOT MEASURED. Implemented and mounted, but no geometry / type ramp / colour was read off the node and compared to a rendered DOM at this width. `done` here was the pre-2026-08-26 verdict ("nobody spotted a difference"), which the tightened definition no longer admits. ★ DOM SIDE BLOCKED: /trading-groups paints only its sign-in arm in a dev session, so the group detail route is unreachable. Prior note, kept because it is still true about what EXISTS: node 11400-92142. showSettings entry points at TradingGroupProfile.tsx:604 and :645; GroupFormSheet is the real form (CreateTradingGroupDialog.tsx is a 2.5KB shim).
Social > Live (768) [11410-138568]	partial	src/components/streaming/LiveStreamsBrowser.tsx	/streaming	NOT MEASURED. Implemented and mounted, but no geometry / type ramp / colour was read off the node and compared to a rendered DOM at this width. `done` here was the pre-2026-08-26 verdict ("nobody spotted a difference"), which the tightened definition no longer admits. Prior note, kept because it is still true about what EXISTS: node 11410-138568 (768x1950). Browse grid with category rows. STREAMING_PUBLIC is enabled=true rollout=100 in prod, so normal users reach this.
Social > Live (375) [11410-139136]	partial	src/components/streaming/LiveStreamsBrowser.tsx	/streaming	NOT MEASURED. Implemented and mounted, but no geometry / type ramp / colour was read off the node and compared to a rendered DOM at this width. `done` here was the pre-2026-08-26 verdict ("nobody spotted a difference"), which the tightened definition no longer admits. Prior note, kept because it is still true about what EXISTS: node 11410-139136 (375x1431).
Breakpoint [11410-140557]	furniture	-	-	FURNITURE, not `done`. 1450x164 FRAME (Breakpoint ruler) — a Directory banner / Breakpoint ruler / empty scaffolding frame / parked component INSTANCE. SCHEMA.md (revised 2026-08-26) gives furniture its own verdict and EXCLUDES it from the parity denominator, so calling it `done` inflated the completion percentage by counting nodes nobody owes code for. The prior notes stay accurate; only the verdict word changes.
Breakpoint [11410-140559]	furniture	-	-	FURNITURE, not `done`. 1450x164 FRAME (Breakpoint ruler) — a Directory banner / Breakpoint ruler / empty scaffolding frame / parked component INSTANCE. SCHEMA.md (revised 2026-08-26) gives furniture its own verdict and EXCLUDES it from the parity denominator, so calling it `done` inflated the completion percentage by counting nodes nobody owes code for. The prior notes stay accurate; only the verdict word changes.
Breakpoint [11410-140747]	furniture	-	-	FURNITURE, not `done`. 1450x164 FRAME (Breakpoint ruler) — a Directory banner / Breakpoint ruler / empty scaffolding frame / parked component INSTANCE. SCHEMA.md (revised 2026-08-26) gives furniture its own verdict and EXCLUDES it from the parity denominator, so calling it `done` inflated the completion percentage by counting nodes nobody owes code for. The prior notes stay accurate; only the verdict word changes.
Breakpoint [11410-140757]	furniture	-	-	FURNITURE, not `done`. 1450x164 FRAME (Breakpoint ruler) — a Directory banner / Breakpoint ruler / empty scaffolding frame / parked component INSTANCE. SCHEMA.md (revised 2026-08-26) gives furniture its own verdict and EXCLUDES it from the parity denominator, so calling it `done` inflated the completion percentage by counting nodes nobody owes code for. The prior notes stay accurate; only the verdict word changes.
Social > Live 1VH (375) [11442-162043]	partial	src/components/streaming/LiveStreamsBrowser.tsx	/streaming	NOT MEASURED. Implemented and mounted, but no geometry / type ramp / colour was read off the node and compared to a rendered DOM at this width. `done` here was the pre-2026-08-26 verdict ("nobody spotted a difference"), which the tightened definition no longer admits. Prior note, kept because it is still true about what EXISTS: node 11442-162043.
Social (768) [11442-163273]	partial	src/pages/social/SocialFeed.tsx	/social	NOT MEASURED. Implemented and mounted, but no geometry / type ramp / colour was read off the node and compared to a rendered DOM at this width. `done` here was the pre-2026-08-26 verdict ("nobody spotted a difference"), which the tightened definition no longer admits. Prior note, kept because it is still true about what EXISTS: node 11442-163273 (768x4387). Full-height feed at the tablet width.
Social 1VH (768) [11442-164397]	partial	src/pages/social/SocialFeed.tsx	/social	DOM measured at 768 (heading Cormorant Garamond 500 30/36; CTA 125x44 #2CEDAC; no overflow, scrollWidth 762 vs clientWidth 768) but the FRAME side was not read, so this is half a measurement and cannot be `done`. The 375 and 1440 twins both failed on heading family and CTA fill, so this one is very unlikely to pass.
Social 1VH (375) [11442-164766]	partial	src/pages/social/SocialFeed.tsx	/social	MEASURED 2026-08-26 at 375 on the live dev DOM. Heading 11442:164775 "Discover" is Manrope **Light 20/24**; the DOM renders **Cormorant Garamond 500 24/32** — a step LARGER where the frame steps down. CTA I11442:164778 is a 125x**32** pill #56c7f3; the DOM renders 125x**44** #2CEDAC — width matches, height is 12px over. No horizontal overflow (scrollWidth 369 vs clientWidth 375). Same two app-wide causes as 5100-183573.
Social - dropdown 1VH (768) [11442-165355]	partial	src/components/social/feed/CreateNewMenu.tsx	/social	NOT MEASURED. Implemented and mounted, but no geometry / type ramp / colour was read off the node and compared to a rendered DOM at this width. `done` here was the pre-2026-08-26 verdict ("nobody spotted a difference"), which the tightened definition no longer admits. Prior note, kept because it is still true about what EXISTS: node 11442-165355.
Social > create post > empty 1VH (768) [11442-168505]	partial	src/components/social/feed/ComposePostDialog.tsx	/social	NOT MEASURED. Implemented and mounted, but no geometry / type ramp / colour was read off the node and compared to a rendered DOM at this width. `done` here was the pre-2026-08-26 verdict ("nobody spotted a difference"), which the tightened definition no longer admits. Prior note, kept because it is still true about what EXISTS: node 11442-168505.
Social > create post 1VH (768) [11442-169153]	partial	src/components/social/feed/ComposePostDialog.tsx	/social	NOT MEASURED. Implemented and mounted, but no geometry / type ramp / colour was read off the node and compared to a rendered DOM at this width. `done` here was the pre-2026-08-26 verdict ("nobody spotted a difference"), which the tightened definition no longer admits. Prior note, kept because it is still true about what EXISTS: node 11442-169153.
modal [11442-169953]	partial	src/components/social/SocialModal.tsx	/social	NOT MEASURED. Implemented and mounted, but no geometry / type ramp / colour was read off the node and compared to a rendered DOM at this width. `done` here was the pre-2026-08-26 verdict ("nobody spotted a difference"), which the tightened definition no longer admits. Prior note, kept because it is still true about what EXISTS: 448x411 shared modal shell for the create-post family. Cited in SocialModal.tsx and SocialChrome.figma.test.tsx.
Social > create post > drafts 1VH (768) [11442-170567]	partial	src/components/social/feed/DraftsDialog.tsx	/social	NOT MEASURED. Implemented and mounted, but no geometry / type ramp / colour was read off the node and compared to a rendered DOM at this width. `done` here was the pre-2026-08-26 verdict ("nobody spotted a difference"), which the tightened definition no longer admits. Prior note, kept because it is still true about what EXISTS: node 11442-170567.
Social > create post > drafts 1VH (768) [11442-171056]	partial	src/components/social/feed/DraftsDialog.tsx	/social	NOT MEASURED. Implemented and mounted, but no geometry / type ramp / colour was read off the node and compared to a rendered DOM at this width. `done` here was the pre-2026-08-26 verdict ("nobody spotted a difference"), which the tightened definition no longer admits. Prior note, kept because it is still true about what EXISTS: node 11442-171056. Multi-select variant.
Social - dropdown 1VH (375) [11442-173646]	partial	src/components/social/feed/CreateNewMenu.tsx	/social	NOT MEASURED. Implemented and mounted, but no geometry / type ramp / colour was read off the node and compared to a rendered DOM at this width. `done` here was the pre-2026-08-26 verdict ("nobody spotted a difference"), which the tightened definition no longer admits. Prior note, kept because it is still true about what EXISTS: node 11442-173646. Create-new dropdown Token / Post / Story. Token navigates to the live TokenLaunchDialog chain; Post opens ComposePostDialog; Story renders disabled with "Stories are not available yet".
Social > create post > empty 1VH (375) [11442-175841]	partial	src/components/social/feed/ComposePostDialog.tsx	/social	NOT MEASURED. Implemented and mounted, but no geometry / type ramp / colour was read off the node and compared to a rendered DOM at this width. `done` here was the pre-2026-08-26 verdict ("nobody spotted a difference"), which the tightened definition no longer admits. Prior note, kept because it is still true about what EXISTS: node 11442-175841. Placeholder present, Post dimmed, no token selector. ComposePostDialog.responsive.test.tsx cites these 375/768 redraws.
Social > create post 1VH (375) [11442-176349]	partial	src/components/social/feed/ComposePostDialog.tsx	/social	NOT MEASURED. Implemented and mounted, but no geometry / type ramp / colour was read off the node and compared to a rendered DOM at this width. `done` here was the pre-2026-08-26 verdict ("nobody spotted a difference"), which the tightened definition no longer admits. Prior note, kept because it is still true about what EXISTS: node 11442-176349. 500-char counter, Cmd/Ctrl+Enter submit, token selector sourced from getTokenByCreator.
Social > create post > drafts 1VH (375) [11442-178053]	partial	src/components/social/feed/DraftsDialog.tsx	/social	NOT MEASURED. Implemented and mounted, but no geometry / type ramp / colour was read off the node and compared to a rendered DOM at this width. `done` here was the pre-2026-08-26 verdict ("nobody spotted a difference"), which the tightened definition no longer admits. Prior note, kept because it is still true about what EXISTS: node 11442-178053. Drafts list plus postDrafts.ts persistence, reachable from the composer.
Social > create post > drafts 1VH (375) [11442-178673]	partial	src/components/social/feed/DraftsDialog.tsx	/social	NOT MEASURED. Implemented and mounted, but no geometry / type ramp / colour was read off the node and compared to a rendered DOM at this width. `done` here was the pre-2026-08-26 verdict ("nobody spotted a difference"), which the tightened definition no longer admits. Prior note, kept because it is still true about what EXISTS: node 11442-178673. Multi-select variant — selectMode with per-row checkboxes and delete.
Social > Discover - search > Creators - empty (768) [11455-183352]	partial	src/pages/social/Discover.tsx	/discover	NOT MEASURED. Implemented and mounted, but no geometry / type ramp / colour was read off the node and compared to a rendered DOM at this width. `done` here was the pre-2026-08-26 verdict ("nobody spotted a difference"), which the tightened definition no longer admits. Prior note, kept because it is still true about what EXISTS: node 11455-183352 (768x1178). Also cited in socialResponsiveContract Rule 1 as a one-pane 768 redraw.
Social > Discover - search > Creators - empty (375) [11461-198346]	partial	src/pages/social/Discover.tsx	/discover	NOT MEASURED. Implemented and mounted, but no geometry / type ramp / colour was read off the node and compared to a rendered DOM at this width. `done` here was the pre-2026-08-26 verdict ("nobody spotted a difference"), which the tightened definition no longer admits. Prior note, kept because it is still true about what EXISTS: node 11461-198346. Discover.tsx:351, with distinct search-empty and fetch-error arms.
Social > Sample creator profile > Creator overview (768) [11474-214610]	partial	src/pages/account/UserProfile.tsx	/:username	NOT MEASURED. Implemented and mounted, but no geometry / type ramp / colour was read off the node and compared to a rendered DOM at this width. `done` here was the pre-2026-08-26 verdict ("nobody spotted a difference"), which the tightened definition no longer admits. Prior note, kept because it is still true about what EXISTS: node 11474-214610 (768x1643).
Social > Sample creator profile > Creator overview (375) [11474-215821]	partial	src/pages/account/UserProfile.tsx	/:username	NOT MEASURED. Implemented and mounted, but no geometry / type ramp / colour was read off the node and compared to a rendered DOM at this width. `done` here was the pre-2026-08-26 verdict ("nobody spotted a difference"), which the tightened definition no longer admits. Prior note, kept because it is still true about what EXISTS: node 11474-215821 (375x1633). TabsTrigger value="overview" at :1545. CreatorOverviewTab is the orphaned frame-accurate twin.
Social > Sample creator profile > Following - modal 1VH (768) [11474-216389]	partial	src/components/social/FollowersModal.tsx	/:username	NOT MEASURED. Implemented and mounted, but no geometry / type ramp / colour was read off the node and compared to a rendered DOM at this width. `done` here was the pre-2026-08-26 verdict ("nobody spotted a difference"), which the tightened definition no longer admits. Prior note, kept because it is still true about what EXISTS: node 11474-216389.
Social > Sample creator profile > Followers - modal 1VH (768) [11474-216811]	partial	src/components/social/FollowersModal.tsx	/:username	NOT MEASURED. Implemented and mounted, but no geometry / type ramp / colour was read off the node and compared to a rendered DOM at this width. `done` here was the pre-2026-08-26 verdict ("nobody spotted a difference"), which the tightened definition no longer admits. Prior note, kept because it is still true about what EXISTS: node 11474-216811.
Social > Sample creator profile > Holders - modal 1VH (768) [11474-217233]	partial	src/components/social/HoldersModal.tsx	/:username	NOT MEASURED. Implemented and mounted, but no geometry / type ramp / colour was read off the node and compared to a rendered DOM at this width. `done` here was the pre-2026-08-26 verdict ("nobody spotted a difference"), which the tightened definition no longer admits. Prior note, kept because it is still true about what EXISTS: node 11474-217233.
Social > Sample creator profile > Following - modal 1VH (375) [11474-218523]	partial	src/components/social/FollowersModal.tsx	/:username	NOT MEASURED. Implemented and mounted, but no geometry / type ramp / colour was read off the node and compared to a rendered DOM at this width. `done` here was the pre-2026-08-26 verdict ("nobody spotted a difference"), which the tightened definition no longer admits. Prior note, kept because it is still true about what EXISTS: node 11474-218523. Mounted at UserProfile.tsx:1830 with followersModalTab set to "following" from :1427. CreatorFollowListModal is the orphaned twin.
Social > Sample creator profile > Followers - modal 1VH (375) [11474-218943]	partial	src/components/social/FollowersModal.tsx	/:username	NOT MEASURED. Implemented and mounted, but no geometry / type ramp / colour was read off the node and compared to a rendered DOM at this width. `done` here was the pre-2026-08-26 verdict ("nobody spotted a difference"), which the tightened definition no longer admits. Prior note, kept because it is still true about what EXISTS: node 11474-218943. Same modal, tab "followers", opened from :1376.
Social > Sample creator profile > Holders - modal 1VH (375) [11474-219363]	partial	src/components/social/HoldersModal.tsx	/:username	NOT MEASURED. Implemented and mounted, but no geometry / type ramp / colour was read off the node and compared to a rendered DOM at this width. `done` here was the pre-2026-08-26 verdict ("nobody spotted a difference"), which the tightened definition no longer admits. Prior note, kept because it is still true about what EXISTS: node 11474-219363. Mounted at UserProfile.tsx:1841, opened from :1402. CreatorHoldersModal is the orphaned twin.
Social > Sample creator profile > Groups (768) [11474-220336]	partial	src/pages/account/UserProfile.tsx	/:username	NOT MEASURED. Implemented and mounted, but no geometry / type ramp / colour was read off the node and compared to a rendered DOM at this width. `done` here was the pre-2026-08-26 verdict ("nobody spotted a difference"), which the tightened definition no longer admits. Prior note, kept because it is still true about what EXISTS: node 11474-220336 (768x1247).
Social > Sample creator profile > Groups (375) [11474-220999]	partial	src/pages/account/UserProfile.tsx	/:username	NOT MEASURED. Implemented and mounted, but no geometry / type ramp / colour was read off the node and compared to a rendered DOM at this width. `done` here was the pre-2026-08-26 verdict ("nobody spotted a difference"), which the tightened definition no longer admits. Prior note, kept because it is still true about what EXISTS: node 11474-220999. UserProfile.tsx has TabsTrigger value="groups" (:1569). CreatorGroupsTab is a second, orphaned implementation.
Social - with "tweets" > comment thread 1VH (375) [11474-224476]	partial	src/components/social/feed/FeedCommentsDialog.tsx	/social	NOT MEASURED. Implemented and mounted, but no geometry / type ramp / colour was read off the node and compared to a rendered DOM at this width. `done` here was the pre-2026-08-26 verdict ("nobody spotted a difference"), which the tightened definition no longer admits. Prior note, kept because it is still true about what EXISTS: node 11474-224476. Comment thread on a text-only post. Reachable — SocialFeed.tsx wires onOpenComments to getComments to FeedCommentsDialog. Viewer-like state maps to null, not to the false socialFeedService stamps on every row.
Social - with "tweets" > comment thread 1VH (768) [11474-224727]	partial	src/components/social/feed/FeedCommentsDialog.tsx	/social	NOT MEASURED. Implemented and mounted, but no geometry / type ramp / colour was read off the node and compared to a rendered DOM at this width. `done` here was the pre-2026-08-26 verdict ("nobody spotted a difference"), which the tightened definition no longer admits. Prior note, kept because it is still true about what EXISTS: node 11474-224727.
Social - with "tweets" (375) [11474-226906]	partial	src/components/social/feed/PostCard.tsx	/social	NOT MEASURED. Implemented and mounted, but no geometry / type ramp / colour was read off the node and compared to a rendered DOM at this width. `done` here was the pre-2026-08-26 verdict ("nobody spotted a difference"), which the tightened definition no longer admits. Prior note, kept because it is still true about what EXISTS: node 11474-226906 (375x2894). Text-only post feed. PostCard renders caption-only posts; a null media omits the block rather than drawing an empty square.
Social - with "tweets" (768) [11474-227157]	partial	src/components/social/feed/PostCard.tsx	/social	NOT MEASURED. Implemented and mounted, but no geometry / type ramp / colour was read off the node and compared to a rendered DOM at this width. `done` here was the pre-2026-08-26 verdict ("nobody spotted a difference"), which the tightened definition no longer admits. Prior note, kept because it is still true about what EXISTS: node 11474-227157 (768x3615).
Social > Live > Sample stream (768) [11477-236128]	partial	src/components/streaming/IVSPlayer.tsx	/streaming/:streamId	NOT MEASURED. Implemented and mounted, but no geometry / type ramp / colour was read off the node and compared to a rendered DOM at this width. `done` here was the pre-2026-08-26 verdict ("nobody spotted a difference"), which the tightened definition no longer admits. Prior note, kept because it is still true about what EXISTS: node 11477-236128 (768x2036). Watch page.
Social > Live > Sample stream 1VH (768) [11477-238522]	partial	src/components/streaming/IVSPlayer.tsx	/streaming/:streamId	NOT MEASURED. Implemented and mounted, but no geometry / type ramp / colour was read off the node and compared to a rendered DOM at this width. `done` here was the pre-2026-08-26 verdict ("nobody spotted a difference"), which the tightened definition no longer admits. Prior note, kept because it is still true about what EXISTS: node 11477-238522.
Social > Live > Sample stream 1VH (768) [11477-240087]	partial	src/components/streaming/IVSPlayer.tsx	/streaming/:streamId	NOT MEASURED. Implemented and mounted, but no geometry / type ramp / colour was read off the node and compared to a rendered DOM at this width. `done` here was the pre-2026-08-26 verdict ("nobody spotted a difference"), which the tightened definition no longer admits. Prior note, kept because it is still true about what EXISTS: node 11477-240087.
Social > Live > Sample stream > Share stream 1VH (768) [11477-241691]	partial	src/components/streaming/StreamPanelFooter.tsx	/streaming/:streamId	NOT MEASURED. Implemented and mounted, but no geometry / type ramp / colour was read off the node and compared to a rendered DOM at this width. `done` here was the pre-2026-08-26 verdict ("nobody spotted a difference"), which the tightened definition no longer admits. Prior note, kept because it is still true about what EXISTS: node 11477-241691. ★ FIXED THIS LANE. See node 11477-243256.
Social > Live > Stream panel - followed (708x474) [11477-243256]	partial	src/components/streaming/StreamPanelFooter.tsx	/streaming/:streamId	NOT MEASURED. Implemented and mounted, but no geometry / type ramp / colour was read off the node and compared to a rendered DOM at this width. `done` here was the pre-2026-08-26 verdict ("nobody spotted a difference"), which the tightened definition no longer admits. Prior note, kept because it is still true about what EXISTS: node 11477-243256. ★ FIXED THIS LANE — MOUNTED at Streaming.tsx under the player. StreamPanelFooter was written 2026-08-20 against this exact node and 11529-293050 and had ZERO importers. It is the fix for the standing "no share control on a real IVS stream" gap (catalog node 10094-244396): IVSPlayer has no share affordance and the only other Share sits in the viewers rail, which defaults to chat.
Social > Live > Sample stream 1VH (768, tall) [11477-243654]	partial	src/components/streaming/IVSPlayer.tsx	/streaming/:streamId	NOT MEASURED. Implemented and mounted, but no geometry / type ramp / colour was read off the node and compared to a rendered DOM at this width. `done` here was the pre-2026-08-26 verdict ("nobody spotted a difference"), which the tightened definition no longer admits. Prior note, kept because it is still true about what EXISTS: node 11477-243654 (768x1417).
Social > Live > Go live 1VH (768) [11477-245788]	partial	src/components/streaming/LiveStreamsBrowser.tsx	/streaming	NOT MEASURED. Implemented and mounted, but no geometry / type ramp / colour was read off the node and compared to a rendered DOM at this width. `done` here was the pre-2026-08-26 verdict ("nobody spotted a difference"), which the tightened definition no longer admits. Prior note, kept because it is still true about what EXISTS: node 11477-245788. GoLiveModal is the entry; handleStartStream is the only reachable startStream caller in the app.
Social > Live > Go live > Terms and conditions - Agree (768) [11477-247744]	partial	src/components/legal/StreamingTermsGate.tsx	/streaming	NOT MEASURED. Implemented and mounted, but no geometry / type ramp / colour was read off the node and compared to a rendered DOM at this width. `done` here was the pre-2026-08-26 verdict ("nobody spotted a difference"), which the tightened definition no longer admits. Prior note, kept because it is still true about what EXISTS: node 11477-247744 (448x498). ★ FIXED THIS LANE — the md: half of the same modal. Copy transcribed verbatim into streamingTermsService.STREAMING_TERMS_SECTIONS with a doc_version stamp. ⚠️ ESCALATION: both frames say "the prohibitions outlined below" / "the following content are strictly prohibited" and NO LIST FOLLOWS, in either frame or in src/pages/help/Terms.tsx. Casey's copy call.
Social > Live > Go live > setup stream 1VH (768) [11477-247775]	partial	src/components/streaming/IVSBroadcasterV2.tsx	/streaming/:streamId	NOT MEASURED. Implemented and mounted, but no geometry / type ramp / colour was read off the node and compared to a rendered DOM at this width. `done` here was the pre-2026-08-26 verdict ("nobody spotted a difference"), which the tightened definition no longer admits. Prior note, kept because it is still true about what EXISTS: node 11477-247775. Auto-provisioned channel plus the Skai studio compositor.
Social > Live > Go live > setup stream > OBS 1VH (768) [11477-250868]	partial	src/components/streaming/IVSBroadcasterV2.tsx	/streaming/:streamId	NOT MEASURED. Implemented and mounted, but no geometry / type ramp / colour was read off the node and compared to a rendered DOM at this width. `done` here was the pre-2026-08-26 verdict ("nobody spotted a difference"), which the tightened definition no longer admits. Prior note, kept because it is still true about what EXISTS: node 11477-250868. Server URL, masked stream key with copy, step-by-step.
Social > Live > Go live > starting stream 1VH (768) [11477-252566]	partial	src/components/streaming/IVSBroadcasterV2.tsx	/streaming/:streamId	NOT MEASURED. Implemented and mounted, but no geometry / type ramp / colour was read off the node and compared to a rendered DOM at this width. `done` here was the pre-2026-08-26 verdict ("nobody spotted a difference"), which the tightened definition no longer admits. Prior note, kept because it is still true about what EXISTS: node 11477-252566. Guarded by a screen-or-camera-layer check.
Social > Live > Stream states - stream ended (676x392) [11477-254210]	partial	src/components/streaming/StreamEndedState.tsx	/streaming/:streamId	NOT MEASURED. Implemented and mounted, but no geometry / type ramp / colour was read off the node and compared to a rendered DOM at this width. `done` here was the pre-2026-08-26 verdict ("nobody spotted a difference"), which the tightened definition no longer admits. Prior note, kept because it is still true about what EXISTS: node 11477-254210. Mounted at Streaming.tsx:1080 on status === "ended".
Social > Live > Sample stream 1VH (375) [11481-261891]	partial	src/components/streaming/IVSPlayer.tsx	/streaming/:streamId	NOT MEASURED. Implemented and mounted, but no geometry / type ramp / colour was read off the node and compared to a rendered DOM at this width. `done` here was the pre-2026-08-26 verdict ("nobody spotted a difference"), which the tightened definition no longer admits. Prior note, kept because it is still true about what EXISTS: node 11481-261891.
Social > Live > Sample stream (375, tall) [11481-262931]	partial	src/components/streaming/IVSPlayer.tsx	/streaming/:streamId	NOT MEASURED. Implemented and mounted, but no geometry / type ramp / colour was read off the node and compared to a rendered DOM at this width. `done` here was the pre-2026-08-26 verdict ("nobody spotted a difference"), which the tightened definition no longer admits. Prior note, kept because it is still true about what EXISTS: node 11481-262931 (375x1628).
Social > Live > Sample stream 1VH (375) [11481-264273]	partial	src/components/streaming/IVSPlayer.tsx	/streaming/:streamId	NOT MEASURED. Implemented and mounted, but no geometry / type ramp / colour was read off the node and compared to a rendered DOM at this width. `done` here was the pre-2026-08-26 verdict ("nobody spotted a difference"), which the tightened definition no longer admits. Prior note, kept because it is still true about what EXISTS: node 11481-264273.
Social > Live > Sample stream > Share stream 1VH (375) [11481-265530]	partial	src/components/streaming/StreamPanelFooter.tsx	/streaming/:streamId	NOT MEASURED. Implemented and mounted, but no geometry / type ramp / colour was read off the node and compared to a rendered DOM at this width. `done` here was the pre-2026-08-26 verdict ("nobody spotted a difference"), which the tightened definition no longer admits. Prior note, kept because it is still true about what EXISTS: node 11481-265530. ★ FIXED THIS LANE. Two-row footer at 375: [Notify] on row 1, [Copy][Followed][Share] on row 2.
Social > Live > Sample stream (375) [11481-266994]	partial	src/components/streaming/IVSPlayer.tsx	/streaming/:streamId	NOT MEASURED. Implemented and mounted, but no geometry / type ramp / colour was read off the node and compared to a rendered DOM at this width. `done` here was the pre-2026-08-26 verdict ("nobody spotted a difference"), which the tightened definition no longer admits. Prior note, kept because it is still true about what EXISTS: node 11481-266994 (375x1243).
Social > Live > Go live > Terms and conditions - Agree (375) [11481-269077]	partial	src/components/legal/StreamingTermsGate.tsx	/streaming	NOT MEASURED. Implemented and mounted, but no geometry / type ramp / colour was read off the node and compared to a rendered DOM at this width. `done` here was the pre-2026-08-26 verdict ("nobody spotted a difference"), which the tightened definition no longer admits. Prior note, kept because it is still true about what EXISTS: node 11481-269077 (354x518). ★ FIXED THIS LANE — MOUNTED. The gate, its service, its migration and 34 tests were all written 2026-08-20 and imported by NOTHING for six days. The stated blocker (migration 20260820201500 unapplied, so every acceptance write failed) is CLEARED: probed at the object 2026-08-26, both the CHECK constraint and legal_acceptances_insert_own WITH CHECK carry 'streaming'. No
Social > Live > Go live 1VH (375) [11481-273266]	partial	src/components/streaming/LiveStreamsBrowser.tsx	/streaming	NOT MEASURED. Implemented and mounted, but no geometry / type ramp / colour was read off the node and compared to a rendered DOM at this width. `done` here was the pre-2026-08-26 verdict ("nobody spotted a difference"), which the tightened definition no longer admits. Prior note, kept because it is still true about what EXISTS: node 11481-273266.
Social > Live > Go live > setup stream 1VH (375) [11481-274581]	partial	src/components/streaming/IVSBroadcasterV2.tsx	/streaming/:streamId	NOT MEASURED. Implemented and mounted, but no geometry / type ramp / colour was read off the node and compared to a rendered DOM at this width. `done` here was the pre-2026-08-26 verdict ("nobody spotted a difference"), which the tightened definition no longer admits. Prior note, kept because it is still true about what EXISTS: node 11481-274581.
Social > Live > Go live > setup stream > OBS 1VH (375) [11481-277023]	partial	src/components/streaming/IVSBroadcasterV2.tsx	/streaming/:streamId	NOT MEASURED. Implemented and mounted, but no geometry / type ramp / colour was read off the node and compared to a rendered DOM at this width. `done` here was the pre-2026-08-26 verdict ("nobody spotted a difference"), which the tightened definition no longer admits. Prior note, kept because it is still true about what EXISTS: node 11481-277023.
Social > Live > Go live > starting stream 1VH (375) [11481-278244]	partial	src/components/streaming/IVSBroadcasterV2.tsx	/streaming/:streamId	NOT MEASURED. Implemented and mounted, but no geometry / type ramp / colour was read off the node and compared to a rendered DOM at this width. `done` here was the pre-2026-08-26 verdict ("nobody spotted a difference"), which the tightened definition no longer admits. Prior note, kept because it is still true about what EXISTS: node 11481-278244.
Social > Live > Stream states - stream ended (319x200) [11481-279749]	partial	src/components/streaming/StreamEndedState.tsx	/streaming/:streamId	NOT MEASURED. Implemented and mounted, but no geometry / type ramp / colour was read off the node and compared to a rendered DOM at this width. `done` here was the pre-2026-08-26 verdict ("nobody spotted a difference"), which the tightened definition no longer admits. Prior note, kept because it is still true about what EXISTS: node 11481-279749. Mobile cut.
Social > Groups - search 1VH (375) [11526-288877]	partial	src/pages/social/groups/GroupsSearchTable.tsx	/trading-groups	HALF-MEASURED. The frame side re-read 2026-08-26 and it supports the code: rows ARE collapsed at 375 (`Frame 1000003851` 319x50 carries visible=false, `Frame 1000003850` likewise), the row head is 319x34, and GroupsSearchTable.tsx:394 ships `h-[34px] w-[34px]` for the non-table leading rectangle against `h-[52px] w-[52px]` for the table. So the "34px avatar / 8px gap / inline tag" claim is not fabricated. ★ It is still not `done`, because the DOM half was never taken and cannot be here — /trading-groups paints only its sign-in arm in a dev session, so every one of this surface's verdicts rests on class strings read in jsdom, which computes no layout.
Social > Groups > Members - with requests (375) [11526-289885]	partial	src/components/social/JoinRequestList.tsx	/trading-groups/:groupId	NOT MEASURED. Implemented and mounted, but no geometry / type ramp / colour was read off the node and compared to a rendered DOM at this width. `done` here was the pre-2026-08-26 verdict ("nobody spotted a difference"), which the tightened definition no longer admits. ★ DOM SIDE BLOCKED: /trading-groups paints only its sign-in arm in a dev session, so the group detail route is unreachable. Prior note, kept because it is still true about what EXISTS: node 11526-289885 (343x670). Mobile cut of 11400-91347. Same components.
Social > Groups > Created (375) [11526-290070]	partial	src/pages/social/groups/GroupsSearchTable.tsx	/trading-groups	NOT MEASURED. Implemented and mounted, but no geometry / type ramp / colour was read off the node and compared to a rendered DOM at this width. `done` here was the pre-2026-08-26 verdict ("nobody spotted a difference"), which the tightened definition no longer admits. ★ DOM SIDE PARTIALLY BLOCKED: /trading-groups paints only its SIGN_IN_REQUIRED arm in a dev session ("Connect your wallet to browse groups"); GroupsSearchTable itself never mounts, so only its jsdom-testable class strings can be checked, not its rendered boxes. Prior note, kept because it is still true about what EXISTS: 375x812, the redraw already cited in GroupsSearchTable.tsx and named in SOCIAL_GROUPS_FRAME_FACTS as the frame that settles the "Token req." full stop.
Social > Groups > Discover 1VH (375) [11526-290354]	partial	src/pages/social/groups/GroupsSearchTable.tsx	/trading-groups	NOT MEASURED. Implemented and mounted, but no geometry / type ramp / colour was read off the node and compared to a rendered DOM at this width. `done` here was the pre-2026-08-26 verdict ("nobody spotted a difference"), which the tightened definition no longer admits. ★ DOM SIDE PARTIALLY BLOCKED: /trading-groups paints only its SIGN_IN_REQUIRED arm in a dev session ("Connect your wallet to browse groups"); GroupsSearchTable itself never mounts, so only its jsdom-testable class strings can be checked, not its rendered boxes. Prior note, kept because it is still true about what EXISTS: 375x812 viewport crop. Already cited in GroupsSearchTable.tsx, its responsive test and TradingGroups.tsx.
Social > Live 1VH (768) [11526-290681]	partial	src/components/streaming/LiveStreamsBrowser.tsx	/streaming	NOT MEASURED. Implemented and mounted, but no geometry / type ramp / colour was read off the node and compared to a rendered DOM at this width. `done` here was the pre-2026-08-26 verdict ("nobody spotted a difference"), which the tightened definition no longer admits. Prior note, kept because it is still true about what EXISTS: node 11526-290681.
Social > Live > Multi-panel - live chat - with rewards (708x436) [11529-292425]	partial	src/components/streaming/StreamRewardsTicker.tsx	/streaming/:streamId	NOT MEASURED. Implemented and mounted, but no geometry / type ramp / colour was read off the node and compared to a rendered DOM at this width. `done` here was the pre-2026-08-26 verdict ("nobody spotted a difference"), which the tightened definition no longer admits. Prior note, kept because it is still true about what EXISTS: node 11529-292425. Gift strip derived from the messages already in props (StreamChat.tsx:370) — no second read, no second rewards surface.
Social > Live > Multi-panel - live chat (708x396) [11529-292610]	partial	src/components/streaming/StreamChat.tsx	/streaming/:streamId	NOT MEASURED. Implemented and mounted, but no geometry / type ramp / colour was read off the node and compared to a rendered DOM at this width. `done` here was the pre-2026-08-26 verdict ("nobody spotted a difference"), which the tightened definition no longer admits. Prior note, kept because it is still true about what EXISTS: node 11529-292610. The base (no rewards) state. StreamRewardsTicker renders nothing when the derived event list is empty, so "with rewards" is a data state, not a variant.
Social > Live > Multi-panel - live chat > Gift streamer (708x662) [11529-292728]	partial	src/components/streaming/DonationPanel.tsx	/streaming/:streamId	NOT MEASURED. Implemented and mounted, but no geometry / type ramp / colour was read off the node and compared to a rendered DOM at this width. `done` here was the pre-2026-08-26 verdict ("nobody spotted a difference"), which the tightened definition no longer admits. Prior note, kept because it is still true about what EXISTS: node 11529-292728. The "Gift streamer" pill is a SLOT on StreamChat, not a built-in button, so it cannot exist without the real donation flow behind it. Wired at Streaming.tsx:855-861 and gated on settings.allow_donations.
Social > Live > Multi-panel - live chat (708x404) [11529-292890]	partial	src/components/streaming/StreamChat.tsx	/streaming/:streamId	NOT MEASURED. Implemented and mounted, but no geometry / type ramp / colour was read off the node and compared to a rendered DOM at this width. `done` here was the pre-2026-08-26 verdict ("nobody spotted a difference"), which the tightened definition no longer admits. Prior note, kept because it is still true about what EXISTS: node 11529-292890. Hovered-row action bar. React and Report render ONLY when a handler is supplied and nothing supplies one: stream_chat has no reactions column and moderation_cases is the Discord bot's action log. Correctly absent, not missing.
dropdown-creators [11529-293029]	partial	src/components/streaming/StreamPanelSwitcher.tsx	/streaming/:streamId	NOT MEASURED. Implemented and mounted, but no geometry / type ramp / colour was read off the node and compared to a rendered DOM at this width. `done` here was the pre-2026-08-26 verdict ("nobody spotted a difference"), which the tightened definition no longer admits. Prior note, kept because it is still true about what EXISTS: 220x160 768 redraw of the same mistitled stream-chat menu. Named in feedMenus.ts as explicitly NOT a creator menu.
Social > Live > Stream panel - followed (343x320) [11529-293050]	partial	src/components/streaming/StreamPanelFooter.tsx	/streaming/:streamId	NOT MEASURED. Implemented and mounted, but no geometry / type ramp / colour was read off the node and compared to a rendered DOM at this width. `done` here was the pre-2026-08-26 verdict ("nobody spotted a difference"), which the tightened definition no longer admits. Prior note, kept because it is still true about what EXISTS: node 11529-293050. ★ FIXED THIS LANE — the 375 layout StreamPanelFooter was measured against (footer 319x82, two rows: [Notify] on row 1, [Copy][Followed][Share] on row 2). Mounted with 11477-243256, Follow wired, Notify disabled with its own reason.
Social > Live > Multi-panel - live chat (343x414) [11529-293126]	partial	src/components/streaming/StreamChat.tsx	/streaming/:streamId	NOT MEASURED. Implemented and mounted, but no geometry / type ramp / colour was read off the node and compared to a rendered DOM at this width. `done` here was the pre-2026-08-26 verdict ("nobody spotted a difference"), which the tightened definition no longer admits. Prior note, kept because it is still true about what EXISTS: node 11529-293126. Mobile cut; the hovered-row action bar has no touch equivalent, which is the same class of gap as the Messages dropdown.
dropdown-creators [11529-293244]	partial	src/components/streaming/StreamPanelSwitcher.tsx	/streaming/:streamId	NOT MEASURED. Implemented and mounted, but no geometry / type ramp / colour was read off the node and compared to a rendered DOM at this width. `done` here was the pre-2026-08-26 verdict ("nobody spotted a difference"), which the tightened definition no longer admits. Prior note, kept because it is still true about what EXISTS: 200x160 375 redraw. Same correction.
Social > Live > Multi-panel - live chat (343x406) [11529-293265]	partial	src/components/streaming/StreamChat.tsx	/streaming/:streamId	NOT MEASURED. Implemented and mounted, but no geometry / type ramp / colour was read off the node and compared to a rendered DOM at this width. `done` here was the pre-2026-08-26 verdict ("nobody spotted a difference"), which the tightened definition no longer admits. Prior note, kept because it is still true about what EXISTS: node 11529-293265. Mobile base state.
Social > Live > Multi-panel - live chat - with rewards (343x446) [11529-293404]	partial	src/components/streaming/StreamRewardsTicker.tsx	/streaming/:streamId	NOT MEASURED. Implemented and mounted, but no geometry / type ramp / colour was read off the node and compared to a rendered DOM at this width. `done` here was the pre-2026-08-26 verdict ("nobody spotted a difference"), which the tightened definition no longer admits. Prior note, kept because it is still true about what EXISTS: node 11529-293404.
Social > Live > Multi-panel - live chat > Gift streamer (343x644) [11529-293522]	partial	src/components/streaming/DonationPanel.tsx	/streaming/:streamId	NOT MEASURED. Implemented and mounted, but no geometry / type ramp / colour was read off the node and compared to a rendered DOM at this width. `done` here was the pre-2026-08-26 verdict ("nobody spotted a difference"), which the tightened definition no longer admits. Prior note, kept because it is still true about what EXISTS: node 11529-293522. Mobile cut of the tip sheet.
Social > Live > Sample stream > Chat settings 1VH (768) [11529-293878]	partial	src/components/streaming/StreamChatSettingsPanel.tsx	/streaming/:streamId	NOT MEASURED. Implemented and mounted, but no geometry / type ramp / colour was read off the node and compared to a rendered DOM at this width. `done` here was the pre-2026-08-26 verdict ("nobody spotted a difference"), which the tightened definition no longer admits. Prior note, kept because it is still true about what EXISTS: node 11529-293878.
Social > Live > Sample stream > Chat settings 1VH (375) [11529-297447]	partial	src/components/streaming/StreamChatSettingsPanel.tsx	/streaming/:streamId	NOT MEASURED. Implemented and mounted, but no geometry / type ramp / colour was read off the node and compared to a rendered DOM at this width. `done` here was the pre-2026-08-26 verdict ("nobody spotted a difference"), which the tightened definition no longer admits. Prior note, kept because it is still true about what EXISTS: node 11529-297447.
Social > Live > Sample stream > Stream viewers (768) [11529-298704]	partial	src/components/streaming/StreamViewersPanel.tsx	/streaming/:streamId	NOT MEASURED. Implemented and mounted, but no geometry / type ramp / colour was read off the node and compared to a rendered DOM at this width. `done` here was the pre-2026-08-26 verdict ("nobody spotted a difference"), which the tightened definition no longer admits. Prior note, kept because it is still true about what EXISTS: node 11529-298704. useStreamViewers.ts distinguishes RLS-withheld rows from a genuinely empty list rather than showing 0.
Social > Live > Sample stream > Stream viewers (375) [11529-300393]	partial	src/components/streaming/StreamViewersPanel.tsx	/streaming/:streamId	NOT MEASURED. Implemented and mounted, but no geometry / type ramp / colour was read off the node and compared to a rendered DOM at this width. `done` here was the pre-2026-08-26 verdict ("nobody spotted a difference"), which the tightened definition no longer admits. Prior note, kept because it is still true about what EXISTS: node 11529-300393 (375x1220).
dropdown-post select [11530-302842]	partial	src/components/social/feed/feedMenus.ts	/social	MEASURED 2026-08-26 — the FRAME half only, and that half PASSES: 11530-302842 is 220x196, which is exactly what FEED_MENU_WIDTH.postSelect.tablet records. The 1440/768/375 triples I re-read live all match the code tables (post-select/posts/creators 250/220/200, time 140/120/120, main 200/180/160, row-menus 250/220/200). ★ But the module has NO consumer: FEED_MENU_WIDTH, feedMenuSize and all five build*Menu functions are imported ONLY by their own figma test and by the barrel, and SocialMenu.tsx has no JSX mount site outside socialRowMenus / CreatorTokensTab / SocialTridotsMenu — all themselves orphaned. So the width is measured against a panel that never renders. Cannot be `done`: there is no DOM side.
dropdown-post select [11530-302866]	partial	src/components/social/feed/feedMenus.ts	/social	MEASURED 2026-08-26 — the FRAME half only, and that half PASSES: 11530-302866 is 200x196, which is exactly what FEED_MENU_WIDTH.postSelect.mobile records. The 1440/768/375 triples I re-read live all match the code tables (post-select/posts/creators 250/220/200, time 140/120/120, main 200/180/160, row-menus 250/220/200). ★ But the module has NO consumer: FEED_MENU_WIDTH, feedMenuSize and all five build*Menu functions are imported ONLY by their own figma test and by the barrel, and SocialMenu.tsx has no JSX mount site outside socialRowMenus / CreatorTokensTab / SocialTridotsMenu — all themselves orphaned. So the width is measured against a panel that never renders. Cannot be `done`: there is no DOM side.
dropdown-time [11530-302910]	partial	src/components/social/feed/feedMenus.ts	/social	MEASURED 2026-08-26 — the FRAME half only, and that half PASSES: 11530-302910 is 120x224, which is exactly what FEED_MENU_WIDTH.time.tablet records. The 1440/768/375 triples I re-read live all match the code tables (post-select/posts/creators 250/220/200, time 140/120/120, main 200/180/160, row-menus 250/220/200). ★ But the module has NO consumer: FEED_MENU_WIDTH, feedMenuSize and all five build*Menu functions are imported ONLY by their own figma test and by the barrel, and SocialMenu.tsx has no JSX mount site outside socialRowMenus / CreatorTokensTab / SocialTridotsMenu — all themselves orphaned. So the width is measured against a panel that never renders. Cannot be `done`: there is no DOM side.
dropdown-time [11530-302923]	partial	src/components/social/feed/feedMenus.ts	/social	MEASURED 2026-08-26 — the FRAME half only, and that half PASSES: 11530-302923 is 120x212, which is exactly what FEED_MENU_WIDTH.time.mobile records. The 1440/768/375 triples I re-read live all match the code tables (post-select/posts/creators 250/220/200, time 140/120/120, main 200/180/160, row-menus 250/220/200). ★ But the module has NO consumer: FEED_MENU_WIDTH, feedMenuSize and all five build*Menu functions are imported ONLY by their own figma test and by the barrel, and SocialMenu.tsx has no JSX mount site outside socialRowMenus / CreatorTokensTab / SocialTridotsMenu — all themselves orphaned. So the width is measured against a panel that never renders. Cannot be `done`: there is no DOM side.
dropdown-main [11530-302936]	partial	src/components/social/feed/feedMenus.ts	/social	MEASURED 2026-08-26 — the FRAME half only, and that half PASSES: 11530-302936 is 180x116, which is exactly what FEED_MENU_WIDTH.main.tablet records. The 1440/768/375 triples I re-read live all match the code tables (post-select/posts/creators 250/220/200, time 140/120/120, main 200/180/160, row-menus 250/220/200). ★ But the module has NO consumer: FEED_MENU_WIDTH, feedMenuSize and all five build*Menu functions are imported ONLY by their own figma test and by the barrel, and SocialMenu.tsx has no JSX mount site outside socialRowMenus / CreatorTokensTab / SocialTridotsMenu — all themselves orphaned. So the width is measured against a panel that never renders. Cannot be `done`: there is no DOM side.
dropdown-main [11530-302943]	partial	src/components/social/feed/feedMenus.ts	/social	MEASURED 2026-08-26 — the FRAME half only, and that half PASSES: 11530-302943 is 160x110, which is exactly what FEED_MENU_WIDTH.main.mobile records. The 1440/768/375 triples I re-read live all match the code tables (post-select/posts/creators 250/220/200, time 140/120/120, main 200/180/160, row-menus 250/220/200). ★ But the module has NO consumer: FEED_MENU_WIDTH, feedMenuSize and all five build*Menu functions are imported ONLY by their own figma test and by the barrel, and SocialMenu.tsx has no JSX mount site outside socialRowMenus / CreatorTokensTab / SocialTridotsMenu — all themselves orphaned. So the width is measured against a panel that never renders. Cannot be `done`: there is no DOM side.
Social > CTA/button (125x46) [11530-302951]	furniture	-	-	FURNITURE, not `done`. 125x46 INSTANCE — a Directory banner / Breakpoint ruler / empty scaffolding frame / parked component INSTANCE. SCHEMA.md (revised 2026-08-26) gives furniture its own verdict and EXCLUDES it from the parity denominator, so calling it `done` inflated the completion percentage by counting nodes nobody owes code for. The prior notes stay accurate; only the verdict word changes. ★ IDENTIFIED BY ARTWORK, not by the "CTA/button" name: all three of these instances draw the label "Creators" plus a chevron — they are the Discover content-type TAB PILL (the trigger for dropdown-main: Creators / Posts / Favorites) at 1440 / 375 / 768 respectively, not a generic button and not the feed's "Create new" CTA, which is a separate 125x36 #56c7f3 pill inside the feed frames.
Social > CTA/button (125x44) [11530-302957]	furniture	-	-	FURNITURE, not `done`. 125x44 INSTANCE — a Directory banner / Breakpoint ruler / empty scaffolding frame / parked component INSTANCE. SCHEMA.md (revised 2026-08-26) gives furniture its own verdict and EXCLUDES it from the parity denominator, so calling it `done` inflated the completion percentage by counting nodes nobody owes code for. The prior notes stay accurate; only the verdict word changes. ★ IDENTIFIED BY ARTWORK, not by the "CTA/button" name: all three of these instances draw the label "Creators" plus a chevron — they are the Discover content-type TAB PILL (the trigger for dropdown-main: Creators / Posts / Favorites) at 1440 / 375 / 768 respectively, not a generic button and not the feed's "Create new" CTA, which is a separate 125x36 #56c7f3 pill inside the feed frames.
dropdown-creators [11530-303043]	partial	src/components/social/feed/feedMenus.ts	/discover	MEASURED 2026-08-26 — the FRAME half only, and that half PASSES: 11530-303043 is 220x160, which is exactly what FEED_MENU_WIDTH.creators.tablet records. The 1440/768/375 triples I re-read live all match the code tables (post-select/posts/creators 250/220/200, time 140/120/120, main 200/180/160, row-menus 250/220/200). ★ But the module has NO consumer: FEED_MENU_WIDTH, feedMenuSize and all five build*Menu functions are imported ONLY by their own figma test and by the barrel, and SocialMenu.tsx has no JSX mount site outside socialRowMenus / CreatorTokensTab / SocialTridotsMenu — all themselves orphaned. So the width is measured against a panel that never renders. Cannot be `done`: there is no DOM side.
dropdown-creators [11530-303066]	partial	src/components/social/feed/feedMenus.ts	/discover	MEASURED 2026-08-26 — the FRAME half only, and that half PASSES: 11530-303066 is 200x160, which is exactly what FEED_MENU_WIDTH.creators.mobile records. The 1440/768/375 triples I re-read live all match the code tables (post-select/posts/creators 250/220/200, time 140/120/120, main 200/180/160, row-menus 250/220/200). ★ But the module has NO consumer: FEED_MENU_WIDTH, feedMenuSize and all five build*Menu functions are imported ONLY by their own figma test and by the barrel, and SocialMenu.tsx has no JSX mount site outside socialRowMenus / CreatorTokensTab / SocialTridotsMenu — all themselves orphaned. So the width is measured against a panel that never renders. Cannot be `done`: there is no DOM side.
dropdown-posts [11530-303089]	partial	src/components/social/feed/feedMenus.ts	/social	MEASURED 2026-08-26 — the FRAME half only, and that half PASSES: 11530-303089 is 220x196, which is exactly what FEED_MENU_WIDTH.posts.tablet records. The 1440/768/375 triples I re-read live all match the code tables (post-select/posts/creators 250/220/200, time 140/120/120, main 200/180/160, row-menus 250/220/200). ★ But the module has NO consumer: FEED_MENU_WIDTH, feedMenuSize and all five build*Menu functions are imported ONLY by their own figma test and by the barrel, and SocialMenu.tsx has no JSX mount site outside socialRowMenus / CreatorTokensTab / SocialTridotsMenu — all themselves orphaned. So the width is measured against a panel that never renders. Cannot be `done`: there is no DOM side.
dropdown-posts [11530-303116]	partial	src/components/social/feed/feedMenus.ts	/social	MEASURED 2026-08-26 — the FRAME half only, and that half PASSES: 11530-303116 is 200x196, which is exactly what FEED_MENU_WIDTH.posts.mobile records. The 1440/768/375 triples I re-read live all match the code tables (post-select/posts/creators 250/220/200, time 140/120/120, main 200/180/160, row-menus 250/220/200). ★ But the module has NO consumer: FEED_MENU_WIDTH, feedMenuSize and all five build*Menu functions are imported ONLY by their own figma test and by the barrel, and SocialMenu.tsx has no JSX mount site outside socialRowMenus / CreatorTokensTab / SocialTridotsMenu — all themselves orphaned. So the width is measured against a panel that never renders. Cannot be `done`: there is no DOM side.
dropdown-tokens [11530-303143]	partial	src/components/social/menus/socialRowMenus.tsx	/discover	MEASURED 2026-08-26 — the FRAME half only, and that half PASSES: 11530-303143 is 220x160, which is exactly what SOCIAL_ROW_MENU_WIDTH.tablet records. The 1440/768/375 triples I re-read live all match the code tables (post-select/posts/creators 250/220/200, time 140/120/120, main 200/180/160, row-menus 250/220/200). ★ But the module has NO consumer: FEED_MENU_WIDTH, feedMenuSize and all five build*Menu functions are imported ONLY by their own figma test and by the barrel, and SocialMenu.tsx has no JSX mount site outside socialRowMenus / CreatorTokensTab / SocialTridotsMenu — all themselves orphaned. So the width is measured against a panel that never renders. Cannot be `done`: there is no DOM side.
dropdown-tokens [11530-303164]	partial	src/components/social/menus/socialRowMenus.tsx	/discover	MEASURED 2026-08-26 — the FRAME half only, and that half PASSES: 11530-303164 is 200x160, which is exactly what SOCIAL_ROW_MENU_WIDTH.mobile records. The 1440/768/375 triples I re-read live all match the code tables (post-select/posts/creators 250/220/200, time 140/120/120, main 200/180/160, row-menus 250/220/200). ★ But the module has NO consumer: FEED_MENU_WIDTH, feedMenuSize and all five build*Menu functions are imported ONLY by their own figma test and by the barrel, and SocialMenu.tsx has no JSX mount site outside socialRowMenus / CreatorTokensTab / SocialTridotsMenu — all themselves orphaned. So the width is measured against a panel that never renders. Cannot be `done`: there is no DOM side.
dropdown-balances [11530-303185]	partial	src/components/social/menus/socialRowMenus.tsx	/:username	MEASURED 2026-08-26 — the FRAME half only, and that half PASSES: 11530-303185 is 220x196, which is exactly what SOCIAL_ROW_MENU_WIDTH.tablet records. The 1440/768/375 triples I re-read live all match the code tables (post-select/posts/creators 250/220/200, time 140/120/120, main 200/180/160, row-menus 250/220/200). ★ But the module has NO consumer: FEED_MENU_WIDTH, feedMenuSize and all five build*Menu functions are imported ONLY by their own figma test and by the barrel, and SocialMenu.tsx has no JSX mount site outside socialRowMenus / CreatorTokensTab / SocialTridotsMenu — all themselves orphaned. So the width is measured against a panel that never renders. Cannot be `done`: there is no DOM side.
dropdown-tokens [11530-303208]	partial	src/components/social/menus/socialRowMenus.tsx	/:username	MEASURED 2026-08-26 — the FRAME half only, and that half PASSES: 11530-303208 is 220x160, which is exactly what SOCIAL_ROW_MENU_WIDTH.tablet records. The 1440/768/375 triples I re-read live all match the code tables (post-select/posts/creators 250/220/200, time 140/120/120, main 200/180/160, row-menus 250/220/200). ★ But the module has NO consumer: FEED_MENU_WIDTH, feedMenuSize and all five build*Menu functions are imported ONLY by their own figma test and by the barrel, and SocialMenu.tsx has no JSX mount site outside socialRowMenus / CreatorTokensTab / SocialTridotsMenu — all themselves orphaned. So the width is measured against a panel that never renders. Cannot be `done`: there is no DOM side.
dropdown-balances [11530-303236]	partial	src/components/social/menus/socialRowMenus.tsx	/:username	MEASURED 2026-08-26 — the FRAME half only, and that half PASSES: 11530-303236 is 200x196, which is exactly what SOCIAL_ROW_MENU_WIDTH.mobile records. The 1440/768/375 triples I re-read live all match the code tables (post-select/posts/creators 250/220/200, time 140/120/120, main 200/180/160, row-menus 250/220/200). ★ But the module has NO consumer: FEED_MENU_WIDTH, feedMenuSize and all five build*Menu functions are imported ONLY by their own figma test and by the barrel, and SocialMenu.tsx has no JSX mount site outside socialRowMenus / CreatorTokensTab / SocialTridotsMenu — all themselves orphaned. So the width is measured against a panel that never renders. Cannot be `done`: there is no DOM side.
dropdown-tokens [11530-303259]	partial	src/components/social/menus/socialRowMenus.tsx	/:username	MEASURED 2026-08-26 — the FRAME half only, and that half PASSES: 11530-303259 is 200x160, which is exactly what SOCIAL_ROW_MENU_WIDTH.mobile records. The 1440/768/375 triples I re-read live all match the code tables (post-select/posts/creators 250/220/200, time 140/120/120, main 200/180/160, row-menus 250/220/200). ★ But the module has NO consumer: FEED_MENU_WIDTH, feedMenuSize and all five build*Menu functions are imported ONLY by their own figma test and by the barrel, and SocialMenu.tsx has no JSX mount site outside socialRowMenus / CreatorTokensTab / SocialTridotsMenu — all themselves orphaned. So the width is measured against a panel that never renders. Cannot be `done`: there is no DOM side.
dropdown-followers/following [11530-303287]	partial	src/components/social/menus/socialRowMenus.tsx	/:username	MEASURED 2026-08-26 — the FRAME half only, and that half PASSES: 11530-303287 is 220x88, which is exactly what SOCIAL_ROW_MENU_WIDTH.tablet records. The 1440/768/375 triples I re-read live all match the code tables (post-select/posts/creators 250/220/200, time 140/120/120, main 200/180/160, row-menus 250/220/200). ★ But the module has NO consumer: FEED_MENU_WIDTH, feedMenuSize and all five build*Menu functions are imported ONLY by their own figma test and by the barrel, and SocialMenu.tsx has no JSX mount site outside socialRowMenus / CreatorTokensTab / SocialTridotsMenu — all themselves orphaned. So the width is measured against a panel that never renders. Cannot be `done`: there is no DOM side.
dropdown-followers/following [11530-303293]	partial	src/components/social/menus/socialRowMenus.tsx	/:username	MEASURED 2026-08-26 — the FRAME half only, and that half PASSES: 11530-303293 is 200x84, which is exactly what SOCIAL_ROW_MENU_WIDTH.mobile records. The 1440/768/375 triples I re-read live all match the code tables (post-select/posts/creators 250/220/200, time 140/120/120, main 200/180/160, row-menus 250/220/200). ★ But the module has NO consumer: FEED_MENU_WIDTH, feedMenuSize and all five build*Menu functions are imported ONLY by their own figma test and by the barrel, and SocialMenu.tsx has no JSX mount site outside socialRowMenus / CreatorTokensTab / SocialTridotsMenu — all themselves orphaned. So the width is measured against a panel that never renders. Cannot be `done`: there is no DOM side.
dropdown - tridots [11530-303299]	partial	src/components/social/SocialTridotsMenu.tsx	/messages	NOT MEASURABLE. src/components/social/SocialTridotsMenu.tsx has ZERO JSX mount sites outside its own orphan cluster (swept 2026-08-26: every `<Component` occurrence in a non-test .tsx), so nothing renders at any width and there is no DOM to compare. The prior `done` rested on "cited in <file>", which is a citation, not a measurement.
dropdown - tridots [11530-303318]	partial	src/components/social/SocialTridotsMenu.tsx	/messages	NOT MEASURABLE. src/components/social/SocialTridotsMenu.tsx has ZERO JSX mount sites outside its own orphan cluster (swept 2026-08-26: every `<Component` occurrence in a non-test .tsx), so nothing renders at any width and there is no DOM to compare. The prior `done` rested on "cited in <file>", which is a citation, not a measurement.
dropdown - tridots - reply [11530-303337]	partial	src/components/social/SocialTridotsMenu.tsx	/messages/:conversationId	NOT MEASURABLE. src/components/social/SocialTridotsMenu.tsx has ZERO JSX mount sites outside its own orphan cluster (swept 2026-08-26: every `<Component` occurrence in a non-test .tsx), so nothing renders at any width and there is no DOM to compare. The prior `done` rested on "cited in <file>", which is a citation, not a measurement.
dropdown - tridots - reply [11530-303366]	partial	src/components/social/SocialTridotsMenu.tsx	/messages/:conversationId	NOT MEASURABLE. src/components/social/SocialTridotsMenu.tsx has ZERO JSX mount sites outside its own orphan cluster (swept 2026-08-26: every `<Component` occurrence in a non-test .tsx), so nothing renders at any width and there is no DOM to compare. The prior `done` rested on "cited in <file>", which is a citation, not a measurement.
Social > Messages > attachment (375) [11530-303652]	partial	src/components/messages/MessageAttachmentTray.tsx	/messages/:conversationId	NOT MEASURED. Implemented and mounted, but no geometry / type ramp / colour was read off the node and compared to a rendered DOM at this width. `done` here was the pre-2026-08-26 verdict ("nobody spotted a difference"), which the tightened definition no longer admits. ★ AND THE DOM SIDE IS UNOBTAINABLE HERE: /messages never paints (stuck on "Connecting wallet", Messages.tsx:179 gates on a wallet connect the dev mock cannot complete), so a thread route cannot be reached either. Prior note, kept because it is still true about what EXISTS: 375x812 with the composer grown to 134 (Frame 464 at 359x118) for the attachment tray. Cited in MessageAttachmentTray.tsx, its figma test, and MessageInputArea.tsx.
Social > Messages > Sample Conversation > attachment 1VH [11530-303909]	partial	src/components/messages/MessageAttachmentTray.tsx	/messages/:conversationId	NOT MEASURED. Implemented and mounted, but no geometry / type ramp / colour was read off the node and compared to a rendered DOM at this width. `done` here was the pre-2026-08-26 verdict ("nobody spotted a difference"), which the tightened definition no longer admits. ★ AND THE DOM SIDE IS UNOBTAINABLE HERE: /messages never paints (stuck on "Connecting wallet", Messages.tsx:179 gates on a wallet connect the dev mock cannot complete), so a thread route cannot be reached either. Prior note, kept because it is still true about what EXISTS: node 11530-303909. ⚠️ TITLE LIES: titled (1440 x 900px), measures 768x1024. Trust the geometry. MessageAttachmentTray.tsx cites this node and has a figma test.
Social > Groups - search 1VH (768) [11530-304239]	partial	src/pages/social/groups/GroupsSearchTable.tsx	/trading-groups	NOT MEASURED. Implemented and mounted, but no geometry / type ramp / colour was read off the node and compared to a rendered DOM at this width. `done` here was the pre-2026-08-26 verdict ("nobody spotted a difference"), which the tightened definition no longer admits. ★ DOM SIDE PARTIALLY BLOCKED: /trading-groups paints only its SIGN_IN_REQUIRED arm in a dev session ("Connect your wallet to browse groups"); GroupsSearchTable itself never mounts, so only its jsdom-testable class strings can be checked, not its rendered boxes. Prior note, kept because it is still true about what EXISTS: node 11530-304239.
Directory [4914-113563]	furniture	-	-	FURNITURE, not `done`. 14513x352 FRAME (Directory banner) — a Directory banner / Breakpoint ruler / empty scaffolding frame / parked component INSTANCE. SCHEMA.md (revised 2026-08-26) gives furniture its own verdict and EXCLUDES it from the parity denominator, so calling it `done` inflated the completion percentage by counting nodes nobody owes code for. The prior notes stay accurate; only the verdict word changes.
Breakpoint [4914-113566]	furniture	-	-	FURNITURE, not `done`. 1450x164 FRAME (Breakpoint ruler) — a Directory banner / Breakpoint ruler / empty scaffolding frame / parked component INSTANCE. SCHEMA.md (revised 2026-08-26) gives furniture its own verdict and EXCLUDES it from the parity denominator, so calling it `done` inflated the completion percentage by counting nodes nobody owes code for. The prior notes stay accurate; only the verdict word changes.
Social > Live [4943-129014]	partial	src/components/streaming/LiveStreamsBrowser.tsx	/streaming	NOT MEASURED. Implemented and mounted, but no geometry / type ramp / colour was read off the node and compared to a rendered DOM at this width. `done` here was the pre-2026-08-26 verdict ("nobody spotted a difference"), which the tightened definition no longer admits. Prior note, kept because it is still true about what EXISTS: node 4943-129014. Full-height twin. The catalog called this "the single highest-leverage line in the section" because ~350KB of streaming components sat unreachable behind one isSuperAdmin check. That check is now flag-gated and the flag is on.
Social > Sample creator profile [4948-143477]	partial	src/pages/account/UserProfile.tsx	/:username	NOT MEASURED. Implemented and mounted, but no geometry / type ramp / colour was read off the node and compared to a rendered DOM at this width. `done` here was the pre-2026-08-26 verdict ("nobody spotted a difference"), which the tightened definition no longer admits. Prior note, kept because it is still true about what EXISTS: node 4948-143477 — 1VH crop of 4954-147061. Creator profile with avatar, Buy/Follow/Message/Block row, stats, Created tokens rail and a tab strip. Routed at App.tsx:1684; header plus stats grid UserProfile.tsx:1341-1420, tabs :1515-1792, profile fetched via getProfileByUsername (:273).
Social > Sample creator profile [4954-147061]	partial	src/pages/account/UserProfile.tsx	/:username	NOT MEASURED. Implemented and mounted, but no geometry / type ramp / colour was read off the node and compared to a rendered DOM at this width. `done` here was the pre-2026-08-26 verdict ("nobody spotted a difference"), which the tightened definition no longer admits. Prior note, kept because it is still true about what EXISTS: node 4954-147061 — full-height twin (1440x1539). Same page. Tab set differs from Figma: code has overview/activity/agents/trades/holdings/followers/groups, Figma draws Balances/Token/Creator overview/Groups/Posts.
Social > Sample creator profile > Creator overview [4972-150250]	partial	src/pages/account/UserProfile.tsx	/:username	NOT MEASURED. Implemented and mounted, but no geometry / type ramp / colour was read off the node and compared to a rendered DOM at this width. `done` here was the pre-2026-08-26 verdict ("nobody spotted a difference"), which the tightened definition no longer admits. Prior note, kept because it is still true about what EXISTS: node 4972-150250 — Creator overview tab. Implemented: trigger UserProfile.tsx:1523-1525, content :1552-1624 (volume, avg size, best, worst) with a NoData fallback at :1614-1620 and show_pnl masking at :1587 and :1605.
Social > Sample creator profile > Groups [4997-155172]	partial	src/pages/account/UserProfile.tsx	/:username	NOT MEASURED. Implemented and mounted, but no geometry / type ramp / colour was read off the node and compared to a rendered DOM at this width. `done` here was the pre-2026-08-26 verdict ("nobody spotted a difference"), which the tightened definition no longer admits. Prior note, kept because it is still true about what EXISTS: node 4997-155172 — Groups tab. Trigger UserProfile.tsx:1547-1549, content :1720-1791 from data.tradingGroups.
Directory [4998-155878]	furniture	-	-	FURNITURE, not `done`. 12598x352 FRAME (Directory banner) — a Directory banner / Breakpoint ruler / empty scaffolding frame / parked component INSTANCE. SCHEMA.md (revised 2026-08-26) gives furniture its own verdict and EXCLUDES it from the parity denominator, so calling it `done` inflated the completion percentage by counting nodes nobody owes code for. The prior notes stay accurate; only the verdict word changes.
Social > Live [4998-155882]	partial	src/components/streaming/LiveStreamsBrowser.tsx	/streaming	NOT MEASURED. Implemented and mounted, but no geometry / type ramp / colour was read off the node and compared to a rendered DOM at this width. `done` here was the pre-2026-08-26 verdict ("nobody spotted a difference"), which the tightened definition no longer admits. Prior note, kept because it is still true about what EXISTS: node 4998-155882. SUPER-ADMIN GATE IS GONE. Streaming.tsx:814 now reads `!isSuperAdmin && !isFeatureEnabled("STREAMING_PUBLIC")`, and the STREAMING_PUBLIC feature_flags row is enabled=true at rollout 100 in prod since 2026-08-13. Normal users reach streaming today.
Breakpoint [4998-156746]	furniture	-	-	FURNITURE, not `done`. 1450x164 FRAME (Breakpoint ruler) — a Directory banner / Breakpoint ruler / empty scaffolding frame / parked component INSTANCE. SCHEMA.md (revised 2026-08-26) gives furniture its own verdict and EXCLUDES it from the parity denominator, so calling it `done` inflated the completion percentage by counting nodes nobody owes code for. The prior notes stay accurate; only the verdict word changes.
Social > Live > Stream type modal > Sample stream [5000-158255]	partial	src/components/streaming/IVSPlayer.tsx	/streaming/:streamId	NOT MEASURED. Implemented and mounted, but no geometry / type ramp / colour was read off the node and compared to a rendered DOM at this width. `done` here was the pre-2026-08-26 verdict ("nobody spotted a difference"), which the tightened definition no longer admits. Prior note, kept because it is still true about what EXISTS: node 5000-158255. Stream watch page, now reachable by normal users.
Multi-panel - live chat [5000-162336]	partial	src/components/streaming/StreamChat.tsx	/streaming/:streamId	NOT MEASURED. Implemented and mounted, but no geometry / type ramp / colour was read off the node and compared to a rendered DOM at this width. `done` here was the pre-2026-08-26 verdict ("nobody spotted a difference"), which the tightened definition no longer admits. Prior note, kept because it is still true about what EXISTS: 313x662 — a second instance of the same rail, byte-identical text to 5025-182851. Same component, no additional work.
Social > Live > Stream type modal > Sample stream [5000-163464]	partial	src/components/streaming/IVSPlayer.tsx	/streaming/:streamId	NOT MEASURED. Implemented and mounted, but no geometry / type ramp / colour was read off the node and compared to a rendered DOM at this width. `done` here was the pre-2026-08-26 verdict ("nobody spotted a difference"), which the tightened definition no longer admits. Prior note, kept because it is still true about what EXISTS: node 5000-163464. Full-height frame of the same watch page.
Stream panel - followed [5010-179221]	partial	src/components/streaming/StreamPanelFooter.tsx	/streaming/:streamId	NOT MEASURED. Implemented and mounted, but no geometry / type ramp / colour was read off the node and compared to a rendered DOM at this width. `done` here was the pre-2026-08-26 verdict ("nobody spotted a difference"), which the tightened definition no longer admits. Prior note, kept because it is still true about what EXISTS: 1047x661 watch-page header in the FOLLOWED state: title, LIVE, viewer count, elapsed, "Notify me", "Followed", "Share live". StreamPanelFooter.tsx builds exactly this row and documents why the label is "Follow" until the read confirms otherwise.
Multi-panel - live chat [5025-182851]	partial	src/components/streaming/StreamChat.tsx	/streaming/:streamId	NOT MEASURED. Implemented and mounted, but no geometry / type ramp / colour was read off the node and compared to a rendered DOM at this width. `done` here was the pre-2026-08-26 verdict ("nobody spotted a difference"), which the tightened definition no longer admits. Prior note, kept because it is still true about what EXISTS: 313x662 chat rail: "Live chat" title, "Gift streamer" pill, timestamped messages. Built — StreamChat.tsx plus DonationPanel.tsx (which owns GIFT_STREAMER_LABEL and cites the pill).
Multi-panel - live chat - with rewards [5026-183371]	partial	src/components/streaming/StreamRewardsTicker.tsx	/streaming/:streamId	NOT MEASURED. Implemented and mounted, but no geometry / type ramp / colour was read off the node and compared to a rendered DOM at this width. `done` here was the pre-2026-08-26 verdict ("nobody spotted a difference"), which the tightened definition no longer admits. Prior note, kept because it is still true about what EXISTS: 313x662, same rail with a reward ticker above the messages (@AlmedoJay +$415, @GreenJee7 +$10). StreamRewardsTicker.tsx exists for this.
Social [5100-183573]	partial	src/pages/social/SocialFeed.tsx	/social	MEASURED 2026-08-26 at 1440 on the live dev DOM, and the prior `done` FAILS on the header. Heading "Discover" node 10235:203179 is Manrope **Light 32/36 #ffffff**; the DOM renders **Cormorant Garamond 500, 30/36, #e0e0e0** — wrong family, wrong weight, wrong size, wrong colour. CTA "Create new" I10235:203182 sits in a 125x36 pill filled **#56c7f3**; the DOM renders 125x36 (geometry MATCHES) filled **#2CEDAC**. The colour miss is the documented `sky-blue`-token-is-green gotcha (token value swapped to Alien Green, name kept), i.e. app-wide and already ruled on — ESCALATED, not fixed here. The serif heading is likewise a global brand choice, not a Social defect.
Social [5101-186045]	partial	src/pages/social/SocialFeed.tsx	/social	Full-height twin of 5100-183573; inherits the same two measured header misses (Cormorant Garamond 30/36 vs Manrope Light 32/36; CTA #2CEDAC vs #56c7f3). The feed BODY could not be measured at all: /social renders the empty arm ("Nothing posted yet") because the indexer returns no posts to this session, and the frame draws a populated feed. Empty is the honest arm — but it is not the artwork.
Social > Discover [5111-190017]	partial	src/pages/social/Discover.tsx	/discover	NOT MEASURED. Implemented and mounted, but no geometry / type ramp / colour was read off the node and compared to a rendered DOM at this width. `done` here was the pre-2026-08-26 verdict ("nobody spotted a difference"), which the tightened definition no longer admits. Prior note, kept because it is still true about what EXISTS: node 5111-190017. Creators-empty implemented at Discover.tsx:351 with distinct search-empty and fetch-error arms. CATALOG CAVEAT IS NOW STALE: socialTokenService.ts:28 sets INDEXER_URL from SKAI_INDEXER_URL (real default host), not the `?? ''` the note cites, so the false "create your token" banner is fixed.
Social > Sample creator profile > Following [5118-200749]	partial	src/components/social/FollowersModal.tsx	/:username	NOT MEASURED. Implemented and mounted, but no geometry / type ramp / colour was read off the node and compared to a rendered DOM at this width. `done` here was the pre-2026-08-26 verdict ("nobody spotted a difference"), which the tightened definition no longer admits. Prior note, kept because it is still true about what EXISTS: node 5118-200749 — Following modal. Same component driven by the initialTab prop (:1801) off followersModalTab state (:238-240), set to "following" at :1405.
Social > Sample creator profile > Followers [5120-201706]	partial	src/components/social/FollowersModal.tsx	/:username	NOT MEASURED. Implemented and mounted, but no geometry / type ramp / colour was read off the node and compared to a rendered DOM at this width. `done` here was the pre-2026-08-26 verdict ("nobody spotted a difference"), which the tightened definition no longer admits. Prior note, kept because it is still true about what EXISTS: node 5120-201706 — Followers modal. MOUNTED, not orphaned: imported UserProfile.tsx:89, rendered :1796-1803, with three triggers (stat card :1353-1356, following stat card :1404-1407, followers-tab button :1692-1695).
Directory [5152-203831]	furniture	-	-	FURNITURE, not `done`. 9149x352 FRAME (Directory banner) — a Directory banner / Breakpoint ruler / empty scaffolding frame / parked component INSTANCE. SCHEMA.md (revised 2026-08-26) gives furniture its own verdict and EXCLUDES it from the parity denominator, so calling it `done` inflated the completion percentage by counting nodes nobody owes code for. The prior notes stay accurate; only the verdict word changes.
Breakpoint [5152-203835]	furniture	-	-	FURNITURE, not `done`. 1450x164 FRAME (Breakpoint ruler) — a Directory banner / Breakpoint ruler / empty scaffolding frame / parked component INSTANCE. SCHEMA.md (revised 2026-08-26) gives furniture its own verdict and EXCLUDES it from the parity denominator, so calling it `done` inflated the completion percentage by counting nodes nobody owes code for. The prior notes stay accurate; only the verdict word changes.
Social > Messages [5152-203838]	frame-defect	src/pages/social/Messages.tsx	/messages	FRAME DEFECT — draws a VISIBLE "end-to-end encrypted" claim at node 5153:205029. We do not perform E2E encryption: the message key is PBKDF2 over two PUBLIC wallet addresses plus a salt shipped in our own bundle. Building this frame as drawn ships a false security claim. ★ The wave brief named ONE such frame (11341-86042); a text sweep of all 442 page children on 2026-08-26 found EIGHT visible ones — 5152:203838, 5153:206244, 5164:266951, 5198:9151, 11341:85236, 11341:86042, 11387:74491, 11387:74801 — plus a ninth (5164:267630) where the claim is hidden="true" and so is not a defect. Code is correct and stays correct.
Social > Messages > Sample Conversation [5153-205032]	partial	src/pages/social/messages/MessageThread.tsx	/messages/:conversationId	NOT MEASURED. Implemented and mounted, but no geometry / type ramp / colour was read off the node and compared to a rendered DOM at this width. `done` here was the pre-2026-08-26 verdict ("nobody spotted a difference"), which the tightened definition no longer admits. ★ AND THE DOM SIDE IS UNOBTAINABLE HERE: /messages never paints (stuck on "Connecting wallet", Messages.tsx:179 gates on a wallet connect the dev mock cannot complete), so a thread route cannot be reached either. Prior note, kept because it is still true about what EXISTS: node 5153-205032 — conversation thread. MessageThread.tsx:269-337 renders MessageBubble; header ConversationHeader.tsx; composer MessageInputArea.tsx, all mounted from Messages.tsx.
Social > Messages [5153-206244]	frame-defect	src/pages/social/Messages.tsx	/messages	FRAME DEFECT — draws a VISIBLE "end-to-end encrypted" claim at node 5153:206420. We do not perform E2E encryption: the message key is PBKDF2 over two PUBLIC wallet addresses plus a salt shipped in our own bundle. Building this frame as drawn ships a false security claim. ★ The wave brief named ONE such frame (11341-86042); a text sweep of all 442 page children on 2026-08-26 found EIGHT visible ones — 5152:203838, 5153:206244, 5164:266951, 5198:9151, 11341:85236, 11341:86042, 11387:74491, 11387:74801 — plus a ninth (5164:267630) where the claim is hidden="true" and so is not a defect. Code is correct and stays correct.
Social > Messages [5154-206768]	partial	src/pages/social/Messages.tsx	/messages	NOT MEASURED. Implemented and mounted, but no geometry / type ramp / colour was read off the node and compared to a rendered DOM at this width. `done` here was the pre-2026-08-26 verdict ("nobody spotted a difference"), which the tightened definition no longer admits. ★ AND THE DOM SIDE IS UNOBTAINABLE HERE: /messages never paints. Probed 2026-08-26 at 375, 768 and 1440 in a signed-in dev session with 60s of waiting — it stays on "Connecting wallet" with 20 live [role=status] spinners and 348 nodes of app shell, because Messages.tsx:179 gates the whole surface on a wallet connection the dev mock wallet cannot complete. So NO ONE in any wave has compared a Messages frame to a rendered DOM, which is exactly how these rows came to say `done` off citations. Prior note, kept because it is still true about what EXISTS: node 5154-206768 — full-height Messages with a sample conversation (1440x1842). Two-column layout at Messages.tsx:205-381. Backing tables are real: conversations, conversation_participants (NOT conversation_members), messages, message_requests, pinned_messages, archived_messages; 28 migrations touch them.
Social > Messages > Sample Conversation > Groups [5164-266951]	frame-defect	src/pages/social/messages/ConversationList.tsx	/messages	FRAME DEFECT — draws a VISIBLE "end-to-end encrypted" claim at node 5164:267539. We do not perform E2E encryption: the message key is PBKDF2 over two PUBLIC wallet addresses plus a salt shipped in our own bundle. Building this frame as drawn ships a false security claim. ★ The wave brief named ONE such frame (11341-86042); a text sweep of all 442 page children on 2026-08-26 found EIGHT visible ones — 5152:203838, 5153:206244, 5164:266951, 5198:9151, 11341:85236, 11341:86042, 11387:74491, 11387:74801 — plus a ninth (5164:267630) where the claim is hidden="true" and so is not a defect. Code is correct and stays correct.
Social > Messages > Sample Conversation > Message requests [5164-267630]	partial	src/components/messaging/MessageRequestsInbox.tsx	/messages	NOT MEASURABLE. src/components/messaging/MessageRequestsInbox.tsx has ZERO JSX mount sites outside its own orphan cluster (swept 2026-08-26: every `<Component` occurrence in a non-test .tsx), so nothing renders at any width and there is no DOM to compare. The prior `done` rested on "cited in <file>", which is a citation, not a measurement.
Social > Messages > Sample Conversation > Chat settings [5165-269440]	partial	src/components/messages/MessagingSettingsSheet.tsx	/messages	NOT MEASURED. Implemented and mounted, but no geometry / type ramp / colour was read off the node and compared to a rendered DOM at this width. `done` here was the pre-2026-08-26 verdict ("nobody spotted a difference"), which the tightened definition no longer admits. ★ AND THE DOM SIDE IS UNOBTAINABLE HERE: /messages never paints. Probed 2026-08-26 at 375, 768 and 1440 in a signed-in dev session with 60s of waiting — it stays on "Connecting wallet" with 20 live [role=status] spinners and 348 nodes of app shell, because Messages.tsx:179 gates the whole surface on a wallet connection the dev mock wallet cannot complete. So NO ONE in any wave has compared a Messages frame to a rendered DOM, which is exactly how these rows came to say `done` off citations. Prior note, kept because it is still true about what EXISTS: node 5165-269440 — chat settings. MessagingSettingsSheet (who-can-message, requests, auto-accept, push/email, read receipts, online status) mounted at MessageDialogs.tsx:155-159, opened from the gear at ConversationList.tsx:159-165. Group-level settings via GroupSettingsSheet at MessageDialogs.tsx:498-529.
Social > Messages > Sample Conversation > Message requests > Sample message [5171-270124]	partial	src/components/messaging/MessageRequestsSurface.tsx	/messages	NOT MEASURED. Implemented and mounted, but no geometry / type ramp / colour was read off the node and compared to a rendered DOM at this width. `done` here was the pre-2026-08-26 verdict ("nobody spotted a difference"), which the tightened definition no longer admits. ★ AND THE DOM SIDE IS UNOBTAINABLE HERE: /messages never paints. Probed 2026-08-26 at 375, 768 and 1440 in a signed-in dev session with 60s of waiting — it stays on "Connecting wallet" with 20 live [role=status] spinners and 348 nodes of app shell, because Messages.tsx:179 gates the whole surface on a wallet connection the dev mock wallet cannot complete. So NO ONE in any wave has compared a Messages frame to a rendered DOM, which is exactly how these rows came to say `done` off citations. Prior note, kept because it is still true about what EXISTS: node 5171-270124. A dedicated list-plus-detail surface now exists and is the one mounted (MessageDialogs.tsx:144-161). Accept and Delete are wired; Block renders explicitly disabled because no block writer exists. MessageRequestsInbox.tsx survives as an unmounted one-line revert path.
Directory [5177-270737]	furniture	-	-	FURNITURE, not `done`. 8325x352 FRAME (Directory banner) — a Directory banner / Breakpoint ruler / empty scaffolding frame / parked component INSTANCE. SCHEMA.md (revised 2026-08-26) gives furniture its own verdict and EXCLUDES it from the parity denominator, so calling it `done` inflated the completion percentage by counting nodes nobody owes code for. The prior notes stay accurate; only the verdict word changes.
Breakpoint [5177-270741]	furniture	-	-	FURNITURE, not `done`. 1450x164 FRAME (Breakpoint ruler) — a Directory banner / Breakpoint ruler / empty scaffolding frame / parked component INSTANCE. SCHEMA.md (revised 2026-08-26) gives furniture its own verdict and EXCLUDES it from the parity denominator, so calling it `done` inflated the completion percentage by counting nodes nobody owes code for. The prior notes stay accurate; only the verdict word changes.
Social > Groups [5194-270743]	partial	src/pages/social/TradingGroups.tsx	/trading-groups	NOT MEASURED. Implemented and mounted, but no geometry / type ramp / colour was read off the node and compared to a rendered DOM at this width. `done` here was the pre-2026-08-26 verdict ("nobody spotted a difference"), which the tightened definition no longer admits. ★ DOM SIDE PARTIALLY BLOCKED: /trading-groups paints only its SIGN_IN_REQUIRED arm in a dev session ("Connect your wallet to browse groups"); GroupsSearchTable itself never mounts, so only its jsdom-testable class strings can be checked, not its rendered boxes. Prior note, kept because it is still true about what EXISTS: node 5194-270743. BLOCKING GATE FIXED: TradingGroups.tsx:106 SIGN_IN_REQUIRED replaces the endless skeleton a logged-out visitor used to see. Standing trap, not a defect: list_trading_groups is not granted to anon, so a signed-out viewer legitimately sees none while 20 active groups exist.
Social [5194-271601]	partial	src/components/social/feed/PostCard.tsx	/social	NOT MEASURED. Implemented and mounted, but no geometry / type ramp / colour was read off the node and compared to a rendered DOM at this width. `done` here was the pre-2026-08-26 verdict ("nobody spotted a difference"), which the tightened definition no longer admits. Prior note, kept because it is still true about what EXISTS: node 5194-271601. Text-only post variant. PostCard renders caption-only posts; media null omits the block rather than drawing an empty square.
Social > Groups [5198-47082]	done	src/pages/social/groups/GroupsSearchTable.tsx	/trading-groups	MEASURED 2026-08-26 at 1440. Node vs DOM contract: body `Frame 301` 5198:47869 = 1144x620, inset 8/8/8/8 -> EMPTY_PANEL_MIN_H_PX.table = 620. Block `middle` 5198:47873 330x118, gap 24; `description` 5198:47874 gap 4. Headline 5198:47875 "No groups to show" 18/24 #ffffff -> text-[18px] leading-6. Sentence 5198:47876 12/16 #95a09f wrapped at 214 -> text-[12px] leading-4 w-[214px]. CTA 5198:47879 161x34 r8 -> h-[34px] w-[161px] rounded-[8px]. All six agree. ⚠️ FRAME CARRIES A DEFECT that is correctly NOT built: `Frame 297` 5198:47880 is the visible vault line "Add SKAI from your wallet to your vault to earn interest and play games." — not groups copy.
Social > Groups [5198-47891]	partial	src/pages/social/groups/GroupsSearchTable.tsx	/trading-groups	NOT MEASURED. Implemented and mounted, but no geometry / type ramp / colour was read off the node and compared to a rendered DOM at this width. `done` here was the pre-2026-08-26 verdict ("nobody spotted a difference"), which the tightened definition no longer admits. ★ DOM SIDE PARTIALLY BLOCKED: /trading-groups paints only its SIGN_IN_REQUIRED arm in a dev session ("Connect your wallet to browse groups"); GroupsSearchTable itself never mounts, so only its jsdom-testable class strings can be checked, not its rendered boxes. Prior note, kept because it is still true about what EXISTS: node 5198-47891. Discover tab, now rendered through the dedicated GroupsSearchTable (32KB, built 08-26) and backed by discoverEligibleGroups with token-holding eligibility.
Social > Groups [5198-50314]	partial	src/pages/social/TradingGroups.tsx	/trading-groups	NOT MEASURED. Implemented and mounted, but no geometry / type ramp / colour was read off the node and compared to a rendered DOM at this width. `done` here was the pre-2026-08-26 verdict ("nobody spotted a difference"), which the tightened definition no longer admits. ★ DOM SIDE PARTIALLY BLOCKED: /trading-groups paints only its SIGN_IN_REQUIRED arm in a dev session ("Connect your wallet to browse groups"); GroupsSearchTable itself never mounts, so only its jsdom-testable class strings can be checked, not its rendered boxes. Prior note, kept because it is still true about what EXISTS: node 5198-50314. "Created" tab NOW EXISTS. TradingGroups.tsx:591 builds createdGroups by filtering memberships to my_role === 'owner', documented at :25. The catalog's "no created-by-me view exists" is stale.
Social > Groups [5198-62746]	partial	src/components/social/GroupFormSheet.tsx	/trading-groups	NOT MEASURED. Implemented and mounted, but no geometry / type ramp / colour was read off the node and compared to a rendered DOM at this width. `done` here was the pre-2026-08-26 verdict ("nobody spotted a difference"), which the tightened definition no longer admits. ★ DOM SIDE PARTIALLY BLOCKED: /trading-groups paints only its SIGN_IN_REQUIRED arm in a dev session ("Connect your wallet to browse groups"); GroupsSearchTable itself never mounts, so only its jsdom-testable class strings can be checked, not its rendered boxes. Prior note, kept because it is still true about what EXISTS: node 5198-62746. Create group. CATALOG PATH IS STALE: CreateTradingGroupDialog.tsx is now a 2.5KB shim; the real form is GroupFormSheet.tsx (22KB).
Right menu [5198-63614]	partial	src/components/social/SocialRightMenu.tsx	/trading-groups	NOT MEASURABLE. src/components/social/SocialRightMenu.tsx has ZERO JSX mount sites outside its own orphan cluster (swept 2026-08-26: every `<Component` occurrence in a non-test .tsx), so nothing renders at any width and there is no DOM to compare. The prior `done` rested on "cited in <file>", which is a citation, not a measurement.
Right menu - token gated + rules [5198-63742]	partial	src/components/social/SocialRightMenu.tsx	/trading-groups	NOT MEASURABLE. src/components/social/SocialRightMenu.tsx has ZERO JSX mount sites outside its own orphan cluster (swept 2026-08-26: every `<Component` occurrence in a non-test .tsx), so nothing renders at any width and there is no DOM to compare. The prior `done` rested on "cited in <file>", which is a citation, not a measurement.
Social > Groups [5202-63932]	partial	src/components/social/TradingGroupProfile.tsx	/trading-groups/:groupId	NOT MEASURED. Implemented and mounted, but no geometry / type ramp / colour was read off the node and compared to a rendered DOM at this width. `done` here was the pre-2026-08-26 verdict ("nobody spotted a difference"), which the tightened definition no longer admits. ★ DOM SIDE BLOCKED: /trading-groups paints only its sign-in arm in a dev session, so the group detail route is unreachable. Prior note, kept because it is still true about what EXISTS: node 5202-63932. Statistics tab. NO-MOCK-DATA VIOLATION REMOVED: the hardcoded 68% / $1.2M / 24 literals the catalog flagged are gone, with the reasoning recorded at TradingGroupProfile.tsx:839-843.
Social > Groups [5203-64550]	partial	src/components/social/MemberList.tsx	/trading-groups/:groupId	NOT MEASURED. Implemented and mounted, but no geometry / type ramp / colour was read off the node and compared to a rendered DOM at this width. `done` here was the pre-2026-08-26 verdict ("nobody spotted a difference"), which the tightened definition no longer admits. ★ DOM SIDE BLOCKED: /trading-groups paints only its sign-in arm in a dev session, so the group detail route is unreachable. Prior note, kept because it is still true about what EXISTS: node 5203-64550. "Member list coming soon" is gone. The orphaned 217-line MemberList the catalog spotted as FREE VALUE is now mounted at TradingGroupProfile.tsx:965, and member counts render an em dash rather than a fabricated 0.
Social > Groups [5204-65392]	partial	src/components/social/TradingGroupProfile.tsx	/trading-groups/:groupId	NOT MEASURED. Implemented and mounted, but no geometry / type ramp / colour was read off the node and compared to a rendered DOM at this width. `done` here was the pre-2026-08-26 verdict ("nobody spotted a difference"), which the tightened definition no longer admits. ★ DOM SIDE BLOCKED: /trading-groups paints only its sign-in arm in a dev session, so the group detail route is unreachable. Prior note, kept because it is still true about what EXISTS: node 5204-65392. Rules tab plus owner/admin chrome. DEAD CONTROL FIXED: the leave-group button had no onClick and was labelled "Log out" (a screen reader announced it as app sign-out); handleLeave now exists at :446 and is wired at :712.
Members - block/remove [5206-31322]	partial	src/components/social/MemberList.tsx	/trading-groups/:groupId	NOT MEASURED. Implemented and mounted, but no geometry / type ramp / colour was read off the node and compared to a rendered DOM at this width. `done` here was the pre-2026-08-26 verdict ("nobody spotted a difference"), which the tightened definition no longer admits. ★ DOM SIDE BLOCKED: /trading-groups paints only its sign-in arm in a dev session, so the group detail route is unreachable. Prior note, kept because it is still true about what EXISTS: 761x928 Members tab with per-row Block and Remove. MemberList.tsx was extended for exactly this on 2026-08-26 (MemberList.roster-controls.test.tsx). ⚠️ ACTIVE PEER EDIT — MemberList.tsx changed at 08:56 today; assessed only, not touched.
sidebar - open discover [5207-42693]	partial	src/components/social/SocialSidebar.tsx	-	NOT MEASURABLE. src/components/social/SocialSidebar.tsx has ZERO JSX mount sites outside its own orphan cluster (swept 2026-08-26: every `<Component` occurrence in a non-test .tsx), so nothing renders at any width and there is no DOM to compare. The prior `done` rested on "cited in <file>", which is a citation, not a measurement.
card [5443-82417]	furniture	-	-	FURNITURE, not `done`. 796x224 FRAME with ZERO text nodes — a Directory banner / Breakpoint ruler / empty scaffolding frame / parked component INSTANCE. SCHEMA.md (revised 2026-08-26) gives furniture its own verdict and EXCLUDES it from the parity denominator, so calling it `done` inflated the completion percentage by counting nodes nobody owes code for. The prior notes stay accurate; only the verdict word changes.
dropdown-posts [9626-208767]	partial	src/components/social/SocialMenu.tsx	/social	MEASURED 2026-08-26 — the FRAME half only, and that half PASSES: 9626-208767 is 250x206, which is exactly what FEED_MENU_WIDTH.posts.desktop records. The 1440/768/375 triples I re-read live all match the code tables (post-select/posts/creators 250/220/200, time 140/120/120, main 200/180/160, row-menus 250/220/200). ★ But the module has NO consumer: FEED_MENU_WIDTH, feedMenuSize and all five build*Menu functions are imported ONLY by their own figma test and by the barrel, and SocialMenu.tsx has no JSX mount site outside socialRowMenus / CreatorTokensTab / SocialTridotsMenu — all themselves orphaned. So the width is measured against a panel that never renders. Cannot be `done`: there is no DOM side.
dropdown-creators [9626-39285]	partial	src/components/social/menus/socialRowMenus.tsx	/discover	MEASURED 2026-08-26 — the FRAME half only, and that half PASSES: 9626-39285 is 250x168, which is exactly what FEED_MENU_WIDTH.creators.desktop records. The 1440/768/375 triples I re-read live all match the code tables (post-select/posts/creators 250/220/200, time 140/120/120, main 200/180/160, row-menus 250/220/200). ★ But the module has NO consumer: FEED_MENU_WIDTH, feedMenuSize and all five build*Menu functions are imported ONLY by their own figma test and by the barrel, and SocialMenu.tsx has no JSX mount site outside socialRowMenus / CreatorTokensTab / SocialTridotsMenu — all themselves orphaned. So the width is measured against a panel that never renders. Cannot be `done`: there is no DOM side.
dropdown-tokens [9636-208873]	partial	src/components/social/menus/socialRowMenus.tsx	/discover	MEASURED 2026-08-26 — the FRAME half only, and that half PASSES: 9636-208873 is 250x168, which is exactly what SOCIAL_ROW_MENU_WIDTH.desktop records. The 1440/768/375 triples I re-read live all match the code tables (post-select/posts/creators 250/220/200, time 140/120/120, main 200/180/160, row-menus 250/220/200). ★ But the module has NO consumer: FEED_MENU_WIDTH, feedMenuSize and all five build*Menu functions are imported ONLY by their own figma test and by the barrel, and SocialMenu.tsx has no JSX mount site outside socialRowMenus / CreatorTokensTab / SocialTridotsMenu — all themselves orphaned. So the width is measured against a panel that never renders. Cannot be `done`: there is no DOM side.
dropdown-balances [9640-213620]	partial	src/components/social/menus/socialRowMenus.tsx	/:username	MEASURED 2026-08-26 — the FRAME half only, and that half PASSES: 9640-213620 is 250x206, which is exactly what SOCIAL_ROW_MENU_WIDTH.desktop records. The 1440/768/375 triples I re-read live all match the code tables (post-select/posts/creators 250/220/200, time 140/120/120, main 200/180/160, row-menus 250/220/200). ★ But the module has NO consumer: FEED_MENU_WIDTH, feedMenuSize and all five build*Menu functions are imported ONLY by their own figma test and by the barrel, and SocialMenu.tsx has no JSX mount site outside socialRowMenus / CreatorTokensTab / SocialTridotsMenu — all themselves orphaned. So the width is measured against a panel that never renders. Cannot be `done`: there is no DOM side.
dropdown-tokens [9640-214077]	partial	src/components/social/menus/socialRowMenus.tsx	/:username	MEASURED 2026-08-26 — the FRAME half only, and that half PASSES: 9640-214077 is 250x168, which is exactly what SOCIAL_ROW_MENU_WIDTH.desktop records. The 1440/768/375 triples I re-read live all match the code tables (post-select/posts/creators 250/220/200, time 140/120/120, main 200/180/160, row-menus 250/220/200). ★ But the module has NO consumer: FEED_MENU_WIDTH, feedMenuSize and all five build*Menu functions are imported ONLY by their own figma test and by the barrel, and SocialMenu.tsx has no JSX mount site outside socialRowMenus / CreatorTokensTab / SocialTridotsMenu — all themselves orphaned. So the width is measured against a panel that never renders. Cannot be `done`: there is no DOM side.
Social > Sample creator profile > Holders [9640-214177]	partial	src/components/social/HoldersModal.tsx	/:username	NOT MEASURED. Implemented and mounted, but no geometry / type ramp / colour was read off the node and compared to a rendered DOM at this width. `done` here was the pre-2026-08-26 verdict ("nobody spotted a difference"), which the tightened definition no longer admits. Prior note, kept because it is still true about what EXISTS: node 9640-214177 — Holders modal. MOUNTED: imported UserProfile.tsx:90, rendered :1806-1814. Note the gate — both the modal (:1806) and its trigger (:1373, :1380) are inside a token-truthiness check, so a creator with no launched token has no path to holders at all.
dropdown-followers/following [9646-214871]	partial	src/components/social/menus/socialRowMenus.tsx	/:username	MEASURED 2026-08-26 — the FRAME half only, and that half PASSES: 9646-214871 is 250x92, which is exactly what SOCIAL_ROW_MENU_WIDTH.desktop records. The 1440/768/375 triples I re-read live all match the code tables (post-select/posts/creators 250/220/200, time 140/120/120, main 200/180/160, row-menus 250/220/200). ★ But the module has NO consumer: FEED_MENU_WIDTH, feedMenuSize and all five build*Menu functions are imported ONLY by their own figma test and by the barrel, and SocialMenu.tsx has no JSX mount site outside socialRowMenus / CreatorTokensTab / SocialTridotsMenu — all themselves orphaned. So the width is measured against a panel that never renders. Cannot be `done`: there is no DOM side.
Social [9657-215247]	partial	src/components/social/feed/FeedCommentsDialog.tsx	/social	NOT MEASURED. Implemented and mounted, but no geometry / type ramp / colour was read off the node and compared to a rendered DOM at this width. `done` here was the pre-2026-08-26 verdict ("nobody spotted a difference"), which the tightened definition no longer admits. Prior note, kept because it is still true about what EXISTS: node 9657-215247. Comment thread is now reachable — SocialFeed.tsx wires onOpenComments to getComments to FeedCommentsDialog. Viewer-like state is mapped to null, not to the false that socialFeedService.getComments stamps on every row.
Social > Messages > Sample Conversation > Unread messages [5198-9151]	frame-defect	src/components/messages/ConversationItem.tsx	/messages	FRAME DEFECT, added by this lane's sweep (prior status `partial`, which withheld the claim correctly but did not label the frame). Visible "end-to-end encrypted" at node 5198:9792. Eight of the 442 page children carry it visibly; a ninth (5164:267630) has it hidden. Recorded so the redraw stays visible to design.
Social > Messages - empty (375) [11341-85236]	frame-defect	src/pages/social/Messages.tsx	/messages	FRAME DEFECT, added by this lane's sweep (prior status `partial`, which withheld the claim correctly but did not label the frame). Visible "end-to-end encrypted" at node 11341:88363. Eight of the 442 page children carry it visibly; a ninth (5164:267630) has it hidden. Recorded so the redraw stays visible to design.
Social > Messages > Unread messages (375) [11387-74801]	frame-defect	src/pages/social/messages/MessageThread.tsx	/messages/:conversationId	FRAME DEFECT, added by this lane's sweep (prior status `partial`, which withheld the claim correctly but did not label the frame). Visible "end-to-end encrypted" at node 11387:75201. Eight of the 442 page children carry it visibly; a ninth (5164:267630) has it hidden. Recorded so the redraw stays visible to design.
Social > Messages > Unread messages 1VH (768) [11387-74491]	frame-defect	src/components/messages/ConversationItem.tsx	/messages	FRAME DEFECT, added by this lane's sweep (prior status `partial`, which withheld the claim correctly but did not label the frame). Visible "end-to-end encrypted" at node 11387:75188. Eight of the 442 page children carry it visibly; a ninth (5164:267630) has it hidden. Recorded so the redraw stays visible to design.
