# key	status	primaryFile	route	reason	bp
# Wave 75, 2026-10-03..04, Figma parity lane `Y6`, built on the switched tokens (app baacbc2f7, skai-ui a741aae).
# Every row rests on a read of the frame during the wave: a live use_figma / get_screenshot (4 calls a lane) or the
# design store's stored spec; the lane log in the orchestrator's wave75 scratch folder names each read. Folded from the lane's catalog-rows file.
7710-91527	partial	src/pages/trade/Spot.tsx	/spot	wave 75 lane Y6, 2026-10-03..04 (was partial): AI band = style S0 / geometry G0, the 764 band: r16, pad 8/16, pill Mulish 11/14, LIVE labels/tag Large 52x18 gap 4 Mulish 11/14 (read live on 7710:91552 and 7886:84336), link-out glyph #FFFFFF, two 40-tall hairlines white@0.14, glow #44C975@0.44 at 272,48. The code now draws all of it: glyph text-white (was text-ash), hairlines bg-white/[0.14] (was bg-ash/20), LIVE icon gap 4 (was 2), LIVE coral by the coral token, hover scrim backdrop-blur-[2.5px] (Overlay BACKGROUND_BLUR 5); corner, pad, type and glow were already right and are now pinned. Read: w75 Y6 use_figma read2.js (Figma call 1 of 4, ledgered record-kind parity) fingerprinted the AI band on 157 Spot/Perps boards (style + geometry, figma-call1.txt); read3.js (call 2) read its texts and labels/tag subtree. Built: app 97e04ea6c on w75/Y6 (AIConfidenceStrip.tsx; ConfidenceBars fillClassName in BotPredictionOverlay.tsx), pinned by AIConfidenceStrip.boards.figma.test.tsx (18 cases) and the re-pointed figmaGeometry/Cells/hoverReach cases; mutations M0-M18 all killed. Status stays partial: Y6 compared the AI band only; the board's other items stand as status.wave74.P001.tsv:5 records them (Still open: positions body Frame 267 0/10/80@0.25 is PortfolioTabs' (P021) (and its ring); MarketHeader caret box 24 after the wedge and Price/Market Cap underlines 7710:91539/91547 (P007); Trades ground/shadow (P031)). Wave 75 packet P001 owns the board; this row names the AI band only.
8558-134024	partial	src/pages/trade/Spot.tsx	/spot	wave 75 lane Y6, 2026-10-03..04 (was partial): AI band = style S0 / geometry G0, the 764 band: r16, pad 8/16, pill Mulish 11/14, LIVE labels/tag Large 52x18 gap 4 Mulish 11/14 (read live on 7710:91552 and 7886:84336), link-out glyph #FFFFFF, two 40-tall hairlines white@0.14, glow #44C975@0.44 at 272,48. The code now draws all of it: glyph text-white (was text-ash), hairlines bg-white/[0.14] (was bg-ash/20), LIVE icon gap 4 (was 2), LIVE coral by the coral token, hover scrim backdrop-blur-[2.5px] (Overlay BACKGROUND_BLUR 5); corner, pad, type and glow were already right and are now pinned. Read: w75 Y6 use_figma read2.js (Figma call 1 of 4, ledgered record-kind parity) fingerprinted the AI band on 157 Spot/Perps boards (style + geometry, figma-call1.txt); read3.js (call 2) read its texts and labels/tag subtree. Built: app 97e04ea6c on w75/Y6 (AIConfidenceStrip.tsx; ConfidenceBars fillClassName in BotPredictionOverlay.tsx), pinned by AIConfidenceStrip.boards.figma.test.tsx (18 cases) and the re-pointed figmaGeometry/Cells/hoverReach cases; mutations M0-M18 all killed. Status stays partial: Y6 compared the AI band only; the board's other items stand as status.wave74.P001.tsv:6 records them (Still open: positions body Frame 267 0/10/80@0.25 is PortfolioTabs' (P021) (and its ring); MarketHeader caret box 24 after the wedge and Price/Market Cap underlines 7710:91539/91547 (P007); Trades ground/shadow (P031)). Wave 75 packet P001 owns the board; this row names the AI band only.
8687-99711	partial	src/pages/trade/Spot.tsx	/spot	wave 75 lane Y6, 2026-10-03..04 (was partial): AI band = style S0 / geometry G0, the 764 band: r16, pad 8/16, pill Mulish 11/14, LIVE labels/tag Large 52x18 gap 4 Mulish 11/14 (read live on 7710:91552 and 7886:84336), link-out glyph #FFFFFF, two 40-tall hairlines white@0.14, glow #44C975@0.44 at 272,48. The code now draws all of it: glyph text-white (was text-ash), hairlines bg-white/[0.14] (was bg-ash/20), LIVE icon gap 4 (was 2), LIVE coral by the coral token, hover scrim backdrop-blur-[2.5px] (Overlay BACKGROUND_BLUR 5); corner, pad, type and glow were already right and are now pinned. Read: w75 Y6 use_figma read2.js (Figma call 1 of 4, ledgered record-kind parity) fingerprinted the AI band on 157 Spot/Perps boards (style + geometry, figma-call1.txt); read3.js (call 2) read its texts and labels/tag subtree. Built: app 97e04ea6c on w75/Y6 (AIConfidenceStrip.tsx; ConfidenceBars fillClassName in BotPredictionOverlay.tsx), pinned by AIConfidenceStrip.boards.figma.test.tsx (18 cases) and the re-pointed figmaGeometry/Cells/hoverReach cases; mutations M0-M18 all killed. Status stays partial: Y6 compared the AI band only; the board's other items stand as status.wave74.P001.tsv:7 records them (Still open: positions body Frame 267 0/10/80@0.25 is PortfolioTabs' (P021) (and its ring); MarketHeader caret box 24 after the wedge and Price/Market Cap underlines 7710:91539/91547 (P007); Trades ground/shadow (P031)). Wave 75 packet P001 owns the board; this row names the AI band only.
4144-64244	partial	src/pages/trade/Spot.tsx	/spot	wave 75 lane Y6, 2026-10-03..04 (was partial): AI band = style S0 / geometry G0, the 764 band: r16, pad 8/16, pill Mulish 11/14, LIVE labels/tag Large 52x18 gap 4 Mulish 11/14 (read live on 7710:91552 and 7886:84336), link-out glyph #FFFFFF, two 40-tall hairlines white@0.14, glow #44C975@0.44 at 272,48. The code now draws all of it: glyph text-white (was text-ash), hairlines bg-white/[0.14] (was bg-ash/20), LIVE icon gap 4 (was 2), LIVE coral by the coral token, hover scrim backdrop-blur-[2.5px] (Overlay BACKGROUND_BLUR 5); corner, pad, type and glow were already right and are now pinned. Read: w75 Y6 use_figma read2.js (Figma call 1 of 4, ledgered record-kind parity) fingerprinted the AI band on 157 Spot/Perps boards (style + geometry, figma-call1.txt); read3.js (call 2) read its texts and labels/tag subtree. Built: app 97e04ea6c on w75/Y6 (AIConfidenceStrip.tsx; ConfidenceBars fillClassName in BotPredictionOverlay.tsx), pinned by AIConfidenceStrip.boards.figma.test.tsx (18 cases) and the re-pointed figmaGeometry/Cells/hoverReach cases; mutations M0-M18 all killed. Status stays partial: Y6 compared the AI band only; the board's other items stand as status.wave74.P001.tsv:10 records them (Tick menu matched live by w68; not re-read this wave (no spec in store). The terminal behind it is the 7710 composition, so B1 (book SpotPanel shadow-modal, TICKET_SHELL lg:shadow-modal, app 68eb562c1, 9b5337762) reaches it; its own body nodes' shadows were not read. Open items as 7710-91527). Wave 75 packet P001 owns the board; this row names the AI band only.
3963-39739	partial	src/pages/trade/Spot.tsx	/spot	wave 75 lane Y6, 2026-10-03..04 (was partial): AI band = style S0 / geometry G0, the 764 band: r16, pad 8/16, pill Mulish 11/14, LIVE labels/tag Large 52x18 gap 4 Mulish 11/14 (read live on 7710:91552 and 7886:84336), link-out glyph #FFFFFF, two 40-tall hairlines white@0.14, glow #44C975@0.44 at 272,48. The code now draws all of it: glyph text-white (was text-ash), hairlines bg-white/[0.14] (was bg-ash/20), LIVE icon gap 4 (was 2), LIVE coral by the coral token, hover scrim backdrop-blur-[2.5px] (Overlay BACKGROUND_BLUR 5); corner, pad, type and glow were already right and are now pinned. Read: w75 Y6 use_figma read2.js (Figma call 1 of 4, ledgered record-kind parity) fingerprinted the AI band on 157 Spot/Perps boards (style + geometry, figma-call1.txt); read3.js (call 2) read its texts and labels/tag subtree. Built: app 97e04ea6c on w75/Y6 (AIConfidenceStrip.tsx; ConfidenceBars fillClassName in BotPredictionOverlay.tsx), pinned by AIConfidenceStrip.boards.figma.test.tsx (18 cases) and the re-pointed figmaGeometry/Cells/hoverReach cases; mutations M0-M18 all killed. Status stays partial: Y6 compared the AI band only; the board's other items stand as status.wave74.P001.tsv:8 records them (Still open: positions body Frame 267 0/10/80@0.25 is PortfolioTabs' (P021) (and its ring); MarketHeader caret box 24 after the wedge and Price/Market Cap underlines 7710:91539/91547 (P007); Trades ground/shadow (P031)). Wave 75 packet P001 owns the board; this row names the AI band only.
3969-43609	partial	src/pages/trade/Spot.tsx	/spot	wave 75 lane Y6, 2026-10-03..04 (was partial): AI band = style S0 / geometry G0, the 764 band: r16, pad 8/16, pill Mulish 11/14, LIVE labels/tag Large 52x18 gap 4 Mulish 11/14 (read live on 7710:91552 and 7886:84336), link-out glyph #FFFFFF, two 40-tall hairlines white@0.14, glow #44C975@0.44 at 272,48. The code now draws all of it: glyph text-white (was text-ash), hairlines bg-white/[0.14] (was bg-ash/20), LIVE icon gap 4 (was 2), LIVE coral by the coral token, hover scrim backdrop-blur-[2.5px] (Overlay BACKGROUND_BLUR 5); corner, pad, type and glow were already right and are now pinned. Read: w75 Y6 use_figma read2.js (Figma call 1 of 4, ledgered record-kind parity) fingerprinted the AI band on 157 Spot/Perps boards (style + geometry, figma-call1.txt); read3.js (call 2) read its texts and labels/tag subtree. Built: app 97e04ea6c on w75/Y6 (AIConfidenceStrip.tsx; ConfidenceBars fillClassName in BotPredictionOverlay.tsx), pinned by AIConfidenceStrip.boards.figma.test.tsx (18 cases) and the re-pointed figmaGeometry/Cells/hoverReach cases; mutations M0-M18 all killed. Status stays partial: Y6 compared the AI band only; the board's other items stand as status.wave74.P001.tsv:9 records them (Still open: positions body Frame 267 0/10/80@0.25 is PortfolioTabs' (P021) (and its ring); MarketHeader caret box 24 after the wedge and Price/Market Cap underlines 7710:91539/91547 (P007); Trades ground/shadow (P031)). Wave 75 packet P001 owns the board; this row names the AI band only.
3886-15237	done	src/pages/trade/Spot.tsx	/spot	wave 75 lane Y6, 2026-10-03..04 (was done): AI band = S1 / G1, the bearish 764 band ('Bearish 20%', read3 on 3931:90086 / 7886:89937): card rule and pill fill App/Red-O #FB3324@0.34, label #FF574A, one of five meter segments Red 300, glow #C94F44. The code now paints a SHORT call that way: rule and pill on skai-red-opacity-34 (was skai-red/[0.34] = #FF574A), glow #C94F44 (was #44C975), lit segments bg-skai-red (was the confidence ramp); plus the S0 items: glyph white (was ash), hairlines white@0.14 (was ash/20), LIVE gap 4 (was 2). Read: w75 Y6 use_figma read2.js (Figma call 1 of 4, ledgered record-kind parity) fingerprinted the AI band on 157 Spot/Perps boards (style + geometry, figma-call1.txt); read3.js (call 2) read its texts and labels/tag subtree. Built: app 97e04ea6c on w75/Y6 (AIConfidenceStrip.tsx; ConfidenceBars fillClassName in BotPredictionOverlay.tsx), pinned by AIConfidenceStrip.boards.figma.test.tsx (18 cases) and the re-pointed figmaGeometry/Cells/hoverReach cases; mutations M0-M18 all killed. Status stays done on status.wave51.trade.tsv:45's whole-board read, which Y6 did not repeat; that read predates this paint check (the band's glyph, hairlines, bearish paint and LIVE gap were off until 97e04ea6c). No verdict written: Y6 compared the band only.
8570-143201	partial	src/pages/trade/Spot.tsx	/spot	wave 75 lane Y6, 2026-10-03..04 (was partial): AI band = S2 / G2, the 942-column earlier cut (r12, labels and pill 10/14); the later-cut 708 band S3 (9002:157042) governs at this width (later-cut rule, WAVE48-INTEGRITY) and the code draws S3, now at r12 (was r16) with pill/LIVE Mulish 12/14 (was 11), LIVE gap 4, glyph white (was ash) and hairlines white@0.14 (was ash/20); S2 draws the same r12, glyph and hairlines. Read: w75 Y6 use_figma read2.js (Figma call 1 of 4, ledgered record-kind parity) fingerprinted the AI band on 157 Spot/Perps boards (style + geometry, figma-call1.txt); read3.js (call 2) read its texts and labels/tag subtree. Built: app 97e04ea6c on w75/Y6 (AIConfidenceStrip.tsx; ConfidenceBars fillClassName in BotPredictionOverlay.tsx), pinned by AIConfidenceStrip.boards.figma.test.tsx (18 cases) and the re-pointed figmaGeometry/Cells/hoverReach cases; mutations M0-M18 all killed. Status stays partial: Y6 compared the AI band only; the board's other items stand as status.wave74.P001.tsv:12 records them (store spec 8570-143201 (0 calls): the 942 column is the earlier cut; the governing 768 composition is 9002:157018 (MarketHeader.tsx (P007) ends the pair group at the wedge, so rule and stats stand 4 left). Nav rows hash-equal to 9002:157018's (chartNavCensus). positions body Frame 267 0/10/80@0.25 is PortfolioTabs' (P021) (8570:144300). Nothing built for this frame). Wave 75 packet P001 owns the board; this row names the AI band only.
8650-44853	partial	src/pages/trade/Spot.tsx	/spot	wave 75 lane Y6, 2026-10-03..04 (was partial): AI band = S3 / G3, the 708 band: r12, pad 6/12, pill Mulish 12/14 62x22, LIVE labels/tag Medium 54x18 gap 4 Mulish 12/14 (read live on 9002:157042 and 9135:85265), glyph #FFFFFF, hairlines white@0.14. The code now draws it: md:rounded-xl = 12 on the card, glow clip and scrim with the dashed rule's rx 11.5 (was 16 and 15.5 from md), pill and LIVE md:text-xs on a 14 line (was 11), LIVE gap 4 (was 2), glyph white (was ash), hairlines white@0.14 (was ash/20), coral by token, scrim backdrop-blur-[2.5px]. Read: w75 Y6 use_figma read2.js (Figma call 1 of 4, ledgered record-kind parity) fingerprinted the AI band on 157 Spot/Perps boards (style + geometry, figma-call1.txt); read3.js (call 2) read its texts and labels/tag subtree. Built: app 97e04ea6c on w75/Y6 (AIConfidenceStrip.tsx; ConfidenceBars fillClassName in BotPredictionOverlay.tsx), pinned by AIConfidenceStrip.boards.figma.test.tsx (18 cases) and the re-pointed figmaGeometry/Cells/hoverReach cases; mutations M0-M18 all killed. Status stays partial: Y6 compared the AI band only; the board's other items stand as status.wave74.P001.tsv:15 records them (Chart-tab rule 38 at x=8 with three tabs is the earlier cut; later cuts (8822..9002, Trade 2 v2 13006:255438) draw it flush with four, as shipped (later-cut rule, WAVE48-INTEGRITY), so that item closes with no build. MarketHeader.tsx (P007) ends the pair group at the wedge, so rule and stats stand 4 left; positions body Frame 267 0/10/80@0.25 is PortfolioTabs' (P021)). Wave 75 packet P001 owns the board; this row names the AI band only.
8650-46141	partial	src/pages/trade/Spot.tsx	/spot	wave 75 lane Y6, 2026-10-03..04 (was partial): AI band = S3 / G3, the 708 band: r12, pad 6/12, pill Mulish 12/14 62x22, LIVE labels/tag Medium 54x18 gap 4 Mulish 12/14 (read live on 9002:157042 and 9135:85265), glyph #FFFFFF, hairlines white@0.14. The code now draws it: md:rounded-xl = 12 on the card, glow clip and scrim with the dashed rule's rx 11.5 (was 16 and 15.5 from md), pill and LIVE md:text-xs on a 14 line (was 11), LIVE gap 4 (was 2), glyph white (was ash), hairlines white@0.14 (was ash/20), coral by token, scrim backdrop-blur-[2.5px]. Read: w75 Y6 use_figma read2.js (Figma call 1 of 4, ledgered record-kind parity) fingerprinted the AI band on 157 Spot/Perps boards (style + geometry, figma-call1.txt); read3.js (call 2) read its texts and labels/tag subtree. Built: app 97e04ea6c on w75/Y6 (AIConfidenceStrip.tsx; ConfidenceBars fillClassName in BotPredictionOverlay.tsx), pinned by AIConfidenceStrip.boards.figma.test.tsx (18 cases) and the re-pointed figmaGeometry/Cells/hoverReach cases; mutations M0-M18 all killed. Status stays partial: Y6 compared the AI band only; the board's other items stand as status.wave74.P001.tsv:26 records them (Sheet 8650:47298 read live (w74 P001 use_figma call 1): strip 48 vs 40 in code is Casey's open call (3e898416b); sheet lift shadow 0 -10 80@0.25 has no token; body 8650:47310 + card 8650:47316 cast 0/10/80 but TICKET_SHELL_IN_SHEET sits in the sheet's overflow-y-auto scroller, which would clip it. Nothing built). Wave 75 packet P001 owns the board; this row names the AI band only.
8666-108146	partial	src/pages/trade/Spot.tsx	/trade/spot	wave 75 lane Y6, 2026-10-03..04 (was partial): AI band = S3 / G3, the 708 band: r12, pad 6/12, pill Mulish 12/14 62x22, LIVE labels/tag Medium 54x18 gap 4 Mulish 12/14 (read live on 9002:157042 and 9135:85265), glyph #FFFFFF, hairlines white@0.14. The code now draws it: md:rounded-xl = 12 on the card, glow clip and scrim with the dashed rule's rx 11.5 (was 16 and 15.5 from md), pill and LIVE md:text-xs on a 14 line (was 11), LIVE gap 4 (was 2), glyph white (was ash), hairlines white@0.14 (was ash/20), coral by token, scrim backdrop-blur-[2.5px]. Read: w75 Y6 use_figma read2.js (Figma call 1 of 4, ledgered record-kind parity) fingerprinted the AI band on 157 Spot/Perps boards (style + geometry, figma-call1.txt); read3.js (call 2) read its texts and labels/tag subtree. Built: app 97e04ea6c on w75/Y6 (AIConfidenceStrip.tsx; ConfidenceBars fillClassName in BotPredictionOverlay.tsx), pinned by AIConfidenceStrip.boards.figma.test.tsx (18 cases) and the re-pointed figmaGeometry/Cells/hoverReach cases; mutations M0-M18 all killed. Status stays partial: Y6 compared the AI band only; the board's other items stand as status.wave74.P001.tsv:19 records them (As 8650-44853 (read in w74 P001 use_figma call 1); priced bar matches (w68). MarketHeader.tsx (P007) ends the pair group at the wedge, so rule and stats stand 4 left; positions body Frame 267 0/10/80@0.25 is PortfolioTabs' (P021)). Wave 75 packet P001 owns the board; this row names the AI band only.
8684-163505	partial	src/pages/trade/Spot.tsx	/spot	wave 75 lane Y6, 2026-10-03..04 (was partial): AI band = S3 / G3, the 708 band: r12, pad 6/12, pill Mulish 12/14 62x22, LIVE labels/tag Medium 54x18 gap 4 Mulish 12/14 (read live on 9002:157042 and 9135:85265), glyph #FFFFFF, hairlines white@0.14. The code now draws it: md:rounded-xl = 12 on the card, glow clip and scrim with the dashed rule's rx 11.5 (was 16 and 15.5 from md), pill and LIVE md:text-xs on a 14 line (was 11), LIVE gap 4 (was 2), glyph white (was ash), hairlines white@0.14 (was ash/20), coral by token, scrim backdrop-blur-[2.5px]. Read: w75 Y6 use_figma read2.js (Figma call 1 of 4, ledgered record-kind parity) fingerprinted the AI band on 157 Spot/Perps boards (style + geometry, figma-call1.txt); read3.js (call 2) read its texts and labels/tag subtree. Built: app 97e04ea6c on w75/Y6 (AIConfidenceStrip.tsx; ConfidenceBars fillClassName in BotPredictionOverlay.tsx), pinned by AIConfidenceStrip.boards.figma.test.tsx (18 cases) and the re-pointed figmaGeometry/Cells/hoverReach cases; mutations M0-M18 all killed. Status stays partial: Y6 compared the AI band only; the board's other items stand as status.wave74.P001.tsv:16 records them (As 8650-44853 (read in w74 P001 use_figma call 1). MarketHeader.tsx (P007) ends the pair group at the wedge, so rule and stats stand 4 left; positions body Frame 267 0/10/80@0.25 is PortfolioTabs' (P021)). Wave 75 packet P001 owns the board; this row names the AI band only.
8684-164665	partial	src/pages/trade/Spot.tsx	/spot	wave 75 lane Y6, 2026-10-03..04 (was partial): AI band = S3 / G3, the 708 band: r12, pad 6/12, pill Mulish 12/14 62x22, LIVE labels/tag Medium 54x18 gap 4 Mulish 12/14 (read live on 9002:157042 and 9135:85265), glyph #FFFFFF, hairlines white@0.14. The code now draws it: md:rounded-xl = 12 on the card, glow clip and scrim with the dashed rule's rx 11.5 (was 16 and 15.5 from md), pill and LIVE md:text-xs on a 14 line (was 11), LIVE gap 4 (was 2), glyph white (was ash), hairlines white@0.14 (was ash/20), coral by token, scrim backdrop-blur-[2.5px]. Read: w75 Y6 use_figma read2.js (Figma call 1 of 4, ledgered record-kind parity) fingerprinted the AI band on 157 Spot/Perps boards (style + geometry, figma-call1.txt); read3.js (call 2) read its texts and labels/tag subtree. Built: app 97e04ea6c on w75/Y6 (AIConfidenceStrip.tsx; ConfidenceBars fillClassName in BotPredictionOverlay.tsx), pinned by AIConfidenceStrip.boards.figma.test.tsx (18 cases) and the re-pointed figmaGeometry/Cells/hoverReach cases; mutations M0-M18 all killed. Status stays partial: Y6 compared the AI band only; the board's other items stand as status.wave74.P001.tsv:27 records them (As 8650-46141 (the same 8650:47298 sheet subtree, read in w74 P001 use_figma call 1). Nothing built). Wave 75 packet P001 owns the board; this row names the AI band only.
8684-167264	partial	src/pages/trade/Spot.tsx	/spot	wave 75 lane Y6, 2026-10-03..04 (was partial): AI band = S3 / G3, the 708 band: r12, pad 6/12, pill Mulish 12/14 62x22, LIVE labels/tag Medium 54x18 gap 4 Mulish 12/14 (read live on 9002:157042 and 9135:85265), glyph #FFFFFF, hairlines white@0.14. The code now draws it: md:rounded-xl = 12 on the card, glow clip and scrim with the dashed rule's rx 11.5 (was 16 and 15.5 from md), pill and LIVE md:text-xs on a 14 line (was 11), LIVE gap 4 (was 2), glyph white (was ash), hairlines white@0.14 (was ash/20), coral by token, scrim backdrop-blur-[2.5px]. Read: w75 Y6 use_figma read2.js (Figma call 1 of 4, ledgered record-kind parity) fingerprinted the AI band on 157 Spot/Perps boards (style + geometry, figma-call1.txt); read3.js (call 2) read its texts and labels/tag subtree. Built: app 97e04ea6c on w75/Y6 (AIConfidenceStrip.tsx; ConfidenceBars fillClassName in BotPredictionOverlay.tsx), pinned by AIConfidenceStrip.boards.figma.test.tsx (18 cases) and the re-pointed figmaGeometry/Cells/hoverReach cases; mutations M0-M18 all killed. Status stays partial: Y6 compared the AI band only; the board's other items stand as status.wave74.P001.tsv:17 records them (As 8650-44853 (read in w74 P001 use_figma call 1; no docked bar, order placement off). MarketHeader.tsx (P007) ends the pair group at the wedge, so rule and stats stand 4 left; positions body Frame 267 0/10/80@0.25 is PortfolioTabs' (P021)). Wave 75 packet P001 owns the board; this row names the AI band only.
8687-101463	partial	src/pages/trade/Spot.tsx	/spot	wave 75 lane Y6, 2026-10-03..04 (was partial): AI band = S3 / G3, the 708 band: r12, pad 6/12, pill Mulish 12/14 62x22, LIVE labels/tag Medium 54x18 gap 4 Mulish 12/14 (read live on 9002:157042 and 9135:85265), glyph #FFFFFF, hairlines white@0.14. The code now draws it: md:rounded-xl = 12 on the card, glow clip and scrim with the dashed rule's rx 11.5 (was 16 and 15.5 from md), pill and LIVE md:text-xs on a 14 line (was 11), LIVE gap 4 (was 2), glyph white (was ash), hairlines white@0.14 (was ash/20), coral by token, scrim backdrop-blur-[2.5px]. Read: w75 Y6 use_figma read2.js (Figma call 1 of 4, ledgered record-kind parity) fingerprinted the AI band on 157 Spot/Perps boards (style + geometry, figma-call1.txt); read3.js (call 2) read its texts and labels/tag subtree. Built: app 97e04ea6c on w75/Y6 (AIConfidenceStrip.tsx; ConfidenceBars fillClassName in BotPredictionOverlay.tsx), pinned by AIConfidenceStrip.boards.figma.test.tsx (18 cases) and the re-pointed figmaGeometry/Cells/hoverReach cases; mutations M0-M18 all killed. Status stays partial: Y6 compared the AI band only; the board's other items stand as status.wave74.P001.tsv:18 records them (As 8650-44853 (read in w74 P001 use_figma call 1). MarketHeader.tsx (P007) ends the pair group at the wedge, so rule and stats stand 4 left; positions body Frame 267 0/10/80@0.25 is PortfolioTabs' (P021)). Wave 75 packet P001 owns the board; this row names the AI band only.
8700-103509	partial	src/pages/trade/Spot.tsx	/spot	wave 75 lane Y6, 2026-10-03..04 (was partial): AI band = S3 / G3, the 708 band: r12, pad 6/12, pill Mulish 12/14 62x22, LIVE labels/tag Medium 54x18 gap 4 Mulish 12/14 (read live on 9002:157042 and 9135:85265), glyph #FFFFFF, hairlines white@0.14. The code now draws it: md:rounded-xl = 12 on the card, glow clip and scrim with the dashed rule's rx 11.5 (was 16 and 15.5 from md), pill and LIVE md:text-xs on a 14 line (was 11), LIVE gap 4 (was 2), glyph white (was ash), hairlines white@0.14 (was ash/20), coral by token, scrim backdrop-blur-[2.5px]. Read: w75 Y6 use_figma read2.js (Figma call 1 of 4, ledgered record-kind parity) fingerprinted the AI band on 157 Spot/Perps boards (style + geometry, figma-call1.txt); read3.js (call 2) read its texts and labels/tag subtree. Built: app 97e04ea6c on w75/Y6 (AIConfidenceStrip.tsx; ConfidenceBars fillClassName in BotPredictionOverlay.tsx), pinned by AIConfidenceStrip.boards.figma.test.tsx (18 cases) and the re-pointed figmaGeometry/Cells/hoverReach cases; mutations M0-M18 all killed. Status stays partial: Y6 compared the AI band only; the board's other items stand as status.wave74.P001.tsv:28 records them (As 8650-46141 (the same sheet subtree). Nothing built). Wave 75 packet P001 owns the board; this row names the AI band only.
8822-65362	partial	src/pages/trade/Spot.tsx	/spot	wave 75 lane Y6, 2026-10-03..04 (was partial): AI band = S3 / G3, the 708 band: r12, pad 6/12, pill Mulish 12/14 62x22, LIVE labels/tag Medium 54x18 gap 4 Mulish 12/14 (read live on 9002:157042 and 9135:85265), glyph #FFFFFF, hairlines white@0.14. The code now draws it: md:rounded-xl = 12 on the card, glow clip and scrim with the dashed rule's rx 11.5 (was 16 and 15.5 from md), pill and LIVE md:text-xs on a 14 line (was 11), LIVE gap 4 (was 2), glyph white (was ash), hairlines white@0.14 (was ash/20), coral by token, scrim backdrop-blur-[2.5px]. Read: w75 Y6 use_figma read2.js (Figma call 1 of 4, ledgered record-kind parity) fingerprinted the AI band on 157 Spot/Perps boards (style + geometry, figma-call1.txt); read3.js (call 2) read its texts and labels/tag subtree. Built: app 97e04ea6c on w75/Y6 (AIConfidenceStrip.tsx; ConfidenceBars fillClassName in BotPredictionOverlay.tsx), pinned by AIConfidenceStrip.boards.figma.test.tsx (18 cases) and the re-pointed figmaGeometry/Cells/hoverReach cases; mutations M0-M18 all killed. Status stays partial: Y6 compared the AI band only; the board's other items stand as status.wave74.P001.tsv:20 records them (Promotion candidate held only by the unread header/AI band; now read and they do NOT match. MarketHeader.tsx (P007) ends the pair group at the wedge, so rule and stats stand 4 left; positions body Frame 267 0/10/80@0.25 is PortfolioTabs' (P021)). Wave 75 packet P001 owns the board; this row names the AI band only.
8828-62762	partial	src/pages/trade/Spot.tsx	/spot	wave 75 lane Y6, 2026-10-03..04 (was partial): AI band = S3 / G3, the 708 band: r12, pad 6/12, pill Mulish 12/14 62x22, LIVE labels/tag Medium 54x18 gap 4 Mulish 12/14 (read live on 9002:157042 and 9135:85265), glyph #FFFFFF, hairlines white@0.14. The code now draws it: md:rounded-xl = 12 on the card, glow clip and scrim with the dashed rule's rx 11.5 (was 16 and 15.5 from md), pill and LIVE md:text-xs on a 14 line (was 11), LIVE gap 4 (was 2), glyph white (was ash), hairlines white@0.14 (was ash/20), coral by token, scrim backdrop-blur-[2.5px]. Read: w75 Y6 use_figma read2.js (Figma call 1 of 4, ledgered record-kind parity) fingerprinted the AI band on 157 Spot/Perps boards (style + geometry, figma-call1.txt); read3.js (call 2) read its texts and labels/tag subtree. Built: app 97e04ea6c on w75/Y6 (AIConfidenceStrip.tsx; ConfidenceBars fillClassName in BotPredictionOverlay.tsx), pinned by AIConfidenceStrip.boards.figma.test.tsx (18 cases) and the re-pointed figmaGeometry/Cells/hoverReach cases; mutations M0-M18 all killed. Status stays partial: Y6 compared the AI band only; the board's other items stand as status.wave74.P001.tsv:21 records them (As 8822-65362 (hash-equal header/band, w74 P001 use_figma call 1). MarketHeader.tsx (P007) ends the pair group at the wedge, so rule and stats stand 4 left; positions body Frame 267 0/10/80@0.25 is PortfolioTabs' (P021)). Wave 75 packet P001 owns the board; this row names the AI band only.
8833-68646	partial	src/pages/trade/Spot.tsx	/spot	wave 75 lane Y6, 2026-10-03..04 (was partial): AI band = S3 / G3, the 708 band: r12, pad 6/12, pill Mulish 12/14 62x22, LIVE labels/tag Medium 54x18 gap 4 Mulish 12/14 (read live on 9002:157042 and 9135:85265), glyph #FFFFFF, hairlines white@0.14. The code now draws it: md:rounded-xl = 12 on the card, glow clip and scrim with the dashed rule's rx 11.5 (was 16 and 15.5 from md), pill and LIVE md:text-xs on a 14 line (was 11), LIVE gap 4 (was 2), glyph white (was ash), hairlines white@0.14 (was ash/20), coral by token, scrim backdrop-blur-[2.5px]. Read: w75 Y6 use_figma read2.js (Figma call 1 of 4, ledgered record-kind parity) fingerprinted the AI band on 157 Spot/Perps boards (style + geometry, figma-call1.txt); read3.js (call 2) read its texts and labels/tag subtree. Built: app 97e04ea6c on w75/Y6 (AIConfidenceStrip.tsx; ConfidenceBars fillClassName in BotPredictionOverlay.tsx), pinned by AIConfidenceStrip.boards.figma.test.tsx (18 cases) and the re-pointed figmaGeometry/Cells/hoverReach cases; mutations M0-M18 all killed. Status stays partial: Y6 compared the AI band only; the board's other items stand as status.wave74.P001.tsv:22 records them (As 8822-65362 (hash-equal header/band, w74 P001 use_figma call 1); the sidebar drawer (HomeSidebarExpanded, P004/P020) not compared. MarketHeader.tsx (P007) ends the pair group at the wedge, so rule and stats stand 4 left). Wave 75 packet P001 owns the board; this row names the AI band only.
8833-71578	partial	src/pages/trade/Spot.tsx	/spot	wave 75 lane Y6, 2026-10-03..04 (was partial): AI band = S3 / G3, the 708 band: r12, pad 6/12, pill Mulish 12/14 62x22, LIVE labels/tag Medium 54x18 gap 4 Mulish 12/14 (read live on 9002:157042 and 9135:85265), glyph #FFFFFF, hairlines white@0.14. The code now draws it: md:rounded-xl = 12 on the card, glow clip and scrim with the dashed rule's rx 11.5 (was 16 and 15.5 from md), pill and LIVE md:text-xs on a 14 line (was 11), LIVE gap 4 (was 2), glyph white (was ash), hairlines white@0.14 (was ash/20), coral by token, scrim backdrop-blur-[2.5px]. Read: w75 Y6 use_figma read2.js (Figma call 1 of 4, ledgered record-kind parity) fingerprinted the AI band on 157 Spot/Perps boards (style + geometry, figma-call1.txt); read3.js (call 2) read its texts and labels/tag subtree. Built: app 97e04ea6c on w75/Y6 (AIConfidenceStrip.tsx; ConfidenceBars fillClassName in BotPredictionOverlay.tsx), pinned by AIConfidenceStrip.boards.figma.test.tsx (18 cases) and the re-pointed figmaGeometry/Cells/hoverReach cases; mutations M0-M18 all killed. Status stays partial: Y6 compared the AI band only; the board's other items stand as status.wave74.P001.tsv:29 records them (As 8650-46141 (the same sheet subtree). Nothing built). Wave 75 packet P001 owns the board; this row names the AI band only.
8837-63445	partial	src/pages/trade/Spot.tsx	/spot	wave 75 lane Y6, 2026-10-03..04 (was partial): AI band = S3 / G3, the 708 band: r12, pad 6/12, pill Mulish 12/14 62x22, LIVE labels/tag Medium 54x18 gap 4 Mulish 12/14 (read live on 9002:157042 and 9135:85265), glyph #FFFFFF, hairlines white@0.14. The code now draws it: md:rounded-xl = 12 on the card, glow clip and scrim with the dashed rule's rx 11.5 (was 16 and 15.5 from md), pill and LIVE md:text-xs on a 14 line (was 11), LIVE gap 4 (was 2), glyph white (was ash), hairlines white@0.14 (was ash/20), coral by token, scrim backdrop-blur-[2.5px]. Read: w75 Y6 use_figma read2.js (Figma call 1 of 4, ledgered record-kind parity) fingerprinted the AI band on 157 Spot/Perps boards (style + geometry, figma-call1.txt); read3.js (call 2) read its texts and labels/tag subtree. Built: app 97e04ea6c on w75/Y6 (AIConfidenceStrip.tsx; ConfidenceBars fillClassName in BotPredictionOverlay.tsx), pinned by AIConfidenceStrip.boards.figma.test.tsx (18 cases) and the re-pointed figmaGeometry/Cells/hoverReach cases; mutations M0-M18 all killed. Status stays partial: Y6 compared the AI band only; the board's other items stand as status.wave74.P001.tsv:14 records them (Still open: band labels 12 vs Manrope 10/12 (no token, DRIFT.md:229); tab strip (P004); MarketHeader.tsx (P007) ends the pair group at the wedge, so rule and stats stand 4 left; positions body Frame 267 0/10/80@0.25 is PortfolioTabs' (P021)). Wave 75 packet P001 owns the board; this row names the AI band only.
8846-63794	partial	src/pages/trade/Spot.tsx	/spot	wave 75 lane Y6, 2026-10-03..04 (was partial): AI band = S3 / G3, the 708 band: r12, pad 6/12, pill Mulish 12/14 62x22, LIVE labels/tag Medium 54x18 gap 4 Mulish 12/14 (read live on 9002:157042 and 9135:85265), glyph #FFFFFF, hairlines white@0.14. The code now draws it: md:rounded-xl = 12 on the card, glow clip and scrim with the dashed rule's rx 11.5 (was 16 and 15.5 from md), pill and LIVE md:text-xs on a 14 line (was 11), LIVE gap 4 (was 2), glyph white (was ash), hairlines white@0.14 (was ash/20), coral by token, scrim backdrop-blur-[2.5px]. Read: w75 Y6 use_figma read2.js (Figma call 1 of 4, ledgered record-kind parity) fingerprinted the AI band on 157 Spot/Perps boards (style + geometry, figma-call1.txt); read3.js (call 2) read its texts and labels/tag subtree. Built: app 97e04ea6c on w75/Y6 (AIConfidenceStrip.tsx; ConfidenceBars fillClassName in BotPredictionOverlay.tsx), pinned by AIConfidenceStrip.boards.figma.test.tsx (18 cases) and the re-pointed figmaGeometry/Cells/hoverReach cases; mutations M0-M18 all killed. Status stays partial: Y6 compared the AI band only; the board's other items stand as status.wave74.P001.tsv:23 records them (Trades body 8852:65544 #052D2D + 0/10/80@0.25 vs PerpRecentTrades' card (P031), not built here. MarketHeader.tsx (P007) ends the pair group at the wedge, so rule and stats stand 4 left). Wave 75 packet P001 owns the board; this row names the AI band only.
8859-66157	partial	src/pages/trade/Spot.tsx	/spot	wave 75 lane Y6, 2026-10-03..04 (was partial): AI band = S3 / G3, the 708 band: r12, pad 6/12, pill Mulish 12/14 62x22, LIVE labels/tag Medium 54x18 gap 4 Mulish 12/14 (read live on 9002:157042 and 9135:85265), glyph #FFFFFF, hairlines white@0.14. The code now draws it: md:rounded-xl = 12 on the card, glow clip and scrim with the dashed rule's rx 11.5 (was 16 and 15.5 from md), pill and LIVE md:text-xs on a 14 line (was 11), LIVE gap 4 (was 2), glyph white (was ash), hairlines white@0.14 (was ash/20), coral by token, scrim backdrop-blur-[2.5px]. Read: w75 Y6 use_figma read2.js (Figma call 1 of 4, ledgered record-kind parity) fingerprinted the AI band on 157 Spot/Perps boards (style + geometry, figma-call1.txt); read3.js (call 2) read its texts and labels/tag subtree. Built: app 97e04ea6c on w75/Y6 (AIConfidenceStrip.tsx; ConfidenceBars fillClassName in BotPredictionOverlay.tsx), pinned by AIConfidenceStrip.boards.figma.test.tsx (18 cases) and the re-pointed figmaGeometry/Cells/hoverReach cases; mutations M0-M18 all killed. Status stays partial: Y6 compared the AI band only; the board's other items stand as status.wave74.P001.tsv:24 records them (Info body is SpotInfoSections (P031/P047), not compared this wave; its cards carry the 0/10/80 shadow too. MarketHeader.tsx (P007) ends the pair group at the wedge, so rule and stats stand 4 left). Wave 75 packet P001 owns the board; this row names the AI band only.
8931-64499	partial	src/pages/trade/Spot.tsx	/spot	wave 75 lane Y6, 2026-10-03..04 (was partial): AI band = S3 / G3, the 708 band: r12, pad 6/12, pill Mulish 12/14 62x22, LIVE labels/tag Medium 54x18 gap 4 Mulish 12/14 (read live on 9002:157042 and 9135:85265), glyph #FFFFFF, hairlines white@0.14. The code now draws it: md:rounded-xl = 12 on the card, glow clip and scrim with the dashed rule's rx 11.5 (was 16 and 15.5 from md), pill and LIVE md:text-xs on a 14 line (was 11), LIVE gap 4 (was 2), glyph white (was ash), hairlines white@0.14 (was ash/20), coral by token, scrim backdrop-blur-[2.5px]. Read: w75 Y6 use_figma read2.js (Figma call 1 of 4, ledgered record-kind parity) fingerprinted the AI band on 157 Spot/Perps boards (style + geometry, figma-call1.txt); read3.js (call 2) read its texts and labels/tag subtree. Built: app 97e04ea6c on w75/Y6 (AIConfidenceStrip.tsx; ConfidenceBars fillClassName in BotPredictionOverlay.tsx), pinned by AIConfidenceStrip.boards.figma.test.tsx (18 cases) and the re-pointed figmaGeometry/Cells/hoverReach cases; mutations M0-M18 all killed. Status stays partial: Y6 compared the AI band only; the board's other items stand as status.wave74.P001.tsv:25 records them (768 single long scroll vs the shipped tabbed shell: Casey's call (declined 2026-08-05, never ruled; the 2026-09-08 trench ruling says do not generalise). Header/band as 8822-65362. Nothing built). Wave 75 packet P001 owns the board; this row names the AI band only.
8941-77699	partial	src/pages/trade/Spot.tsx	/spot	wave 75 lane Y6, 2026-10-03..04 (was partial): AI band = S3 / G3, the 708 band: r12, pad 6/12, pill Mulish 12/14 62x22, LIVE labels/tag Medium 54x18 gap 4 Mulish 12/14 (read live on 9002:157042 and 9135:85265), glyph #FFFFFF, hairlines white@0.14. The code now draws it: md:rounded-xl = 12 on the card, glow clip and scrim with the dashed rule's rx 11.5 (was 16 and 15.5 from md), pill and LIVE md:text-xs on a 14 line (was 11), LIVE gap 4 (was 2), glyph white (was ash), hairlines white@0.14 (was ash/20), coral by token, scrim backdrop-blur-[2.5px]. Read: w75 Y6 use_figma read2.js (Figma call 1 of 4, ledgered record-kind parity) fingerprinted the AI band on 157 Spot/Perps boards (style + geometry, figma-call1.txt); read3.js (call 2) read its texts and labels/tag subtree. Built: app 97e04ea6c on w75/Y6 (AIConfidenceStrip.tsx; ConfidenceBars fillClassName in BotPredictionOverlay.tsx), pinned by AIConfidenceStrip.boards.figma.test.tsx (18 cases) and the re-pointed figmaGeometry/Cells/hoverReach cases; mutations M0-M18 all killed. Status stays partial: Y6 compared the AI band only; the board's other residuals are wave 41's, carried and not re-read (status.wave42.trade-followups.tsv:194). Wave 75 packet P002 owns the board; this row names the AI band only.
9002-157018	partial	src/pages/trade/Spot.tsx	/spot	wave 75 lane Y6, 2026-10-03..04 (was partial): AI band = S3 / G3, the 708 band: r12, pad 6/12, pill Mulish 12/14 62x22, LIVE labels/tag Medium 54x18 gap 4 Mulish 12/14 (read live on 9002:157042 and 9135:85265), glyph #FFFFFF, hairlines white@0.14. The code now draws it: md:rounded-xl = 12 on the card, glow clip and scrim with the dashed rule's rx 11.5 (was 16 and 15.5 from md), pill and LIVE md:text-xs on a 14 line (was 11), LIVE gap 4 (was 2), glyph white (was ash), hairlines white@0.14 (was ash/20), coral by token, scrim backdrop-blur-[2.5px]. Read: w75 Y6 use_figma read2.js (Figma call 1 of 4, ledgered record-kind parity) fingerprinted the AI band on 157 Spot/Perps boards (style + geometry, figma-call1.txt); read3.js (call 2) read its texts and labels/tag subtree. Built: app 97e04ea6c on w75/Y6 (AIConfidenceStrip.tsx; ConfidenceBars fillClassName in BotPredictionOverlay.tsx), pinned by AIConfidenceStrip.boards.figma.test.tsx (18 cases) and the re-pointed figmaGeometry/Cells/hoverReach cases; mutations M0-M18 all killed. Status stays partial: Y6 compared the AI band only; the board's other residuals are wave 41's, carried and not re-read (status.wave42.trade-followups.tsv:205). Wave 75 packet P002 owns the board; this row names the AI band only.
9002-163670	partial	src/pages/trade/Spot.tsx	/spot	wave 75 lane Y6, 2026-10-03..04 (was partial): AI band = S3 / G3, the 708 band: r12, pad 6/12, pill Mulish 12/14 62x22, LIVE labels/tag Medium 54x18 gap 4 Mulish 12/14 (read live on 9002:157042 and 9135:85265), glyph #FFFFFF, hairlines white@0.14. The code now draws it: md:rounded-xl = 12 on the card, glow clip and scrim with the dashed rule's rx 11.5 (was 16 and 15.5 from md), pill and LIVE md:text-xs on a 14 line (was 11), LIVE gap 4 (was 2), glyph white (was ash), hairlines white@0.14 (was ash/20), coral by token, scrim backdrop-blur-[2.5px]. Read: w75 Y6 use_figma read2.js (Figma call 1 of 4, ledgered record-kind parity) fingerprinted the AI band on 157 Spot/Perps boards (style + geometry, figma-call1.txt); read3.js (call 2) read its texts and labels/tag subtree. Built: app 97e04ea6c on w75/Y6 (AIConfidenceStrip.tsx; ConfidenceBars fillClassName in BotPredictionOverlay.tsx), pinned by AIConfidenceStrip.boards.figma.test.tsx (18 cases) and the re-pointed figmaGeometry/Cells/hoverReach cases; mutations M0-M18 all killed. Status stays partial: Y6 compared the AI band only; the board's other residuals are wave 41's, carried and not re-read (status.wave42.trade-followups.tsv:117). Wave 75 packet P002 owns the board; this row names the AI band only.
9042-164814	partial	src/pages/trade/Spot.tsx	/spot	wave 75 lane Y6, 2026-10-03..04 (was partial): AI band = S3 / G3, the 708 band: r12, pad 6/12, pill Mulish 12/14 62x22, LIVE labels/tag Medium 54x18 gap 4 Mulish 12/14 (read live on 9002:157042 and 9135:85265), glyph #FFFFFF, hairlines white@0.14. The code now draws it: md:rounded-xl = 12 on the card, glow clip and scrim with the dashed rule's rx 11.5 (was 16 and 15.5 from md), pill and LIVE md:text-xs on a 14 line (was 11), LIVE gap 4 (was 2), glyph white (was ash), hairlines white@0.14 (was ash/20), coral by token, scrim backdrop-blur-[2.5px]. Read: w75 Y6 use_figma read2.js (Figma call 1 of 4, ledgered record-kind parity) fingerprinted the AI band on 157 Spot/Perps boards (style + geometry, figma-call1.txt); read3.js (call 2) read its texts and labels/tag subtree. Built: app 97e04ea6c on w75/Y6 (AIConfidenceStrip.tsx; ConfidenceBars fillClassName in BotPredictionOverlay.tsx), pinned by AIConfidenceStrip.boards.figma.test.tsx (18 cases) and the re-pointed figmaGeometry/Cells/hoverReach cases; mutations M0-M18 all killed. Status stays partial: Y6 compared the AI band only; the board's other residuals are wave 41's, carried and not re-read (status.wave42.trade-followups.tsv:100). Wave 75 packet P002 owns the board; this row names the AI band only.
9045-167521	partial	src/pages/trade/Spot.tsx	/spot	wave 75 lane Y6, 2026-10-03..04 (was partial): AI band = S3 / G3, the 708 band: r12, pad 6/12, pill Mulish 12/14 62x22, LIVE labels/tag Medium 54x18 gap 4 Mulish 12/14 (read live on 9002:157042 and 9135:85265), glyph #FFFFFF, hairlines white@0.14. The code now draws it: md:rounded-xl = 12 on the card, glow clip and scrim with the dashed rule's rx 11.5 (was 16 and 15.5 from md), pill and LIVE md:text-xs on a 14 line (was 11), LIVE gap 4 (was 2), glyph white (was ash), hairlines white@0.14 (was ash/20), coral by token, scrim backdrop-blur-[2.5px]. Read: w75 Y6 use_figma read2.js (Figma call 1 of 4, ledgered record-kind parity) fingerprinted the AI band on 157 Spot/Perps boards (style + geometry, figma-call1.txt); read3.js (call 2) read its texts and labels/tag subtree. Built: app 97e04ea6c on w75/Y6 (AIConfidenceStrip.tsx; ConfidenceBars fillClassName in BotPredictionOverlay.tsx), pinned by AIConfidenceStrip.boards.figma.test.tsx (18 cases) and the re-pointed figmaGeometry/Cells/hoverReach cases; mutations M0-M18 all killed. Status stays partial: Y6 compared the AI band only; the board's other residuals are wave 41's, carried and not re-read (status.wave42.trade-followups.tsv:108). Wave 75 packet P002 owns the board; this row names the AI band only.
9045-168925	partial	src/pages/trade/Spot.tsx	/spot	wave 75 lane Y6, 2026-10-03..04 (was partial): AI band = S3 / G3, the 708 band: r12, pad 6/12, pill Mulish 12/14 62x22, LIVE labels/tag Medium 54x18 gap 4 Mulish 12/14 (read live on 9002:157042 and 9135:85265), glyph #FFFFFF, hairlines white@0.14. The code now draws it: md:rounded-xl = 12 on the card, glow clip and scrim with the dashed rule's rx 11.5 (was 16 and 15.5 from md), pill and LIVE md:text-xs on a 14 line (was 11), LIVE gap 4 (was 2), glyph white (was ash), hairlines white@0.14 (was ash/20), coral by token, scrim backdrop-blur-[2.5px]. Read: w75 Y6 use_figma read2.js (Figma call 1 of 4, ledgered record-kind parity) fingerprinted the AI band on 157 Spot/Perps boards (style + geometry, figma-call1.txt); read3.js (call 2) read its texts and labels/tag subtree. Built: app 97e04ea6c on w75/Y6 (AIConfidenceStrip.tsx; ConfidenceBars fillClassName in BotPredictionOverlay.tsx), pinned by AIConfidenceStrip.boards.figma.test.tsx (18 cases) and the re-pointed figmaGeometry/Cells/hoverReach cases; mutations M0-M18 all killed. Status stays partial: Y6 compared the AI band only; the board's other items stand as status.wave42.trade-followups.tsv:106 records them (Draws Frame 299, whose 34-against-36 was the fourth item this lane was handed and is now built — see 3931-93237 for the live read of 9774:89840 and the arithmetic. The strip stands at 36 at 375 and 40 at 1440 and the active rule still lands on the divider. This board's OTHER residuals are carried from wave 41 unchanged; nothing else on it was re-read, and the row does not claim they moved.). Wave 75 packet P002 owns the board; this row names the AI band only.
9045-171162	partial	src/pages/trade/Spot.tsx	/spot	wave 75 lane Y6, 2026-10-03..04 (was partial): AI band = S3 / G3, the 708 band: r12, pad 6/12, pill Mulish 12/14 62x22, LIVE labels/tag Medium 54x18 gap 4 Mulish 12/14 (read live on 9002:157042 and 9135:85265), glyph #FFFFFF, hairlines white@0.14. The code now draws it: md:rounded-xl = 12 on the card, glow clip and scrim with the dashed rule's rx 11.5 (was 16 and 15.5 from md), pill and LIVE md:text-xs on a 14 line (was 11), LIVE gap 4 (was 2), glyph white (was ash), hairlines white@0.14 (was ash/20), coral by token, scrim backdrop-blur-[2.5px]. Read: w75 Y6 use_figma read2.js (Figma call 1 of 4, ledgered record-kind parity) fingerprinted the AI band on 157 Spot/Perps boards (style + geometry, figma-call1.txt); read3.js (call 2) read its texts and labels/tag subtree. Built: app 97e04ea6c on w75/Y6 (AIConfidenceStrip.tsx; ConfidenceBars fillClassName in BotPredictionOverlay.tsx), pinned by AIConfidenceStrip.boards.figma.test.tsx (18 cases) and the re-pointed figmaGeometry/Cells/hoverReach cases; mutations M0-M18 all killed. Status stays partial: Y6 compared the AI band only; the board's other residuals are wave 41's, carried and not re-read (status.wave42.trade-followups.tsv:119). Wave 75 packet P002 owns the board; this row names the AI band only.
9045-186284	partial	src/pages/trade/Spot.tsx	/spot	wave 75 lane Y6, 2026-10-03..04 (was partial): AI band = S3 / G3, the 708 band: r12, pad 6/12, pill Mulish 12/14 62x22, LIVE labels/tag Medium 54x18 gap 4 Mulish 12/14 (read live on 9002:157042 and 9135:85265), glyph #FFFFFF, hairlines white@0.14. The code now draws it: md:rounded-xl = 12 on the card, glow clip and scrim with the dashed rule's rx 11.5 (was 16 and 15.5 from md), pill and LIVE md:text-xs on a 14 line (was 11), LIVE gap 4 (was 2), glyph white (was ash), hairlines white@0.14 (was ash/20), coral by token, scrim backdrop-blur-[2.5px]. Read: w75 Y6 use_figma read2.js (Figma call 1 of 4, ledgered record-kind parity) fingerprinted the AI band on 157 Spot/Perps boards (style + geometry, figma-call1.txt); read3.js (call 2) read its texts and labels/tag subtree. Built: app 97e04ea6c on w75/Y6 (AIConfidenceStrip.tsx; ConfidenceBars fillClassName in BotPredictionOverlay.tsx), pinned by AIConfidenceStrip.boards.figma.test.tsx (18 cases) and the re-pointed figmaGeometry/Cells/hoverReach cases; mutations M0-M18 all killed. Status stays partial: Y6 compared the AI band only; the board's other residuals are wave 41's, carried and not re-read (status.wave42.trade-followups.tsv:122). Wave 75 packet P002 owns the board; this row names the AI band only.
9045-187547	partial	src/pages/trade/Spot.tsx	/spot	wave 75 lane Y6, 2026-10-03..04 (was partial): AI band = S3 / G3, the 708 band: r12, pad 6/12, pill Mulish 12/14 62x22, LIVE labels/tag Medium 54x18 gap 4 Mulish 12/14 (read live on 9002:157042 and 9135:85265), glyph #FFFFFF, hairlines white@0.14. The code now draws it: md:rounded-xl = 12 on the card, glow clip and scrim with the dashed rule's rx 11.5 (was 16 and 15.5 from md), pill and LIVE md:text-xs on a 14 line (was 11), LIVE gap 4 (was 2), glyph white (was ash), hairlines white@0.14 (was ash/20), coral by token, scrim backdrop-blur-[2.5px]. Read: w75 Y6 use_figma read2.js (Figma call 1 of 4, ledgered record-kind parity) fingerprinted the AI band on 157 Spot/Perps boards (style + geometry, figma-call1.txt); read3.js (call 2) read its texts and labels/tag subtree. Built: app 97e04ea6c on w75/Y6 (AIConfidenceStrip.tsx; ConfidenceBars fillClassName in BotPredictionOverlay.tsx), pinned by AIConfidenceStrip.boards.figma.test.tsx (18 cases) and the re-pointed figmaGeometry/Cells/hoverReach cases; mutations M0-M18 all killed. Status stays partial: Y6 compared the AI band only; the board's other residuals are wave 41's, carried and not re-read (status.wave42.trade-followups.tsv:121). Wave 75 packet P002 owns the board; this row names the AI band only.
9045-188835	partial	src/pages/trade/Spot.tsx	/spot	wave 75 lane Y6, 2026-10-03..04 (was partial): AI band = S3 / G3, the 708 band: r12, pad 6/12, pill Mulish 12/14 62x22, LIVE labels/tag Medium 54x18 gap 4 Mulish 12/14 (read live on 9002:157042 and 9135:85265), glyph #FFFFFF, hairlines white@0.14. The code now draws it: md:rounded-xl = 12 on the card, glow clip and scrim with the dashed rule's rx 11.5 (was 16 and 15.5 from md), pill and LIVE md:text-xs on a 14 line (was 11), LIVE gap 4 (was 2), glyph white (was ash), hairlines white@0.14 (was ash/20), coral by token, scrim backdrop-blur-[2.5px]. Read: w75 Y6 use_figma read2.js (Figma call 1 of 4, ledgered record-kind parity) fingerprinted the AI band on 157 Spot/Perps boards (style + geometry, figma-call1.txt); read3.js (call 2) read its texts and labels/tag subtree. Built: app 97e04ea6c on w75/Y6 (AIConfidenceStrip.tsx; ConfidenceBars fillClassName in BotPredictionOverlay.tsx), pinned by AIConfidenceStrip.boards.figma.test.tsx (18 cases) and the re-pointed figmaGeometry/Cells/hoverReach cases; mutations M0-M18 all killed. Status stays partial: Y6 compared the AI band only; the board's other residuals are wave 41's, carried and not re-read (status.wave42.trade-followups.tsv:120). Wave 75 packet P002 owns the board; this row names the AI band only.
9050-208186	partial	src/pages/trade/Spot.tsx	/spot	wave 75 lane Y6, 2026-10-03..04 (was partial): AI band = S3 / G3, the 708 band: r12, pad 6/12, pill Mulish 12/14 62x22, LIVE labels/tag Medium 54x18 gap 4 Mulish 12/14 (read live on 9002:157042 and 9135:85265), glyph #FFFFFF, hairlines white@0.14. The code now draws it: md:rounded-xl = 12 on the card, glow clip and scrim with the dashed rule's rx 11.5 (was 16 and 15.5 from md), pill and LIVE md:text-xs on a 14 line (was 11), LIVE gap 4 (was 2), glyph white (was ash), hairlines white@0.14 (was ash/20), coral by token, scrim backdrop-blur-[2.5px]. Read: w75 Y6 use_figma read2.js (Figma call 1 of 4, ledgered record-kind parity) fingerprinted the AI band on 157 Spot/Perps boards (style + geometry, figma-call1.txt); read3.js (call 2) read its texts and labels/tag subtree. Built: app 97e04ea6c on w75/Y6 (AIConfidenceStrip.tsx; ConfidenceBars fillClassName in BotPredictionOverlay.tsx), pinned by AIConfidenceStrip.boards.figma.test.tsx (18 cases) and the re-pointed figmaGeometry/Cells/hoverReach cases; mutations M0-M18 all killed. Status stays partial: Y6 compared the AI band only; the board's other residuals are wave 41's, carried and not re-read (status.wave42.trade-followups.tsv:127). Wave 75 packet P002 owns the board; this row names the AI band only.
9050-209536	partial	src/pages/trade/Spot.tsx	/spot	wave 75 lane Y6, 2026-10-03..04 (was partial): AI band = S3 / G3, the 708 band: r12, pad 6/12, pill Mulish 12/14 62x22, LIVE labels/tag Medium 54x18 gap 4 Mulish 12/14 (read live on 9002:157042 and 9135:85265), glyph #FFFFFF, hairlines white@0.14. The code now draws it: md:rounded-xl = 12 on the card, glow clip and scrim with the dashed rule's rx 11.5 (was 16 and 15.5 from md), pill and LIVE md:text-xs on a 14 line (was 11), LIVE gap 4 (was 2), glyph white (was ash), hairlines white@0.14 (was ash/20), coral by token, scrim backdrop-blur-[2.5px]. Read: w75 Y6 use_figma read2.js (Figma call 1 of 4, ledgered record-kind parity) fingerprinted the AI band on 157 Spot/Perps boards (style + geometry, figma-call1.txt); read3.js (call 2) read its texts and labels/tag subtree. Built: app 97e04ea6c on w75/Y6 (AIConfidenceStrip.tsx; ConfidenceBars fillClassName in BotPredictionOverlay.tsx), pinned by AIConfidenceStrip.boards.figma.test.tsx (18 cases) and the re-pointed figmaGeometry/Cells/hoverReach cases; mutations M0-M18 all killed. Status stays partial: Y6 compared the AI band only; the board's other residuals are wave 41's, carried and not re-read (status.wave42.trade-followups.tsv:104). Wave 75 packet P002 owns the board; this row names the AI band only.
9050-212503	partial	src/pages/trade/Spot.tsx	/spot	wave 75 lane Y6, 2026-10-03..04 (was partial): AI band = S3 / G3, the 708 band: r12, pad 6/12, pill Mulish 12/14 62x22, LIVE labels/tag Medium 54x18 gap 4 Mulish 12/14 (read live on 9002:157042 and 9135:85265), glyph #FFFFFF, hairlines white@0.14. The code now draws it: md:rounded-xl = 12 on the card, glow clip and scrim with the dashed rule's rx 11.5 (was 16 and 15.5 from md), pill and LIVE md:text-xs on a 14 line (was 11), LIVE gap 4 (was 2), glyph white (was ash), hairlines white@0.14 (was ash/20), coral by token, scrim backdrop-blur-[2.5px]. Read: w75 Y6 use_figma read2.js (Figma call 1 of 4, ledgered record-kind parity) fingerprinted the AI band on 157 Spot/Perps boards (style + geometry, figma-call1.txt); read3.js (call 2) read its texts and labels/tag subtree. Built: app 97e04ea6c on w75/Y6 (AIConfidenceStrip.tsx; ConfidenceBars fillClassName in BotPredictionOverlay.tsx), pinned by AIConfidenceStrip.boards.figma.test.tsx (18 cases) and the re-pointed figmaGeometry/Cells/hoverReach cases; mutations M0-M18 all killed. Status stays partial: Y6 compared the AI band only; the board's other residuals are wave 41's, carried and not re-read (status.wave42.trade-followups.tsv:131). Wave 75 packet P002 owns the board; this row names the AI band only.
9061-243175	partial	src/pages/trade/Spot.tsx	/spot	wave 75 lane Y6, 2026-10-03..04 (was partial): AI band = S3 / G3, the 708 band: r12, pad 6/12, pill Mulish 12/14 62x22, LIVE labels/tag Medium 54x18 gap 4 Mulish 12/14 (read live on 9002:157042 and 9135:85265), glyph #FFFFFF, hairlines white@0.14. The code now draws it: md:rounded-xl = 12 on the card, glow clip and scrim with the dashed rule's rx 11.5 (was 16 and 15.5 from md), pill and LIVE md:text-xs on a 14 line (was 11), LIVE gap 4 (was 2), glyph white (was ash), hairlines white@0.14 (was ash/20), coral by token, scrim backdrop-blur-[2.5px]. Read: w75 Y6 use_figma read2.js (Figma call 1 of 4, ledgered record-kind parity) fingerprinted the AI band on 157 Spot/Perps boards (style + geometry, figma-call1.txt); read3.js (call 2) read its texts and labels/tag subtree. Built: app 97e04ea6c on w75/Y6 (AIConfidenceStrip.tsx; ConfidenceBars fillClassName in BotPredictionOverlay.tsx), pinned by AIConfidenceStrip.boards.figma.test.tsx (18 cases) and the re-pointed figmaGeometry/Cells/hoverReach cases; mutations M0-M18 all killed. Status stays partial: Y6 compared the AI band only; the board's other residuals are wave 41's, carried and not re-read (status.wave42.trade-followups.tsv:96). Wave 75 packet P002 owns the board; this row names the AI band only.
9069-259546	partial	src/components/trade/ChartSettingsPanel.tsx	/spot	wave 75 lane Y6, 2026-10-03..04 (was partial): AI band = S3 / G3, the 708 band: r12, pad 6/12, pill Mulish 12/14 62x22, LIVE labels/tag Medium 54x18 gap 4 Mulish 12/14 (read live on 9002:157042 and 9135:85265), glyph #FFFFFF, hairlines white@0.14. The code now draws it: md:rounded-xl = 12 on the card, glow clip and scrim with the dashed rule's rx 11.5 (was 16 and 15.5 from md), pill and LIVE md:text-xs on a 14 line (was 11), LIVE gap 4 (was 2), glyph white (was ash), hairlines white@0.14 (was ash/20), coral by token, scrim backdrop-blur-[2.5px]. Read: w75 Y6 use_figma read2.js (Figma call 1 of 4, ledgered record-kind parity) fingerprinted the AI band on 157 Spot/Perps boards (style + geometry, figma-call1.txt); read3.js (call 2) read its texts and labels/tag subtree. Built: app 97e04ea6c on w75/Y6 (AIConfidenceStrip.tsx; ConfidenceBars fillClassName in BotPredictionOverlay.tsx), pinned by AIConfidenceStrip.boards.figma.test.tsx (18 cases) and the re-pointed figmaGeometry/Cells/hoverReach cases; mutations M0-M18 all killed. Status stays partial: Y6 compared the AI band only; the board's other items stand as status.wave42.trade-followups.tsv:139 records them (Carried unchanged and NOT re-read this pass; wave 41 read the drawer node 3931:89692 live and found the whole carried gap list stale. Standing measurement: panel 442x884 at (990,8), body 394 wide at a 24 inset, title row 394x28 with a 16px mark at (378,6), Chart display 394x252 at y=52, Order display 394x184 at y=328 (the 24 gutter the code ships as `mt-6`), CTA 394x62 at y=798 = `lg:h-[62px]`. Both section ...). Wave 75 packet P004 owns the board; this row names the AI band only.
9048-190933	partial	src/pages/trade/Spot.tsx	/spot	wave 75 lane Y6, 2026-10-03..04 (was partial): AI band = S3 / G3, the 708 band: r12, pad 6/12, pill Mulish 12/14 62x22, LIVE labels/tag Medium 54x18 gap 4 Mulish 12/14 (read live on 9002:157042 and 9135:85265), glyph #FFFFFF, hairlines white@0.14. The code now draws it: md:rounded-xl = 12 on the card, glow clip and scrim with the dashed rule's rx 11.5 (was 16 and 15.5 from md), pill and LIVE md:text-xs on a 14 line (was 11), LIVE gap 4 (was 2), glyph white (was ash), hairlines white@0.14 (was ash/20), coral by token, scrim backdrop-blur-[2.5px]. Read: w75 Y6 use_figma read2.js (Figma call 1 of 4, ledgered record-kind parity) fingerprinted the AI band on 157 Spot/Perps boards (style + geometry, figma-call1.txt); read3.js (call 2) read its texts and labels/tag subtree. Built: app 97e04ea6c on w75/Y6 (AIConfidenceStrip.tsx; ConfidenceBars fillClassName in BotPredictionOverlay.tsx), pinned by AIConfidenceStrip.boards.figma.test.tsx (18 cases) and the re-pointed figmaGeometry/Cells/hoverReach cases; mutations M0-M18 all killed. Status stays partial: Y6 compared the AI band only; the board's other residuals are wave 41's, carried and not re-read (status.wave42.trade-followups.tsv:148). Wave 75 packet P004 owns the board; this row names the AI band only.
9002-158964	partial	src/pages/trade/Spot.tsx	/spot	wave 75 lane Y6, 2026-10-03..04 (was partial): AI band = S3 / G3, the 708 band: r12, pad 6/12, pill Mulish 12/14 62x22, LIVE labels/tag Medium 54x18 gap 4 Mulish 12/14 (read live on 9002:157042 and 9135:85265), glyph #FFFFFF, hairlines white@0.14. The code now draws it: md:rounded-xl = 12 on the card, glow clip and scrim with the dashed rule's rx 11.5 (was 16 and 15.5 from md), pill and LIVE md:text-xs on a 14 line (was 11), LIVE gap 4 (was 2), glyph white (was ash), hairlines white@0.14 (was ash/20), coral by token, scrim backdrop-blur-[2.5px]. Read: w75 Y6 use_figma read2.js (Figma call 1 of 4, ledgered record-kind parity) fingerprinted the AI band on 157 Spot/Perps boards (style + geometry, figma-call1.txt); read3.js (call 2) read its texts and labels/tag subtree. Built: app 97e04ea6c on w75/Y6 (AIConfidenceStrip.tsx; ConfidenceBars fillClassName in BotPredictionOverlay.tsx), pinned by AIConfidenceStrip.boards.figma.test.tsx (18 cases) and the re-pointed figmaGeometry/Cells/hoverReach cases; mutations M0-M18 all killed. Status stays partial: Y6 compared the AI band only; the board's other residuals are wave 41's, carried and not re-read (status.wave42.trade-followups.tsv:151). Wave 75 packet P004 owns the board; this row names the AI band only.
9050-214062	partial	src/components/trade/spot/LayoutGrip.tsx	/spot	wave 75 lane Y6, 2026-10-03..04 (was partial): AI band = S3 / G3, the 708 band: r12, pad 6/12, pill Mulish 12/14 62x22, LIVE labels/tag Medium 54x18 gap 4 Mulish 12/14 (read live on 9002:157042 and 9135:85265), glyph #FFFFFF, hairlines white@0.14. The code now draws it: md:rounded-xl = 12 on the card, glow clip and scrim with the dashed rule's rx 11.5 (was 16 and 15.5 from md), pill and LIVE md:text-xs on a 14 line (was 11), LIVE gap 4 (was 2), glyph white (was ash), hairlines white@0.14 (was ash/20), coral by token, scrim backdrop-blur-[2.5px]. Read: w75 Y6 use_figma read2.js (Figma call 1 of 4, ledgered record-kind parity) fingerprinted the AI band on 157 Spot/Perps boards (style + geometry, figma-call1.txt); read3.js (call 2) read its texts and labels/tag subtree. Built: app 97e04ea6c on w75/Y6 (AIConfidenceStrip.tsx; ConfidenceBars fillClassName in BotPredictionOverlay.tsx), pinned by AIConfidenceStrip.boards.figma.test.tsx (18 cases) and the re-pointed figmaGeometry/Cells/hoverReach cases; mutations M0-M18 all killed. Status stays partial: Y6 compared the AI band only; the board's other items stand as status.wave42.trade-followups.tsv:141 records them (The grip's x is settled for this lane by the base-1440 ruling — see 7710-92599, where the base board's `Tool` was re-read live at x=17 and Spot.tsx:540 already pins it. This board draws the grip at its own inset (9 at 375, 20 at 768) and that stays recorded rather than built, per base-governs. The carried body of this row is unchanged and was not re-read: the drawer mounts on the mobile branch at Spot.tsx:475-482 ...). Wave 75 packet P004 owns the board; this row names the AI band only.
9780-145861	partial	src/pages/trade/Spot.tsx	/spot	wave 75 lane Y6, 2026-10-03..04 (was partial): AI band = S3 / G3, the 708 band: r12, pad 6/12, pill Mulish 12/14 62x22, LIVE labels/tag Medium 54x18 gap 4 Mulish 12/14 (read live on 9002:157042 and 9135:85265), glyph #FFFFFF, hairlines white@0.14. The code now draws it: md:rounded-xl = 12 on the card, glow clip and scrim with the dashed rule's rx 11.5 (was 16 and 15.5 from md), pill and LIVE md:text-xs on a 14 line (was 11), LIVE gap 4 (was 2), glyph white (was ash), hairlines white@0.14 (was ash/20), coral by token, scrim backdrop-blur-[2.5px]. Read: w75 Y6 use_figma read2.js (Figma call 1 of 4, ledgered record-kind parity) fingerprinted the AI band on 157 Spot/Perps boards (style + geometry, figma-call1.txt); read3.js (call 2) read its texts and labels/tag subtree. Built: app 97e04ea6c on w75/Y6 (AIConfidenceStrip.tsx; ConfidenceBars fillClassName in BotPredictionOverlay.tsx), pinned by AIConfidenceStrip.boards.figma.test.tsx (18 cases) and the re-pointed figmaGeometry/Cells/hoverReach cases; mutations M0-M18 all killed. Status stays partial: Y6 compared the AI band only; the board's other residuals are wave 41's, carried and not re-read (status.wave42.trade-followups.tsv:208). Wave 75 packet P004 owns the board; this row names the AI band only.
13006-255386	partial	src/components/home-redesign/HomeSidebarExpanded.tsx	/spot	wave 75 lane Y6, 2026-10-03..04 (was partial): AI band = S3 / G3, the 708 band: r12, pad 6/12, pill Mulish 12/14 62x22, LIVE labels/tag Medium 54x18 gap 4 Mulish 12/14 (read live on 9002:157042 and 9135:85265), glyph #FFFFFF, hairlines white@0.14. The code now draws it: md:rounded-xl = 12 on the card, glow clip and scrim with the dashed rule's rx 11.5 (was 16 and 15.5 from md), pill and LIVE md:text-xs on a 14 line (was 11), LIVE gap 4 (was 2), glyph white (was ash), hairlines white@0.14 (was ash/20), coral by token, scrim backdrop-blur-[2.5px]. Read: w75 Y6 use_figma read2.js (Figma call 1 of 4, ledgered record-kind parity) fingerprinted the AI band on 157 Spot/Perps boards (style + geometry, figma-call1.txt); read3.js (call 2) read its texts and labels/tag subtree. Built: app 97e04ea6c on w75/Y6 (AIConfidenceStrip.tsx; ConfidenceBars fillClassName in BotPredictionOverlay.tsx), pinned by AIConfidenceStrip.boards.figma.test.tsx (18 cases) and the re-pointed figmaGeometry/Cells/hoverReach cases; mutations M0-M18 all killed. Status stays partial: Y6 compared the AI band only; the board's other items stand as status.wave24.home-1.tsv:39 records them (NOT TOUCHED - /spot belongs to another session this wave and the row is carried verbatim. The divergence it used to report is fixed in HEAD: the frame draws eight rows on the trade rail and highlights Swaps, and the rail ships all eight, with Swaps resolving to the wallet swap modal since swap has no page. Still partial because the frame's geometry has not been compared against the render, and its 768 header and ...). Wave 75 packet P004 owns the board; this row names the AI band only.
9772-76942	partial	src/pages/trade/Spot.tsx	/spot	wave 75 lane Y6, 2026-10-03..04 (was partial): AI band = S4 / G4, the later-cut 375 band: full bleed r0, pill Mulish 10/14 57x18, LIVE labels/tag Small 48x18 gap 2 Mulish 10/14 (read live on 9801:112126), glyph #FFFFFF, glow #44C975 at -299,60. The code now draws the glyph white (was ash) and the glow at top 60 (was 59); r0, type and gap were already right and are now pinned. Read: w75 Y6 use_figma read2.js (Figma call 1 of 4, ledgered record-kind parity) fingerprinted the AI band on 157 Spot/Perps boards (style + geometry, figma-call1.txt); read3.js (call 2) read its texts and labels/tag subtree. Built: app 97e04ea6c on w75/Y6 (AIConfidenceStrip.tsx; ConfidenceBars fillClassName in BotPredictionOverlay.tsx), pinned by AIConfidenceStrip.boards.figma.test.tsx (18 cases) and the re-pointed figmaGeometry/Cells/hoverReach cases; mutations M0-M18 all killed. Status stays partial: Y6 compared the AI band only; the board's other items stand as status.wave74.P001.tsv:13 records them (store spec 9772-76942 (0 calls): chart card 9772:77013/9772:78025 = the census chartNavCensus pins (9772:80987/81999), matches. Header is a two-row card (pair + 36 CTA, stats row) where MarketHeaderCompact draws one row (P007); AI band and tab row not this packet's (P004). Nothing built). Wave 75 packet P001 owns the board; this row names the AI band only.
8650-94501	partial	src/pages/trade/Spot.tsx	/spot	wave 75 lane Y6, 2026-10-03..04 (was partial): AI band = S5 / G5, the earlier-cut 346 r12 inset card; the later-cut S4 full-bleed band (9772:76972 and every 97xx-98xx 375 board) governs (later-cut rule, WAVE48-INTEGRITY) and the code draws S4, unchanged in shape. The items both cuts share now match: glyph white (was ash), glow top 60 (was 59). Read: w75 Y6 use_figma read2.js (Figma call 1 of 4, ledgered record-kind parity) fingerprinted the AI band on 157 Spot/Perps boards (style + geometry, figma-call1.txt); read3.js (call 2) read its texts and labels/tag subtree. Built: app 97e04ea6c on w75/Y6 (AIConfidenceStrip.tsx; ConfidenceBars fillClassName in BotPredictionOverlay.tsx), pinned by AIConfidenceStrip.boards.figma.test.tsx (18 cases) and the re-pointed figmaGeometry/Cells/hoverReach cases; mutations M0-M18 all killed. Status stays partial: Y6 compared the AI band only; the board's other items stand as status.wave58.trade-spot.tsv:25 records them (READ LIVE 2026-09-21 whole (get_metadata) and the chart section screenshotted, FIRST READING EVER - the row had carried wave 41's verdict verbatim. The width in the title is right and the height is not: the node is 375x1030 under "375 x 812px", Header-mobile 375x48 at (0,0) and Bottom-navigation-mobile 375x54 at (0,976), so like 8626-85537 this is the UNCROPPED phone board, but the registry derives the breakpoint ...). Wave 75 packet P002 owns the board; this row names the AI band only.
8650-94724	partial	src/pages/trade/Spot.tsx	/spot	wave 75 lane Y6, 2026-10-03..04 (was partial): AI band = S5 / G5, the earlier-cut 346 r12 inset card; the later-cut S4 full-bleed band (9772:76972 and every 97xx-98xx 375 board) governs (later-cut rule, WAVE48-INTEGRITY) and the code draws S4, unchanged in shape. The items both cuts share now match: glyph white (was ash), glow top 60 (was 59). Read: w75 Y6 use_figma read2.js (Figma call 1 of 4, ledgered record-kind parity) fingerprinted the AI band on 157 Spot/Perps boards (style + geometry, figma-call1.txt); read3.js (call 2) read its texts and labels/tag subtree. Built: app 97e04ea6c on w75/Y6 (AIConfidenceStrip.tsx; ConfidenceBars fillClassName in BotPredictionOverlay.tsx), pinned by AIConfidenceStrip.boards.figma.test.tsx (18 cases) and the re-pointed figmaGeometry/Cells/hoverReach cases; mutations M0-M18 all killed. Status stays partial: Y6 compared the AI band only; the board's other items stand as status.wave65.trade-spot.tsv:36 records them (NOT RE-READ - the Figma connector was down all wave. BASIS: status.wave58.trade-spot.tsv:24, read 2026-09-21 by get_metadata on the whole 8650:94724 board: column Frame 1218 8650:97444 346x936.9998 at (14,64) - Frame 6 106, Frame 11 94, card group 456, Frame 444 256.9999, on 8 gaps = 937 - and the docked pair Frame 1217 8650:94947 360x56 at (8,690) holding two CTA/button 168x40. Nothing was built and nothing on this ...). Wave 75 packet P002 owns the board; this row names the AI band only.
8650-94950	partial	src/components/trade/order/OrderEntryPanel.tsx	/spot	wave 75 lane Y6, 2026-10-03..04 (was partial): AI band = S5 / G5, the earlier-cut 346 r12 inset card; the later-cut S4 full-bleed band (9772:76972 and every 97xx-98xx 375 board) governs (later-cut rule, WAVE48-INTEGRITY) and the code draws S4, unchanged in shape. The items both cuts share now match: glyph white (was ash), glow top 60 (was 59). Read: w75 Y6 use_figma read2.js (Figma call 1 of 4, ledgered record-kind parity) fingerprinted the AI band on 157 Spot/Perps boards (style + geometry, figma-call1.txt); read3.js (call 2) read its texts and labels/tag subtree. Built: app 97e04ea6c on w75/Y6 (AIConfidenceStrip.tsx; ConfidenceBars fillClassName in BotPredictionOverlay.tsx), pinned by AIConfidenceStrip.boards.figma.test.tsx (18 cases) and the re-pointed figmaGeometry/Cells/hoverReach cases; mutations M0-M18 all killed. Status stays partial: Y6 compared the AI band only; the board's other items stand as status.wave58.trade-spot.tsv:23 records them (READ LIVE 2026-09-21 whole (get_metadata), FIRST READING EVER - the row had carried wave 41's verdict verbatim. Title correct (375 x 812px on a 375x812 node, Header-mobile 375x48 at 0,0 and Bottom-navigation-mobile 375x54 at 0,758). THE BOARD'S OWN SUBJECT is the order-ticket sheet Frame 446 8650:95171, FULL-BLEED 375x556 at (0,256) - a third tablet-and-phone sheet treatment in this slice, after 8558-139280's ...). Wave 75 packet P002 owns the board; this row names the AI band only.
8666-109490	partial	src/pages/trade/Spot.tsx	/trade/spot	wave 75 lane Y6, 2026-10-03..04 (was partial): AI band = S5 / G5, the earlier-cut 346 r12 inset card; the later-cut S4 full-bleed band (9772:76972 and every 97xx-98xx 375 board) governs (later-cut rule, WAVE48-INTEGRITY) and the code draws S4, unchanged in shape. The items both cuts share now match: glyph white (was ash), glow top 60 (was 59). Read: w75 Y6 use_figma read2.js (Figma call 1 of 4, ledgered record-kind parity) fingerprinted the AI band on 157 Spot/Perps boards (style + geometry, figma-call1.txt); read3.js (call 2) read its texts and labels/tag subtree. Built: app 97e04ea6c on w75/Y6 (AIConfidenceStrip.tsx; ConfidenceBars fillClassName in BotPredictionOverlay.tsx), pinned by AIConfidenceStrip.boards.figma.test.tsx (18 cases) and the re-pointed figmaGeometry/Cells/hoverReach cases; mutations M0-M18 all killed. Status stays partial: Y6 compared the AI band only; the board's other residuals are wave 41's, carried and not re-read (status.wave42.trade-followups.tsv:185). Wave 75 packet P002 owns the board; this row names the AI band only.
8684-162077	partial	src/pages/trade/Spot.tsx	/spot	wave 75 lane Y6, 2026-10-03..04 (was partial): AI band = S5 / G5, the earlier-cut 346 r12 inset card; the later-cut S4 full-bleed band (9772:76972 and every 97xx-98xx 375 board) governs (later-cut rule, WAVE48-INTEGRITY) and the code draws S4, unchanged in shape. The items both cuts share now match: glyph white (was ash), glow top 60 (was 59). Read: w75 Y6 use_figma read2.js (Figma call 1 of 4, ledgered record-kind parity) fingerprinted the AI band on 157 Spot/Perps boards (style + geometry, figma-call1.txt); read3.js (call 2) read its texts and labels/tag subtree. Built: app 97e04ea6c on w75/Y6 (AIConfidenceStrip.tsx; ConfidenceBars fillClassName in BotPredictionOverlay.tsx), pinned by AIConfidenceStrip.boards.figma.test.tsx (18 cases) and the re-pointed figmaGeometry/Cells/hoverReach cases; mutations M0-M18 all killed. Status stays partial: Y6 compared the AI band only; the board's other residuals are wave 41's, carried and not re-read (status.wave42.trade-followups.tsv:186). Wave 75 packet P002 owns the board; this row names the AI band only.
8684-166194	partial	src/pages/trade/Spot.tsx	/spot	wave 75 lane Y6, 2026-10-03..04 (was partial): AI band = S5 / G5, the earlier-cut 346 r12 inset card; the later-cut S4 full-bleed band (9772:76972 and every 97xx-98xx 375 board) governs (later-cut rule, WAVE48-INTEGRITY) and the code draws S4, unchanged in shape. The items both cuts share now match: glyph white (was ash), glow top 60 (was 59). Read: w75 Y6 use_figma read2.js (Figma call 1 of 4, ledgered record-kind parity) fingerprinted the AI band on 157 Spot/Perps boards (style + geometry, figma-call1.txt); read3.js (call 2) read its texts and labels/tag subtree. Built: app 97e04ea6c on w75/Y6 (AIConfidenceStrip.tsx; ConfidenceBars fillClassName in BotPredictionOverlay.tsx), pinned by AIConfidenceStrip.boards.figma.test.tsx (18 cases) and the re-pointed figmaGeometry/Cells/hoverReach cases; mutations M0-M18 all killed. Status stays partial: Y6 compared the AI band only; the board's other residuals are wave 41's, carried and not re-read (status.wave42.trade-followups.tsv:178). Wave 75 packet P002 owns the board; this row names the AI band only.
8684-166395	partial	src/pages/trade/Spot.tsx	/spot	wave 75 lane Y6, 2026-10-03..04 (was partial): AI band = S5 / G5, the earlier-cut 346 r12 inset card; the later-cut S4 full-bleed band (9772:76972 and every 97xx-98xx 375 board) governs (later-cut rule, WAVE48-INTEGRITY) and the code draws S4, unchanged in shape. The items both cuts share now match: glyph white (was ash), glow top 60 (was 59). Read: w75 Y6 use_figma read2.js (Figma call 1 of 4, ledgered record-kind parity) fingerprinted the AI band on 157 Spot/Perps boards (style + geometry, figma-call1.txt); read3.js (call 2) read its texts and labels/tag subtree. Built: app 97e04ea6c on w75/Y6 (AIConfidenceStrip.tsx; ConfidenceBars fillClassName in BotPredictionOverlay.tsx), pinned by AIConfidenceStrip.boards.figma.test.tsx (18 cases) and the re-pointed figmaGeometry/Cells/hoverReach cases; mutations M0-M18 all killed. Status stays partial: Y6 compared the AI band only; the board's other residuals are wave 41's, carried and not re-read (status.wave42.trade-followups.tsv:183). Wave 75 packet P002 owns the board; this row names the AI band only.
8684-166596	partial	src/pages/trade/Spot.tsx	/spot	wave 75 lane Y6, 2026-10-03..04 (was partial): AI band = S5 / G5, the earlier-cut 346 r12 inset card; the later-cut S4 full-bleed band (9772:76972 and every 97xx-98xx 375 board) governs (later-cut rule, WAVE48-INTEGRITY) and the code draws S4, unchanged in shape. The items both cuts share now match: glyph white (was ash), glow top 60 (was 59). Read: w75 Y6 use_figma read2.js (Figma call 1 of 4, ledgered record-kind parity) fingerprinted the AI band on 157 Spot/Perps boards (style + geometry, figma-call1.txt); read3.js (call 2) read its texts and labels/tag subtree. Built: app 97e04ea6c on w75/Y6 (AIConfidenceStrip.tsx; ConfidenceBars fillClassName in BotPredictionOverlay.tsx), pinned by AIConfidenceStrip.boards.figma.test.tsx (18 cases) and the re-pointed figmaGeometry/Cells/hoverReach cases; mutations M0-M18 all killed. Status stays partial: Y6 compared the AI band only; the board's other residuals are wave 41's, carried and not re-read (status.wave42.trade-followups.tsv:110). Wave 75 packet P002 owns the board; this row names the AI band only.
8687-102751	partial	src/pages/trade/Spot.tsx	/spot	wave 75 lane Y6, 2026-10-03..04 (was partial): AI band = S5 / G5, the earlier-cut 346 r12 inset card; the later-cut S4 full-bleed band (9772:76972 and every 97xx-98xx 375 board) governs (later-cut rule, WAVE48-INTEGRITY) and the code draws S4, unchanged in shape. The items both cuts share now match: glyph white (was ash), glow top 60 (was 59). Read: w75 Y6 use_figma read2.js (Figma call 1 of 4, ledgered record-kind parity) fingerprinted the AI band on 157 Spot/Perps boards (style + geometry, figma-call1.txt); read3.js (call 2) read its texts and labels/tag subtree. Built: app 97e04ea6c on w75/Y6 (AIConfidenceStrip.tsx; ConfidenceBars fillClassName in BotPredictionOverlay.tsx), pinned by AIConfidenceStrip.boards.figma.test.tsx (18 cases) and the re-pointed figmaGeometry/Cells/hoverReach cases; mutations M0-M18 all killed. Status stays partial: Y6 compared the AI band only; the board's other residuals are wave 41's, carried and not re-read (status.wave42.trade-followups.tsv:184). Wave 75 packet P002 owns the board; this row names the AI band only.
8687-103072	partial	src/pages/trade/Spot.tsx	/spot	wave 75 lane Y6, 2026-10-03..04 (was partial): AI band = S5 / G5, the earlier-cut 346 r12 inset card; the later-cut S4 full-bleed band (9772:76972 and every 97xx-98xx 375 board) governs (later-cut rule, WAVE48-INTEGRITY) and the code draws S4, unchanged in shape. The items both cuts share now match: glyph white (was ash), glow top 60 (was 59). Read: w75 Y6 use_figma read2.js (Figma call 1 of 4, ledgered record-kind parity) fingerprinted the AI band on 157 Spot/Perps boards (style + geometry, figma-call1.txt); read3.js (call 2) read its texts and labels/tag subtree. Built: app 97e04ea6c on w75/Y6 (AIConfidenceStrip.tsx; ConfidenceBars fillClassName in BotPredictionOverlay.tsx), pinned by AIConfidenceStrip.boards.figma.test.tsx (18 cases) and the re-pointed figmaGeometry/Cells/hoverReach cases; mutations M0-M18 all killed. Status stays partial: Y6 compared the AI band only; the board's other residuals are wave 41's, carried and not re-read (status.wave42.trade-followups.tsv:111). Wave 75 packet P002 owns the board; this row names the AI band only.
8828-62440	partial	src/pages/trade/Spot.tsx	/spot	wave 75 lane Y6, 2026-10-03..04 (was partial): AI band = S5 / G5, the earlier-cut 346 r12 inset card; the later-cut S4 full-bleed band (9772:76972 and every 97xx-98xx 375 board) governs (later-cut rule, WAVE48-INTEGRITY) and the code draws S4, unchanged in shape. The items both cuts share now match: glyph white (was ash), glow top 60 (was 59). Read: w75 Y6 use_figma read2.js (Figma call 1 of 4, ledgered record-kind parity) fingerprinted the AI band on 157 Spot/Perps boards (style + geometry, figma-call1.txt); read3.js (call 2) read its texts and labels/tag subtree. Built: app 97e04ea6c on w75/Y6 (AIConfidenceStrip.tsx; ConfidenceBars fillClassName in BotPredictionOverlay.tsx), pinned by AIConfidenceStrip.boards.figma.test.tsx (18 cases) and the re-pointed figmaGeometry/Cells/hoverReach cases; mutations M0-M18 all killed. Status stays partial: Y6 compared the AI band only; the board's other residuals are wave 41's, carried and not re-read (status.wave42.trade-followups.tsv:164). Wave 75 packet P003 owns the board; this row names the AI band only.
8828-63922	partial	src/pages/trade/Spot.tsx	/spot	wave 75 lane Y6, 2026-10-03..04 (was partial): AI band = S5 / G5, the earlier-cut 346 r12 inset card; the later-cut S4 full-bleed band (9772:76972 and every 97xx-98xx 375 board) governs (later-cut rule, WAVE48-INTEGRITY) and the code draws S4, unchanged in shape. The items both cuts share now match: glyph white (was ash), glow top 60 (was 59). Read: w75 Y6 use_figma read2.js (Figma call 1 of 4, ledgered record-kind parity) fingerprinted the AI band on 157 Spot/Perps boards (style + geometry, figma-call1.txt); read3.js (call 2) read its texts and labels/tag subtree. Built: app 97e04ea6c on w75/Y6 (AIConfidenceStrip.tsx; ConfidenceBars fillClassName in BotPredictionOverlay.tsx), pinned by AIConfidenceStrip.boards.figma.test.tsx (18 cases) and the re-pointed figmaGeometry/Cells/hoverReach cases; mutations M0-M18 all killed. Status stays partial: Y6 compared the AI band only; the board's other residuals are wave 41's, carried and not re-read (status.wave42.trade-followups.tsv:180). Wave 75 packet P003 owns the board; this row names the AI band only.
8833-69806	partial	src/pages/trade/Spot.tsx	/spot	wave 75 lane Y6, 2026-10-03..04 (was partial): AI band = S5 / G5, the earlier-cut 346 r12 inset card; the later-cut S4 full-bleed band (9772:76972 and every 97xx-98xx 375 board) governs (later-cut rule, WAVE48-INTEGRITY) and the code draws S4, unchanged in shape. The items both cuts share now match: glyph white (was ash), glow top 60 (was 59). Read: w75 Y6 use_figma read2.js (Figma call 1 of 4, ledgered record-kind parity) fingerprinted the AI band on 157 Spot/Perps boards (style + geometry, figma-call1.txt); read3.js (call 2) read its texts and labels/tag subtree. Built: app 97e04ea6c on w75/Y6 (AIConfidenceStrip.tsx; ConfidenceBars fillClassName in BotPredictionOverlay.tsx), pinned by AIConfidenceStrip.boards.figma.test.tsx (18 cases) and the re-pointed figmaGeometry/Cells/hoverReach cases; mutations M0-M18 all killed. Status stays partial: Y6 compared the AI band only; the board's other residuals are wave 41's, carried and not re-read (status.wave42.trade-followups.tsv:179). Wave 75 packet P003 owns the board; this row names the AI band only.
8833-72738	partial	src/pages/trade/Spot.tsx	/spot	wave 75 lane Y6, 2026-10-03..04 (was partial): AI band = S5 / G5, the earlier-cut 346 r12 inset card; the later-cut S4 full-bleed band (9772:76972 and every 97xx-98xx 375 board) governs (later-cut rule, WAVE48-INTEGRITY) and the code draws S4, unchanged in shape. The items both cuts share now match: glyph white (was ash), glow top 60 (was 59). Read: w75 Y6 use_figma read2.js (Figma call 1 of 4, ledgered record-kind parity) fingerprinted the AI band on 157 Spot/Perps boards (style + geometry, figma-call1.txt); read3.js (call 2) read its texts and labels/tag subtree. Built: app 97e04ea6c on w75/Y6 (AIConfidenceStrip.tsx; ConfidenceBars fillClassName in BotPredictionOverlay.tsx), pinned by AIConfidenceStrip.boards.figma.test.tsx (18 cases) and the re-pointed figmaGeometry/Cells/hoverReach cases; mutations M0-M18 all killed. Status stays partial: Y6 compared the AI band only; the board's other residuals are wave 41's, carried and not re-read (status.wave42.trade-followups.tsv:163). Wave 75 packet P003 owns the board; this row names the AI band only.
8931-65660	partial	src/pages/trade/Spot.tsx	/spot	wave 75 lane Y6, 2026-10-03..04 (was partial): AI band = S5 / G5, the earlier-cut 346 r12 inset card; the later-cut S4 full-bleed band (9772:76972 and every 97xx-98xx 375 board) governs (later-cut rule, WAVE48-INTEGRITY) and the code draws S4, unchanged in shape. The items both cuts share now match: glyph white (was ash), glow top 60 (was 59). Read: w75 Y6 use_figma read2.js (Figma call 1 of 4, ledgered record-kind parity) fingerprinted the AI band on 157 Spot/Perps boards (style + geometry, figma-call1.txt); read3.js (call 2) read its texts and labels/tag subtree. Built: app 97e04ea6c on w75/Y6 (AIConfidenceStrip.tsx; ConfidenceBars fillClassName in BotPredictionOverlay.tsx), pinned by AIConfidenceStrip.boards.figma.test.tsx (18 cases) and the re-pointed figmaGeometry/Cells/hoverReach cases; mutations M0-M18 all killed. Status stays partial: Y6 compared the AI band only; the board's other residuals are wave 41's, carried and not re-read (status.wave42.trade-followups.tsv:182). Wave 75 packet P003 owns the board; this row names the AI band only.
8941-78943	partial	src/pages/trade/Spot.tsx	/spot	wave 75 lane Y6, 2026-10-03..04 (was partial): AI band = S5 / G5, the earlier-cut 346 r12 inset card; the later-cut S4 full-bleed band (9772:76972 and every 97xx-98xx 375 board) governs (later-cut rule, WAVE48-INTEGRITY) and the code draws S4, unchanged in shape. The items both cuts share now match: glyph white (was ash), glow top 60 (was 59). Read: w75 Y6 use_figma read2.js (Figma call 1 of 4, ledgered record-kind parity) fingerprinted the AI band on 157 Spot/Perps boards (style + geometry, figma-call1.txt); read3.js (call 2) read its texts and labels/tag subtree. Built: app 97e04ea6c on w75/Y6 (AIConfidenceStrip.tsx; ConfidenceBars fillClassName in BotPredictionOverlay.tsx), pinned by AIConfidenceStrip.boards.figma.test.tsx (18 cases) and the re-pointed figmaGeometry/Cells/hoverReach cases; mutations M0-M18 all killed. Status stays partial: Y6 compared the AI band only; the board's other residuals are wave 41's, carried and not re-read (status.wave42.trade-followups.tsv:176). Wave 75 packet P003 owns the board; this row names the AI band only.
9490-145643	partial	src/pages/trade/Spot.tsx	/spot	wave 75 lane Y6, 2026-10-03..04 (was partial): AI band = S6 / G6, the earlier-cut 343 r12 inset card; the later-cut S4 full-bleed band governs (later-cut rule, WAVE48-INTEGRITY) and the code draws S4, unchanged in shape. Shared items now match: glyph white (was ash), glow top 60 (was 59). Read: w75 Y6 use_figma read2.js (Figma call 1 of 4, ledgered record-kind parity) fingerprinted the AI band on 157 Spot/Perps boards (style + geometry, figma-call1.txt); read3.js (call 2) read its texts and labels/tag subtree. Built: app 97e04ea6c on w75/Y6 (AIConfidenceStrip.tsx; ConfidenceBars fillClassName in BotPredictionOverlay.tsx), pinned by AIConfidenceStrip.boards.figma.test.tsx (18 cases) and the re-pointed figmaGeometry/Cells/hoverReach cases; mutations M0-M18 all killed. Status stays partial: Y6 compared the AI band only; the board's other items stand as status.wave42.trade-followups.tsv:165 records them (Draws Frame 299, whose 34-against-36 was the fourth item this lane was handed and is now built — see 3931-93237 for the live read of 9774:89840 and the arithmetic. The strip stands at 36 at 375 and 40 at 1440 and the active rule still lands on the divider. This board's OTHER residuals are carried from wave 41 unchanged; nothing else on it was re-read, and the row does not claim they moved.). Wave 75 packet P003 owns the board; this row names the AI band only.
9490-147063	partial	src/pages/trade/Spot.tsx	/spot	wave 75 lane Y6, 2026-10-03..04 (was partial): AI band = S4 / G4, the later-cut 375 band: full bleed r0, pill Mulish 10/14 57x18, LIVE labels/tag Small 48x18 gap 2 Mulish 10/14 (read live on 9801:112126), glyph #FFFFFF, glow #44C975 at -299,60. The code now draws the glyph white (was ash) and the glow at top 60 (was 59); r0, type and gap were already right and are now pinned. Read: w75 Y6 use_figma read2.js (Figma call 1 of 4, ledgered record-kind parity) fingerprinted the AI band on 157 Spot/Perps boards (style + geometry, figma-call1.txt); read3.js (call 2) read its texts and labels/tag subtree. Built: app 97e04ea6c on w75/Y6 (AIConfidenceStrip.tsx; ConfidenceBars fillClassName in BotPredictionOverlay.tsx), pinned by AIConfidenceStrip.boards.figma.test.tsx (18 cases) and the re-pointed figmaGeometry/Cells/hoverReach cases; mutations M0-M18 all killed. Status stays partial: Y6 compared the AI band only; the board's other items stand as status.wave42.trade-followups.tsv:166 records them (Draws Frame 299, whose 34-against-36 was the fourth item this lane was handed and is now built — see 3931-93237 for the live read of 9774:89840 and the arithmetic. The strip stands at 36 at 375 and 40 at 1440 and the active rule still lands on the divider. This board's OTHER residuals are carried from wave 41 unchanged; nothing else on it was re-read, and the row does not claim they moved.). Wave 75 packet P003 owns the board; this row names the AI band only.
9490-148310	partial	src/pages/trade/Spot.tsx	/spot	wave 75 lane Y6, 2026-10-03..04 (was partial): AI band = S4 / G4, the later-cut 375 band: full bleed r0, pill Mulish 10/14 57x18, LIVE labels/tag Small 48x18 gap 2 Mulish 10/14 (read live on 9801:112126), glyph #FFFFFF, glow #44C975 at -299,60. The code now draws the glyph white (was ash) and the glow at top 60 (was 59); r0, type and gap were already right and are now pinned. Read: w75 Y6 use_figma read2.js (Figma call 1 of 4, ledgered record-kind parity) fingerprinted the AI band on 157 Spot/Perps boards (style + geometry, figma-call1.txt); read3.js (call 2) read its texts and labels/tag subtree. Built: app 97e04ea6c on w75/Y6 (AIConfidenceStrip.tsx; ConfidenceBars fillClassName in BotPredictionOverlay.tsx), pinned by AIConfidenceStrip.boards.figma.test.tsx (18 cases) and the re-pointed figmaGeometry/Cells/hoverReach cases; mutations M0-M18 all killed. Status stays partial: Y6 compared the AI band only; the board's other items stand as status.wave42.trade-followups.tsv:167 records them (Draws Frame 299, whose 34-against-36 was the fourth item this lane was handed and is now built — see 3931-93237 for the live read of 9774:89840 and the arithmetic. The strip stands at 36 at 375 and 40 at 1440 and the active rule still lands on the divider. This board's OTHER residuals are carried from wave 41 unchanged; nothing else on it was re-read, and the row does not claim they moved.). Wave 75 packet P003 owns the board; this row names the AI band only.
9490-149563	partial	src/pages/trade/Spot.tsx	/spot	wave 75 lane Y6, 2026-10-03..04 (was partial): AI band = S7 / G7, the earlier-cut 375 r0 band on a 23.5 side pad; the later-cut S4 band (pad 16) governs (later-cut rule, WAVE48-INTEGRITY) and the code draws S4, unchanged in shape. Shared items now match: glyph white (was ash), glow top 60 (was 59). Read: w75 Y6 use_figma read2.js (Figma call 1 of 4, ledgered record-kind parity) fingerprinted the AI band on 157 Spot/Perps boards (style + geometry, figma-call1.txt); read3.js (call 2) read its texts and labels/tag subtree. Built: app 97e04ea6c on w75/Y6 (AIConfidenceStrip.tsx; ConfidenceBars fillClassName in BotPredictionOverlay.tsx), pinned by AIConfidenceStrip.boards.figma.test.tsx (18 cases) and the re-pointed figmaGeometry/Cells/hoverReach cases; mutations M0-M18 all killed. Status stays partial: Y6 compared the AI band only; the board's other residuals are wave 41's, carried and not re-read (status.wave42.trade-followups.tsv:168). Wave 75 packet P003 owns the board; this row names the AI band only.
9500-151115	partial	src/pages/trade/Spot.tsx	/spot	wave 75 lane Y6, 2026-10-03..04 (was partial): AI band = S4 / G4, the later-cut 375 band: full bleed r0, pill Mulish 10/14 57x18, LIVE labels/tag Small 48x18 gap 2 Mulish 10/14 (read live on 9801:112126), glyph #FFFFFF, glow #44C975 at -299,60. The code now draws the glyph white (was ash) and the glow at top 60 (was 59); r0, type and gap were already right and are now pinned. Read: w75 Y6 use_figma read2.js (Figma call 1 of 4, ledgered record-kind parity) fingerprinted the AI band on 157 Spot/Perps boards (style + geometry, figma-call1.txt); read3.js (call 2) read its texts and labels/tag subtree. Built: app 97e04ea6c on w75/Y6 (AIConfidenceStrip.tsx; ConfidenceBars fillClassName in BotPredictionOverlay.tsx), pinned by AIConfidenceStrip.boards.figma.test.tsx (18 cases) and the re-pointed figmaGeometry/Cells/hoverReach cases; mutations M0-M18 all killed. Status stays partial: Y6 compared the AI band only; the board's other residuals are wave 41's, carried and not re-read (status.wave42.trade-followups.tsv:169). Wave 75 packet P003 owns the board; this row names the AI band only.
9500-163410	partial	src/pages/trade/Spot.tsx	/spot	wave 75 lane Y6, 2026-10-03..04 (was partial): AI band = S7 / G7, the earlier-cut 375 r0 band on a 23.5 side pad; the later-cut S4 band (pad 16) governs (later-cut rule, WAVE48-INTEGRITY) and the code draws S4, unchanged in shape. Shared items now match: glyph white (was ash), glow top 60 (was 59). Read: w75 Y6 use_figma read2.js (Figma call 1 of 4, ledgered record-kind parity) fingerprinted the AI band on 157 Spot/Perps boards (style + geometry, figma-call1.txt); read3.js (call 2) read its texts and labels/tag subtree. Built: app 97e04ea6c on w75/Y6 (AIConfidenceStrip.tsx; ConfidenceBars fillClassName in BotPredictionOverlay.tsx), pinned by AIConfidenceStrip.boards.figma.test.tsx (18 cases) and the re-pointed figmaGeometry/Cells/hoverReach cases; mutations M0-M18 all killed. Status stays partial: Y6 compared the AI band only; the board's other residuals are wave 41's, carried and not re-read (status.wave42.trade-followups.tsv:172). Wave 75 packet P003 owns the board; this row names the AI band only.
9500-164534	partial	src/pages/trade/Spot.tsx	/spot	wave 75 lane Y6, 2026-10-03..04 (was partial): AI band = S4 / G4, the later-cut 375 band: full bleed r0, pill Mulish 10/14 57x18, LIVE labels/tag Small 48x18 gap 2 Mulish 10/14 (read live on 9801:112126), glyph #FFFFFF, glow #44C975 at -299,60. The code now draws the glyph white (was ash) and the glow at top 60 (was 59); r0, type and gap were already right and are now pinned. Read: w75 Y6 use_figma read2.js (Figma call 1 of 4, ledgered record-kind parity) fingerprinted the AI band on 157 Spot/Perps boards (style + geometry, figma-call1.txt); read3.js (call 2) read its texts and labels/tag subtree. Built: app 97e04ea6c on w75/Y6 (AIConfidenceStrip.tsx; ConfidenceBars fillClassName in BotPredictionOverlay.tsx), pinned by AIConfidenceStrip.boards.figma.test.tsx (18 cases) and the re-pointed figmaGeometry/Cells/hoverReach cases; mutations M0-M18 all killed. Status stays partial: Y6 compared the AI band only; the board's other residuals are wave 41's, carried and not re-read (status.wave42.trade-followups.tsv:173). Wave 75 packet P003 owns the board; this row names the AI band only.
9770-133659	partial	src/pages/trade/Spot.tsx	/spot	wave 75 lane Y6, 2026-10-03..04 (was partial): AI band = S4 / G4, the later-cut 375 band: full bleed r0, pill Mulish 10/14 57x18, LIVE labels/tag Small 48x18 gap 2 Mulish 10/14 (read live on 9801:112126), glyph #FFFFFF, glow #44C975 at -299,60. The code now draws the glyph white (was ash) and the glow at top 60 (was 59); r0, type and gap were already right and are now pinned. Read: w75 Y6 use_figma read2.js (Figma call 1 of 4, ledgered record-kind parity) fingerprinted the AI band on 157 Spot/Perps boards (style + geometry, figma-call1.txt); read3.js (call 2) read its texts and labels/tag subtree. Built: app 97e04ea6c on w75/Y6 (AIConfidenceStrip.tsx; ConfidenceBars fillClassName in BotPredictionOverlay.tsx), pinned by AIConfidenceStrip.boards.figma.test.tsx (18 cases) and the re-pointed figmaGeometry/Cells/hoverReach cases; mutations M0-M18 all killed. Status stays partial: Y6 compared the AI band only; the board's other residuals are wave 41's, carried and not re-read (status.wave42.trade-followups.tsv:170). Wave 75 packet P003 owns the board; this row names the AI band only.
9772-75651	partial	src/pages/trade/Spot.tsx	/spot	wave 75 lane Y6, 2026-10-03..04 (was partial): AI band = S4 / G4, the later-cut 375 band: full bleed r0, pill Mulish 10/14 57x18, LIVE labels/tag Small 48x18 gap 2 Mulish 10/14 (read live on 9801:112126), glyph #FFFFFF, glow #44C975 at -299,60. The code now draws the glyph white (was ash) and the glow at top 60 (was 59); r0, type and gap were already right and are now pinned. Read: w75 Y6 use_figma read2.js (Figma call 1 of 4, ledgered record-kind parity) fingerprinted the AI band on 157 Spot/Perps boards (style + geometry, figma-call1.txt); read3.js (call 2) read its texts and labels/tag subtree. Built: app 97e04ea6c on w75/Y6 (AIConfidenceStrip.tsx; ConfidenceBars fillClassName in BotPredictionOverlay.tsx), pinned by AIConfidenceStrip.boards.figma.test.tsx (18 cases) and the re-pointed figmaGeometry/Cells/hoverReach cases; mutations M0-M18 all killed. Status stays partial: Y6 compared the AI band only; the board's other residuals are wave 41's, carried and not re-read (status.wave42.trade-followups.tsv:118). Wave 75 packet P003 owns the board; this row names the AI band only.
9772-78152	partial	src/pages/trade/Spot.tsx	/spot	wave 75 lane Y6, 2026-10-03..04 (was partial): AI band = S4 / G4, the later-cut 375 band: full bleed r0, pill Mulish 10/14 57x18, LIVE labels/tag Small 48x18 gap 2 Mulish 10/14 (read live on 9801:112126), glyph #FFFFFF, glow #44C975 at -299,60. The code now draws the glyph white (was ash) and the glow at top 60 (was 59); r0, type and gap were already right and are now pinned. Read: w75 Y6 use_figma read2.js (Figma call 1 of 4, ledgered record-kind parity) fingerprinted the AI band on 157 Spot/Perps boards (style + geometry, figma-call1.txt); read3.js (call 2) read its texts and labels/tag subtree. Built: app 97e04ea6c on w75/Y6 (AIConfidenceStrip.tsx; ConfidenceBars fillClassName in BotPredictionOverlay.tsx), pinned by AIConfidenceStrip.boards.figma.test.tsx (18 cases) and the re-pointed figmaGeometry/Cells/hoverReach cases; mutations M0-M18 all killed. Status stays partial: Y6 compared the AI band only; the board's other residuals are wave 41's, carried and not re-read (status.wave42.trade-followups.tsv:171). Wave 75 packet P003 owns the board; this row names the AI band only.
9772-80915	partial	src/pages/trade/Spot.tsx	/spot	wave 75 lane Y6, 2026-10-03..04 (was partial): AI band = S4 / G4, the later-cut 375 band: full bleed r0, pill Mulish 10/14 57x18, LIVE labels/tag Small 48x18 gap 2 Mulish 10/14 (read live on 9801:112126), glyph #FFFFFF, glow #44C975 at -299,60. The code now draws the glyph white (was ash) and the glow at top 60 (was 59); r0, type and gap were already right and are now pinned. Read: w75 Y6 use_figma read2.js (Figma call 1 of 4, ledgered record-kind parity) fingerprinted the AI band on 157 Spot/Perps boards (style + geometry, figma-call1.txt); read3.js (call 2) read its texts and labels/tag subtree. Built: app 97e04ea6c on w75/Y6 (AIConfidenceStrip.tsx; ConfidenceBars fillClassName in BotPredictionOverlay.tsx), pinned by AIConfidenceStrip.boards.figma.test.tsx (18 cases) and the re-pointed figmaGeometry/Cells/hoverReach cases; mutations M0-M18 all killed. Status stays partial: Y6 compared the AI band only; the board's other residuals are wave 41's, carried and not re-read (status.wave42.trade-followups.tsv:98). Wave 75 packet P003 owns the board; this row names the AI band only.
9774-82207	partial	src/pages/trade/Spot.tsx	/spot	wave 75 lane Y6, 2026-10-03..04 (was partial): AI band = S4 / G4, the later-cut 375 band: full bleed r0, pill Mulish 10/14 57x18, LIVE labels/tag Small 48x18 gap 2 Mulish 10/14 (read live on 9801:112126), glyph #FFFFFF, glow #44C975 at -299,60. The code now draws the glyph white (was ash) and the glow at top 60 (was 59); r0, type and gap were already right and are now pinned. Read: w75 Y6 use_figma read2.js (Figma call 1 of 4, ledgered record-kind parity) fingerprinted the AI band on 157 Spot/Perps boards (style + geometry, figma-call1.txt); read3.js (call 2) read its texts and labels/tag subtree. Built: app 97e04ea6c on w75/Y6 (AIConfidenceStrip.tsx; ConfidenceBars fillClassName in BotPredictionOverlay.tsx), pinned by AIConfidenceStrip.boards.figma.test.tsx (18 cases) and the re-pointed figmaGeometry/Cells/hoverReach cases; mutations M0-M18 all killed. Status stays partial: Y6 compared the AI band only; the board's other items stand as status.wave42.trade-followups.tsv:107 records them (Draws Frame 299, whose 34-against-36 was the fourth item this lane was handed and is now built — see 3931-93237 for the live read of 9774:89840 and the arithmetic. The strip stands at 36 at 375 and 40 at 1440 and the active rule still lands on the divider. This board's OTHER residuals are carried from wave 41 unchanged; nothing else on it was re-read, and the row does not claim they moved.). Wave 75 packet P003 owns the board; this row names the AI band only.
9774-83802	partial	src/pages/trade/Spot.tsx	/spot	wave 75 lane Y6, 2026-10-03..04 (was partial): AI band = S4 / G4, the later-cut 375 band: full bleed r0, pill Mulish 10/14 57x18, LIVE labels/tag Small 48x18 gap 2 Mulish 10/14 (read live on 9801:112126), glyph #FFFFFF, glow #44C975 at -299,60. The code now draws the glyph white (was ash) and the glow at top 60 (was 59); r0, type and gap were already right and are now pinned. Read: w75 Y6 use_figma read2.js (Figma call 1 of 4, ledgered record-kind parity) fingerprinted the AI band on 157 Spot/Perps boards (style + geometry, figma-call1.txt); read3.js (call 2) read its texts and labels/tag subtree. Built: app 97e04ea6c on w75/Y6 (AIConfidenceStrip.tsx; ConfidenceBars fillClassName in BotPredictionOverlay.tsx), pinned by AIConfidenceStrip.boards.figma.test.tsx (18 cases) and the re-pointed figmaGeometry/Cells/hoverReach cases; mutations M0-M18 all killed. Status stays partial: Y6 compared the AI band only; the board's other items stand as status.wave42.trade-followups.tsv:105 records them (Draws Frame 299, whose 34-against-36 was the fourth item this lane was handed and is now built — see 3931-93237 for the live read of 9774:89840 and the arithmetic. The strip stands at 36 at 375 and 40 at 1440 and the active rule still lands on the divider. This board's OTHER residuals are carried from wave 41 unchanged; nothing else on it was re-read, and the row does not claim they moved.). Wave 75 packet P003 owns the board; this row names the AI band only.
9774-89981	partial	src/pages/trade/Spot.tsx	/spot	wave 75 lane Y6, 2026-10-03..04 (was partial): AI band = S4 / G4, the later-cut 375 band: full bleed r0, pill Mulish 10/14 57x18, LIVE labels/tag Small 48x18 gap 2 Mulish 10/14 (read live on 9801:112126), glyph #FFFFFF, glow #44C975 at -299,60. The code now draws the glyph white (was ash) and the glow at top 60 (was 59); r0, type and gap were already right and are now pinned. Read: w75 Y6 use_figma read2.js (Figma call 1 of 4, ledgered record-kind parity) fingerprinted the AI band on 157 Spot/Perps boards (style + geometry, figma-call1.txt); read3.js (call 2) read its texts and labels/tag subtree. Built: app 97e04ea6c on w75/Y6 (AIConfidenceStrip.tsx; ConfidenceBars fillClassName in BotPredictionOverlay.tsx), pinned by AIConfidenceStrip.boards.figma.test.tsx (18 cases) and the re-pointed figmaGeometry/Cells/hoverReach cases; mutations M0-M18 all killed. Status stays partial: Y6 compared the AI band only; the board's other residuals are wave 41's, carried and not re-read (status.wave42.trade-followups.tsv:126). Wave 75 packet P003 owns the board; this row names the AI band only.
9775-95209	partial	src/pages/trade/Spot.tsx	/spot	wave 75 lane Y6, 2026-10-03..04 (was partial): AI band = S4 / G4, the later-cut 375 band: full bleed r0, pill Mulish 10/14 57x18, LIVE labels/tag Small 48x18 gap 2 Mulish 10/14 (read live on 9801:112126), glyph #FFFFFF, glow #44C975 at -299,60. The code now draws the glyph white (was ash) and the glow at top 60 (was 59); r0, type and gap were already right and are now pinned. Read: w75 Y6 use_figma read2.js (Figma call 1 of 4, ledgered record-kind parity) fingerprinted the AI band on 157 Spot/Perps boards (style + geometry, figma-call1.txt); read3.js (call 2) read its texts and labels/tag subtree. Built: app 97e04ea6c on w75/Y6 (AIConfidenceStrip.tsx; ConfidenceBars fillClassName in BotPredictionOverlay.tsx), pinned by AIConfidenceStrip.boards.figma.test.tsx (18 cases) and the re-pointed figmaGeometry/Cells/hoverReach cases; mutations M0-M18 all killed. Status stays partial: Y6 compared the AI band only; the board's other residuals are wave 41's, carried and not re-read (status.wave42.trade-followups.tsv:123). Wave 75 packet P004 owns the board; this row names the AI band only.
9776-96834	partial	src/pages/trade/Spot.tsx	/spot	wave 75 lane Y6, 2026-10-03..04 (was partial): AI band = S4 / G4, the later-cut 375 band: full bleed r0, pill Mulish 10/14 57x18, LIVE labels/tag Small 48x18 gap 2 Mulish 10/14 (read live on 9801:112126), glyph #FFFFFF, glow #44C975 at -299,60. The code now draws the glyph white (was ash) and the glow at top 60 (was 59); r0, type and gap were already right and are now pinned. Read: w75 Y6 use_figma read2.js (Figma call 1 of 4, ledgered record-kind parity) fingerprinted the AI band on 157 Spot/Perps boards (style + geometry, figma-call1.txt); read3.js (call 2) read its texts and labels/tag subtree. Built: app 97e04ea6c on w75/Y6 (AIConfidenceStrip.tsx; ConfidenceBars fillClassName in BotPredictionOverlay.tsx), pinned by AIConfidenceStrip.boards.figma.test.tsx (18 cases) and the re-pointed figmaGeometry/Cells/hoverReach cases; mutations M0-M18 all killed. Status stays partial: Y6 compared the AI band only; the board's other residuals are wave 41's, carried and not re-read (status.wave42.trade-followups.tsv:134). Wave 75 packet P004 owns the board; this row names the AI band only.
9777-104193	partial	src/pages/trade/Spot.tsx	/spot	wave 75 lane Y6, 2026-10-03..04 (was partial): AI band = S4 / G4, the later-cut 375 band: full bleed r0, pill Mulish 10/14 57x18, LIVE labels/tag Small 48x18 gap 2 Mulish 10/14 (read live on 9801:112126), glyph #FFFFFF, glow #44C975 at -299,60. The code now draws the glyph white (was ash) and the glow at top 60 (was 59); r0, type and gap were already right and are now pinned. Read: w75 Y6 use_figma read2.js (Figma call 1 of 4, ledgered record-kind parity) fingerprinted the AI band on 157 Spot/Perps boards (style + geometry, figma-call1.txt); read3.js (call 2) read its texts and labels/tag subtree. Built: app 97e04ea6c on w75/Y6 (AIConfidenceStrip.tsx; ConfidenceBars fillClassName in BotPredictionOverlay.tsx), pinned by AIConfidenceStrip.boards.figma.test.tsx (18 cases) and the re-pointed figmaGeometry/Cells/hoverReach cases; mutations M0-M18 all killed. Status stays partial: Y6 compared the AI band only; the board's other residuals are wave 41's, carried and not re-read (status.wave42.trade-followups.tsv:190). Wave 75 packet P004 owns the board; this row names the AI band only.
9777-106388	partial	src/pages/trade/Spot.tsx	/spot	wave 75 lane Y6, 2026-10-03..04 (was partial): AI band = S4 / G4, the later-cut 375 band: full bleed r0, pill Mulish 10/14 57x18, LIVE labels/tag Small 48x18 gap 2 Mulish 10/14 (read live on 9801:112126), glyph #FFFFFF, glow #44C975 at -299,60. The code now draws the glyph white (was ash) and the glow at top 60 (was 59); r0, type and gap were already right and are now pinned. Read: w75 Y6 use_figma read2.js (Figma call 1 of 4, ledgered record-kind parity) fingerprinted the AI band on 157 Spot/Perps boards (style + geometry, figma-call1.txt); read3.js (call 2) read its texts and labels/tag subtree. Built: app 97e04ea6c on w75/Y6 (AIConfidenceStrip.tsx; ConfidenceBars fillClassName in BotPredictionOverlay.tsx), pinned by AIConfidenceStrip.boards.figma.test.tsx (18 cases) and the re-pointed figmaGeometry/Cells/hoverReach cases; mutations M0-M18 all killed. Status stays partial: Y6 compared the AI band only; the board's other residuals are wave 41's, carried and not re-read (status.wave42.trade-followups.tsv:94). Wave 75 packet P004 owns the board; this row names the AI band only.
9777-107863	partial	src/pages/trade/Spot.tsx	/spot	wave 75 lane Y6, 2026-10-03..04 (was partial): AI band = S4 / G4, the later-cut 375 band: full bleed r0, pill Mulish 10/14 57x18, LIVE labels/tag Small 48x18 gap 2 Mulish 10/14 (read live on 9801:112126), glyph #FFFFFF, glow #44C975 at -299,60. The code now draws the glyph white (was ash) and the glow at top 60 (was 59); r0, type and gap were already right and are now pinned. Read: w75 Y6 use_figma read2.js (Figma call 1 of 4, ledgered record-kind parity) fingerprinted the AI band on 157 Spot/Perps boards (style + geometry, figma-call1.txt); read3.js (call 2) read its texts and labels/tag subtree. Built: app 97e04ea6c on w75/Y6 (AIConfidenceStrip.tsx; ConfidenceBars fillClassName in BotPredictionOverlay.tsx), pinned by AIConfidenceStrip.boards.figma.test.tsx (18 cases) and the re-pointed figmaGeometry/Cells/hoverReach cases; mutations M0-M18 all killed. Status stays partial: Y6 compared the AI band only; the board's other residuals are wave 41's, carried and not re-read (status.wave42.trade-followups.tsv:95). Wave 75 packet P004 owns the board; this row names the AI band only.
9777-109337	partial	src/pages/trade/Spot.tsx	/spot	wave 75 lane Y6, 2026-10-03..04 (was partial): AI band = S4 / G4, the later-cut 375 band: full bleed r0, pill Mulish 10/14 57x18, LIVE labels/tag Small 48x18 gap 2 Mulish 10/14 (read live on 9801:112126), glyph #FFFFFF, glow #44C975 at -299,60. The code now draws the glyph white (was ash) and the glow at top 60 (was 59); r0, type and gap were already right and are now pinned. Read: w75 Y6 use_figma read2.js (Figma call 1 of 4, ledgered record-kind parity) fingerprinted the AI band on 157 Spot/Perps boards (style + geometry, figma-call1.txt); read3.js (call 2) read its texts and labels/tag subtree. Built: app 97e04ea6c on w75/Y6 (AIConfidenceStrip.tsx; ConfidenceBars fillClassName in BotPredictionOverlay.tsx), pinned by AIConfidenceStrip.boards.figma.test.tsx (18 cases) and the re-pointed figmaGeometry/Cells/hoverReach cases; mutations M0-M18 all killed. Status stays partial: Y6 compared the AI band only; the board's other residuals are wave 41's, carried and not re-read (status.wave42.trade-followups.tsv:130). Wave 75 packet P004 owns the board; this row names the AI band only.
9780-110815	partial	src/pages/trade/Spot.tsx	/spot	wave 75 lane Y6, 2026-10-03..04 (was partial): AI band = S4 / G4, the later-cut 375 band: full bleed r0, pill Mulish 10/14 57x18, LIVE labels/tag Small 48x18 gap 2 Mulish 10/14 (read live on 9801:112126), glyph #FFFFFF, glow #44C975 at -299,60. The code now draws the glyph white (was ash) and the glow at top 60 (was 59); r0, type and gap were already right and are now pinned. Read: w75 Y6 use_figma read2.js (Figma call 1 of 4, ledgered record-kind parity) fingerprinted the AI band on 157 Spot/Perps boards (style + geometry, figma-call1.txt); read3.js (call 2) read its texts and labels/tag subtree. Built: app 97e04ea6c on w75/Y6 (AIConfidenceStrip.tsx; ConfidenceBars fillClassName in BotPredictionOverlay.tsx), pinned by AIConfidenceStrip.boards.figma.test.tsx (18 cases) and the re-pointed figmaGeometry/Cells/hoverReach cases; mutations M0-M18 all killed. Status stays partial: Y6 compared the AI band only; the board's other residuals are wave 41's, carried and not re-read (status.wave42.trade-followups.tsv:128). Wave 75 packet P004 owns the board; this row names the AI band only.
9803-129761	partial	src/pages/trade/Spot.tsx	/spot	wave 75 lane Y6, 2026-10-03..04 (was partial): AI band = S4 / G4, the later-cut 375 band: full bleed r0, pill Mulish 10/14 57x18, LIVE labels/tag Small 48x18 gap 2 Mulish 10/14 (read live on 9801:112126), glyph #FFFFFF, glow #44C975 at -299,60. The code now draws the glyph white (was ash) and the glow at top 60 (was 59); r0, type and gap were already right and are now pinned. Read: w75 Y6 use_figma read2.js (Figma call 1 of 4, ledgered record-kind parity) fingerprinted the AI band on 157 Spot/Perps boards (style + geometry, figma-call1.txt); read3.js (call 2) read its texts and labels/tag subtree. Built: app 97e04ea6c on w75/Y6 (AIConfidenceStrip.tsx; ConfidenceBars fillClassName in BotPredictionOverlay.tsx), pinned by AIConfidenceStrip.boards.figma.test.tsx (18 cases) and the re-pointed figmaGeometry/Cells/hoverReach cases; mutations M0-M18 all killed. Status stays partial: Y6 compared the AI band only; the board's other residuals are wave 41's, carried and not re-read (status.wave42.trade-followups.tsv:135). Wave 75 packet P004 owns the board; this row names the AI band only.
9803-131052	partial	src/pages/trade/Spot.tsx	/spot	wave 75 lane Y6, 2026-10-03..04 (was partial): AI band = S4 / G4, the later-cut 375 band: full bleed r0, pill Mulish 10/14 57x18, LIVE labels/tag Small 48x18 gap 2 Mulish 10/14 (read live on 9801:112126), glyph #FFFFFF, glow #44C975 at -299,60. The code now draws the glyph white (was ash) and the glow at top 60 (was 59); r0, type and gap were already right and are now pinned. Read: w75 Y6 use_figma read2.js (Figma call 1 of 4, ledgered record-kind parity) fingerprinted the AI band on 157 Spot/Perps boards (style + geometry, figma-call1.txt); read3.js (call 2) read its texts and labels/tag subtree. Built: app 97e04ea6c on w75/Y6 (AIConfidenceStrip.tsx; ConfidenceBars fillClassName in BotPredictionOverlay.tsx), pinned by AIConfidenceStrip.boards.figma.test.tsx (18 cases) and the re-pointed figmaGeometry/Cells/hoverReach cases; mutations M0-M18 all killed. Status stays partial: Y6 compared the AI band only; the board's other residuals are wave 41's, carried and not re-read (status.wave42.trade-followups.tsv:136). Wave 75 packet P004 owns the board; this row names the AI band only.
9780-143009	partial	src/components/trade/ChartSettingsPanel.tsx	/spot	wave 75 lane Y6, 2026-10-03..04 (was partial): AI band = S4 / G4, the later-cut 375 band: full bleed r0, pill Mulish 10/14 57x18, LIVE labels/tag Small 48x18 gap 2 Mulish 10/14 (read live on 9801:112126), glyph #FFFFFF, glow #44C975 at -299,60. The code now draws the glyph white (was ash) and the glow at top 60 (was 59); r0, type and gap were already right and are now pinned. Read: w75 Y6 use_figma read2.js (Figma call 1 of 4, ledgered record-kind parity) fingerprinted the AI band on 157 Spot/Perps boards (style + geometry, figma-call1.txt); read3.js (call 2) read its texts and labels/tag subtree. Built: app 97e04ea6c on w75/Y6 (AIConfidenceStrip.tsx; ConfidenceBars fillClassName in BotPredictionOverlay.tsx), pinned by AIConfidenceStrip.boards.figma.test.tsx (18 cases) and the re-pointed figmaGeometry/Cells/hoverReach cases; mutations M0-M18 all killed. Status stays partial: Y6 compared the AI band only; the board's other items stand as status.wave42.trade-followups.tsv:138 records them (Carried unchanged and NOT re-read this pass; wave 41 read the drawer node 3931:89692 live and found the whole carried gap list stale. Standing measurement: panel 442x884 at (990,8), body 394 wide at a 24 inset, title row 394x28 with a 16px mark at (378,6), Chart display 394x252 at y=52, Order display 394x184 at y=328 (the 24 gutter the code ships as `mt-6`), CTA 394x62 at y=798 = `lg:h-[62px]`. Both section ...). Wave 75 packet P004 owns the board; this row names the AI band only.
9780-112196	partial	src/components/trade/spot/LayoutGrip.tsx	/spot	wave 75 lane Y6, 2026-10-03..04 (was partial): AI band = S4 / G4, the later-cut 375 band: full bleed r0, pill Mulish 10/14 57x18, LIVE labels/tag Small 48x18 gap 2 Mulish 10/14 (read live on 9801:112126), glyph #FFFFFF, glow #44C975 at -299,60. The code now draws the glyph white (was ash) and the glow at top 60 (was 59); r0, type and gap were already right and are now pinned. Read: w75 Y6 use_figma read2.js (Figma call 1 of 4, ledgered record-kind parity) fingerprinted the AI band on 157 Spot/Perps boards (style + geometry, figma-call1.txt); read3.js (call 2) read its texts and labels/tag subtree. Built: app 97e04ea6c on w75/Y6 (AIConfidenceStrip.tsx; ConfidenceBars fillClassName in BotPredictionOverlay.tsx), pinned by AIConfidenceStrip.boards.figma.test.tsx (18 cases) and the re-pointed figmaGeometry/Cells/hoverReach cases; mutations M0-M18 all killed. Status stays partial: Y6 compared the AI band only; the board's other items stand as status.wave42.trade-followups.tsv:140 records them (The grip's x is settled for this lane by the base-1440 ruling — see 7710-92599, where the base board's `Tool` was re-read live at x=17 and Spot.tsx:540 already pins it. This board draws the grip at its own inset (9 at 375, 20 at 768) and that stays recorded rather than built, per base-governs. The carried body of this row is unchanged and was not re-read: the drawer mounts on the mobile branch at Spot.tsx:475-482 ...). Wave 75 packet P004 owns the board; this row names the AI band only.
9777-99794	partial	src/pages/trade/Spot.tsx	/spot	wave 75 lane Y6, 2026-10-03..04 (was partial): AI band = S4 / G4, the later-cut 375 band: full bleed r0, pill Mulish 10/14 57x18, LIVE labels/tag Small 48x18 gap 2 Mulish 10/14 (read live on 9801:112126), glyph #FFFFFF, glow #44C975 at -299,60. The code now draws the glyph white (was ash) and the glow at top 60 (was 59); r0, type and gap were already right and are now pinned. Read: w75 Y6 use_figma read2.js (Figma call 1 of 4, ledgered record-kind parity) fingerprinted the AI band on 157 Spot/Perps boards (style + geometry, figma-call1.txt); read3.js (call 2) read its texts and labels/tag subtree. Built: app 97e04ea6c on w75/Y6 (AIConfidenceStrip.tsx; ConfidenceBars fillClassName in BotPredictionOverlay.tsx), pinned by AIConfidenceStrip.boards.figma.test.tsx (18 cases) and the re-pointed figmaGeometry/Cells/hoverReach cases; mutations M0-M18 all killed. Status stays partial: Y6 compared the AI band only; the board's other residuals are wave 41's, carried and not re-read (status.wave42.trade-followups.tsv:147). Wave 75 packet P004 owns the board; this row names the AI band only.
9059-238855	partial	src/pages/trade/Spot.tsx	/spot	wave 75 lane Y6, 2026-10-03..04 (was partial): AI band = S5 / G5, the earlier-cut 346 r12 inset card; the later-cut S4 full-bleed band (9772:76972 and every 97xx-98xx 375 board) governs (later-cut rule, WAVE48-INTEGRITY) and the code draws S4, unchanged in shape. The items both cuts share now match: glyph white (was ash), glow top 60 (was 59). Read: w75 Y6 use_figma read2.js (Figma call 1 of 4, ledgered record-kind parity) fingerprinted the AI band on 157 Spot/Perps boards (style + geometry, figma-call1.txt); read3.js (call 2) read its texts and labels/tag subtree. Built: app 97e04ea6c on w75/Y6 (AIConfidenceStrip.tsx; ConfidenceBars fillClassName in BotPredictionOverlay.tsx), pinned by AIConfidenceStrip.boards.figma.test.tsx (18 cases) and the re-pointed figmaGeometry/Cells/hoverReach cases; mutations M0-M18 all killed. Status stays partial: Y6 compared the AI band only; the board's other residuals are wave 41's, carried and not re-read (status.wave42.trade-followups.tsv:149). Wave 75 packet P004 owns the board; this row names the AI band only.
9061-240412	partial	src/pages/trade/Spot.tsx	/spot	wave 75 lane Y6, 2026-10-03..04 (was partial): AI band = S5 / G5, the earlier-cut 346 r12 inset card; the later-cut S4 full-bleed band (9772:76972 and every 97xx-98xx 375 board) governs (later-cut rule, WAVE48-INTEGRITY) and the code draws S4, unchanged in shape. The items both cuts share now match: glyph white (was ash), glow top 60 (was 59). Read: w75 Y6 use_figma read2.js (Figma call 1 of 4, ledgered record-kind parity) fingerprinted the AI band on 157 Spot/Perps boards (style + geometry, figma-call1.txt); read3.js (call 2) read its texts and labels/tag subtree. Built: app 97e04ea6c on w75/Y6 (AIConfidenceStrip.tsx; ConfidenceBars fillClassName in BotPredictionOverlay.tsx), pinned by AIConfidenceStrip.boards.figma.test.tsx (18 cases) and the re-pointed figmaGeometry/Cells/hoverReach cases; mutations M0-M18 all killed. Status stays partial: Y6 compared the AI band only; the board's other residuals are wave 41's, carried and not re-read (status.wave42.trade-followups.tsv:150). Wave 75 packet P004 owns the board; this row names the AI band only.
9777-102315	partial	src/pages/trade/Spot.tsx	/spot	wave 75 lane Y6, 2026-10-03..04 (was partial): AI band = S4 / G4, the later-cut 375 band: full bleed r0, pill Mulish 10/14 57x18, LIVE labels/tag Small 48x18 gap 2 Mulish 10/14 (read live on 9801:112126), glyph #FFFFFF, glow #44C975 at -299,60. The code now draws the glyph white (was ash) and the glow at top 60 (was 59); r0, type and gap were already right and are now pinned. Read: w75 Y6 use_figma read2.js (Figma call 1 of 4, ledgered record-kind parity) fingerprinted the AI band on 157 Spot/Perps boards (style + geometry, figma-call1.txt); read3.js (call 2) read its texts and labels/tag subtree. Built: app 97e04ea6c on w75/Y6 (AIConfidenceStrip.tsx; ConfidenceBars fillClassName in BotPredictionOverlay.tsx), pinned by AIConfidenceStrip.boards.figma.test.tsx (18 cases) and the re-pointed figmaGeometry/Cells/hoverReach cases; mutations M0-M18 all killed. Status stays partial: Y6 compared the AI band only; the board's other residuals are wave 41's, carried and not re-read (status.wave42.trade-followups.tsv:152). Wave 75 packet P004 owns the board; this row names the AI band only.
8846-64165	partial	src/pages/trade/Spot.tsx	/spot	wave 75 lane Y6, 2026-10-03..04 (was partial): AI band = S5 / G5, the earlier-cut 346 r12 inset card; the later-cut S4 full-bleed band (9772:76972 and every 97xx-98xx 375 board) governs (later-cut rule, WAVE48-INTEGRITY) and the code draws S4, unchanged in shape. The items both cuts share now match: glyph white (was ash), glow top 60 (was 59). Read: w75 Y6 use_figma read2.js (Figma call 1 of 4, ledgered record-kind parity) fingerprinted the AI band on 157 Spot/Perps boards (style + geometry, figma-call1.txt); read3.js (call 2) read its texts and labels/tag subtree. Built: app 97e04ea6c on w75/Y6 (AIConfidenceStrip.tsx; ConfidenceBars fillClassName in BotPredictionOverlay.tsx), pinned by AIConfidenceStrip.boards.figma.test.tsx (18 cases) and the re-pointed figmaGeometry/Cells/hoverReach cases; mutations M0-M18 all killed. Status stays partial: Y6 compared the AI band only; the board's other residuals are wave 41's, carried and not re-read (status.wave42.trade-followups.tsv:206). Wave 75 packet P004 owns the board; this row names the AI band only.
8936-38729	partial	src/pages/trade/Spot.tsx	/spot	wave 75 lane Y6, 2026-10-03..04 (was partial): AI band = S5 / G5, the earlier-cut 346 r12 inset card; the later-cut S4 full-bleed band (9772:76972 and every 97xx-98xx 375 board) governs (later-cut rule, WAVE48-INTEGRITY) and the code draws S4, unchanged in shape. The items both cuts share now match: glyph white (was ash), glow top 60 (was 59). Read: w75 Y6 use_figma read2.js (Figma call 1 of 4, ledgered record-kind parity) fingerprinted the AI band on 157 Spot/Perps boards (style + geometry, figma-call1.txt); read3.js (call 2) read its texts and labels/tag subtree. Built: app 97e04ea6c on w75/Y6 (AIConfidenceStrip.tsx; ConfidenceBars fillClassName in BotPredictionOverlay.tsx), pinned by AIConfidenceStrip.boards.figma.test.tsx (18 cases) and the re-pointed figmaGeometry/Cells/hoverReach cases; mutations M0-M18 all killed. Status stays partial: Y6 compared the AI band only; the board's other residuals are wave 41's, carried and not re-read (status.wave42.trade-followups.tsv:207). Wave 75 packet P004 owns the board; this row names the AI band only.
13006-294295	partial	src/components/trade/spot/LayoutGrip.tsx	/spot	wave 75 lane Y6, 2026-10-03..04 (was unknown): AI band = S4 / G4, the later-cut 375 band: full bleed r0, pill Mulish 10/14 57x18, LIVE labels/tag Small 48x18 gap 2 Mulish 10/14 (read live on 9801:112126), glyph #FFFFFF, glow #44C975 at -299,60. The code now draws the glyph white (was ash) and the glow at top 60 (was 59); r0, type and gap were already right and are now pinned. Read: w75 Y6 use_figma read2.js (Figma call 1 of 4, ledgered record-kind parity) fingerprinted the AI band on 157 Spot/Perps boards (style + geometry, figma-call1.txt); read3.js (call 2) read its texts and labels/tag subtree. Built: app 97e04ea6c on w75/Y6 (AIConfidenceStrip.tsx; ConfidenceBars fillClassName in BotPredictionOverlay.tsx), pinned by AIConfidenceStrip.boards.figma.test.tsx (18 cases) and the re-pointed figmaGeometry/Cells/hoverReach cases; mutations M0-M18 all killed. Status partial, not done: Y6 compared the AI band only, and the rest of this board has never been measured (status.wave5.trade2-spot.tsv:13: not opened). Wave 75 packet P004 owns the board; this row names the AI band only.
3903-21478	done	src/pages/trade/PerpTrading.tsx	/trade/perps	wave 75 lane Y6, 2026-10-03..04 (was done): AI band = style S0 / geometry G0, the 764 band: r16, pad 8/16, pill Mulish 11/14, LIVE labels/tag Large 52x18 gap 4 Mulish 11/14 (read live on 7710:91552 and 7886:84336), link-out glyph #FFFFFF, two 40-tall hairlines white@0.14, glow #44C975@0.44 at 272,48. The code now draws all of it: glyph text-white (was text-ash), hairlines bg-white/[0.14] (was bg-ash/20), LIVE icon gap 4 (was 2), LIVE coral by the coral token, hover scrim backdrop-blur-[2.5px] (Overlay BACKGROUND_BLUR 5); corner, pad, type and glow were already right and are now pinned. Read: w75 Y6 use_figma read2.js (Figma call 1 of 4, ledgered record-kind parity) fingerprinted the AI band on 157 Spot/Perps boards (style + geometry, figma-call1.txt); read3.js (call 2) read its texts and labels/tag subtree. Built: app 97e04ea6c on w75/Y6 (AIConfidenceStrip.tsx; ConfidenceBars fillClassName in BotPredictionOverlay.tsx), pinned by AIConfidenceStrip.boards.figma.test.tsx (18 cases) and the re-pointed figmaGeometry/Cells/hoverReach cases; mutations M0-M18 all killed. Status stays done on status.wave51.trade.tsv:46's whole-board read, which Y6 did not repeat; that read predates this paint check (the band's glyph, hairlines and LIVE gap were off until 97e04ea6c). No verdict written: Y6 compared the band only.
3903-22970	partial	src/pages/trade/PerpTrading.tsx	/trade/perps	wave 75 lane Y6, 2026-10-03..04 (was partial): AI band = style S0 / geometry G0, the 764 band: r16, pad 8/16, pill Mulish 11/14, LIVE labels/tag Large 52x18 gap 4 Mulish 11/14 (read live on 7710:91552 and 7886:84336), link-out glyph #FFFFFF, two 40-tall hairlines white@0.14, glow #44C975@0.44 at 272,48. The code now draws all of it: glyph text-white (was text-ash), hairlines bg-white/[0.14] (was bg-ash/20), LIVE icon gap 4 (was 2), LIVE coral by the coral token, hover scrim backdrop-blur-[2.5px] (Overlay BACKGROUND_BLUR 5); corner, pad, type and glow were already right and are now pinned. Read: w75 Y6 use_figma read2.js (Figma call 1 of 4, ledgered record-kind parity) fingerprinted the AI band on 157 Spot/Perps boards (style + geometry, figma-call1.txt); read3.js (call 2) read its texts and labels/tag subtree. Built: app 97e04ea6c on w75/Y6 (AIConfidenceStrip.tsx; ConfidenceBars fillClassName in BotPredictionOverlay.tsx), pinned by AIConfidenceStrip.boards.figma.test.tsx (18 cases) and the re-pointed figmaGeometry/Cells/hoverReach cases; mutations M0-M18 all killed. Status stays partial: Y6 compared the AI band only; the board's other items stand as status.wave73.sweep-25e3495d.tsv:3 records them (sweep 2026-09-28, bug 25e3495d (was partial, status unchanged): deliberate copy deviation in the header pair. The board's header text 3925:44916 reads "BTCUSDT" (live get_metadata read 2026-09-28); the app writes "BTC/USD" at every width (app 515c7022a), as Casey's report asked, matching the spot 1440 header 7710:91534 ("BTC/USDT") and the perps 768/375 bars 9148:82620 and 9801:113382, with the quote in USD by the ...). Wave 75 packet P007 owns the board; this row names the AI band only.
3903-24462	partial	src/pages/trade/PerpTrading.tsx	/trade/perps	wave 75 lane Y6, 2026-10-03..04 (was partial): AI band = style S0 / geometry G0, the 764 band: r16, pad 8/16, pill Mulish 11/14, LIVE labels/tag Large 52x18 gap 4 Mulish 11/14 (read live on 7710:91552 and 7886:84336), link-out glyph #FFFFFF, two 40-tall hairlines white@0.14, glow #44C975@0.44 at 272,48. The code now draws all of it: glyph text-white (was text-ash), hairlines bg-white/[0.14] (was bg-ash/20), LIVE icon gap 4 (was 2), LIVE coral by the coral token, hover scrim backdrop-blur-[2.5px] (Overlay BACKGROUND_BLUR 5); corner, pad, type and glow were already right and are now pinned. Read: w75 Y6 use_figma read2.js (Figma call 1 of 4, ledgered record-kind parity) fingerprinted the AI band on 157 Spot/Perps boards (style + geometry, figma-call1.txt); read3.js (call 2) read its texts and labels/tag subtree. Built: app 97e04ea6c on w75/Y6 (AIConfidenceStrip.tsx; ConfidenceBars fillClassName in BotPredictionOverlay.tsx), pinned by AIConfidenceStrip.boards.figma.test.tsx (18 cases) and the re-pointed figmaGeometry/Cells/hoverReach cases; mutations M0-M18 all killed. Status stays partial: Y6 compared the AI band only; the board's other items stand as status.wave73.sweep-25e3495d.tsv:4 records them (sweep 2026-09-28, bug 25e3495d (was partial, status unchanged): deliberate copy deviation in the header pair. The board's header text 3925:44916 reads "BTCUSDT" (live get_metadata read 2026-09-28); the app writes "BTC/USD" at every width (app 515c7022a), as Casey's report asked, matching the spot 1440 header 7710:91534 ("BTC/USDT") and the perps 768/375 bars 9148:82620 and 9801:113382, with the quote in USD by the ...). Wave 75 packet P007 owns the board; this row names the AI band only.
3908-39491	partial	src/components/trade/perp-v2/PerpMarketHeader.tsx	/trade/perps	wave 75 lane Y6, 2026-10-03..04 (was partial): AI band = S1 / G1, the bearish 764 band ('Bearish 20%', read3 on 3931:90086 / 7886:89937): card rule and pill fill App/Red-O #FB3324@0.34, label #FF574A, one of five meter segments Red 300, glow #C94F44. The code now paints a SHORT call that way: rule and pill on skai-red-opacity-34 (was skai-red/[0.34] = #FF574A), glow #C94F44 (was #44C975), lit segments bg-skai-red (was the confidence ramp); plus the S0 items: glyph white (was ash), hairlines white@0.14 (was ash/20), LIVE gap 4 (was 2). Read: w75 Y6 use_figma read2.js (Figma call 1 of 4, ledgered record-kind parity) fingerprinted the AI band on 157 Spot/Perps boards (style + geometry, figma-call1.txt); read3.js (call 2) read its texts and labels/tag subtree. Built: app 97e04ea6c on w75/Y6 (AIConfidenceStrip.tsx; ConfidenceBars fillClassName in BotPredictionOverlay.tsx), pinned by AIConfidenceStrip.boards.figma.test.tsx (18 cases) and the re-pointed figmaGeometry/Cells/hoverReach cases; mutations M0-M18 all killed. Status stays partial: Y6 compared the AI band only; the board's other items stand as status.wave58.trade-perp.tsv:22 records them (REACHED THROUGH THE SOURCE, not re-read on the board: the board geometry stands on the live reading named in this frame's wave 57 reason and is not re-derived here. BUILT this pass, off the two live chain reads in this file's header. The bar's Oracle cell drew `oraclePrice.price` and read nothing else off the quote, so a price the keeper had stopped refreshing rendered exactly like one written a second earlier - and ...). Wave 75 packet P007 owns the board; this row names the AI band only.
9102-300724	partial	src/components/trade/mobile/MobileBuySellBar.tsx	/trade/perps	wave 75 lane Y6, 2026-10-03..04 (was partial): AI band = S3 / G3, the 708 band: r12, pad 6/12, pill Mulish 12/14 62x22, LIVE labels/tag Medium 54x18 gap 4 Mulish 12/14 (read live on 9002:157042 and 9135:85265), glyph #FFFFFF, hairlines white@0.14. The code now draws it: md:rounded-xl = 12 on the card, glow clip and scrim with the dashed rule's rx 11.5 (was 16 and 15.5 from md), pill and LIVE md:text-xs on a 14 line (was 11), LIVE gap 4 (was 2), glyph white (was ash), hairlines white@0.14 (was ash/20), coral by token, scrim backdrop-blur-[2.5px]. Read: w75 Y6 use_figma read2.js (Figma call 1 of 4, ledgered record-kind parity) fingerprinted the AI band on 157 Spot/Perps boards (style + geometry, figma-call1.txt); read3.js (call 2) read its texts and labels/tag subtree. Built: app 97e04ea6c on w75/Y6 (AIConfidenceStrip.tsx; ConfidenceBars fillClassName in BotPredictionOverlay.tsx), pinned by AIConfidenceStrip.boards.figma.test.tsx (18 cases) and the re-pointed figmaGeometry/Cells/hoverReach cases; mutations M0-M18 all killed. Status stays partial: Y6 compared the AI band only; the board's other items stand as status.wave73.P005.tsv:5 records them (Left: the tooltip pointer (connector 35x16; skai-ui tooltip exports no Arrow). Left: the sheet's lift shadow 0,-10 blur 80 25% (MISSING TOKEN), the ticket's 3px tab rule (MISSING TOKEN, border-b-2 drawn), backend blockers carried from w71 P053 (Maker/Taker schedule; TP/SL, Hidden, GTC/Limit on the native rail).). Wave 75 packet P005 owns the board; this row names the AI band only.
9135-77637	partial	src/components/trade/mobile/MobileBuySellBar.tsx	/trade/perps	wave 75 lane Y6, 2026-10-03..04 (was partial): AI band = S3 / G3, the 708 band: r12, pad 6/12, pill Mulish 12/14 62x22, LIVE labels/tag Medium 54x18 gap 4 Mulish 12/14 (read live on 9002:157042 and 9135:85265), glyph #FFFFFF, hairlines white@0.14. The code now draws it: md:rounded-xl = 12 on the card, glow clip and scrim with the dashed rule's rx 11.5 (was 16 and 15.5 from md), pill and LIVE md:text-xs on a 14 line (was 11), LIVE gap 4 (was 2), glyph white (was ash), hairlines white@0.14 (was ash/20), coral by token, scrim backdrop-blur-[2.5px]. Read: w75 Y6 use_figma read2.js (Figma call 1 of 4, ledgered record-kind parity) fingerprinted the AI band on 157 Spot/Perps boards (style + geometry, figma-call1.txt); read3.js (call 2) read its texts and labels/tag subtree. Built: app 97e04ea6c on w75/Y6 (AIConfidenceStrip.tsx; ConfidenceBars fillClassName in BotPredictionOverlay.tsx), pinned by AIConfidenceStrip.boards.figma.test.tsx (18 cases) and the re-pointed figmaGeometry/Cells/hoverReach cases; mutations M0-M18 all killed. Status stays partial: Y6 compared the AI band only; the board's other items stand as status.wave73.P005.tsv:6 records them (Left: the ALT rest position (y=406, 618 visible) contradicts the primary 9137:86763 (content height, top 272) and needs a ruling. Left: the sheet's lift shadow 0,-10 blur 80 25% (MISSING TOKEN), the ticket's 3px tab rule (MISSING TOKEN, border-b-2 drawn), backend blockers carried from w71 P053 (Maker/Taker schedule; TP/SL, Hidden, GTC/Limit on the native rail).). Wave 75 packet P005 owns the board; this row names the AI band only.
9135-79087	partial	src/pages/trade/PerpTrading.tsx	/trade/perps	wave 75 lane Y6, 2026-10-03..04 (was partial): AI band = S3 / G3, the 708 band: r12, pad 6/12, pill Mulish 12/14 62x22, LIVE labels/tag Medium 54x18 gap 4 Mulish 12/14 (read live on 9002:157042 and 9135:85265), glyph #FFFFFF, hairlines white@0.14. The code now draws it: md:rounded-xl = 12 on the card, glow clip and scrim with the dashed rule's rx 11.5 (was 16 and 15.5 from md), pill and LIVE md:text-xs on a 14 line (was 11), LIVE gap 4 (was 2), glyph white (was ash), hairlines white@0.14 (was ash/20), coral by token, scrim backdrop-blur-[2.5px]. Read: w75 Y6 use_figma read2.js (Figma call 1 of 4, ledgered record-kind parity) fingerprinted the AI band on 157 Spot/Perps boards (style + geometry, figma-call1.txt); read3.js (call 2) read its texts and labels/tag subtree. Built: app 97e04ea6c on w75/Y6 (AIConfidenceStrip.tsx; ConfidenceBars fillClassName in BotPredictionOverlay.tsx), pinned by AIConfidenceStrip.boards.figma.test.tsx (18 cases) and the re-pointed figmaGeometry/Cells/hoverReach cases; mutations M0-M18 all killed. Status stays partial: Y6 compared the AI band only; the board's other items stand as status.wave73.P005.tsv:7 records them (Left: as 9135:85233 (the Tool grip 9135:86358, needs a perps layout drawer ruling; the 2px label offset in the shared MobileContentTabs row; header/AI/positions internals are other files).). Wave 75 packet P005 owns the board; this row names the AI band only.
9135-80712	partial	src/components/trade/mobile/MobileBuySellBar.tsx	/trade/perps	wave 75 lane Y6, 2026-10-03..04 (was partial): AI band = S3 / G3, the 708 band: r12, pad 6/12, pill Mulish 12/14 62x22, LIVE labels/tag Medium 54x18 gap 4 Mulish 12/14 (read live on 9002:157042 and 9135:85265), glyph #FFFFFF, hairlines white@0.14. The code now draws it: md:rounded-xl = 12 on the card, glow clip and scrim with the dashed rule's rx 11.5 (was 16 and 15.5 from md), pill and LIVE md:text-xs on a 14 line (was 11), LIVE gap 4 (was 2), glyph white (was ash), hairlines white@0.14 (was ash/20), coral by token, scrim backdrop-blur-[2.5px]. Read: w75 Y6 use_figma read2.js (Figma call 1 of 4, ledgered record-kind parity) fingerprinted the AI band on 157 Spot/Perps boards (style + geometry, figma-call1.txt); read3.js (call 2) read its texts and labels/tag subtree. Built: app 97e04ea6c on w75/Y6 (AIConfidenceStrip.tsx; ConfidenceBars fillClassName in BotPredictionOverlay.tsx), pinned by AIConfidenceStrip.boards.figma.test.tsx (18 cases) and the re-pointed figmaGeometry/Cells/hoverReach cases; mutations M0-M18 all killed. Status stays partial: Y6 compared the AI band only; the board's other items stand as status.wave73.P005.tsv:8 records them (Left: the signed-out app header (app chrome, not this packet). Left: the sheet's lift shadow 0,-10 blur 80 25% (MISSING TOKEN), the ticket's 3px tab rule (MISSING TOKEN, border-b-2 drawn), backend blockers carried from w71 P053 (Maker/Taker schedule; TP/SL, Hidden, GTC/Limit on the native rail).). Wave 75 packet P005 owns the board; this row names the AI band only.
9135-85233	partial	src/pages/trade/PerpTrading.tsx	/trade/perps	wave 75 lane Y6, 2026-10-03..04 (was partial): AI band = S3 / G3, the 708 band: r12, pad 6/12, pill Mulish 12/14 62x22, LIVE labels/tag Medium 54x18 gap 4 Mulish 12/14 (read live on 9002:157042 and 9135:85265), glyph #FFFFFF, hairlines white@0.14. The code now draws it: md:rounded-xl = 12 on the card, glow clip and scrim with the dashed rule's rx 11.5 (was 16 and 15.5 from md), pill and LIVE md:text-xs on a 14 line (was 11), LIVE gap 4 (was 2), glyph white (was ash), hairlines white@0.14 (was ash/20), coral by token, scrim backdrop-blur-[2.5px]. Read: w75 Y6 use_figma read2.js (Figma call 1 of 4, ledgered record-kind parity) fingerprinted the AI band on 157 Spot/Perps boards (style + geometry, figma-call1.txt); read3.js (call 2) read its texts and labels/tag subtree. Built: app 97e04ea6c on w75/Y6 (AIConfidenceStrip.tsx; ConfidenceBars fillClassName in BotPredictionOverlay.tsx), pinned by AIConfidenceStrip.boards.figma.test.tsx (18 cases) and the re-pointed figmaGeometry/Cells/hoverReach cases; mutations M0-M18 all killed. Status stays partial: Y6 compared the AI band only; the board's other items stand as status.wave73.P005.tsv:9 records them (Left: the Tool grip 9135:86358 on the chart (perps has no layout-settings drawer: needs a ruling, a grip that opens nothing is a false control); labels 2px higher than the shared MobileContentTabs row (Spot v2 authority); header/AI band/positions internals are PerpMarketHeader/AIConfidenceStrip/PerpPositionsPanel.). Wave 75 packet P005 owns the board; this row names the AI band only.
9137-86763	partial	src/components/trade/mobile/MobileBuySellBar.tsx	/trade/perps	wave 75 lane Y6, 2026-10-03..04 (was partial): AI band = S3 / G3, the 708 band: r12, pad 6/12, pill Mulish 12/14 62x22, LIVE labels/tag Medium 54x18 gap 4 Mulish 12/14 (read live on 9002:157042 and 9135:85265), glyph #FFFFFF, hairlines white@0.14. The code now draws it: md:rounded-xl = 12 on the card, glow clip and scrim with the dashed rule's rx 11.5 (was 16 and 15.5 from md), pill and LIVE md:text-xs on a 14 line (was 11), LIVE gap 4 (was 2), glyph white (was ash), hairlines white@0.14 (was ash/20), coral by token, scrim backdrop-blur-[2.5px]. Read: w75 Y6 use_figma read2.js (Figma call 1 of 4, ledgered record-kind parity) fingerprinted the AI band on 157 Spot/Perps boards (style + geometry, figma-call1.txt); read3.js (call 2) read its texts and labels/tag subtree. Built: app 97e04ea6c on w75/Y6 (AIConfidenceStrip.tsx; ConfidenceBars fillClassName in BotPredictionOverlay.tsx), pinned by AIConfidenceStrip.boards.figma.test.tsx (18 cases) and the re-pointed figmaGeometry/Cells/hoverReach cases; mutations M0-M18 all killed. Status stays partial: Y6 compared the AI band only; the board's other items stand as status.wave73.P005.tsv:10 records them (Left: the sheet's lift shadow 0,-10 blur 80 25% (MISSING TOKEN), the ticket's 3px tab rule (MISSING TOKEN, border-b-2 drawn), backend blockers carried from w71 P053 (Maker/Taker schedule; TP/SL, Hidden, GTC/Limit on the native rail).). Wave 75 packet P005 owns the board; this row names the AI band only.
9153-80772	partial	src/components/trade/perp-v2/ShareTradeModal.tsx	/trade/perps	wave 75 lane Y6, 2026-10-03..04 (was partial): AI band = S3 / G3, the 708 band: r12, pad 6/12, pill Mulish 12/14 62x22, LIVE labels/tag Medium 54x18 gap 4 Mulish 12/14 (read live on 9002:157042 and 9135:85265), glyph #FFFFFF, hairlines white@0.14. The code now draws it: md:rounded-xl = 12 on the card, glow clip and scrim with the dashed rule's rx 11.5 (was 16 and 15.5 from md), pill and LIVE md:text-xs on a 14 line (was 11), LIVE gap 4 (was 2), glyph white (was ash), hairlines white@0.14 (was ash/20), coral by token, scrim backdrop-blur-[2.5px]. Read: w75 Y6 use_figma read2.js (Figma call 1 of 4, ledgered record-kind parity) fingerprinted the AI band on 157 Spot/Perps boards (style + geometry, figma-call1.txt); read3.js (call 2) read its texts and labels/tag subtree. Built: app 97e04ea6c on w75/Y6 (AIConfidenceStrip.tsx; ConfidenceBars fillClassName in BotPredictionOverlay.tsx), pinned by AIConfidenceStrip.boards.figma.test.tsx (18 cases) and the re-pointed figmaGeometry/Cells/hoverReach cases; mutations M0-M18 all killed. Status stays partial: Y6 compared the AI band only; the board's other items stand as status.wave73.P005.tsv:11 records them (w73 P005 BUILD app (branch w73/P005 on 5b77997f1). Read: use_figma call 2. This board is the Share-trade sheet over the page (Overlay #001615 44% blur 5; Main container 448x980 at (151,16); title Manrope Light 24/28). Not built: ShareTradeModal is outside this packet and not imported by its files. HAND-OFF: title ramp 20/24 (375) -> 24/28 (768) -> 32/36 (1440); code draws 32/36 flat.). Wave 75 packet P005 owns the board; this row names the AI band only.
9153-86643	partial	src/components/trade/mobile/MobileBuySellBar.tsx	/trade/perps	wave 75 lane Y6, 2026-10-03..04 (was partial): AI band = S4 / G4, the later-cut 375 band: full bleed r0, pill Mulish 10/14 57x18, LIVE labels/tag Small 48x18 gap 2 Mulish 10/14 (read live on 9801:112126), glyph #FFFFFF, glow #44C975 at -299,60. The code now draws the glyph white (was ash) and the glow at top 60 (was 59); r0, type and gap were already right and are now pinned. Read: w75 Y6 use_figma read2.js (Figma call 1 of 4, ledgered record-kind parity) fingerprinted the AI band on 157 Spot/Perps boards (style + geometry, figma-call1.txt); read3.js (call 2) read its texts and labels/tag subtree. Built: app 97e04ea6c on w75/Y6 (AIConfidenceStrip.tsx; ConfidenceBars fillClassName in BotPredictionOverlay.tsx), pinned by AIConfidenceStrip.boards.figma.test.tsx (18 cases) and the re-pointed figmaGeometry/Cells/hoverReach cases; mutations M0-M18 all killed. Status stays partial: Y6 compared the AI band only; the board's other items stand as status.wave73.P005.tsv:12 records them (Left: the lift shadow 0,-10 80 25% (MISSING TOKEN); the bottom nav the board paints over the sheet (not built: under a modal sheet it would be visible and untappable); the 375 CTA's 11px pad / 46 (MISSING TOKEN, 48 drawn per P053); backend blockers as 9137:86763.). Wave 75 packet P005 owns the board; this row names the AI band only.
9153-116609	partial	src/components/trade/mobile/MobileBuySellBar.tsx	/trade/perps	wave 75 lane Y6, 2026-10-03..04 (was partial): AI band = S4 / G4, the later-cut 375 band: full bleed r0, pill Mulish 10/14 57x18, LIVE labels/tag Small 48x18 gap 2 Mulish 10/14 (read live on 9801:112126), glyph #FFFFFF, glow #44C975 at -299,60. The code now draws the glyph white (was ash) and the glow at top 60 (was 59); r0, type and gap were already right and are now pinned. Read: w75 Y6 use_figma read2.js (Figma call 1 of 4, ledgered record-kind parity) fingerprinted the AI band on 157 Spot/Perps boards (style + geometry, figma-call1.txt); read3.js (call 2) read its texts and labels/tag subtree. Built: app 97e04ea6c on w75/Y6 (AIConfidenceStrip.tsx; ConfidenceBars fillClassName in BotPredictionOverlay.tsx), pinned by AIConfidenceStrip.boards.figma.test.tsx (18 cases) and the re-pointed figmaGeometry/Cells/hoverReach cases; mutations M0-M18 all killed. Status stays partial: Y6 compared the AI band only; the board's other items stand as status.wave73.P005.tsv:13 records them (Left: as 9153:86643.). Wave 75 packet P005 owns the board; this row names the AI band only.
9154-119891	partial	src/components/trade/MarketSearchModal.tsx	/trade/perps	wave 75 lane Y6, 2026-10-03..04 (was partial): AI band = S5 / G5, the earlier-cut 346 r12 inset card; the later-cut S4 full-bleed band (9772:76972 and every 97xx-98xx 375 board) governs (later-cut rule, WAVE48-INTEGRITY) and the code draws S4, unchanged in shape. The items both cuts share now match: glyph white (was ash), glow top 60 (was 59). Read: w75 Y6 use_figma read2.js (Figma call 1 of 4, ledgered record-kind parity) fingerprinted the AI band on 157 Spot/Perps boards (style + geometry, figma-call1.txt); read3.js (call 2) read its texts and labels/tag subtree. Built: app 97e04ea6c on w75/Y6 (AIConfidenceStrip.tsx; ConfidenceBars fillClassName in BotPredictionOverlay.tsx), pinned by AIConfidenceStrip.boards.figma.test.tsx (18 cases) and the re-pointed figmaGeometry/Cells/hoverReach cases; mutations M0-M18 all killed. Status stays partial: Y6 compared the AI band only; the board's other items stand as status.wave73.P005.tsv:14 records them (Left: the shine ellipse (not built, sits above the card); blur 2.5px and the modal shadow are MISSING TOKENS; the result rows below the column titles were not re-read; the page behind is the v1 346-inset column.). Wave 75 packet P005 owns the board; this row names the AI band only.
9154-121608	partial	src/components/trade/perp-v2/PerpConfirmOrderModal.tsx	/trade/perps	wave 75 lane Y6, 2026-10-03..04 (was partial): AI band = S5 / G5, the earlier-cut 346 r12 inset card; the later-cut S4 full-bleed band (9772:76972 and every 97xx-98xx 375 board) governs (later-cut rule, WAVE48-INTEGRITY) and the code draws S4, unchanged in shape. The items both cuts share now match: glyph white (was ash), glow top 60 (was 59). Read: w75 Y6 use_figma read2.js (Figma call 1 of 4, ledgered record-kind parity) fingerprinted the AI band on 157 Spot/Perps boards (style + geometry, figma-call1.txt); read3.js (call 2) read its texts and labels/tag subtree. Built: app 97e04ea6c on w75/Y6 (AIConfidenceStrip.tsx; ConfidenceBars fillClassName in BotPredictionOverlay.tsx), pinned by AIConfidenceStrip.boards.figma.test.tsx (18 cases) and the re-pointed figmaGeometry/Cells/hoverReach cases; mutations M0-M18 all killed. Status stays partial: Y6 compared the AI band only; the board's other items stand as status.wave73.P005.tsv:15 records them (Left: the checkbox row and CTA below it went unread (budget), so it cannot be closed.). Wave 75 packet P005 owns the board; this row names the AI band only.
9154-128095	partial	src/components/trade/perp-v2/PerpPositionsPanel.tsx	/trade/perps	wave 75 lane Y6, 2026-10-03..04 (was partial): AI band = S5 / G5, the earlier-cut 346 r12 inset card; the later-cut S4 full-bleed band (9772:76972 and every 97xx-98xx 375 board) governs (later-cut rule, WAVE48-INTEGRITY) and the code draws S4, unchanged in shape. The items both cuts share now match: glyph white (was ash), glow top 60 (was 59). Read: w75 Y6 use_figma read2.js (Figma call 1 of 4, ledgered record-kind parity) fingerprinted the AI band on 157 Spot/Perps boards (style + geometry, figma-call1.txt); read3.js (call 2) read its texts and labels/tag subtree. Built: app 97e04ea6c on w75/Y6 (AIConfidenceStrip.tsx; ConfidenceBars fillClassName in BotPredictionOverlay.tsx), pinned by AIConfidenceStrip.boards.figma.test.tsx (18 cases) and the re-pointed figmaGeometry/Cells/hoverReach cases; mutations M0-M18 all killed. Status stays partial: Y6 compared the AI band only; the board's other items stand as status.wave73.P005.tsv:16 records them (Left: the lower half unread; the closing read belongs to PerpPositionsPanel's owner.). Wave 75 packet P005 owns the board; this row names the AI band only.
9156-140326	partial	src/components/trade/perp-v2/ShareTradeModal.tsx	/trade/perps	wave 75 lane Y6, 2026-10-03..04 (was partial): AI band = S5 / G5, the earlier-cut 346 r12 inset card; the later-cut S4 full-bleed band (9772:76972 and every 97xx-98xx 375 board) governs (later-cut rule, WAVE48-INTEGRITY) and the code draws S4, unchanged in shape. The items both cuts share now match: glyph white (was ash), glow top 60 (was 59). Read: w75 Y6 use_figma read2.js (Figma call 1 of 4, ledgered record-kind parity) fingerprinted the AI band on 157 Spot/Perps boards (style + geometry, figma-call1.txt); read3.js (call 2) read its texts and labels/tag subtree. Built: app 97e04ea6c on w75/Y6 (AIConfidenceStrip.tsx; ConfidenceBars fillClassName in BotPredictionOverlay.tsx), pinned by AIConfidenceStrip.boards.figma.test.tsx (18 cases) and the re-pointed figmaGeometry/Cells/hoverReach cases; mutations M0-M18 all killed. Status stays partial: Y6 compared the AI band only; the board's other items stand as status.wave73.P005.tsv:17 records them (w73 P005 BUILD app (branch w73/P005 on 5b77997f1). Read: use_figma call 3 (Share sheet compact state: Overlay 375x812 #001615 44% blur 5; Main container 354x468 at (11,64); title 'Share portfolio' Manrope Light 20/24; card hidden; controls 354x432 with a 46 thumbnail + 'Preview' button 95x44). Not built (ShareTradeModal out of packet). HAND-OFF: the compact Preview state; the 20/24 title; the title text differs from ...). Wave 75 packet P005 owns the board; this row names the AI band only.
9156-141722	partial	src/components/trade/perp-v2/ShareTradeModal.tsx	/trade/perps	wave 75 lane Y6, 2026-10-03..04 (was partial): AI band = S5 / G5, the earlier-cut 346 r12 inset card; the later-cut S4 full-bleed band (9772:76972 and every 97xx-98xx 375 board) governs (later-cut rule, WAVE48-INTEGRITY) and the code draws S4, unchanged in shape. The items both cuts share now match: glyph white (was ash), glow top 60 (was 59). Read: w75 Y6 use_figma read2.js (Figma call 1 of 4, ledgered record-kind parity) fingerprinted the AI band on 157 Spot/Perps boards (style + geometry, figma-call1.txt); read3.js (call 2) read its texts and labels/tag subtree. Built: app 97e04ea6c on w75/Y6 (AIConfidenceStrip.tsx; ConfidenceBars fillClassName in BotPredictionOverlay.tsx), pinned by AIConfidenceStrip.boards.figma.test.tsx (18 cases) and the re-pointed figmaGeometry/Cells/hoverReach cases; mutations M0-M18 all killed. Status stays partial: Y6 compared the AI band only; the board's other items stand as status.wave73.P005.tsv:18 records them (w73 P005 BUILD app (branch w73/P005 on 5b77997f1). Read: use_figma call 3 (Share sheet full state 9156:143117: Main container 354x830 at (11,64); PnL card 354x354 r12). Code already 354 (calc(100%-21px)). Not built (out of packet). HAND-OFF: title ramp 20/24 at 375 and the title text as 9156:140326; the controls panel below the card went unread.). Wave 75 packet P005 owns the board; this row names the AI band only.
9801-112095	partial	src/pages/trade/PerpTrading.tsx	/trade/perps	wave 75 lane Y6, 2026-10-03..04 (was partial): AI band = S4 / G4, the later-cut 375 band: full bleed r0, pill Mulish 10/14 57x18, LIVE labels/tag Small 48x18 gap 2 Mulish 10/14 (read live on 9801:112126), glyph #FFFFFF, glow #44C975 at -299,60. The code now draws the glyph white (was ash) and the glow at top 60 (was 59); r0, type and gap were already right and are now pinned. Read: w75 Y6 use_figma read2.js (Figma call 1 of 4, ledgered record-kind parity) fingerprinted the AI band on 157 Spot/Perps boards (style + geometry, figma-call1.txt); read3.js (call 2) read its texts and labels/tag subtree. Built: app 97e04ea6c on w75/Y6 (AIConfidenceStrip.tsx; ConfidenceBars fillClassName in BotPredictionOverlay.tsx), pinned by AIConfidenceStrip.boards.figma.test.tsx (18 cases) and the re-pointed figmaGeometry/Cells/hoverReach cases; mutations M0-M18 all killed. Status stays partial: Y6 compared the AI band only; the board's other residuals are wave 41's, carried and not re-read (status.wave42.trade-followups.tsv:67). Wave 75 packet P006 owns the board; this row names the AI band only.
9801-121092	partial	src/pages/trade/PerpTrading.tsx	/trade/perps	wave 75 lane Y6, 2026-10-03..04 (was partial): AI band = S4 / G4, the later-cut 375 band: full bleed r0, pill Mulish 10/14 57x18, LIVE labels/tag Small 48x18 gap 2 Mulish 10/14 (read live on 9801:112126), glyph #FFFFFF, glow #44C975 at -299,60. The code now draws the glyph white (was ash) and the glow at top 60 (was 59); r0, type and gap were already right and are now pinned. Read: w75 Y6 use_figma read2.js (Figma call 1 of 4, ledgered record-kind parity) fingerprinted the AI band on 157 Spot/Perps boards (style + geometry, figma-call1.txt); read3.js (call 2) read its texts and labels/tag subtree. Built: app 97e04ea6c on w75/Y6 (AIConfidenceStrip.tsx; ConfidenceBars fillClassName in BotPredictionOverlay.tsx), pinned by AIConfidenceStrip.boards.figma.test.tsx (18 cases) and the re-pointed figmaGeometry/Cells/hoverReach cases; mutations M0-M18 all killed. Status stays partial: Y6 compared the AI band only; the board's other residuals are wave 41's, carried and not re-read (status.wave42.trade-followups.tsv:60). Wave 75 packet P006 owns the board; this row names the AI band only.
9801-122252	partial	src/pages/trade/PerpTrading.tsx	/trade/perps	wave 75 lane Y6, 2026-10-03..04 (was partial): AI band = S4 / G4, the later-cut 375 band: full bleed r0, pill Mulish 10/14 57x18, LIVE labels/tag Small 48x18 gap 2 Mulish 10/14 (read live on 9801:112126), glyph #FFFFFF, glow #44C975 at -299,60. The code now draws the glyph white (was ash) and the glow at top 60 (was 59); r0, type and gap were already right and are now pinned. Read: w75 Y6 use_figma read2.js (Figma call 1 of 4, ledgered record-kind parity) fingerprinted the AI band on 157 Spot/Perps boards (style + geometry, figma-call1.txt); read3.js (call 2) read its texts and labels/tag subtree. Built: app 97e04ea6c on w75/Y6 (AIConfidenceStrip.tsx; ConfidenceBars fillClassName in BotPredictionOverlay.tsx), pinned by AIConfidenceStrip.boards.figma.test.tsx (18 cases) and the re-pointed figmaGeometry/Cells/hoverReach cases; mutations M0-M18 all killed. Status stays partial: Y6 compared the AI band only; the board's other residuals are wave 41's, carried and not re-read (status.wave42.trade-followups.tsv:47). Wave 75 packet P006 owns the board; this row names the AI band only.
9801-123930	partial	src/pages/trade/PerpTrading.tsx	/trade/perps	wave 75 lane Y6, 2026-10-03..04 (was partial): AI band = S4 / G4, the later-cut 375 band: full bleed r0, pill Mulish 10/14 57x18, LIVE labels/tag Small 48x18 gap 2 Mulish 10/14 (read live on 9801:112126), glyph #FFFFFF, glow #44C975 at -299,60. The code now draws the glyph white (was ash) and the glow at top 60 (was 59); r0, type and gap were already right and are now pinned. Read: w75 Y6 use_figma read2.js (Figma call 1 of 4, ledgered record-kind parity) fingerprinted the AI band on 157 Spot/Perps boards (style + geometry, figma-call1.txt); read3.js (call 2) read its texts and labels/tag subtree. Built: app 97e04ea6c on w75/Y6 (AIConfidenceStrip.tsx; ConfidenceBars fillClassName in BotPredictionOverlay.tsx), pinned by AIConfidenceStrip.boards.figma.test.tsx (18 cases) and the re-pointed figmaGeometry/Cells/hoverReach cases; mutations M0-M18 all killed. Status stays partial: Y6 compared the AI band only; the board's other residuals are wave 41's, carried and not re-read (status.wave42.trade-followups.tsv:58). Wave 75 packet P006 owns the board; this row names the AI band only.
9803-125791	partial	src/pages/trade/PerpTrading.tsx	/trade/perps	wave 75 lane Y6, 2026-10-03..04 (was partial): AI band = S4 / G4, the later-cut 375 band: full bleed r0, pill Mulish 10/14 57x18, LIVE labels/tag Small 48x18 gap 2 Mulish 10/14 (read live on 9801:112126), glyph #FFFFFF, glow #44C975 at -299,60. The code now draws the glyph white (was ash) and the glow at top 60 (was 59); r0, type and gap were already right and are now pinned. Read: w75 Y6 use_figma read2.js (Figma call 1 of 4, ledgered record-kind parity) fingerprinted the AI band on 157 Spot/Perps boards (style + geometry, figma-call1.txt); read3.js (call 2) read its texts and labels/tag subtree. Built: app 97e04ea6c on w75/Y6 (AIConfidenceStrip.tsx; ConfidenceBars fillClassName in BotPredictionOverlay.tsx), pinned by AIConfidenceStrip.boards.figma.test.tsx (18 cases) and the re-pointed figmaGeometry/Cells/hoverReach cases; mutations M0-M18 all killed. Status stays partial: Y6 compared the AI band only; the board's other residuals are wave 41's, carried and not re-read (status.wave42.trade-followups.tsv:44). Wave 75 packet P006 owns the board; this row names the AI band only.
9804-136992	partial	src/pages/trade/PerpTrading.tsx	/trade/perps	wave 75 lane Y6, 2026-10-03..04 (was partial): AI band = S4 / G4, the later-cut 375 band: full bleed r0, pill Mulish 10/14 57x18, LIVE labels/tag Small 48x18 gap 2 Mulish 10/14 (read live on 9801:112126), glyph #FFFFFF, glow #44C975 at -299,60. The code now draws the glyph white (was ash) and the glow at top 60 (was 59); r0, type and gap were already right and are now pinned. Read: w75 Y6 use_figma read2.js (Figma call 1 of 4, ledgered record-kind parity) fingerprinted the AI band on 157 Spot/Perps boards (style + geometry, figma-call1.txt); read3.js (call 2) read its texts and labels/tag subtree. Built: app 97e04ea6c on w75/Y6 (AIConfidenceStrip.tsx; ConfidenceBars fillClassName in BotPredictionOverlay.tsx), pinned by AIConfidenceStrip.boards.figma.test.tsx (18 cases) and the re-pointed figmaGeometry/Cells/hoverReach cases; mutations M0-M18 all killed. Status stays partial: Y6 compared the AI band only; the board's other residuals are wave 41's, carried and not re-read (status.wave42.trade-followups.tsv:57). Wave 75 packet P006 owns the board; this row names the AI band only.
9804-139692	partial	src/pages/trade/PerpTrading.tsx	/trade/perps	wave 75 lane Y6, 2026-10-03..04 (was partial): AI band = S4 / G4, the later-cut 375 band: full bleed r0, pill Mulish 10/14 57x18, LIVE labels/tag Small 48x18 gap 2 Mulish 10/14 (read live on 9801:112126), glyph #FFFFFF, glow #44C975 at -299,60. The code now draws the glyph white (was ash) and the glow at top 60 (was 59); r0, type and gap were already right and are now pinned. Read: w75 Y6 use_figma read2.js (Figma call 1 of 4, ledgered record-kind parity) fingerprinted the AI band on 157 Spot/Perps boards (style + geometry, figma-call1.txt); read3.js (call 2) read its texts and labels/tag subtree. Built: app 97e04ea6c on w75/Y6 (AIConfidenceStrip.tsx; ConfidenceBars fillClassName in BotPredictionOverlay.tsx), pinned by AIConfidenceStrip.boards.figma.test.tsx (18 cases) and the re-pointed figmaGeometry/Cells/hoverReach cases; mutations M0-M18 all killed. Status stays partial: Y6 compared the AI band only; the board's other residuals are wave 41's, carried and not re-read (status.wave42.trade-followups.tsv:56). Wave 75 packet P007 owns the board; this row names the AI band only.
9804-141566	partial	src/pages/trade/PerpTrading.tsx	/trade/perps	wave 75 lane Y6, 2026-10-03..04 (was partial): AI band = S4 / G4, the later-cut 375 band: full bleed r0, pill Mulish 10/14 57x18, LIVE labels/tag Small 48x18 gap 2 Mulish 10/14 (read live on 9801:112126), glyph #FFFFFF, glow #44C975 at -299,60. The code now draws the glyph white (was ash) and the glow at top 60 (was 59); r0, type and gap were already right and are now pinned. Read: w75 Y6 use_figma read2.js (Figma call 1 of 4, ledgered record-kind parity) fingerprinted the AI band on 157 Spot/Perps boards (style + geometry, figma-call1.txt); read3.js (call 2) read its texts and labels/tag subtree. Built: app 97e04ea6c on w75/Y6 (AIConfidenceStrip.tsx; ConfidenceBars fillClassName in BotPredictionOverlay.tsx), pinned by AIConfidenceStrip.boards.figma.test.tsx (18 cases) and the re-pointed figmaGeometry/Cells/hoverReach cases; mutations M0-M18 all killed. Status stays partial: Y6 compared the AI band only; the board's other residuals are wave 41's, carried and not re-read (status.wave42.trade-followups.tsv:54). Wave 75 packet P007 owns the board; this row names the AI band only.
9804-143394	partial	src/pages/trade/PerpTrading.tsx	/trade/perps	wave 75 lane Y6, 2026-10-03..04 (was partial): AI band = S4 / G4, the later-cut 375 band: full bleed r0, pill Mulish 10/14 57x18, LIVE labels/tag Small 48x18 gap 2 Mulish 10/14 (read live on 9801:112126), glyph #FFFFFF, glow #44C975 at -299,60. The code now draws the glyph white (was ash) and the glow at top 60 (was 59); r0, type and gap were already right and are now pinned. Read: w75 Y6 use_figma read2.js (Figma call 1 of 4, ledgered record-kind parity) fingerprinted the AI band on 157 Spot/Perps boards (style + geometry, figma-call1.txt); read3.js (call 2) read its texts and labels/tag subtree. Built: app 97e04ea6c on w75/Y6 (AIConfidenceStrip.tsx; ConfidenceBars fillClassName in BotPredictionOverlay.tsx), pinned by AIConfidenceStrip.boards.figma.test.tsx (18 cases) and the re-pointed figmaGeometry/Cells/hoverReach cases; mutations M0-M18 all killed. Status stays partial: Y6 compared the AI band only; the board's other residuals are wave 41's, carried and not re-read (status.wave42.trade-followups.tsv:55). Wave 75 packet P007 owns the board; this row names the AI band only.
9804-145379	partial	src/pages/trade/PerpTrading.tsx	/trade/perps	wave 75 lane Y6, 2026-10-03..04 (was partial): AI band = S4 / G4, the later-cut 375 band: full bleed r0, pill Mulish 10/14 57x18, LIVE labels/tag Small 48x18 gap 2 Mulish 10/14 (read live on 9801:112126), glyph #FFFFFF, glow #44C975 at -299,60. The code now draws the glyph white (was ash) and the glow at top 60 (was 59); r0, type and gap were already right and are now pinned. Read: w75 Y6 use_figma read2.js (Figma call 1 of 4, ledgered record-kind parity) fingerprinted the AI band on 157 Spot/Perps boards (style + geometry, figma-call1.txt); read3.js (call 2) read its texts and labels/tag subtree. Built: app 97e04ea6c on w75/Y6 (AIConfidenceStrip.tsx; ConfidenceBars fillClassName in BotPredictionOverlay.tsx), pinned by AIConfidenceStrip.boards.figma.test.tsx (18 cases) and the re-pointed figmaGeometry/Cells/hoverReach cases; mutations M0-M18 all killed. Status stays partial: Y6 compared the AI band only; the board's other residuals are wave 41's, carried and not re-read (status.wave42.trade-followups.tsv:43). Wave 75 packet P007 owns the board; this row names the AI band only.
9804-147360	partial	src/pages/trade/PerpTrading.tsx	/trade/perps	wave 75 lane Y6, 2026-10-03..04 (was partial): AI band = S4 / G4, the later-cut 375 band: full bleed r0, pill Mulish 10/14 57x18, LIVE labels/tag Small 48x18 gap 2 Mulish 10/14 (read live on 9801:112126), glyph #FFFFFF, glow #44C975 at -299,60. The code now draws the glyph white (was ash) and the glow at top 60 (was 59); r0, type and gap were already right and are now pinned. Read: w75 Y6 use_figma read2.js (Figma call 1 of 4, ledgered record-kind parity) fingerprinted the AI band on 157 Spot/Perps boards (style + geometry, figma-call1.txt); read3.js (call 2) read its texts and labels/tag subtree. Built: app 97e04ea6c on w75/Y6 (AIConfidenceStrip.tsx; ConfidenceBars fillClassName in BotPredictionOverlay.tsx), pinned by AIConfidenceStrip.boards.figma.test.tsx (18 cases) and the re-pointed figmaGeometry/Cells/hoverReach cases; mutations M0-M18 all killed. Status stays partial: Y6 compared the AI band only; the board's other residuals are wave 41's, carried and not re-read (status.wave42.trade-followups.tsv:42). Wave 75 packet P007 owns the board; this row names the AI band only.
9804-150628	partial	src/pages/trade/PerpTrading.tsx	/trade/perps	wave 75 lane Y6, 2026-10-03..04 (was partial): AI band = S4 / G4, the later-cut 375 band: full bleed r0, pill Mulish 10/14 57x18, LIVE labels/tag Small 48x18 gap 2 Mulish 10/14 (read live on 9801:112126), glyph #FFFFFF, glow #44C975 at -299,60. The code now draws the glyph white (was ash) and the glow at top 60 (was 59); r0, type and gap were already right and are now pinned. Read: w75 Y6 use_figma read2.js (Figma call 1 of 4, ledgered record-kind parity) fingerprinted the AI band on 157 Spot/Perps boards (style + geometry, figma-call1.txt); read3.js (call 2) read its texts and labels/tag subtree. Built: app 97e04ea6c on w75/Y6 (AIConfidenceStrip.tsx; ConfidenceBars fillClassName in BotPredictionOverlay.tsx), pinned by AIConfidenceStrip.boards.figma.test.tsx (18 cases) and the re-pointed figmaGeometry/Cells/hoverReach cases; mutations M0-M18 all killed. Status stays partial: Y6 compared the AI band only; the board's other residuals are wave 41's, carried and not re-read (status.wave42.trade-followups.tsv:52). Wave 75 packet P007 owns the board; this row names the AI band only.
9804-154738	partial	src/pages/trade/PerpTrading.tsx	/trade/perps	wave 75 lane Y6, 2026-10-03..04 (was partial): AI band = S4 / G4, the later-cut 375 band: full bleed r0, pill Mulish 10/14 57x18, LIVE labels/tag Small 48x18 gap 2 Mulish 10/14 (read live on 9801:112126), glyph #FFFFFF, glow #44C975 at -299,60. The code now draws the glyph white (was ash) and the glow at top 60 (was 59); r0, type and gap were already right and are now pinned. Read: w75 Y6 use_figma read2.js (Figma call 1 of 4, ledgered record-kind parity) fingerprinted the AI band on 157 Spot/Perps boards (style + geometry, figma-call1.txt); read3.js (call 2) read its texts and labels/tag subtree. Built: app 97e04ea6c on w75/Y6 (AIConfidenceStrip.tsx; ConfidenceBars fillClassName in BotPredictionOverlay.tsx), pinned by AIConfidenceStrip.boards.figma.test.tsx (18 cases) and the re-pointed figmaGeometry/Cells/hoverReach cases; mutations M0-M18 all killed. Status stays partial: Y6 compared the AI band only; the board's other residuals are wave 41's, carried and not re-read (status.wave42.trade-followups.tsv:46). Wave 75 packet P007 owns the board; this row names the AI band only.
3931-86279	done	src/components/trade/AIConfidenceStrip.tsx	/spot	wave 75 lane Y6, 2026-10-03..04 (was done): AI alert types 764x124, both bands read live in full: read2 (Figma call 1) fingerprints S0 on 3931:86249 (bullish) and S1 on 3931:90052 (bearish), read3 (call 2) their texts ('Bullish', 'Bearish 20%') and labels/tag. Wave 50's done (status.wave50.trade-bridge-deposit-chart.tsv:50) was a get_metadata read with no paint or type. The code now matches both on paint and type as well as geometry: glyph #FFFFFF (was ash), hairlines white@0.14 (was ash/20), LIVE Large gap 4 (was 2) on coral by token; bearish rule and pill App/Red-O = skai-red-opacity-34 (was skai-red/[0.34] = #FF574A), glow #C94F44 (was #44C975), one of five segments bg-skai-red at 20% (was the confidence ramp, which lit a bearish 88% green). Built: app 97e04ea6c on w75/Y6 (AIConfidenceStrip.tsx; ConfidenceBars fillClassName in BotPredictionOverlay.tsx), pinned by AIConfidenceStrip.boards.figma.test.tsx (18 cases) and the re-pointed figmaGeometry/Cells/hoverReach cases; mutations M0-M18 all killed.
9002-162080	frame-defect	src/components/trade/AIConfidenceStrip.tsx	/spot	wave 75 lane Y6, 2026-10-03..04 (was done): AI alert types 708x112: S3 on 9002:161972 and S10 on 9002:161939 (read2 call 1, read3 call 2). Wave 50's row (status.wave50.trade-bridge-deposit-chart.tsv:55) called the two bands identical; they differ in paint: 9002:161939 is the bearish paint (rule and pill #FB3324@0.34, label #FF574A, glow #C94F44, one segment Red 300 at 20%). The code now draws both: r12 at md (was 16) with rule rx 11.5, pill and LIVE Mulish 12/14 (was 11), LIVE gap 4, glyph white, hairlines white@0.14, and the SHORT paint above. Copy slip, not built: 9002:161939 still reads 'Bullish 20%' in the bearish paint; the code labels a SHORT call 'Bearish', as every 764 bearish node does (3931:90052, 3931:90086, 7886:89937). Built: app 97e04ea6c on w75/Y6 (AIConfidenceStrip.tsx; ConfidenceBars fillClassName in BotPredictionOverlay.tsx), pinned by AIConfidenceStrip.boards.figma.test.tsx (18 cases) and the re-pointed figmaGeometry/Cells/hoverReach cases; mutations M0-M18 all killed. STATUS CORRECTED AT THE FOLD (2026-10-04) from done to frame-defect; the reason is in status.wave75.ZFOLD.tsv.
9776-98249	frame-defect	src/components/trade/AIConfidenceStrip.tsx	/spot	wave 75 lane Y6, 2026-10-03..04 (was done): AI alert types 375x196: S4 on 9776:98150 and S11 on 9776:98183 (read2 call 1, read3 call 2). The code now draws both: glyph white (was ash), glow top 60 (was 59), and for SHORT the rule on skai-red-opacity-34 (was #FF574A@0.34), glow #C94F44 (was #44C975) and four of five segments bg-skai-red at 88% (the confidence ramp had lit them green). Copy slip, not built: 9776:98183 reads 'Bullish 88%' in the bearish paint; the code labels SHORT 'Bearish', as the 764 bearish nodes do. Built: app 97e04ea6c on w75/Y6 (AIConfidenceStrip.tsx; ConfidenceBars fillClassName in BotPredictionOverlay.tsx), pinned by AIConfidenceStrip.boards.figma.test.tsx (18 cases) and the re-pointed figmaGeometry/Cells/hoverReach cases; mutations M0-M18 all killed. STATUS CORRECTED AT THE FOLD (2026-10-04) from done to frame-defect; the reason is in status.wave75.ZFOLD.tsv.
9776-98250	done	src/components/trade/AIConfidenceStrip.tsx	/spot	wave 75 lane Y6, 2026-10-03..04 (was done): On:Hover 375x94: band S4 (read2 call 1) under Overlay 9776:98283 375x94 r0 #001615@0.44 with BACKGROUND_BLUR 5 (read2 overlays, read3 parentage: a child of the clipped band). The code now matches the blur too: scrim bg-green-coal-300/[0.44] backdrop-blur-[2.5px], square below md; glyph white (was ash), glow top 60 (was 59). CTA 160x32 as wave 52 measured (status.wave52.trade-bridge-deposit-chart.tsv:30). Built: app 97e04ea6c on w75/Y6 (AIConfidenceStrip.tsx; ConfidenceBars fillClassName in BotPredictionOverlay.tsx), pinned by AIConfidenceStrip.boards.figma.test.tsx (18 cases) and the re-pointed figmaGeometry/Cells/hoverReach cases; mutations M0-M18 all killed.
3931-91943	frame-defect	src/components/trade/AIConfidenceStrip.tsx	/spot	wave 75 lane Y6, 2026-10-03..04 (was done): NEEDS CASEY: a frame-versus-board disagreement, as 7679-71122 is. On:Hover 764x58, band S8 (read2 call 1) under Overlay 3931:92011 764x58 r0 #001615@0.44 BACKGROUND_BLUR 5 (a child of the r16-clipped band, read3 call 2). Everything the hover state adds is built: scrim bg-green-coal-300/[0.44] with backdrop-blur-[2.5px] (new in 97e04ea6c) at r16 from lg, CTA 160x34. Its band matches S0 in every item but one: both hairlines are solid #122524, where every 764 board and both alert-type bands (3931:86249, 3931:90052) draw white@0.14; #122524 hairlines otherwise appear only on 7679-71122 (AI card - shouty, frame-defect), the older card. Drawing #122524 only while the scrim is up would make the hairlines change colour on hover, which no board draws, so the code keeps white@0.14. Registry status was done (no status row; vverify match). Built: app 97e04ea6c on w75/Y6 (AIConfidenceStrip.tsx; ConfidenceBars fillClassName in BotPredictionOverlay.tsx), pinned by AIConfidenceStrip.boards.figma.test.tsx (18 cases) and the re-pointed figmaGeometry/Cells/hoverReach cases; mutations M0-M18 all killed.
9002-162005	frame-defect	src/components/trade/AIConfidenceStrip.tsx	/spot	wave 75 lane Y6, 2026-10-03..04 (was done): NEEDS CASEY: a frame-versus-board disagreement, as 7679-71122 is. On:Hover 708x52 holds the 764 band dropped into a 708 frame (read2 call 1, S9 / G8): pad 8/16 with Frame 1 676x40 at 16,6, labels Manrope 12/16, pill Mulish 11/14, reading 16/16, block gap 2, hairlines #122524; its own board 9002:157042 and alert types 9002:161972 draw pad 6/12 with Frame 1 684x40 at 12,6, pill 12/14, reading 14/16, gap 6 and hairlines white@0.14. Building it would reflow the 708 band on hover. The hover state itself is built: Overlay 9002:162032 708x52 #001615@0.44 BACKGROUND_BLUR 5 = scrim at r12 from md (was 16) with backdrop-blur-[2.5px] (new), CTA 9002:162033 160x32 as wave 50 measured (status.wave50.trade-bridge-deposit-chart.tsv:54). Built: app 97e04ea6c on w75/Y6 (AIConfidenceStrip.tsx; ConfidenceBars fillClassName in BotPredictionOverlay.tsx), pinned by AIConfidenceStrip.boards.figma.test.tsx (18 cases) and the re-pointed figmaGeometry/Cells/hoverReach cases; mutations M0-M18 all killed.
