Casino > New games [4714-31722]	partial	modules/skai-gaming/src/components/play/ui/PlayFilterBar.tsx	/play?filter=new	[DEFECT-SCOPE] [scope:in-scope] [was: frame-defect vs partial] NEITHER ROW IS WRONG - different scopes on one frame. status.wave3.frame-defects.tsv:11 is a frame-defect row that names every frame a drawn defect appears on; per SCHEMA frame-defect means the FRAME is wrong and the code is right, so it coexists with an implementation verdict rather than contradicting it. Implementation verdict 'partial' stands; the defect stays separately visible to design.
Sportsbook > Side panel [4913-97944]	blocked-on-backend	-	-	[RECLASSIFIED] [scope:in-scope] [was: blocked-on-backend vs not-started] Both rows agree NO code exists; they disagree on the CLASSIFICATION. SCHEMA reserves blocked-on-backend for 'buildable, no source exists' and requires the missing source be named - wave2.predict-play.tsv:55 names the revoked odds feed, play.tsv:22 names nothing. WRONG ROW: status.play.tsv:22 ('no citation and no redesign code found') is a pre-reclassification census line.
ALT [4595-50243]	not-started	—	—	[PROSE-DISCLAIMER] [scope:in-scope] [was: done vs not-started] WRONG ROW: status.play.tsv:1 is the (section root) row for /play and is `done` about the HUB, not this ALT. It names 4595-50243 only to DISCLAIM it - the hub was built from this coral ALT and corrected AWAY from it on 2026-08-06 to the landing frame's #862213. A disclaimer indexed as a claim. Both rows that actually assess the ALT (play.tsv:14, wave2.predict-play.tsv:47) say not-started; the latter argues DECLINE, not backlog.
Social [5100-183573]	done	src/pages/social/SocialFeed.tsx	/social	[SOCIAL-SUPERSEDED] [scope:in-scope] [was: done vs partial] WRONG ROW: status.social.tsv:1 - status.social.tsv is the PRE-FIX census and every one of its verdicts rests on src/components/social/SocialTradingFeed.tsx being unmounted. VERIFIED 2026-08-26: SocialTradingFeed still has 0 JSX mounts, but the surface was rebuilt on DIFFERENT components, which do mount - SocialFeed(1), DiscoverFeed(1), DraftsDialog(1), CreateNewMenu(1), FeedCommentsDialog(1), StreamViewersPanel(1), StreamChatPopout(2), GroupFormSheet(2) - and /social is routed at src/App.tsx:1900. status.social.gaps.tsv is the post-fix record and wins. ALSO: WRONG ROW: status.social.tsv:2 (subject 5101-186045) - the row's own SUBJECT is a different node, and it names this frame only as the container of, contrast to, or precedent for that subject. Subject read by the catalog's two stated conventions: an id in the family column, else an id opening the reason ('node 9640-213001 - ...'). A containment reference indexed as a verdict.
Social [10232-201644]	done	src/components/social/feed/CreateNewMenu.tsx	/social	[SOCIAL-SUPERSEDED] [scope:in-scope] [was: done vs partial] WRONG ROW: status.social.tsv:3 - status.social.tsv is the PRE-FIX census and every one of its verdicts rests on src/components/social/SocialTradingFeed.tsx being unmounted. VERIFIED 2026-08-26: SocialTradingFeed still has 0 JSX mounts, but the surface was rebuilt on DIFFERENT components, which do mount - SocialFeed(1), DiscoverFeed(1), DraftsDialog(1), CreateNewMenu(1), FeedCommentsDialog(1), StreamViewersPanel(1), StreamChatPopout(2), GroupFormSheet(2) - and /social is routed at src/App.tsx:1900. status.social.gaps.tsv is the post-fix record and wins.
Social > create post > drafts [10335-235331]	done	src/components/social/feed/DraftsDialog.tsx	/social	[SOCIAL-SUPERSEDED] [scope:in-scope] [was: done vs not-started] WRONG ROW: status.social.tsv:75 - status.social.tsv is the PRE-FIX census and every one of its verdicts rests on src/components/social/SocialTradingFeed.tsx being unmounted. VERIFIED 2026-08-26: SocialTradingFeed still has 0 JSX mounts, but the surface was rebuilt on DIFFERENT components, which do mount - SocialFeed(1), DiscoverFeed(1), DraftsDialog(1), CreateNewMenu(1), FeedCommentsDialog(1), StreamViewersPanel(1), StreamChatPopout(2), GroupFormSheet(2) - and /social is routed at src/App.tsx:1900. status.social.gaps.tsv is the post-fix record and wins. ALSO: WRONG ROW: status.social.tsv:76 (subject 10335-236189) - the row's own SUBJECT is a different node, and it names this frame only as the container of, contrast to, or precedent for that subject. Subject read by the catalog's two stated conventions: an id in the family column, else an id opening the reason ('node 9640-213001 - ...'). A containment reference indexed as a verdict.
Social > create post > drafts [10335-236189]	done	src/components/social/feed/DraftsDialog.tsx	/social	[SOCIAL-SUPERSEDED] [scope:in-scope] [was: done vs not-started] WRONG ROW: status.social.tsv:76 - status.social.tsv is the PRE-FIX census and every one of its verdicts rests on src/components/social/SocialTradingFeed.tsx being unmounted. VERIFIED 2026-08-26: SocialTradingFeed still has 0 JSX mounts, but the surface was rebuilt on DIFFERENT components, which do mount - SocialFeed(1), DiscoverFeed(1), DraftsDialog(1), CreateNewMenu(1), FeedCommentsDialog(1), StreamViewersPanel(1), StreamChatPopout(2), GroupFormSheet(2) - and /social is routed at src/App.tsx:1900. status.social.gaps.tsv is the post-fix record and wins.
Social > create post > empty [10328-215524]	done	src/components/social/feed/ComposePostDialog.tsx	/social	[SOCIAL-SUPERSEDED] [scope:in-scope] [was: done vs partial] WRONG ROW: status.social.tsv:74 - status.social.tsv is the PRE-FIX census and every one of its verdicts rests on src/components/social/SocialTradingFeed.tsx being unmounted. VERIFIED 2026-08-26: SocialTradingFeed still has 0 JSX mounts, but the surface was rebuilt on DIFFERENT components, which do mount - SocialFeed(1), DiscoverFeed(1), DraftsDialog(1), CreateNewMenu(1), FeedCommentsDialog(1), StreamViewersPanel(1), StreamChatPopout(2), GroupFormSheet(2) - and /social is routed at src/App.tsx:1900. status.social.gaps.tsv is the post-fix record and wins.
Social > create post [10335-233638]	done	src/components/social/feed/ComposePostDialog.tsx	/social	[SOCIAL-SUPERSEDED] [scope:in-scope] [was: done vs partial] WRONG ROW: status.social.tsv:72 - status.social.tsv is the PRE-FIX census and every one of its verdicts rests on src/components/social/SocialTradingFeed.tsx being unmounted. VERIFIED 2026-08-26: SocialTradingFeed still has 0 JSX mounts, but the surface was rebuilt on DIFFERENT components, which do mount - SocialFeed(1), DiscoverFeed(1), DraftsDialog(1), CreateNewMenu(1), FeedCommentsDialog(1), StreamViewersPanel(1), StreamChatPopout(2), GroupFormSheet(2) - and /social is routed at src/App.tsx:1900. status.social.gaps.tsv is the post-fix record and wins.
Social > create post [10335-234351]	blocked-on-backend	src/components/social/feed/ComposePostDialog.tsx	/social	[SOCIAL-SUPERSEDED] [scope:in-scope] [was: blocked-on-backend vs partial] WRONG ROW: status.social.tsv:73 - status.social.tsv is the PRE-FIX census and every one of its verdicts rests on src/components/social/SocialTradingFeed.tsx being unmounted. VERIFIED 2026-08-26: SocialTradingFeed still has 0 JSX mounts, but the surface was rebuilt on DIFFERENT components, which do mount - SocialFeed(1), DiscoverFeed(1), DraftsDialog(1), CreateNewMenu(1), FeedCommentsDialog(1), StreamViewersPanel(1), StreamChatPopout(2), GroupFormSheet(2) - and /social is routed at src/App.tsx:1900. status.social.gaps.tsv is the post-fix record and wins.
Social > create story > prepare story [10324-107730]	not-started	—	—	[SUBJECT-ELSEWHERE] [scope:in-scope] [was: done vs not-started] WRONG ROW: status.wave2.social-a.tsv:23 (subject 10327-199048) - the row's own SUBJECT is a different node, and it names this frame only as the container of, contrast to, or precedent for that subject. Subject read by the catalog's two stated conventions: an id in the family column, else an id opening the reason ('node 9640-213001 - ...'). A containment reference indexed as a verdict.
Social [5101-186045]	done	src/pages/social/SocialFeed.tsx	/social	[SOCIAL-SUPERSEDED] [scope:in-scope] [was: done vs partial] WRONG ROW: status.social.tsv:2 - status.social.tsv is the PRE-FIX census and every one of its verdicts rests on src/components/social/SocialTradingFeed.tsx being unmounted. VERIFIED 2026-08-26: SocialTradingFeed still has 0 JSX mounts, but the surface was rebuilt on DIFFERENT components, which do mount - SocialFeed(1), DiscoverFeed(1), DraftsDialog(1), CreateNewMenu(1), FeedCommentsDialog(1), StreamViewersPanel(1), StreamChatPopout(2), GroupFormSheet(2) - and /social is routed at src/App.tsx:1900. status.social.gaps.tsv is the post-fix record and wins. ALSO: WRONG ROW: status.social.tsv:1 (subject 5100-183573) - the row's own SUBJECT is a different node, and it names this frame only as the container of, contrast to, or precedent for that subject. Subject read by the catalog's two stated conventions: an id in the family column, else an id opening the reason ('node 9640-213001 - ...'). A containment reference indexed as a verdict.
Social [5194-271601]	done	src/components/social/feed/PostCard.tsx	/social	[SOCIAL-SUPERSEDED] [scope:in-scope] [was: done vs partial] WRONG ROW: status.social.tsv:4 - status.social.tsv is the PRE-FIX census and every one of its verdicts rests on src/components/social/SocialTradingFeed.tsx being unmounted. VERIFIED 2026-08-26: SocialTradingFeed still has 0 JSX mounts, but the surface was rebuilt on DIFFERENT components, which do mount - SocialFeed(1), DiscoverFeed(1), DraftsDialog(1), CreateNewMenu(1), FeedCommentsDialog(1), StreamViewersPanel(1), StreamChatPopout(2), GroupFormSheet(2) - and /social is routed at src/App.tsx:1900. status.social.gaps.tsv is the post-fix record and wins.
Social > Sample creator profile [4948-143477]	done	src/pages/account/UserProfile.tsx	/:username	[SUBJECT-ELSEWHERE] [scope:in-scope] [was: done vs partial] WRONG ROW: status.social.tsv:58 (subject 9640-213001) - the row's own SUBJECT is a different node, and it names this frame only as the container of, contrast to, or precedent for that subject. Subject read by the catalog's two stated conventions: an id in the family column, else an id opening the reason ('node 9640-213001 - ...'). A containment reference indexed as a verdict.
Social > Sample creator profile [4954-147061]	done	src/pages/account/UserProfile.tsx	/:username	[SUBJECT-ELSEWHERE] [scope:in-scope] [was: done vs partial] WRONG ROW: status.social.tsv:56 (subject 4948-143477), status.wave2.social-a.tsv:25 (subject 5124-203728) - the row's own SUBJECT is a different node, and it names this frame only as the container of, contrast to, or precedent for that subject. Subject read by the catalog's two stated conventions: an id in the family column, else an id opening the reason ('node 9640-213001 - ...'). A containment reference indexed as a verdict.
Social > Discover [5110-188367]	partial	src/pages/social/Discover.tsx	/discover	[SUBJECT-ELSEWHERE] [scope:in-scope] [was: done vs partial] WRONG ROW: status.social.tsv:7 (subject 5110-187509), status.wave2.social-a.tsv:94 (subject 10302-184716) - the row's own SUBJECT is a different node, and it names this frame only as the container of, contrast to, or precedent for that subject. Subject read by the catalog's two stated conventions: an id in the family column, else an id opening the reason ('node 9640-213001 - ...'). A containment reference indexed as a verdict.
Social > Discover [5111-190017]	done	src/pages/social/Discover.tsx	/discover	[SOCIAL-SUPERSEDED] [scope:in-scope] [was: done vs partial] WRONG ROW: status.social.tsv:12 - status.social.tsv is the PRE-FIX census and every one of its verdicts rests on src/components/social/SocialTradingFeed.tsx being unmounted. VERIFIED 2026-08-26: SocialTradingFeed still has 0 JSX mounts, but the surface was rebuilt on DIFFERENT components, which do mount - SocialFeed(1), DiscoverFeed(1), DraftsDialog(1), CreateNewMenu(1), FeedCommentsDialog(1), StreamViewersPanel(1), StreamChatPopout(2), GroupFormSheet(2) - and /social is routed at src/App.tsx:1900. status.social.gaps.tsv is the post-fix record and wins.
Social > Live [4998-155882]	done	src/components/streaming/LiveStreamsBrowser.tsx	/streaming	[SOCIAL-SUPERSEDED] [scope:in-scope] [was: done vs partial] WRONG ROW: status.social.tsv:23 - status.social.tsv is the PRE-FIX census and every one of its verdicts rests on src/components/social/SocialTradingFeed.tsx being unmounted. VERIFIED 2026-08-26: SocialTradingFeed still has 0 JSX mounts, but the surface was rebuilt on DIFFERENT components, which do mount - SocialFeed(1), DiscoverFeed(1), DraftsDialog(1), CreateNewMenu(1), FeedCommentsDialog(1), StreamViewersPanel(1), StreamChatPopout(2), GroupFormSheet(2) - and /social is routed at src/App.tsx:1900. status.social.gaps.tsv is the post-fix record and wins. MEASUREMENT CAVEAT: /streaming is gated at src/pages/social/Streaming.tsx:877 on `!isSuperAdmin && !isFeatureEnabled("STREAMING_PUBLIC")`, and src/config/features.ts:297 defaults STREAMING_PUBLIC to false (it reads VITE_STREAMING_PUBLIC === 'true'). Whether a normal user sees this surface depends on a feature_flags row, which this lane did not query. The row's 'now reachable by normal users' is true only if that row is on.
Social > Messages > Sample Conversation > Dropdown options [5162-265801]	partial	src/components/messages/MessageBubble.tsx	/messages/:conversationId	[SUBJECT-ELSEWHERE] [scope:in-scope] [was: done vs partial] WRONG ROW: status.wave2.social-a.tsv:34 (subject 10216-182394), status.wave2.social-a.tsv:36 (subject 11387-73530), status.wave2.social-a.tsv:106 (subject 11373-23253) - the row's own SUBJECT is a different node, and it names this frame only as the container of, contrast to, or precedent for that subject. Subject read by the catalog's two stated conventions: an id in the family column, else an id opening the reason ('node 9640-213001 - ...'). A containment reference indexed as a verdict. MEASUREMENT CAVEAT: /messages cannot paint in dev - src/pages/social/Messages.tsx:173 returns a 'Connecting wallet' skeleton + spinner whenever !account?.address, and the comment at :172 calls it 'Waiting for auto-connect'. So this verdict is an IMPLEMENTATION claim, not the MEASURED PARITY that SCHEMA reserves `done` for. NEEDS: a re-measure at 1440/768/375 with a wallet that actually connects.
Social > Messages > Sample Conversation > Groups [5164-266951]	done	src/pages/social/messages/ConversationList.tsx	/messages	[SOCIAL-SUPERSEDED] [scope:in-scope] [was: done vs partial] WRONG ROW: status.social.tsv:50 - status.social.tsv is the PRE-FIX census and every one of its verdicts rests on src/components/social/SocialTradingFeed.tsx being unmounted. VERIFIED 2026-08-26: SocialTradingFeed still has 0 JSX mounts, but the surface was rebuilt on DIFFERENT components, which do mount - SocialFeed(1), DiscoverFeed(1), DraftsDialog(1), CreateNewMenu(1), FeedCommentsDialog(1), StreamViewersPanel(1), StreamChatPopout(2), GroupFormSheet(2) - and /social is routed at src/App.tsx:1900. status.social.gaps.tsv is the post-fix record and wins. ALSO: WRONG ROW: status.wave2.social-a.tsv:103 (subject 11380-23801) - the row's own SUBJECT is a different node, and it names this frame only as the container of, contrast to, or precedent for that subject. Subject read by the catalog's two stated conventions: an id in the family column, else an id opening the reason ('node 9640-213001 - ...'). A containment reference indexed as a verdict. MEASUREMENT CAVEAT: /messages cannot paint in dev - src/pages/social/Messages.tsx:173 returns a 'Connecting wallet' skeleton + spinner whenever !account?.address, and the comment at :172 calls it 'Waiting for auto-connect'. So this verdict is an IMPLEMENTATION claim, not the MEASURED PARITY that SCHEMA reserves `done` for. NEEDS: a re-measure at 1440/768/375 with a wallet that actually connects.
Social > Messages > Sample Conversation > Message requests > Sample message [5171-270124]	done	src/components/messaging/MessageRequestsSurface.tsx	/messages	[SOCIAL-SUPERSEDED] [scope:in-scope] [was: done vs partial] WRONG ROW: status.social.tsv:52 - status.social.tsv is the PRE-FIX census and every one of its verdicts rests on src/components/social/SocialTradingFeed.tsx being unmounted. VERIFIED 2026-08-26: SocialTradingFeed still has 0 JSX mounts, but the surface was rebuilt on DIFFERENT components, which do mount - SocialFeed(1), DiscoverFeed(1), DraftsDialog(1), CreateNewMenu(1), FeedCommentsDialog(1), StreamViewersPanel(1), StreamChatPopout(2), GroupFormSheet(2) - and /social is routed at src/App.tsx:1900. status.social.gaps.tsv is the post-fix record and wins. MEASUREMENT CAVEAT: /messages cannot paint in dev - src/pages/social/Messages.tsx:173 returns a 'Connecting wallet' skeleton + spinner whenever !account?.address, and the comment at :172 calls it 'Waiting for auto-connect'. So this verdict is an IMPLEMENTATION claim, not the MEASURED PARITY that SCHEMA reserves `done` for. NEEDS: a re-measure at 1440/768/375 with a wallet that actually connects.
Social > Messages > Sample Conversation > multi-select / profile [5160-207895]	partial	src/pages/social/Messages.tsx	/messages/:conversationId	[SUBJECT-ELSEWHERE] [scope:in-scope] [was: done vs partial] WRONG ROW: status.wave2.social-a.tsv:115 (subject 11369-24298) - the row's own SUBJECT is a different node, and it names this frame only as the container of, contrast to, or precedent for that subject. Subject read by the catalog's two stated conventions: an id in the family column, else an id opening the reason ('node 9640-213001 - ...'). A containment reference indexed as a verdict. MEASUREMENT CAVEAT: /messages cannot paint in dev - src/pages/social/Messages.tsx:173 returns a 'Connecting wallet' skeleton + spinner whenever !account?.address, and the comment at :172 calls it 'Waiting for auto-connect'. So this verdict is an IMPLEMENTATION claim, not the MEASURED PARITY that SCHEMA reserves `done` for. NEEDS: a re-measure at 1440/768/375 with a wallet that actually connects.
Social > Live [4943-129014]	done	src/components/streaming/LiveStreamsBrowser.tsx	/streaming	[SOCIAL-SUPERSEDED] [scope:in-scope] [was: done vs partial] WRONG ROW: status.social.tsv:24 - status.social.tsv is the PRE-FIX census and every one of its verdicts rests on src/components/social/SocialTradingFeed.tsx being unmounted. VERIFIED 2026-08-26: SocialTradingFeed still has 0 JSX mounts, but the surface was rebuilt on DIFFERENT components, which do mount - SocialFeed(1), DiscoverFeed(1), DraftsDialog(1), CreateNewMenu(1), FeedCommentsDialog(1), StreamViewersPanel(1), StreamChatPopout(2), GroupFormSheet(2) - and /social is routed at src/App.tsx:1900. status.social.gaps.tsv is the post-fix record and wins. ALSO: WRONG ROW: status.social.tsv:23 (subject 4998-155882) - the row's own SUBJECT is a different node, and it names this frame only as the container of, contrast to, or precedent for that subject. Subject read by the catalog's two stated conventions: an id in the family column, else an id opening the reason ('node 9640-213001 - ...'). A containment reference indexed as a verdict. MEASUREMENT CAVEAT: /streaming is gated at src/pages/social/Streaming.tsx:877 on `!isSuperAdmin && !isFeatureEnabled("STREAMING_PUBLIC")`, and src/config/features.ts:297 defaults STREAMING_PUBLIC to false (it reads VITE_STREAMING_PUBLIC === 'true'). Whether a normal user sees this surface depends on a feature_flags row, which this lane did not query. The row's 'now reachable by normal users' is true only if that row is on.
Social > Sample post / token [5114-194778]	blocked-on-backend	src/components/social/post/TokenPostDetail.tsx	—	[SOCIAL-SUPERSEDED] [scope:in-scope] [was: blocked-on-backend vs not-started] WRONG ROW: status.social.tsv:66 - status.social.tsv is the PRE-FIX census and every one of its verdicts rests on src/components/social/SocialTradingFeed.tsx being unmounted. VERIFIED 2026-08-26: SocialTradingFeed still has 0 JSX mounts, but the surface was rebuilt on DIFFERENT components, which do mount - SocialFeed(1), DiscoverFeed(1), DraftsDialog(1), CreateNewMenu(1), FeedCommentsDialog(1), StreamViewersPanel(1), StreamChatPopout(2), GroupFormSheet(2) - and /social is routed at src/App.tsx:1900. status.social.gaps.tsv is the post-fix record and wins. ALSO: WRONG ROW: status.wave2.social-a.tsv:39 (subject 5115-197431) - the row's own SUBJECT is a different node, and it names this frame only as the container of, contrast to, or precedent for that subject. Subject read by the catalog's two stated conventions: an id in the family column, else an id opening the reason ('node 9640-213001 - ...'). A containment reference indexed as a verdict.
Social > Sample post / token [5116-199727]	blocked-on-backend	src/components/social/post/PostTokenChartCard.tsx	—	[SOCIAL-SUPERSEDED] [scope:in-scope] [was: blocked-on-backend vs not-started] WRONG ROW: status.social.tsv:67 - status.social.tsv is the PRE-FIX census and every one of its verdicts rests on src/components/social/SocialTradingFeed.tsx being unmounted. VERIFIED 2026-08-26: SocialTradingFeed still has 0 JSX mounts, but the surface was rebuilt on DIFFERENT components, which do mount - SocialFeed(1), DiscoverFeed(1), DraftsDialog(1), CreateNewMenu(1), FeedCommentsDialog(1), StreamViewersPanel(1), StreamChatPopout(2), GroupFormSheet(2) - and /social is routed at src/App.tsx:1900. status.social.gaps.tsv is the post-fix record and wins.
Social > Sample post / token [9640-211967]	partial	src/components/social/post/PostTokenChartCard.tsx	—	[SOCIAL-SUPERSEDED] [scope:in-scope] [was: not-started vs partial] WRONG ROW: status.social.tsv:68 - status.social.tsv is the PRE-FIX census and every one of its verdicts rests on src/components/social/SocialTradingFeed.tsx being unmounted. VERIFIED 2026-08-26: SocialTradingFeed still has 0 JSX mounts, but the surface was rebuilt on DIFFERENT components, which do mount - SocialFeed(1), DiscoverFeed(1), DraftsDialog(1), CreateNewMenu(1), FeedCommentsDialog(1), StreamViewersPanel(1), StreamChatPopout(2), GroupFormSheet(2) - and /social is routed at src/App.tsx:1900. status.social.gaps.tsv is the post-fix record and wins.
Social > My post / token [9658-217019]	blocked-on-backend	src/components/social/post/TokenPostDetail.tsx	—	[SOCIAL-SUPERSEDED] [scope:in-scope] [was: blocked-on-backend vs not-started] WRONG ROW: status.social.tsv:70 - status.social.tsv is the PRE-FIX census and every one of its verdicts rests on src/components/social/SocialTradingFeed.tsx being unmounted. VERIFIED 2026-08-26: SocialTradingFeed still has 0 JSX mounts, but the surface was rebuilt on DIFFERENT components, which do mount - SocialFeed(1), DiscoverFeed(1), DraftsDialog(1), CreateNewMenu(1), FeedCommentsDialog(1), StreamViewersPanel(1), StreamChatPopout(2), GroupFormSheet(2) - and /social is routed at src/App.tsx:1900. status.social.gaps.tsv is the post-fix record and wins.
Social > My post / token [5222-11064]	blocked-on-backend	src/components/social/post/TokenPostDetail.tsx	—	[SOCIAL-SUPERSEDED] [scope:in-scope] [was: blocked-on-backend vs not-started] WRONG ROW: status.social.tsv:69 - status.social.tsv is the PRE-FIX census and every one of its verdicts rests on src/components/social/SocialTradingFeed.tsx being unmounted. VERIFIED 2026-08-26: SocialTradingFeed still has 0 JSX mounts, but the surface was rebuilt on DIFFERENT components, which do mount - SocialFeed(1), DiscoverFeed(1), DraftsDialog(1), CreateNewMenu(1), FeedCommentsDialog(1), StreamViewersPanel(1), StreamChatPopout(2), GroupFormSheet(2) - and /social is routed at src/App.tsx:1900. status.social.gaps.tsv is the post-fix record and wins.
Social > My post / token [5222-11708]	blocked-on-backend	src/components/social/feed/postImageUpload.ts	—	[SOCIAL-SUPERSEDED] [scope:in-scope] [was: blocked-on-backend vs not-started vs partial] WRONG ROW: status.social.tsv:71 - status.social.tsv is the PRE-FIX census and every one of its verdicts rests on src/components/social/SocialTradingFeed.tsx being unmounted. VERIFIED 2026-08-26: SocialTradingFeed still has 0 JSX mounts, but the surface was rebuilt on DIFFERENT components, which do mount - SocialFeed(1), DiscoverFeed(1), DraftsDialog(1), CreateNewMenu(1), FeedCommentsDialog(1), StreamViewersPanel(1), StreamChatPopout(2), GroupFormSheet(2) - and /social is routed at src/App.tsx:1900. status.social.gaps.tsv is the post-fix record and wins. ALSO: WRONG ROW: status.social.gaps.tsv:58 (subject 10335-234351), status.wave2.social-a.tsv:19 (subject 10335-236021) - the row's own SUBJECT is a different node, and it names this frame only as the container of, contrast to, or precedent for that subject. Subject read by the catalog's two stated conventions: an id in the family column, else an id opening the reason ('node 9640-213001 - ...'). A containment reference indexed as a verdict.
Social > Live > Stream type modal > Sample stream [5000-158255]	done	src/components/streaming/IVSPlayer.tsx	/streaming/:streamId	[SOCIAL-SUPERSEDED] [scope:in-scope] [was: done vs partial] WRONG ROW: status.social.tsv:26 - status.social.tsv is the PRE-FIX census and every one of its verdicts rests on src/components/social/SocialTradingFeed.tsx being unmounted. VERIFIED 2026-08-26: SocialTradingFeed still has 0 JSX mounts, but the surface was rebuilt on DIFFERENT components, which do mount - SocialFeed(1), DiscoverFeed(1), DraftsDialog(1), CreateNewMenu(1), FeedCommentsDialog(1), StreamViewersPanel(1), StreamChatPopout(2), GroupFormSheet(2) - and /social is routed at src/App.tsx:1900. status.social.gaps.tsv is the post-fix record and wins. ALSO: WRONG ROW: status.social.gaps.tsv:27 (subject 5015-179843), status.social.tsv:27 (subject 5015-179843) - the row's own SUBJECT is a different node, and it names this frame only as the container of, contrast to, or precedent for that subject. Subject read by the catalog's two stated conventions: an id in the family column, else an id opening the reason ('node 9640-213001 - ...'). A containment reference indexed as a verdict. MEASUREMENT CAVEAT: /streaming is gated at src/pages/social/Streaming.tsx:877 on `!isSuperAdmin && !isFeatureEnabled("STREAMING_PUBLIC")`, and src/config/features.ts:297 defaults STREAMING_PUBLIC to false (it reads VITE_STREAMING_PUBLIC === 'true'). Whether a normal user sees this surface depends on a feature_flags row, which this lane did not query. The row's 'now reachable by normal users' is true only if that row is on.
Social > Live > Go live [10094-247131]	done	src/components/streaming/IVSBroadcasterV2.tsx	/streaming/:streamId	[SOCIAL-SUPERSEDED] [scope:in-scope] [was: done vs partial] WRONG ROW: status.social.tsv:33 - status.social.tsv is the PRE-FIX census and every one of its verdicts rests on src/components/social/SocialTradingFeed.tsx being unmounted. VERIFIED 2026-08-26: SocialTradingFeed still has 0 JSX mounts, but the surface was rebuilt on DIFFERENT components, which do mount - SocialFeed(1), DiscoverFeed(1), DraftsDialog(1), CreateNewMenu(1), FeedCommentsDialog(1), StreamViewersPanel(1), StreamChatPopout(2), GroupFormSheet(2) - and /social is routed at src/App.tsx:1900. status.social.gaps.tsv is the post-fix record and wins. MEASUREMENT CAVEAT: /streaming is gated at src/pages/social/Streaming.tsx:877 on `!isSuperAdmin && !isFeatureEnabled("STREAMING_PUBLIC")`, and src/config/features.ts:297 defaults STREAMING_PUBLIC to false (it reads VITE_STREAMING_PUBLIC === 'true'). Whether a normal user sees this surface depends on a feature_flags row, which this lane did not query. The row's 'now reachable by normal users' is true only if that row is on.
Social > Live > Go live > setup stream [10094-250637]	done	src/components/streaming/IVSBroadcasterV2.tsx	/streaming/:streamId	[SOCIAL-SUPERSEDED] [scope:in-scope] [was: done vs partial] WRONG ROW: status.social.tsv:34 - status.social.tsv is the PRE-FIX census and every one of its verdicts rests on src/components/social/SocialTradingFeed.tsx being unmounted. VERIFIED 2026-08-26: SocialTradingFeed still has 0 JSX mounts, but the surface was rebuilt on DIFFERENT components, which do mount - SocialFeed(1), DiscoverFeed(1), DraftsDialog(1), CreateNewMenu(1), FeedCommentsDialog(1), StreamViewersPanel(1), StreamChatPopout(2), GroupFormSheet(2) - and /social is routed at src/App.tsx:1900. status.social.gaps.tsv is the post-fix record and wins. MEASUREMENT CAVEAT: /streaming is gated at src/pages/social/Streaming.tsx:877 on `!isSuperAdmin && !isFeatureEnabled("STREAMING_PUBLIC")`, and src/config/features.ts:297 defaults STREAMING_PUBLIC to false (it reads VITE_STREAMING_PUBLIC === 'true'). Whether a normal user sees this surface depends on a feature_flags row, which this lane did not query. The row's 'now reachable by normal users' is true only if that row is on.
Social > Live > Go live > setup stream > Skai studio > select thumbnail [10094-253395]	partial	src/components/streaming/StreamThumbnailPicker.tsx	/streaming/:streamId	[SOCIAL-SUPERSEDED] [scope:in-scope] [was: not-started vs partial] WRONG ROW: status.social.tsv:36 - status.social.tsv is the PRE-FIX census and every one of its verdicts rests on src/components/social/SocialTradingFeed.tsx being unmounted. VERIFIED 2026-08-26: SocialTradingFeed still has 0 JSX mounts, but the surface was rebuilt on DIFFERENT components, which do mount - SocialFeed(1), DiscoverFeed(1), DraftsDialog(1), CreateNewMenu(1), FeedCommentsDialog(1), StreamViewersPanel(1), StreamChatPopout(2), GroupFormSheet(2) - and /social is routed at src/App.tsx:1900. status.social.gaps.tsv is the post-fix record and wins. MEASUREMENT CAVEAT: /streaming is gated at src/pages/social/Streaming.tsx:877 on `!isSuperAdmin && !isFeatureEnabled("STREAMING_PUBLIC")`, and src/config/features.ts:297 defaults STREAMING_PUBLIC to false (it reads VITE_STREAMING_PUBLIC === 'true'). Whether a normal user sees this surface depends on a feature_flags row, which this lane did not query. The row's 'now reachable by normal users' is true only if that row is on.
Social > Live > Go live > setup stream > Skai studio > select thumbnail > starting stream [10102-259223]	done	src/components/streaming/IVSBroadcasterV2.tsx	/streaming/:streamId	[SOCIAL-SUPERSEDED] [scope:in-scope] [was: done vs partial] WRONG ROW: status.social.tsv:37 - status.social.tsv is the PRE-FIX census and every one of its verdicts rests on src/components/social/SocialTradingFeed.tsx being unmounted. VERIFIED 2026-08-26: SocialTradingFeed still has 0 JSX mounts, but the surface was rebuilt on DIFFERENT components, which do mount - SocialFeed(1), DiscoverFeed(1), DraftsDialog(1), CreateNewMenu(1), FeedCommentsDialog(1), StreamViewersPanel(1), StreamChatPopout(2), GroupFormSheet(2) - and /social is routed at src/App.tsx:1900. status.social.gaps.tsv is the post-fix record and wins. MEASUREMENT CAVEAT: /streaming is gated at src/pages/social/Streaming.tsx:877 on `!isSuperAdmin && !isFeatureEnabled("STREAMING_PUBLIC")`, and src/config/features.ts:297 defaults STREAMING_PUBLIC to false (it reads VITE_STREAMING_PUBLIC === 'true'). Whether a normal user sees this surface depends on a feature_flags row, which this lane did not query. The row's 'now reachable by normal users' is true only if that row is on.
Social > Live > Go live > setup stream > Skai studio > select thumbnail > starting stream > stream manager [10136-262502]	not-started	src/pages/social/Streaming.tsx	/streaming/:streamId	[SOCIAL-SUPERSEDED] [scope:in-scope] [was: frame-defect vs not-started vs partial] WRONG ROW: status.social.tsv:38 - status.social.tsv is the PRE-FIX census and every one of its verdicts rests on src/components/social/SocialTradingFeed.tsx being unmounted. VERIFIED 2026-08-26: SocialTradingFeed still has 0 JSX mounts, but the surface was rebuilt on DIFFERENT components, which do mount - SocialFeed(1), DiscoverFeed(1), DraftsDialog(1), CreateNewMenu(1), FeedCommentsDialog(1), StreamViewersPanel(1), StreamChatPopout(2), GroupFormSheet(2) - and /social is routed at src/App.tsx:1900. status.social.gaps.tsv is the post-fix record and wins. ALSO: NEITHER ROW IS WRONG - different scopes on one frame. status.wave3.frame-defects.tsv:14 is a frame-defect row that names every frame a drawn defect appears on; per SCHEMA frame-defect means the FRAME is wrong and the code is right, so it coexists with an implementation verdict rather than contradicting it. Implementation verdict 'not-started' stands; the defect stays separately visible to design. MEASUREMENT CAVEAT: /streaming is gated at src/pages/social/Streaming.tsx:877 on `!isSuperAdmin && !isFeatureEnabled("STREAMING_PUBLIC")`, and src/config/features.ts:297 defaults STREAMING_PUBLIC to false (it reads VITE_STREAMING_PUBLIC === 'true'). Whether a normal user sees this surface depends on a feature_flags row, which this lane did not query. The row's 'now reachable by normal users' is true only if that row is on.
Social > Live > Go live > ... > stream manager > invite guests [10155-268046]	not-started	—	—	[DEFECT-SCOPE] [scope:in-scope] [was: frame-defect vs not-started] NEITHER ROW IS WRONG - different scopes on one frame. status.wave3.frame-defects.tsv:14 is a frame-defect row that names every frame a drawn defect appears on; per SCHEMA frame-defect means the FRAME is wrong and the code is right, so it coexists with an implementation verdict rather than contradicting it. Implementation verdict 'not-started' stands; the defect stays separately visible to design.
Social > Live > Go live > setup stream > OBS [10094-256369]	done	src/components/streaming/IVSBroadcasterV2.tsx	/streaming/:streamId	[SOCIAL-SUPERSEDED] [scope:in-scope] [was: done vs partial] WRONG ROW: status.social.tsv:35 - status.social.tsv is the PRE-FIX census and every one of its verdicts rests on src/components/social/SocialTradingFeed.tsx being unmounted. VERIFIED 2026-08-26: SocialTradingFeed still has 0 JSX mounts, but the surface was rebuilt on DIFFERENT components, which do mount - SocialFeed(1), DiscoverFeed(1), DraftsDialog(1), CreateNewMenu(1), FeedCommentsDialog(1), StreamViewersPanel(1), StreamChatPopout(2), GroupFormSheet(2) - and /social is routed at src/App.tsx:1900. status.social.gaps.tsv is the post-fix record and wins. MEASUREMENT CAVEAT: /streaming is gated at src/pages/social/Streaming.tsx:877 on `!isSuperAdmin && !isFeatureEnabled("STREAMING_PUBLIC")`, and src/config/features.ts:297 defaults STREAMING_PUBLIC to false (it reads VITE_STREAMING_PUBLIC === 'true'). Whether a normal user sees this surface depends on a feature_flags row, which this lane did not query. The row's 'now reachable by normal users' is true only if that row is on.
Social > Live > Stream type modal > Sample stream > Chat settings [10025-225705]	done	src/components/streaming/StreamChatSettingsPanel.tsx	/streaming/:streamId	[SOCIAL-SUPERSEDED] [scope:in-scope] [was: done vs partial] WRONG ROW: status.social.tsv:29 - status.social.tsv is the PRE-FIX census and every one of its verdicts rests on src/components/social/SocialTradingFeed.tsx being unmounted. VERIFIED 2026-08-26: SocialTradingFeed still has 0 JSX mounts, but the surface was rebuilt on DIFFERENT components, which do mount - SocialFeed(1), DiscoverFeed(1), DraftsDialog(1), CreateNewMenu(1), FeedCommentsDialog(1), StreamViewersPanel(1), StreamChatPopout(2), GroupFormSheet(2) - and /social is routed at src/App.tsx:1900. status.social.gaps.tsv is the post-fix record and wins. MEASUREMENT CAVEAT: /streaming is gated at src/pages/social/Streaming.tsx:877 on `!isSuperAdmin && !isFeatureEnabled("STREAMING_PUBLIC")`, and src/config/features.ts:297 defaults STREAMING_PUBLIC to false (it reads VITE_STREAMING_PUBLIC === 'true'). Whether a normal user sees this surface depends on a feature_flags row, which this lane did not query. The row's 'now reachable by normal users' is true only if that row is on.
Social > Live > Stream type modal > Sample stream > Stream viewers [10025-228194]	done	src/components/streaming/StreamViewersPanel.tsx	/streaming/:streamId	[SOCIAL-SUPERSEDED] [scope:in-scope] [was: done vs not-started] WRONG ROW: status.social.tsv:30 - status.social.tsv is the PRE-FIX census and every one of its verdicts rests on src/components/social/SocialTradingFeed.tsx being unmounted. VERIFIED 2026-08-26: SocialTradingFeed still has 0 JSX mounts, but the surface was rebuilt on DIFFERENT components, which do mount - SocialFeed(1), DiscoverFeed(1), DraftsDialog(1), CreateNewMenu(1), FeedCommentsDialog(1), StreamViewersPanel(1), StreamChatPopout(2), GroupFormSheet(2) - and /social is routed at src/App.tsx:1900. status.social.gaps.tsv is the post-fix record and wins. MEASUREMENT CAVEAT: /streaming is gated at src/pages/social/Streaming.tsx:877 on `!isSuperAdmin && !isFeatureEnabled("STREAMING_PUBLIC")`, and src/config/features.ts:297 defaults STREAMING_PUBLIC to false (it reads VITE_STREAMING_PUBLIC === 'true'). Whether a normal user sees this surface depends on a feature_flags row, which this lane did not query. The row's 'now reachable by normal users' is true only if that row is on.
Social > Live > Stream type modal > Sample stream > Pop out chat [10091-230847]	done	src/components/streaming/StreamChatPopout.tsx	/streaming/:streamId	[SOCIAL-SUPERSEDED] [scope:in-scope] [was: done vs not-started] WRONG ROW: status.social.tsv:31 - status.social.tsv is the PRE-FIX census and every one of its verdicts rests on src/components/social/SocialTradingFeed.tsx being unmounted. VERIFIED 2026-08-26: SocialTradingFeed still has 0 JSX mounts, but the surface was rebuilt on DIFFERENT components, which do mount - SocialFeed(1), DiscoverFeed(1), DraftsDialog(1), CreateNewMenu(1), FeedCommentsDialog(1), StreamViewersPanel(1), StreamChatPopout(2), GroupFormSheet(2) - and /social is routed at src/App.tsx:1900. status.social.gaps.tsv is the post-fix record and wins. MEASUREMENT CAVEAT: /streaming is gated at src/pages/social/Streaming.tsx:877 on `!isSuperAdmin && !isFeatureEnabled("STREAMING_PUBLIC")`, and src/config/features.ts:297 defaults STREAMING_PUBLIC to false (it reads VITE_STREAMING_PUBLIC === 'true'). Whether a normal user sees this surface depends on a feature_flags row, which this lane did not query. The row's 'now reachable by normal users' is true only if that row is on.
Social > Live > Stream type modal > Sample stream > Share stream [10094-244396]	partial	src/components/streaming/StreamShareModal.tsx	/streaming/:streamId	NODE DATA BOTH SIDES 2026-09-06, read off figma.getNodeByIdAsync. SUBJECT is Overlay 10094:246445 -> modal 10094:246446, 564x590, pad 24, r32, itemSpacing 40 between the card and the CTA row. Title 'Share stream' Manrope Regular 24/28 ls-4pct #FFFFFF centred; body Manrope Regular 16/22 #E0E0E0, a 426-wide TEXT node inside a 516 column so it is capped and centred. Preview card 10094:246459 516x318 r16. CTA/button 254x62 r16 pad20/40 gap10, fill #001615 stroke #56C7F3 w1.5, label Manrope Regular 16/22 #FFFFFF with a trailing 16x16 glyph. Inside the card, at its design size: logos/skai-short 76.78x32 at 24,24; thumbnail 244x137 r8 at 24,79; avatar 79 square r8 at 413,79; caption row 468x44 at 24,250 holding 'Colon Coin' Mulish Regular 22/26, a 52x18 LIVE pill (r9999 pad2/8 gap4 stroke #FF7E50 w1 with a 3.75 dot and Mulish Regular 11/14), a 16x16 eye plus the count at 16/16, then '16 January, 2026' #56C7F3 and 'Started 1 hour ago' #95A09F both Mulish Regular 12/16, and a 176x42 r8 #56C7F3 'Join stream' CTA at x=292. That last one ships as a SPAN, not a button: it belongs to the image being previewed and the reader is already on the stream. THE SHEET DID NOT EXIST AND NOW DOES, which is why the earlier row could only say 'the SHARE OVERLAY these two frames draw on top was not opened, so its own box is unmeasured'. Before this pass the share control called navigator.share with a clipboard fallback (StreamPlayer.tsx) and no modal was drawn anywhere in src/, so the frame's whole surface was unreachable. Built as src/components/streaming/StreamShareModal.tsx, exported from the barrel and opened from StreamPlayer's share button. SHARED ACROSS ALL THREE BOARDS: Overlay #001615 at 0.44 with BACKGROUND_BLUR 5, which is backdrop-blur-[2.5px] under the 2x rule; modal fill #122524 stroke #123F3C w1 with DROP_SHADOW 0/10/80 rgba(0,0,0,0.25); controls -> title 24, title -> body 8, body -> card 24; body copy 'Copy the link to this live stream or share directly to X.' byte-identical on all three and transcribed from the TEXT node; Frame 348 gap 8 with two buttons that fill the row exactly. * THE PREVIEW CARD IS ONE ARTWORK, SCALED, and that is the finding worth carrying forward. Frame 750 is 516x318 at 1440; at 768 and 375 the SAME node reports 424x261.3 and 330x203.37 with strokeWeight 0.82171 and 0.63953 and radii 13.147 and 10.233 - and 424/516 = 0.82171, 330/516 = 0.63953 exactly. Every child scales with it (the 24 inset reads 19.72 and 15.35; the 244x137 thumbnail reads 200.5x112.57 and 156.05x87.62). So it is built once at 516x318 under those two factors rather than transcribed three times, and the radius and hairline thin with it as the frame reports. * STILL partial, ONE RESIDUAL: Frame 750 also carries a `file` BOOLEAN_OPERATION - roughly two hundred 1.1px vertical bars in #56C7F3 and #FFFFFF forming a waveform across the card's lower half. That is artwork, not values, and a substitute would be fabricated. Its Ellipse 24 glow IS reproduced: 648.62 square at -62.19/175.92, #17F9B4 at opacity 0.19 under LAYER_BLUR 98.13 = blur(49.06px). * ALSO NOT CLAIMED, and it is unchanged by this lane: Streaming.tsx:887 renders IVSPlayerComponent whenever ivsPlaybackUrl is set, so StreamPlayer - and this sheet with it - is the fallback path. That mis-link is in a file this lane does not own. ORACLE src/components/streaming/StreamShareModal.figma.test.tsx, 14 tests, mutation-verified three ways at once: scale-[0.64] in place of the measured 0.63953 reddens the card test, dropping sm:p-3 reddens the padding test (the stock class list carries sm:p-6 and twMerge only drops a conflict on the SAME variant), and the stock right-4/top-4 reddens the close test - 3 failed / 11 passed, restored to 14/14.
Social > Live > Stream type modal > Sample stream [5000-163464]	done	src/components/streaming/IVSPlayer.tsx	/streaming/:streamId	[SOCIAL-SUPERSEDED] [scope:in-scope] [was: done vs partial] WRONG ROW: status.social.tsv:28 - status.social.tsv is the PRE-FIX census and every one of its verdicts rests on src/components/social/SocialTradingFeed.tsx being unmounted. VERIFIED 2026-08-26: SocialTradingFeed still has 0 JSX mounts, but the surface was rebuilt on DIFFERENT components, which do mount - SocialFeed(1), DiscoverFeed(1), DraftsDialog(1), CreateNewMenu(1), FeedCommentsDialog(1), StreamViewersPanel(1), StreamChatPopout(2), GroupFormSheet(2) - and /social is routed at src/App.tsx:1900. status.social.gaps.tsv is the post-fix record and wins. MEASUREMENT CAVEAT: /streaming is gated at src/pages/social/Streaming.tsx:877 on `!isSuperAdmin && !isFeatureEnabled("STREAMING_PUBLIC")`, and src/config/features.ts:297 defaults STREAMING_PUBLIC to false (it reads VITE_STREAMING_PUBLIC === 'true'). Whether a normal user sees this surface depends on a feature_flags row, which this lane did not query. The row's 'now reachable by normal users' is true only if that row is on.
Social > Groups [5194-270743]	done	src/pages/social/TradingGroups.tsx	/trading-groups	[SOCIAL-SUPERSEDED] [scope:in-scope] [was: done vs frame-defect vs partial] WRONG ROW: status.social.tsv:13 - status.social.tsv is the PRE-FIX census and every one of its verdicts rests on src/components/social/SocialTradingFeed.tsx being unmounted. VERIFIED 2026-08-26: SocialTradingFeed still has 0 JSX mounts, but the surface was rebuilt on DIFFERENT components, which do mount - SocialFeed(1), DiscoverFeed(1), DraftsDialog(1), CreateNewMenu(1), FeedCommentsDialog(1), StreamViewersPanel(1), StreamChatPopout(2), GroupFormSheet(2) - and /social is routed at src/App.tsx:1900. status.social.gaps.tsv is the post-fix record and wins. ALSO: NEITHER ROW IS WRONG - different scopes on one frame. status.wave3.frame-defects.tsv:13 is a frame-defect row that names every frame a drawn defect appears on; per SCHEMA frame-defect means the FRAME is wrong and the code is right, so it coexists with an implementation verdict rather than contradicting it. Implementation verdict 'done' stands; the defect stays separately visible to design.
Table ALT [10219-182536]	partial	src/pages/social/groups/GroupsSearchTable.tsx	/trading-groups	[DEFECT-SCOPE] [scope:in-scope] [was: frame-defect vs partial] NEITHER ROW IS WRONG - different scopes on one frame. status.wave3.frame-defects.tsv:13 is a frame-defect row that names every frame a drawn defect appears on; per SCHEMA frame-defect means the FRAME is wrong and the code is right, so it coexists with an implementation verdict rather than contradicting it. Implementation verdict 'partial' stands; the defect stays separately visible to design.
Social > Groups [5198-47891]	done	src/pages/social/groups/GroupsSearchTable.tsx	/trading-groups	[SOCIAL-SUPERSEDED] [scope:in-scope] [was: done vs partial] WRONG ROW: status.social.tsv:14 - status.social.tsv is the PRE-FIX census and every one of its verdicts rests on src/components/social/SocialTradingFeed.tsx being unmounted. VERIFIED 2026-08-26: SocialTradingFeed still has 0 JSX mounts, but the surface was rebuilt on DIFFERENT components, which do mount - SocialFeed(1), DiscoverFeed(1), DraftsDialog(1), CreateNewMenu(1), FeedCommentsDialog(1), StreamViewersPanel(1), StreamChatPopout(2), GroupFormSheet(2) - and /social is routed at src/App.tsx:1900. status.social.gaps.tsv is the post-fix record and wins.
Social > Groups [5198-50314]	done	src/pages/social/TradingGroups.tsx	/trading-groups	[SOCIAL-SUPERSEDED] [scope:in-scope] [was: done vs not-started] WRONG ROW: status.social.tsv:16 - status.social.tsv is the PRE-FIX census and every one of its verdicts rests on src/components/social/SocialTradingFeed.tsx being unmounted. VERIFIED 2026-08-26: SocialTradingFeed still has 0 JSX mounts, but the surface was rebuilt on DIFFERENT components, which do mount - SocialFeed(1), DiscoverFeed(1), DraftsDialog(1), CreateNewMenu(1), FeedCommentsDialog(1), StreamViewersPanel(1), StreamChatPopout(2), GroupFormSheet(2) - and /social is routed at src/App.tsx:1900. status.social.gaps.tsv is the post-fix record and wins.
Social > Groups [5198-47082]	done	src/pages/social/groups/GroupsSearchTable.tsx	/trading-groups	[SOCIAL-SUPERSEDED] [scope:in-scope] [was: done vs partial] WRONG ROW: status.social.tsv:17 - status.social.tsv is the PRE-FIX census and every one of its verdicts rests on src/components/social/SocialTradingFeed.tsx being unmounted. VERIFIED 2026-08-26: SocialTradingFeed still has 0 JSX mounts, but the surface was rebuilt on DIFFERENT components, which do mount - SocialFeed(1), DiscoverFeed(1), DraftsDialog(1), CreateNewMenu(1), FeedCommentsDialog(1), StreamViewersPanel(1), StreamChatPopout(2), GroupFormSheet(2) - and /social is routed at src/App.tsx:1900. status.social.gaps.tsv is the post-fix record and wins.
Social > Groups [5198-62746]	done	src/components/social/GroupFormSheet.tsx	/trading-groups	[SOCIAL-SUPERSEDED] [scope:in-scope] [was: done vs partial] WRONG ROW: status.social.tsv:18 - status.social.tsv is the PRE-FIX census and every one of its verdicts rests on src/components/social/SocialTradingFeed.tsx being unmounted. VERIFIED 2026-08-26: SocialTradingFeed still has 0 JSX mounts, but the surface was rebuilt on DIFFERENT components, which do mount - SocialFeed(1), DiscoverFeed(1), DraftsDialog(1), CreateNewMenu(1), FeedCommentsDialog(1), StreamViewersPanel(1), StreamChatPopout(2), GroupFormSheet(2) - and /social is routed at src/App.tsx:1900. status.social.gaps.tsv is the post-fix record and wins.
Social > Groups [5202-63932]	done	src/components/social/TradingGroupProfile.tsx	/trading-groups/:groupId	[SOCIAL-SUPERSEDED] [scope:in-scope] [was: done vs partial] WRONG ROW: status.social.tsv:19 - status.social.tsv is the PRE-FIX census and every one of its verdicts rests on src/components/social/SocialTradingFeed.tsx being unmounted. VERIFIED 2026-08-26: SocialTradingFeed still has 0 JSX mounts, but the surface was rebuilt on DIFFERENT components, which do mount - SocialFeed(1), DiscoverFeed(1), DraftsDialog(1), CreateNewMenu(1), FeedCommentsDialog(1), StreamViewersPanel(1), StreamChatPopout(2), GroupFormSheet(2) - and /social is routed at src/App.tsx:1900. status.social.gaps.tsv is the post-fix record and wins.
Social > Groups [5203-64550]	done	src/components/social/MemberList.tsx	/trading-groups/:groupId	[SOCIAL-SUPERSEDED] [scope:in-scope] [was: done vs partial] WRONG ROW: status.social.tsv:20 - status.social.tsv is the PRE-FIX census and every one of its verdicts rests on src/components/social/SocialTradingFeed.tsx being unmounted. VERIFIED 2026-08-26: SocialTradingFeed still has 0 JSX mounts, but the surface was rebuilt on DIFFERENT components, which do mount - SocialFeed(1), DiscoverFeed(1), DraftsDialog(1), CreateNewMenu(1), FeedCommentsDialog(1), StreamViewersPanel(1), StreamChatPopout(2), GroupFormSheet(2) - and /social is routed at src/App.tsx:1900. status.social.gaps.tsv is the post-fix record and wins.
Social > Groups [5204-65392]	done	src/components/social/TradingGroupProfile.tsx	/trading-groups/:groupId	[SOCIAL-SUPERSEDED] [scope:in-scope] [was: done vs partial] WRONG ROW: status.social.tsv:22 - status.social.tsv is the PRE-FIX census and every one of its verdicts rests on src/components/social/SocialTradingFeed.tsx being unmounted. VERIFIED 2026-08-26: SocialTradingFeed still has 0 JSX mounts, but the surface was rebuilt on DIFFERENT components, which do mount - SocialFeed(1), DiscoverFeed(1), DraftsDialog(1), CreateNewMenu(1), FeedCommentsDialog(1), StreamViewersPanel(1), StreamChatPopout(2), GroupFormSheet(2) - and /social is routed at src/App.tsx:1900. status.social.gaps.tsv is the post-fix record and wins.
Social > Groups [10232-200912]	done	src/components/social/GroupFormSheet.tsx	/trading-groups/:groupId	[SOCIAL-SUPERSEDED] [scope:in-scope] [was: done vs not-started] WRONG ROW: status.social.tsv:21 - status.social.tsv is the PRE-FIX census and every one of its verdicts rests on src/components/social/SocialTradingFeed.tsx being unmounted. VERIFIED 2026-08-26: SocialTradingFeed still has 0 JSX mounts, but the surface was rebuilt on DIFFERENT components, which do mount - SocialFeed(1), DiscoverFeed(1), DraftsDialog(1), CreateNewMenu(1), FeedCommentsDialog(1), StreamViewersPanel(1), StreamChatPopout(2), GroupFormSheet(2) - and /social is routed at src/App.tsx:1900. status.social.gaps.tsv is the post-fix record and wins.
Social [9657-215247]	done	src/components/social/feed/FeedCommentsDialog.tsx	/social	[SOCIAL-SUPERSEDED] [scope:in-scope] [was: done vs partial] WRONG ROW: status.social.tsv:5 - status.social.tsv is the PRE-FIX census and every one of its verdicts rests on src/components/social/SocialTradingFeed.tsx being unmounted. VERIFIED 2026-08-26: SocialTradingFeed still has 0 JSX mounts, but the surface was rebuilt on DIFFERENT components, which do mount - SocialFeed(1), DiscoverFeed(1), DraftsDialog(1), CreateNewMenu(1), FeedCommentsDialog(1), StreamViewersPanel(1), StreamChatPopout(2), GroupFormSheet(2) - and /social is routed at src/App.tsx:1900. status.social.gaps.tsv is the post-fix record and wins.
Social > Messages - empty (375) [11341-85236]	partial	src/pages/social/Messages.tsx	/messages	[SUBJECT-ELSEWHERE] [scope:in-scope] [was: done vs partial] WRONG ROW: status.wave2.social-a.tsv:118 (subject 11341-88224) - the row's own SUBJECT is a different node, and it names this frame only as the container of, contrast to, or precedent for that subject. Subject read by the catalog's two stated conventions: an id in the family column, else an id opening the reason ('node 9640-213001 - ...'). A containment reference indexed as a verdict. MEASUREMENT CAVEAT: /messages cannot paint in dev - src/pages/social/Messages.tsx:173 returns a 'Connecting wallet' skeleton + spinner whenever !account?.address, and the comment at :172 calls it 'Waiting for auto-connect'. So this verdict is an IMPLEMENTATION claim, not the MEASURED PARITY that SCHEMA reserves `done` for. NEEDS: a re-measure at 1440/768/375 with a wallet that actually connects.
Social > Messages - empty (375) [11341-88224]	done	src/pages/social/messages/ConversationList.tsx	/messages	[SUBJECT-ELSEWHERE] [scope:in-scope] [was: done vs partial] WRONG ROW: status.wave2.social-a.tsv:100 (subject 11341-85236) - the row's own SUBJECT is a different node, and it names this frame only as the container of, contrast to, or precedent for that subject. Subject read by the catalog's two stated conventions: an id in the family column, else an id opening the reason ('node 9640-213001 - ...'). A containment reference indexed as a verdict. MEASUREMENT CAVEAT: /messages cannot paint in dev - src/pages/social/Messages.tsx:173 returns a 'Connecting wallet' skeleton + spinner whenever !account?.address, and the comment at :172 calls it 'Waiting for auto-connect'. So this verdict is an IMPLEMENTATION claim, not the MEASURED PARITY that SCHEMA reserves `done` for. NEEDS: a re-measure at 1440/768/375 with a wallet that actually connects.
Social > Groups - search (375) [11396-76652]	done	src/pages/social/groups/GroupsSearchTable.tsx	/trading-groups	[DEFECT-SCOPE] [scope:in-scope] [was: done vs frame-defect] NEITHER ROW IS WRONG - different scopes on one frame. status.wave3.frame-defects.tsv:13 is a frame-defect row that names every frame a drawn defect appears on; per SCHEMA frame-defect means the FRAME is wrong and the code is right, so it coexists with an implementation verdict rather than contradicting it. Implementation verdict 'done' stands; the defect stays separately visible to design.
Social > Groups - search 1VH (375) [11526-288877]	done	src/pages/social/groups/GroupsSearchTable.tsx	/trading-groups	[DEFECT-SCOPE] [scope:in-scope] [was: done vs frame-defect] NEITHER ROW IS WRONG - different scopes on one frame. status.wave3.frame-defects.tsv:13 is a frame-defect row that names every frame a drawn defect appears on; per SCHEMA frame-defect means the FRAME is wrong and the code is right, so it coexists with an implementation verdict rather than contradicting it. Implementation verdict 'done' stands; the defect stays separately visible to design.
Social > Groups - search > Discover (768) [11398-86869]	done	src/pages/social/groups/GroupsSearchTable.tsx	/trading-groups	[DEFECT-SCOPE] [scope:in-scope] [was: done vs frame-defect] NEITHER ROW IS WRONG - different scopes on one frame. status.wave3.frame-defects.tsv:13 is a frame-defect row that names every frame a drawn defect appears on; per SCHEMA frame-defect means the FRAME is wrong and the code is right, so it coexists with an implementation verdict rather than contradicting it. Implementation verdict 'done' stands; the defect stays separately visible to design.
Social > Groups - search > Discover > Join gated group (768) [11398-87644]	partial	src/components/social/TradingGroupProfile.tsx	/trading-groups	[DEFECT-SCOPE] [scope:in-scope] [was: frame-defect vs partial] NEITHER ROW IS WRONG - different scopes on one frame. status.wave3.frame-defects.tsv:13 is a frame-defect row that names every frame a drawn defect appears on; per SCHEMA frame-defect means the FRAME is wrong and the code is right, so it coexists with an implementation verdict rather than contradicting it. Implementation verdict 'partial' stands; the defect stays separately visible to design.
Social > Groups - search (768) [11398-85878]	done	src/pages/social/groups/GroupsSearchTable.tsx	/trading-groups	[DEFECT-SCOPE] [scope:in-scope] [was: done vs frame-defect] NEITHER ROW IS WRONG - different scopes on one frame. status.wave3.frame-defects.tsv:13 is a frame-defect row that names every frame a drawn defect appears on; per SCHEMA frame-defect means the FRAME is wrong and the code is right, so it coexists with an implementation verdict rather than contradicting it. Implementation verdict 'done' stands; the defect stays separately visible to design.
Social > Groups - search 1VH (768) [11530-304239]	done	src/pages/social/groups/GroupsSearchTable.tsx	/trading-groups	[DEFECT-SCOPE] [scope:in-scope] [was: done vs frame-defect] NEITHER ROW IS WRONG - different scopes on one frame. status.wave3.frame-defects.tsv:13 is a frame-defect row that names every frame a drawn defect appears on; per SCHEMA frame-defect means the FRAME is wrong and the code is right, so it coexists with an implementation verdict rather than contradicting it. Implementation verdict 'done' stands; the defect stays separately visible to design.
Skai > Earn (1440 x [5243-69438]	partial	src/pages/defi/Earn.tsx	/earn	[SUBJECT-ELSEWHERE] [scope:held] [was: not-started vs partial] WRONG ROW: status.governance-vaults.tsv:10 (subject 5220-10996), status.governance-vaults.tsv:12 (subject 10517-38187), status.governance.tsv:6 (subject 5220-10996), status.governance.tsv:8 (subject 10517-38187) - the row's own SUBJECT is a different node, and it names this frame only as the container of, contrast to, or precedent for that subject. Subject read by the catalog's two stated conventions: an id in the family column, else an id opening the reason ('node 9640-213001 - ...'). A containment reference indexed as a verdict.
Skai > Earn > My pos [5248-76804]	partial	src/pages/defi/Earn.tsx	/earn?tab=positions	[SUBJECT-ELSEWHERE] [scope:held] [was: not-started vs partial] WRONG ROW: status.governance-vaults.tsv:17 (subject 5278-80860), status.governance-vaults.tsv:19 (subject 5258-78625), status.governance.tsv:13 (subject 5278-80860), status.governance.tsv:15 (subject 5258-78625) - the row's own SUBJECT is a different node, and it names this frame only as the container of, contrast to, or precedent for that subject. Subject read by the catalog's two stated conventions: an id in the family column, else an id opening the reason ('node 9640-213001 - ...'). A containment reference indexed as a verdict.
Skai > Earn > My pos [11135-77182]	blocked-on-backend	-	-	[SUBJECT-ELSEWHERE] [scope:held] [was: blocked-on-backend vs not-started] WRONG ROW: status.governance-vaults.tsv:18 (subject 11134-109360), status.governance-vaults.tsv:21 (subject 10841-138986), status.governance.tsv:14 (subject 11134-109360), status.governance.tsv:17 (subject 10841-138986) - the row's own SUBJECT is a different node, and it names this frame only as the container of, contrast to, or precedent for that subject. Subject read by the catalog's two stated conventions: an id in the family column, else an id opening the reason ('node 9640-213001 - ...'). A containment reference indexed as a verdict.
Skai > Earn > Faucet [5280-87638]	partial	src/components/notifications/LotterySection.tsx	/earn?tab=faucet	[SUBJECT-ELSEWHERE] [scope:held] [was: not-started vs partial] WRONG ROW: status.governance-vaults.tsv:25 (subject 11193-90739), status.governance.tsv:21 (subject 11193-90739) - the row's own SUBJECT is a different node, and it names this frame only as the container of, contrast to, or precedent for that subject. Subject read by the catalog's two stated conventions: an id in the family column, else an id opening the reason ('node 9640-213001 - ...'). A containment reference indexed as a verdict.
Skai > Earn > Vault [5280-82910]	partial	src/pages/vault/TradingVault.tsx	/earn/trading-vault	[SUBJECT-ELSEWHERE] [scope:held] [was: blocked-on-backend vs partial] WRONG ROW: status.governance-vaults.tsv:32 (subject 11151-18953), status.governance-vaults.tsv:33 (subject 5280-86949), status.governance.tsv:28 (subject 11151-18953), status.governance.tsv:29 (subject 5280-86949) - the row's own SUBJECT is a different node, and it names this frame only as the container of, contrast to, or precedent for that subject. Subject read by the catalog's two stated conventions: an id in the family column, else an id opening the reason ('node 9640-213001 - ...'). A containment reference indexed as a verdict.
Skai > Earn > Vault [5280-86949]	partial	src/pages/sports/components/BookieDashboard.tsx	/earn/house-vault -> /sports?tab=pool	[SUBJECT-ELSEWHERE] [scope:held] [was: blocked-on-backend vs partial] WRONG ROW: status.governance-vaults.tsv:34 (subject 11151-80178), status.governance.tsv:30 (subject 11151-80178) - the row's own SUBJECT is a different node, and it names this frame only as the container of, contrast to, or precedent for that subject. Subject read by the catalog's two stated conventions: an id in the family column, else an id opening the reason ('node 9640-213001 - ...'). A containment reference indexed as a verdict.
Skai > Earn > Stake [5243-74665]	not-started	-	-	[SUBJECT-ELSEWHERE] [scope:held] [was: not-started vs partial] WRONG ROW: status.governance-account.tsv:24 (subject 5376-71276), status.governance-vaults.tsv:36 (subject 5243-76144), status.governance.tsv:32 (subject 5243-76144), status.governance.tsv:61 (subject 5376-71276) - the row's own SUBJECT is a different node, and it names this frame only as the container of, contrast to, or precedent for that subject. Subject read by the catalog's two stated conventions: an id in the family column, else an id opening the reason ('node 9640-213001 - ...'). A containment reference indexed as a verdict.
Account > Performance overview [5523-103993]	not-started	NONE - src/components/account/PerformanceOverview.tsx exists with ZERO importers	no host page	[MEASURED-THIS-LANE] [scope:held] [was: not-started vs partial] MEASURED 2026-08-26: src/components/account/PerformanceOverview.tsx has ZERO importers - `grep -rn "account/PerformanceOverview"` returns nothing and the sole `<PerformanceOverview` hit is the TYPE in useState<PerformanceOverview|null> at components/ai/PerformanceOverviewPanel.tsx:106, not a JSX mount. So governance-account.tsv:3 (not-started) is right. WRONG ROWS: the `partial` rows are keyed to 5518-101256 (Account self-view) and name 5523-103993 only in prose; six further rows name it as `blocked on 5523-103993`, i.e. as a BLOCKER, not a verdict.
Account > Account settings > Security [5529-49244]	partial	src/components/account/SecurityTab.tsx	/account?tab=security (App.tsx:1593)	[PROSE-CONTAINMENT] [scope:held] [was: not-started vs partial] WRONG ROW: the not-started rows are keyed to 11267-125066 and name 5529-49244 only to locate it ('is the CONNECTED-WALLET ROW from the Security screen 5529-49244'). The row that assesses this frame is governance-account.tsv:8 - SecurityTab.tsx, 773 lines, routed /account?tab=security.
dropdown-yield vault [11259-40697]	unknown	-	-	[UNRESOLVED] [scope:held] [was: blocked-on-backend vs partial] UNRESOLVED - NO ROW ASSESSES THIS FRAME. All 4 covering rows are keyed elsewhere (5259-80297 VaultSelection, 11151-18953 TradingVault PnL) and name this id only in prose. This 'dropdown-yield vault' frame has never been looked at; the ledger reports a conflict where there is not even one verdict. NEEDS: a first-pass assessment at 1440.
dropdown-yield vault [11260-123547]	unknown	-	-	[UNRESOLVED] [scope:held] [was: blocked-on-backend vs partial] UNRESOLVED - NO ROW ASSESSES THIS FRAME. Same shape as 11259-40697: all 6 covering rows are keyed to 5259-80297 / 11151-18953 / 5515-96095 and mention this id in prose only. NEEDS: a first-pass assessment at 1440.
Account > Account settings > Private key [2752-5814]	partial	src/components/home-redesign/portfolio/ExportKeyModal.tsx	/portfolio (App.tsx:1596)	[CARRIED] [scope:v1-superseded] [was: done vs partial] WRONG ROW: status.wave3.v1-supersession.tsv:22 in status.wave3.v1-supersession.tsv, every row of which ends 'status CARRIED from status.X.tsv family Y - not measured by this lane'. It is keyed to a v1 frame and names this id only to record supersession. A self-declared unmeasured status cannot outrank a measured one.
Account > Account settings > Private key [2753-8176]	partial	src/components/home-redesign/portfolio/ExportKeyModal.tsx	/portfolio (App.tsx:1596)	[CARRIED] [scope:v1-superseded] [was: done vs partial] WRONG ROW: status.wave3.v1-supersession.tsv:23 in status.wave3.v1-supersession.tsv, every row of which ends 'status CARRIED from status.X.tsv family Y - not measured by this lane'. It is keyed to a v1 frame and names this id only to record supersession. A self-declared unmeasured status cannot outrank a measured one.
Skai > Home > Intelligent support 1VH (1440 x 900px) [13449-191068]	partial	src/components/home-redesign/screens/IntelligentSupportHub.tsx	/?tab=intel	[WAVE2-BUILD-SUPERSEDES-CENSUS] [scope:in-scope] [was: not-started vs partial] WRONG ROW: status.home-2.tsv:138 is the wave-1 inventory census; status.wave2.home2-intel-hub.tsv:1 is the wave-2 lane that built or researched it. VERIFIED by mount 2026-08-26. status.wave2.home2-intel-hub.tsv:3 says so in its own text: 'CORRECTION to status.home-2.tsv row 140'. IntelligentSupportHub.tsx mounts at src/components/home-redesign/RedesignHome.tsx:294. ALSO: WRONG ROW: status.home-2.tsv:139 (subject 13458-193331) - the row's own SUBJECT is a different node, and it names this frame only as the container of, contrast to, or precedent for that subject. Subject read by the catalog's two stated conventions: an id in the family column, else an id opening the reason ('node 9640-213001 - ...'). A containment reference indexed as a verdict.
Normal [13459-198529]	done	src/components/home-redesign/screens/IntelligentSupportHub.tsx	/?tab=intel	[WAVE2-BUILD-SUPERSEDES-CENSUS] [scope:in-scope] [was: done vs not-started] WRONG ROW: status.home-2.tsv:140 is the wave-1 inventory census; status.wave2.home2-intel-hub.tsv:3 is the wave-2 lane that built or researched it. VERIFIED by mount 2026-08-26. status.wave2.home2-intel-hub.tsv:3 says so in its own text: 'CORRECTION to status.home-2.tsv row 140'. IntelligentSupportHub.tsx mounts at src/components/home-redesign/RedesignHome.tsx:294.
Skai > Home > Intelligent support ALT 1VH (1440 x 900px) [13458-193331]	partial	src/components/home-redesign/screens/IntelligentSupportHub.tsx	/?tab=intel	[WAVE2-BUILD-SUPERSEDES-CENSUS] [scope:in-scope] [was: not-started vs partial] WRONG ROW: status.home-2.tsv:139 is the wave-1 inventory census; status.wave2.home2-intel-hub.tsv:2 is the wave-2 lane that built or researched it. VERIFIED by mount 2026-08-26. status.wave2.home2-intel-hub.tsv:3 says so in its own text: 'CORRECTION to status.home-2.tsv row 140'. IntelligentSupportHub.tsx mounts at src/components/home-redesign/RedesignHome.tsx:294.
Skai > Home > Intelligent support - Market intel (1440 x 900px) [13391-165819]	partial	src/components/home-redesign/market-intel/MarketIntelScreen.tsx	/?tab=market	[CARRIED] [scope:in-scope] [was: done vs partial] WRONG ROW: status.wave3.v1-supersession.tsv:46 in status.wave3.v1-supersession.tsv, every row of which ends 'status CARRIED from status.X.tsv family Y - not measured by this lane'. It is keyed to a v1 frame and names this id only to record supersession. A self-declared unmeasured status cannot outrank a measured one.
send - step 1 1VH (375 x 812px) [13008-41316]	done	modules/skai-wallet/src/components/SendModal.tsx	/ -> openModal('send')	[SUBJECT-ELSEWHERE] [scope:in-scope] [was: done vs partial] WRONG ROW: status.wallet-2.b.tsv:13 (subject 13008-41418) - the row's own SUBJECT is a different node, and it names this frame only as the container of, contrast to, or precedent for that subject. Subject read by the catalog's two stated conventions: an id in the family column, else an id opening the reason ('node 9640-213001 - ...'). A containment reference indexed as a verdict.
Spot > Limit [3886-15237]	done	src/components/trade/order/OrderEntryPanel.tsx	/spot	[CARRIED] [scope:v1-superseded] [was: done vs partial] WRONG ROW: status.wave3.v1-supersession.tsv:113 in status.wave3.v1-supersession.tsv, every row of which ends 'status CARRIED from status.X.tsv family Y - not measured by this lane'. It is keyed to a v1 frame and names this id only to record supersession. A self-declared unmeasured status cannot outrank a measured one.
Perpetual futures [3903-21478]	done	src/pages/trade/PerpTrading.tsx	/trade/perps	[CARRIED] [scope:v1-superseded] [was: done vs partial] WRONG ROW: status.wave3.v1-supersession.tsv:118 in status.wave3.v1-supersession.tsv, every row of which ends 'status CARRIED from status.X.tsv family Y - not measured by this lane'. It is keyed to a v1 frame and names this id only to record supersession. A self-declared unmeasured status cannot outrank a measured one.
Perpetual Futures > Positions [9934-141532]	done	src/components/trade/perp-v2/PerpPositionsPanel.tsx	/trade/perps	[CARRIED] [scope:v1-superseded] [was: done vs partial] WRONG ROW: status.wave3.v1-supersession.tsv:168 in status.wave3.v1-supersession.tsv, every row of which ends 'status CARRIED from status.X.tsv family Y - not measured by this lane'. It is keyed to a v1 frame and names this id only to record supersession. A self-declared unmeasured status cannot outrank a measured one.
Perpetual Futures > Order history [9934-144131]	done	src/components/trade/perp-v2/PerpPositionsPanel.tsx	/trade/perps	[CARRIED] [scope:v1-superseded] [was: done vs partial] WRONG ROW: status.wave3.v1-supersession.tsv:169 in status.wave3.v1-supersession.tsv, every row of which ends 'status CARRIED from status.X.tsv family Y - not measured by this lane'. It is keyed to a v1 frame and names this id only to record supersession. A self-declared unmeasured status cannot outrank a measured one.
Skai > Trench 1VH (1440 x 900px) [13006-134301]	done	src/pages/trade/TrenchRedesign.tsx	/trench	[ROUTE-COL] [scope:in-scope] [was: blocked-on-backend vs done vs not-started vs partial] ATTRIBUTION ARTIFACT, not a lane disagreement. WRONG ROWS: status.trade-2.components.tsv:48, status.trade-2.components.tsv:49, status.trade-2.components.tsv:50, status.trade-2.components.tsv:51, status.trade-2.components.tsv:53, status.trade-2.components.tsv:54, status.trade-2.components.tsv:55, status.trade-2.components.tsv:95, status.trade-2.components.tsv:96, status.trade-2.components.tsv:97, status.trade-2.components.tsv:98, status.trade-2.components.tsv:99, status.trade-2.components.tsv:100, status.trade-2.components.tsv:101, status.trade-2.components.tsv:102, status.trade-2.components.tsv:103, status.trade-2.components.tsv:104, status.trade-2.components.tsv:105, status.trade-2.components.tsv:109, status.trade-2.components.tsv:118, status.trade-2.components.tsv:119, status.trade-2.components.tsv:120, status.trade-2.components.tsv:121, status.trade-2.components.tsv:122, status.wave2.creator-rewards-charts.tsv:1, status.wave2.creator-rewards-charts.tsv:4, status.wave2.creator-rewards-charts.tsv:5, status.wave2.creator-rewards-charts.tsv:6, status.wave2.launch-components.tsv:11 - these put the PARENT SCREEN id in the ROUTE column (col 4 of the tsv), so the ledger reads them as verdicts on this frame. Measured: status.trade-2.components.tsv writes a node id into route on 151 of 189 rows, creator-rewards-charts 12/12, launch-components 11/14 - 174 rows total. Their real subject is the bracketed id in col 1 or col 5. Verdict taken from the row that actually keys this frame.
Skai > Trench - actual 1VH (1440 x 900px) [13006-135613]	done	src/components/trench-redesign/discover/MarketPulseBoard.tsx	/trench	[CARRIED] [scope:in-scope] [was: done vs partial] WRONG ROW: status.wave3.v1-supersession.tsv:182 in status.wave3.v1-supersession.tsv, every row of which ends 'status CARRIED from status.X.tsv family Y - not measured by this lane'. It is keyed to a v1 frame and names this id only to record supersession. A self-declared unmeasured status cannot outrank a measured one.
Skai > Launch > create token (1440 x 900px, 2465 tall) [13006-148299]	done	src/pages/LaunchpadCreate.tsx	/launchpad/create	[ROUTE-COL] [scope:in-scope] [was: done vs partial] ATTRIBUTION ARTIFACT, not a lane disagreement. WRONG ROWS: status.trade-2.components.tsv:1 - these put the PARENT SCREEN id in the ROUTE column (col 4 of the tsv), so the ledger reads them as verdicts on this frame. Measured: status.trade-2.components.tsv writes a node id into route on 151 of 189 rows, creator-rewards-charts 12/12, launch-components 11/14 - 174 rows total. Their real subject is the bracketed id in col 1 or col 5. Verdict taken from the row that actually keys this frame. ALSO: WRONG ROW: status.trade-2.launch.tsv:33 (subject 13006-147486) - the row's own SUBJECT is a different node, and it names this frame only as the container of, contrast to, or precedent for that subject. Subject read by the catalog's two stated conventions: an id in the family column, else an id opening the reason ('node 9640-213001 - ...'). A containment reference indexed as a verdict.
Skai > Launch > Live (1440 x 900px, 2051 tall) [13006-149613]	done	src/components/trade/LaunchLiveBoard.tsx	/trade/live	[ROUTE-COL] [scope:in-scope] [was: done vs not-started vs partial] ATTRIBUTION ARTIFACT, not a lane disagreement. WRONG ROWS: status.trade-2.components.tsv:2, status.trade-2.components.tsv:3, status.wave2.launch-components.tsv:1, status.wave2.launch-components.tsv:2 - these put the PARENT SCREEN id in the ROUTE column (col 4 of the tsv), so the ledger reads them as verdicts on this frame. Measured: status.trade-2.components.tsv writes a node id into route on 151 of 189 rows, creator-rewards-charts 12/12, launch-components 11/14 - 174 rows total. Their real subject is the bracketed id in col 1 or col 5. Verdict taken from the row that actually keys this frame.
Live preview card - on:hover [13006-150329]	partial	src/components/trade/LaunchLiveBoard.tsx	13006:149613	[KEYED-BEATS-MENTION] [scope:in-scope] [was: not-started vs partial] WRONG ROW: status.trade-2.components.tsv:2 - names this id only in its reason prose (col 5), while status.wave2.launch-components.tsv:2 keys it in the family column (col 1). Measured across all 193 conflicts: 98 have NO row that keys the frame at all, and 33 more pair one keyed row against prose mentions. The ledger indexes a row to every id anywhere on its line, so a citation reads exactly like a claim. ALSO: WRONG ROW: status.wave2.launch-components.tsv:4 (subject 13006-278938) - the row's own SUBJECT is a different node, and it names this frame only as the container of, contrast to, or precedent for that subject. Subject read by the catalog's two stated conventions: an id in the family column, else an id opening the reason ('node 9640-213001 - ...'). A containment reference indexed as a verdict.
Live preview card - normal [13006-150345]	done	src/components/trade/LaunchLiveBoard.tsx	13006:149613	[KEYED-BEATS-MENTION] [scope:in-scope] [was: done vs not-started] WRONG ROW: status.trade-2.components.tsv:3 - names this id only in its reason prose (col 5), while status.wave2.launch-components.tsv:1 keys it in the family column (col 1). Measured across all 193 conflicts: 98 have NO row that keys the frame at all, and 33 more pair one keyed row against prose mentions. The ledger indexes a row to every id anywhere on its line, so a citation reads exactly like a claim.
Skai > Launch (1440 x 900px, 2226 tall) [13006-150346]	done	src/pages/Launchpad.tsx	/launchpad	[ROUTE-COL] [scope:in-scope] [was: done vs not-started vs partial] ATTRIBUTION ARTIFACT, not a lane disagreement. WRONG ROWS: status.trade-2.components.tsv:4, status.wave2.launch-components.tsv:8 - these put the PARENT SCREEN id in the ROUTE column (col 4 of the tsv), so the ledger reads them as verdicts on this frame. Measured: status.trade-2.components.tsv writes a node id into route on 151 of 189 rows, creator-rewards-charts 12/12, launch-components 11/14 - 174 rows total. Their real subject is the bracketed id in col 1 or col 5. Verdict taken from the row that actually keys this frame. ALSO: WRONG ROW: status.trade-2.launch.tsv:5 (subject 13006-151520) - the row's own SUBJECT is a different node, and it names this frame only as the container of, contrast to, or precedent for that subject. Subject read by the catalog's two stated conventions: an id in the family column, else an id opening the reason ('node 9640-213001 - ...'). A containment reference indexed as a verdict.
Skai > Launch > Display settings (1440 x 900px) [13006-154151]	frame-defect	src/pages/Launchpad.tsx	/launchpad	[ROUTE-COL] [scope:in-scope] [was: not-started vs partial] ATTRIBUTION ARTIFACT, not a lane disagreement. WRONG ROWS: status.trade-2.components.tsv:4, status.wave2.launch-components.tsv:8 - these put the PARENT SCREEN id in the ROUTE column (col 4 of the tsv), so the ledger reads them as verdicts on this frame. Measured: status.trade-2.components.tsv writes a node id into route on 151 of 189 rows, creator-rewards-charts 12/12, launch-components 11/14 - 174 rows total. Their real subject is the bracketed id in col 1 or col 5. Verdict taken from the row that actually keys this frame. ALSO: WRONG ROW: status.trade-2.launch.tsv:13 (subject 13006-283168), status.trade-2.launch.tsv:14 (subject 13006-281970) - the row's own SUBJECT is a different node, and it names this frame only as the container of, contrast to, or precedent for that subject. Subject read by the catalog's two stated conventions: an id in the family column, else an id opening the reason ('node 9640-213001 - ...'). A containment reference indexed as a verdict. || RE-READ 2026-09-06: verdict is now frame-defect, measured on the panel nodes at all three boards. See status.trade-2.launch.tsv rows 12-14.
Right menu - Afjust filters [13006-155570]	partial	src/components/home-redesign/screens/ScreenerScreen.tsx	13006:150346,13006:154151	[KEYED-BEATS-MENTION] [scope:in-scope] [was: not-started vs partial] WRONG ROW: status.trade-2.components.tsv:4 - names this id only in its reason prose (col 5), while status.wave2.launch-components.tsv:8 keys it in the family column (col 1). Measured across all 193 conflicts: 98 have NO row that keys the frame at all, and 33 more pair one keyed row against prose mentions. The ledger indexes a row to every id anywhere on its line, so a citation reads exactly like a claim. ALSO: WRONG ROW: status.wave2.launch-components.tsv:9 (subject 13006-284111) - the row's own SUBJECT is a different node, and it names this frame only as the container of, contrast to, or precedent for that subject. Subject read by the catalog's two stated conventions: an id in the family column, else an id opening the reason ('node 9640-213001 - ...'). A containment reference indexed as a verdict.
Skai > Trench > Display settings 1VH (1440 x 900px) [13006-155671]	done	src/components/trench-redesign/discover/AdjustTrenchSettings.tsx	/trench	[ROUTE-COL] [scope:in-scope] [was: done vs partial] ATTRIBUTION ARTIFACT, not a lane disagreement. WRONG ROWS: status.trade-2.components.tsv:42, status.trade-2.components.tsv:43, status.trade-2.components.tsv:44, status.trade-2.components.tsv:45, status.trade-2.components.tsv:46 - these put the PARENT SCREEN id in the ROUTE column (col 4 of the tsv), so the ledger reads them as verdicts on this frame. Measured: status.trade-2.components.tsv writes a node id into route on 151 of 189 rows, creator-rewards-charts 12/12, launch-components 11/14 - 174 rows total. Their real subject is the bracketed id in col 1 or col 5. Verdict taken from the row that actually keys this frame.
Skai > Trench > Display settings - colour row 1VH (1440 x 900px) [13006-159412]	done	src/components/trench-redesign/discover/AdjustTrenchSettings.tsx + discover/switchTheme.ts	/trench	[ROUTE-COL] [scope:in-scope] [was: done vs partial] ATTRIBUTION ARTIFACT, not a lane disagreement. WRONG ROWS: status.trade-2.components.tsv:80, status.trade-2.components.tsv:81 - these put the PARENT SCREEN id in the ROUTE column (col 4 of the tsv), so the ledger reads them as verdicts on this frame. Measured: status.trade-2.components.tsv writes a node id into route on 151 of 189 rows, creator-rewards-charts 12/12, launch-components 11/14 - 174 rows total. Their real subject is the bracketed id in col 1 or col 5. Verdict taken from the row that actually keys this frame.
Skai > Trench > Filters 1VH (1440 x 900px) [13006-176980]	done	src/components/trench-redesign/discover/FiltersPanel.tsx + discover/useTrenchDiscovery.ts	/trench	[ROUTE-COL] [scope:in-scope] [was: done vs partial] ATTRIBUTION ARTIFACT, not a lane disagreement. WRONG ROWS: status.trade-2.components.tsv:31, status.trade-2.components.tsv:32, status.trade-2.components.tsv:33 - these put the PARENT SCREEN id in the ROUTE column (col 4 of the tsv), so the ledger reads them as verdicts on this frame. Measured: status.trade-2.components.tsv writes a node id into route on 151 of 189 rows, creator-rewards-charts 12/12, launch-components 11/14 - 174 rows total. Their real subject is the bracketed id in col 1 or col 5. Verdict taken from the row that actually keys this frame.
Skai > Trench > Trackers > Wallet manager 1VH (1440 x 900px) [13006-179860]	done	src/components/trench-redesign/discover/TrenchTrackers.tsx -> home-redesign/whales/ActivityView.tsx	/trench	[ROUTE-COL] [scope:in-scope] [was: done vs partial] ATTRIBUTION ARTIFACT, not a lane disagreement. WRONG ROWS: status.trade-2.components.tsv:29, status.trade-2.components.tsv:30 - these put the PARENT SCREEN id in the ROUTE column (col 4 of the tsv), so the ledger reads them as verdicts on this frame. Measured: status.trade-2.components.tsv writes a node id into route on 151 of 189 rows, creator-rewards-charts 12/12, launch-components 11/14 - 174 rows total. Their real subject is the bracketed id in col 1 or col 5. Verdict taken from the row that actually keys this frame.
Skai > Trench > Trackers > Live trades 1VH (1440 x 900px) [13006-180340]	done	src/components/home-redesign/whales/ActivityView.tsx (sub "trades")	/trench	[ROUTE-COL] [scope:in-scope] [was: done vs partial] ATTRIBUTION ARTIFACT, not a lane disagreement. WRONG ROWS: status.trade-2.components.tsv:18, status.trade-2.components.tsv:19, status.trade-2.components.tsv:20, status.trade-2.components.tsv:21, status.trade-2.components.tsv:22 - these put the PARENT SCREEN id in the ROUTE column (col 4 of the tsv), so the ledger reads them as verdicts on this frame. Measured: status.trade-2.components.tsv writes a node id into route on 151 of 189 rows, creator-rewards-charts 12/12, launch-components 11/14 - 174 rows total. Their real subject is the bracketed id in col 1 or col 5. Verdict taken from the row that actually keys this frame. ALSO: WRONG ROW: status.trade-2.trench.tsv:19 (subject 13006-182640) - the row's own SUBJECT is a different node, and it names this frame only as the container of, contrast to, or precedent for that subject. Subject read by the catalog's two stated conventions: an id in the family column, else an id opening the reason ('node 9640-213001 - ...'). A containment reference indexed as a verdict.
Creator rewards [13006-198946]	blocked-on-backend	-	13006:134301	[KEYED-BEATS-MENTION] [scope:in-scope] [was: blocked-on-backend vs not-started] WRONG ROW: status.trade-2.components.tsv:55 - names this id only in its reason prose (col 5), while status.wave2.creator-rewards-charts.tsv:1 keys it in the family column (col 1). Measured across all 193 conflicts: 98 have NO row that keys the frame at all, and 33 more pair one keyed row against prose mentions. The ledger indexes a row to every id anywhere on its line, so a citation reads exactly like a claim. ALSO: WRONG ROW: status.wave2.creator-rewards-charts.tsv:2 (subject 13006-347585), status.wave2.creator-rewards-charts.tsv:3 (subject 13006-348458) - the row's own SUBJECT is a different node, and it names this frame only as the container of, contrast to, or precedent for that subject. Subject read by the catalog's two stated conventions: an id in the family column, else an id opening the reason ('node 9640-213001 - ...'). A containment reference indexed as a verdict.
Skai > Trench > One-click trade settings - modal sell 1VH (1440 x 900px) [13006-204666]	done	src/components/trench-redesign/trade/OneClickTradeModal.tsx + trade/instantTradePrefs.ts	/trench	[ROUTE-COL] [scope:in-scope] [was: done vs partial] ATTRIBUTION ARTIFACT, not a lane disagreement. WRONG ROWS: status.trade-2.components.tsv:56 - these put the PARENT SCREEN id in the ROUTE column (col 4 of the tsv), so the ledger reads them as verdicts on this frame. Measured: status.trade-2.components.tsv writes a node id into route on 151 of 189 rows, creator-rewards-charts 12/12, launch-components 11/14 - 174 rows total. Their real subject is the bracketed id in col 1 or col 5. Verdict taken from the row that actually keys this frame.
Skai > Trench > Trade 1VH (1440 x 900px) [13006-210576]	partial	src/pages/trench/TrenchTradeTerminal.tsx -> trench-redesign/trade/TradeTerminal.tsx	/crypto/:symbol	[ROUTE-COL] [scope:in-scope] [was: blocked-on-backend vs not-started vs partial] ATTRIBUTION ARTIFACT, not a lane disagreement. WRONG ROWS: status.trade-2.components.tsv:61, status.trade-2.components.tsv:62, status.trade-2.components.tsv:63, status.trade-2.components.tsv:64, status.trade-2.components.tsv:66, status.trade-2.components.tsv:94, status.trade-2.components.tsv:108, status.wave2.launch-components.tsv:14 - these put the PARENT SCREEN id in the ROUTE column (col 4 of the tsv), so the ledger reads them as verdicts on this frame. Measured: status.trade-2.components.tsv writes a node id into route on 151 of 189 rows, creator-rewards-charts 12/12, launch-components 11/14 - 174 rows total. Their real subject is the bracketed id in col 1 or col 5. Verdict taken from the row that actually keys this frame.
Skai > Trench > Trade - layout 2 1VH (1440 x 900px) [13006-212781]	partial	src/components/trench-redesign/trade/TradeTerminal.tsx	/crypto/:symbol	[SUBJECT-ELSEWHERE] [scope:in-scope] [was: blocked-on-backend vs partial] WRONG ROW: status.wave2.trench-order-types.tsv:6 (subject 13006-214319) - the row's own SUBJECT is a different node, and it names this frame only as the container of, contrast to, or precedent for that subject. Subject read by the catalog's two stated conventions: an id in the family column, else an id opening the reason ('node 9640-213001 - ...'). A containment reference indexed as a verdict.
Skai > Trench > Trade - layout 2 with instant trade 1VH (1440 x 900px) [13006-214989]	partial	src/components/trench-redesign/trade/TradeTerminal.tsx + trade/OrderPanel.tsx	/crypto/:symbol	[ROUTE-COL] [scope:in-scope] [was: blocked-on-backend vs done vs partial] ATTRIBUTION ARTIFACT, not a lane disagreement. WRONG ROWS: status.trade-2.components.tsv:110, status.trade-2.components.tsv:111, status.trade-2.components.tsv:112 - these put the PARENT SCREEN id in the ROUTE column (col 4 of the tsv), so the ledger reads them as verdicts on this frame. Measured: status.trade-2.components.tsv writes a node id into route on 151 of 189 rows, creator-rewards-charts 12/12, launch-components 11/14 - 174 rows total. Their real subject is the bracketed id in col 1 or col 5. Verdict taken from the row that actually keys this frame. ALSO: WRONG ROW: status.wave2.trench-order-types.tsv:7 (subject 13006-216679) - the row's own SUBJECT is a different node, and it names this frame only as the container of, contrast to, or precedent for that subject. Subject read by the catalog's two stated conventions: an id in the family column, else an id opening the reason ('node 9640-213001 - ...'). A containment reference indexed as a verdict.
Skai > Trench > Trade > Dev tokens 1VH (1440 x 900px) [13006-230793]	done	src/components/trench-redesign/trade/DevTokensPanel.tsx	/crypto/:symbol	[ROUTE-COL] [scope:in-scope] [was: done vs partial] ATTRIBUTION ARTIFACT, not a lane disagreement. WRONG ROWS: status.trade-2.components.tsv:59 - these put the PARENT SCREEN id in the ROUTE column (col 4 of the tsv), so the ledger reads them as verdicts on this frame. Measured: status.trade-2.components.tsv writes a node id into route on 151 of 189 rows, creator-rewards-charts 12/12, launch-components 11/14 - 174 rows total. Their real subject is the bracketed id in col 1 or col 5. Verdict taken from the row that actually keys this frame.
Skai > Trade > Margin 1VH (1440 x 900px) [13006-248255]	not-started	-	-	[ROUTE-COL] [scope:in-scope] [was: blocked-on-backend vs not-started] ATTRIBUTION ARTIFACT, not a lane disagreement. WRONG ROWS: status.trade-2.components.tsv:67 - these put the PARENT SCREEN id in the ROUTE column (col 4 of the tsv), so the ledger reads them as verdicts on this frame. Measured: status.trade-2.components.tsv writes a node id into route on 151 of 189 rows, creator-rewards-charts 12/12, launch-components 11/14 - 174 rows total. Their real subject is the bracketed id in col 1 or col 5. Verdict taken from the row that actually keys this frame.
Token preview [13006-252423]	blocked-on-backend	-	13006:134301	[KEYED-BEATS-MENTION] [scope:in-scope] [was: blocked-on-backend vs not-started] WRONG ROW: status.trade-2.components.tsv:96 - names this id only in its reason prose (col 5), while status.wave2.launch-components.tsv:11 keys it in the family column (col 1). Measured across all 193 conflicts: 98 have NO row that keys the frame at all, and 33 more pair one keyed row against prose mentions. The ledger indexes a row to every id anywhere on its line, so a citation reads exactly like a claim. ALSO: WRONG ROW: status.wave2.launch-components.tsv:12 (subject 13006-347864), status.wave2.launch-components.tsv:13 (subject 13006-348615) - the row's own SUBJECT is a different node, and it names this frame only as the container of, contrast to, or precedent for that subject. Subject read by the catalog's two stated conventions: an id in the family column, else an id opening the reason ('node 9640-213001 - ...'). A containment reference indexed as a verdict.
BTC chart [13006-252590]	done	src/components/trench-redesign/discover/ChainChartCard.tsx + chainCharts.ts + ChainPriceChips.tsx	13006:134301	[KEYED-BEATS-MENTION] [scope:in-scope] [was: done vs not-started] WRONG ROW: status.trade-2.components.tsv:98 - names this id only in its reason prose (col 5), while status.wave2.creator-rewards-charts.tsv:4 keys it in the family column (col 1). Measured across all 193 conflicts: 98 have NO row that keys the frame at all, and 33 more pair one keyed row against prose mentions. The ledger indexes a row to every id anywhere on its line, so a citation reads exactly like a claim.
SOL chart [13006-252627]	done	src/components/trench-redesign/discover/ChainChartCard.tsx + chainCharts.ts + ChainPriceChips.tsx	13006:134301	[KEYED-BEATS-MENTION] [scope:in-scope] [was: done vs not-started] WRONG ROW: status.trade-2.components.tsv:99 - names this id only in its reason prose (col 5), while status.wave2.creator-rewards-charts.tsv:5 keys it in the family column (col 1). Measured across all 193 conflicts: 98 have NO row that keys the frame at all, and 33 more pair one keyed row against prose mentions. The ledger indexes a row to every id anywhere on its line, so a citation reads exactly like a claim.
PnL Tracker [13006-252779]	done	src/components/trench-redesign/trade/PnLTrackerModal.tsx	/trench (sidebar > Trench > PnL)	[KEYED-BEATS-MENTION] [scope:in-scope] [was: blocked-on-backend vs done vs not-started] WRONG ROW: status.trade-2.components.tsv:104 - names this id only in its reason prose (col 5), while status.wave2.trench-pnl.tsv:1 keys it in the family column (col 1). Measured across all 193 conflicts: 98 have NO row that keys the frame at all, and 33 more pair one keyed row against prose mentions. The ledger indexes a row to every id anywhere on its line, so a citation reads exactly like a claim. ALSO: NEITHER ROW IS WRONG - different granularity. status.wave2.trench-pnl.tsv:6 is keyed '<parent id> > <child>' and assesses a CHILD element; the ledger's regex reads the parent id. Frame verdict 'done'.
BASE chart [13006-252806]	blocked-on-backend	src/components/trench-redesign/discover/ChainChartCard.tsx (renders the explicit unavailable state)	13006:134301	[KEYED-BEATS-MENTION] [scope:in-scope] [was: blocked-on-backend vs not-started] WRONG ROW: status.trade-2.components.tsv:105 - names this id only in its reason prose (col 5), while status.wave2.creator-rewards-charts.tsv:6 keys it in the family column (col 1). Measured across all 193 conflicts: 98 have NO row that keys the frame at all, and 33 more pair one keyed row against prose mentions. The ledger indexes a row to every id anywhere on its line, so a citation reads exactly like a claim. ALSO: WRONG ROW: status.wave2.creator-rewards-charts.tsv:9 (subject 13006-348125), status.wave2.creator-rewards-charts.tsv:12 (subject 13006-348998) - the row's own SUBJECT is a different node, and it names this frame only as the container of, contrast to, or precedent for that subject. Subject read by the catalog's two stated conventions: an id in the family column, else an id opening the reason ('node 9640-213001 - ...'). A containment reference indexed as a verdict.
dropdown-add [13006-252891]	blocked-on-backend	-	13006:210576	[KEYED-BEATS-MENTION] [scope:in-scope] [was: blocked-on-backend vs not-started] WRONG ROW: status.trade-2.components.tsv:108 - names this id only in its reason prose (col 5), while status.wave2.launch-components.tsv:14 keys it in the family column (col 1). Measured across all 193 conflicts: 98 have NO row that keys the frame at all, and 33 more pair one keyed row against prose mentions. The ledger indexes a row to every id anywhere on its line, so a citation reads exactly like a claim.
Skai > Trade > Margin 1VH (375 x 812px) [13006-254133]	not-started	-	-	[ROUTE-COL] [scope:in-scope] [was: blocked-on-backend vs not-started] ATTRIBUTION ARTIFACT, not a lane disagreement. WRONG ROWS: status.trade-2.components.tsv:114 - these put the PARENT SCREEN id in the ROUTE column (col 4 of the tsv), so the ledger reads them as verdicts on this frame. Measured: status.trade-2.components.tsv writes a node id into route on 151 of 189 rows, creator-rewards-charts 12/12, launch-components 11/14 - 174 rows total. Their real subject is the bracketed id in col 1 or col 5. Verdict taken from the row that actually keys this frame.
Skai > Trade > Margin 1VH (768 x 1024px) [13006-256889]	not-started	-	-	[ROUTE-COL] [scope:in-scope] [was: blocked-on-backend vs not-started] ATTRIBUTION ARTIFACT, not a lane disagreement. WRONG ROWS: status.trade-2.components.tsv:117 - these put the PARENT SCREEN id in the ROUTE column (col 4 of the tsv), so the ledger reads them as verdicts on this frame. Measured: status.trade-2.components.tsv writes a node id into route on 151 of 189 rows, creator-rewards-charts 12/12, launch-components 11/14 - 174 rows total. Their real subject is the bracketed id in col 1 or col 5. Verdict taken from the row that actually keys this frame.
Skai > Trade > Trench - actual 1VH (768x1024px) [13006-260059]	done	src/components/trench-redesign/trade/TradeTerminal.tsx	/crypto/:symbol	[ROUTE-COL] [scope:in-scope] [was: blocked-on-backend vs done vs not-started vs partial] ATTRIBUTION ARTIFACT, not a lane disagreement. WRONG ROWS: status.trade-2.components.tsv:158, status.trade-2.components.tsv:159, status.trade-2.components.tsv:160, status.trade-2.components.tsv:161, status.trade-2.components.tsv:162, status.trade-2.components.tsv:163, status.trade-2.components.tsv:164, status.trade-2.components.tsv:165, status.trade-2.components.tsv:166, status.trade-2.components.tsv:167, status.trade-2.components.tsv:168, status.trade-2.components.tsv:169, status.trade-2.components.tsv:170, status.trade-2.components.tsv:171, status.trade-2.components.tsv:172, status.trade-2.components.tsv:173, status.wave2.creator-rewards-charts.tsv:2, status.wave2.creator-rewards-charts.tsv:7, status.wave2.creator-rewards-charts.tsv:8, status.wave2.creator-rewards-charts.tsv:9, status.wave2.launch-components.tsv:12 - these put the PARENT SCREEN id in the ROUTE column (col 4 of the tsv), so the ledger reads them as verdicts on this frame. Measured: status.trade-2.components.tsv writes a node id into route on 151 of 189 rows, creator-rewards-charts 12/12, launch-components 11/14 - 174 rows total. Their real subject is the bracketed id in col 1 or col 5. Verdict taken from the row that actually keys this frame.
Skai > Trade > Trench > Tables - Positions 1VH (768x1024px) [13006-268680]	partial	src/components/trench-redesign/trade/PositionsPanel.tsx	/crypto/:symbol (Tables > Positions)	[KEYED-BEATS-MENTION] [scope:in-scope] [was: done vs partial] WRONG ROW: status.trade-2.trade-a.tsv:45 - names this id only in its reason prose (col 5), while status.wave2.trench-mobile-positions.tsv:3 keys it in the family column (col 1). Measured across all 193 conflicts: 98 have NO row that keys the frame at all, and 33 more pair one keyed row against prose mentions. The ledger indexes a row to every id anywhere on its line, so a citation reads exactly like a claim.
Skai > Trade > Trench > Tables - Holders 1VH (768x1024px) [13006-269297]	done	src/components/trench-redesign/trade/HoldersPanel.tsx	/crypto/:symbol	[ROUTE-COL] [scope:in-scope] [was: done vs partial] ATTRIBUTION ARTIFACT, not a lane disagreement. WRONG ROWS: status.trade-2.components.tsv:139 - these put the PARENT SCREEN id in the ROUTE column (col 4 of the tsv), so the ledger reads them as verdicts on this frame. Measured: status.trade-2.components.tsv writes a node id into route on 151 of 189 rows, creator-rewards-charts 12/12, launch-components 11/14 - 174 rows total. Their real subject is the bracketed id in col 1 or col 5. Verdict taken from the row that actually keys this frame.
Skai > Trade > Trench > Tables - Top holders 1VH (768x1024px) [13006-270061]	done	src/components/trench-redesign/trade/TopHoldersPanel.tsx	/crypto/:symbol	[ROUTE-COL] [scope:in-scope] [was: done vs partial] ATTRIBUTION ARTIFACT, not a lane disagreement. WRONG ROWS: status.trade-2.components.tsv:140 - these put the PARENT SCREEN id in the ROUTE column (col 4 of the tsv), so the ledger reads them as verdicts on this frame. Measured: status.trade-2.components.tsv writes a node id into route on 151 of 189 rows, creator-rewards-charts 12/12, launch-components 11/14 - 174 rows total. Their real subject is the bracketed id in col 1 or col 5. Verdict taken from the row that actually keys this frame.
Skai > Trade > Trench > Tables - Dev tokens - full (768x1024px) [13006-270826]	done	src/components/trench-redesign/trade/DevTokensPanel.tsx	/crypto/:symbol	[ROUTE-COL] [scope:in-scope] [was: done vs partial] ATTRIBUTION ARTIFACT, not a lane disagreement. WRONG ROWS: status.trade-2.components.tsv:58 - these put the PARENT SCREEN id in the ROUTE column (col 4 of the tsv), so the ledger reads them as verdicts on this frame. Measured: status.trade-2.components.tsv writes a node id into route on 151 of 189 rows, creator-rewards-charts 12/12, launch-components 11/14 - 174 rows total. Their real subject is the bracketed id in col 1 or col 5. Verdict taken from the row that actually keys this frame.
Skai > Trade > Trench > Chart - Market 1VH (768x1024px) [13006-272489]	blocked-on-backend	src/components/trench-redesign/trade/OrderPanel.tsx	/crypto/:symbol	[KEYED-BEATS-MENTION] [scope:in-scope] [was: blocked-on-backend vs partial] WRONG ROW: status.trade-2.trade-a.tsv:55 - names this id only in its reason prose (col 5), while status.wave2.trench-order-types.tsv:3 keys it in the family column (col 1). Measured across all 193 conflicts: 98 have NO row that keys the frame at all, and 33 more pair one keyed row against prose mentions. The ledger indexes a row to every id anywhere on its line, so a citation reads exactly like a claim.
Skai > Trade > Trench > Chart - Limit 1VH (768x1024px) [13006-273876]	blocked-on-backend	src/components/trench-redesign/trade/content.ts:12-55	/crypto/:symbol	[KEYED-BEATS-MENTION] [scope:in-scope] [was: blocked-on-backend vs partial] WRONG ROW: status.trade-2.trade-a.tsv:56 - names this id only in its reason prose (col 5), while status.wave2.trench-order-types.tsv:4 keys it in the family column (col 1). Measured across all 193 conflicts: 98 have NO row that keys the frame at all, and 33 more pair one keyed row against prose mentions. The ledger indexes a row to every id anywhere on its line, so a citation reads exactly like a claim.
Skai > Launch > Live (768 x 1024px, 1520 tall) [13006-276671]	partial	src/components/trade/LaunchLiveBoard.tsx	/trade/live	[ROUTE-COL] [scope:in-scope] [was: done vs not-started vs partial] ATTRIBUTION ARTIFACT, not a lane disagreement. WRONG ROWS: status.trade-2.components.tsv:128, status.trade-2.components.tsv:129, status.wave2.launch-components.tsv:3, status.wave2.launch-components.tsv:4 - these put the PARENT SCREEN id in the ROUTE column (col 4 of the tsv), so the ledger reads them as verdicts on this frame. Measured: status.trade-2.components.tsv writes a node id into route on 151 of 189 rows, creator-rewards-charts 12/12, launch-components 11/14 - 174 rows total. Their real subject is the bracketed id in col 1 or col 5. Verdict taken from the row that actually keys this frame.
Live preview card - on:hover [13006-277256]	partial	src/components/trade/LaunchLiveBoard.tsx	13006:278391	[KEYED-BEATS-MENTION] [scope:in-scope] [was: not-started vs partial] WRONG ROW: status.trade-2.components.tsv:126 - names this id only in its reason prose (col 5), while status.wave2.launch-components.tsv:6 keys it in the family column (col 1). Measured across all 193 conflicts: 98 have NO row that keys the frame at all, and 33 more pair one keyed row against prose mentions. The ledger indexes a row to every id anywhere on its line, so a citation reads exactly like a claim. ALSO: WRONG ROW: status.wave2.launch-components.tsv:7 (subject 13006-277239) - the row's own SUBJECT is a different node, and it names this frame only as the container of, contrast to, or precedent for that subject. Subject read by the catalog's two stated conventions: an id in the family column, else an id opening the reason ('node 9640-213001 - ...'). A containment reference indexed as a verdict.
Live preview card - normal [13006-277275]	done	src/components/trade/LaunchLiveBoard.tsx	13006:278391	[KEYED-BEATS-MENTION] [scope:in-scope] [was: done vs not-started] WRONG ROW: status.trade-2.components.tsv:127 - names this id only in its reason prose (col 5), while status.wave2.launch-components.tsv:5 keys it in the family column (col 1). Measured across all 193 conflicts: 98 have NO row that keys the frame at all, and 33 more pair one keyed row against prose mentions. The ledger indexes a row to every id anywhere on its line, so a citation reads exactly like a claim.
Skai > Launch > Live (375 x 812px, 1370 tall) [13006-278391]	partial	src/components/trade/LaunchLiveBoard.tsx	/trade/live	[ROUTE-COL] [scope:in-scope] [was: done vs not-started vs partial] ATTRIBUTION ARTIFACT, not a lane disagreement. WRONG ROWS: status.trade-2.components.tsv:125, status.trade-2.components.tsv:126, status.trade-2.components.tsv:127, status.wave2.launch-components.tsv:5, status.wave2.launch-components.tsv:6, status.wave2.launch-components.tsv:7 - these put the PARENT SCREEN id in the ROUTE column (col 4 of the tsv), so the ledger reads them as verdicts on this frame. Measured: status.trade-2.components.tsv writes a node id into route on 151 of 189 rows, creator-rewards-charts 12/12, launch-components 11/14 - 174 rows total. Their real subject is the bracketed id in col 1 or col 5. Verdict taken from the row that actually keys this frame.
Live preview card - on:hover [13006-278938]	partial	src/components/trade/LaunchLiveBoard.tsx	13006:276671	[KEYED-BEATS-MENTION] [scope:in-scope] [was: not-started vs partial] WRONG ROW: status.trade-2.components.tsv:128 - names this id only in its reason prose (col 5), while status.wave2.launch-components.tsv:4 keys it in the family column (col 1). Measured across all 193 conflicts: 98 have NO row that keys the frame at all, and 33 more pair one keyed row against prose mentions. The ledger indexes a row to every id anywhere on its line, so a citation reads exactly like a claim.
Live preview card - normal [13006-278954]	done	src/components/trade/LaunchLiveBoard.tsx	13006:276671	[KEYED-BEATS-MENTION] [scope:in-scope] [was: done vs not-started] WRONG ROW: status.trade-2.components.tsv:129 - names this id only in its reason prose (col 5), while status.wave2.launch-components.tsv:3 keys it in the family column (col 1). Measured across all 193 conflicts: 98 have NO row that keys the frame at all, and 33 more pair one keyed row against prose mentions. The ledger indexes a row to every id anywhere on its line, so a citation reads exactly like a claim.
Skai > Launch (768 x 1024px, 1700 tall) [13006-278955]	done	src/pages/Launchpad.tsx	/launchpad	[ROUTE-COL] [scope:in-scope] [was: done vs not-started vs partial] ATTRIBUTION ARTIFACT, not a lane disagreement. WRONG ROWS: status.trade-2.components.tsv:130, status.wave2.launch-components.tsv:9 - these put the PARENT SCREEN id in the ROUTE column (col 4 of the tsv), so the ledger reads them as verdicts on this frame. Measured: status.trade-2.components.tsv writes a node id into route on 151 of 189 rows, creator-rewards-charts 12/12, launch-components 11/14 - 174 rows total. Their real subject is the bracketed id in col 1 or col 5. Verdict taken from the row that actually keys this frame.
Skai > Launch (375 x 812px, Right menu) [13006-281970]	frame-defect	src/pages/Launchpad.tsx	/launchpad	[ROUTE-COL] [scope:in-scope] [was: not-started vs partial] ATTRIBUTION ARTIFACT, not a lane disagreement. WRONG ROWS: status.trade-2.components.tsv:131, status.wave2.launch-components.tsv:10 - these put the PARENT SCREEN id in the ROUTE column (col 4 of the tsv), so the ledger reads them as verdicts on this frame. Measured: status.trade-2.components.tsv writes a node id into route on 151 of 189 rows, creator-rewards-charts 12/12, launch-components 11/14 - 174 rows total. Their real subject is the bracketed id in col 1 or col 5. Verdict taken from the row that actually keys this frame. || RE-READ 2026-09-06: verdict is now frame-defect, measured on the panel nodes at all three boards. See status.trade-2.launch.tsv rows 12-14.
Skai > Launch (375 x 812px, 1700 tall) [13006-282582]	done	src/pages/Launchpad.tsx	/launchpad	[ROUTE-COL] [scope:in-scope] [was: done vs not-started vs partial] ATTRIBUTION ARTIFACT, not a lane disagreement. WRONG ROWS: status.trade-2.components.tsv:131, status.wave2.launch-components.tsv:10 - these put the PARENT SCREEN id in the ROUTE column (col 4 of the tsv), so the ledger reads them as verdicts on this frame. Measured: status.trade-2.components.tsv writes a node id into route on 151 of 189 rows, creator-rewards-charts 12/12, launch-components 11/14 - 174 rows total. Their real subject is the bracketed id in col 1 or col 5. Verdict taken from the row that actually keys this frame.
Skai > Launch (768 x 1024px, Right menu) [13006-283168]	frame-defect	src/pages/Launchpad.tsx	/launchpad	[ROUTE-COL] [scope:in-scope] [was: not-started vs partial] ATTRIBUTION ARTIFACT, not a lane disagreement. WRONG ROWS: status.trade-2.components.tsv:130, status.wave2.launch-components.tsv:9 - these put the PARENT SCREEN id in the ROUTE column (col 4 of the tsv), so the ledger reads them as verdicts on this frame. Measured: status.trade-2.components.tsv writes a node id into route on 151 of 189 rows, creator-rewards-charts 12/12, launch-components 11/14 - 174 rows total. Their real subject is the bracketed id in col 1 or col 5. Verdict taken from the row that actually keys this frame. || RE-READ 2026-09-06: verdict is now frame-defect, measured on the panel nodes at all three boards. See status.trade-2.launch.tsv rows 12-14.
Right menu - Afjust filters [13006-284111]	partial	src/components/home-redesign/screens/ScreenerScreen.tsx	13006:278955,13006:283168	[KEYED-BEATS-MENTION] [scope:in-scope] [was: not-started vs partial] WRONG ROW: status.trade-2.components.tsv:130 - names this id only in its reason prose (col 5), while status.wave2.launch-components.tsv:9 keys it in the family column (col 1). Measured across all 193 conflicts: 98 have NO row that keys the frame at all, and 33 more pair one keyed row against prose mentions. The ledger indexes a row to every id anywhere on its line, so a citation reads exactly like a claim.
Right menu - Afjust filters [13006-284164]	partial	src/components/home-redesign/screens/ScreenerScreen.tsx	13006:282582,13006:281970	[KEYED-BEATS-MENTION] [scope:in-scope] [was: not-started vs partial] WRONG ROW: status.trade-2.components.tsv:131 - names this id only in its reason prose (col 5), while status.wave2.launch-components.tsv:10 keys it in the family column (col 1). Measured across all 193 conflicts: 98 have NO row that keys the frame at all, and 33 more pair one keyed row against prose mentions. The ledger indexes a row to every id anywhere on its line, so a citation reads exactly like a claim.
Skai > Launch > create token 1VH (375 x 812px, 2300 tall) [13006-285189]	done	src/pages/LaunchpadCreate.tsx	/launchpad/create	[ROUTE-COL] [scope:in-scope] [was: done vs partial] ATTRIBUTION ARTIFACT, not a lane disagreement. WRONG ROWS: status.trade-2.components.tsv:134 - these put the PARENT SCREEN id in the ROUTE column (col 4 of the tsv), so the ledger reads them as verdicts on this frame. Measured: status.trade-2.components.tsv writes a node id into route on 151 of 189 rows, creator-rewards-charts 12/12, launch-components 11/14 - 174 rows total. Their real subject is the bracketed id in col 1 or col 5. Verdict taken from the row that actually keys this frame. ALSO: WRONG ROW: status.trade-2.launch.tsv:39 (subject 13006-285448) - the row's own SUBJECT is a different node, and it names this frame only as the container of, contrast to, or precedent for that subject. Subject read by the catalog's two stated conventions: an id in the family column, else an id opening the reason ('node 9640-213001 - ...'). A containment reference indexed as a verdict.
Skai > Launch > create token 1VH (375 x 812px, 2300 tall) [13006-285448]	done	src/pages/LaunchpadCreate.tsx	/launchpad/create	[ROUTE-COL] [scope:in-scope] [was: done vs partial] ATTRIBUTION ARTIFACT, not a lane disagreement. WRONG ROWS: status.trade-2.components.tsv:135 - these put the PARENT SCREEN id in the ROUTE column (col 4 of the tsv), so the ledger reads them as verdicts on this frame. Measured: status.trade-2.components.tsv writes a node id into route on 151 of 189 rows, creator-rewards-charts 12/12, launch-components 11/14 - 174 rows total. Their real subject is the bracketed id in col 1 or col 5. Verdict taken from the row that actually keys this frame.
Skai > Launch > create token 1VH (768 x 1024px, 2110 tall) [13006-287246]	done	src/pages/LaunchpadCreate.tsx	/launchpad/create	[ROUTE-COL] [scope:in-scope] [was: done vs partial] ATTRIBUTION ARTIFACT, not a lane disagreement. WRONG ROWS: status.trade-2.components.tsv:136 - these put the PARENT SCREEN id in the ROUTE column (col 4 of the tsv), so the ledger reads them as verdicts on this frame. Measured: status.trade-2.components.tsv writes a node id into route on 151 of 189 rows, creator-rewards-charts 12/12, launch-components 11/14 - 174 rows total. Their real subject is the bracketed id in col 1 or col 5. Verdict taken from the row that actually keys this frame.
Skai > Trade > Trench > Chart - Market 1VH (375 x 812px) [13006-292285]	blocked-on-backend	src/components/trench-redesign/trade/OrderPanel.tsx	/crypto/:symbol	[KEYED-BEATS-MENTION] [scope:in-scope] [was: blocked-on-backend vs not-started] WRONG ROW: status.trade-2.trade-b.tsv:1 - names this id only in its reason prose (col 5), while status.wave2.trench-order-types.tsv:1 keys it in the family column (col 1). Measured across all 193 conflicts: 98 have NO row that keys the frame at all, and 33 more pair one keyed row against prose mentions. The ledger indexes a row to every id anywhere on its line, so a citation reads exactly like a claim.
Skai > Trade > Trench > Chart - Limit 1VH (375 x 812px) [13006-293274]	blocked-on-backend	src/components/trench-redesign/trade/content.ts:12-55	/crypto/:symbol	[KEYED-BEATS-MENTION] [scope:in-scope] [was: blocked-on-backend vs not-started] WRONG ROW: status.trade-2.trade-b.tsv:2 - names this id only in its reason prose (col 5), while status.wave2.trench-order-types.tsv:2 keys it in the family column (col 1). Measured across all 193 conflicts: 98 have NO row that keys the frame at all, and 33 more pair one keyed row against prose mentions. The ledger indexes a row to every id anywhere on its line, so a citation reads exactly like a claim.
Skai > Trade > Trench - actual 1VH (375 x 812px) [13006-295541]	partial	src/components/trench-redesign/discover/MarketPulseBoard.tsx	/trench	[ROUTE-COL] [scope:in-scope] [was: blocked-on-backend vs done vs not-started vs partial] ATTRIBUTION ARTIFACT, not a lane disagreement. WRONG ROWS: status.trade-2.components.tsv:174, status.trade-2.components.tsv:175, status.trade-2.components.tsv:176, status.trade-2.components.tsv:177, status.trade-2.components.tsv:178, status.trade-2.components.tsv:179, status.trade-2.components.tsv:180, status.trade-2.components.tsv:181, status.trade-2.components.tsv:182, status.trade-2.components.tsv:183, status.trade-2.components.tsv:184, status.trade-2.components.tsv:185, status.trade-2.components.tsv:186, status.trade-2.components.tsv:187, status.trade-2.components.tsv:188, status.trade-2.components.tsv:189, status.wave2.creator-rewards-charts.tsv:3, status.wave2.creator-rewards-charts.tsv:10, status.wave2.creator-rewards-charts.tsv:11, status.wave2.creator-rewards-charts.tsv:12, status.wave2.launch-components.tsv:13 - these put the PARENT SCREEN id in the ROUTE column (col 4 of the tsv), so the ledger reads them as verdicts on this frame. Measured: status.trade-2.components.tsv writes a node id into route on 151 of 189 rows, creator-rewards-charts 12/12, launch-components 11/14 - 174 rows total. Their real subject is the bracketed id in col 1 or col 5. Verdict taken from the row that actually keys this frame.
Skai > Trade > Trench > Tables - Holders 1VH (375 x 812px) [13006-299940]	done	src/components/trench-redesign/trade/HoldersPanel.tsx	/crypto/:symbol	[ROUTE-COL] [scope:in-scope] [was: done vs partial] ATTRIBUTION ARTIFACT, not a lane disagreement. WRONG ROWS: status.trade-2.components.tsv:138 - these put the PARENT SCREEN id in the ROUTE column (col 4 of the tsv), so the ledger reads them as verdicts on this frame. Measured: status.trade-2.components.tsv writes a node id into route on 151 of 189 rows, creator-rewards-charts 12/12, launch-components 11/14 - 174 rows total. Their real subject is the bracketed id in col 1 or col 5. Verdict taken from the row that actually keys this frame.
Skai > Trade > Trench > Tables - Top holders 1VH (375 x 812px) [13006-301601]	done	src/components/trench-redesign/trade/TopHoldersPanel.tsx	/crypto/:symbol	[ROUTE-COL] [scope:in-scope] [was: done vs partial] ATTRIBUTION ARTIFACT, not a lane disagreement. WRONG ROWS: status.trade-2.components.tsv:141 - these put the PARENT SCREEN id in the ROUTE column (col 4 of the tsv), so the ledger reads them as verdicts on this frame. Measured: status.trade-2.components.tsv writes a node id into route on 151 of 189 rows, creator-rewards-charts 12/12, launch-components 11/14 - 174 rows total. Their real subject is the bracketed id in col 1 or col 5. Verdict taken from the row that actually keys this frame.
Skai > Trade > Trench > Tables - Positions - collapsed 1VH (375 x 812px) [13006-303393]	partial	src/components/trench-redesign/trade/PositionsPanel.tsx	/crypto/:symbol (Tables > Positions)	[KEYED-BEATS-MENTION] [scope:in-scope] [was: not-started vs partial] WRONG ROW: status.trade-2.trade-b.tsv:15 - names this id only in its reason prose (col 5), while status.wave2.trench-mobile-positions.tsv:2 keys it in the family column (col 1). Measured across all 193 conflicts: 98 have NO row that keys the frame at all, and 33 more pair one keyed row against prose mentions. The ledger indexes a row to every id anywhere on its line, so a citation reads exactly like a claim.
Skai > Trade > Trench > Hotkeys 1VH (375 x 812px) [13006-310854]	done	src/components/trench-redesign/discover/HotkeysMenu.tsx	/trench	[ROUTE-COL] [scope:in-scope] [was: done vs partial] ATTRIBUTION ARTIFACT, not a lane disagreement. WRONG ROWS: status.trade-2.components.tsv:41 - these put the PARENT SCREEN id in the ROUTE column (col 4 of the tsv), so the ledger reads them as verdicts on this frame. Measured: status.trade-2.components.tsv writes a node id into route on 151 of 189 rows, creator-rewards-charts 12/12, launch-components 11/14 - 174 rows total. Their real subject is the bracketed id in col 1 or col 5. Verdict taken from the row that actually keys this frame.
Skai > Trade > Trench > Filters 1VH (375 x 812px) [13006-315650]	done	src/components/trench-redesign/discover/FiltersPanel.tsx	/trench	[ROUTE-COL] [scope:in-scope] [was: done vs partial] ATTRIBUTION ARTIFACT, not a lane disagreement. WRONG ROWS: status.trade-2.components.tsv:37, status.trade-2.components.tsv:38, status.trade-2.components.tsv:39 - these put the PARENT SCREEN id in the ROUTE column (col 4 of the tsv), so the ledger reads them as verdicts on this frame. Measured: status.trade-2.components.tsv writes a node id into route on 151 of 189 rows, creator-rewards-charts 12/12, launch-components 11/14 - 174 rows total. Their real subject is the bracketed id in col 1 or col 5. Verdict taken from the row that actually keys this frame.
Skai > Trade > Trench > Trackers > Wallets Manager 1VH (375 x 812px) [13006-319525]	done	src/components/home-redesign/whales/ActivityView.tsx	/trench	[ROUTE-COL] [scope:in-scope] [was: done vs partial] ATTRIBUTION ARTIFACT, not a lane disagreement. WRONG ROWS: status.trade-2.components.tsv:143 - these put the PARENT SCREEN id in the ROUTE column (col 4 of the tsv), so the ledger reads them as verdicts on this frame. Measured: status.trade-2.components.tsv writes a node id into route on 151 of 189 rows, creator-rewards-charts 12/12, launch-components 11/14 - 174 rows total. Their real subject is the bracketed id in col 1 or col 5. Verdict taken from the row that actually keys this frame.
Skai > Trade > Trench > Trackers > Live trades 1VH (375 x 812px) [13006-319762]	done	src/components/home-redesign/whales/ActivityView.tsx	/trench	[ROUTE-COL] [scope:in-scope] [was: done vs partial] ATTRIBUTION ARTIFACT, not a lane disagreement. WRONG ROWS: status.trade-2.components.tsv:28 - these put the PARENT SCREEN id in the ROUTE column (col 4 of the tsv), so the ledger reads them as verdicts on this frame. Measured: status.trade-2.components.tsv writes a node id into route on 151 of 189 rows, creator-rewards-charts 12/12, launch-components 11/14 - 174 rows total. Their real subject is the bracketed id in col 1 or col 5. Verdict taken from the row that actually keys this frame.
Skai > Trade > Trench > Trackers > KOLs 1VH (375 x 812px) [13006-320262]	done	src/components/home-redesign/whales/ActivityView.tsx	/trench	[ROUTE-COL] [scope:in-scope] [was: done vs partial] ATTRIBUTION ARTIFACT, not a lane disagreement. WRONG ROWS: status.trade-2.components.tsv:144 - these put the PARENT SCREEN id in the ROUTE column (col 4 of the tsv), so the ledger reads them as verdicts on this frame. Measured: status.trade-2.components.tsv writes a node id into route on 151 of 189 rows, creator-rewards-charts 12/12, launch-components 11/14 - 174 rows total. Their real subject is the bracketed id in col 1 or col 5. Verdict taken from the row that actually keys this frame.
Skai > Trade > Trench > Filters 1VH (768x1024px) [13006-338795]	done	src/components/trench-redesign/discover/FiltersPanel.tsx	/trench	[ROUTE-COL] [scope:in-scope] [was: done vs partial] ATTRIBUTION ARTIFACT, not a lane disagreement. WRONG ROWS: status.trade-2.components.tsv:34, status.trade-2.components.tsv:35, status.trade-2.components.tsv:36 - these put the PARENT SCREEN id in the ROUTE column (col 4 of the tsv), so the ledger reads them as verdicts on this frame. Measured: status.trade-2.components.tsv writes a node id into route on 151 of 189 rows, creator-rewards-charts 12/12, launch-components 11/14 - 174 rows total. Their real subject is the bracketed id in col 1 or col 5. Verdict taken from the row that actually keys this frame.
Creator rewards [13006-347585]	blocked-on-backend	-	13006:260059	[KEYED-BEATS-MENTION] [scope:in-scope] [was: blocked-on-backend vs not-started] WRONG ROW: status.trade-2.components.tsv:161 - names this id only in its reason prose (col 5), while status.wave2.creator-rewards-charts.tsv:2 keys it in the family column (col 1). Measured across all 193 conflicts: 98 have NO row that keys the frame at all, and 33 more pair one keyed row against prose mentions. The ledger indexes a row to every id anywhere on its line, so a citation reads exactly like a claim.
Token preview [13006-347864]	blocked-on-backend	-	13006:260059	[KEYED-BEATS-MENTION] [scope:in-scope] [was: blocked-on-backend vs not-started] WRONG ROW: status.trade-2.components.tsv:164 - names this id only in its reason prose (col 5), while status.wave2.launch-components.tsv:12 keys it in the family column (col 1). Measured across all 193 conflicts: 98 have NO row that keys the frame at all, and 33 more pair one keyed row against prose mentions. The ledger indexes a row to every id anywhere on its line, so a citation reads exactly like a claim.
BTC chart [13006-347909]	done	src/components/trench-redesign/discover/ChainChartCard.tsx + chainCharts.ts	13006:260059	[KEYED-BEATS-MENTION] [scope:in-scope] [was: done vs not-started] WRONG ROW: status.trade-2.components.tsv:165 - names this id only in its reason prose (col 5), while status.wave2.creator-rewards-charts.tsv:7 keys it in the family column (col 1). Measured across all 193 conflicts: 98 have NO row that keys the frame at all, and 33 more pair one keyed row against prose mentions. The ledger indexes a row to every id anywhere on its line, so a citation reads exactly like a claim. ALSO: WRONG ROW: status.wave2.creator-rewards-charts.tsv:8 (subject 13006-347946) - the row's own SUBJECT is a different node, and it names this frame only as the container of, contrast to, or precedent for that subject. Subject read by the catalog's two stated conventions: an id in the family column, else an id opening the reason ('node 9640-213001 - ...'). A containment reference indexed as a verdict.
SOL chart [13006-347946]	done	src/components/trench-redesign/discover/ChainChartCard.tsx + chainCharts.ts	13006:260059	[KEYED-BEATS-MENTION] [scope:in-scope] [was: done vs not-started] WRONG ROW: status.trade-2.components.tsv:166 - names this id only in its reason prose (col 5), while status.wave2.creator-rewards-charts.tsv:8 keys it in the family column (col 1). Measured across all 193 conflicts: 98 have NO row that keys the frame at all, and 33 more pair one keyed row against prose mentions. The ledger indexes a row to every id anywhere on its line, so a citation reads exactly like a claim.
PnL Tracker [13006-348098]	done	src/components/trench-redesign/trade/PnLTrackerModal.tsx	/trench (sidebar > Trench > PnL)	[KEYED-BEATS-MENTION] [scope:in-scope] [was: done vs not-started] WRONG ROW: status.trade-2.components.tsv:171 - names this id only in its reason prose (col 5), while status.wave2.trench-pnl.tsv:2 keys it in the family column (col 1). Measured across all 193 conflicts: 98 have NO row that keys the frame at all, and 33 more pair one keyed row against prose mentions. The ledger indexes a row to every id anywhere on its line, so a citation reads exactly like a claim.
BASE chart [13006-348125]	blocked-on-backend	src/components/trench-redesign/discover/ChainChartCard.tsx (renders the explicit unavailable state)	13006:260059	[KEYED-BEATS-MENTION] [scope:in-scope] [was: blocked-on-backend vs not-started] WRONG ROW: status.trade-2.components.tsv:172 - names this id only in its reason prose (col 5), while status.wave2.creator-rewards-charts.tsv:9 keys it in the family column (col 1). Measured across all 193 conflicts: 98 have NO row that keys the frame at all, and 33 more pair one keyed row against prose mentions. The ledger indexes a row to every id anywhere on its line, so a citation reads exactly like a claim.
Creator rewards [13006-348458]	blocked-on-backend	-	13006:295541	[KEYED-BEATS-MENTION] [scope:in-scope] [was: blocked-on-backend vs not-started] WRONG ROW: status.trade-2.components.tsv:175 - names this id only in its reason prose (col 5), while status.wave2.creator-rewards-charts.tsv:3 keys it in the family column (col 1). Measured across all 193 conflicts: 98 have NO row that keys the frame at all, and 33 more pair one keyed row against prose mentions. The ledger indexes a row to every id anywhere on its line, so a citation reads exactly like a claim.
Token preview [13006-348615]	blocked-on-backend	-	13006:295541	[KEYED-BEATS-MENTION] [scope:in-scope] [was: blocked-on-backend vs not-started] WRONG ROW: status.trade-2.components.tsv:177 - names this id only in its reason prose (col 5), while status.wave2.launch-components.tsv:13 keys it in the family column (col 1). Measured across all 193 conflicts: 98 have NO row that keys the frame at all, and 33 more pair one keyed row against prose mentions. The ledger indexes a row to every id anywhere on its line, so a citation reads exactly like a claim.
BTC chart [13006-348782]	done	src/components/trench-redesign/discover/ChainChartCard.tsx + chainCharts.ts	13006:295541	[KEYED-BEATS-MENTION] [scope:in-scope] [was: done vs not-started] WRONG ROW: status.trade-2.components.tsv:179 - names this id only in its reason prose (col 5), while status.wave2.creator-rewards-charts.tsv:10 keys it in the family column (col 1). Measured across all 193 conflicts: 98 have NO row that keys the frame at all, and 33 more pair one keyed row against prose mentions. The ledger indexes a row to every id anywhere on its line, so a citation reads exactly like a claim. ALSO: WRONG ROW: status.wave2.creator-rewards-charts.tsv:11 (subject 13006-348819) - the row's own SUBJECT is a different node, and it names this frame only as the container of, contrast to, or precedent for that subject. Subject read by the catalog's two stated conventions: an id in the family column, else an id opening the reason ('node 9640-213001 - ...'). A containment reference indexed as a verdict.
SOL chart [13006-348819]	done	src/components/trench-redesign/discover/ChainChartCard.tsx + chainCharts.ts	13006:295541	[KEYED-BEATS-MENTION] [scope:in-scope] [was: done vs not-started] WRONG ROW: status.trade-2.components.tsv:180 - names this id only in its reason prose (col 5), while status.wave2.creator-rewards-charts.tsv:11 keys it in the family column (col 1). Measured across all 193 conflicts: 98 have NO row that keys the frame at all, and 33 more pair one keyed row against prose mentions. The ledger indexes a row to every id anywhere on its line, so a citation reads exactly like a claim.
PnL Tracker [13006-348971]	done	src/components/trench-redesign/trade/PnLTrackerModal.tsx	/trench (sidebar > Trench > PnL)	[KEYED-BEATS-MENTION] [scope:in-scope] [was: done vs not-started] WRONG ROW: status.trade-2.components.tsv:185 - names this id only in its reason prose (col 5), while status.wave2.trench-pnl.tsv:3 keys it in the family column (col 1). Measured across all 193 conflicts: 98 have NO row that keys the frame at all, and 33 more pair one keyed row against prose mentions. The ledger indexes a row to every id anywhere on its line, so a citation reads exactly like a claim.
BASE chart [13006-348998]	blocked-on-backend	src/components/trench-redesign/discover/ChainChartCard.tsx (renders the explicit unavailable state)	13006:295541	[KEYED-BEATS-MENTION] [scope:in-scope] [was: blocked-on-backend vs not-started] WRONG ROW: status.trade-2.components.tsv:186 - names this id only in its reason prose (col 5), while status.wave2.creator-rewards-charts.tsv:12 keys it in the family column (col 1). Measured across all 193 conflicts: 98 have NO row that keys the frame at all, and 33 more pair one keyed row against prose mentions. The ledger indexes a row to every id anywhere on its line, so a citation reads exactly like a claim.
Casino > Plinko [9003-83784]	partial	modules/skai-gaming/src/components/play/games/instant/PlinkoGame.tsx	/play/plinko	[CROSS-FAMILY-PRECEDENT] [scope:in-scope] [was: done vs partial] WRONG ROW: status.mines.tsv:1 belongs to a DIFFERENT game and names this frame only as prose precedent. status.mines.tsv:1 cites 9003-118852 / 9003-83784 / 9003-98680 / 9003-132031 as 'the same treatment this catalog already gives...'; status.dice.tsv:1 cites Mines 9003-110110 as 'Same call, same grounds'. Both are citations, not claims. The game's own file is right.
Casino > Blackjack [9003-117337]	done	modules/skai-gaming/src/components/play/games/cards/BlackjackGame.tsx	/play/blackjack	[DEFECT-SCOPE] [scope:in-scope] [was: done vs frame-defect] NEITHER ROW IS WRONG - different scopes on one frame. status.wave3.frame-defects.tsv:6, status.wave3.frame-defects.tsv:7, status.wave3.frame-defects.tsv:12 is a frame-defect row that names every frame a drawn defect appears on; per SCHEMA frame-defect means the FRAME is wrong and the code is right, so it coexists with an implementation verdict rather than contradicting it. Implementation verdict 'done' stands; the defect stays separately visible to design.
Casino > Blackjack [9003-118852]	done	modules/skai-gaming/src/components/play/games/cards/BlackjackGame.tsx	/play/blackjack	[DEFECT-SCOPE] [scope:in-scope] [was: done vs frame-defect] NEITHER ROW IS WRONG - different scopes on one frame. status.wave3.frame-defects.tsv:6, status.wave3.frame-defects.tsv:7 is a frame-defect row that names every frame a drawn defect appears on; per SCHEMA frame-defect means the FRAME is wrong and the code is right, so it coexists with an implementation verdict rather than contradicting it. Implementation verdict 'done' stands; the defect stays separately visible to design.
Casino > Blackjack [9003-119356]	done	modules/skai-gaming/src/components/play/games/cards/BlackjackGame.tsx	/play/blackjack	[DEFECT-SCOPE] [scope:in-scope] [was: done vs frame-defect] NEITHER ROW IS WRONG - different scopes on one frame. status.wave3.frame-defects.tsv:6, status.wave3.frame-defects.tsv:7 is a frame-defect row that names every frame a drawn defect appears on; per SCHEMA frame-defect means the FRAME is wrong and the code is right, so it coexists with an implementation verdict rather than contradicting it. Implementation verdict 'done' stands; the defect stays separately visible to design.
Casino > Blackjack [9003-119858]	done	modules/skai-gaming/src/components/play/games/cards/BlackjackGame.tsx	/play/blackjack	[DEFECT-SCOPE] [scope:in-scope] [was: done vs frame-defect] NEITHER ROW IS WRONG - different scopes on one frame. status.wave3.frame-defects.tsv:6, status.wave3.frame-defects.tsv:7 is a frame-defect row that names every frame a drawn defect appears on; per SCHEMA frame-defect means the FRAME is wrong and the code is right, so it coexists with an implementation verdict rather than contradicting it. Implementation verdict 'done' stands; the defect stays separately visible to design.
Casino > Blackjack [9178-4037]	done	modules/skai-gaming/src/components/play/games/cards/BlackjackGame.tsx	/play/blackjack	[DEFECT-SCOPE] [scope:in-scope] [was: done vs frame-defect] NEITHER ROW IS WRONG - different scopes on one frame. status.wave3.frame-defects.tsv:7 is a frame-defect row that names every frame a drawn defect appears on; per SCHEMA frame-defect means the FRAME is wrong and the code is right, so it coexists with an implementation verdict rather than contradicting it. Implementation verdict 'done' stands; the defect stays separately visible to design.
Casino > Blackjack [9178-8446]	done	modules/skai-gaming/src/components/play/games/cards/BlackjackGame.tsx	/play/blackjack	[DEFECT-SCOPE] [scope:in-scope] [was: done vs frame-defect] NEITHER ROW IS WRONG - different scopes on one frame. status.wave3.frame-defects.tsv:7 is a frame-defect row that names every frame a drawn defect appears on; per SCHEMA frame-defect means the FRAME is wrong and the code is right, so it coexists with an implementation verdict rather than contradicting it. Implementation verdict 'done' stands; the defect stays separately visible to design.
Casino > Blackjack [9178-10465]	done	modules/skai-gaming/src/components/play/games/cards/BlackjackGame.tsx	/play/blackjack	[DEFECT-SCOPE] [scope:in-scope] [was: done vs frame-defect] NEITHER ROW IS WRONG - different scopes on one frame. status.wave3.frame-defects.tsv:7 is a frame-defect row that names every frame a drawn defect appears on; per SCHEMA frame-defect means the FRAME is wrong and the code is right, so it coexists with an implementation verdict rather than contradicting it. Implementation verdict 'done' stands; the defect stays separately visible to design.
Casino > Crash [9003-98680]	partial	modules/skai-gaming/src/components/play/games/crash/AviatorGamePro.tsx	/play/crash	[CROSS-FAMILY-PRECEDENT] [scope:in-scope] [was: done vs partial] WRONG ROW: status.mines.tsv:1 belongs to a DIFFERENT game and names this frame only as prose precedent. status.mines.tsv:1 cites 9003-118852 / 9003-83784 / 9003-98680 / 9003-132031 as 'the same treatment this catalog already gives...'; status.dice.tsv:1 cites Mines 9003-110110 as 'Same call, same grounds'. Both are citations, not claims. The game's own file is right.
Casino > Coinflip [9003-132031]	partial	modules/skai-gaming/src/components/play/games/instant/CoinFlipGame.tsx	/play/coinflip -> CoinflipPage (Skai-Trading src/App.tsx, GeoRestrictedRoute feature="play")	[SPECIFIC-BEATS-ROLLUP] [scope:in-scope] [was: done vs partial] WRONG ROW: status.mines.tsv:1 is a family ROLLUP (names 8+ node ids in one verdict) and sweeps this frame in with the family. status.coinflip.tsv:1 names it specifically.
unsupported region ALT [9220-26119]	not-started	-	-	[SPECIFIC-BEATS-ROLLUP] [scope:in-scope] [was: not-started vs partial] WRONG ROW: status.skratch.tsv:1 is a family ROLLUP (names 8+ node ids in one verdict) and sweeps this frame in with the family. status.wave2.predict-play.tsv:60 names it specifically.
Casino > Hi-Lo [9061-10499]	partial	modules/skai-gaming/src/pages/play/HiLoPage.tsx	/play/hilo	[DEFECT-SCOPE] [scope:in-scope] [was: frame-defect vs partial] NEITHER ROW IS WRONG - different scopes on one frame. status.wave3.frame-defects.tsv:2 is a frame-defect row that names every frame a drawn defect appears on; per SCHEMA frame-defect means the FRAME is wrong and the code is right, so it coexists with an implementation verdict rather than contradicting it. Implementation verdict 'partial' stands; the defect stays separately visible to design.
Casino > Hi-Lo [9061-9472]	partial	modules/skai-gaming/src/pages/play/HiLoPage.tsx	/play/hilo	[DEFECT-SCOPE] [scope:in-scope] [was: frame-defect vs partial] NEITHER ROW IS WRONG - different scopes on one frame. status.wave3.frame-defects.tsv:2 is a frame-defect row that names every frame a drawn defect appears on; per SCHEMA frame-defect means the FRAME is wrong and the code is right, so it coexists with an implementation verdict rather than contradicting it. Implementation verdict 'partial' stands; the defect stays separately visible to design.
Casino > Hi-Lo [9058-4372]	partial	modules/skai-gaming/src/pages/play/HiLoPage.tsx + HiLoPageSections.tsx + hiloPageContent.ts mounting modules/skai-gaming/src/components/play/games/cards/HiLoGame.tsx; rail points-game play_hilo + game-settlement case 'hilo'	/play/hilo (src/App.tsx:1602)	[DEFECT-SCOPE] [scope:in-scope] [was: frame-defect vs partial] NEITHER ROW IS WRONG - different scopes on one frame. status.wave3.frame-defects.tsv:2, status.wave3.frame-defects.tsv:3 is a frame-defect row that names every frame a drawn defect appears on; per SCHEMA frame-defect means the FRAME is wrong and the code is right, so it coexists with an implementation verdict rather than contradicting it. Implementation verdict 'partial' stands; the defect stays separately visible to design. SETTLED, AND THE PREMISE WAS WRONG: the lane brief says three 9058-* ids appearing in BOTH status.skratch.tsv and status.hilo.tsv mean 'one of those files is wrong about which game they belong to'. They do NOT disagree - read in full they say the SAME thing from opposite sides. status.hilo.tsv:1: 'NOT HI-LO (Scratchers filed under Hi-Lo): 9058-1833 ... 9058-7261 ... 9058-2367 ... 9058-5154 -> Casino > Scratchers'. status.skratch.tsv:1: 'RE-FILING RECOMMENDED: three frames currently under section hilo are Scratchers' and should move to skratch - 9058-1833, 9058-2367, 9058-5154'. The re-filing is already MECHANISED at component-aliases.tsv:46-53, which carries all five. And status.skratch.tsv names 9058-4372 only to DISCLAIM it ('DECLINED: 9058-4372, whose Figma title also reads Scratchers, is NOT Scratchers'). An explicit disclaimer indexed as a claim of ownership - the sharpest instance of this lane's whole pattern.
Casino > Hi-Lo [9332-27320]	partial	modules/skai-gaming/src/pages/play/HiLoPage.tsx	/play/hilo	[DEFECT-SCOPE] [scope:in-scope] [was: frame-defect vs partial] NEITHER ROW IS WRONG - different scopes on one frame. status.wave3.frame-defects.tsv:2, status.wave3.frame-defects.tsv:3 is a frame-defect row that names every frame a drawn defect appears on; per SCHEMA frame-defect means the FRAME is wrong and the code is right, so it coexists with an implementation verdict rather than contradicting it. Implementation verdict 'partial' stands; the defect stays separately visible to design.
Casino > Hi-Lo [9351-4708]	partial	modules/skai-gaming/src/pages/play/HiLoPage.tsx + HiLoPageSections.tsx + hiloPageContent.ts mounting modules/skai-gaming/src/components/play/games/cards/HiLoGame.tsx; rail points-game play_hilo + game-settlement case 'hilo'	/play/hilo (src/App.tsx:1602)	[DEFECT-SCOPE] [scope:in-scope] [was: frame-defect vs partial] NEITHER ROW IS WRONG - different scopes on one frame. status.wave3.frame-defects.tsv:2, status.wave3.frame-defects.tsv:3 is a frame-defect row that names every frame a drawn defect appears on; per SCHEMA frame-defect means the FRAME is wrong and the code is right, so it coexists with an implementation verdict rather than contradicting it. Implementation verdict 'partial' stands; the defect stays separately visible to design.
Casino > Hi-Lo [10248-9763]	partial	modules/skai-gaming/src/pages/play/HiLoPage.tsx + HiLoPageSections.tsx + hiloPageContent.ts mounting modules/skai-gaming/src/components/play/games/cards/HiLoGame.tsx; rail points-game play_hilo + game-settlement case 'hilo'	/play/hilo (src/App.tsx:1602)	[DEFECT-SCOPE] [scope:in-scope] [was: frame-defect vs partial] NEITHER ROW IS WRONG - different scopes on one frame. status.wave3.frame-defects.tsv:2 is a frame-defect row that names every frame a drawn defect appears on; per SCHEMA frame-defect means the FRAME is wrong and the code is right, so it coexists with an implementation verdict rather than contradicting it. Implementation verdict 'partial' stands; the defect stays separately visible to design.
Casino > Hi-Lo [10249-9938]	partial	modules/skai-gaming/src/pages/play/HiLoPage.tsx + HiLoPageSections.tsx + hiloPageContent.ts mounting modules/skai-gaming/src/components/play/games/cards/HiLoGame.tsx; rail points-game play_hilo + game-settlement case 'hilo'	/play/hilo (src/App.tsx:1602)	[DEFECT-SCOPE] [scope:in-scope] [was: frame-defect vs partial] NEITHER ROW IS WRONG - different scopes on one frame. status.wave3.frame-defects.tsv:2, status.wave3.frame-defects.tsv:3 is a frame-defect row that names every frame a drawn defect appears on; per SCHEMA frame-defect means the FRAME is wrong and the code is right, so it coexists with an implementation verdict rather than contradicting it. Implementation verdict 'partial' stands; the defect stays separately visible to design.
Casino > Darts [9392-1798]	partial	modules/skai-gaming/src/pages/play/DartsPage.tsx	/play/darts	[DEFECT-SCOPE] [scope:in-scope] [was: frame-defect vs partial] NEITHER ROW IS WRONG - different scopes on one frame. status.wave3.frame-defects.tsv:12 is a frame-defect row that names every frame a drawn defect appears on; per SCHEMA frame-defect means the FRAME is wrong and the code is right, so it coexists with an implementation verdict rather than contradicting it. Implementation verdict 'partial' stands; the defect stays separately visible to design.
Casino > Darts [9411-7955]	partial	modules/skai-gaming/src/pages/play/DartsPage.tsx	/play/darts	[DEFECT-SCOPE] [scope:in-scope] [was: frame-defect vs partial] NEITHER ROW IS WRONG - different scopes on one frame. status.wave3.frame-defects.tsv:4 is a frame-defect row that names every frame a drawn defect appears on; per SCHEMA frame-defect means the FRAME is wrong and the code is right, so it coexists with an implementation verdict rather than contradicting it. Implementation verdict 'partial' stands; the defect stays separately visible to design.
Casino > Darts [9411-7977]	partial	modules/skai-gaming/src/pages/play/DartsPage.tsx	/play/darts	[DEFECT-SCOPE] [scope:in-scope] [was: frame-defect vs partial] NEITHER ROW IS WRONG - different scopes on one frame. status.wave3.frame-defects.tsv:4 is a frame-defect row that names every frame a drawn defect appears on; per SCHEMA frame-defect means the FRAME is wrong and the code is right, so it coexists with an implementation verdict rather than contradicting it. Implementation verdict 'partial' stands; the defect stays separately visible to design.
Casino > Darts [9433-16420]	partial	modules/skai-gaming/src/pages/play/DartsPage.tsx	/play/darts	[DEFECT-SCOPE] [scope:in-scope] [was: frame-defect vs partial] NEITHER ROW IS WRONG - different scopes on one frame. status.wave3.frame-defects.tsv:5 is a frame-defect row that names every frame a drawn defect appears on; per SCHEMA frame-defect means the FRAME is wrong and the code is right, so it coexists with an implementation verdict rather than contradicting it. Implementation verdict 'partial' stands; the defect stays separately visible to design.
Casino > Darts [9455-19001]	partial	modules/skai-gaming/src/pages/play/DartsPage.tsx	/play/darts	[DEFECT-SCOPE] [scope:in-scope] [was: frame-defect vs partial] NEITHER ROW IS WRONG - different scopes on one frame. status.wave3.frame-defects.tsv:4 is a frame-defect row that names every frame a drawn defect appears on; per SCHEMA frame-defect means the FRAME is wrong and the code is right, so it coexists with an implementation verdict rather than contradicting it. Implementation verdict 'partial' stands; the defect stays separately visible to design.
Casino > Darts [9467-19582]	partial	modules/skai-gaming/src/pages/play/DartsPage.tsx	/play/darts	[DEFECT-SCOPE] [scope:in-scope] [was: frame-defect vs partial] NEITHER ROW IS WRONG - different scopes on one frame. status.wave3.frame-defects.tsv:4 is a frame-defect row that names every frame a drawn defect appears on; per SCHEMA frame-defect means the FRAME is wrong and the code is right, so it coexists with an implementation verdict rather than contradicting it. Implementation verdict 'partial' stands; the defect stays separately visible to design.
Casino > Video Poker [9738-13101]	partial	modules/skai-gaming/src/components/play/games/cards/VideoPokerGame.tsx (+ cards/videopoker/); page shell modules/skai-gaming/src/pages/play/VideoPokerPage.tsx (34 lines, RoutedGamePage wrapper); rail points-game vp_deal/vp_draw	/play/video-poker (src/App.tsx:1664, GeoRestrictedRoute feature="play" -> VideoPokerPage)	[DEFECT-SCOPE] [scope:in-scope] [was: frame-defect vs partial] NEITHER ROW IS WRONG - different scopes on one frame. status.wave3.frame-defects.tsv:1, status.wave3.frame-defects.tsv:12 is a frame-defect row that names every frame a drawn defect appears on; per SCHEMA frame-defect means the FRAME is wrong and the code is right, so it coexists with an implementation verdict rather than contradicting it. Implementation verdict 'partial' stands; the defect stays separately visible to design. ALSO: NEITHER ROW IS WRONG - different deliverables. status.wave2.games-pagesections.tsv:6 verdicts a <Game>PageSections.tsx sub-deliverable, not the frame; the game widget is 'partial' while that one section file is not-started.
Casino > Video Poker [9738-13811]	partial	modules/skai-gaming/src/components/play/games/cards/VideoPokerGame.tsx (+ cards/videopoker/); page shell modules/skai-gaming/src/pages/play/VideoPokerPage.tsx (34 lines, RoutedGamePage wrapper); rail points-game vp_deal/vp_draw	/play/video-poker (src/App.tsx:1664, GeoRestrictedRoute feature="play" -> VideoPokerPage)	[DEFECT-SCOPE] [scope:in-scope] [was: frame-defect vs partial] NEITHER ROW IS WRONG - different scopes on one frame. status.wave3.frame-defects.tsv:1 is a frame-defect row that names every frame a drawn defect appears on; per SCHEMA frame-defect means the FRAME is wrong and the code is right, so it coexists with an implementation verdict rather than contradicting it. Implementation verdict 'partial' stands; the defect stays separately visible to design. ALSO: NEITHER ROW IS WRONG - different deliverables. status.wave2.games-pagesections.tsv:6 verdicts a <Game>PageSections.tsx sub-deliverable, not the frame; the game widget is 'partial' while that one section file is not-started.
Casino > Video Poker [9760-9610]	partial	modules/skai-gaming/src/components/play/games/cards/VideoPokerGame.tsx	/play/video-poker	[DEFECT-SCOPE] [scope:in-scope] [was: frame-defect vs partial] NEITHER ROW IS WRONG - different scopes on one frame. status.wave3.frame-defects.tsv:1 is a frame-defect row that names every frame a drawn defect appears on; per SCHEMA frame-defect means the FRAME is wrong and the code is right, so it coexists with an implementation verdict rather than contradicting it. Implementation verdict 'partial' stands; the defect stays separately visible to design.
Casino > Baccarat [9799-16713]	partial	modules/skai-gaming/src/components/play/games/cards/BaccaratGame.tsx (+ baccaratFeltParity.test.tsx); rails supabase/functions/points-game/index.ts play_baccarat and supabase/functions/game-settlement/index.ts case 'baccarat'	- (NO /play/baccarat route; reachable only as a modal from Play.tsx:2201-2202 case "baccarat" and PlayTable.tsx:234)	[SUB-DELIVERABLE] [scope:in-scope] [was: not-started vs partial] NEITHER ROW IS WRONG - different deliverables. status.wave2.games-pagesections.tsv:7 verdicts a <Game>PageSections.tsx sub-deliverable, not the frame; the game widget is 'partial' while that one section file is not-started.
Casino > Baccarat [9799-18183]	partial	modules/skai-gaming/src/components/play/games/cards/BaccaratGame.tsx (+ baccaratFeltParity.test.tsx); rails supabase/functions/points-game/index.ts play_baccarat and supabase/functions/game-settlement/index.ts case 'baccarat'	- (NO /play/baccarat route; reachable only as a modal from Play.tsx:2201-2202 case "baccarat" and PlayTable.tsx:234)	[SUB-DELIVERABLE] [scope:in-scope] [was: not-started vs partial] NEITHER ROW IS WRONG - different deliverables. status.wave2.games-pagesections.tsv:7 verdicts a <Game>PageSections.tsx sub-deliverable, not the frame; the game widget is 'partial' while that one section file is not-started.
Casino > Baccarat [10250-14407]	partial	modules/skai-gaming/src/components/play/games/cards/BaccaratGame.tsx (+ baccaratFeltParity.test.tsx); rails supabase/functions/points-game/index.ts play_baccarat and supabase/functions/game-settlement/index.ts case 'baccarat'	- (NO /play/baccarat route; reachable only as a modal from Play.tsx:2201-2202 case "baccarat" and PlayTable.tsx:234)	[SUB-DELIVERABLE] [scope:in-scope] [was: not-started vs partial] NEITHER ROW IS WRONG - different deliverables. status.wave2.games-pagesections.tsv:7 verdicts a <Game>PageSections.tsx sub-deliverable, not the frame; the game widget is 'partial' while that one section file is not-started.
Casino > Rock Paper Scissors [9907-1595]	partial	modules/skai-gaming/src/components/play/games/instant/RockPaperScissorsGame.tsx (+ instant/rps/); page shell modules/skai-gaming/src/pages/play/RockPaperScissorsPage.tsx (40 lines, RoutedGamePage wrapper); rail points-game play_rps	/play/rock-paper-scissors (src/App.tsx:1679; ROUTED_GAME_PATHS maps tile id `rps` -> this path)	[DEFECT-SCOPE] [scope:in-scope] [was: frame-defect vs partial] NEITHER ROW IS WRONG - different scopes on one frame. status.wave3.frame-defects.tsv:10 is a frame-defect row that names every frame a drawn defect appears on; per SCHEMA frame-defect means the FRAME is wrong and the code is right, so it coexists with an implementation verdict rather than contradicting it. Implementation verdict 'partial' stands; the defect stays separately visible to design. ALSO: NEITHER ROW IS WRONG - different deliverables. status.wave2.games-pagesections.tsv:4 verdicts a <Game>PageSections.tsx sub-deliverable, not the frame; the game widget is 'partial' while that one section file is not-started.
Casino > Rock Paper Scissors [9907-2356]	partial	modules/skai-gaming/src/components/play/games/instant/RockPaperScissorsGame.tsx (+ instant/rps/); page shell modules/skai-gaming/src/pages/play/RockPaperScissorsPage.tsx (40 lines, RoutedGamePage wrapper); rail points-game play_rps	/play/rock-paper-scissors (src/App.tsx:1679; ROUTED_GAME_PATHS maps tile id `rps` -> this path)	[DEFECT-SCOPE] [scope:in-scope] [was: frame-defect vs partial] NEITHER ROW IS WRONG - different scopes on one frame. status.wave3.frame-defects.tsv:10 is a frame-defect row that names every frame a drawn defect appears on; per SCHEMA frame-defect means the FRAME is wrong and the code is right, so it coexists with an implementation verdict rather than contradicting it. Implementation verdict 'partial' stands; the defect stays separately visible to design. ALSO: NEITHER ROW IS WRONG - different deliverables. status.wave2.games-pagesections.tsv:4 verdicts a <Game>PageSections.tsx sub-deliverable, not the frame; the game widget is 'partial' while that one section file is not-started.
Casino > Price Grid [10030-30838]	partial	modules/skai-gaming/src/components/play/games/price-grid/ (PriceGridGame.tsx, PriceGrid.tsx, PriceGridCell.tsx, PriceGridPanels.tsx, PriceGridPriceLine.tsx, PriceGridMiniChart.tsx, PriceGridWinAnimation.tsx, priceGridTheme.ts); page shell modules/skai-gaming/src/pages/play/PlayPriceGrid.tsx; rail supabase/functions/game-settlement/index.ts action price_grid_settle (:13275)	/play/price-grid (src/App.tsx:1717, GeoRestrictedRoute feature="play" -> PlayPriceGrid)	[DEFECT-SCOPE] [scope:in-scope] [was: frame-defect vs not-started vs partial] NEITHER ROW IS WRONG - different scopes on one frame. status.wave3.frame-defects.tsv:8, status.wave3.frame-defects.tsv:9, status.wave3.frame-defects.tsv:12 is a frame-defect row that names every frame a drawn defect appears on; per SCHEMA frame-defect means the FRAME is wrong and the code is right, so it coexists with an implementation verdict rather than contradicting it. Implementation verdict 'partial' stands; the defect stays separately visible to design. ALSO: NEITHER ROW IS WRONG - different deliverables. status.wave2.games-pagesections.tsv:8 verdicts a <Game>PageSections.tsx sub-deliverable, not the frame; the game widget is 'partial' while that one section file is not-started.
Casino > Price Grid [9907-8770]	partial	modules/skai-gaming/src/components/play/games/price-grid/ (PriceGridGame.tsx, PriceGrid.tsx, PriceGridCell.tsx, PriceGridPanels.tsx, PriceGridPriceLine.tsx, PriceGridMiniChart.tsx, PriceGridWinAnimation.tsx, priceGridTheme.ts); page shell modules/skai-gaming/src/pages/play/PlayPriceGrid.tsx; rail supabase/functions/game-settlement/index.ts action price_grid_settle (:13275)	/play/price-grid (src/App.tsx:1717, GeoRestrictedRoute feature="play" -> PlayPriceGrid)	[DEFECT-SCOPE] [scope:in-scope] [was: frame-defect vs not-started vs partial] NEITHER ROW IS WRONG - different scopes on one frame. status.wave3.frame-defects.tsv:8, status.wave3.frame-defects.tsv:9 is a frame-defect row that names every frame a drawn defect appears on; per SCHEMA frame-defect means the FRAME is wrong and the code is right, so it coexists with an implementation verdict rather than contradicting it. Implementation verdict 'partial' stands; the defect stays separately visible to design. ALSO: NEITHER ROW IS WRONG - different deliverables. status.wave2.games-pagesections.tsv:8 verdicts a <Game>PageSections.tsx sub-deliverable, not the frame; the game widget is 'partial' while that one section file is not-started.
Casino > Price Grid [10030-39086]	partial	modules/skai-gaming/src/components/play/games/price-grid/ (PriceGridGame.tsx, PriceGrid.tsx, PriceGridCell.tsx, PriceGridPanels.tsx, PriceGridPriceLine.tsx, PriceGridMiniChart.tsx, PriceGridWinAnimation.tsx, priceGridTheme.ts); page shell modules/skai-gaming/src/pages/play/PlayPriceGrid.tsx; rail supabase/functions/game-settlement/index.ts action price_grid_settle (:13275)	/play/price-grid (src/App.tsx:1717, GeoRestrictedRoute feature="play" -> PlayPriceGrid)	[DEFECT-SCOPE] [scope:in-scope] [was: frame-defect vs not-started vs partial] NEITHER ROW IS WRONG - different scopes on one frame. status.wave3.frame-defects.tsv:8, status.wave3.frame-defects.tsv:9, status.wave3.frame-defects.tsv:12 is a frame-defect row that names every frame a drawn defect appears on; per SCHEMA frame-defect means the FRAME is wrong and the code is right, so it coexists with an implementation verdict rather than contradicting it. Implementation verdict 'partial' stands; the defect stays separately visible to design. ALSO: NEITHER ROW IS WRONG - different deliverables. status.wave2.games-pagesections.tsv:8 verdicts a <Game>PageSections.tsx sub-deliverable, not the frame; the game widget is 'partial' while that one section file is not-started.
