# key	status	primaryFile	route	reason	bp
# ROUTE COLUMN CORRECTED 2026-09-01 — 53 rows read "/trade/trench (desktop only)", a path no route table serves (it fell through to path="*" -> NotFound). Same file already spelled the sibling surface "/trench" on 33 rows and "/crypto/:symbol" on 16, so the two spellings were the same lane disagreeing with itself. MEASURED against src/App.tsx + the import graph: TradeChart / TransactionsPanel / KOLsPanel / TokenInfoPanel / SimilarTokensPanel are children of TradeTerminal (directly, or via PanelTabs.tsx:39/43/46), TradeTerminal is wrapped by src/pages/trench/TrenchTradeTerminal.tsx, and TradeRouteBranch mounts that at path="/crypto/:symbol" under flag REDESIGN_TRENCH -> corrected to /crypto/:symbol. AlphaTrackerModal corrected to /home instead: its only non-test mount is HomeSidebarExpanded.tsx:233/:3143 and TradeTerminal.tsx:58-62 records its removal from the trade header (report 50ca68be). DEPTH: route table + import graph only. Nothing was re-rendered; status and bp cells untouched.
Trench 1VH [13006-134301]	partial	src/pages/trade/TrenchRedesign.tsx	/trench	Trade 2 page 13006:134300 node data: shell is Header-desktop 1440x56 @(0,0) + sidebar 58x844 @(0,56) + content 1382x844 @(58,56) + Trench scroller 1382x22 @(58,878). Code TrenchShell.tsx wraps content in mx-auto max-w-[1440px] py-3 -> adds 12px top AND bottom padding the frame does NOT have (frame content y starts at exactly 56 = header height, 56+844=900 exact). max-w 1440 also exceeds the frames 1382 content width; it only renders 1382 because the 58px rail already consumed the rest, so the cap is inert rather than correct.	desktop=partial @2026-08-31
Trench - hover 1VH [13006-207638]	partial	src/pages/trade/TrenchRedesign.tsx	/trench	Same shell geometry as 13006-134301 (header 56, rail 58, content 1382x844 @58,56, scroller 1382x22 @58,878) plus a hover state. Shell padding divergence identical (TrenchShell py-3 = 12px absent from frame). Hover treatment not measured.	desktop=partial @2026-08-31
Trench > Alerts - toggle off 1VH [13006-185849]	done	src/components/trench-redesign/discover/AlertsModal.tsx	/trench	Measured off Trade 2 page 13006:134300 node data vs code. Frame: Overlay 1440x900 fill #001615@0.44; modal 564x308 @(438,296) VERTICAL gap 40 pad 24/24/24/24 radius 32 fill #122524; inner Frame 480 516 wide gap 24; footer Frame 203 516x62 gap 8. Code AlertsModal.tsx:112 lg:max-w-[564px]=564, lg:gap-10=40, lg:p-6=24, lg:rounded-[32px]=32, bg-[#122524]; scrim TRENCH_MODAL_OVERLAY_CLASS = bg-[#001615]/[0.44] = exact. Only divergence is the decorative shine ellipse y offset (frame -436, code -top-[190px]); the frame itself is inconsistent there (see 13006-188690 row).	desktop=renders @2026-08-31
Trench > Alerts - toggle on 1VH [13006-188690]	done	src/components/trench-redesign/discover/AlertsModal.tsx	/trench	Same node-data measurement as 13006-185849 with the list expanded: modal 564x572 @(438,164), gap 40, pad 24, radius 32, fill #122524; Frame 480 516x422 gap 24; footer 516x62. All four code values match (564/40/24/32). FRAME INCONSISTENCY, not a code defect: the decorative shine ELLIPSE is 484x484 op 0.19 fill #17f9b4 at y=-342 here but y=-436 in 13006-185849 - a 94px disagreement between two frames of the same modal, so the single code offset -top-[190px] cannot satisfy both. Not worth a change.	desktop=renders @2026-08-31
Trench > Blacklist 1VH [13006-191789]	partial	src/components/trench-redesign/discover/BlacklistModal.tsx	/trench	Measured off 13006:134300 node data. Frame: Overlay 1440x900 #001615@0.44; modal 796x624 @(322,138) VERTICAL gap 16 pad 24/16/24/16 radius 32 fill #122524; body Frame 570 764x248 gap 16; footer Frame 470 764x34 gap 20 pinned to the bottom (566+34=600=624-24 pad). Code BlacklistModal.tsx:193 matches shell exactly: lg:max-w-[796px]=796, lg:gap-4=16, lg:px-4=16 with py-6=24 (24/16/24/16), lg:rounded-[32px]=32, bg-[#122524], scrim bg-[#001615]/[0.44]. ONE measured miss: footer row height 34 matches (py-2 + leading-18) but its gap is 8 (gap-2, BlacklistModal.tsx:306) where the frame reads 20.	desktop=partial @2026-08-31
Trench > Filters 1VH [13006-176980]	done	src/components/trench-redesign/discover/FiltersPanel.tsx	/trench	FIXED THIS WAVE. Measured live off Trade 2 page 13006:134300 node data 2026-08-31: Right menu FRAME x=990 y=8 442x884, VERTICAL itemSpacing 32, padding 24/24/24/24, cornerRadius 24, fill SOLID #122524@0.8; frame has NO Overlay child so it draws no scrim. Shipping code was SheetContent side=right className="bg-[#001615] border-[#123F3C] overflow-y-auto" - the stock right variant, inset-y-0 right-0 h-full sm:max-w-sm = a square-cornered 384px slab welded to three edges (58px narrower than the frame) under Radix bg-black/80. Six sibling panels already used the shared RIGHT_MENU_SHEET_CLASS/RIGHT_MENU_OVERLAY_CLASS; Filters was the only one that did not. Now floats 8px (990+442=1432=1440-8; 8+884=892=900-8), radius 24 (rounded-2xl on OUR scale, not Figmas 2xl=16), padding 24, fill rgba(18,37,36,0.8)+blur 20, scrim transparent. New oracle FiltersPanel.figma.test.tsx: 11 tests, mutation kills 9.	desktop=renders @2026-08-31
Trench > Discover 1VH [13006-168043]	partial	src/components/trench-redesign/discover/DiscoverScreen.tsx	/trench	Measured 13006:134300 node data. Frame: header 1440x56, sidebar 58x844 (padding 12/11/12/11, inner rail 36 wide), major 1382x844 @(58,56) VERTICAL gap 0; inside it a TOP Trench scroller 1382x20 fill #001615, then main 1382x802 whose Frame 521 is 1318 wide @(32,24) VERTICAL gap 24, then a BOTTOM Trench scroller 1382x22 fill #122524. So the frame has TWO scroller strips, top and bottom, with DIFFERENT heights (20 vs 22) and DIFFERENT fills (#001615 vs #122524). Code ships one TrenchScroller with neither fill and a 20px ticker. Content inset 32/24 not verified against DiscoverScreen.	desktop=partial @2026-08-31
Trench > Discover > Trending 1VH [13006-173270]	partial	src/components/trench-redesign/discover/TokenTable.tsx	/trench	Measured 13006:134300 node data. Same shell as 13006-168043. Bottom Trench scroller 1382x22 @(58,878) fill #122524, HORIZONTAL gap 24; its Frame 1 is padding 0/16/0/16 gap 28; the inner scroller frame is 1350x22 padding 2/0/2/0 gap 16. Code TrenchScroller.tsx:78 is flex w-full items-center gap-4 (16, frame says 24 at the root and 28 one level in) with the ticker at h-[20px] py-[2px] (20, frame says 22) and NO bg-[#122524] and NO px-4. Four measured misses on the scroller alone.	desktop=partial @2026-08-31
Trench > Trade 1VH [13006-210576]	partial	src/components/trench-redesign/trade/TradeTerminal.tsx	/crypto/:symbol	Measured live 2026-08-31 off 13006:134300. CONFIRMS the wave-5 grid fix is still correct: main 1382x1429 @(58,56); chart column Frame 443 x=8 w=1047; rail Multi-panel - combined x=1061 w=313 -> outer padding 8, column gap 1061-1047-8=6. Code TradeTerminal.tsx:116 lg:grid-cols-[1fr_313px] lg:gap-1.5 lg:p-2 = 313/6/8 exact. NEW MISS, structural: the frame draws the chart column as THREE SEPARATED radius-16 cards with 6px gaps - Frame 6 header 1047x58 pad 16/16/16/11 fill #122524, Frame 10 stats 1047x58 pad 8/16 fill #001615, TradingView 1047x544 pad 12 gap 8 fill #122524. Code builds one continuous surface: TradeHeader.tsx:222 px-4 py-3 border-b (no radius, no fill, py 12 vs 16, pl 16 vs 11) and TradeChart.tsx:29+48 border-b with lg:h-[420px] against the frames 544 (520 inside its 12px padding).	desktop=partial @2026-08-31
Trench > Trade - layout 2 1VH [13006-212781]	partial	src/components/trench-redesign/trade/TradeTerminal.tsx	/crypto/:symbol	Same main 1382x1429 @(58,56) and same 1047/313/gap-6/pad-8 column geometry as 13006-210576, measured 2026-08-31; grid matches code exactly. Layout-2 difference (order-book placement) not separately measured - in 13006-210576 the Order book node is 277x672 at x=778, i.e. an OVERLAY on the chart column, not a third grid track. Same three-cards-vs-one-surface miss as 13006-210576.	desktop=partial @2026-08-31
Trench > Trade - layout 2 with instant trade 1VH [13006-214989]	partial	src/components/trench-redesign/trade/TradeTerminal.tsx	/crypto/:symbol	Same shell and same 1047/313/6/8 column geometry as 13006-210576 (measured 2026-08-31), plus the instant-trade ticket state. Ticket internals not measured. Same chart-column card miss.	desktop=partial @2026-08-31
Trench > Trade > Instant trade settings 1VH [13006-217349]	done	src/components/trench-redesign/trade/InstantTradeSettingsModal.tsx	/crypto/:symbol	Measured 2026-08-31 off 13006:134300: this frame adds a Right menu FRAME 442x884 @(990,8) to the Trade shell - the SAME node geometry as the Filters frame 13006:176980 (radius 24, padding 24, fill #122524@0.8, no Overlay child so no scrim). InstantTradeSettingsModal.tsx:107-108 already passes RIGHT_MENU_OVERLAY_CLASS + RIGHT_MENU_SHEET_CLASS, which resolve to inset-y-2/right-2 (8px float), sm:max-w-[442px], lg:rounded-2xl=24, lg:p-6=24, bg-[rgba(18,37,36,0.8)] backdrop-blur-[20px], bg-transparent scrim. All six values match the frame.	desktop=renders @2026-08-31
13006:248523	partial	src/pages/trade/Bridge.tsx	/bridge	REGISTRY POINTER IS DEAD: this rows primaryFile was src/pages/trade/TradeUnified.tsx / src/components/trade/BridgeTabPanel.tsx, both DELETED 2026-08-12 (App.tsx:326-341 records it: the 2911-line TradeUnified page plus BridgeTabPanel, BridgeSettingsDrawer and the TradePanel->TradePanelSwap->SwapConfirmDialog chain were removed under report 73a49d9a). 37 Trade 2 rows still cite them. Verified by ls: neither file exists. SUCCESSOR is the routed 1818-line src/pages/trade/Bridge.tsx at /bridge (App.tsx:412,1212), named as the successor in the App.tsx note itself. It is a DIFFERENT design: grid-cols-1 sm:grid-cols-2 gap-4 of semantic-token cards (bg-secondary/15, border-border, rounded-xl, p-5), with none of the frames five measured values - no 506px centred card, no radius 24, no #122524 fill, no gap 48, no 64px #001615 CTA. Bridging works and is routed, so partial not not-started. Card measured live 2026-08-31 off Trade 2 page 13006:134300, all three families share one shape: Frame 642 x=409 w=506 inside main(58,56,1382x828) so 467px each side of the 1440 board (centred on the VIEWPORT, not on the 1382 content area); header row 474x30 gap 16; the card itself 506 wide VERTICAL gap 48 padding 16/16/16/16 radius 24 fill #122524; CTA/button 474x64 padding 20/40/20/40 radius 16 fill #001615. Shell: Header-desktop 1440x56 padding 8/19/8/19 fill #001615, sidebar 58x844 padding 12/11/12/11, and a 1382x16 scroller strip at y=884 fill #122524 (NOTE 16 tall here, where the Trench pages draw 22). Width band 1440.	desktop=partial @2026-08-31
13006:248696	partial	src/pages/trade/Bridge.tsx	/bridge	REGISTRY POINTER IS DEAD: this rows primaryFile was src/pages/trade/TradeUnified.tsx / src/components/trade/BridgeTabPanel.tsx, both DELETED 2026-08-12 (App.tsx:326-341 records it: the 2911-line TradeUnified page plus BridgeTabPanel, BridgeSettingsDrawer and the TradePanel->TradePanelSwap->SwapConfirmDialog chain were removed under report 73a49d9a). 37 Trade 2 rows still cite them. Verified by ls: neither file exists. SUCCESSOR is the routed 1818-line src/pages/trade/Bridge.tsx at /bridge (App.tsx:412,1212), named as the successor in the App.tsx note itself. It is a DIFFERENT design: grid-cols-1 sm:grid-cols-2 gap-4 of semantic-token cards (bg-secondary/15, border-border, rounded-xl, p-5), with none of the frames five measured values - no 506px centred card, no radius 24, no #122524 fill, no gap 48, no 64px #001615 CTA. Bridging works and is routed, so partial not not-started. Card measured live 2026-08-31 off Trade 2 page 13006:134300, all three families share one shape: Frame 642 x=409 w=506 inside main(58,56,1382x828) so 467px each side of the 1440 board (centred on the VIEWPORT, not on the 1382 content area); header row 474x30 gap 16; the card itself 506 wide VERTICAL gap 48 padding 16/16/16/16 radius 24 fill #122524; CTA/button 474x64 padding 20/40/20/40 radius 16 fill #001615. Shell: Header-desktop 1440x56 padding 8/19/8/19 fill #001615, sidebar 58x844 padding 12/11/12/11, and a 1382x16 scroller strip at y=884 fill #122524 (NOTE 16 tall here, where the Trench pages draw 22). Width band 1440.	desktop=partial @2026-08-31
13006:248937	partial	src/pages/trade/Bridge.tsx	/bridge	REGISTRY POINTER IS DEAD: this rows primaryFile was src/pages/trade/TradeUnified.tsx / src/components/trade/BridgeTabPanel.tsx, both DELETED 2026-08-12 (App.tsx:326-341 records it: the 2911-line TradeUnified page plus BridgeTabPanel, BridgeSettingsDrawer and the TradePanel->TradePanelSwap->SwapConfirmDialog chain were removed under report 73a49d9a). 37 Trade 2 rows still cite them. Verified by ls: neither file exists. SUCCESSOR is the routed 1818-line src/pages/trade/Bridge.tsx at /bridge (App.tsx:412,1212), named as the successor in the App.tsx note itself. It is a DIFFERENT design: grid-cols-1 sm:grid-cols-2 gap-4 of semantic-token cards (bg-secondary/15, border-border, rounded-xl, p-5), with none of the frames five measured values - no 506px centred card, no radius 24, no #122524 fill, no gap 48, no 64px #001615 CTA. Bridging works and is routed, so partial not not-started. Card measured live 2026-08-31 off Trade 2 page 13006:134300, all three families share one shape: Frame 642 x=409 w=506 inside main(58,56,1382x828) so 467px each side of the 1440 board (centred on the VIEWPORT, not on the 1382 content area); header row 474x30 gap 16; the card itself 506 wide VERTICAL gap 48 padding 16/16/16/16 radius 24 fill #122524; CTA/button 474x64 padding 20/40/20/40 radius 16 fill #001615. Shell: Header-desktop 1440x56 padding 8/19/8/19 fill #001615, sidebar 58x844 padding 12/11/12/11, and a 1382x16 scroller strip at y=884 fill #122524 (NOTE 16 tall here, where the Trench pages draw 22). Width band 1440.	desktop=partial @2026-08-31
13006:249115	partial	src/pages/trade/Bridge.tsx	/bridge	REGISTRY POINTER IS DEAD: this rows primaryFile was src/pages/trade/TradeUnified.tsx / src/components/trade/BridgeTabPanel.tsx, both DELETED 2026-08-12 (App.tsx:326-341 records it: the 2911-line TradeUnified page plus BridgeTabPanel, BridgeSettingsDrawer and the TradePanel->TradePanelSwap->SwapConfirmDialog chain were removed under report 73a49d9a). 37 Trade 2 rows still cite them. Verified by ls: neither file exists. SUCCESSOR is the routed 1818-line src/pages/trade/Bridge.tsx at /bridge (App.tsx:412,1212), named as the successor in the App.tsx note itself. It is a DIFFERENT design: grid-cols-1 sm:grid-cols-2 gap-4 of semantic-token cards (bg-secondary/15, border-border, rounded-xl, p-5), with none of the frames five measured values - no 506px centred card, no radius 24, no #122524 fill, no gap 48, no 64px #001615 CTA. Bridging works and is routed, so partial not not-started. Card measured live 2026-08-31 off Trade 2 page 13006:134300, all three families share one shape: Frame 642 x=409 w=506 inside main(58,56,1382x828) so 467px each side of the 1440 board (centred on the VIEWPORT, not on the 1382 content area); header row 474x30 gap 16; the card itself 506 wide VERTICAL gap 48 padding 16/16/16/16 radius 24 fill #122524; CTA/button 474x64 padding 20/40/20/40 radius 16 fill #001615. Shell: Header-desktop 1440x56 padding 8/19/8/19 fill #001615, sidebar 58x844 padding 12/11/12/11, and a 1382x16 scroller strip at y=884 fill #122524 (NOTE 16 tall here, where the Trench pages draw 22). Width band 1440.	desktop=partial @2026-08-31
13006:249356	partial	src/pages/trade/Bridge.tsx	/bridge	REGISTRY POINTER IS DEAD: this rows primaryFile was src/pages/trade/TradeUnified.tsx / src/components/trade/BridgeTabPanel.tsx, both DELETED 2026-08-12 (App.tsx:326-341 records it: the 2911-line TradeUnified page plus BridgeTabPanel, BridgeSettingsDrawer and the TradePanel->TradePanelSwap->SwapConfirmDialog chain were removed under report 73a49d9a). 37 Trade 2 rows still cite them. Verified by ls: neither file exists. SUCCESSOR is the routed 1818-line src/pages/trade/Bridge.tsx at /bridge (App.tsx:412,1212), named as the successor in the App.tsx note itself. It is a DIFFERENT design: grid-cols-1 sm:grid-cols-2 gap-4 of semantic-token cards (bg-secondary/15, border-border, rounded-xl, p-5), with none of the frames five measured values - no 506px centred card, no radius 24, no #122524 fill, no gap 48, no 64px #001615 CTA. Bridging works and is routed, so partial not not-started. Card measured live 2026-08-31 off Trade 2 page 13006:134300, all three families share one shape: Frame 642 x=409 w=506 inside main(58,56,1382x828) so 467px each side of the 1440 board (centred on the VIEWPORT, not on the 1382 content area); header row 474x30 gap 16; the card itself 506 wide VERTICAL gap 48 padding 16/16/16/16 radius 24 fill #122524; CTA/button 474x64 padding 20/40/20/40 radius 16 fill #001615. Shell: Header-desktop 1440x56 padding 8/19/8/19 fill #001615, sidebar 58x844 padding 12/11/12/11, and a 1382x16 scroller strip at y=884 fill #122524 (NOTE 16 tall here, where the Trench pages draw 22). Width band 1440.	desktop=partial @2026-08-31
13006:254357	partial	src/pages/trade/Bridge.tsx	/bridge	REGISTRY POINTER IS DEAD: this rows primaryFile was src/pages/trade/TradeUnified.tsx / src/components/trade/BridgeTabPanel.tsx, both DELETED 2026-08-12 (App.tsx:326-341 records it: the 2911-line TradeUnified page plus BridgeTabPanel, BridgeSettingsDrawer and the TradePanel->TradePanelSwap->SwapConfirmDialog chain were removed under report 73a49d9a). 37 Trade 2 rows still cite them. Verified by ls: neither file exists. SUCCESSOR is the routed 1818-line src/pages/trade/Bridge.tsx at /bridge (App.tsx:412,1212), named as the successor in the App.tsx note itself. It is a DIFFERENT design: grid-cols-1 sm:grid-cols-2 gap-4 of semantic-token cards (bg-secondary/15, border-border, rounded-xl, p-5), with none of the frames five measured values - no 506px centred card, no radius 24, no #122524 fill, no gap 48, no 64px #001615 CTA. Bridging works and is routed, so partial not not-started. Card measured live 2026-08-31 off Trade 2 page 13006:134300, all three families share one shape: Frame 642 x=409 w=506 inside main(58,56,1382x828) so 467px each side of the 1440 board (centred on the VIEWPORT, not on the 1382 content area); header row 474x30 gap 16; the card itself 506 wide VERTICAL gap 48 padding 16/16/16/16 radius 24 fill #122524; CTA/button 474x64 padding 20/40/20/40 radius 16 fill #001615. Shell: Header-desktop 1440x56 padding 8/19/8/19 fill #001615, sidebar 58x844 padding 12/11/12/11, and a 1382x16 scroller strip at y=884 fill #122524 (NOTE 16 tall here, where the Trench pages draw 22). Width band 375.	mobile=partial @2026-08-31
13006:254475	partial	src/pages/trade/Bridge.tsx	/bridge	REGISTRY POINTER IS DEAD: this rows primaryFile was src/pages/trade/TradeUnified.tsx / src/components/trade/BridgeTabPanel.tsx, both DELETED 2026-08-12 (App.tsx:326-341 records it: the 2911-line TradeUnified page plus BridgeTabPanel, BridgeSettingsDrawer and the TradePanel->TradePanelSwap->SwapConfirmDialog chain were removed under report 73a49d9a). 37 Trade 2 rows still cite them. Verified by ls: neither file exists. SUCCESSOR is the routed 1818-line src/pages/trade/Bridge.tsx at /bridge (App.tsx:412,1212), named as the successor in the App.tsx note itself. It is a DIFFERENT design: grid-cols-1 sm:grid-cols-2 gap-4 of semantic-token cards (bg-secondary/15, border-border, rounded-xl, p-5), with none of the frames five measured values - no 506px centred card, no radius 24, no #122524 fill, no gap 48, no 64px #001615 CTA. Bridging works and is routed, so partial not not-started. Card measured live 2026-08-31 off Trade 2 page 13006:134300, all three families share one shape: Frame 642 x=409 w=506 inside main(58,56,1382x828) so 467px each side of the 1440 board (centred on the VIEWPORT, not on the 1382 content area); header row 474x30 gap 16; the card itself 506 wide VERTICAL gap 48 padding 16/16/16/16 radius 24 fill #122524; CTA/button 474x64 padding 20/40/20/40 radius 16 fill #001615. Shell: Header-desktop 1440x56 padding 8/19/8/19 fill #001615, sidebar 58x844 padding 12/11/12/11, and a 1382x16 scroller strip at y=884 fill #122524 (NOTE 16 tall here, where the Trench pages draw 22). Width band 375.	mobile=partial @2026-08-31
13006:254593	partial	src/pages/trade/Bridge.tsx	/bridge	REGISTRY POINTER IS DEAD: this rows primaryFile was src/pages/trade/TradeUnified.tsx / src/components/trade/BridgeTabPanel.tsx, both DELETED 2026-08-12 (App.tsx:326-341 records it: the 2911-line TradeUnified page plus BridgeTabPanel, BridgeSettingsDrawer and the TradePanel->TradePanelSwap->SwapConfirmDialog chain were removed under report 73a49d9a). 37 Trade 2 rows still cite them. Verified by ls: neither file exists. SUCCESSOR is the routed 1818-line src/pages/trade/Bridge.tsx at /bridge (App.tsx:412,1212), named as the successor in the App.tsx note itself. It is a DIFFERENT design: grid-cols-1 sm:grid-cols-2 gap-4 of semantic-token cards (bg-secondary/15, border-border, rounded-xl, p-5), with none of the frames five measured values - no 506px centred card, no radius 24, no #122524 fill, no gap 48, no 64px #001615 CTA. Bridging works and is routed, so partial not not-started. Card measured live 2026-08-31 off Trade 2 page 13006:134300, all three families share one shape: Frame 642 x=409 w=506 inside main(58,56,1382x828) so 467px each side of the 1440 board (centred on the VIEWPORT, not on the 1382 content area); header row 474x30 gap 16; the card itself 506 wide VERTICAL gap 48 padding 16/16/16/16 radius 24 fill #122524; CTA/button 474x64 padding 20/40/20/40 radius 16 fill #001615. Shell: Header-desktop 1440x56 padding 8/19/8/19 fill #001615, sidebar 58x844 padding 12/11/12/11, and a 1382x16 scroller strip at y=884 fill #122524 (NOTE 16 tall here, where the Trench pages draw 22). Width band 375.	mobile=partial @2026-08-31
13006:254715	partial	src/pages/trade/Bridge.tsx	/bridge	REGISTRY POINTER IS DEAD: this rows primaryFile was src/pages/trade/TradeUnified.tsx / src/components/trade/BridgeTabPanel.tsx, both DELETED 2026-08-12 (App.tsx:326-341 records it: the 2911-line TradeUnified page plus BridgeTabPanel, BridgeSettingsDrawer and the TradePanel->TradePanelSwap->SwapConfirmDialog chain were removed under report 73a49d9a). 37 Trade 2 rows still cite them. Verified by ls: neither file exists. SUCCESSOR is the routed 1818-line src/pages/trade/Bridge.tsx at /bridge (App.tsx:412,1212), named as the successor in the App.tsx note itself. It is a DIFFERENT design: grid-cols-1 sm:grid-cols-2 gap-4 of semantic-token cards (bg-secondary/15, border-border, rounded-xl, p-5), with none of the frames five measured values - no 506px centred card, no radius 24, no #122524 fill, no gap 48, no 64px #001615 CTA. Bridging works and is routed, so partial not not-started. Card measured live 2026-08-31 off Trade 2 page 13006:134300, all three families share one shape: Frame 642 x=409 w=506 inside main(58,56,1382x828) so 467px each side of the 1440 board (centred on the VIEWPORT, not on the 1382 content area); header row 474x30 gap 16; the card itself 506 wide VERTICAL gap 48 padding 16/16/16/16 radius 24 fill #122524; CTA/button 474x64 padding 20/40/20/40 radius 16 fill #001615. Shell: Header-desktop 1440x56 padding 8/19/8/19 fill #001615, sidebar 58x844 padding 12/11/12/11, and a 1382x16 scroller strip at y=884 fill #122524 (NOTE 16 tall here, where the Trench pages draw 22). Width band 375.	mobile=partial @2026-08-31
13006:254837	partial	src/pages/trade/Bridge.tsx	/bridge	REGISTRY POINTER IS DEAD: this rows primaryFile was src/pages/trade/TradeUnified.tsx / src/components/trade/BridgeTabPanel.tsx, both DELETED 2026-08-12 (App.tsx:326-341 records it: the 2911-line TradeUnified page plus BridgeTabPanel, BridgeSettingsDrawer and the TradePanel->TradePanelSwap->SwapConfirmDialog chain were removed under report 73a49d9a). 37 Trade 2 rows still cite them. Verified by ls: neither file exists. SUCCESSOR is the routed 1818-line src/pages/trade/Bridge.tsx at /bridge (App.tsx:412,1212), named as the successor in the App.tsx note itself. It is a DIFFERENT design: grid-cols-1 sm:grid-cols-2 gap-4 of semantic-token cards (bg-secondary/15, border-border, rounded-xl, p-5), with none of the frames five measured values - no 506px centred card, no radius 24, no #122524 fill, no gap 48, no 64px #001615 CTA. Bridging works and is routed, so partial not not-started. Card measured live 2026-08-31 off Trade 2 page 13006:134300, all three families share one shape: Frame 642 x=409 w=506 inside main(58,56,1382x828) so 467px each side of the 1440 board (centred on the VIEWPORT, not on the 1382 content area); header row 474x30 gap 16; the card itself 506 wide VERTICAL gap 48 padding 16/16/16/16 radius 24 fill #122524; CTA/button 474x64 padding 20/40/20/40 radius 16 fill #001615. Shell: Header-desktop 1440x56 padding 8/19/8/19 fill #001615, sidebar 58x844 padding 12/11/12/11, and a 1382x16 scroller strip at y=884 fill #122524 (NOTE 16 tall here, where the Trench pages draw 22). Width band 375.	mobile=partial @2026-08-31
13006:257186	partial	src/pages/trade/Bridge.tsx	/bridge	REGISTRY POINTER IS DEAD: this rows primaryFile was src/pages/trade/TradeUnified.tsx / src/components/trade/BridgeTabPanel.tsx, both DELETED 2026-08-12 (App.tsx:326-341 records it: the 2911-line TradeUnified page plus BridgeTabPanel, BridgeSettingsDrawer and the TradePanel->TradePanelSwap->SwapConfirmDialog chain were removed under report 73a49d9a). 37 Trade 2 rows still cite them. Verified by ls: neither file exists. SUCCESSOR is the routed 1818-line src/pages/trade/Bridge.tsx at /bridge (App.tsx:412,1212), named as the successor in the App.tsx note itself. It is a DIFFERENT design: grid-cols-1 sm:grid-cols-2 gap-4 of semantic-token cards (bg-secondary/15, border-border, rounded-xl, p-5), with none of the frames five measured values - no 506px centred card, no radius 24, no #122524 fill, no gap 48, no 64px #001615 CTA. Bridging works and is routed, so partial not not-started. Card measured live 2026-08-31 off Trade 2 page 13006:134300, all three families share one shape: Frame 642 x=409 w=506 inside main(58,56,1382x828) so 467px each side of the 1440 board (centred on the VIEWPORT, not on the 1382 content area); header row 474x30 gap 16; the card itself 506 wide VERTICAL gap 48 padding 16/16/16/16 radius 24 fill #122524; CTA/button 474x64 padding 20/40/20/40 radius 16 fill #001615. Shell: Header-desktop 1440x56 padding 8/19/8/19 fill #001615, sidebar 58x844 padding 12/11/12/11, and a 1382x16 scroller strip at y=884 fill #122524 (NOTE 16 tall here, where the Trench pages draw 22). Width band 768.	tablet=partial @2026-08-31
13006:257333	partial	src/pages/trade/Bridge.tsx	/bridge	REGISTRY POINTER IS DEAD: this rows primaryFile was src/pages/trade/TradeUnified.tsx / src/components/trade/BridgeTabPanel.tsx, both DELETED 2026-08-12 (App.tsx:326-341 records it: the 2911-line TradeUnified page plus BridgeTabPanel, BridgeSettingsDrawer and the TradePanel->TradePanelSwap->SwapConfirmDialog chain were removed under report 73a49d9a). 37 Trade 2 rows still cite them. Verified by ls: neither file exists. SUCCESSOR is the routed 1818-line src/pages/trade/Bridge.tsx at /bridge (App.tsx:412,1212), named as the successor in the App.tsx note itself. It is a DIFFERENT design: grid-cols-1 sm:grid-cols-2 gap-4 of semantic-token cards (bg-secondary/15, border-border, rounded-xl, p-5), with none of the frames five measured values - no 506px centred card, no radius 24, no #122524 fill, no gap 48, no 64px #001615 CTA. Bridging works and is routed, so partial not not-started. Card measured live 2026-08-31 off Trade 2 page 13006:134300, all three families share one shape: Frame 642 x=409 w=506 inside main(58,56,1382x828) so 467px each side of the 1440 board (centred on the VIEWPORT, not on the 1382 content area); header row 474x30 gap 16; the card itself 506 wide VERTICAL gap 48 padding 16/16/16/16 radius 24 fill #122524; CTA/button 474x64 padding 20/40/20/40 radius 16 fill #001615. Shell: Header-desktop 1440x56 padding 8/19/8/19 fill #001615, sidebar 58x844 padding 12/11/12/11, and a 1382x16 scroller strip at y=884 fill #122524 (NOTE 16 tall here, where the Trench pages draw 22). Width band 768.	tablet=partial @2026-08-31
13006:257484	partial	src/pages/trade/Bridge.tsx	/bridge	REGISTRY POINTER IS DEAD: this rows primaryFile was src/pages/trade/TradeUnified.tsx / src/components/trade/BridgeTabPanel.tsx, both DELETED 2026-08-12 (App.tsx:326-341 records it: the 2911-line TradeUnified page plus BridgeTabPanel, BridgeSettingsDrawer and the TradePanel->TradePanelSwap->SwapConfirmDialog chain were removed under report 73a49d9a). 37 Trade 2 rows still cite them. Verified by ls: neither file exists. SUCCESSOR is the routed 1818-line src/pages/trade/Bridge.tsx at /bridge (App.tsx:412,1212), named as the successor in the App.tsx note itself. It is a DIFFERENT design: grid-cols-1 sm:grid-cols-2 gap-4 of semantic-token cards (bg-secondary/15, border-border, rounded-xl, p-5), with none of the frames five measured values - no 506px centred card, no radius 24, no #122524 fill, no gap 48, no 64px #001615 CTA. Bridging works and is routed, so partial not not-started. Card measured live 2026-08-31 off Trade 2 page 13006:134300, all three families share one shape: Frame 642 x=409 w=506 inside main(58,56,1382x828) so 467px each side of the 1440 board (centred on the VIEWPORT, not on the 1382 content area); header row 474x30 gap 16; the card itself 506 wide VERTICAL gap 48 padding 16/16/16/16 radius 24 fill #122524; CTA/button 474x64 padding 20/40/20/40 radius 16 fill #001615. Shell: Header-desktop 1440x56 padding 8/19/8/19 fill #001615, sidebar 58x844 padding 12/11/12/11, and a 1382x16 scroller strip at y=884 fill #122524 (NOTE 16 tall here, where the Trench pages draw 22). Width band 768.	tablet=partial @2026-08-31
13006:257631	partial	src/pages/trade/Bridge.tsx	/bridge	REGISTRY POINTER IS DEAD: this rows primaryFile was src/pages/trade/TradeUnified.tsx / src/components/trade/BridgeTabPanel.tsx, both DELETED 2026-08-12 (App.tsx:326-341 records it: the 2911-line TradeUnified page plus BridgeTabPanel, BridgeSettingsDrawer and the TradePanel->TradePanelSwap->SwapConfirmDialog chain were removed under report 73a49d9a). 37 Trade 2 rows still cite them. Verified by ls: neither file exists. SUCCESSOR is the routed 1818-line src/pages/trade/Bridge.tsx at /bridge (App.tsx:412,1212), named as the successor in the App.tsx note itself. It is a DIFFERENT design: grid-cols-1 sm:grid-cols-2 gap-4 of semantic-token cards (bg-secondary/15, border-border, rounded-xl, p-5), with none of the frames five measured values - no 506px centred card, no radius 24, no #122524 fill, no gap 48, no 64px #001615 CTA. Bridging works and is routed, so partial not not-started. Card measured live 2026-08-31 off Trade 2 page 13006:134300, all three families share one shape: Frame 642 x=409 w=506 inside main(58,56,1382x828) so 467px each side of the 1440 board (centred on the VIEWPORT, not on the 1382 content area); header row 474x30 gap 16; the card itself 506 wide VERTICAL gap 48 padding 16/16/16/16 radius 24 fill #122524; CTA/button 474x64 padding 20/40/20/40 radius 16 fill #001615. Shell: Header-desktop 1440x56 padding 8/19/8/19 fill #001615, sidebar 58x844 padding 12/11/12/11, and a 1382x16 scroller strip at y=884 fill #122524 (NOTE 16 tall here, where the Trench pages draw 22). Width band 768.	tablet=partial @2026-08-31
13006:257782	partial	src/pages/trade/Bridge.tsx	/bridge	REGISTRY POINTER IS DEAD: this rows primaryFile was src/pages/trade/TradeUnified.tsx / src/components/trade/BridgeTabPanel.tsx, both DELETED 2026-08-12 (App.tsx:326-341 records it: the 2911-line TradeUnified page plus BridgeTabPanel, BridgeSettingsDrawer and the TradePanel->TradePanelSwap->SwapConfirmDialog chain were removed under report 73a49d9a). 37 Trade 2 rows still cite them. Verified by ls: neither file exists. SUCCESSOR is the routed 1818-line src/pages/trade/Bridge.tsx at /bridge (App.tsx:412,1212), named as the successor in the App.tsx note itself. It is a DIFFERENT design: grid-cols-1 sm:grid-cols-2 gap-4 of semantic-token cards (bg-secondary/15, border-border, rounded-xl, p-5), with none of the frames five measured values - no 506px centred card, no radius 24, no #122524 fill, no gap 48, no 64px #001615 CTA. Bridging works and is routed, so partial not not-started. Card measured live 2026-08-31 off Trade 2 page 13006:134300, all three families share one shape: Frame 642 x=409 w=506 inside main(58,56,1382x828) so 467px each side of the 1440 board (centred on the VIEWPORT, not on the 1382 content area); header row 474x30 gap 16; the card itself 506 wide VERTICAL gap 48 padding 16/16/16/16 radius 24 fill #122524; CTA/button 474x64 padding 20/40/20/40 radius 16 fill #001615. Shell: Header-desktop 1440x56 padding 8/19/8/19 fill #001615, sidebar 58x844 padding 12/11/12/11, and a 1382x16 scroller strip at y=884 fill #122524 (NOTE 16 tall here, where the Trench pages draw 22). Width band 768.	tablet=partial @2026-08-31
13006:248255	partial	src/pages/trade/PerpTrading.tsx	/trade/perps	REGISTRY POINTER IS DEAD: this rows primaryFile was src/pages/trade/TradeUnified.tsx / src/components/trade/BridgeTabPanel.tsx, both DELETED 2026-08-12 (App.tsx:326-341 records it: the 2911-line TradeUnified page plus BridgeTabPanel, BridgeSettingsDrawer and the TradePanel->TradePanelSwap->SwapConfirmDialog chain were removed under report 73a49d9a). 37 Trade 2 rows still cite them. Verified by ls: neither file exists. SUCCESSOR is the routed src/pages/trade/PerpTrading.tsx at /trade/perps (App.tsx:399,1208) - the only surviving margin surface. Its card was not measured against the frame this wave; retarget only. Card measured live 2026-08-31 off Trade 2 page 13006:134300, all three families share one shape: Frame 642 x=409 w=506 inside main(58,56,1382x828) so 467px each side of the 1440 board (centred on the VIEWPORT, not on the 1382 content area); header row 474x30 gap 16; the card itself 506 wide VERTICAL gap 48 padding 16/16/16/16 radius 24 fill #122524; CTA/button 474x64 padding 20/40/20/40 radius 16 fill #001615. Shell: Header-desktop 1440x56 padding 8/19/8/19 fill #001615, sidebar 58x844 padding 12/11/12/11, and a 1382x16 scroller strip at y=884 fill #122524 (NOTE 16 tall here, where the Trench pages draw 22). Width band 1440.	desktop=partial @2026-08-31
13006:249562	partial	src/pages/trade/PerpTrading.tsx	/trade/perps	REGISTRY POINTER IS DEAD: this rows primaryFile was src/pages/trade/TradeUnified.tsx / src/components/trade/BridgeTabPanel.tsx, both DELETED 2026-08-12 (App.tsx:326-341 records it: the 2911-line TradeUnified page plus BridgeTabPanel, BridgeSettingsDrawer and the TradePanel->TradePanelSwap->SwapConfirmDialog chain were removed under report 73a49d9a). 37 Trade 2 rows still cite them. Verified by ls: neither file exists. SUCCESSOR is the routed src/pages/trade/PerpTrading.tsx at /trade/perps (App.tsx:399,1208) - the only surviving margin surface. Its card was not measured against the frame this wave; retarget only. Card measured live 2026-08-31 off Trade 2 page 13006:134300, all three families share one shape: Frame 642 x=409 w=506 inside main(58,56,1382x828) so 467px each side of the 1440 board (centred on the VIEWPORT, not on the 1382 content area); header row 474x30 gap 16; the card itself 506 wide VERTICAL gap 48 padding 16/16/16/16 radius 24 fill #122524; CTA/button 474x64 padding 20/40/20/40 radius 16 fill #001615. Shell: Header-desktop 1440x56 padding 8/19/8/19 fill #001615, sidebar 58x844 padding 12/11/12/11, and a 1382x16 scroller strip at y=884 fill #122524 (NOTE 16 tall here, where the Trench pages draw 22). Width band 1440.	desktop=partial @2026-08-31
13006:249767	partial	src/pages/trade/PerpTrading.tsx	/trade/perps	REGISTRY POINTER IS DEAD: this rows primaryFile was src/pages/trade/TradeUnified.tsx / src/components/trade/BridgeTabPanel.tsx, both DELETED 2026-08-12 (App.tsx:326-341 records it: the 2911-line TradeUnified page plus BridgeTabPanel, BridgeSettingsDrawer and the TradePanel->TradePanelSwap->SwapConfirmDialog chain were removed under report 73a49d9a). 37 Trade 2 rows still cite them. Verified by ls: neither file exists. SUCCESSOR is the routed src/pages/trade/PerpTrading.tsx at /trade/perps (App.tsx:399,1208) - the only surviving margin surface. Its card was not measured against the frame this wave; retarget only. Card measured live 2026-08-31 off Trade 2 page 13006:134300, all three families share one shape: Frame 642 x=409 w=506 inside main(58,56,1382x828) so 467px each side of the 1440 board (centred on the VIEWPORT, not on the 1382 content area); header row 474x30 gap 16; the card itself 506 wide VERTICAL gap 48 padding 16/16/16/16 radius 24 fill #122524; CTA/button 474x64 padding 20/40/20/40 radius 16 fill #001615. Shell: Header-desktop 1440x56 padding 8/19/8/19 fill #001615, sidebar 58x844 padding 12/11/12/11, and a 1382x16 scroller strip at y=884 fill #122524 (NOTE 16 tall here, where the Trench pages draw 22). Width band 1440.	desktop=partial @2026-08-31
13006:254133	partial	src/pages/trade/PerpTrading.tsx	/trade/perps	REGISTRY POINTER IS DEAD: this rows primaryFile was src/pages/trade/TradeUnified.tsx / src/components/trade/BridgeTabPanel.tsx, both DELETED 2026-08-12 (App.tsx:326-341 records it: the 2911-line TradeUnified page plus BridgeTabPanel, BridgeSettingsDrawer and the TradePanel->TradePanelSwap->SwapConfirmDialog chain were removed under report 73a49d9a). 37 Trade 2 rows still cite them. Verified by ls: neither file exists. SUCCESSOR is the routed src/pages/trade/PerpTrading.tsx at /trade/perps (App.tsx:399,1208) - the only surviving margin surface. Its card was not measured against the frame this wave; retarget only. Card measured live 2026-08-31 off Trade 2 page 13006:134300, all three families share one shape: Frame 642 x=409 w=506 inside main(58,56,1382x828) so 467px each side of the 1440 board (centred on the VIEWPORT, not on the 1382 content area); header row 474x30 gap 16; the card itself 506 wide VERTICAL gap 48 padding 16/16/16/16 radius 24 fill #122524; CTA/button 474x64 padding 20/40/20/40 radius 16 fill #001615. Shell: Header-desktop 1440x56 padding 8/19/8/19 fill #001615, sidebar 58x844 padding 12/11/12/11, and a 1382x16 scroller strip at y=884 fill #122524 (NOTE 16 tall here, where the Trench pages draw 22). Width band 375.	mobile=partial @2026-08-31
13006:254245	partial	src/pages/trade/PerpTrading.tsx	/trade/perps	REGISTRY POINTER IS DEAD: this rows primaryFile was src/pages/trade/TradeUnified.tsx / src/components/trade/BridgeTabPanel.tsx, both DELETED 2026-08-12 (App.tsx:326-341 records it: the 2911-line TradeUnified page plus BridgeTabPanel, BridgeSettingsDrawer and the TradePanel->TradePanelSwap->SwapConfirmDialog chain were removed under report 73a49d9a). 37 Trade 2 rows still cite them. Verified by ls: neither file exists. SUCCESSOR is the routed src/pages/trade/PerpTrading.tsx at /trade/perps (App.tsx:399,1208) - the only surviving margin surface. Its card was not measured against the frame this wave; retarget only. Card measured live 2026-08-31 off Trade 2 page 13006:134300, all three families share one shape: Frame 642 x=409 w=506 inside main(58,56,1382x828) so 467px each side of the 1440 board (centred on the VIEWPORT, not on the 1382 content area); header row 474x30 gap 16; the card itself 506 wide VERTICAL gap 48 padding 16/16/16/16 radius 24 fill #122524; CTA/button 474x64 padding 20/40/20/40 radius 16 fill #001615. Shell: Header-desktop 1440x56 padding 8/19/8/19 fill #001615, sidebar 58x844 padding 12/11/12/11, and a 1382x16 scroller strip at y=884 fill #122524 (NOTE 16 tall here, where the Trench pages draw 22). Width band 375.	mobile=partial @2026-08-31
13006:255089	partial	src/pages/trade/PerpTrading.tsx	/trade/perps	REGISTRY POINTER IS DEAD: this rows primaryFile was src/pages/trade/TradeUnified.tsx / src/components/trade/BridgeTabPanel.tsx, both DELETED 2026-08-12 (App.tsx:326-341 records it: the 2911-line TradeUnified page plus BridgeTabPanel, BridgeSettingsDrawer and the TradePanel->TradePanelSwap->SwapConfirmDialog chain were removed under report 73a49d9a). 37 Trade 2 rows still cite them. Verified by ls: neither file exists. SUCCESSOR is the routed src/pages/trade/PerpTrading.tsx at /trade/perps (App.tsx:399,1208) - the only surviving margin surface. Its card was not measured against the frame this wave; retarget only. Card measured live 2026-08-31 off Trade 2 page 13006:134300, all three families share one shape: Frame 642 x=409 w=506 inside main(58,56,1382x828) so 467px each side of the 1440 board (centred on the VIEWPORT, not on the 1382 content area); header row 474x30 gap 16; the card itself 506 wide VERTICAL gap 48 padding 16/16/16/16 radius 24 fill #122524; CTA/button 474x64 padding 20/40/20/40 radius 16 fill #001615. Shell: Header-desktop 1440x56 padding 8/19/8/19 fill #001615, sidebar 58x844 padding 12/11/12/11, and a 1382x16 scroller strip at y=884 fill #122524 (NOTE 16 tall here, where the Trench pages draw 22). Width band 375.	mobile=partial @2026-08-31
13006:256889	partial	src/pages/trade/PerpTrading.tsx	/trade/perps	REGISTRY POINTER IS DEAD: this rows primaryFile was src/pages/trade/TradeUnified.tsx / src/components/trade/BridgeTabPanel.tsx, both DELETED 2026-08-12 (App.tsx:326-341 records it: the 2911-line TradeUnified page plus BridgeTabPanel, BridgeSettingsDrawer and the TradePanel->TradePanelSwap->SwapConfirmDialog chain were removed under report 73a49d9a). 37 Trade 2 rows still cite them. Verified by ls: neither file exists. SUCCESSOR is the routed src/pages/trade/PerpTrading.tsx at /trade/perps (App.tsx:399,1208) - the only surviving margin surface. Its card was not measured against the frame this wave; retarget only. Card measured live 2026-08-31 off Trade 2 page 13006:134300, all three families share one shape: Frame 642 x=409 w=506 inside main(58,56,1382x828) so 467px each side of the 1440 board (centred on the VIEWPORT, not on the 1382 content area); header row 474x30 gap 16; the card itself 506 wide VERTICAL gap 48 padding 16/16/16/16 radius 24 fill #122524; CTA/button 474x64 padding 20/40/20/40 radius 16 fill #001615. Shell: Header-desktop 1440x56 padding 8/19/8/19 fill #001615, sidebar 58x844 padding 12/11/12/11, and a 1382x16 scroller strip at y=884 fill #122524 (NOTE 16 tall here, where the Trench pages draw 22). Width band 768.	tablet=partial @2026-08-31
13006:257029	partial	src/pages/trade/PerpTrading.tsx	/trade/perps	REGISTRY POINTER IS DEAD: this rows primaryFile was src/pages/trade/TradeUnified.tsx / src/components/trade/BridgeTabPanel.tsx, both DELETED 2026-08-12 (App.tsx:326-341 records it: the 2911-line TradeUnified page plus BridgeTabPanel, BridgeSettingsDrawer and the TradePanel->TradePanelSwap->SwapConfirmDialog chain were removed under report 73a49d9a). 37 Trade 2 rows still cite them. Verified by ls: neither file exists. SUCCESSOR is the routed src/pages/trade/PerpTrading.tsx at /trade/perps (App.tsx:399,1208) - the only surviving margin surface. Its card was not measured against the frame this wave; retarget only. Card measured live 2026-08-31 off Trade 2 page 13006:134300, all three families share one shape: Frame 642 x=409 w=506 inside main(58,56,1382x828) so 467px each side of the 1440 board (centred on the VIEWPORT, not on the 1382 content area); header row 474x30 gap 16; the card itself 506 wide VERTICAL gap 48 padding 16/16/16/16 radius 24 fill #122524; CTA/button 474x64 padding 20/40/20/40 radius 16 fill #001615. Shell: Header-desktop 1440x56 padding 8/19/8/19 fill #001615, sidebar 58x844 padding 12/11/12/11, and a 1382x16 scroller strip at y=884 fill #122524 (NOTE 16 tall here, where the Trench pages draw 22). Width band 768.	tablet=partial @2026-08-31
13006:258057	partial	src/pages/trade/PerpTrading.tsx	/trade/perps	REGISTRY POINTER IS DEAD: this rows primaryFile was src/pages/trade/TradeUnified.tsx / src/components/trade/BridgeTabPanel.tsx, both DELETED 2026-08-12 (App.tsx:326-341 records it: the 2911-line TradeUnified page plus BridgeTabPanel, BridgeSettingsDrawer and the TradePanel->TradePanelSwap->SwapConfirmDialog chain were removed under report 73a49d9a). 37 Trade 2 rows still cite them. Verified by ls: neither file exists. SUCCESSOR is the routed src/pages/trade/PerpTrading.tsx at /trade/perps (App.tsx:399,1208) - the only surviving margin surface. Its card was not measured against the frame this wave; retarget only. Card measured live 2026-08-31 off Trade 2 page 13006:134300, all three families share one shape: Frame 642 x=409 w=506 inside main(58,56,1382x828) so 467px each side of the 1440 board (centred on the VIEWPORT, not on the 1382 content area); header row 474x30 gap 16; the card itself 506 wide VERTICAL gap 48 padding 16/16/16/16 radius 24 fill #122524; CTA/button 474x64 padding 20/40/20/40 radius 16 fill #001615. Shell: Header-desktop 1440x56 padding 8/19/8/19 fill #001615, sidebar 58x844 padding 12/11/12/11, and a 1382x16 scroller strip at y=884 fill #122524 (NOTE 16 tall here, where the Trench pages draw 22). Width band 768.	tablet=partial @2026-08-31
13006:247883	partial	-	/swap (redirect)	REGISTRY POINTER IS DEAD: this rows primaryFile was src/pages/trade/TradeUnified.tsx / src/components/trade/BridgeTabPanel.tsx, both DELETED 2026-08-12 (App.tsx:326-341 records it: the 2911-line TradeUnified page plus BridgeTabPanel, BridgeSettingsDrawer and the TradePanel->TradePanelSwap->SwapConfirmDialog chain were removed under report 73a49d9a). 37 Trade 2 rows still cite them. Verified by ls: neither file exists. NO SUCCESSOR IN THIS TREE. /swap is now a redirect: SwapDeepLinkRedirect (App.tsx:349) forwards to walletSwapPath, and swap lives only in the embedded wallet popup (WalletMobilePopup) - modules/skai-wallet, outside this lanes ownership. Reported, not retargeted. Card measured live 2026-08-31 off Trade 2 page 13006:134300, all three families share one shape: Frame 642 x=409 w=506 inside main(58,56,1382x828) so 467px each side of the 1440 board (centred on the VIEWPORT, not on the 1382 content area); header row 474x30 gap 16; the card itself 506 wide VERTICAL gap 48 padding 16/16/16/16 radius 24 fill #122524; CTA/button 474x64 padding 20/40/20/40 radius 16 fill #001615. Shell: Header-desktop 1440x56 padding 8/19/8/19 fill #001615, sidebar 58x844 padding 12/11/12/11, and a 1382x16 scroller strip at y=884 fill #122524 (NOTE 16 tall here, where the Trench pages draw 22). Width band 1440.	desktop=partial @2026-08-31
13006:248078	partial	-	/swap (redirect)	REGISTRY POINTER IS DEAD: this rows primaryFile was src/pages/trade/TradeUnified.tsx / src/components/trade/BridgeTabPanel.tsx, both DELETED 2026-08-12 (App.tsx:326-341 records it: the 2911-line TradeUnified page plus BridgeTabPanel, BridgeSettingsDrawer and the TradePanel->TradePanelSwap->SwapConfirmDialog chain were removed under report 73a49d9a). 37 Trade 2 rows still cite them. Verified by ls: neither file exists. NO SUCCESSOR IN THIS TREE. /swap is now a redirect: SwapDeepLinkRedirect (App.tsx:349) forwards to walletSwapPath, and swap lives only in the embedded wallet popup (WalletMobilePopup) - modules/skai-wallet, outside this lanes ownership. Reported, not retargeted. Card measured live 2026-08-31 off Trade 2 page 13006:134300, all three families share one shape: Frame 642 x=409 w=506 inside main(58,56,1382x828) so 467px each side of the 1440 board (centred on the VIEWPORT, not on the 1382 content area); header row 474x30 gap 16; the card itself 506 wide VERTICAL gap 48 padding 16/16/16/16 radius 24 fill #122524; CTA/button 474x64 padding 20/40/20/40 radius 16 fill #001615. Shell: Header-desktop 1440x56 padding 8/19/8/19 fill #001615, sidebar 58x844 padding 12/11/12/11, and a 1382x16 scroller strip at y=884 fill #122524 (NOTE 16 tall here, where the Trench pages draw 22). Width band 1440.	desktop=partial @2026-08-31
13006:250040	partial	-	/swap (redirect)	REGISTRY POINTER IS DEAD: this rows primaryFile was src/pages/trade/TradeUnified.tsx / src/components/trade/BridgeTabPanel.tsx, both DELETED 2026-08-12 (App.tsx:326-341 records it: the 2911-line TradeUnified page plus BridgeTabPanel, BridgeSettingsDrawer and the TradePanel->TradePanelSwap->SwapConfirmDialog chain were removed under report 73a49d9a). 37 Trade 2 rows still cite them. Verified by ls: neither file exists. NO SUCCESSOR IN THIS TREE. /swap is now a redirect: SwapDeepLinkRedirect (App.tsx:349) forwards to walletSwapPath, and swap lives only in the embedded wallet popup (WalletMobilePopup) - modules/skai-wallet, outside this lanes ownership. Reported, not retargeted. Card measured live 2026-08-31 off Trade 2 page 13006:134300, all three families share one shape: Frame 642 x=409 w=506 inside main(58,56,1382x828) so 467px each side of the 1440 board (centred on the VIEWPORT, not on the 1382 content area); header row 474x30 gap 16; the card itself 506 wide VERTICAL gap 48 padding 16/16/16/16 radius 24 fill #122524; CTA/button 474x64 padding 20/40/20/40 radius 16 fill #001615. Shell: Header-desktop 1440x56 padding 8/19/8/19 fill #001615, sidebar 58x844 padding 12/11/12/11, and a 1382x16 scroller strip at y=884 fill #122524 (NOTE 16 tall here, where the Trench pages draw 22). Width band 1440.	desktop=partial @2026-08-31
13006:250217	partial	-	/swap (redirect)	REGISTRY POINTER IS DEAD: this rows primaryFile was src/pages/trade/TradeUnified.tsx / src/components/trade/BridgeTabPanel.tsx, both DELETED 2026-08-12 (App.tsx:326-341 records it: the 2911-line TradeUnified page plus BridgeTabPanel, BridgeSettingsDrawer and the TradePanel->TradePanelSwap->SwapConfirmDialog chain were removed under report 73a49d9a). 37 Trade 2 rows still cite them. Verified by ls: neither file exists. NO SUCCESSOR IN THIS TREE. /swap is now a redirect: SwapDeepLinkRedirect (App.tsx:349) forwards to walletSwapPath, and swap lives only in the embedded wallet popup (WalletMobilePopup) - modules/skai-wallet, outside this lanes ownership. Reported, not retargeted. Card measured live 2026-08-31 off Trade 2 page 13006:134300, all three families share one shape: Frame 642 x=409 w=506 inside main(58,56,1382x828) so 467px each side of the 1440 board (centred on the VIEWPORT, not on the 1382 content area); header row 474x30 gap 16; the card itself 506 wide VERTICAL gap 48 padding 16/16/16/16 radius 24 fill #122524; CTA/button 474x64 padding 20/40/20/40 radius 16 fill #001615. Shell: Header-desktop 1440x56 padding 8/19/8/19 fill #001615, sidebar 58x844 padding 12/11/12/11, and a 1382x16 scroller strip at y=884 fill #122524 (NOTE 16 tall here, where the Trench pages draw 22). Width band 1440.	desktop=partial @2026-08-31
13006:253670	partial	-	/swap (redirect)	REGISTRY POINTER IS DEAD: this rows primaryFile was src/pages/trade/TradeUnified.tsx / src/components/trade/BridgeTabPanel.tsx, both DELETED 2026-08-12 (App.tsx:326-341 records it: the 2911-line TradeUnified page plus BridgeTabPanel, BridgeSettingsDrawer and the TradePanel->TradePanelSwap->SwapConfirmDialog chain were removed under report 73a49d9a). 37 Trade 2 rows still cite them. Verified by ls: neither file exists. NO SUCCESSOR IN THIS TREE. /swap is now a redirect: SwapDeepLinkRedirect (App.tsx:349) forwards to walletSwapPath, and swap lives only in the embedded wallet popup (WalletMobilePopup) - modules/skai-wallet, outside this lanes ownership. Reported, not retargeted. Card measured live 2026-08-31 off Trade 2 page 13006:134300, all three families share one shape: Frame 642 x=409 w=506 inside main(58,56,1382x828) so 467px each side of the 1440 board (centred on the VIEWPORT, not on the 1382 content area); header row 474x30 gap 16; the card itself 506 wide VERTICAL gap 48 padding 16/16/16/16 radius 24 fill #122524; CTA/button 474x64 padding 20/40/20/40 radius 16 fill #001615. Shell: Header-desktop 1440x56 padding 8/19/8/19 fill #001615, sidebar 58x844 padding 12/11/12/11, and a 1382x16 scroller strip at y=884 fill #122524 (NOTE 16 tall here, where the Trench pages draw 22). Width band 375.	mobile=partial @2026-08-31
13006:253745	partial	-	/swap (redirect)	REGISTRY POINTER IS DEAD: this rows primaryFile was src/pages/trade/TradeUnified.tsx / src/components/trade/BridgeTabPanel.tsx, both DELETED 2026-08-12 (App.tsx:326-341 records it: the 2911-line TradeUnified page plus BridgeTabPanel, BridgeSettingsDrawer and the TradePanel->TradePanelSwap->SwapConfirmDialog chain were removed under report 73a49d9a). 37 Trade 2 rows still cite them. Verified by ls: neither file exists. NO SUCCESSOR IN THIS TREE. /swap is now a redirect: SwapDeepLinkRedirect (App.tsx:349) forwards to walletSwapPath, and swap lives only in the embedded wallet popup (WalletMobilePopup) - modules/skai-wallet, outside this lanes ownership. Reported, not retargeted. Card measured live 2026-08-31 off Trade 2 page 13006:134300, all three families share one shape: Frame 642 x=409 w=506 inside main(58,56,1382x828) so 467px each side of the 1440 board (centred on the VIEWPORT, not on the 1382 content area); header row 474x30 gap 16; the card itself 506 wide VERTICAL gap 48 padding 16/16/16/16 radius 24 fill #122524; CTA/button 474x64 padding 20/40/20/40 radius 16 fill #001615. Shell: Header-desktop 1440x56 padding 8/19/8/19 fill #001615, sidebar 58x844 padding 12/11/12/11, and a 1382x16 scroller strip at y=884 fill #122524 (NOTE 16 tall here, where the Trench pages draw 22). Width band 375.	mobile=partial @2026-08-31
13006:253855	partial	-	/swap (redirect)	REGISTRY POINTER IS DEAD: this rows primaryFile was src/pages/trade/TradeUnified.tsx / src/components/trade/BridgeTabPanel.tsx, both DELETED 2026-08-12 (App.tsx:326-341 records it: the 2911-line TradeUnified page plus BridgeTabPanel, BridgeSettingsDrawer and the TradePanel->TradePanelSwap->SwapConfirmDialog chain were removed under report 73a49d9a). 37 Trade 2 rows still cite them. Verified by ls: neither file exists. NO SUCCESSOR IN THIS TREE. /swap is now a redirect: SwapDeepLinkRedirect (App.tsx:349) forwards to walletSwapPath, and swap lives only in the embedded wallet popup (WalletMobilePopup) - modules/skai-wallet, outside this lanes ownership. Reported, not retargeted. Card measured live 2026-08-31 off Trade 2 page 13006:134300, all three families share one shape: Frame 642 x=409 w=506 inside main(58,56,1382x828) so 467px each side of the 1440 board (centred on the VIEWPORT, not on the 1382 content area); header row 474x30 gap 16; the card itself 506 wide VERTICAL gap 48 padding 16/16/16/16 radius 24 fill #122524; CTA/button 474x64 padding 20/40/20/40 radius 16 fill #001615. Shell: Header-desktop 1440x56 padding 8/19/8/19 fill #001615, sidebar 58x844 padding 12/11/12/11, and a 1382x16 scroller strip at y=884 fill #122524 (NOTE 16 tall here, where the Trench pages draw 22). Width band 375.	mobile=partial @2026-08-31
13006:254042	partial	-	/swap (redirect)	REGISTRY POINTER IS DEAD: this rows primaryFile was src/pages/trade/TradeUnified.tsx / src/components/trade/BridgeTabPanel.tsx, both DELETED 2026-08-12 (App.tsx:326-341 records it: the 2911-line TradeUnified page plus BridgeTabPanel, BridgeSettingsDrawer and the TradePanel->TradePanelSwap->SwapConfirmDialog chain were removed under report 73a49d9a). 37 Trade 2 rows still cite them. Verified by ls: neither file exists. NO SUCCESSOR IN THIS TREE. /swap is now a redirect: SwapDeepLinkRedirect (App.tsx:349) forwards to walletSwapPath, and swap lives only in the embedded wallet popup (WalletMobilePopup) - modules/skai-wallet, outside this lanes ownership. Reported, not retargeted. Card measured live 2026-08-31 off Trade 2 page 13006:134300, all three families share one shape: Frame 642 x=409 w=506 inside main(58,56,1382x828) so 467px each side of the 1440 board (centred on the VIEWPORT, not on the 1382 content area); header row 474x30 gap 16; the card itself 506 wide VERTICAL gap 48 padding 16/16/16/16 radius 24 fill #122524; CTA/button 474x64 padding 20/40/20/40 radius 16 fill #001615. Shell: Header-desktop 1440x56 padding 8/19/8/19 fill #001615, sidebar 58x844 padding 12/11/12/11, and a 1382x16 scroller strip at y=884 fill #122524 (NOTE 16 tall here, where the Trench pages draw 22). Width band 375.	mobile=partial @2026-08-31
13006:255269	partial	-	/swap (redirect)	REGISTRY POINTER IS DEAD: this rows primaryFile was src/pages/trade/TradeUnified.tsx / src/components/trade/BridgeTabPanel.tsx, both DELETED 2026-08-12 (App.tsx:326-341 records it: the 2911-line TradeUnified page plus BridgeTabPanel, BridgeSettingsDrawer and the TradePanel->TradePanelSwap->SwapConfirmDialog chain were removed under report 73a49d9a). 37 Trade 2 rows still cite them. Verified by ls: neither file exists. NO SUCCESSOR IN THIS TREE. /swap is now a redirect: SwapDeepLinkRedirect (App.tsx:349) forwards to walletSwapPath, and swap lives only in the embedded wallet popup (WalletMobilePopup) - modules/skai-wallet, outside this lanes ownership. Reported, not retargeted. Card measured live 2026-08-31 off Trade 2 page 13006:134300, all three families share one shape: Frame 642 x=409 w=506 inside main(58,56,1382x828) so 467px each side of the 1440 board (centred on the VIEWPORT, not on the 1382 content area); header row 474x30 gap 16; the card itself 506 wide VERTICAL gap 48 padding 16/16/16/16 radius 24 fill #122524; CTA/button 474x64 padding 20/40/20/40 radius 16 fill #001615. Shell: Header-desktop 1440x56 padding 8/19/8/19 fill #001615, sidebar 58x844 padding 12/11/12/11, and a 1382x16 scroller strip at y=884 fill #122524 (NOTE 16 tall here, where the Trench pages draw 22). Width band 375.	mobile=partial @2026-08-31
13006:256623	partial	-	/swap (redirect)	REGISTRY POINTER IS DEAD: this rows primaryFile was src/pages/trade/TradeUnified.tsx / src/components/trade/BridgeTabPanel.tsx, both DELETED 2026-08-12 (App.tsx:326-341 records it: the 2911-line TradeUnified page plus BridgeTabPanel, BridgeSettingsDrawer and the TradePanel->TradePanelSwap->SwapConfirmDialog chain were removed under report 73a49d9a). 37 Trade 2 rows still cite them. Verified by ls: neither file exists. NO SUCCESSOR IN THIS TREE. /swap is now a redirect: SwapDeepLinkRedirect (App.tsx:349) forwards to walletSwapPath, and swap lives only in the embedded wallet popup (WalletMobilePopup) - modules/skai-wallet, outside this lanes ownership. Reported, not retargeted. Card measured live 2026-08-31 off Trade 2 page 13006:134300, all three families share one shape: Frame 642 x=409 w=506 inside main(58,56,1382x828) so 467px each side of the 1440 board (centred on the VIEWPORT, not on the 1382 content area); header row 474x30 gap 16; the card itself 506 wide VERTICAL gap 48 padding 16/16/16/16 radius 24 fill #122524; CTA/button 474x64 padding 20/40/20/40 radius 16 fill #001615. Shell: Header-desktop 1440x56 padding 8/19/8/19 fill #001615, sidebar 58x844 padding 12/11/12/11, and a 1382x16 scroller strip at y=884 fill #122524 (NOTE 16 tall here, where the Trench pages draw 22). Width band 768.	tablet=partial @2026-08-31
13006:256743	partial	-	/swap (redirect)	REGISTRY POINTER IS DEAD: this rows primaryFile was src/pages/trade/TradeUnified.tsx / src/components/trade/BridgeTabPanel.tsx, both DELETED 2026-08-12 (App.tsx:326-341 records it: the 2911-line TradeUnified page plus BridgeTabPanel, BridgeSettingsDrawer and the TradePanel->TradePanelSwap->SwapConfirmDialog chain were removed under report 73a49d9a). 37 Trade 2 rows still cite them. Verified by ls: neither file exists. NO SUCCESSOR IN THIS TREE. /swap is now a redirect: SwapDeepLinkRedirect (App.tsx:349) forwards to walletSwapPath, and swap lives only in the embedded wallet popup (WalletMobilePopup) - modules/skai-wallet, outside this lanes ownership. Reported, not retargeted. Card measured live 2026-08-31 off Trade 2 page 13006:134300, all three families share one shape: Frame 642 x=409 w=506 inside main(58,56,1382x828) so 467px each side of the 1440 board (centred on the VIEWPORT, not on the 1382 content area); header row 474x30 gap 16; the card itself 506 wide VERTICAL gap 48 padding 16/16/16/16 radius 24 fill #122524; CTA/button 474x64 padding 20/40/20/40 radius 16 fill #001615. Shell: Header-desktop 1440x56 padding 8/19/8/19 fill #001615, sidebar 58x844 padding 12/11/12/11, and a 1382x16 scroller strip at y=884 fill #122524 (NOTE 16 tall here, where the Trench pages draw 22). Width band 768.	tablet=partial @2026-08-31
13006:258282	partial	-	/swap (redirect)	REGISTRY POINTER IS DEAD: this rows primaryFile was src/pages/trade/TradeUnified.tsx / src/components/trade/BridgeTabPanel.tsx, both DELETED 2026-08-12 (App.tsx:326-341 records it: the 2911-line TradeUnified page plus BridgeTabPanel, BridgeSettingsDrawer and the TradePanel->TradePanelSwap->SwapConfirmDialog chain were removed under report 73a49d9a). 37 Trade 2 rows still cite them. Verified by ls: neither file exists. NO SUCCESSOR IN THIS TREE. /swap is now a redirect: SwapDeepLinkRedirect (App.tsx:349) forwards to walletSwapPath, and swap lives only in the embedded wallet popup (WalletMobilePopup) - modules/skai-wallet, outside this lanes ownership. Reported, not retargeted. Card measured live 2026-08-31 off Trade 2 page 13006:134300, all three families share one shape: Frame 642 x=409 w=506 inside main(58,56,1382x828) so 467px each side of the 1440 board (centred on the VIEWPORT, not on the 1382 content area); header row 474x30 gap 16; the card itself 506 wide VERTICAL gap 48 padding 16/16/16/16 radius 24 fill #122524; CTA/button 474x64 padding 20/40/20/40 radius 16 fill #001615. Shell: Header-desktop 1440x56 padding 8/19/8/19 fill #001615, sidebar 58x844 padding 12/11/12/11, and a 1382x16 scroller strip at y=884 fill #122524 (NOTE 16 tall here, where the Trench pages draw 22). Width band 768.	tablet=partial @2026-08-31
13006:258402	partial	-	/swap (redirect)	REGISTRY POINTER IS DEAD: this rows primaryFile was src/pages/trade/TradeUnified.tsx / src/components/trade/BridgeTabPanel.tsx, both DELETED 2026-08-12 (App.tsx:326-341 records it: the 2911-line TradeUnified page plus BridgeTabPanel, BridgeSettingsDrawer and the TradePanel->TradePanelSwap->SwapConfirmDialog chain were removed under report 73a49d9a). 37 Trade 2 rows still cite them. Verified by ls: neither file exists. NO SUCCESSOR IN THIS TREE. /swap is now a redirect: SwapDeepLinkRedirect (App.tsx:349) forwards to walletSwapPath, and swap lives only in the embedded wallet popup (WalletMobilePopup) - modules/skai-wallet, outside this lanes ownership. Reported, not retargeted. Card measured live 2026-08-31 off Trade 2 page 13006:134300, all three families share one shape: Frame 642 x=409 w=506 inside main(58,56,1382x828) so 467px each side of the 1440 board (centred on the VIEWPORT, not on the 1382 content area); header row 474x30 gap 16; the card itself 506 wide VERTICAL gap 48 padding 16/16/16/16 radius 24 fill #122524; CTA/button 474x64 padding 20/40/20/40 radius 16 fill #001615. Shell: Header-desktop 1440x56 padding 8/19/8/19 fill #001615, sidebar 58x844 padding 12/11/12/11, and a 1382x16 scroller strip at y=884 fill #122524 (NOTE 16 tall here, where the Trench pages draw 22). Width band 768.	tablet=partial @2026-08-31
13006:263046	partial	src/components/trench-redesign/trade/TradeChart.tsx	/crypto/:symbol	STALE CLAIM CORRECTED: this rows note said "there is NO mobile/tablet treatment anywhere in trench-redesign". That is no longer true. TradeTerminal.tsx:116 ships grid-cols-1 gap-4 p-4 below lg and applies the frame numbers (313 rail / gap 6 / pad 8) at lg: only, with a comment at :113-115 that explicitly cites the 768 board 13006:260059 inset of 30px and the 375 board as full-bleed and calls the compact gap-4/p-4 deliberate. So the shell IS responsive; what is missing is PER-PANEL compact treatment. TABLET 768 shell measured 2026-08-31 off page 13006:134300: Header-tablet 768x52 padding 6/19/6/19 fill #001615; Bottom-navigation-tablet 768x52 at y=972 padding 8/19 fill #001615@0.6; content main at (30,76) 708 wide (768-2*30) itemSpacing 24 (Frame 445 gap 24, main gap 8); bottom scroller 768x22 at y=950 fill #122524; a node literally named "scrolling bar - not needed for tablet" 1382x16 sits off-board. MEASURED MISS at 768: frame content inset is 30 each side (708 of 768); code p-4 = 16. 14px per side. This panel carries 2 breakpoint-prefixed class(es); it is not desktop-only. Per-panel geometry at 768 not measured this wave.	tablet=partial @2026-08-31
13006:264486	partial	src/components/trench-redesign/trade/TradeChart.tsx	/crypto/:symbol	STALE CLAIM CORRECTED: this rows note said "there is NO mobile/tablet treatment anywhere in trench-redesign". That is no longer true. TradeTerminal.tsx:116 ships grid-cols-1 gap-4 p-4 below lg and applies the frame numbers (313 rail / gap 6 / pad 8) at lg: only, with a comment at :113-115 that explicitly cites the 768 board 13006:260059 inset of 30px and the 375 board as full-bleed and calls the compact gap-4/p-4 deliberate. So the shell IS responsive; what is missing is PER-PANEL compact treatment. TABLET 768 shell measured 2026-08-31 off page 13006:134300: Header-tablet 768x52 padding 6/19/6/19 fill #001615; Bottom-navigation-tablet 768x52 at y=972 padding 8/19 fill #001615@0.6; content main at (30,76) 708 wide (768-2*30) itemSpacing 24 (Frame 445 gap 24, main gap 8); bottom scroller 768x22 at y=950 fill #122524; a node literally named "scrolling bar - not needed for tablet" 1382x16 sits off-board. MEASURED MISS at 768: frame content inset is 30 each side (708 of 768); code p-4 = 16. 14px per side. This panel carries 2 breakpoint-prefixed class(es); it is not desktop-only. Per-panel geometry at 768 not measured this wave.	tablet=partial @2026-08-31
13006:265891	partial	src/components/trench-redesign/trade/TradeChart.tsx	/crypto/:symbol	STALE CLAIM CORRECTED: this rows note said "there is NO mobile/tablet treatment anywhere in trench-redesign". That is no longer true. TradeTerminal.tsx:116 ships grid-cols-1 gap-4 p-4 below lg and applies the frame numbers (313 rail / gap 6 / pad 8) at lg: only, with a comment at :113-115 that explicitly cites the 768 board 13006:260059 inset of 30px and the 375 board as full-bleed and calls the compact gap-4/p-4 deliberate. So the shell IS responsive; what is missing is PER-PANEL compact treatment. TABLET 768 shell measured 2026-08-31 off page 13006:134300: Header-tablet 768x52 padding 6/19/6/19 fill #001615; Bottom-navigation-tablet 768x52 at y=972 padding 8/19 fill #001615@0.6; content main at (30,76) 708 wide (768-2*30) itemSpacing 24 (Frame 445 gap 24, main gap 8); bottom scroller 768x22 at y=950 fill #122524; a node literally named "scrolling bar - not needed for tablet" 1382x16 sits off-board. MEASURED MISS at 768: frame content inset is 30 each side (708 of 768); code p-4 = 16. 14px per side. This panel carries 2 breakpoint-prefixed class(es); it is not desktop-only. Per-panel geometry at 768 not measured this wave.	tablet=partial @2026-08-31
13006:267296	partial	src/components/trench-redesign/trade/TradeChart.tsx	/crypto/:symbol	STALE CLAIM CORRECTED: this rows note said "there is NO mobile/tablet treatment anywhere in trench-redesign". That is no longer true. TradeTerminal.tsx:116 ships grid-cols-1 gap-4 p-4 below lg and applies the frame numbers (313 rail / gap 6 / pad 8) at lg: only, with a comment at :113-115 that explicitly cites the 768 board 13006:260059 inset of 30px and the 375 board as full-bleed and calls the compact gap-4/p-4 deliberate. So the shell IS responsive; what is missing is PER-PANEL compact treatment. TABLET 768 shell measured 2026-08-31 off page 13006:134300: Header-tablet 768x52 padding 6/19/6/19 fill #001615; Bottom-navigation-tablet 768x52 at y=972 padding 8/19 fill #001615@0.6; content main at (30,76) 708 wide (768-2*30) itemSpacing 24 (Frame 445 gap 24, main gap 8); bottom scroller 768x22 at y=950 fill #122524; a node literally named "scrolling bar - not needed for tablet" 1382x16 sits off-board. MEASURED MISS at 768: frame content inset is 30 each side (708 of 768); code p-4 = 16. 14px per side. This panel carries 2 breakpoint-prefixed class(es); it is not desktop-only. Per-panel geometry at 768 not measured this wave.	tablet=partial @2026-08-31
13006:268680	partial	src/components/trench-redesign/trade/TransactionsPanel.tsx	/crypto/:symbol	STALE CLAIM CORRECTED: this rows note said "there is NO mobile/tablet treatment anywhere in trench-redesign". That is no longer true. TradeTerminal.tsx:116 ships grid-cols-1 gap-4 p-4 below lg and applies the frame numbers (313 rail / gap 6 / pad 8) at lg: only, with a comment at :113-115 that explicitly cites the 768 board 13006:260059 inset of 30px and the 375 board as full-bleed and calls the compact gap-4/p-4 deliberate. So the shell IS responsive; what is missing is PER-PANEL compact treatment. TABLET 768 shell measured 2026-08-31 off page 13006:134300: Header-tablet 768x52 padding 6/19/6/19 fill #001615; Bottom-navigation-tablet 768x52 at y=972 padding 8/19 fill #001615@0.6; content main at (30,76) 708 wide (768-2*30) itemSpacing 24 (Frame 445 gap 24, main gap 8); bottom scroller 768x22 at y=950 fill #122524; a node literally named "scrolling bar - not needed for tablet" 1382x16 sits off-board. MEASURED MISS at 768: frame content inset is 30 each side (708 of 768); code p-4 = 16. 14px per side. This panel carries 2 breakpoint-prefixed class(es); it is not desktop-only. Per-panel geometry at 768 not measured this wave.	tablet=partial @2026-08-31
13006:268978	partial	src/components/trench-redesign/trade/TransactionsPanel.tsx	/crypto/:symbol	STALE CLAIM CORRECTED: this rows note said "there is NO mobile/tablet treatment anywhere in trench-redesign". That is no longer true. TradeTerminal.tsx:116 ships grid-cols-1 gap-4 p-4 below lg and applies the frame numbers (313 rail / gap 6 / pad 8) at lg: only, with a comment at :113-115 that explicitly cites the 768 board 13006:260059 inset of 30px and the 375 board as full-bleed and calls the compact gap-4/p-4 deliberate. So the shell IS responsive; what is missing is PER-PANEL compact treatment. TABLET 768 shell measured 2026-08-31 off page 13006:134300: Header-tablet 768x52 padding 6/19/6/19 fill #001615; Bottom-navigation-tablet 768x52 at y=972 padding 8/19 fill #001615@0.6; content main at (30,76) 708 wide (768-2*30) itemSpacing 24 (Frame 445 gap 24, main gap 8); bottom scroller 768x22 at y=950 fill #122524; a node literally named "scrolling bar - not needed for tablet" 1382x16 sits off-board. MEASURED MISS at 768: frame content inset is 30 each side (708 of 768); code p-4 = 16. 14px per side. This panel carries 2 breakpoint-prefixed class(es); it is not desktop-only. Per-panel geometry at 768 not measured this wave.	tablet=partial @2026-08-31
13006:269297	partial	src/components/trench-redesign/trade/TransactionsPanel.tsx	/crypto/:symbol	STALE CLAIM CORRECTED: this rows note said "there is NO mobile/tablet treatment anywhere in trench-redesign". That is no longer true. TradeTerminal.tsx:116 ships grid-cols-1 gap-4 p-4 below lg and applies the frame numbers (313 rail / gap 6 / pad 8) at lg: only, with a comment at :113-115 that explicitly cites the 768 board 13006:260059 inset of 30px and the 375 board as full-bleed and calls the compact gap-4/p-4 deliberate. So the shell IS responsive; what is missing is PER-PANEL compact treatment. TABLET 768 shell measured 2026-08-31 off page 13006:134300: Header-tablet 768x52 padding 6/19/6/19 fill #001615; Bottom-navigation-tablet 768x52 at y=972 padding 8/19 fill #001615@0.6; content main at (30,76) 708 wide (768-2*30) itemSpacing 24 (Frame 445 gap 24, main gap 8); bottom scroller 768x22 at y=950 fill #122524; a node literally named "scrolling bar - not needed for tablet" 1382x16 sits off-board. MEASURED MISS at 768: frame content inset is 30 each side (708 of 768); code p-4 = 16. 14px per side. This panel carries 2 breakpoint-prefixed class(es); it is not desktop-only. Per-panel geometry at 768 not measured this wave.	tablet=partial @2026-08-31
13006:270061	partial	src/components/trench-redesign/trade/TransactionsPanel.tsx	/crypto/:symbol	STALE CLAIM CORRECTED: this rows note said "there is NO mobile/tablet treatment anywhere in trench-redesign". That is no longer true. TradeTerminal.tsx:116 ships grid-cols-1 gap-4 p-4 below lg and applies the frame numbers (313 rail / gap 6 / pad 8) at lg: only, with a comment at :113-115 that explicitly cites the 768 board 13006:260059 inset of 30px and the 375 board as full-bleed and calls the compact gap-4/p-4 deliberate. So the shell IS responsive; what is missing is PER-PANEL compact treatment. TABLET 768 shell measured 2026-08-31 off page 13006:134300: Header-tablet 768x52 padding 6/19/6/19 fill #001615; Bottom-navigation-tablet 768x52 at y=972 padding 8/19 fill #001615@0.6; content main at (30,76) 708 wide (768-2*30) itemSpacing 24 (Frame 445 gap 24, main gap 8); bottom scroller 768x22 at y=950 fill #122524; a node literally named "scrolling bar - not needed for tablet" 1382x16 sits off-board. MEASURED MISS at 768: frame content inset is 30 each side (708 of 768); code p-4 = 16. 14px per side. This panel carries 2 breakpoint-prefixed class(es); it is not desktop-only. Per-panel geometry at 768 not measured this wave.	tablet=partial @2026-08-31
13006:270826	partial	src/components/trench-redesign/trade/TransactionsPanel.tsx	/crypto/:symbol	STALE CLAIM CORRECTED: this rows note said "there is NO mobile/tablet treatment anywhere in trench-redesign". That is no longer true. TradeTerminal.tsx:116 ships grid-cols-1 gap-4 p-4 below lg and applies the frame numbers (313 rail / gap 6 / pad 8) at lg: only, with a comment at :113-115 that explicitly cites the 768 board 13006:260059 inset of 30px and the 375 board as full-bleed and calls the compact gap-4/p-4 deliberate. So the shell IS responsive; what is missing is PER-PANEL compact treatment. TABLET 768 shell measured 2026-08-31 off page 13006:134300: Header-tablet 768x52 padding 6/19/6/19 fill #001615; Bottom-navigation-tablet 768x52 at y=972 padding 8/19 fill #001615@0.6; content main at (30,76) 708 wide (768-2*30) itemSpacing 24 (Frame 445 gap 24, main gap 8); bottom scroller 768x22 at y=950 fill #122524; a node literally named "scrolling bar - not needed for tablet" 1382x16 sits off-board. MEASURED MISS at 768: frame content inset is 30 each side (708 of 768); code p-4 = 16. 14px per side. This panel carries 2 breakpoint-prefixed class(es); it is not desktop-only. Per-panel geometry at 768 not measured this wave.	tablet=partial @2026-08-31
13006:271134	partial	src/components/trench-redesign/trade/TransactionsPanel.tsx	/crypto/:symbol	STALE CLAIM CORRECTED: this rows note said "there is NO mobile/tablet treatment anywhere in trench-redesign". That is no longer true. TradeTerminal.tsx:116 ships grid-cols-1 gap-4 p-4 below lg and applies the frame numbers (313 rail / gap 6 / pad 8) at lg: only, with a comment at :113-115 that explicitly cites the 768 board 13006:260059 inset of 30px and the 375 board as full-bleed and calls the compact gap-4/p-4 deliberate. So the shell IS responsive; what is missing is PER-PANEL compact treatment. TABLET 768 shell measured 2026-08-31 off page 13006:134300: Header-tablet 768x52 padding 6/19/6/19 fill #001615; Bottom-navigation-tablet 768x52 at y=972 padding 8/19 fill #001615@0.6; content main at (30,76) 708 wide (768-2*30) itemSpacing 24 (Frame 445 gap 24, main gap 8); bottom scroller 768x22 at y=950 fill #122524; a node literally named "scrolling bar - not needed for tablet" 1382x16 sits off-board. MEASURED MISS at 768: frame content inset is 30 each side (708 of 768); code p-4 = 16. 14px per side. This panel carries 2 breakpoint-prefixed class(es); it is not desktop-only. Per-panel geometry at 768 not measured this wave.	tablet=partial @2026-08-31
13006:271355	partial	src/components/trench-redesign/trade/TransactionsPanel.tsx	/crypto/:symbol	STALE CLAIM CORRECTED: this rows note said "there is NO mobile/tablet treatment anywhere in trench-redesign". That is no longer true. TradeTerminal.tsx:116 ships grid-cols-1 gap-4 p-4 below lg and applies the frame numbers (313 rail / gap 6 / pad 8) at lg: only, with a comment at :113-115 that explicitly cites the 768 board 13006:260059 inset of 30px and the 375 board as full-bleed and calls the compact gap-4/p-4 deliberate. So the shell IS responsive; what is missing is PER-PANEL compact treatment. TABLET 768 shell measured 2026-08-31 off page 13006:134300: Header-tablet 768x52 padding 6/19/6/19 fill #001615; Bottom-navigation-tablet 768x52 at y=972 padding 8/19 fill #001615@0.6; content main at (30,76) 708 wide (768-2*30) itemSpacing 24 (Frame 445 gap 24, main gap 8); bottom scroller 768x22 at y=950 fill #122524; a node literally named "scrolling bar - not needed for tablet" 1382x16 sits off-board. MEASURED MISS at 768: frame content inset is 30 each side (708 of 768); code p-4 = 16. 14px per side. This panel carries 2 breakpoint-prefixed class(es); it is not desktop-only. Per-panel geometry at 768 not measured this wave.	tablet=partial @2026-08-31
13006:271691	partial	src/components/trench-redesign/trade/TokenInfoPanel.tsx	/crypto/:symbol	STALE CLAIM CORRECTED: this rows note said "there is NO mobile/tablet treatment anywhere in trench-redesign". That is no longer true. TradeTerminal.tsx:116 ships grid-cols-1 gap-4 p-4 below lg and applies the frame numbers (313 rail / gap 6 / pad 8) at lg: only, with a comment at :113-115 that explicitly cites the 768 board 13006:260059 inset of 30px and the 375 board as full-bleed and calls the compact gap-4/p-4 deliberate. So the shell IS responsive; what is missing is PER-PANEL compact treatment. TABLET 768 shell measured 2026-08-31 off page 13006:134300: Header-tablet 768x52 padding 6/19/6/19 fill #001615; Bottom-navigation-tablet 768x52 at y=972 padding 8/19 fill #001615@0.6; content main at (30,76) 708 wide (768-2*30) itemSpacing 24 (Frame 445 gap 24, main gap 8); bottom scroller 768x22 at y=950 fill #122524; a node literally named "scrolling bar - not needed for tablet" 1382x16 sits off-board. MEASURED MISS at 768: frame content inset is 30 each side (708 of 768); code p-4 = 16. 14px per side. This panel carries 5 breakpoint-prefixed class(es); it is not desktop-only. Per-panel geometry at 768 not measured this wave.	tablet=partial @2026-08-31
13006:271971	partial	src/components/trench-redesign/trade/TradeTerminal.tsx	/crypto/:symbol	STALE CLAIM CORRECTED: this rows note said "there is NO mobile/tablet treatment anywhere in trench-redesign". That is no longer true. TradeTerminal.tsx:116 ships grid-cols-1 gap-4 p-4 below lg and applies the frame numbers (313 rail / gap 6 / pad 8) at lg: only, with a comment at :113-115 that explicitly cites the 768 board 13006:260059 inset of 30px and the 375 board as full-bleed and calls the compact gap-4/p-4 deliberate. So the shell IS responsive; what is missing is PER-PANEL compact treatment. TABLET 768 shell measured 2026-08-31 off page 13006:134300: Header-tablet 768x52 padding 6/19/6/19 fill #001615; Bottom-navigation-tablet 768x52 at y=972 padding 8/19 fill #001615@0.6; content main at (30,76) 708 wide (768-2*30) itemSpacing 24 (Frame 445 gap 24, main gap 8); bottom scroller 768x22 at y=950 fill #122524; a node literally named "scrolling bar - not needed for tablet" 1382x16 sits off-board. MEASURED MISS at 768: frame content inset is 30 each side (708 of 768); code p-4 = 16. 14px per side. This panel carries 9 breakpoint-prefixed class(es); it is not desktop-only. Per-panel geometry at 768 not measured this wave.	tablet=partial @2026-08-31
13006:272165	partial	src/components/trench-redesign/trade/SimilarTokensPanel.tsx	/crypto/:symbol	STALE CLAIM CORRECTED: this rows note said "there is NO mobile/tablet treatment anywhere in trench-redesign". That is no longer true. TradeTerminal.tsx:116 ships grid-cols-1 gap-4 p-4 below lg and applies the frame numbers (313 rail / gap 6 / pad 8) at lg: only, with a comment at :113-115 that explicitly cites the 768 board 13006:260059 inset of 30px and the 375 board as full-bleed and calls the compact gap-4/p-4 deliberate. So the shell IS responsive; what is missing is PER-PANEL compact treatment. TABLET 768 shell measured 2026-08-31 off page 13006:134300: Header-tablet 768x52 padding 6/19/6/19 fill #001615; Bottom-navigation-tablet 768x52 at y=972 padding 8/19 fill #001615@0.6; content main at (30,76) 708 wide (768-2*30) itemSpacing 24 (Frame 445 gap 24, main gap 8); bottom scroller 768x22 at y=950 fill #122524; a node literally named "scrolling bar - not needed for tablet" 1382x16 sits off-board. MEASURED MISS at 768: frame content inset is 30 each side (708 of 768); code p-4 = 16. 14px per side. This panel carries 2 breakpoint-prefixed class(es); it is not desktop-only. Per-panel geometry at 768 not measured this wave.	tablet=partial @2026-08-31
13006:272489	partial	src/components/trench-redesign/trade/TradeChart.tsx	/crypto/:symbol	STALE CLAIM CORRECTED: this rows note said "there is NO mobile/tablet treatment anywhere in trench-redesign". That is no longer true. TradeTerminal.tsx:116 ships grid-cols-1 gap-4 p-4 below lg and applies the frame numbers (313 rail / gap 6 / pad 8) at lg: only, with a comment at :113-115 that explicitly cites the 768 board 13006:260059 inset of 30px and the 375 board as full-bleed and calls the compact gap-4/p-4 deliberate. So the shell IS responsive; what is missing is PER-PANEL compact treatment. TABLET 768 shell measured 2026-08-31 off page 13006:134300: Header-tablet 768x52 padding 6/19/6/19 fill #001615; Bottom-navigation-tablet 768x52 at y=972 padding 8/19 fill #001615@0.6; content main at (30,76) 708 wide (768-2*30) itemSpacing 24 (Frame 445 gap 24, main gap 8); bottom scroller 768x22 at y=950 fill #122524; a node literally named "scrolling bar - not needed for tablet" 1382x16 sits off-board. MEASURED MISS at 768: frame content inset is 30 each side (708 of 768); code p-4 = 16. 14px per side. This panel carries 2 breakpoint-prefixed class(es); it is not desktop-only. Per-panel geometry at 768 not measured this wave.	tablet=partial @2026-08-31
13006:273876	partial	src/components/trench-redesign/trade/TradeChart.tsx	/crypto/:symbol	STALE CLAIM CORRECTED: this rows note said "there is NO mobile/tablet treatment anywhere in trench-redesign". That is no longer true. TradeTerminal.tsx:116 ships grid-cols-1 gap-4 p-4 below lg and applies the frame numbers (313 rail / gap 6 / pad 8) at lg: only, with a comment at :113-115 that explicitly cites the 768 board 13006:260059 inset of 30px and the 375 board as full-bleed and calls the compact gap-4/p-4 deliberate. So the shell IS responsive; what is missing is PER-PANEL compact treatment. TABLET 768 shell measured 2026-08-31 off page 13006:134300: Header-tablet 768x52 padding 6/19/6/19 fill #001615; Bottom-navigation-tablet 768x52 at y=972 padding 8/19 fill #001615@0.6; content main at (30,76) 708 wide (768-2*30) itemSpacing 24 (Frame 445 gap 24, main gap 8); bottom scroller 768x22 at y=950 fill #122524; a node literally named "scrolling bar - not needed for tablet" 1382x16 sits off-board. MEASURED MISS at 768: frame content inset is 30 each side (708 of 768); code p-4 = 16. 14px per side. This panel carries 2 breakpoint-prefixed class(es); it is not desktop-only. Per-panel geometry at 768 not measured this wave.	tablet=partial @2026-08-31
13006:275283	partial	src/components/trench-redesign/trade/TradeChart.tsx	/crypto/:symbol	STALE CLAIM CORRECTED: this rows note said "there is NO mobile/tablet treatment anywhere in trench-redesign". That is no longer true. TradeTerminal.tsx:116 ships grid-cols-1 gap-4 p-4 below lg and applies the frame numbers (313 rail / gap 6 / pad 8) at lg: only, with a comment at :113-115 that explicitly cites the 768 board 13006:260059 inset of 30px and the 375 board as full-bleed and calls the compact gap-4/p-4 deliberate. So the shell IS responsive; what is missing is PER-PANEL compact treatment. TABLET 768 shell measured 2026-08-31 off page 13006:134300: Header-tablet 768x52 padding 6/19/6/19 fill #001615; Bottom-navigation-tablet 768x52 at y=972 padding 8/19 fill #001615@0.6; content main at (30,76) 708 wide (768-2*30) itemSpacing 24 (Frame 445 gap 24, main gap 8); bottom scroller 768x22 at y=950 fill #122524; a node literally named "scrolling bar - not needed for tablet" 1382x16 sits off-board. MEASURED MISS at 768: frame content inset is 30 each side (708 of 768); code p-4 = 16. 14px per side. This panel carries 2 breakpoint-prefixed class(es); it is not desktop-only. Per-panel geometry at 768 not measured this wave.	tablet=partial @2026-08-31
13006:287597	partial	src/components/trench-redesign/trade/TradeChart.tsx	/crypto/:symbol	STALE CLAIM CORRECTED: this rows note said "there is NO mobile/tablet treatment anywhere in trench-redesign". That is no longer true. TradeTerminal.tsx:116 ships grid-cols-1 gap-4 p-4 below lg and applies the frame numbers (313 rail / gap 6 / pad 8) at lg: only, with a comment at :113-115 that explicitly cites the 768 board 13006:260059 inset of 30px and the 375 board as full-bleed and calls the compact gap-4/p-4 deliberate. So the shell IS responsive; what is missing is PER-PANEL compact treatment. MOBILE 375 shell measured 2026-08-31 off page 13006:134300: Header-mobile 375x48 padding 6/19/6/19 fill #001615; Bottom-navigation-mobile 375x54 at y=758 padding 4 fill #001615@0.6; a TOP marquee scroller 1382x20 at y=48 fill #001615 (1382 wide on a 375 board - it deliberately overflows) and a BOTTOM scroller 375x22 at y=736 fill #122524; content column full-bleed 375 wide with an inner 346-wide block at x=15, itemSpacing 24. At 375 the code p-4 = 16 against the frames 15px inner inset - within 1px. This panel carries 2 breakpoint-prefixed class(es); it is not desktop-only. Per-panel geometry at 375 not measured this wave.	mobile=partial @2026-08-31
13006:288566	partial	src/components/trench-redesign/trade/TradeChart.tsx	/crypto/:symbol	STALE CLAIM CORRECTED: this rows note said "there is NO mobile/tablet treatment anywhere in trench-redesign". That is no longer true. TradeTerminal.tsx:116 ships grid-cols-1 gap-4 p-4 below lg and applies the frame numbers (313 rail / gap 6 / pad 8) at lg: only, with a comment at :113-115 that explicitly cites the 768 board 13006:260059 inset of 30px and the 375 board as full-bleed and calls the compact gap-4/p-4 deliberate. So the shell IS responsive; what is missing is PER-PANEL compact treatment. MOBILE 375 shell measured 2026-08-31 off page 13006:134300: Header-mobile 375x48 padding 6/19/6/19 fill #001615; Bottom-navigation-mobile 375x54 at y=758 padding 4 fill #001615@0.6; a TOP marquee scroller 1382x20 at y=48 fill #001615 (1382 wide on a 375 board - it deliberately overflows) and a BOTTOM scroller 375x22 at y=736 fill #122524; content column full-bleed 375 wide with an inner 346-wide block at x=15, itemSpacing 24. At 375 the code p-4 = 16 against the frames 15px inner inset - within 1px. This panel carries 2 breakpoint-prefixed class(es); it is not desktop-only. Per-panel geometry at 375 not measured this wave.	mobile=partial @2026-08-31
13006:289591	partial	src/components/trench-redesign/trade/TokenInfoPanel.tsx	/crypto/:symbol	STALE CLAIM CORRECTED: this rows note said "there is NO mobile/tablet treatment anywhere in trench-redesign". That is no longer true. TradeTerminal.tsx:116 ships grid-cols-1 gap-4 p-4 below lg and applies the frame numbers (313 rail / gap 6 / pad 8) at lg: only, with a comment at :113-115 that explicitly cites the 768 board 13006:260059 inset of 30px and the 375 board as full-bleed and calls the compact gap-4/p-4 deliberate. So the shell IS responsive; what is missing is PER-PANEL compact treatment. MOBILE 375 shell measured 2026-08-31 off page 13006:134300: Header-mobile 375x48 padding 6/19/6/19 fill #001615; Bottom-navigation-mobile 375x54 at y=758 padding 4 fill #001615@0.6; a TOP marquee scroller 1382x20 at y=48 fill #001615 (1382 wide on a 375 board - it deliberately overflows) and a BOTTOM scroller 375x22 at y=736 fill #122524; content column full-bleed 375 wide with an inner 346-wide block at x=15, itemSpacing 24. At 375 the code p-4 = 16 against the frames 15px inner inset - within 1px. This panel carries 5 breakpoint-prefixed class(es); it is not desktop-only. Per-panel geometry at 375 not measured this wave.	mobile=partial @2026-08-31
13006:289837	partial	src/components/trench-redesign/trade/TradeTerminal.tsx	/crypto/:symbol	STALE CLAIM CORRECTED: this rows note said "there is NO mobile/tablet treatment anywhere in trench-redesign". That is no longer true. TradeTerminal.tsx:116 ships grid-cols-1 gap-4 p-4 below lg and applies the frame numbers (313 rail / gap 6 / pad 8) at lg: only, with a comment at :113-115 that explicitly cites the 768 board 13006:260059 inset of 30px and the 375 board as full-bleed and calls the compact gap-4/p-4 deliberate. So the shell IS responsive; what is missing is PER-PANEL compact treatment. MOBILE 375 shell measured 2026-08-31 off page 13006:134300: Header-mobile 375x48 padding 6/19/6/19 fill #001615; Bottom-navigation-mobile 375x54 at y=758 padding 4 fill #001615@0.6; a TOP marquee scroller 1382x20 at y=48 fill #001615 (1382 wide on a 375 board - it deliberately overflows) and a BOTTOM scroller 375x22 at y=736 fill #122524; content column full-bleed 375 wide with an inner 346-wide block at x=15, itemSpacing 24. At 375 the code p-4 = 16 against the frames 15px inner inset - within 1px. This panel carries 9 breakpoint-prefixed class(es); it is not desktop-only. Per-panel geometry at 375 not measured this wave.	mobile=partial @2026-08-31
13006:290135	partial	src/components/trench-redesign/trade/SimilarTokensPanel.tsx	/crypto/:symbol	STALE CLAIM CORRECTED: this rows note said "there is NO mobile/tablet treatment anywhere in trench-redesign". That is no longer true. TradeTerminal.tsx:116 ships grid-cols-1 gap-4 p-4 below lg and applies the frame numbers (313 rail / gap 6 / pad 8) at lg: only, with a comment at :113-115 that explicitly cites the 768 board 13006:260059 inset of 30px and the 375 board as full-bleed and calls the compact gap-4/p-4 deliberate. So the shell IS responsive; what is missing is PER-PANEL compact treatment. MOBILE 375 shell measured 2026-08-31 off page 13006:134300: Header-mobile 375x48 padding 6/19/6/19 fill #001615; Bottom-navigation-mobile 375x54 at y=758 padding 4 fill #001615@0.6; a TOP marquee scroller 1382x20 at y=48 fill #001615 (1382 wide on a 375 board - it deliberately overflows) and a BOTTOM scroller 375x22 at y=736 fill #122524; content column full-bleed 375 wide with an inner 346-wide block at x=15, itemSpacing 24. At 375 the code p-4 = 16 against the frames 15px inner inset - within 1px. This panel carries 2 breakpoint-prefixed class(es); it is not desktop-only. Per-panel geometry at 375 not measured this wave.	mobile=partial @2026-08-31
13006:290303	partial	src/components/trench-redesign/trade/TradeChart.tsx	/crypto/:symbol	STALE CLAIM CORRECTED: this rows note said "there is NO mobile/tablet treatment anywhere in trench-redesign". That is no longer true. TradeTerminal.tsx:116 ships grid-cols-1 gap-4 p-4 below lg and applies the frame numbers (313 rail / gap 6 / pad 8) at lg: only, with a comment at :113-115 that explicitly cites the 768 board 13006:260059 inset of 30px and the 375 board as full-bleed and calls the compact gap-4/p-4 deliberate. So the shell IS responsive; what is missing is PER-PANEL compact treatment. MOBILE 375 shell measured 2026-08-31 off page 13006:134300: Header-mobile 375x48 padding 6/19/6/19 fill #001615; Bottom-navigation-mobile 375x54 at y=758 padding 4 fill #001615@0.6; a TOP marquee scroller 1382x20 at y=48 fill #001615 (1382 wide on a 375 board - it deliberately overflows) and a BOTTOM scroller 375x22 at y=736 fill #122524; content column full-bleed 375 wide with an inner 346-wide block at x=15, itemSpacing 24. At 375 the code p-4 = 16 against the frames 15px inner inset - within 1px. This panel carries 2 breakpoint-prefixed class(es); it is not desktop-only. Per-panel geometry at 375 not measured this wave.	mobile=partial @2026-08-31
13006:291294	partial	src/components/trench-redesign/trade/TradeChart.tsx	/crypto/:symbol	STALE CLAIM CORRECTED: this rows note said "there is NO mobile/tablet treatment anywhere in trench-redesign". That is no longer true. TradeTerminal.tsx:116 ships grid-cols-1 gap-4 p-4 below lg and applies the frame numbers (313 rail / gap 6 / pad 8) at lg: only, with a comment at :113-115 that explicitly cites the 768 board 13006:260059 inset of 30px and the 375 board as full-bleed and calls the compact gap-4/p-4 deliberate. So the shell IS responsive; what is missing is PER-PANEL compact treatment. MOBILE 375 shell measured 2026-08-31 off page 13006:134300: Header-mobile 375x48 padding 6/19/6/19 fill #001615; Bottom-navigation-mobile 375x54 at y=758 padding 4 fill #001615@0.6; a TOP marquee scroller 1382x20 at y=48 fill #001615 (1382 wide on a 375 board - it deliberately overflows) and a BOTTOM scroller 375x22 at y=736 fill #122524; content column full-bleed 375 wide with an inner 346-wide block at x=15, itemSpacing 24. At 375 the code p-4 = 16 against the frames 15px inner inset - within 1px. This panel carries 2 breakpoint-prefixed class(es); it is not desktop-only. Per-panel geometry at 375 not measured this wave.	mobile=partial @2026-08-31
13006:292285	partial	src/components/trench-redesign/trade/TradeChart.tsx	/crypto/:symbol	STALE CLAIM CORRECTED: this rows note said "there is NO mobile/tablet treatment anywhere in trench-redesign". That is no longer true. TradeTerminal.tsx:116 ships grid-cols-1 gap-4 p-4 below lg and applies the frame numbers (313 rail / gap 6 / pad 8) at lg: only, with a comment at :113-115 that explicitly cites the 768 board 13006:260059 inset of 30px and the 375 board as full-bleed and calls the compact gap-4/p-4 deliberate. So the shell IS responsive; what is missing is PER-PANEL compact treatment. MOBILE 375 shell measured 2026-08-31 off page 13006:134300: Header-mobile 375x48 padding 6/19/6/19 fill #001615; Bottom-navigation-mobile 375x54 at y=758 padding 4 fill #001615@0.6; a TOP marquee scroller 1382x20 at y=48 fill #001615 (1382 wide on a 375 board - it deliberately overflows) and a BOTTOM scroller 375x22 at y=736 fill #122524; content column full-bleed 375 wide with an inner 346-wide block at x=15, itemSpacing 24. At 375 the code p-4 = 16 against the frames 15px inner inset - within 1px. This panel carries 2 breakpoint-prefixed class(es); it is not desktop-only. Per-panel geometry at 375 not measured this wave.	mobile=partial @2026-08-31
13006:293274	partial	src/components/trench-redesign/trade/TradeChart.tsx	/crypto/:symbol	STALE CLAIM CORRECTED: this rows note said "there is NO mobile/tablet treatment anywhere in trench-redesign". That is no longer true. TradeTerminal.tsx:116 ships grid-cols-1 gap-4 p-4 below lg and applies the frame numbers (313 rail / gap 6 / pad 8) at lg: only, with a comment at :113-115 that explicitly cites the 768 board 13006:260059 inset of 30px and the 375 board as full-bleed and calls the compact gap-4/p-4 deliberate. So the shell IS responsive; what is missing is PER-PANEL compact treatment. MOBILE 375 shell measured 2026-08-31 off page 13006:134300: Header-mobile 375x48 padding 6/19/6/19 fill #001615; Bottom-navigation-mobile 375x54 at y=758 padding 4 fill #001615@0.6; a TOP marquee scroller 1382x20 at y=48 fill #001615 (1382 wide on a 375 board - it deliberately overflows) and a BOTTOM scroller 375x22 at y=736 fill #122524; content column full-bleed 375 wide with an inner 346-wide block at x=15, itemSpacing 24. At 375 the code p-4 = 16 against the frames 15px inner inset - within 1px. This panel carries 2 breakpoint-prefixed class(es); it is not desktop-only. Per-panel geometry at 375 not measured this wave.	mobile=partial @2026-08-31
13006:299059	partial	src/components/trench-redesign/trade/TransactionsPanel.tsx	/crypto/:symbol	STALE CLAIM CORRECTED: this rows note said "there is NO mobile/tablet treatment anywhere in trench-redesign". That is no longer true. TradeTerminal.tsx:116 ships grid-cols-1 gap-4 p-4 below lg and applies the frame numbers (313 rail / gap 6 / pad 8) at lg: only, with a comment at :113-115 that explicitly cites the 768 board 13006:260059 inset of 30px and the 375 board as full-bleed and calls the compact gap-4/p-4 deliberate. So the shell IS responsive; what is missing is PER-PANEL compact treatment. MOBILE 375 shell measured 2026-08-31 off page 13006:134300: Header-mobile 375x48 padding 6/19/6/19 fill #001615; Bottom-navigation-mobile 375x54 at y=758 padding 4 fill #001615@0.6; a TOP marquee scroller 1382x20 at y=48 fill #001615 (1382 wide on a 375 board - it deliberately overflows) and a BOTTOM scroller 375x22 at y=736 fill #122524; content column full-bleed 375 wide with an inner 346-wide block at x=15, itemSpacing 24. At 375 the code p-4 = 16 against the frames 15px inner inset - within 1px. This panel carries 2 breakpoint-prefixed class(es); it is not desktop-only. Per-panel geometry at 375 not measured this wave.	mobile=partial @2026-08-31
13006:299321	partial	src/components/trench-redesign/trade/TransactionsPanel.tsx	/crypto/:symbol	STALE CLAIM CORRECTED: this rows note said "there is NO mobile/tablet treatment anywhere in trench-redesign". That is no longer true. TradeTerminal.tsx:116 ships grid-cols-1 gap-4 p-4 below lg and applies the frame numbers (313 rail / gap 6 / pad 8) at lg: only, with a comment at :113-115 that explicitly cites the 768 board 13006:260059 inset of 30px and the 375 board as full-bleed and calls the compact gap-4/p-4 deliberate. So the shell IS responsive; what is missing is PER-PANEL compact treatment. MOBILE 375 shell measured 2026-08-31 off page 13006:134300: Header-mobile 375x48 padding 6/19/6/19 fill #001615; Bottom-navigation-mobile 375x54 at y=758 padding 4 fill #001615@0.6; a TOP marquee scroller 1382x20 at y=48 fill #001615 (1382 wide on a 375 board - it deliberately overflows) and a BOTTOM scroller 375x22 at y=736 fill #122524; content column full-bleed 375 wide with an inner 346-wide block at x=15, itemSpacing 24. At 375 the code p-4 = 16 against the frames 15px inner inset - within 1px. This panel carries 2 breakpoint-prefixed class(es); it is not desktop-only. Per-panel geometry at 375 not measured this wave.	mobile=partial @2026-08-31
13006:299940	partial	src/components/trench-redesign/trade/TransactionsPanel.tsx	/crypto/:symbol	STALE CLAIM CORRECTED: this rows note said "there is NO mobile/tablet treatment anywhere in trench-redesign". That is no longer true. TradeTerminal.tsx:116 ships grid-cols-1 gap-4 p-4 below lg and applies the frame numbers (313 rail / gap 6 / pad 8) at lg: only, with a comment at :113-115 that explicitly cites the 768 board 13006:260059 inset of 30px and the 375 board as full-bleed and calls the compact gap-4/p-4 deliberate. So the shell IS responsive; what is missing is PER-PANEL compact treatment. MOBILE 375 shell measured 2026-08-31 off page 13006:134300: Header-mobile 375x48 padding 6/19/6/19 fill #001615; Bottom-navigation-mobile 375x54 at y=758 padding 4 fill #001615@0.6; a TOP marquee scroller 1382x20 at y=48 fill #001615 (1382 wide on a 375 board - it deliberately overflows) and a BOTTOM scroller 375x22 at y=736 fill #122524; content column full-bleed 375 wide with an inner 346-wide block at x=15, itemSpacing 24. At 375 the code p-4 = 16 against the frames 15px inner inset - within 1px. This panel carries 2 breakpoint-prefixed class(es); it is not desktop-only. Per-panel geometry at 375 not measured this wave.	mobile=partial @2026-08-31
13006:301601	partial	src/components/trench-redesign/trade/TransactionsPanel.tsx	/crypto/:symbol	STALE CLAIM CORRECTED: this rows note said "there is NO mobile/tablet treatment anywhere in trench-redesign". That is no longer true. TradeTerminal.tsx:116 ships grid-cols-1 gap-4 p-4 below lg and applies the frame numbers (313 rail / gap 6 / pad 8) at lg: only, with a comment at :113-115 that explicitly cites the 768 board 13006:260059 inset of 30px and the 375 board as full-bleed and calls the compact gap-4/p-4 deliberate. So the shell IS responsive; what is missing is PER-PANEL compact treatment. MOBILE 375 shell measured 2026-08-31 off page 13006:134300: Header-mobile 375x48 padding 6/19/6/19 fill #001615; Bottom-navigation-mobile 375x54 at y=758 padding 4 fill #001615@0.6; a TOP marquee scroller 1382x20 at y=48 fill #001615 (1382 wide on a 375 board - it deliberately overflows) and a BOTTOM scroller 375x22 at y=736 fill #122524; content column full-bleed 375 wide with an inner 346-wide block at x=15, itemSpacing 24. At 375 the code p-4 = 16 against the frames 15px inner inset - within 1px. This panel carries 2 breakpoint-prefixed class(es); it is not desktop-only. Per-panel geometry at 375 not measured this wave.	mobile=partial @2026-08-31
13006:302072	partial	src/components/trench-redesign/trade/TransactionsPanel.tsx	/crypto/:symbol	STALE CLAIM CORRECTED: this rows note said "there is NO mobile/tablet treatment anywhere in trench-redesign". That is no longer true. TradeTerminal.tsx:116 ships grid-cols-1 gap-4 p-4 below lg and applies the frame numbers (313 rail / gap 6 / pad 8) at lg: only, with a comment at :113-115 that explicitly cites the 768 board 13006:260059 inset of 30px and the 375 board as full-bleed and calls the compact gap-4/p-4 deliberate. So the shell IS responsive; what is missing is PER-PANEL compact treatment. MOBILE 375 shell measured 2026-08-31 off page 13006:134300: Header-mobile 375x48 padding 6/19/6/19 fill #001615; Bottom-navigation-mobile 375x54 at y=758 padding 4 fill #001615@0.6; a TOP marquee scroller 1382x20 at y=48 fill #001615 (1382 wide on a 375 board - it deliberately overflows) and a BOTTOM scroller 375x22 at y=736 fill #122524; content column full-bleed 375 wide with an inner 346-wide block at x=15, itemSpacing 24. At 375 the code p-4 = 16 against the frames 15px inner inset - within 1px. This panel carries 2 breakpoint-prefixed class(es); it is not desktop-only. Per-panel geometry at 375 not measured this wave.	mobile=partial @2026-08-31
13006:302656	partial	src/components/trench-redesign/trade/TransactionsPanel.tsx	/crypto/:symbol	STALE CLAIM CORRECTED: this rows note said "there is NO mobile/tablet treatment anywhere in trench-redesign". That is no longer true. TradeTerminal.tsx:116 ships grid-cols-1 gap-4 p-4 below lg and applies the frame numbers (313 rail / gap 6 / pad 8) at lg: only, with a comment at :113-115 that explicitly cites the 768 board 13006:260059 inset of 30px and the 375 board as full-bleed and calls the compact gap-4/p-4 deliberate. So the shell IS responsive; what is missing is PER-PANEL compact treatment. MOBILE 375 shell measured 2026-08-31 off page 13006:134300: Header-mobile 375x48 padding 6/19/6/19 fill #001615; Bottom-navigation-mobile 375x54 at y=758 padding 4 fill #001615@0.6; a TOP marquee scroller 1382x20 at y=48 fill #001615 (1382 wide on a 375 board - it deliberately overflows) and a BOTTOM scroller 375x22 at y=736 fill #122524; content column full-bleed 375 wide with an inner 346-wide block at x=15, itemSpacing 24. At 375 the code p-4 = 16 against the frames 15px inner inset - within 1px. This panel carries 2 breakpoint-prefixed class(es); it is not desktop-only. Per-panel geometry at 375 not measured this wave.	mobile=partial @2026-08-31
13006:302846	partial	src/components/trench-redesign/trade/TransactionsPanel.tsx	/crypto/:symbol	STALE CLAIM CORRECTED: this rows note said "there is NO mobile/tablet treatment anywhere in trench-redesign". That is no longer true. TradeTerminal.tsx:116 ships grid-cols-1 gap-4 p-4 below lg and applies the frame numbers (313 rail / gap 6 / pad 8) at lg: only, with a comment at :113-115 that explicitly cites the 768 board 13006:260059 inset of 30px and the 375 board as full-bleed and calls the compact gap-4/p-4 deliberate. So the shell IS responsive; what is missing is PER-PANEL compact treatment. MOBILE 375 shell measured 2026-08-31 off page 13006:134300: Header-mobile 375x48 padding 6/19/6/19 fill #001615; Bottom-navigation-mobile 375x54 at y=758 padding 4 fill #001615@0.6; a TOP marquee scroller 1382x20 at y=48 fill #001615 (1382 wide on a 375 board - it deliberately overflows) and a BOTTOM scroller 375x22 at y=736 fill #122524; content column full-bleed 375 wide with an inner 346-wide block at x=15, itemSpacing 24. At 375 the code p-4 = 16 against the frames 15px inner inset - within 1px. This panel carries 2 breakpoint-prefixed class(es); it is not desktop-only. Per-panel geometry at 375 not measured this wave.	mobile=partial @2026-08-31
13006:303093	partial	src/components/trench-redesign/trade/TransactionsPanel.tsx	/crypto/:symbol	STALE CLAIM CORRECTED: this rows note said "there is NO mobile/tablet treatment anywhere in trench-redesign". That is no longer true. TradeTerminal.tsx:116 ships grid-cols-1 gap-4 p-4 below lg and applies the frame numbers (313 rail / gap 6 / pad 8) at lg: only, with a comment at :113-115 that explicitly cites the 768 board 13006:260059 inset of 30px and the 375 board as full-bleed and calls the compact gap-4/p-4 deliberate. So the shell IS responsive; what is missing is PER-PANEL compact treatment. MOBILE 375 shell measured 2026-08-31 off page 13006:134300: Header-mobile 375x48 padding 6/19/6/19 fill #001615; Bottom-navigation-mobile 375x54 at y=758 padding 4 fill #001615@0.6; a TOP marquee scroller 1382x20 at y=48 fill #001615 (1382 wide on a 375 board - it deliberately overflows) and a BOTTOM scroller 375x22 at y=736 fill #122524; content column full-bleed 375 wide with an inner 346-wide block at x=15, itemSpacing 24. At 375 the code p-4 = 16 against the frames 15px inner inset - within 1px. This panel carries 2 breakpoint-prefixed class(es); it is not desktop-only. Per-panel geometry at 375 not measured this wave.	mobile=partial @2026-08-31
13006:303393	partial	src/components/trench-redesign/trade/TransactionsPanel.tsx	/crypto/:symbol	STALE CLAIM CORRECTED: this rows note said "there is NO mobile/tablet treatment anywhere in trench-redesign". That is no longer true. TradeTerminal.tsx:116 ships grid-cols-1 gap-4 p-4 below lg and applies the frame numbers (313 rail / gap 6 / pad 8) at lg: only, with a comment at :113-115 that explicitly cites the 768 board 13006:260059 inset of 30px and the 375 board as full-bleed and calls the compact gap-4/p-4 deliberate. So the shell IS responsive; what is missing is PER-PANEL compact treatment. MOBILE 375 shell measured 2026-08-31 off page 13006:134300: Header-mobile 375x48 padding 6/19/6/19 fill #001615; Bottom-navigation-mobile 375x54 at y=758 padding 4 fill #001615@0.6; a TOP marquee scroller 1382x20 at y=48 fill #001615 (1382 wide on a 375 board - it deliberately overflows) and a BOTTOM scroller 375x22 at y=736 fill #122524; content column full-bleed 375 wide with an inner 346-wide block at x=15, itemSpacing 24. At 375 the code p-4 = 16 against the frames 15px inner inset - within 1px. This panel carries 2 breakpoint-prefixed class(es); it is not desktop-only. Per-panel geometry at 375 not measured this wave.	mobile=partial @2026-08-31
13006:307267	partial	src/components/trench-redesign/trade/TradeTerminal.tsx	/crypto/:symbol	STALE CLAIM CORRECTED: this rows note said "there is NO mobile/tablet treatment anywhere in trench-redesign". That is no longer true. TradeTerminal.tsx:116 ships grid-cols-1 gap-4 p-4 below lg and applies the frame numbers (313 rail / gap 6 / pad 8) at lg: only, with a comment at :113-115 that explicitly cites the 768 board 13006:260059 inset of 30px and the 375 board as full-bleed and calls the compact gap-4/p-4 deliberate. So the shell IS responsive; what is missing is PER-PANEL compact treatment. MOBILE 375 shell measured 2026-08-31 off page 13006:134300: Header-mobile 375x48 padding 6/19/6/19 fill #001615; Bottom-navigation-mobile 375x54 at y=758 padding 4 fill #001615@0.6; a TOP marquee scroller 1382x20 at y=48 fill #001615 (1382 wide on a 375 board - it deliberately overflows) and a BOTTOM scroller 375x22 at y=736 fill #122524; content column full-bleed 375 wide with an inner 346-wide block at x=15, itemSpacing 24. At 375 the code p-4 = 16 against the frames 15px inner inset - within 1px. This panel carries 9 breakpoint-prefixed class(es); it is not desktop-only. Per-panel geometry at 375 not measured this wave.	mobile=partial @2026-08-31
13006:308399	partial	src/components/trench-redesign/trade/TradeTerminal.tsx	/crypto/:symbol	STALE CLAIM CORRECTED: this rows note said "there is NO mobile/tablet treatment anywhere in trench-redesign". That is no longer true. TradeTerminal.tsx:116 ships grid-cols-1 gap-4 p-4 below lg and applies the frame numbers (313 rail / gap 6 / pad 8) at lg: only, with a comment at :113-115 that explicitly cites the 768 board 13006:260059 inset of 30px and the 375 board as full-bleed and calls the compact gap-4/p-4 deliberate. So the shell IS responsive; what is missing is PER-PANEL compact treatment. MOBILE 375 shell measured 2026-08-31 off page 13006:134300: Header-mobile 375x48 padding 6/19/6/19 fill #001615; Bottom-navigation-mobile 375x54 at y=758 padding 4 fill #001615@0.6; a TOP marquee scroller 1382x20 at y=48 fill #001615 (1382 wide on a 375 board - it deliberately overflows) and a BOTTOM scroller 375x22 at y=736 fill #122524; content column full-bleed 375 wide with an inner 346-wide block at x=15, itemSpacing 24. At 375 the code p-4 = 16 against the frames 15px inner inset - within 1px. This panel carries 9 breakpoint-prefixed class(es); it is not desktop-only. Per-panel geometry at 375 not measured this wave.	mobile=partial @2026-08-31
13006:319384	partial	src/components/trench-redesign/trade/AlphaTrackerModal.tsx	/home (sidebar "Alpha")	STALE CLAIM CORRECTED: this rows note said "there is NO mobile/tablet treatment anywhere in trench-redesign". That is no longer true. TradeTerminal.tsx:116 ships grid-cols-1 gap-4 p-4 below lg and applies the frame numbers (313 rail / gap 6 / pad 8) at lg: only, with a comment at :113-115 that explicitly cites the 768 board 13006:260059 inset of 30px and the 375 board as full-bleed and calls the compact gap-4/p-4 deliberate. So the shell IS responsive; what is missing is PER-PANEL compact treatment. MOBILE 375 shell measured 2026-08-31 off page 13006:134300: Header-mobile 375x48 padding 6/19/6/19 fill #001615; Bottom-navigation-mobile 375x54 at y=758 padding 4 fill #001615@0.6; a TOP marquee scroller 1382x20 at y=48 fill #001615 (1382 wide on a 375 board - it deliberately overflows) and a BOTTOM scroller 375x22 at y=736 fill #122524; content column full-bleed 375 wide with an inner 346-wide block at x=15, itemSpacing 24. At 375 the code p-4 = 16 against the frames 15px inner inset - within 1px. THIS panel carries ZERO breakpoint-prefixed classes, so it renders its desktop layout unchanged at 375. Not measured pixel-by-pixel; recorded as the reachable, checkable fact.	mobile=partial @2026-08-31
13006:319525	partial	src/components/trench-redesign/trade/AlphaTrackerModal.tsx	/home (sidebar "Alpha")	STALE CLAIM CORRECTED: this rows note said "there is NO mobile/tablet treatment anywhere in trench-redesign". That is no longer true. TradeTerminal.tsx:116 ships grid-cols-1 gap-4 p-4 below lg and applies the frame numbers (313 rail / gap 6 / pad 8) at lg: only, with a comment at :113-115 that explicitly cites the 768 board 13006:260059 inset of 30px and the 375 board as full-bleed and calls the compact gap-4/p-4 deliberate. So the shell IS responsive; what is missing is PER-PANEL compact treatment. MOBILE 375 shell measured 2026-08-31 off page 13006:134300: Header-mobile 375x48 padding 6/19/6/19 fill #001615; Bottom-navigation-mobile 375x54 at y=758 padding 4 fill #001615@0.6; a TOP marquee scroller 1382x20 at y=48 fill #001615 (1382 wide on a 375 board - it deliberately overflows) and a BOTTOM scroller 375x22 at y=736 fill #122524; content column full-bleed 375 wide with an inner 346-wide block at x=15, itemSpacing 24. At 375 the code p-4 = 16 against the frames 15px inner inset - within 1px. THIS panel carries ZERO breakpoint-prefixed classes, so it renders its desktop layout unchanged at 375. Not measured pixel-by-pixel; recorded as the reachable, checkable fact.	mobile=partial @2026-08-31
13006:321307	partial	src/components/trench-redesign/trade/AlphaTrackerModal.tsx	/home (sidebar "Alpha")	STALE CLAIM CORRECTED: this rows note said "there is NO mobile/tablet treatment anywhere in trench-redesign". That is no longer true. TradeTerminal.tsx:116 ships grid-cols-1 gap-4 p-4 below lg and applies the frame numbers (313 rail / gap 6 / pad 8) at lg: only, with a comment at :113-115 that explicitly cites the 768 board 13006:260059 inset of 30px and the 375 board as full-bleed and calls the compact gap-4/p-4 deliberate. So the shell IS responsive; what is missing is PER-PANEL compact treatment. MOBILE 375 shell measured 2026-08-31 off page 13006:134300: Header-mobile 375x48 padding 6/19/6/19 fill #001615; Bottom-navigation-mobile 375x54 at y=758 padding 4 fill #001615@0.6; a TOP marquee scroller 1382x20 at y=48 fill #001615 (1382 wide on a 375 board - it deliberately overflows) and a BOTTOM scroller 375x22 at y=736 fill #122524; content column full-bleed 375 wide with an inner 346-wide block at x=15, itemSpacing 24. At 375 the code p-4 = 16 against the frames 15px inner inset - within 1px. THIS panel carries ZERO breakpoint-prefixed classes, so it renders its desktop layout unchanged at 375. Not measured pixel-by-pixel; recorded as the reachable, checkable fact.	mobile=partial @2026-08-31
13006:321483	partial	src/components/trench-redesign/trade/KOLsPanel.tsx	/crypto/:symbol	STALE CLAIM CORRECTED: this rows note said "there is NO mobile/tablet treatment anywhere in trench-redesign". That is no longer true. TradeTerminal.tsx:116 ships grid-cols-1 gap-4 p-4 below lg and applies the frame numbers (313 rail / gap 6 / pad 8) at lg: only, with a comment at :113-115 that explicitly cites the 768 board 13006:260059 inset of 30px and the 375 board as full-bleed and calls the compact gap-4/p-4 deliberate. So the shell IS responsive; what is missing is PER-PANEL compact treatment. MOBILE 375 shell measured 2026-08-31 off page 13006:134300: Header-mobile 375x48 padding 6/19/6/19 fill #001615; Bottom-navigation-mobile 375x54 at y=758 padding 4 fill #001615@0.6; a TOP marquee scroller 1382x20 at y=48 fill #001615 (1382 wide on a 375 board - it deliberately overflows) and a BOTTOM scroller 375x22 at y=736 fill #122524; content column full-bleed 375 wide with an inner 346-wide block at x=15, itemSpacing 24. At 375 the code p-4 = 16 against the frames 15px inner inset - within 1px. THIS panel carries ZERO breakpoint-prefixed classes, so it renders its desktop layout unchanged at 375. Not measured pixel-by-pixel; recorded as the reachable, checkable fact.	mobile=partial @2026-08-31
13006:321618	partial	src/components/trench-redesign/trade/KOLsPanel.tsx	/crypto/:symbol	STALE CLAIM CORRECTED: this rows note said "there is NO mobile/tablet treatment anywhere in trench-redesign". That is no longer true. TradeTerminal.tsx:116 ships grid-cols-1 gap-4 p-4 below lg and applies the frame numbers (313 rail / gap 6 / pad 8) at lg: only, with a comment at :113-115 that explicitly cites the 768 board 13006:260059 inset of 30px and the 375 board as full-bleed and calls the compact gap-4/p-4 deliberate. So the shell IS responsive; what is missing is PER-PANEL compact treatment. MOBILE 375 shell measured 2026-08-31 off page 13006:134300: Header-mobile 375x48 padding 6/19/6/19 fill #001615; Bottom-navigation-mobile 375x54 at y=758 padding 4 fill #001615@0.6; a TOP marquee scroller 1382x20 at y=48 fill #001615 (1382 wide on a 375 board - it deliberately overflows) and a BOTTOM scroller 375x22 at y=736 fill #122524; content column full-bleed 375 wide with an inner 346-wide block at x=15, itemSpacing 24. At 375 the code p-4 = 16 against the frames 15px inner inset - within 1px. THIS panel carries ZERO breakpoint-prefixed classes, so it renders its desktop layout unchanged at 375. Not measured pixel-by-pixel; recorded as the reachable, checkable fact.	mobile=partial @2026-08-31
13006:321865	partial	src/components/trench-redesign/trade/KOLsPanel.tsx	/crypto/:symbol	STALE CLAIM CORRECTED: this rows note said "there is NO mobile/tablet treatment anywhere in trench-redesign". That is no longer true. TradeTerminal.tsx:116 ships grid-cols-1 gap-4 p-4 below lg and applies the frame numbers (313 rail / gap 6 / pad 8) at lg: only, with a comment at :113-115 that explicitly cites the 768 board 13006:260059 inset of 30px and the 375 board as full-bleed and calls the compact gap-4/p-4 deliberate. So the shell IS responsive; what is missing is PER-PANEL compact treatment. MOBILE 375 shell measured 2026-08-31 off page 13006:134300: Header-mobile 375x48 padding 6/19/6/19 fill #001615; Bottom-navigation-mobile 375x54 at y=758 padding 4 fill #001615@0.6; a TOP marquee scroller 1382x20 at y=48 fill #001615 (1382 wide on a 375 board - it deliberately overflows) and a BOTTOM scroller 375x22 at y=736 fill #122524; content column full-bleed 375 wide with an inner 346-wide block at x=15, itemSpacing 24. At 375 the code p-4 = 16 against the frames 15px inner inset - within 1px. THIS panel carries ZERO breakpoint-prefixed classes, so it renders its desktop layout unchanged at 375. Not measured pixel-by-pixel; recorded as the reachable, checkable fact.	mobile=partial @2026-08-31
13006:328333	partial	src/components/trench-redesign/trade/TradeTerminal.tsx	/crypto/:symbol	STALE CLAIM CORRECTED: this rows note said "there is NO mobile/tablet treatment anywhere in trench-redesign". That is no longer true. TradeTerminal.tsx:116 ships grid-cols-1 gap-4 p-4 below lg and applies the frame numbers (313 rail / gap 6 / pad 8) at lg: only, with a comment at :113-115 that explicitly cites the 768 board 13006:260059 inset of 30px and the 375 board as full-bleed and calls the compact gap-4/p-4 deliberate. So the shell IS responsive; what is missing is PER-PANEL compact treatment. TABLET 768 shell measured 2026-08-31 off page 13006:134300: Header-tablet 768x52 padding 6/19/6/19 fill #001615; Bottom-navigation-tablet 768x52 at y=972 padding 8/19 fill #001615@0.6; content main at (30,76) 708 wide (768-2*30) itemSpacing 24 (Frame 445 gap 24, main gap 8); bottom scroller 768x22 at y=950 fill #122524; a node literally named "scrolling bar - not needed for tablet" 1382x16 sits off-board. MEASURED MISS at 768: frame content inset is 30 each side (708 of 768); code p-4 = 16. 14px per side. This panel carries 9 breakpoint-prefixed class(es); it is not desktop-only. Per-panel geometry at 768 not measured this wave.	tablet=partial @2026-08-31
13006:329764	partial	src/components/trench-redesign/trade/TradeTerminal.tsx	/crypto/:symbol	STALE CLAIM CORRECTED: this rows note said "there is NO mobile/tablet treatment anywhere in trench-redesign". That is no longer true. TradeTerminal.tsx:116 ships grid-cols-1 gap-4 p-4 below lg and applies the frame numbers (313 rail / gap 6 / pad 8) at lg: only, with a comment at :113-115 that explicitly cites the 768 board 13006:260059 inset of 30px and the 375 board as full-bleed and calls the compact gap-4/p-4 deliberate. So the shell IS responsive; what is missing is PER-PANEL compact treatment. TABLET 768 shell measured 2026-08-31 off page 13006:134300: Header-tablet 768x52 padding 6/19/6/19 fill #001615; Bottom-navigation-tablet 768x52 at y=972 padding 8/19 fill #001615@0.6; content main at (30,76) 708 wide (768-2*30) itemSpacing 24 (Frame 445 gap 24, main gap 8); bottom scroller 768x22 at y=950 fill #122524; a node literally named "scrolling bar - not needed for tablet" 1382x16 sits off-board. MEASURED MISS at 768: frame content inset is 30 each side (708 of 768); code p-4 = 16. 14px per side. This panel carries 9 breakpoint-prefixed class(es); it is not desktop-only. Per-panel geometry at 768 not measured this wave.	tablet=partial @2026-08-31
13006:344161	partial	src/components/trench-redesign/trade/AlphaTrackerModal.tsx	/home (sidebar "Alpha")	STALE CLAIM CORRECTED: this rows note said "there is NO mobile/tablet treatment anywhere in trench-redesign". That is no longer true. TradeTerminal.tsx:116 ships grid-cols-1 gap-4 p-4 below lg and applies the frame numbers (313 rail / gap 6 / pad 8) at lg: only, with a comment at :113-115 that explicitly cites the 768 board 13006:260059 inset of 30px and the 375 board as full-bleed and calls the compact gap-4/p-4 deliberate. So the shell IS responsive; what is missing is PER-PANEL compact treatment. TABLET 768 shell measured 2026-08-31 off page 13006:134300: Header-tablet 768x52 padding 6/19/6/19 fill #001615; Bottom-navigation-tablet 768x52 at y=972 padding 8/19 fill #001615@0.6; content main at (30,76) 708 wide (768-2*30) itemSpacing 24 (Frame 445 gap 24, main gap 8); bottom scroller 768x22 at y=950 fill #122524; a node literally named "scrolling bar - not needed for tablet" 1382x16 sits off-board. MEASURED MISS at 768: frame content inset is 30 each side (708 of 768); code p-4 = 16. 14px per side. THIS panel carries ZERO breakpoint-prefixed classes, so it renders its desktop layout unchanged at 768. Not measured pixel-by-pixel; recorded as the reachable, checkable fact.	tablet=partial @2026-08-31
13006:344352	partial	src/components/trench-redesign/trade/KOLsPanel.tsx	/crypto/:symbol	STALE CLAIM CORRECTED: this rows note said "there is NO mobile/tablet treatment anywhere in trench-redesign". That is no longer true. TradeTerminal.tsx:116 ships grid-cols-1 gap-4 p-4 below lg and applies the frame numbers (313 rail / gap 6 / pad 8) at lg: only, with a comment at :113-115 that explicitly cites the 768 board 13006:260059 inset of 30px and the 375 board as full-bleed and calls the compact gap-4/p-4 deliberate. So the shell IS responsive; what is missing is PER-PANEL compact treatment. TABLET 768 shell measured 2026-08-31 off page 13006:134300: Header-tablet 768x52 padding 6/19/6/19 fill #001615; Bottom-navigation-tablet 768x52 at y=972 padding 8/19 fill #001615@0.6; content main at (30,76) 708 wide (768-2*30) itemSpacing 24 (Frame 445 gap 24, main gap 8); bottom scroller 768x22 at y=950 fill #122524; a node literally named "scrolling bar - not needed for tablet" 1382x16 sits off-board. MEASURED MISS at 768: frame content inset is 30 each side (708 of 768); code p-4 = 16. 14px per side. THIS panel carries ZERO breakpoint-prefixed classes, so it renders its desktop layout unchanged at 768. Not measured pixel-by-pixel; recorded as the reachable, checkable fact.	tablet=partial @2026-08-31
13006:344538	partial	src/components/trench-redesign/trade/AlphaTrackerModal.tsx	/home (sidebar "Alpha")	STALE CLAIM CORRECTED: this rows note said "there is NO mobile/tablet treatment anywhere in trench-redesign". That is no longer true. TradeTerminal.tsx:116 ships grid-cols-1 gap-4 p-4 below lg and applies the frame numbers (313 rail / gap 6 / pad 8) at lg: only, with a comment at :113-115 that explicitly cites the 768 board 13006:260059 inset of 30px and the 375 board as full-bleed and calls the compact gap-4/p-4 deliberate. So the shell IS responsive; what is missing is PER-PANEL compact treatment. TABLET 768 shell measured 2026-08-31 off page 13006:134300: Header-tablet 768x52 padding 6/19/6/19 fill #001615; Bottom-navigation-tablet 768x52 at y=972 padding 8/19 fill #001615@0.6; content main at (30,76) 708 wide (768-2*30) itemSpacing 24 (Frame 445 gap 24, main gap 8); bottom scroller 768x22 at y=950 fill #122524; a node literally named "scrolling bar - not needed for tablet" 1382x16 sits off-board. MEASURED MISS at 768: frame content inset is 30 each side (708 of 768); code p-4 = 16. 14px per side. THIS panel carries ZERO breakpoint-prefixed classes, so it renders its desktop layout unchanged at 768. Not measured pixel-by-pixel; recorded as the reachable, checkable fact.	tablet=partial @2026-08-31
13006:346515	partial	src/components/trench-redesign/trade/KOLsPanel.tsx	/crypto/:symbol	STALE CLAIM CORRECTED: this rows note said "there is NO mobile/tablet treatment anywhere in trench-redesign". That is no longer true. TradeTerminal.tsx:116 ships grid-cols-1 gap-4 p-4 below lg and applies the frame numbers (313 rail / gap 6 / pad 8) at lg: only, with a comment at :113-115 that explicitly cites the 768 board 13006:260059 inset of 30px and the 375 board as full-bleed and calls the compact gap-4/p-4 deliberate. So the shell IS responsive; what is missing is PER-PANEL compact treatment. TABLET 768 shell measured 2026-08-31 off page 13006:134300: Header-tablet 768x52 padding 6/19/6/19 fill #001615; Bottom-navigation-tablet 768x52 at y=972 padding 8/19 fill #001615@0.6; content main at (30,76) 708 wide (768-2*30) itemSpacing 24 (Frame 445 gap 24, main gap 8); bottom scroller 768x22 at y=950 fill #122524; a node literally named "scrolling bar - not needed for tablet" 1382x16 sits off-board. MEASURED MISS at 768: frame content inset is 30 each side (708 of 768); code p-4 = 16. 14px per side. THIS panel carries ZERO breakpoint-prefixed classes, so it renders its desktop layout unchanged at 768. Not measured pixel-by-pixel; recorded as the reachable, checkable fact.	tablet=partial @2026-08-31
13006:346820	partial	src/components/trench-redesign/trade/AlphaTrackerModal.tsx	/home (sidebar "Alpha")	STALE CLAIM CORRECTED: this rows note said "there is NO mobile/tablet treatment anywhere in trench-redesign". That is no longer true. TradeTerminal.tsx:116 ships grid-cols-1 gap-4 p-4 below lg and applies the frame numbers (313 rail / gap 6 / pad 8) at lg: only, with a comment at :113-115 that explicitly cites the 768 board 13006:260059 inset of 30px and the 375 board as full-bleed and calls the compact gap-4/p-4 deliberate. So the shell IS responsive; what is missing is PER-PANEL compact treatment. TABLET 768 shell measured 2026-08-31 off page 13006:134300: Header-tablet 768x52 padding 6/19/6/19 fill #001615; Bottom-navigation-tablet 768x52 at y=972 padding 8/19 fill #001615@0.6; content main at (30,76) 708 wide (768-2*30) itemSpacing 24 (Frame 445 gap 24, main gap 8); bottom scroller 768x22 at y=950 fill #122524; a node literally named "scrolling bar - not needed for tablet" 1382x16 sits off-board. MEASURED MISS at 768: frame content inset is 30 each side (708 of 768); code p-4 = 16. 14px per side. THIS panel carries ZERO breakpoint-prefixed classes, so it renders its desktop layout unchanged at 768. Not measured pixel-by-pixel; recorded as the reachable, checkable fact.	tablet=partial @2026-08-31
13006:347046	partial	src/components/trench-redesign/trade/KOLsPanel.tsx	/crypto/:symbol	STALE CLAIM CORRECTED: this rows note said "there is NO mobile/tablet treatment anywhere in trench-redesign". That is no longer true. TradeTerminal.tsx:116 ships grid-cols-1 gap-4 p-4 below lg and applies the frame numbers (313 rail / gap 6 / pad 8) at lg: only, with a comment at :113-115 that explicitly cites the 768 board 13006:260059 inset of 30px and the 375 board as full-bleed and calls the compact gap-4/p-4 deliberate. So the shell IS responsive; what is missing is PER-PANEL compact treatment. TABLET 768 shell measured 2026-08-31 off page 13006:134300: Header-tablet 768x52 padding 6/19/6/19 fill #001615; Bottom-navigation-tablet 768x52 at y=972 padding 8/19 fill #001615@0.6; content main at (30,76) 708 wide (768-2*30) itemSpacing 24 (Frame 445 gap 24, main gap 8); bottom scroller 768x22 at y=950 fill #122524; a node literally named "scrolling bar - not needed for tablet" 1382x16 sits off-board. MEASURED MISS at 768: frame content inset is 30 each side (708 of 768); code p-4 = 16. 14px per side. THIS panel carries ZERO breakpoint-prefixed classes, so it renders its desktop layout unchanged at 768. Not measured pixel-by-pixel; recorded as the reachable, checkable fact.	tablet=partial @2026-08-31
13006:356941	partial	src/components/trench-redesign/trade/AlphaTrackerModal.tsx	/home (sidebar "Alpha")	STALE CLAIM CORRECTED: this rows note said "there is NO mobile/tablet treatment anywhere in trench-redesign". That is no longer true. TradeTerminal.tsx:116 ships grid-cols-1 gap-4 p-4 below lg and applies the frame numbers (313 rail / gap 6 / pad 8) at lg: only, with a comment at :113-115 that explicitly cites the 768 board 13006:260059 inset of 30px and the 375 board as full-bleed and calls the compact gap-4/p-4 deliberate. So the shell IS responsive; what is missing is PER-PANEL compact treatment. MOBILE 375 shell measured 2026-08-31 off page 13006:134300: Header-mobile 375x48 padding 6/19/6/19 fill #001615; Bottom-navigation-mobile 375x54 at y=758 padding 4 fill #001615@0.6; a TOP marquee scroller 1382x20 at y=48 fill #001615 (1382 wide on a 375 board - it deliberately overflows) and a BOTTOM scroller 375x22 at y=736 fill #122524; content column full-bleed 375 wide with an inner 346-wide block at x=15, itemSpacing 24. At 375 the code p-4 = 16 against the frames 15px inner inset - within 1px. THIS panel carries ZERO breakpoint-prefixed classes, so it renders its desktop layout unchanged at 375. Not measured pixel-by-pixel; recorded as the reachable, checkable fact.	mobile=partial @2026-08-31
13006:357209	partial	src/components/trench-redesign/trade/AlphaTrackerModal.tsx	/home (sidebar "Alpha")	STALE CLAIM CORRECTED: this rows note said "there is NO mobile/tablet treatment anywhere in trench-redesign". That is no longer true. TradeTerminal.tsx:116 ships grid-cols-1 gap-4 p-4 below lg and applies the frame numbers (313 rail / gap 6 / pad 8) at lg: only, with a comment at :113-115 that explicitly cites the 768 board 13006:260059 inset of 30px and the 375 board as full-bleed and calls the compact gap-4/p-4 deliberate. So the shell IS responsive; what is missing is PER-PANEL compact treatment. TABLET 768 shell measured 2026-08-31 off page 13006:134300: Header-tablet 768x52 padding 6/19/6/19 fill #001615; Bottom-navigation-tablet 768x52 at y=972 padding 8/19 fill #001615@0.6; content main at (30,76) 708 wide (768-2*30) itemSpacing 24 (Frame 445 gap 24, main gap 8); bottom scroller 768x22 at y=950 fill #122524; a node literally named "scrolling bar - not needed for tablet" 1382x16 sits off-board. MEASURED MISS at 768: frame content inset is 30 each side (708 of 768); code p-4 = 16. 14px per side. THIS panel carries ZERO breakpoint-prefixed classes, so it renders its desktop layout unchanged at 768. Not measured pixel-by-pixel; recorded as the reachable, checkable fact.	tablet=partial @2026-08-31
Trench > Alerts - toggle off [13006-312095]	done	src/components/trench-redesign/discover/AlertsModal.tsx	/trench	Measured 2026-08-31 off 13006:134300. Frame 375: Overlay 375x812 #001615@0.44; modal 354 wide @x=11 (375-2*11=353) VERTICAL gap 24 padding 12/12/12/12 radius 16 fill #122524. Code AlertsModal.tsx:112 base gap-6=24, p-3 with sm:p-3=12, rounded-xl=16 on OUR scale, bg-[#122524], scrim bg-[#001615]/[0.44]. Four for four.	mobile=renders @2026-08-31
Trench > Alerts - toggle on [13006-313250]	done	src/components/trench-redesign/discover/AlertsModal.tsx	/trench	Same 375 measurement as 13006-312095 with the list expanded: modal 354x480 @(11,166), gap 24, pad 12, radius 16, fill #122524, scrim #001615@0.44. Code base gap-6=24 / p-3=12 / rounded-xl=16 all match.	mobile=renders @2026-08-31
Trench > Alerts - toggle off [13006-334343]	done	src/components/trench-redesign/discover/AlertsModal.tsx	/trench	Measured 2026-08-31. Frame 768: modal 448 wide @x=160 (160+448=608, 768-608=160, centred), gap 24, pad 12/12/12/12, radius 16, fill #122524, scrim #001615@0.44. Code max-w-[448px] is the frames width EXACTLY, sm:p-3=12 (the sm: copy is load-bearing - DialogContents base sm:p-6 would win back 24px from 640 up), gap-6=24, rounded-xl=16. Four for four.	tablet=renders @2026-08-31
Trench > Alerts - toggle on [13006-335797]	done	src/components/trench-redesign/discover/AlertsModal.tsx	/trench	Same 768 measurement as 13006-334343 with the list expanded: modal 448x494 @(160,265), gap 24, pad 12, radius 16, fill #122524. Code 448/24/12/16 all match.	tablet=renders @2026-08-31
Trench > Blacklist [13006-309673]	done	src/components/trench-redesign/discover/BlacklistModal.tsx	/trench	Measured 2026-08-31. Frame 375: modal 354 wide @x=11, VERTICAL gap 24, padding 24/12/24/12, radius 16, fill #122524, scrim #001615@0.44. Code BlacklistModal.tsx:193 base px-3=12 py-6=24 (so 24/12/24/12 exact), gap-6=24, rounded-xl=16, bg-[#122524], scrim bg-[#001615]/[0.44]. Five for five - note the asymmetric padding is transcribed correctly, which is the value most often flattened to a single p-*.	mobile=renders @2026-08-31
Trench > Blacklist [13006-331324]	done	src/components/trench-redesign/discover/BlacklistModal.tsx	/trench	Measured 2026-08-31. Frame 768: modal 448 wide @x=160 (centred), 344 tall, gap 24, padding 24/12/24/12, radius 16, fill #122524. Code max-w-[448px] = the frames width exactly, sm:px-3=12 sm:py-6=24, gap-6=24, rounded-xl=16. Five for five.	tablet=renders @2026-08-31
Trench > Filters [13006-315650]	done	src/components/trench-redesign/discover/FiltersPanel.tsx	/trench	FIXED THIS WAVE (see 13006-176980). Measured 2026-08-31: Right menu - Audit 359 wide @x=8 y=8 h=796 (375-2*8=359), VERTICAL gap 32, padding 12/12/12/12, radius 12, fill #122524@0.8; NO Overlay child so no scrim. FiltersPanel now ships RIGHT_MENU_SHEET_CLASS: w-[calc(100%-1rem)] = 375-16 = 359, inset-y-2 right-2 = the 8px float, rounded-lg = 12 on OUR scale (Figmas name for 12 is lg too here but the class was picked by pixel value), p-3 = 12, bg-[rgba(18,37,36,0.8)]. Four for four at 375. Oracle FiltersPanel.figma.test.tsx asserts this stop.	mobile=renders @2026-08-31
Trench > Filters [13006-338795]	partial	src/components/trench-redesign/discover/FiltersPanel.tsx	/trench	FIXED THIS WAVE for width/padding/fill; ONE frame disagreement left. Measured 2026-08-31: Right menu - Audit 442 wide @(318,8) h=1008 (1024-2*8), VERTICAL gap 32, padding 20/20/20/20, radius 12, fill #122524@0.8, no scrim. Code now ships sm:max-w-[442px]=442, md:p-5=20, bg-[rgba(18,37,36,0.8)] - three exact. RADIUS DISAGREES ACROSS FRAMES AT THE SAME WIDTH: this frame reads 12, but 13006:263046 (Chart - Instant trade settings, 768x1024) draws its Right menu at 442 wide, padding 20, radius 16. The shared md:rounded-xl ships 16, so Filters at 768 is 16 against this frames 12. Not changed - one class serves seven panels and the frames are not unanimous. Casey call.	tablet=partial @2026-08-31
Trench > One-click trade settings - modal off 1VH [13006-198981]	done	src/components/trench-redesign/trade/OneClickTradeModal.tsx	/trench	Measured 2026-08-31 off 13006:134300. Frame: Overlay 1440x900 #001615@0.44; modal 564x296 @(438,302) VERTICAL gap 40 padding 24/24/24/24 radius 32 fill #122524. Code OneClickTradeModal.tsx:154 lg:max-w-[564px]=564, lg:gap-10=40, lg:p-6=24, lg:rounded-[32px]=32, bg-[#122524], overlayClassName=TRENCH_MODAL_OVERLAY_CLASS=bg-[#001615]/[0.44]. Six for six. Shell behind is the standard Trench shell (top scroller 1382x20 #001615, content 1382x802, bottom scroller 1382x22 #122524).	desktop=renders @2026-08-31
Trench > Trade > Holders 1VH [13006-221940]	partial	src/components/trench-redesign/trade/HoldersPanel.tsx	/crypto/:symbol	Measured 2026-08-31 off 13006:134300. Board is 1440x1530 (not 900). Column geometry identical to 13006-210576 and matches TradeTerminal.tsx:116 exactly: Frame 443 x=8 w=1047, Multi-panel - combined x=1061 w=313, gap 6, pad 8. The panel itself is the bottom section Frame 444 @(8,640) 1047 wide gap 16 -> section -> Frame 300 tab header 1047x48 padding 4/16/0/16 fill #122524, then Frame 267 body 1047x602 padding 16/16/16/16 itemSpacing 32 fill #122524. Panel body internals (column widths, row height) not read this wave. FRAME INCONSISTENCY worth noting: this frame carries a page FOOTER (logos/skai-short 77x32 @(32,1341), nav row Frame 417 997x18 @(32,1402), Ellipse 24 1799x1799 #17f9b4) which the sibling Transactions and Bubblemaps frames omit.	desktop=partial @2026-08-31
Trench > Trade > Holders - full screen 1VH [13006-224897]	partial	src/components/trench-redesign/trade/HoldersPanel.tsx	/crypto/:symbol	Measured 2026-08-31: 1440x1319 board, same shell (header 56, rail 58, content 1382x1241 @(58,56), scroller 1382x22 @(58,1297)). Full-screen variant of 13006-221940; the panel-expanded state was not measured against HoldersPanel. Same 1047/313/6/8 column geometry, which the code matches.	desktop=partial @2026-08-31
Trench > Trade > KOLs 1VH [13006-227835]	partial	src/components/trench-redesign/trade/KOLsPanel.tsx	/crypto/:symbol	Measured 2026-08-31. 1440x1530 board, same column geometry as 13006-221940 (1047 / 313 @1061 / gap 6 / pad 8, all matching TradeTerminal.tsx:116) and the same bottom section shape: Frame 444 @(8,640) 1047x650 gap 16, tab header 1047x48 pad 4/16/0/16 #122524, body pad 16 gap 32 #122524. Carries the page footer that Transactions/Bubblemaps omit. KOLsPanel.tsx carries ZERO breakpoint-prefixed classes, so it is desktop-only by construction.	desktop=partial @2026-08-31
Trench > Trade > Dev tokens 1VH [13006-230793]	partial	src/components/trench-redesign/trade/DevTokensPanel.tsx	/crypto/:symbol	Measured 2026-08-31. 1440x1530 board, identical column geometry (1047/313/6/8) and section shape to 13006-221940; the only measured difference between the five panel frames is the bottom sections height - 650 Holders, 650 KOLs, 522 here, 670 Transactions, 721 Bubblemaps. Carries the page footer. Panel column set not re-measured (prior wave recorded nine columns built).	desktop=partial @2026-08-31
Trench > Trade > Transactions 1VH [13006-233358]	partial	src/components/trench-redesign/trade/TransactionsPanel.tsx	/crypto/:symbol	Measured 2026-08-31. 1440x1530 board. Column geometry 1047 / 313 @1061 / gap 6 / pad 8 matches TradeTerminal.tsx:116. Bottom section Frame 444 @(8,640) 1047x670 gap 16 -> tab header Frame 300 1047x48 padding 4/16/0/16 fill #122524 -> body Frame 267 1047x622 padding 16/16/16/16 itemSpacing 32 fill #122524. This frame does NOT carry the page footer that Holders/KOLs/Dev-tokens do. Row internals not measured.	desktop=partial @2026-08-31
Trench > Trade > Bubblemaps 1VH [13006-239242]	partial	src/components/trench-redesign/trade/BubblemapsPanel.tsx	/crypto/:symbol	Measured 2026-08-31. 1440x1530 board, same 1047/313/6/8 column geometry, bottom section Frame 444 @(8,640) 1047x721 gap 16 with the same 48px tab header / padding-16 gap-32 body. No page footer. Panel ships an honest offline state for the live bubblemap graph (prior wave); that behaviour was not re-verified and must not be turned into a zero.	desktop=partial @2026-08-31
Launch > Live 1VH [13006-148857]	partial	src/components/trade/LaunchLiveBoard.tsx	/trade/live	Measured 2026-08-31 off 13006:134300. Frame 1440x900: main 1382x828 @(58,56); content Frame 521 @(32,44) 1318 wide (1382-2*32) VERTICAL gap 32; a hero deck of overlapping cards Frame 353/351 300x169 and Frame 352/347 400x225, each padding 8 radius 16; a Main container 738x402 @(290,68); below it a second Main container 1318x1108 @(32,546) gap 32 whose Frame 269 is 680x244 padding 16 itemSpacing 32 radius 24 fill #122524; section subtitle 16px #95A09F. Code LaunchLiveBoard.tsx ships cards at w-[146px] md:w-[240px] with rounded-lg (12 on our scale) against the frames 300/400 at radius 16 - three measured misses on the hero deck alone. Board is built and routed, so partial.	desktop=partial @2026-08-31
Launch > Live [13006-149613]	partial	src/components/trade/LaunchLiveBoard.tsx	/trade/live	Measured 2026-08-31. The SCROLLED/full-height twin of 13006-148857: 1440x2051, main 1382x1973, same Frame 522 hero deck @(32,24) 1318x470 gap 32 with the same 300x169 / 400x225 radius-16 padding-8 cards, same Main container 1318x1108 @(32,526) gap 32 and Frame 269 680x244 pad 16 gap 32 r24 #122524. Adds a page footer (Frame 417 1260x18 @(32,1923)) and a decorative Ellipse 24 1799x1799 op 0.19 fill #17f9b4 at (-179,1876). Same card-size and radius misses as 13006-148857.	desktop=partial @2026-08-31
Trade > Spot > Sidebar 1VH [13006-255386]	partial	src/pages/trade/Spot.tsx + src/components/trade/mobile/	/spot	Measured 2026-08-31 off 13006:134300. Frame 768x1024: Header-tablet 768x52 padding 6/19; Bottom-navigation-tablet 768x52 @(0,972) padding 8/19 fill #001615@0.6; main @(30,76) 708 wide (768-2*30) VERTICAL gap 8; Frame 6 header 708x58 padding 12 radius 12 fill #122524; Frame 11 stats 708x52 padding 6/12 radius 12 fill #001615; Frame 1219 708x584 = tab header Frame 300 708x40 padding 8/12/4/12 #122524 + TradingView 708x544 padding 12 gap 8 #122524; Frame 444 708x269 gap 16; a floating action bar Frame 1217 730x66 @(19,874) padding 8 radius 16 fill #001615@0.6; and an OPEN sidebar overlay 318x1024 padding 9/8 fill #001615. Code path is live (Spot.tsx:113-114 unconditional, REDESIGN_TRADE_MOBILE gate removed) via src/components/trade/mobile/MobileTradeShell + MobileContentTabs + MobileBuySellBar; per-node comparison not completed this wave.	tablet=partial @2026-08-31
Trade > Spot > Sidebar 1VH [13006-294295]	partial	src/pages/trade/Spot.tsx + src/components/trade/mobile/	/spot	Measured 2026-08-31. Frame 375x812: Header-mobile 375x48 padding 6/19; Bottom-navigation-mobile 375x54 @(0,758) padding 4 fill #001615@0.6; content Frame 1341 375x925 @(0,48) -> Frame 1340 VERTICAL gap 4 -> Frame 6 header 375x110 padding 16/16/12/16 fill #122524, Frame 11 stats 375x94 padding 12/16 fill #001615, Frame 1221 375x452, Frame 444 375x257 gap 16. Note the mobile card stack is FULL-BLEED (375 wide, no side inset) and radius-less, unlike the 768 frame which insets 30 and rounds to 12. Floating action bar Frame 1217 360x56 @(7,690) padding 8 radius 16 fill #001615@0.6; OPEN sidebar overlay 296x812 padding 9/8 fill #001615. Per-node comparison against src/components/trade/mobile/ not completed this wave.	mobile=partial @2026-08-31
Launch > new token 1VH [13006-243693]	partial	src/pages/trade/TokenTradeDetail.tsx	/crypto/:symbol	Measured 2026-08-31 off 13006:134300. Frame 1440x900 with main 1382x1429. Column geometry is the Trench terminals: Frame 443 x=8 w=1047 gap 6, Multi-panel - combined x=1061 w=313 gap 6, Order book 277x672 @x=778 (an OVERLAY on the chart column, not a third track), Frame 444 1047x277 @(8,704) gap 16. Chart column stack: Frame 6 header 1047x58 padding 16/16/16/11 radius 16 fill #122524; Frame 1214 1047x58; TradingView 1047x544 padding 12 gap 8 radius 16 fill #122524. Same three-separated-cards vs one-bordered-surface divergence recorded for 13006-210576. Per-node comparison against TokenTradeDetail not completed.	desktop=partial @2026-08-31
Trench - actual 1VH [13006-135613]	partial	src/pages/trade/TrenchRedesign.tsx	/trench	Measured 2026-08-31 off 13006:134300. 1440x900: Header-desktop 1440x56 @(0,0) padding 8/19/8/19 fill #001615; sidebar 58x844 @(0,56) padding 12/11/12/11; Frame 1122 1382x844 @(58,56) VERTICAL gap 0 padding 0. FRAME DIFFERENCE from the sibling 13006-134301: this frame has NO Trench scroller child at all, where 134301 draws one 1382x22 at y=878. Same TrenchShell py-3 divergence as 13006-134301 (12px top and bottom the frame does not have; content starts at exactly y=56 and 56+844=900).	desktop=partial @2026-08-31
Trench - actual + With left float scrollable 1VH [13006-138367]	partial	src/pages/trade/TrenchRedesign.tsx	/trench	Measured 2026-08-31: identical shell to 13006-135613 (header 1440x56 p8/19, sidebar 58x844 p12/11, Frame 1122 1382x844 @(58,56) gap 0, no scroller child). The left-float scrollable treatment is inside Frame 1122 and was not read. Same TrenchShell py-3 divergence.	desktop=partial @2026-08-31
Trench - actual + With left float ALT 1VH [13006-141502]	partial	src/pages/trade/TrenchRedesign.tsx	/trench	Measured 2026-08-31: identical shell to 13006-135613 and 13006-138367 at the top level (1382x844 @(58,56), no scroller child). An ALT of the left-float treatment; the differing interior was not read. Same TrenchShell py-3 divergence.	desktop=partial @2026-08-31
Trade > Trench - actual 1VH [13006-295541]	partial	src/pages/trade/TrenchRedesign.tsx	/trench	Measured 2026-08-31. 375x812: Header-mobile 375x48 padding 6/19; Bottom-navigation-mobile 375x54 @(0,758) padding 4 fill #001615@0.6; toolbar Frame 2 346x106 @(15,84) gap 8 (346 = 375-2*15); content Frame 445 375x538 @(0,198) itemSpacing 24 - FULL-BLEED, no side inset, unlike the 346-wide toolbar above it; a TOP marquee scroller 1382x20 @(0,48) fill #001615 (1382 wide on a 375 board, deliberate overflow) and a BOTTOM scroller 375x22 @(0,736) fill #122524. Code TrenchShell carries neither scroller fill; TrenchScroller ships one 20px strip with no bg.	mobile=partial @2026-08-31
Trade > Trench - actual - settings collapsed 1VH [13006-296673]	partial	src/pages/trade/TrenchRedesign.tsx	/trench	Measured 2026-08-31. Same 375 shell as 13006-295541 with the toolbar COLLAPSED: Frame 2 shrinks 106 to 62 and the content column grows 538 to 582 and moves up from y=198 to y=154. That 44px is the collapsible row. Everything else identical (header 48, bottom nav 54 @758, marquee 1382x20 @48, bottom scroller 375x22 @736).	mobile=partial @2026-08-31
Trade > Trench - hover 1VH [13006-297805]	partial	src/pages/trade/TrenchRedesign.tsx	/trench	Measured 2026-08-31. 375x812, geometry identical to 13006-295541 (toolbar 346x106 @(15,84), content 375x538 @(0,198) gap 24, marquee 1382x20 @48, bottom scroller 375x22 @736). Only the hover state differs and it was not measured.	mobile=partial @2026-08-31
Trade > Trench - actual 1VH [13006-260059]	partial	src/pages/trade/TrenchRedesign.tsx	/trench	Measured 2026-08-31. 768x1024: Header-tablet 768x52 padding 6/19; Bottom-navigation-tablet 768x52 @(0,972) padding 8/19 fill #001615@0.6; toolbar Frame 445 708x82 @(30,96) gap 24; content Frame 445 708x724 @(30,202) gap 24 - inset 30 each side (708 = 768-2*30); bottom scroller 768x22 @(0,950) fill #122524; top marquee 1382x20 @(0,52) fill #001615. MEASURED MISS: TradeTerminal.tsx:116 ships p-4 = 16 below lg against this frames 30, and its comment at :113 already names this frame and its 30px inset as deliberately unapplied.	tablet=partial @2026-08-31
Trade > Trench - hover 1VH [13006-261490]	partial	src/pages/trade/TrenchRedesign.tsx	/trench	Measured 2026-08-31. 768x1024, geometry identical to 13006-260059 (toolbar 708x82 @(30,96), content 708x724 @(30,202), both gap 24; scrollers 768x22 @950 and 1382x20 @52). Hover state not measured. Same 30-vs-16 inset miss.	tablet=partial @2026-08-31
Trade > Trench - One-click trade settings - modal sell 1VH [13006-306051]	partial	src/pages/trade/TrenchRedesign.tsx	/trench	Measured 2026-08-31. 375x812, the 13006-295541 shell plus Overlay 375x812 fill #001615@0.44. OneClickTradeModal.tsx:154 ships base p-3=12, gap-6=24, rounded-xl=16 and overlayClassName=TRENCH_MODAL_OVERLAY_CLASS=bg-[#001615]/[0.44], so the SCRIM matches exactly; the modal card node was not read at this width (only the desktop 13006-198981 was).	mobile=partial @2026-08-31
Trade > Trench - One-click trade settings - modal sell 1VH [13006-326818]	partial	src/pages/trade/TrenchRedesign.tsx	/trench	Measured 2026-08-31. 768x1024, the 13006-260059 shell plus Overlay 768x1024 fill #001615@0.44 - matched exactly by TRENCH_MODAL_OVERLAY_CLASS. Modal card node not read at this width.	tablet=partial @2026-08-31
Trade > Trench > Discover - Top 1VH [13006-316862]	partial	src/components/trench-redesign/discover/DiscoverScreen.tsx	/trench	Measured 2026-08-31. 375x812: standard mobile shell (header 48 p6/19, bottom nav 54 @758 p4, marquee 1382x20 @48 #001615, bottom scroller 375x22 @736 #122524, toolbar Frame 2 346x106 @(15,84) gap 8). Content Frame 1362 375x538 @(0,198) itemSpacing 6 - note the DISCOVER column gap is 6, not the 24 the Trench-actual frames use in the same slot. That 6 is the same itemSpacing wave 5 measured on MarketPulseBoard and TrenchColumn. Per-column padding not re-read.	mobile=partial @2026-08-31
Trade > Trench > Discover - Trending 1VH [13006-317563]	partial	src/components/trench-redesign/discover/DiscoverScreen.tsx	/trench	Measured 2026-08-31. 375x812, identical shell and content box to 13006-316862 (Frame 1361 375x538 @(0,198) itemSpacing 6, toolbar 346x106 @(15,84)); only the active tab differs. Column internals not re-read - wave 5 established TrenchColumn itemSpacing 6 and padding 8/4/8/8.	mobile=partial @2026-08-31
Trade > Trench > Discover - DEX Scanner 1VH [13006-318264]	partial	src/components/trench-redesign/discover/DiscoverScreen.tsx	/trench	Measured 2026-08-31. 375x812, identical shell and content box to 13006-316862 (Frame 1363 375x538 @(0,198) itemSpacing 6). Third tab of the same screen. Column internals not re-read.	mobile=partial @2026-08-31
Trade > Trench > Discover - Top 1VH [13006-340306]	partial	src/components/trench-redesign/discover/DiscoverScreen.tsx	/trench	Measured 2026-08-31. 768x1024: header 768x52 p6/19, bottom nav 768x52 @972 p8/19, toolbar Frame 445 708x82 @(30,96) gap 24, content Frame 445 708x712 @(30,202) gap 24, bottom scroller 768x22 @950 #122524, top marquee 1382x20 @52 #001615. Content inset 30 each side against the codes p-4 = 16.	tablet=partial @2026-08-31
Trade > Trench > Discover - Trending 1VH [13006-341272]	partial	src/components/trench-redesign/discover/DiscoverScreen.tsx	/trench	Measured 2026-08-31. 768x1024, geometry identical to 13006-340306 (toolbar 708x82 @(30,96), content 708x712 @(30,202), both gap 24). Only the active tab differs. Same 30-vs-16 inset miss.	tablet=partial @2026-08-31
Trade > Trench > Discover - DEX Scanner 1VH [13006-342238]	partial	src/components/trench-redesign/discover/DiscoverScreen.tsx	/trench	Measured 2026-08-31. 768x1024, geometry identical to 13006-340306. Third tab. Same 30-vs-16 inset miss.	tablet=partial @2026-08-31
Launch > Live 1VH [13006-277844]	partial	src/components/trade/LaunchLiveBoard.tsx	/trade/live	Measured 2026-08-31. 375x812: Header-mobile 375x48 @(1,0) padding 6/19; Bottom-navigation-mobile 375x54 @(0,758) padding 4; a tab/filter row Frame 337 346x68 @(15,65) gap 16; a hero carousel Frame 1312 366x322 @(5,157) gap 10 - note it bleeds WIDER than the 346 content column (366 at x=5, a 5px inset, against 15px everywhere else); Main container 346x780 @(15,509) gap 16. Code LaunchLiveBoard ships cards at w-[146px] with gap-3; the frames carousel is a single 366-wide box with itemSpacing 10. Not compared per card.	mobile=partial @2026-08-31
Launch > Live [13006-278391]	partial	src/components/trade/LaunchLiveBoard.tsx	/trade/live	Measured 2026-08-31. The SCROLLED twin of 13006-277844: 375x1370 with the identical content boxes at identical coordinates (Frame 337 346x68 @(15,65), Frame 1312 366x322 @(5,157), Main container 346x780 @(15,509) gap 16) and the bottom nav pushed to y=1316. Same carousel-width and card-size questions as 13006-277844.	mobile=partial @2026-08-31
Launch > Live [13006-277276]	partial	src/components/trade/LaunchLiveBoard.tsx	/trade/live	Measured 2026-08-31. 768x1024: Header-tablet 768x52 padding 6/19; Bottom-navigation-tablet 768x52 @(0,972) padding 8/19; tab row Frame 337 708x36 @(30,76) gap 8; Main container 708x346 @(30,144) gap 16; Main container 708x920 @(30,522) gap 16. Content inset is 30 each side (708 = 768-2*30) at every block - no wider carousel bleed here, unlike the 375 frame. Code ships md:w-[240px] cards; per-card comparison not done.	tablet=partial @2026-08-31
Launch > Live [13006-276671]	partial	src/components/trade/LaunchLiveBoard.tsx	/trade/live	Measured 2026-08-31. The SCROLLED twin of 13006-277276: 768x1520 with the identical content boxes at identical coordinates (Frame 337 708x36 @(30,76), Main containers 708x346 @(30,144) and 708x920 @(30,522), gaps 8 and 16) and the bottom nav at y=1468.	tablet=partial @2026-08-31
Launch > Sample token 1VH [13006-241485]	partial	src/components/trench-redesign/trade/TradeTerminal.tsx	/crypto/:symbol	Measured 2026-08-31. 1440x900 board with main 1382x1429 @(58,56), header 1440x56 p8/19, sidebar 58x844 p12/11, scroller 1382x22 @(58,878) #122524. Top-level geometry is identical to the shipped Trench terminal frame 13006-210576, which supports the prior waves NOT DISTINCT pixel-diff finding; the interior was not re-diffed this wave. Column geometry (1047 / 313 @1061 / gap 6 / pad 8) matches TradeTerminal.tsx:116.	desktop=partial @2026-08-31
Launch > Sample token 1VH [13006-350388]	partial	src/components/trench-redesign/trade/TradeTerminal.tsx	/crypto/:symbol	Measured 2026-08-31. 375x812: header 375x48 p6/19; bottom nav 375x54 @(0,758) p4; content Frame 1341 375x490 @(0,48); and a bottom Instant trade sheet 375x270 @(0,542) itemSpacing 24 - at mobile the ticket is a fixed bottom sheet occupying the lower third, not a column that stacks under the tabs. TradeTerminal.tsx:116 stacks grid-cols-1 with the order stack in source order beneath the tab content, so the sheet treatment is absent. Sheet internals not read.	mobile=partial @2026-08-31
Launch > Sample token 1VH [13006-353851]	partial	src/components/trench-redesign/trade/TradeTerminal.tsx	/crypto/:symbol	Measured 2026-08-31. 768x1024: header 768x52 p6/19; bottom nav 768x52 @(0,972) p8/19; main 708x873 @(30,76) itemSpacing 8, inset 30 each side; the node named scrolling bar - not needed for tablet, 1382x16, sits off-board at x=-307 and is a designer note rather than a rendered element. Codes p-4 = 16 against the frames 30.	tablet=partial @2026-08-31
Launch > new token 1VH [13006-351379]	partial	src/pages/trade/TokenTradeDetail.tsx	/crypto/:symbol	Measured 2026-08-31. 375x812, geometry identical to 13006-350388: content Frame 1341 375x490 @(0,48) plus a bottom Instant trade sheet 375x270 @(0,542) gap 24, header 375x48, bottom nav 375x54 @758. Same missing bottom-sheet treatment. Sheet internals not read.	mobile=partial @2026-08-31
Launch > new token 1VH [13006-355256]	partial	src/pages/trade/TokenTradeDetail.tsx	/crypto/:symbol	Measured 2026-08-31. 768x1024, geometry identical to 13006-353851: main 708x873 @(30,76) gap 8, header 768x52, bottom nav 768x52 @972, plus the off-board scrolling-bar designer note. Codes 16px inset against the frames 30.	tablet=partial @2026-08-31
Trade > Nav bar 1VH [13006-349299]	partial	src/components/trade/TradeNav.tsx	-	Measured 2026-08-31. 375x812. The subject is the OPEN LEFT DRAWER: sidebar - open 296x812 @(0,0) VERTICAL itemSpacing 462 padding 9/8/9/8 fill #001615, over the standard mobile shell (header 375x48, bottom nav 375x54 @758, content Frame 1341 375x490 @48 plus an Instant trade sheet 375x270 @542). 296 is 79 percent of 375. A prior wave recorded TradeNav.tsx as BUILT but deliberately NOT MOUNTED because its eight rows duplicate HomeSidebarExpanded; that ruling stands, and since this frame draws the GLOBAL drawer, TradeNav is arguably the wrong primaryFile for it. Reported, not retargeted - HomeSidebarExpanded is outside this lanes ownership.	mobile=partial @2026-08-31
Trade > Nav bar 1VH [13006-352370]	partial	src/components/trade/TradeNav.tsx	-	Measured 2026-08-31. 768x1024. Same subject: sidebar - open 318x1024 @(0,0) VERTICAL itemSpacing 462 padding 9/8/9/8 fill #001615, over the tablet shell (header 768x52, bottom nav 768x52 @972, main 708x873 @(30,76) gap 8). Drawer width ramps from 296 at 375 to 318 at 768; padding 9/8 is unchanged at both. Same primaryFile question as 13006-349299.	tablet=partial @2026-08-31
