# key	status	primaryFile	route	reason	bp
# Wave 76, 2026-10-05, Figma parity lane `Y6`, folded onto app origin/main 56c83e13c (skai-ui fa5319c).
# Every row rests on a read of the frame during the wave: a live use_figma / get_screenshot (4 calls a lane) or the
# design store's stored spec; the lane log in the orchestrator's wave76 scratch folder names each read. Folded from the lane's catalog-rows file.
13754-221576	partial	modules/skai-gaming/src/pages/play/Play.tsx	/play/casino	wave 76 lane Y6, 2026-10-05 (was partial): READ LIVE 2026-10-05, w76 Y6 use_figma read-only calls 3/4 (read3.js section B: structural diff against the frame beside it) and 4/4 (read4.js: every card compared field by field with the predecessor's card, every non-card difference, a per-side card-styling census, and a count of nodes minted on or after the copy), 3sSz page 4459:128102; each call locked.mjs-checked and ledgered record-kind parity "w76 Y6". 13754:221576 is a COPY of 4711:28434, not a redraw: both 1440x4960, node trees equal (1038/1038 matched in call 3), 0 diffs in call 4, all 26 cards the same field for field. Every tile on it is a legacy 'Cards ALT -' / 'Cards -' placeholder, not a 13752 set card. Its shell, corner, cut and effects are PlayGameCard's: DR4@0,1 + IN27.29@0,1.09 #FFFFFF at its size, the featured cut the inset only (RAIL_SHADOW :134, TILE_SHELL :136, inset :942, TILE_RADIUS :111, TILE_ASPECT :80). Its rasters and accents are the placeholders' and are NOT what the code paints: of the tiles call 3/4 printed, it fades Fortune wheel 0D5E6C, COIN FLIP B36106, Cosmic Slots 6E10B2, Blackjack 363636, CHICKEN ED8702 and HI-LO 19A16B where playGameArt.ts paints FFA002, AB581E, 7E29C5, 881C1C, F48E18 and 123F3C. The code paints each game's own card board instead (the cover and set boards; at 195, 13752:218166 Coinflip AB581E, 13752:218311 Blackjack 881C1C, 13752:218196 Chicken F48E18, 13752:218186 Hi-Lo 123F3C and 13752:218121 Dice 138462, calls 2/4 and 3/4). A page row counts each tile's shell, cut, corner and effects; the art, accent and caption inside it are the card frames' to judge, and where a card board and the code still differ, that card's own row carries it (the Dice accent below lg, for one, on 13752:218542 / 13752:218332). No ruling says so. It is the catalog's practice: 11066:23332's done row (status.wave49.play-casino.tsv, read live 2026-09-18) was written over these same placeholders. No code change was needed and none was made. LEFT: the board itself has not been compared with Play.tsx. 4711:28434's done rests on a 2026-08-26 measurement of shelf order and heights against the live DOM (status.wave3.verify-play.tsv) and on wave 43's column check, which says 'NOT RE-READ AS A BOARD' (status.wave43.play-sports.tsv); the ZFOLD row asked for a read against Play.tsx, and this lane's Figma budget (4 of 4) is spent. Verdict deferred: this lane compared the copy with its predecessor, not the board with the code (rule 17).
13754-219114	done	modules/skai-gaming/src/pages/play/Play.tsx	/play/casino	wave 76 lane Y6, 2026-10-05 (was partial): READ LIVE 2026-10-05, w76 Y6 use_figma read-only calls 3/4 (read3.js section B: structural diff against the frame beside it) and 4/4 (read4.js: every card compared field by field with the predecessor's card, every non-card difference, a per-side card-styling census, and a count of nodes minted on or after the copy), 3sSz page 4459:128102; each call locked.mjs-checked and ledgered record-kind parity "w76 Y6". 13754:219114 is a COPY of 11066:23332: both 768x4297, node trees equal (920/920), 0 diffs in call 4, all 25 cards the same. Every tile on it is a legacy 'Cards ALT -' / 'Cards -' placeholder, not a 13752 set card. Its shell, corner, cut and effects are PlayGameCard's: DR4@0,1 + IN27.29@0,1.09 #FFFFFF at its size, the featured cut the inset only (RAIL_SHADOW :134, TILE_SHELL :136, inset :942, TILE_RADIUS :111, TILE_ASPECT :80). Its rasters and accents are the placeholders' and are NOT what the code paints: of the tiles call 3/4 printed, it fades Fortune wheel 0D5E6C, COIN FLIP B36106, Cosmic Slots 6E10B2, Blackjack 363636, CHICKEN ED8702 and HI-LO 19A16B where playGameArt.ts paints FFA002, AB581E, 7E29C5, 881C1C, F48E18 and 123F3C. The code paints each game's own card board instead (the cover and set boards; at 195, 13752:218166 Coinflip AB581E, 13752:218311 Blackjack 881C1C, 13752:218196 Chicken F48E18, 13752:218186 Hi-Lo 123F3C and 13752:218121 Dice 138462, calls 2/4 and 3/4). A page row counts each tile's shell, cut, corner and effects; the art, accent and caption inside it are the card frames' to judge, and where a card board and the code still differ, that card's own row carries it (the Dice accent below lg, for one, on 13752:218542 / 13752:218332). No ruling says so. It is the catalog's practice: 11066:23332's done row (status.wave49.play-casino.tsv, read live 2026-09-18) was written over these same placeholders. No code change was needed and none was made. STATUS CARRIED from 11066:23332's done row (status.wave49.play-casino.tsv: read live 2026-09-18, the column, every band and all four game shelves' tile geometry against Play.tsx), which holds for this frame because the two are identical node for node. No verdict: this lane compared the copy with its predecessor, not the board with the code (rule 17).
13754-219978	partial	modules/skai-gaming/src/pages/play/Play.tsx	/play/casino	wave 76 lane Y6, 2026-10-05 (was partial): READ LIVE 2026-10-05, w76 Y6 use_figma read-only calls 3/4 (read3.js section B: structural diff against the frame beside it) and 4/4 (read4.js: every card compared field by field with the predecessor's card, every non-card difference, a per-side card-styling census, and a count of nodes minted on or after the copy), 3sSz page 4459:128102; each call locked.mjs-checked and ledgered record-kind parity "w76 Y6". 13754:219978 is a COPY of 11100:62081: both 375x4003, node trees equal (826/826), 0 diffs in call 4, all 25 cards the same. Every tile on it is a legacy 'Cards ALT -' / 'Cards -' placeholder, not a 13752 set card. Its shell, corner, cut and effects are PlayGameCard's: DR4@0,1 + IN27.29@0,1.09 #FFFFFF at its size, the featured cut the inset only (RAIL_SHADOW :134, TILE_SHELL :136, inset :942, TILE_RADIUS :111, TILE_ASPECT :80). Its rasters and accents are the placeholders' and are NOT what the code paints: of the tiles call 3/4 printed, it fades Fortune wheel 0D5E6C, COIN FLIP B36106, Cosmic Slots 6E10B2, Blackjack 363636, CHICKEN ED8702 and HI-LO 19A16B where playGameArt.ts paints FFA002, AB581E, 7E29C5, 881C1C, F48E18 and 123F3C. The code paints each game's own card board instead (the cover and set boards; at 195, 13752:218166 Coinflip AB581E, 13752:218311 Blackjack 881C1C, 13752:218196 Chicken F48E18, 13752:218186 Hi-Lo 123F3C and 13752:218121 Dice 138462, calls 2/4 and 3/4). A page row counts each tile's shell, cut, corner and effects; the art, accent and caption inside it are the card frames' to judge, and where a card board and the code still differ, that card's own row carries it (the Dice accent below lg, for one, on 13752:218542 / 13752:218332). No ruling says so. It is the catalog's practice: 11066:23332's done row (status.wave49.play-casino.tsv, read live 2026-09-18) was written over these same placeholders. No code change was needed and none was made. LEFT, carried from 11100:62081 (partial, status.wave41.play-hub.tsv "CARRIED, NOT RE-READ"): the rest of the 375 board past the nav and chips (banner, rails, grid, bets table, About) has not been re-read against the code; this lane's Figma budget (4 of 4) is spent, so no code gap was found but none can be ruled out. No verdict: this lane compared the copy with its predecessor, not the board with the code (rule 17).
13754-221194	partial	modules/skai-gaming/src/components/play/ui/PlayCollectionView.tsx	/play?filter=favorites	wave 76 lane Y6, 2026-10-05 (was partial): READ LIVE 2026-10-05, w76 Y6 use_figma read-only calls 3/4 (read3.js section B: structural diff against the frame beside it) and 4/4 (read4.js: every card compared field by field with the predecessor's card, every non-card difference, a per-side card-styling census, and a count of nodes minted on or after the copy), 3sSz page 4459:128102; each call locked.mjs-checked and ledgered record-kind parity "w76 Y6". 13754:221194 is the PRE-EDIT copy of 4689:45587: 486 nodes identical; the predecessor was edited after the copy (62 nodes minted 13755:*: its three top-row cells re-made as 13755:224163 / 224173 / 224183 and six tiles swapped to 13752-style set cards), and this copy keeps the original top row the code was built to and cites ("SKAI Cross" with the hovered "Play" CTA and "4,201 playing", "DICE" "12X played", "Blackjack" "3X played") and the legacy tiles. Every tile on it is a legacy 'Cards ALT -' / 'Cards -' placeholder, not a 13752 set card. Its shell, corner, cut and effects are PlayGameCard's: DR4@0,1 + IN27.29@0,1.09 #FFFFFF at its size, the featured cut the inset only (RAIL_SHADOW :134, TILE_SHELL :136, inset :942, TILE_RADIUS :111, TILE_ASPECT :80). Its rasters and accents are the placeholders' and are NOT what the code paints: of the tiles call 3/4 printed, it fades vegas fortune 862213, Blackjack A41EB9 and COIN FLIP B36106 where playGameArt.ts paints AC2422 (Vegas Fortune is the map's `slots`), 881C1C and AB581E. The code paints each game's own card board instead (the cover and set boards; at 195, 13752:218166 Coinflip AB581E, 13752:218311 Blackjack 881C1C, 13752:218196 Chicken F48E18, 13752:218186 Hi-Lo 123F3C and 13752:218121 Dice 138462, calls 2/4 and 3/4). A page row counts each tile's shell, cut, corner and effects; the art, accent and caption inside it are the card frames' to judge, and where a card board and the code still differ, that card's own row carries it (the Dice accent below lg, for one, on 13752:218542 / 13752:218332). No ruling says so. It is the catalog's practice: 11066:23332's done row (status.wave49.play-casino.tsv, read live 2026-09-18) was written over these same placeholders. No code change was needed and none was made. LEFT: the board has not been compared with PlayCollectionView.tsx tile by tile. 4689:45587's done row (status.wave3.verify-play.tsv, 2026-08-26) measured the header and the stack (header Frame 629, the 32 gap, grid Frame 628) and says the grid's height is data-bound; the ZFOLD row asked for a read, and this lane's Figma budget (4 of 4) is spent. Verdict deferred: this lane compared the copy with its predecessor, not the board with the code (rule 17). NOTE for the fold: 4689:45587's own done row is now STALE (not this lane's frame; it needs a read by whoever owns Favourites next).
13754-220768	partial	modules/skai-gaming/src/components/play/ui/PlayCollectionView.tsx	-	wave 76 lane Y6, 2026-10-05 (was unknown): READ LIVE 2026-10-05, w76 Y6 use_figma read-only calls 3/4 (read3.js section B: structural diff against the frame beside it) and 4/4 (read4.js: every card compared field by field with the predecessor's card, every non-card difference, a per-side card-styling census, and a count of nodes minted on or after the copy), 3sSz page 4459:128102; each call locked.mjs-checked and ledgered record-kind parity "w76 Y6". 13754:220768 is a COPY of 10949:219911: both 768x2185, node trees equal (281/281), 0 diffs in call 4, all 9 cards the same. Every tile on it is a legacy 'Cards ALT -' / 'Cards -' placeholder, not a 13752 set card. Its shell, corner, cut and effects are PlayGameCard's: DR4@0,1 + IN27.29@0,1.09 #FFFFFF at its size, the featured cut the inset only (RAIL_SHADOW :134, TILE_SHELL :136, inset :942, TILE_RADIUS :111, TILE_ASPECT :80). Its rasters and accents are the placeholders' and are NOT what the code paints: of the tiles call 3/4 printed, it fades DICE ED7E34, Blackjack 363636 and vegas fortune 862213 where playGameArt.ts paints 138462, 881C1C and AC2422 (Vegas Fortune is the map's `slots`); SKAI Cross 1297C8 agrees. The code paints each game's own card board instead (the cover and set boards; at 195, 13752:218166 Coinflip AB581E, 13752:218311 Blackjack 881C1C, 13752:218196 Chicken F48E18, 13752:218186 Hi-Lo 123F3C and 13752:218121 Dice 138462, calls 2/4 and 3/4). A page row counts each tile's shell, cut, corner and effects; the art, accent and caption inside it are the card frames' to judge, and where a card board and the code still differ, that card's own row carries it (the Dice accent below lg, for one, on 13752:218542 / 13752:218332). No ruling says so. It is the catalog's practice: 11066:23332's done row (status.wave49.play-casino.tsv, read live 2026-09-18) was written over these same placeholders. No code change was needed and none was made. LEFT, carried from 10949:219911 (partial, status.wave56.play-hub.tsv): Frame 644 draws three 165x103 licence marks (Gaming Control Board, Gamble Aware, Age restriction) where LicenceMarks renders only what site_config.licence_marks enables; recording a licence number is an operator act and a legal claim, not a build. No verdict: this lane compared the copy with its predecessor, not the board with the code (rule 17).
13754-221000	done	modules/skai-gaming/src/components/play/ui/PlayCollectionView.tsx	-	wave 76 lane Y6, 2026-10-05 (was unknown): READ LIVE 2026-10-05, w76 Y6 use_figma read-only calls 3/4 (read3.js section B: structural diff against the frame beside it) and 4/4 (read4.js: every card compared field by field with the predecessor's card, every non-card difference, a per-side card-styling census, and a count of nodes minted on or after the copy), 3sSz page 4459:128102; each call locked.mjs-checked and ledgered record-kind parity "w76 Y6". 13754:221000 is a COPY of 10949:220217: both 375x2653, node trees equal (236/236), 0 diffs in call 4, all 9 cards the same. Every tile on it is a legacy 'Cards ALT -' / 'Cards -' placeholder, not a 13752 set card. Its shell, corner, cut and effects are PlayGameCard's: DR4@0,1 + IN27.29@0,1.09 #FFFFFF at its size, the featured cut the inset only (RAIL_SHADOW :134, TILE_SHELL :136, inset :942, TILE_RADIUS :111, TILE_ASPECT :80). Its rasters and accents are the placeholders' and are NOT what the code paints: of the tiles call 3/4 printed, it fades DICE ED7E34, Blackjack 363636 and vegas fortune 862213 where playGameArt.ts paints 138462, 881C1C and AC2422 (Vegas Fortune is the map's `slots`); SKAI Cross 1297C8 agrees. The code paints each game's own card board instead (the cover and set boards; at 195, 13752:218166 Coinflip AB581E, 13752:218311 Blackjack 881C1C, 13752:218196 Chicken F48E18, 13752:218186 Hi-Lo 123F3C and 13752:218121 Dice 138462, calls 2/4 and 3/4). A page row counts each tile's shell, cut, corner and effects; the art, accent and caption inside it are the card frames' to judge, and where a card board and the code still differ, that card's own row carries it (the Dice accent below lg, for one, on 13752:218542 / 13752:218332). No ruling says so. It is the catalog's practice: 11066:23332's done row (status.wave49.play-casino.tsv, read live 2026-09-18) was written over these same placeholders. No code change was needed and none was made. STATUS CARRIED from 10949:220217's done row (status.wave39.play-hub.tsv, 2026-09-09: waves 28 and 37 measured the grid, two 167 tiles on 8 with rows pitched 266, and the collapsed search; wave 39 closed the title type from source), which holds for this frame because the two are identical node for node. No verdict: this lane compared the copy with its predecessor, not the board with the code (rule 17).
13717-79097	partial	src/pages/sports/components/SportBoardHeader.tsx	-	wave 76 lane Y6, 2026-10-05 (was partial): READ LIVE 2026-10-05, w76 Y6 use_figma read-only calls 3/4 (read3.js section B: structural diff against the frame beside it) and 4/4 (read4.js: every card compared field by field with the predecessor's card, every non-card difference, a per-side card-styling census, and a count of nodes minted on or after the copy), 3sSz page 4459:128102; each call locked.mjs-checked and ledgered record-kind parity "w76 Y6". 13717:79097 = 11132:173793 plus one block, the site footer Frame 1000003885 (708x72 V/24 at 30,2550: Home, Help, Terms, Privacy, Anti-money laundering), with the bottom nav pushed down 134, which is the whole height change (2616 -> 2750). The footer is already drawn: Sports.tsx:1877 mounts SportsClosingBand, which renders <SiteFooter extraLinks={SPORTS_FOOTER_LINKS} /> (SportsClosingBand.tsx:89, links :50). SportBoardHeader.tsx (built in app a21c77cb8 by wave 73 P065) is unchanged by the copy and not edited here. LEFT, carried from P065's 11132:173793 row: the fixture card 11132:175152 (708x200 r12 #122524 blur 5.5) is the shared EventCard.tsx that draws every sportsbook board, not restyled (cross-board, no wave 76 owner); 'Show more events' 11132:175219 is Mulish 14/16 white at 0.6 text where the shared pager is a green-gradient button on every board.
13717-79931	partial	src/pages/sports/components/SportBoardHeader.tsx	-	wave 76 lane Y6, 2026-10-05 (was partial): READ LIVE 2026-10-05, w76 Y6 use_figma read-only calls 3/4 (read3.js section B: structural diff against the frame beside it) and 4/4 (read4.js: every card compared field by field with the predecessor's card, every non-card difference, a per-side card-styling census, and a count of nodes minted on or after the copy), 3sSz page 4459:128102; each call locked.mjs-checked and ledgered record-kind parity "w76 Y6". 13717:79931 = 11154:59823 plus the site footer Frame 1000003885 at 375 (343x168 at 16,2417: Home, Help, Terms, Privacy, Anti-money laundering), the bottom nav pushed down 222 (2463 -> 2685). The footer is already drawn (Sports.tsx:1877 -> SportsClosingBand.tsx:89 SiteFooter). SportBoardHeader.tsx (two rows with the search glyph, app a21c77cb8) is unchanged by the copy and not edited here. LEFT, carried from P065's 11154:59823 row: the shared EventCard.tsx card shell and the 'Show more events' text, as at 768.
13752-218236	done	modules/skai-gaming/src/components/play/ui/PlayGameCard.tsx	-	wave 76 lane Y6, 2026-10-05 (was unknown): READ LIVE 2026-10-05, w76 Y6 use_figma read-only call 2/4 (read2.js -> read2-result.txt: structure diffed against its size template) and 3/4 (read3-result.txt section D: card-% stops), 3sSz page 4459:128102; each call locked.mjs-checked and ledgered record-kind parity "w76 Y6". Matches its 195x277 template 13752:218131 (Plinko, call 2/4) in shell #001615 r16, cut 274:388, stack inset bottom/side 18 / 31, gap 8, title Manrope ExtraBold UPPER -4% 24/24, subtitle Mulish 11/14 at 64%; card-% stops 41.82/78.7. Code at skai-gaming 4da73398: TILE_ASPECT :80, TILE_RADIUS :111 lg:rounded-[16px], RAIL_STACK_INSET :164 lg:bottom-[18px] lg:px-[31px], stack gap (:743 lg:gap-2), title :751-760, subtitle :856, gradient :719.
13752-218607	frame-defect	modules/skai-gaming/src/components/play/ui/PlayGameCard.tsx	-	wave 76 lane Y6, 2026-10-05 (was unknown): FRAME DEFECT (Casey 2026-10-05 #2): 13752:218607 scales its effects with the card (DR3.29@0,0.82 / IN22.42@0,0.9, Figma's scale tool at 0.82) and tints the inset #080808 where its own Desktop twin draws #FFFFFF. On the effects the board contradicts its twins at the same size: the page frames draw the opposite at the same sizes (call 4/4 census: every rail card on 13754:221576 / 13754:219114 / 13754:219978 and their predecessors draws DR4@0,1 + IN27.29@0,1.09 #FFFFFF unscaled at 195x277, 160x227 and 130x184; every featured card the inset only at 317x409, 230x297 and 167x216), and the code draws the page frames: RAIL_SHADOW 0 1 4 at every width (PlayGameCard.tsx:134, featured none :136-140), inset 0 1 27 white at 14% at every width (:942); building the board's effects would break the five page frames read today. READ LIVE 2026-10-05, w76 Y6 use_figma read-only call 2/4 (read2.js -> read2-result.txt: structure diffed against its size template) and 3/4 (read3-result.txt section D: card-% stops), 3sSz page 4459:128102; each call locked.mjs-checked and ledgered record-kind parity "w76 Y6". Matches its 160x227 template 13752:218547 (Plinko, call 2/4) in shell #001615 r12, cut 274:388, stack inset bottom/side 16 / 14, gap 4, title Manrope ExtraBold UPPER -4% 20/20, subtitle Mulish 10/14 at 64%; card-% stops 41.82/78.7. Code at skai-gaming 4da73398: TILE_ASPECT :80, TILE_RADIUS :111 rounded-[12px], RAIL_STACK_INSET :164 md:bottom-[16px] md:px-[14px], stack gap (:743 gap-1), title :751-760, subtitle :856, gradient :719.
13752-218397	frame-defect	modules/skai-gaming/src/components/play/ui/PlayGameCard.tsx	-	wave 76 lane Y6, 2026-10-05 (was unknown): FRAME DEFECT (Casey 2026-10-05 #2): 13752:218397 scales its effects with the card (DR2.66@0,0.67 / IN18.17@0,0.73, Figma's scale tool at 0.667) and tints the inset #080808 where its own Desktop twin draws #FFFFFF. On the effects the board contradicts its twins at the same size: the page frames draw the opposite at the same sizes (call 4/4 census: every rail card on 13754:221576 / 13754:219114 / 13754:219978 and their predecessors draws DR4@0,1 + IN27.29@0,1.09 #FFFFFF unscaled at 195x277, 160x227 and 130x184; every featured card the inset only at 317x409, 230x297 and 167x216), and the code draws the page frames: RAIL_SHADOW 0 1 4 at every width (PlayGameCard.tsx:134, featured none :136-140), inset 0 1 27 white at 14% at every width (:942); building the board's effects would break the five page frames read today. READ LIVE 2026-10-05, w76 Y6 use_figma read-only call 2/4 (read2.js -> read2-result.txt: structure diffed against its size template) and 3/4 (read3-result.txt section D: card-% stops), 3sSz page 4459:128102; each call locked.mjs-checked and ledgered record-kind parity "w76 Y6". Matches its 130x184 template 13752:218337 (Plinko, call 2/4) in shell #001615 r12, cut 274:388, stack inset bottom/side 12 / 10, gap 4, title Manrope ExtraBold UPPER -4% 16/16, subtitle Mulish 10/14 at 64%; card-% stops 41.82/78.7. Code at skai-gaming 4da73398: TILE_ASPECT :80, TILE_RADIUS :111 rounded-[12px], RAIL_STACK_INSET :164 bottom-[12px] px-[10px], stack gap (:743 gap-1), title :751-760, subtitle :856, gradient :719.
13752-218326	partial	modules/skai-gaming/src/components/play/ui/PlayGameCard.tsx	-	wave 76 lane Y6, 2026-10-05 (was unknown): READ LIVE 2026-10-05, w76 Y6 use_figma read-only call 3/4 (read3.js -> read3-result.txt section A: structure, effects, crop, stops, title box), 3sSz page 4459:128102; each call locked.mjs-checked and ledgered record-kind parity "w76 Y6". Matches its 195x277 template 13752:218131 (Plinko, call 2/4) in shell #001615 r16, cut 274:388, stack inset bottom/side 18 / 31, gap 8, title Manrope ExtraBold UPPER -4% 24/24, subtitle Mulish 11/14 at 64%; card-% stops 52.85/78.7. Code at skai-gaming 4da73398: TILE_ASPECT :80, TILE_RADIUS :111 lg:rounded-[16px], RAIL_STACK_INSET :164 lg:bottom-[18px] lg:px-[31px], stack gap (:743 lg:gap-2), title :751-760, subtitle :856, gradient :719. LEFT: gradient starts at 52.85% against the code's 41.8% (PlayGameCard.tsx:719), the terminal the same: at 52.85% the code's wash is already 30% accent where the board has none; needs per-game stops, a PlayGameCard prop plus values in playGameArt.ts (P071's file).
13752-218602	partial	modules/skai-gaming/src/components/play/ui/PlayGameCard.tsx	-	wave 76 lane Y6, 2026-10-05 (was unknown): READ LIVE 2026-10-05, w76 Y6 use_figma read-only call 2/4 (read2.js -> read2-result.txt: structure diffed against its size template) and 3/4 (read3-result.txt section D: card-% stops), 3sSz page 4459:128102; each call locked.mjs-checked and ledgered record-kind parity "w76 Y6". Matches its 160x227 template 13752:218547 (Plinko, call 2/4) in shell #001615 r12, cut 274:388, stack inset bottom/side 16 / 14, gap 4, title Manrope ExtraBold UPPER -4% 20/20, subtitle Mulish 10/14 at 64%; card-% stops 46.16/78.7. Code at skai-gaming 4da73398: TILE_ASPECT :80, TILE_RADIUS :111 rounded-[12px], RAIL_STACK_INSET :164 md:bottom-[16px] md:px-[14px], stack gap (:743 gap-1), title :751-760, subtitle :856, gradient :719. LEFT: gradient starts at 46.16% against the code's 41.8% (PlayGameCard.tsx:719), the terminal the same: at 46.16% the code's wash is already 12% accent where the board has none; needs per-game stops, a PlayGameCard prop plus values in playGameArt.ts (P071's file). Also a frame defect (Casey 2026-10-05 #2), not a gap: 13752:218602 scales its effects with the card (DR3.29@0,0.82 / IN22.42@0,0.9, Figma's scale tool at 0.82) and tints the inset #080808 where its own Desktop twin draws #FFFFFF; on the effects the page frames draw the opposite at the same sizes (call 4/4 census: every rail card on 13754:221576 / 13754:219114 / 13754:219978 and their predecessors draws DR4@0,1 + IN27.29@0,1.09 #FFFFFF unscaled at 195x277, 160x227 and 130x184; every featured card the inset only at 317x409, 230x297 and 167x216), and the code draws the page frames: RAIL_SHADOW 0 1 4 at every width (PlayGameCard.tsx:134, featured none :136-140), inset 0 1 27 white at 14% at every width (:942).
13752-218392	partial	modules/skai-gaming/src/components/play/ui/PlayGameCard.tsx	-	wave 76 lane Y6, 2026-10-05 (was unknown): READ LIVE 2026-10-05, w76 Y6 use_figma read-only call 2/4 (read2.js -> read2-result.txt: structure diffed against its size template) and 3/4 (read3-result.txt section D: card-% stops), 3sSz page 4459:128102; each call locked.mjs-checked and ledgered record-kind parity "w76 Y6". Matches its 130x184 template 13752:218337 (Plinko, call 2/4) in shell #001615 r12, cut 274:388, stack inset bottom/side 12 / 10, gap 4, title Manrope ExtraBold UPPER -4% 16/16, subtitle Mulish 10/14 at 64%; card-% stops 46.16/78.7. Code at skai-gaming 4da73398: TILE_ASPECT :80, TILE_RADIUS :111 rounded-[12px], RAIL_STACK_INSET :164 bottom-[12px] px-[10px], stack gap (:743 gap-1), title :751-760, subtitle :856, gradient :719. LEFT: gradient starts at 46.16% against the code's 41.8% (PlayGameCard.tsx:719), the terminal the same: at 46.16% the code's wash is already 12% accent where the board has none; needs per-game stops, a PlayGameCard prop plus values in playGameArt.ts (P071's file). Also a frame defect (Casey 2026-10-05 #2), not a gap: 13752:218392 scales its effects with the card (DR2.66@0,0.67 / IN18.17@0,0.73, Figma's scale tool at 0.667) and tints the inset #080808 where its own Desktop twin draws #FFFFFF; on the effects the page frames draw the opposite at the same sizes (call 4/4 census: every rail card on 13754:221576 / 13754:219114 / 13754:219978 and their predecessors draws DR4@0,1 + IN27.29@0,1.09 #FFFFFF unscaled at 195x277, 160x227 and 130x184; every featured card the inset only at 317x409, 230x297 and 167x216), and the code draws the page frames: RAIL_SHADOW 0 1 4 at every width (PlayGameCard.tsx:134, featured none :136-140), inset 0 1 27 white at 14% at every width (:942).
13752-218311	frame-defect	modules/skai-gaming/src/components/play/ui/PlayGameCard.tsx	-	wave 76 lane Y6, 2026-10-05 (was unknown): FRAME DEFECT (Casey 2026-10-05 #2): 13752:218311 tints its inset #080808 where every other 195x277 board and the page's own Blackjack card draw #FFFFFF, as the code does (inset white at 14%, PlayGameCard.tsx:942). READ LIVE 2026-10-05, w76 Y6 use_figma read-only call 3/4 (read3.js -> read3-result.txt section A: structure, effects, crop, stops, title box), 3sSz page 4459:128102; each call locked.mjs-checked and ledgered record-kind parity "w76 Y6". Matches its 195x277 template 13752:218131 (Plinko, call 2/4) in shell #001615 r16, cut 274:388, stack inset bottom/side 18 / 31, gap 8, title Manrope ExtraBold UPPER -4% 24/24, subtitle Mulish 11/14 at 64%; card-% stops 41.82/78.7. Code at skai-gaming 4da73398: TILE_ASPECT :80, TILE_RADIUS :111 lg:rounded-[16px], RAIL_STACK_INSET :164 lg:bottom-[18px] lg:px-[31px], stack gap (:743 lg:gap-2), title :751-760, subtitle :856, gradient :719.
13752-218562	frame-defect	modules/skai-gaming/src/components/play/ui/PlayGameCard.tsx	-	wave 76 lane Y6, 2026-10-05 (was unknown): FRAME DEFECT (Casey 2026-10-05 #2): 13752:218562 scales its effects with the card (DR3.29@0,0.82 / IN22.42@0,0.9, Figma's scale tool at 0.82) and tints the inset #080808 where its own Desktop twin draws #FFFFFF. On the effects the board contradicts its twins at the same size: the page frames draw the opposite at the same sizes (call 4/4 census: every rail card on 13754:221576 / 13754:219114 / 13754:219978 and their predecessors draws DR4@0,1 + IN27.29@0,1.09 #FFFFFF unscaled at 195x277, 160x227 and 130x184; every featured card the inset only at 317x409, 230x297 and 167x216), and the code draws the page frames: RAIL_SHADOW 0 1 4 at every width (PlayGameCard.tsx:134, featured none :136-140), inset 0 1 27 white at 14% at every width (:942); building the board's effects would break the five page frames read today. READ LIVE 2026-10-05, w76 Y6 use_figma read-only call 2/4 (read2.js -> read2-result.txt: structure diffed against its size template) and 3/4 (read3-result.txt section D: card-% stops), 3sSz page 4459:128102; each call locked.mjs-checked and ledgered record-kind parity "w76 Y6". Matches its 160x227 template 13752:218547 (Plinko, call 2/4) in shell #001615 r12, cut 274:388, stack inset bottom/side 16 / 14, gap 4, title Manrope ExtraBold UPPER -4% 20/20, subtitle Mulish 10/14 at 64%; card-% stops 41.82/78.7. Code at skai-gaming 4da73398: TILE_ASPECT :80, TILE_RADIUS :111 rounded-[12px], RAIL_STACK_INSET :164 md:bottom-[16px] md:px-[14px], stack gap (:743 gap-1), title :751-760, subtitle :856, gradient :719.
13752-218352	frame-defect	modules/skai-gaming/src/components/play/ui/PlayGameCard.tsx	-	wave 76 lane Y6, 2026-10-05 (was unknown): FRAME DEFECT (Casey 2026-10-05 #2): 13752:218352 scales its effects with the card (DR2.66@0,0.67 / IN18.17@0,0.73, Figma's scale tool at 0.667) and tints the inset #080808 where its own Desktop twin draws #FFFFFF. On the effects the board contradicts its twins at the same size: the page frames draw the opposite at the same sizes (call 4/4 census: every rail card on 13754:221576 / 13754:219114 / 13754:219978 and their predecessors draws DR4@0,1 + IN27.29@0,1.09 #FFFFFF unscaled at 195x277, 160x227 and 130x184; every featured card the inset only at 317x409, 230x297 and 167x216), and the code draws the page frames: RAIL_SHADOW 0 1 4 at every width (PlayGameCard.tsx:134, featured none :136-140), inset 0 1 27 white at 14% at every width (:942); building the board's effects would break the five page frames read today. READ LIVE 2026-10-05, w76 Y6 use_figma read-only call 2/4 (read2.js -> read2-result.txt: structure diffed against its size template) and 3/4 (read3-result.txt section D: card-% stops), 3sSz page 4459:128102; each call locked.mjs-checked and ledgered record-kind parity "w76 Y6". Matches its 130x184 template 13752:218337 (Plinko, call 2/4) in shell #001615 r12, cut 274:388, stack inset bottom/side 12 / 10, gap 4, title Manrope ExtraBold UPPER -4% 16/16, subtitle Mulish 10/14 at 64%; card-% stops 41.82/78.7. Code at skai-gaming 4da73398: TILE_ASPECT :80, TILE_RADIUS :111 rounded-[12px], RAIL_STACK_INSET :164 bottom-[12px] px-[10px], stack gap (:743 gap-1), title :751-760, subtitle :856, gradient :719.
13752-218196	partial	modules/skai-gaming/src/components/play/ui/PlayGameCard.tsx	-	wave 76 lane Y6, 2026-10-05 (was unknown): READ LIVE 2026-10-05, w76 Y6 use_figma read-only call 2/4 (read2.js -> read2-result.txt: structure diffed against its size template) and 3/4 (read3-result.txt section D: card-% stops), 3sSz page 4459:128102; each call locked.mjs-checked and ledgered record-kind parity "w76 Y6". Matches its 195x277 template 13752:218131 (Plinko, call 2/4) in shell #001615 r16, cut 274:388, stack inset bottom/side 18 / 31, gap 8, title Manrope ExtraBold UPPER -4% 24/24, subtitle Mulish 11/14 at 64%; card-% stops 50.8/82.0. Code at skai-gaming 4da73398: TILE_ASPECT :80, TILE_RADIUS :111 lg:rounded-[16px], RAIL_STACK_INSET :164 lg:bottom-[18px] lg:px-[31px], stack gap (:743 lg:gap-2), title :751-760, subtitle :856, gradient :719. LEFT: gradient 50.8/82.0% (terminal moved) against the code's one 41.8/78.7 pair (PlayGameCard.tsx:719): needs per-game stops, a PlayGameCard prop plus values in playGameArt.ts (P071's file).
13752-218582	partial	modules/skai-gaming/src/components/play/ui/PlayGameCard.tsx	-	wave 76 lane Y6, 2026-10-05 (was unknown): READ LIVE 2026-10-05, w76 Y6 use_figma read-only call 2/4 (read2.js -> read2-result.txt: structure diffed against its size template) and 3/4 (read3-result.txt section D: card-% stops), 3sSz page 4459:128102; each call locked.mjs-checked and ledgered record-kind parity "w76 Y6". Matches its 160x227 template 13752:218547 (Plinko, call 2/4) in shell #001615 r12, cut 274:388, stack inset bottom/side 16 / 14, gap 4, title Manrope ExtraBold UPPER -4% 20/20, subtitle Mulish 10/14 at 64%; card-% stops 47.1/82.6. Code at skai-gaming 4da73398: TILE_ASPECT :80, TILE_RADIUS :111 rounded-[12px], RAIL_STACK_INSET :164 md:bottom-[16px] md:px-[14px], stack gap (:743 gap-1), title :751-760, subtitle :856, gradient :719. LEFT: gradient 47.1/82.6% (terminal moved) against the code's one 41.8/78.7 pair (PlayGameCard.tsx:719): needs per-game stops, a PlayGameCard prop plus values in playGameArt.ts (P071's file). Also a frame defect (Casey 2026-10-05 #2), not a gap: 13752:218582 scales its effects with the card (DR3.29@0,0.82 / IN22.42@0,0.9, Figma's scale tool at 0.82) and tints the inset #080808 where its own Desktop twin draws #FFFFFF; on the effects the page frames draw the opposite at the same sizes (call 4/4 census: every rail card on 13754:221576 / 13754:219114 / 13754:219978 and their predecessors draws DR4@0,1 + IN27.29@0,1.09 #FFFFFF unscaled at 195x277, 160x227 and 130x184; every featured card the inset only at 317x409, 230x297 and 167x216), and the code draws the page frames: RAIL_SHADOW 0 1 4 at every width (PlayGameCard.tsx:134, featured none :136-140), inset 0 1 27 white at 14% at every width (:942).
13752-218372	partial	modules/skai-gaming/src/components/play/ui/PlayGameCard.tsx	-	wave 76 lane Y6, 2026-10-05 (was unknown): READ LIVE 2026-10-05, w76 Y6 use_figma read-only call 2/4 (read2.js -> read2-result.txt: structure diffed against its size template) and 3/4 (read3-result.txt section D: card-% stops), 3sSz page 4459:128102; each call locked.mjs-checked and ledgered record-kind parity "w76 Y6". Matches its 130x184 template 13752:218337 (Plinko, call 2/4) in shell #001615 r12, cut 274:388, stack inset bottom/side 12 / 10, gap 4, title Manrope ExtraBold UPPER -4% 16/16, subtitle Mulish 10/14 at 64%; card-% stops 47.1/82.6. Code at skai-gaming 4da73398: TILE_ASPECT :80, TILE_RADIUS :111 rounded-[12px], RAIL_STACK_INSET :164 bottom-[12px] px-[10px], stack gap (:743 gap-1), title :751-760, subtitle :856, gradient :719. LEFT: gradient 47.1/82.6% (terminal moved) against the code's one 41.8/78.7 pair (PlayGameCard.tsx:719): needs per-game stops, a PlayGameCard prop plus values in playGameArt.ts (P071's file). Also a frame defect (Casey 2026-10-05 #2), not a gap: 13752:218372 scales its effects with the card (DR2.66@0,0.67 / IN18.17@0,0.73, Figma's scale tool at 0.667) and tints the inset #080808 where its own Desktop twin draws #FFFFFF; on the effects the page frames draw the opposite at the same sizes (call 4/4 census: every rail card on 13754:221576 / 13754:219114 / 13754:219978 and their predecessors draws DR4@0,1 + IN27.29@0,1.09 #FFFFFF unscaled at 195x277, 160x227 and 130x184; every featured card the inset only at 317x409, 230x297 and 167x216), and the code draws the page frames: RAIL_SHADOW 0 1 4 at every width (PlayGameCard.tsx:134, featured none :136-140), inset 0 1 27 white at 14% at every width (:942).
13752-218166	partial	modules/skai-gaming/src/components/play/ui/PlayGameCard.tsx	-	wave 76 lane Y6, 2026-10-05 (was unknown): READ LIVE 2026-10-05, w76 Y6 use_figma read-only call 2/4 (read2.js -> read2-result.txt: structure diffed against its size template) and 3/4 (read3-result.txt section D: card-% stops), 3sSz page 4459:128102; each call locked.mjs-checked and ledgered record-kind parity "w76 Y6". Matches its 195x277 template 13752:218131 (Plinko, call 2/4) in shell #001615 r16, cut 274:388, stack inset bottom/side 18 / 31, gap 8, title Manrope ExtraBold UPPER -4% 24/24, subtitle Mulish 11/14 at 64%; card-% stops 41.82/78.7. Code at skai-gaming 4da73398: TILE_ASPECT :80, TILE_RADIUS :111 lg:rounded-[16px], RAIL_STACK_INSET :164 lg:bottom-[18px] lg:px-[31px], stack gap (:743 lg:gap-2), title :751-760, subtitle :856, gradient :719. LEFT: caption Coinflip vs code 'Coin Flip' (gameRegistry.ts, no wave 76 lane's file; Casey 2026-09-14 "figma is source so yes, game names have changed"). Also a frame defect (Casey 2026-10-05 #2), not a gap: 13752:218166 draws raster c42740cc at a 0.7467 aspect against its own 0.8, squashing the coin 6.67% sideways, where its Mobile twins draw it on-aspect (P071 finding 9); the code draws the raster undistorted (object-cover, PlayGameCard.tsx:661).
13752-218567	partial	modules/skai-gaming/src/components/play/ui/PlayGameCard.tsx	-	wave 76 lane Y6, 2026-10-05 (was unknown): READ LIVE 2026-10-05, w76 Y6 use_figma read-only call 2/4 (read2.js -> read2-result.txt: structure diffed against its size template) and 3/4 (read3-result.txt section D: card-% stops), 3sSz page 4459:128102; each call locked.mjs-checked and ledgered record-kind parity "w76 Y6". Matches its 160x227 template 13752:218547 (Plinko, call 2/4) in shell #001615 r12, cut 274:388, stack inset bottom/side 16 / 14, gap 4, title Manrope ExtraBold UPPER -4% 20/20, subtitle Mulish 10/14 at 64%; card-% stops 41.82/78.7. Code at skai-gaming 4da73398: TILE_ASPECT :80, TILE_RADIUS :111 rounded-[12px], RAIL_STACK_INSET :164 md:bottom-[16px] md:px-[14px], stack gap (:743 gap-1), title :751-760, subtitle :856, gradient :719. art crop per skai-gaming 13263235 'fix(play): the Hi-Lo, Scratchers, Dice and Coinflip tiles crop their cover art where the boards do', which P071's d3fc4c31 keeps for this game; if the fold does not take it, this row falls to partial. LEFT: caption Coinflip vs code 'Coin Flip' (gameRegistry.ts, no wave 76 lane's file; Casey 2026-09-14 "figma is source so yes, game names have changed"). Also a frame defect (Casey 2026-10-05 #2), not a gap: 13752:218567 scales its effects with the card (DR3.29@0,0.82 / IN22.42@0,0.9, Figma's scale tool at 0.82) and tints the inset #080808 where its own Desktop twin draws #FFFFFF; on the effects the page frames draw the opposite at the same sizes (call 4/4 census: every rail card on 13754:221576 / 13754:219114 / 13754:219978 and their predecessors draws DR4@0,1 + IN27.29@0,1.09 #FFFFFF unscaled at 195x277, 160x227 and 130x184; every featured card the inset only at 317x409, 230x297 and 167x216), and the code draws the page frames: RAIL_SHADOW 0 1 4 at every width (PlayGameCard.tsx:134, featured none :136-140), inset 0 1 27 white at 14% at every width (:942).
13752-218357	partial	modules/skai-gaming/src/components/play/ui/PlayGameCard.tsx	-	wave 76 lane Y6, 2026-10-05 (was unknown): READ LIVE 2026-10-05, w76 Y6 use_figma read-only call 2/4 (read2.js -> read2-result.txt: structure diffed against its size template) and 3/4 (read3-result.txt section D: card-% stops), 3sSz page 4459:128102; each call locked.mjs-checked and ledgered record-kind parity "w76 Y6". Matches its 130x184 template 13752:218337 (Plinko, call 2/4) in shell #001615 r12, cut 274:388, stack inset bottom/side 12 / 10, gap 4, title Manrope ExtraBold UPPER -4% 16/16, subtitle Mulish 10/14 at 64%; card-% stops 41.82/78.7. Code at skai-gaming 4da73398: TILE_ASPECT :80, TILE_RADIUS :111 rounded-[12px], RAIL_STACK_INSET :164 bottom-[12px] px-[10px], stack gap (:743 gap-1), title :751-760, subtitle :856, gradient :719. art crop per skai-gaming 13263235 'fix(play): the Hi-Lo, Scratchers, Dice and Coinflip tiles crop their cover art where the boards do', which P071's d3fc4c31 keeps for this game; if the fold does not take it, this row falls to partial. LEFT: caption Coinflip vs code 'Coin Flip' (gameRegistry.ts, no wave 76 lane's file; Casey 2026-09-14 "figma is source so yes, game names have changed"). Also a frame defect (Casey 2026-10-05 #2), not a gap: 13752:218357 scales its effects with the card (DR2.66@0,0.67 / IN18.17@0,0.73, Figma's scale tool at 0.667) and tints the inset #080808 where its own Desktop twin draws #FFFFFF; on the effects the page frames draw the opposite at the same sizes (call 4/4 census: every rail card on 13754:221576 / 13754:219114 / 13754:219978 and their predecessors draws DR4@0,1 + IN27.29@0,1.09 #FFFFFF unscaled at 195x277, 160x227 and 130x184; every featured card the inset only at 317x409, 230x297 and 167x216), and the code draws the page frames: RAIL_SHADOW 0 1 4 at every width (PlayGameCard.tsx:134, featured none :136-140), inset 0 1 27 white at 14% at every width (:942).
13752-218141	partial	modules/skai-gaming/src/components/play/ui/PlayGameCard.tsx	-	wave 76 lane Y6, 2026-10-05 (was unknown): READ LIVE 2026-10-05, w76 Y6 use_figma read-only call 2/4 (read2.js -> read2-result.txt: structure diffed against its size template) and 3/4 (read3-result.txt section D: card-% stops), 3sSz page 4459:128102; each call locked.mjs-checked and ledgered record-kind parity "w76 Y6". Matches its 195x277 template 13752:218131 (Plinko, call 2/4) in shell #001615 r16, cut 274:388, stack inset bottom/side 18 / 31, gap 8, title Manrope ExtraBold UPPER -4% 24/24, subtitle Mulish 11/14 at 64%; card-% stops 40.8/97.1. Code at skai-gaming 4da73398: TILE_ASPECT :80, TILE_RADIUS :111 lg:rounded-[16px], RAIL_STACK_INSET :164 lg:bottom-[18px] lg:px-[31px], stack gap (:743 lg:gap-2), title :751-760, subtitle :856, gradient :719. LEFT: gradient 40.8/97.1% (terminal moved) against the code's one 41.8/78.7 pair (PlayGameCard.tsx:719): needs per-game stops, a PlayGameCard prop plus values in playGameArt.ts (P071's file); crop: P071 finding 6, one zoom per breakpoint cannot serve both the rail and featured cuts; needs a per-variant art value in PlayGameCard plus values in playGameArt.ts.
13752-218552	partial	modules/skai-gaming/src/components/play/ui/PlayGameCard.tsx	-	wave 76 lane Y6, 2026-10-05 (was unknown): READ LIVE 2026-10-05, w76 Y6 use_figma read-only call 2/4 (read2.js -> read2-result.txt: structure diffed against its size template) and 3/4 (read3-result.txt section D: card-% stops), 3sSz page 4459:128102; each call locked.mjs-checked and ledgered record-kind parity "w76 Y6". Matches its 160x227 template 13752:218547 (Plinko, call 2/4) in shell #001615 r12, cut 274:388, stack inset bottom/side 16 / 14, gap 4, title Manrope ExtraBold UPPER -4% 20/20, subtitle Mulish 10/14 at 64%; card-% stops 50.6/95.3. Code at skai-gaming 4da73398: TILE_ASPECT :80, TILE_RADIUS :111 rounded-[12px], RAIL_STACK_INSET :164 md:bottom-[16px] md:px-[14px], stack gap (:743 gap-1), title :751-760, subtitle :856, gradient :719. LEFT: gradient 50.6/95.3% (terminal moved) against the code's one 41.8/78.7 pair (PlayGameCard.tsx:719): needs per-game stops, a PlayGameCard prop plus values in playGameArt.ts (P071's file); crop: P071 finding 6, one zoom per breakpoint cannot serve both the rail and featured cuts; needs a per-variant art value in PlayGameCard plus values in playGameArt.ts. Also a frame defect (Casey 2026-10-05 #2), not a gap: 13752:218552 scales its effects with the card (DR3.29@0,0.82 / IN22.42@0,0.9, Figma's scale tool at 0.82); on the effects the page frames draw the opposite at the same sizes (call 4/4 census: every rail card on 13754:221576 / 13754:219114 / 13754:219978 and their predecessors draws DR4@0,1 + IN27.29@0,1.09 #FFFFFF unscaled at 195x277, 160x227 and 130x184; every featured card the inset only at 317x409, 230x297 and 167x216), and the code draws the page frames: RAIL_SHADOW 0 1 4 at every width (PlayGameCard.tsx:134, featured none :136-140), inset 0 1 27 white at 14% at every width (:942).
13752-218342	partial	modules/skai-gaming/src/components/play/ui/PlayGameCard.tsx	-	wave 76 lane Y6, 2026-10-05 (was unknown): READ LIVE 2026-10-05, w76 Y6 use_figma read-only call 2/4 (read2.js -> read2-result.txt: structure diffed against its size template) and 3/4 (read3-result.txt section D: card-% stops), 3sSz page 4459:128102; each call locked.mjs-checked and ledgered record-kind parity "w76 Y6". Matches its 130x184 template 13752:218337 (Plinko, call 2/4) in shell #001615 r12, cut 274:388, stack inset bottom/side 12 / 10, gap 4, title Manrope ExtraBold UPPER -4% 16/16, subtitle Mulish 10/14 at 64%; card-% stops 50.6/95.3. Code at skai-gaming 4da73398: TILE_ASPECT :80, TILE_RADIUS :111 rounded-[12px], RAIL_STACK_INSET :164 bottom-[12px] px-[10px], stack gap (:743 gap-1), title :751-760, subtitle :856, gradient :719. LEFT: gradient 50.6/95.3% (terminal moved) against the code's one 41.8/78.7 pair (PlayGameCard.tsx:719): needs per-game stops, a PlayGameCard prop plus values in playGameArt.ts (P071's file); crop: P071 finding 6, one zoom per breakpoint cannot serve both the rail and featured cuts; needs a per-variant art value in PlayGameCard plus values in playGameArt.ts. Also a frame defect (Casey 2026-10-05 #2), not a gap: 13752:218342 scales its effects with the card (DR2.66@0,0.67 / IN18.17@0,0.73, Figma's scale tool at 0.667); on the effects the page frames draw the opposite at the same sizes (call 4/4 census: every rail card on 13754:221576 / 13754:219114 / 13754:219978 and their predecessors draws DR4@0,1 + IN27.29@0,1.09 #FFFFFF unscaled at 195x277, 160x227 and 130x184; every featured card the inset only at 317x409, 230x297 and 167x216), and the code draws the page frames: RAIL_SHADOW 0 1 4 at every width (PlayGameCard.tsx:134, featured none :136-140), inset 0 1 27 white at 14% at every width (:942).
13752-218206	partial	modules/skai-gaming/src/components/play/ui/PlayGameCard.tsx	-	wave 76 lane Y6, 2026-10-05 (was unknown): READ LIVE 2026-10-05, w76 Y6 use_figma read-only call 2/4 (read2.js -> read2-result.txt: structure diffed against its size template) and 3/4 (read3-result.txt section D: card-% stops), 3sSz page 4459:128102; each call locked.mjs-checked and ledgered record-kind parity "w76 Y6". Matches its 195x277 template 13752:218131 (Plinko, call 2/4) in shell #001615 r16, cut 274:388, stack inset bottom/side 18 / 31, gap 8, title Manrope ExtraBold UPPER -4% 24/24, subtitle Mulish 11/14 at 64%; card-% stops 50.8/82.0. Code at skai-gaming 4da73398: TILE_ASPECT :80, TILE_RADIUS :111 lg:rounded-[16px], RAIL_STACK_INSET :164 lg:bottom-[18px] lg:px-[31px], stack gap (:743 lg:gap-2), title :751-760, subtitle :856, gradient :719. LEFT: gradient 50.8/82.0% (terminal moved) against the code's one 41.8/78.7 pair (PlayGameCard.tsx:719): needs per-game stops, a PlayGameCard prop plus values in playGameArt.ts (P071's file).
13752-218587	frame-defect	modules/skai-gaming/src/components/play/ui/PlayGameCard.tsx	-	wave 76 lane Y6, 2026-10-05 (was unknown): FRAME DEFECT (Casey 2026-10-05 #2): 13752:218587 scales its effects with the card (DR3.29@0,0.82 / IN22.42@0,0.9, Figma's scale tool at 0.82) and tints the inset #080808 where its own Desktop twin draws #FFFFFF. On the effects the board contradicts its twins at the same size: the page frames draw the opposite at the same sizes (call 4/4 census: every rail card on 13754:221576 / 13754:219114 / 13754:219978 and their predecessors draws DR4@0,1 + IN27.29@0,1.09 #FFFFFF unscaled at 195x277, 160x227 and 130x184; every featured card the inset only at 317x409, 230x297 and 167x216), and the code draws the page frames: RAIL_SHADOW 0 1 4 at every width (PlayGameCard.tsx:134, featured none :136-140), inset 0 1 27 white at 14% at every width (:942); building the board's effects would break the five page frames read today. READ LIVE 2026-10-05, w76 Y6 use_figma read-only call 2/4 (read2.js -> read2-result.txt: structure diffed against its size template) and 3/4 (read3-result.txt section D: card-% stops), 3sSz page 4459:128102; each call locked.mjs-checked and ledgered record-kind parity "w76 Y6". Matches its 160x227 template 13752:218547 (Plinko, call 2/4) in shell #001615 r12, cut 274:388, stack inset bottom/side 16 / 14, gap 4, title Manrope ExtraBold UPPER -4% 20/20, subtitle Mulish 10/14 at 64%; card-% stops 41.82/78.7. Code at skai-gaming 4da73398: TILE_ASPECT :80, TILE_RADIUS :111 rounded-[12px], RAIL_STACK_INSET :164 md:bottom-[16px] md:px-[14px], stack gap (:743 gap-1), title :751-760, subtitle :856, gradient :719.
13752-218377	frame-defect	modules/skai-gaming/src/components/play/ui/PlayGameCard.tsx	-	wave 76 lane Y6, 2026-10-05 (was unknown): FRAME DEFECT (Casey 2026-10-05 #2): 13752:218377 scales its effects with the card (DR2.66@0,0.67 / IN18.17@0,0.73, Figma's scale tool at 0.667) and tints the inset #080808 where its own Desktop twin draws #FFFFFF. On the effects the board contradicts its twins at the same size: the page frames draw the opposite at the same sizes (call 4/4 census: every rail card on 13754:221576 / 13754:219114 / 13754:219978 and their predecessors draws DR4@0,1 + IN27.29@0,1.09 #FFFFFF unscaled at 195x277, 160x227 and 130x184; every featured card the inset only at 317x409, 230x297 and 167x216), and the code draws the page frames: RAIL_SHADOW 0 1 4 at every width (PlayGameCard.tsx:134, featured none :136-140), inset 0 1 27 white at 14% at every width (:942); building the board's effects would break the five page frames read today. READ LIVE 2026-10-05, w76 Y6 use_figma read-only call 2/4 (read2.js -> read2-result.txt: structure diffed against its size template) and 3/4 (read3-result.txt section D: card-% stops), 3sSz page 4459:128102; each call locked.mjs-checked and ledgered record-kind parity "w76 Y6". Matches its 130x184 template 13752:218337 (Plinko, call 2/4) in shell #001615 r12, cut 274:388, stack inset bottom/side 12 / 10, gap 4, title Manrope ExtraBold UPPER -4% 16/16, subtitle Mulish 10/14 at 64%; card-% stops 41.82/78.7. Code at skai-gaming 4da73398: TILE_ASPECT :80, TILE_RADIUS :111 rounded-[12px], RAIL_STACK_INSET :164 bottom-[12px] px-[10px], stack gap (:743 gap-1), title :751-760, subtitle :856, gradient :719.
13752-218667	partial	modules/skai-gaming/src/components/play/ui/PlayGameCard.tsx	-	wave 76 lane Y6, 2026-10-05 (was unknown): READ LIVE 2026-10-05, w76 Y6 use_figma read-only call 2/4 (read2.js -> read2-result.txt: structure diffed against its size template) and 3/4 (read3-result.txt section D: card-% stops), 3sSz page 4459:128102; each call locked.mjs-checked and ledgered record-kind parity "w76 Y6". Matches its 317x409 template 13752:218652 (Plinko, call 2/4) in shell #001615 r16, cut 317:409, stack inset bottom/side 32 / 32, gap 8, title Manrope ExtraBold UPPER -4% 24/24, subtitle Mulish 11/14 at 64%; card-% stops 50.8/82.0. Code at skai-gaming 4da73398: TILE_ASPECT :80, TILE_RADIUS :111 rounded-[16px], TILE_STACK_INSET :167 lg:bottom-[32px] lg:px-[32px], stack gap (:743 lg:gap-2), title :751-760, subtitle :856, gradient :719. LEFT: gradient 50.8/82.0% (terminal moved) against the code's one 41.8/78.7 pair (PlayGameCard.tsx:719): needs per-game stops, a PlayGameCard prop plus values in playGameArt.ts (P071's file). Also a frame defect (Casey 2026-10-05 #2), not a gap: 13752:218667 carries the rail drop shadow DR4@0,1 (unscaled); on the effects the page frames draw the opposite at the same sizes (call 4/4 census: every rail card on 13754:221576 / 13754:219114 / 13754:219978 and their predecessors draws DR4@0,1 + IN27.29@0,1.09 #FFFFFF unscaled at 195x277, 160x227 and 130x184; every featured card the inset only at 317x409, 230x297 and 167x216), and the code draws the page frames: RAIL_SHADOW 0 1 4 at every width (PlayGameCard.tsx:134, featured none :136-140), inset 0 1 27 white at 14% at every width (:942).
13753-218710	partial	modules/skai-gaming/src/components/play/ui/PlayGameCard.tsx	-	wave 76 lane Y6, 2026-10-05 (was unknown): READ LIVE 2026-10-05, w76 Y6 use_figma read-only call 2/4 (read2.js -> read2-result.txt: structure diffed against its size template) and 3/4 (read3-result.txt section D: card-% stops), 3sSz page 4459:128102; each call locked.mjs-checked and ledgered record-kind parity "w76 Y6". Matches its 230x297 template 13753:218694 (Plinko, call 2/4) in shell #001615 r16, cut 317:409, stack inset bottom/side 16 / 16, gap 4, title Manrope ExtraBold UPPER -4% 20/20, subtitle Mulish 10/14 at 64%; card-% stops 50.8/82.0. Code at skai-gaming 4da73398: TILE_ASPECT :80, TILE_RADIUS :111 rounded-[16px], TILE_STACK_INSET :167 md:bottom-[16px] px-[16px], stack gap (:743 gap-1), title :751-760, subtitle :856, gradient :719. LEFT: gradient 50.8/82.0% (terminal moved) against the code's one 41.8/78.7 pair (PlayGameCard.tsx:719): needs per-game stops, a PlayGameCard prop plus values in playGameArt.ts (P071's file). Also a frame defect (Casey 2026-10-05 #2), not a gap: 13753:218710 carries the rail drop shadow DR4@0,1 (unscaled); on the effects the page frames draw the opposite at the same sizes (call 4/4 census: every rail card on 13754:221576 / 13754:219114 / 13754:219978 and their predecessors draws DR4@0,1 + IN27.29@0,1.09 #FFFFFF unscaled at 195x277, 160x227 and 130x184; every featured card the inset only at 317x409, 230x297 and 167x216), and the code draws the page frames: RAIL_SHADOW 0 1 4 at every width (PlayGameCard.tsx:134, featured none :136-140), inset 0 1 27 white at 14% at every width (:942).
13753-218736	partial	modules/skai-gaming/src/components/play/ui/PlayGameCard.tsx	-	wave 76 lane Y6, 2026-10-05 (was unknown): READ LIVE 2026-10-05, w76 Y6 use_figma read-only call 2/4 (read2.js -> read2-result.txt: structure diffed against its size template) and 3/4 (read3-result.txt section D: card-% stops), 3sSz page 4459:128102; each call locked.mjs-checked and ledgered record-kind parity "w76 Y6". Matches its 167x216 template 13753:218725 (Plinko, call 2/4) in shell #001615 r16, cut 317:409, stack inset bottom/side 12 / 16, gap 4, title Manrope ExtraBold UPPER -4% 16/16, subtitle Mulish 10/14 at 64%; card-% stops 50.8/82.0. Code at skai-gaming 4da73398: TILE_ASPECT :80, TILE_RADIUS :111 rounded-[16px], TILE_STACK_INSET :167 bottom-[12px] px-[16px], stack gap (:743 gap-1), title :751-760, subtitle :856, gradient :719. LEFT: gradient 50.8/82.0% (terminal moved) against the code's one 41.8/78.7 pair (PlayGameCard.tsx:719): needs per-game stops, a PlayGameCard prop plus values in playGameArt.ts (P071's file). Also a frame defect (Casey 2026-10-05 #2), not a gap: 13753:218736 carries the rail drop shadow DR4@0,1 (scaled to DR2.91 with the inset scaled to IN19.84, 0.726 of the 230 board); on the effects the page frames draw the opposite at the same sizes (call 4/4 census: every rail card on 13754:221576 / 13754:219114 / 13754:219978 and their predecessors draws DR4@0,1 + IN27.29@0,1.09 #FFFFFF unscaled at 195x277, 160x227 and 130x184; every featured card the inset only at 317x409, 230x297 and 167x216), and the code draws the page frames: RAIL_SHADOW 0 1 4 at every width (PlayGameCard.tsx:134, featured none :136-140), inset 0 1 27 white at 14% at every width (:942).
13752-218121	done	modules/skai-gaming/src/components/play/ui/PlayGameCard.tsx	-	wave 76 lane Y6, 2026-10-05 (was unknown): READ LIVE 2026-10-05, w76 Y6 use_figma read-only call 2/4 (read2.js -> read2-result.txt: structure diffed against its size template) and 3/4 (read3-result.txt section D: card-% stops), 3sSz page 4459:128102; each call locked.mjs-checked and ledgered record-kind parity "w76 Y6". Matches its 195x277 template 13752:218131 (Plinko, call 2/4) in shell #001615 r16, cut 274:388, stack inset bottom/side 18 / 31, gap 8, title Manrope ExtraBold UPPER -4% 24/24, subtitle Mulish 11/14 at 64%; card-% stops 41.82/78.7. Code at skai-gaming 4da73398: TILE_ASPECT :80, TILE_RADIUS :111 lg:rounded-[16px], RAIL_STACK_INSET :164 lg:bottom-[18px] lg:px-[31px], stack gap (:743 lg:gap-2), title :751-760, subtitle :856, gradient :719. art crop per skai-gaming 13263235 'fix(play): the Hi-Lo, Scratchers, Dice and Coinflip tiles crop their cover art where the boards do', which P071's d3fc4c31 keeps for this game; if the fold does not take it, this row falls to partial.
13752-218542	partial	modules/skai-gaming/src/components/play/ui/PlayGameCard.tsx	-	wave 76 lane Y6, 2026-10-05 (was unknown): READ LIVE 2026-10-05, w76 Y6 use_figma read-only call 2/4 (read2.js -> read2-result.txt: structure diffed against its size template) and 3/4 (read3-result.txt section D: card-% stops), 3sSz page 4459:128102; each call locked.mjs-checked and ledgered record-kind parity "w76 Y6". Matches its 160x227 template 13752:218547 (Plinko, call 2/4) in shell #001615 r12, cut 274:388, stack inset bottom/side 16 / 14, gap 4, title Manrope ExtraBold UPPER -4% 20/20, subtitle Mulish 10/14 at 64%; card-% stops 41.82/78.7. Code at skai-gaming 4da73398: TILE_ASPECT :80, TILE_RADIUS :111 rounded-[12px], RAIL_STACK_INSET :164 md:bottom-[16px] md:px-[14px], stack gap (:743 gap-1), title :751-760, subtitle :856, gradient :719. art crop per skai-gaming 13263235 'fix(play): the Hi-Lo, Scratchers, Dice and Coinflip tiles crop their cover art where the boards do', which P071's d3fc4c31 keeps for this game; if the fold does not take it, this row falls to partial. LEFT: accent: 13752:218542 fades to #123F3C, as every Dice board below lg does (cover 9220:26181, set 13752:218542 / 13752:218332), where the 1440 boards (13752:218121 rail, 13752:218647 featured) fade to #138462; the code fades every cut to #138462 (playGameArt.ts dice entry, :1041 at skai-gaming 4da73398). Nothing at this size contradicts the board, so it is a gap the code can close, not a frame defect (Casey 2026-10-05 #2): it needs a below-lg accent value in playGameArt.ts (P071's file) and the gradient (PlayGameCard.tsx:719) reading it per width, unless design confirms the stop is stale. P071 moved the cover 9220:26181 to partial on the same reading (skai-gaming d3fc4c31 'fix(play): Scratchers goes back to its centred crop: anchoring it to the bottom met the rail boards 9222:26345 / 9222:26350 but cut the coin in half on the featured tile ... (13263235)' (P071)). Also a frame defect (Casey 2026-10-05 #2), not a gap: 13752:218542 scales its effects with the card (DR3.29@0,0.82 / IN22.42@0,0.9, Figma's scale tool at 0.82); on the effects the page frames draw the opposite at the same sizes (call 4/4 census: every rail card on 13754:221576 / 13754:219114 / 13754:219978 and their predecessors draws DR4@0,1 + IN27.29@0,1.09 #FFFFFF unscaled at 195x277, 160x227 and 130x184; every featured card the inset only at 317x409, 230x297 and 167x216), and the code draws the page frames: RAIL_SHADOW 0 1 4 at every width (PlayGameCard.tsx:134, featured none :136-140), inset 0 1 27 white at 14% at every width (:942).
13752-218332	partial	modules/skai-gaming/src/components/play/ui/PlayGameCard.tsx	-	wave 76 lane Y6, 2026-10-05 (was unknown): READ LIVE 2026-10-05, w76 Y6 use_figma read-only call 2/4 (read2.js -> read2-result.txt: structure diffed against its size template) and 3/4 (read3-result.txt section D: card-% stops), 3sSz page 4459:128102; each call locked.mjs-checked and ledgered record-kind parity "w76 Y6". Matches its 130x184 template 13752:218337 (Plinko, call 2/4) in shell #001615 r12, cut 274:388, stack inset bottom/side 12 / 10, gap 4, title Manrope ExtraBold UPPER -4% 16/16, subtitle Mulish 10/14 at 64%; card-% stops 41.82/78.7. Code at skai-gaming 4da73398: TILE_ASPECT :80, TILE_RADIUS :111 rounded-[12px], RAIL_STACK_INSET :164 bottom-[12px] px-[10px], stack gap (:743 gap-1), title :751-760, subtitle :856, gradient :719. art crop per skai-gaming 13263235 'fix(play): the Hi-Lo, Scratchers, Dice and Coinflip tiles crop their cover art where the boards do', which P071's d3fc4c31 keeps for this game; if the fold does not take it, this row falls to partial. LEFT: accent: 13752:218332 fades to #123F3C, as every Dice board below lg does (cover 9220:26181, set 13752:218542 / 13752:218332), where the 1440 boards (13752:218121 rail, 13752:218647 featured) fade to #138462; the code fades every cut to #138462 (playGameArt.ts dice entry, :1041 at skai-gaming 4da73398). Nothing at this size contradicts the board, so it is a gap the code can close, not a frame defect (Casey 2026-10-05 #2): it needs a below-lg accent value in playGameArt.ts (P071's file) and the gradient (PlayGameCard.tsx:719) reading it per width, unless design confirms the stop is stale. P071 moved the cover 9220:26181 to partial on the same reading (skai-gaming d3fc4c31 'fix(play): Scratchers goes back to its centred crop: anchoring it to the bottom met the rail boards 9222:26345 / 9222:26350 but cut the coin in half on the featured tile ... (13263235)' (P071)). Also a frame defect (Casey 2026-10-05 #2), not a gap: 13752:218332 scales its effects with the card (DR2.66@0,0.67 / IN18.17@0,0.73, Figma's scale tool at 0.667); on the effects the page frames draw the opposite at the same sizes (call 4/4 census: every rail card on 13754:221576 / 13754:219114 / 13754:219978 and their predecessors draws DR4@0,1 + IN27.29@0,1.09 #FFFFFF unscaled at 195x277, 160x227 and 130x184; every featured card the inset only at 317x409, 230x297 and 167x216), and the code draws the page frames: RAIL_SHADOW 0 1 4 at every width (PlayGameCard.tsx:134, featured none :136-140), inset 0 1 27 white at 14% at every width (:942).
13752-218647	frame-defect	modules/skai-gaming/src/components/play/ui/PlayGameCard.tsx	-	wave 76 lane Y6, 2026-10-05 (was unknown): FRAME DEFECT (Casey 2026-10-05 #2): 13752:218647 carries the rail drop shadow DR4@0,1 (unscaled). On the effects the board contradicts its twins at the same size: the page frames draw the opposite at the same sizes (call 4/4 census: every rail card on 13754:221576 / 13754:219114 / 13754:219978 and their predecessors draws DR4@0,1 + IN27.29@0,1.09 #FFFFFF unscaled at 195x277, 160x227 and 130x184; every featured card the inset only at 317x409, 230x297 and 167x216), and the code draws the page frames: RAIL_SHADOW 0 1 4 at every width (PlayGameCard.tsx:134, featured none :136-140), inset 0 1 27 white at 14% at every width (:942); building the board's effects would break the five page frames read today. READ LIVE 2026-10-05, w76 Y6 use_figma read-only call 2/4 (read2.js -> read2-result.txt: structure diffed against its size template) and 3/4 (read3-result.txt section D: card-% stops), 3sSz page 4459:128102; each call locked.mjs-checked and ledgered record-kind parity "w76 Y6". Matches its 317x409 template 13752:218652 (Plinko, call 2/4) in shell #001615 r16, cut 317:409, stack inset bottom/side 32 / 32, gap 8, title Manrope ExtraBold UPPER -4% 24/24, subtitle Mulish 11/14 at 64%; card-% stops 41.82/78.7. Code at skai-gaming 4da73398: TILE_ASPECT :80, TILE_RADIUS :111 rounded-[16px], TILE_STACK_INSET :167 lg:bottom-[32px] lg:px-[32px], stack gap (:743 lg:gap-2), title :751-760, subtitle :856, gradient :719. art crop per skai-gaming 13263235 'fix(play): the Hi-Lo, Scratchers, Dice and Coinflip tiles crop their cover art where the boards do', which P071's d3fc4c31 keeps for this game; if the fold does not take it, this row falls to partial.
13752-218216	partial	modules/skai-gaming/src/components/play/ui/PlayGameCard.tsx	-	wave 76 lane Y6, 2026-10-05 (was unknown): READ LIVE 2026-10-05, w76 Y6 use_figma read-only call 2/4 (read2.js -> read2-result.txt: structure diffed against its size template) and 3/4 (read3-result.txt section D: card-% stops), 3sSz page 4459:128102; each call locked.mjs-checked and ledgered record-kind parity "w76 Y6". Matches its 195x277 template 13752:218131 (Plinko, call 2/4) in shell #001615 r16, cut 274:388, stack inset bottom/side 18 / 31, gap 8, title Manrope ExtraBold UPPER -4% 24/24, subtitle Mulish 11/14 at 64%; card-% stops 52.85/78.7. Code at skai-gaming 4da73398: TILE_ASPECT :80, TILE_RADIUS :111 lg:rounded-[16px], RAIL_STACK_INSET :164 lg:bottom-[18px] lg:px-[31px], stack gap (:743 lg:gap-2), title :751-760, subtitle :856, gradient :719. LEFT: gradient starts at 52.85% against the code's 41.8% (PlayGameCard.tsx:719), the terminal the same: at 52.85% the code's wash is already 30% accent where the board has none; needs per-game stops, a PlayGameCard prop plus values in playGameArt.ts (P071's file).
13752-218592	partial	modules/skai-gaming/src/components/play/ui/PlayGameCard.tsx	-	wave 76 lane Y6, 2026-10-05 (was unknown): READ LIVE 2026-10-05, w76 Y6 use_figma read-only call 2/4 (read2.js -> read2-result.txt: structure diffed against its size template) and 3/4 (read3-result.txt section D: card-% stops), 3sSz page 4459:128102; each call locked.mjs-checked and ledgered record-kind parity "w76 Y6". Matches its 160x227 template 13752:218547 (Plinko, call 2/4) in shell #001615 r12, cut 274:388, stack inset bottom/side 16 / 14, gap 4, title Manrope ExtraBold UPPER -4% 20/20, subtitle Mulish 10/14 at 64%; card-% stops 32.58/78.7. Code at skai-gaming 4da73398: TILE_ASPECT :80, TILE_RADIUS :111 rounded-[12px], RAIL_STACK_INSET :164 md:bottom-[16px] md:px-[14px], stack gap (:743 gap-1), title :751-760, subtitle :856, gradient :719. LEFT: gradient starts at 32.58% against the code's 41.8% (PlayGameCard.tsx:719), the terminal the same: at 41.8% the board's wash is already 20% accent where the code has none; needs per-game stops, a PlayGameCard prop plus values in playGameArt.ts (P071's file). Also a frame defect (Casey 2026-10-05 #2), not a gap: 13752:218592 scales its effects with the card (DR3.29@0,0.82 / IN22.42@0,0.9, Figma's scale tool at 0.82) and tints the inset #080808 where its own Desktop twin draws #FFFFFF; on the effects the page frames draw the opposite at the same sizes (call 4/4 census: every rail card on 13754:221576 / 13754:219114 / 13754:219978 and their predecessors draws DR4@0,1 + IN27.29@0,1.09 #FFFFFF unscaled at 195x277, 160x227 and 130x184; every featured card the inset only at 317x409, 230x297 and 167x216), and the code draws the page frames: RAIL_SHADOW 0 1 4 at every width (PlayGameCard.tsx:134, featured none :136-140), inset 0 1 27 white at 14% at every width (:942).
13752-218382	partial	modules/skai-gaming/src/components/play/ui/PlayGameCard.tsx	-	wave 76 lane Y6, 2026-10-05 (was unknown): READ LIVE 2026-10-05, w76 Y6 use_figma read-only call 2/4 (read2.js -> read2-result.txt: structure diffed against its size template) and 3/4 (read3-result.txt section D: card-% stops), 3sSz page 4459:128102; each call locked.mjs-checked and ledgered record-kind parity "w76 Y6". Matches its 130x184 template 13752:218337 (Plinko, call 2/4) in shell #001615 r12, cut 274:388, stack inset bottom/side 12 / 10, gap 4, title Manrope ExtraBold UPPER -4% 16/16, subtitle Mulish 10/14 at 64%; card-% stops 32.58/78.7. Code at skai-gaming 4da73398: TILE_ASPECT :80, TILE_RADIUS :111 rounded-[12px], RAIL_STACK_INSET :164 bottom-[12px] px-[10px], stack gap (:743 gap-1), title :751-760, subtitle :856, gradient :719. LEFT: gradient starts at 32.58% against the code's 41.8% (PlayGameCard.tsx:719), the terminal the same: at 41.8% the board's wash is already 20% accent where the code has none; needs per-game stops, a PlayGameCard prop plus values in playGameArt.ts (P071's file). Also a frame defect (Casey 2026-10-05 #2), not a gap: 13752:218382 scales its effects with the card (DR2.66@0,0.67 / IN18.17@0,0.73, Figma's scale tool at 0.667) and tints the inset #080808 where its own Desktop twin draws #FFFFFF; on the effects the page frames draw the opposite at the same sizes (call 4/4 census: every rail card on 13754:221576 / 13754:219114 / 13754:219978 and their predecessors draws DR4@0,1 + IN27.29@0,1.09 #FFFFFF unscaled at 195x277, 160x227 and 130x184; every featured card the inset only at 317x409, 230x297 and 167x216), and the code draws the page frames: RAIL_SHADOW 0 1 4 at every width (PlayGameCard.tsx:134, featured none :136-140), inset 0 1 27 white at 14% at every width (:942).
13752-218186	done	modules/skai-gaming/src/components/play/ui/PlayGameCard.tsx	-	wave 76 lane Y6, 2026-10-05 (was unknown): READ LIVE 2026-10-05, w76 Y6 use_figma read-only call 2/4 (read2.js -> read2-result.txt: structure diffed against its size template) and 3/4 (read3-result.txt section D: card-% stops), 3sSz page 4459:128102; each call locked.mjs-checked and ledgered record-kind parity "w76 Y6". Matches its 195x277 template 13752:218131 (Plinko, call 2/4) in shell #001615 r16, cut 274:388, stack inset bottom/side 18 / 31, gap 8, title Manrope ExtraBold UPPER -4% 24/24, subtitle Mulish 11/14 at 64%; card-% stops 41.82/78.7. Code at skai-gaming 4da73398: TILE_ASPECT :80, TILE_RADIUS :111 lg:rounded-[16px], RAIL_STACK_INSET :164 lg:bottom-[18px] lg:px-[31px], stack gap (:743 lg:gap-2), title :751-760, subtitle :856, gradient :719. art crop per skai-gaming 13263235 'fix(play): the Hi-Lo, Scratchers, Dice and Coinflip tiles crop their cover art where the boards do', which P071's d3fc4c31 keeps for this game; if the fold does not take it, this row falls to partial.
13752-218577	frame-defect	modules/skai-gaming/src/components/play/ui/PlayGameCard.tsx	-	wave 76 lane Y6, 2026-10-05 (was unknown): FRAME DEFECT (Casey 2026-10-05 #2): 13752:218577 scales its effects with the card (DR3.29@0,0.82 / IN22.42@0,0.9, Figma's scale tool at 0.82) and tints the inset #080808 where its own Desktop twin draws #FFFFFF. On the effects the board contradicts its twins at the same size: the page frames draw the opposite at the same sizes (call 4/4 census: every rail card on 13754:221576 / 13754:219114 / 13754:219978 and their predecessors draws DR4@0,1 + IN27.29@0,1.09 #FFFFFF unscaled at 195x277, 160x227 and 130x184; every featured card the inset only at 317x409, 230x297 and 167x216), and the code draws the page frames: RAIL_SHADOW 0 1 4 at every width (PlayGameCard.tsx:134, featured none :136-140), inset 0 1 27 white at 14% at every width (:942); building the board's effects would break the five page frames read today. READ LIVE 2026-10-05, w76 Y6 use_figma read-only call 2/4 (read2.js -> read2-result.txt: structure diffed against its size template) and 3/4 (read3-result.txt section D: card-% stops), 3sSz page 4459:128102; each call locked.mjs-checked and ledgered record-kind parity "w76 Y6". Matches its 160x227 template 13752:218547 (Plinko, call 2/4) in shell #001615 r12, cut 274:388, stack inset bottom/side 16 / 14, gap 4, title Manrope ExtraBold UPPER -4% 20/20, subtitle Mulish 10/14 at 64%; card-% stops 41.82/78.7. Code at skai-gaming 4da73398: TILE_ASPECT :80, TILE_RADIUS :111 rounded-[12px], RAIL_STACK_INSET :164 md:bottom-[16px] md:px-[14px], stack gap (:743 gap-1), title :751-760, subtitle :856, gradient :719. art crop per skai-gaming 13263235 'fix(play): the Hi-Lo, Scratchers, Dice and Coinflip tiles crop their cover art where the boards do', which P071's d3fc4c31 keeps for this game; if the fold does not take it, this row falls to partial.
13752-218367	frame-defect	modules/skai-gaming/src/components/play/ui/PlayGameCard.tsx	-	wave 76 lane Y6, 2026-10-05 (was unknown): FRAME DEFECT (Casey 2026-10-05 #2): 13752:218367 scales its effects with the card (DR2.66@0,0.67 / IN18.17@0,0.73, Figma's scale tool at 0.667) and tints the inset #080808 where its own Desktop twin draws #FFFFFF. On the effects the board contradicts its twins at the same size: the page frames draw the opposite at the same sizes (call 4/4 census: every rail card on 13754:221576 / 13754:219114 / 13754:219978 and their predecessors draws DR4@0,1 + IN27.29@0,1.09 #FFFFFF unscaled at 195x277, 160x227 and 130x184; every featured card the inset only at 317x409, 230x297 and 167x216), and the code draws the page frames: RAIL_SHADOW 0 1 4 at every width (PlayGameCard.tsx:134, featured none :136-140), inset 0 1 27 white at 14% at every width (:942); building the board's effects would break the five page frames read today. READ LIVE 2026-10-05, w76 Y6 use_figma read-only call 2/4 (read2.js -> read2-result.txt: structure diffed against its size template) and 3/4 (read3-result.txt section D: card-% stops), 3sSz page 4459:128102; each call locked.mjs-checked and ledgered record-kind parity "w76 Y6". Matches its 130x184 template 13752:218337 (Plinko, call 2/4) in shell #001615 r12, cut 274:388, stack inset bottom/side 12 / 10, gap 4, title Manrope ExtraBold UPPER -4% 16/16, subtitle Mulish 10/14 at 64%; card-% stops 41.82/78.7. Code at skai-gaming 4da73398: TILE_ASPECT :80, TILE_RADIUS :111 rounded-[12px], RAIL_STACK_INSET :164 bottom-[12px] px-[10px], stack gap (:743 gap-1), title :751-760, subtitle :856, gradient :719. art crop per skai-gaming 13263235 'fix(play): the Hi-Lo, Scratchers, Dice and Coinflip tiles crop their cover art where the boards do', which P071's d3fc4c31 keeps for this game; if the fold does not take it, this row falls to partial.
13752-218316	partial	modules/skai-gaming/src/components/play/ui/PlayGameCard.tsx	-	wave 76 lane Y6, 2026-10-05 (was unknown): READ LIVE 2026-10-05, w76 Y6 use_figma read-only call 3/4 (read3.js -> read3-result.txt section A: structure, effects, crop, stops, title box), 3sSz page 4459:128102; each call locked.mjs-checked and ledgered record-kind parity "w76 Y6". Matches its 195x277 template 13752:218131 (Plinko, call 2/4) in shell #001615 r16, cut 274:388, stack inset bottom/side 18 / 31, gap 8, title Manrope ExtraBold UPPER -4% 24/24, subtitle Mulish 11/14 at 64%; card-% stops 52.85/78.7. Code at skai-gaming 4da73398: TILE_ASPECT :80, TILE_RADIUS :111 lg:rounded-[16px], RAIL_STACK_INSET :164 lg:bottom-[18px] lg:px-[31px], stack gap (:743 lg:gap-2), title :751-760, subtitle :856, gradient :719. LEFT: gradient starts at 52.85% against the code's 41.8% (PlayGameCard.tsx:719), the terminal the same: at 52.85% the code's wash is already 30% accent where the board has none; needs per-game stops, a PlayGameCard prop plus values in playGameArt.ts (P071's file).
13752-218642	partial	modules/skai-gaming/src/components/play/ui/PlayGameCard.tsx	-	wave 76 lane Y6, 2026-10-05 (was unknown): READ LIVE 2026-10-05, w76 Y6 use_figma read-only call 3/4 (read3.js -> read3-result.txt section A: structure, effects, crop, stops, title box), 3sSz page 4459:128102; each call locked.mjs-checked and ledgered record-kind parity "w76 Y6". Matches its 160x227 template 13752:218547 (Plinko, call 2/4) in shell #001615 r12, cut 274:388, stack inset bottom/side 16 / 14, gap 4, title Manrope ExtraBold UPPER -4% 20/20, subtitle Mulish 10/14 at 64%; card-% stops 32.58/78.7. Code at skai-gaming 4da73398: TILE_ASPECT :80, TILE_RADIUS :111 rounded-[12px], RAIL_STACK_INSET :164 md:bottom-[16px] md:px-[14px], stack gap (:743 gap-1), title :751-760, subtitle :856, gradient :719. LEFT: gradient starts at 32.58% against the code's 41.8% (PlayGameCard.tsx:719), the terminal the same: at 41.8% the board's wash is already 20% accent where the code has none; needs per-game stops, a PlayGameCard prop plus values in playGameArt.ts (P071's file). Also a frame defect (Casey 2026-10-05 #2), not a gap: 13752:218642 scales its effects with the card (DR3.29@0,0.82 / IN22.42@0,0.9, Figma's scale tool at 0.82) and tints the inset #080808 where its own Desktop twin draws #FFFFFF; on the effects the page frames draw the opposite at the same sizes (call 4/4 census: every rail card on 13754:221576 / 13754:219114 / 13754:219978 and their predecessors draws DR4@0,1 + IN27.29@0,1.09 #FFFFFF unscaled at 195x277, 160x227 and 130x184; every featured card the inset only at 317x409, 230x297 and 167x216), and the code draws the page frames: RAIL_SHADOW 0 1 4 at every width (PlayGameCard.tsx:134, featured none :136-140), inset 0 1 27 white at 14% at every width (:942).
13752-218432	partial	modules/skai-gaming/src/components/play/ui/PlayGameCard.tsx	-	wave 76 lane Y6, 2026-10-05 (was unknown): READ LIVE 2026-10-05, w76 Y6 use_figma read-only call 3/4 (read3.js -> read3-result.txt section A: structure, effects, crop, stops, title box), 3sSz page 4459:128102; each call locked.mjs-checked and ledgered record-kind parity "w76 Y6". Matches its 130x184 template 13752:218337 (Plinko, call 2/4) in shell #001615 r12, cut 274:388, stack inset bottom/side 12 / 10, gap 4, title Manrope ExtraBold UPPER -4% 16/16, subtitle Mulish 10/14 at 64%; card-% stops 32.58/78.7. Code at skai-gaming 4da73398: TILE_ASPECT :80, TILE_RADIUS :111 rounded-[12px], RAIL_STACK_INSET :164 bottom-[12px] px-[10px], stack gap (:743 gap-1), title :751-760, subtitle :856, gradient :719. LEFT: gradient starts at 32.58% against the code's 41.8% (PlayGameCard.tsx:719), the terminal the same: at 41.8% the board's wash is already 20% accent where the code has none; needs per-game stops, a PlayGameCard prop plus values in playGameArt.ts (P071's file). Also a frame defect (Casey 2026-10-05 #2), not a gap: 13752:218432 scales its effects with the card (DR2.66@0,0.67 / IN18.17@0,0.73, Figma's scale tool at 0.667) and tints the inset #080808 where its own Desktop twin draws #FFFFFF; on the effects the page frames draw the opposite at the same sizes (call 4/4 census: every rail card on 13754:221576 / 13754:219114 / 13754:219978 and their predecessors draws DR4@0,1 + IN27.29@0,1.09 #FFFFFF unscaled at 195x277, 160x227 and 130x184; every featured card the inset only at 317x409, 230x297 and 167x216), and the code draws the page frames: RAIL_SHADOW 0 1 4 at every width (PlayGameCard.tsx:134, featured none :136-140), inset 0 1 27 white at 14% at every width (:942).
13752-218261	done	modules/skai-gaming/src/components/play/ui/PlayGameCard.tsx	-	wave 76 lane Y6, 2026-10-05 (was unknown): READ LIVE 2026-10-05, w76 Y6 use_figma read-only call 3/4 (read3.js -> read3-result.txt section A: structure, effects, crop, stops, title box), 3sSz page 4459:128102; each call locked.mjs-checked and ledgered record-kind parity "w76 Y6". Matches its 195x277 template 13752:218131 (Plinko, call 2/4) in shell #001615 r16, cut 274:388, stack inset bottom/side 18 / 31, gap 8, title Manrope ExtraBold UPPER -4% 24/24, subtitle Mulish 11/14 at 64%; card-% stops 41.82/78.7. Code at skai-gaming 4da73398: TILE_ASPECT :80, TILE_RADIUS :111 lg:rounded-[16px], RAIL_STACK_INSET :164 lg:bottom-[18px] lg:px-[31px], stack gap (:743 lg:gap-2), title :751-760, subtitle :856, gradient :719.
13752-218617	frame-defect	modules/skai-gaming/src/components/play/ui/PlayGameCard.tsx	-	wave 76 lane Y6, 2026-10-05 (was unknown): FRAME DEFECT (Casey 2026-10-05 #2): 13752:218617 scales its effects with the card (DR3.29@0,0.82 / IN22.42@0,0.9, Figma's scale tool at 0.82) and tints the inset #080808 where its own Desktop twin draws #FFFFFF. On the effects the board contradicts its twins at the same size: the page frames draw the opposite at the same sizes (call 4/4 census: every rail card on 13754:221576 / 13754:219114 / 13754:219978 and their predecessors draws DR4@0,1 + IN27.29@0,1.09 #FFFFFF unscaled at 195x277, 160x227 and 130x184; every featured card the inset only at 317x409, 230x297 and 167x216), and the code draws the page frames: RAIL_SHADOW 0 1 4 at every width (PlayGameCard.tsx:134, featured none :136-140), inset 0 1 27 white at 14% at every width (:942); building the board's effects would break the five page frames read today. READ LIVE 2026-10-05, w76 Y6 use_figma read-only call 3/4 (read3.js -> read3-result.txt section A: structure, effects, crop, stops, title box), 3sSz page 4459:128102; each call locked.mjs-checked and ledgered record-kind parity "w76 Y6". Matches its 160x227 template 13752:218547 (Plinko, call 2/4) in shell #001615 r12, cut 274:388, stack inset bottom/side 16 / 14, gap 4, title Manrope ExtraBold UPPER -4% 20/20, subtitle Mulish 10/14 at 64%; card-% stops 41.82/78.7. Code at skai-gaming 4da73398: TILE_ASPECT :80, TILE_RADIUS :111 rounded-[12px], RAIL_STACK_INSET :164 md:bottom-[16px] md:px-[14px], stack gap (:743 gap-1), title :751-760, subtitle :856, gradient :719.
13752-218407	frame-defect	modules/skai-gaming/src/components/play/ui/PlayGameCard.tsx	-	wave 76 lane Y6, 2026-10-05 (was unknown): FRAME DEFECT (Casey 2026-10-05 #2): 13752:218407 scales its effects with the card (DR2.66@0,0.67 / IN18.17@0,0.73, Figma's scale tool at 0.667) and tints the inset #080808 where its own Desktop twin draws #FFFFFF. On the effects the board contradicts its twins at the same size: the page frames draw the opposite at the same sizes (call 4/4 census: every rail card on 13754:221576 / 13754:219114 / 13754:219978 and their predecessors draws DR4@0,1 + IN27.29@0,1.09 #FFFFFF unscaled at 195x277, 160x227 and 130x184; every featured card the inset only at 317x409, 230x297 and 167x216), and the code draws the page frames: RAIL_SHADOW 0 1 4 at every width (PlayGameCard.tsx:134, featured none :136-140), inset 0 1 27 white at 14% at every width (:942); building the board's effects would break the five page frames read today. READ LIVE 2026-10-05, w76 Y6 use_figma read-only call 3/4 (read3.js -> read3-result.txt section A: structure, effects, crop, stops, title box), 3sSz page 4459:128102; each call locked.mjs-checked and ledgered record-kind parity "w76 Y6". Matches its 130x184 template 13752:218337 (Plinko, call 2/4) in shell #001615 r12, cut 274:388, stack inset bottom/side 12 / 10, gap 4, title Manrope ExtraBold UPPER -4% 16/16, subtitle Mulish 10/14 at 64%; card-% stops 41.82/78.7. Code at skai-gaming 4da73398: TILE_ASPECT :80, TILE_RADIUS :111 rounded-[12px], RAIL_STACK_INSET :164 bottom-[12px] px-[10px], stack gap (:743 gap-1), title :751-760, subtitle :856, gradient :719.
13752-218151	done	modules/skai-gaming/src/components/play/ui/PlayGameCard.tsx	-	wave 76 lane Y6, 2026-10-05 (was unknown): READ LIVE 2026-10-05, w76 Y6 use_figma read-only call 2/4 (read2.js -> read2-result.txt: structure diffed against its size template) and 3/4 (read3-result.txt section D: card-% stops), 3sSz page 4459:128102; each call locked.mjs-checked and ledgered record-kind parity "w76 Y6". Matches its 195x277 template 13752:218131 (Plinko, call 2/4) in shell #001615 r16, cut 274:388, stack inset bottom/side 18 / 31, gap 8, title Manrope ExtraBold UPPER -4% 24/24, subtitle Mulish 11/14 at 64%; card-% stops 41.82/78.7. Code at skai-gaming 4da73398: TILE_ASPECT :80, TILE_RADIUS :111 lg:rounded-[16px], RAIL_STACK_INSET :164 lg:bottom-[18px] lg:px-[31px], stack gap (:743 lg:gap-2), title :751-760, subtitle :856, gradient :719.
13752-218557	frame-defect	modules/skai-gaming/src/components/play/ui/PlayGameCard.tsx	-	wave 76 lane Y6, 2026-10-05 (was unknown): FRAME DEFECT (Casey 2026-10-05 #2): 13752:218557 scales its effects with the card (DR3.29@0,0.82 / IN22.42@0,0.9, Figma's scale tool at 0.82). On the effects the board contradicts its twins at the same size: the page frames draw the opposite at the same sizes (call 4/4 census: every rail card on 13754:221576 / 13754:219114 / 13754:219978 and their predecessors draws DR4@0,1 + IN27.29@0,1.09 #FFFFFF unscaled at 195x277, 160x227 and 130x184; every featured card the inset only at 317x409, 230x297 and 167x216), and the code draws the page frames: RAIL_SHADOW 0 1 4 at every width (PlayGameCard.tsx:134, featured none :136-140), inset 0 1 27 white at 14% at every width (:942); building the board's effects would break the five page frames read today. READ LIVE 2026-10-05, w76 Y6 use_figma read-only call 2/4 (read2.js -> read2-result.txt: structure diffed against its size template) and 3/4 (read3-result.txt section D: card-% stops), 3sSz page 4459:128102; each call locked.mjs-checked and ledgered record-kind parity "w76 Y6". Matches its 160x227 template 13752:218547 (Plinko, call 2/4) in shell #001615 r12, cut 274:388, stack inset bottom/side 16 / 14, gap 4, title Manrope ExtraBold UPPER -4% 20/20, subtitle Mulish 10/14 at 64%; card-% stops 41.82/78.7. Code at skai-gaming 4da73398: TILE_ASPECT :80, TILE_RADIUS :111 rounded-[12px], RAIL_STACK_INSET :164 md:bottom-[16px] md:px-[14px], stack gap (:743 gap-1), title :751-760, subtitle :856, gradient :719.
13752-218347	frame-defect	modules/skai-gaming/src/components/play/ui/PlayGameCard.tsx	-	wave 76 lane Y6, 2026-10-05 (was unknown): FRAME DEFECT (Casey 2026-10-05 #2): 13752:218347 scales its effects with the card (DR2.66@0,0.67 / IN18.17@0,0.73, Figma's scale tool at 0.667). On the effects the board contradicts its twins at the same size: the page frames draw the opposite at the same sizes (call 4/4 census: every rail card on 13754:221576 / 13754:219114 / 13754:219978 and their predecessors draws DR4@0,1 + IN27.29@0,1.09 #FFFFFF unscaled at 195x277, 160x227 and 130x184; every featured card the inset only at 317x409, 230x297 and 167x216), and the code draws the page frames: RAIL_SHADOW 0 1 4 at every width (PlayGameCard.tsx:134, featured none :136-140), inset 0 1 27 white at 14% at every width (:942); building the board's effects would break the five page frames read today. READ LIVE 2026-10-05, w76 Y6 use_figma read-only call 2/4 (read2.js -> read2-result.txt: structure diffed against its size template) and 3/4 (read3-result.txt section D: card-% stops), 3sSz page 4459:128102; each call locked.mjs-checked and ledgered record-kind parity "w76 Y6". Matches its 130x184 template 13752:218337 (Plinko, call 2/4) in shell #001615 r12, cut 274:388, stack inset bottom/side 12 / 10, gap 4, title Manrope ExtraBold UPPER -4% 16/16, subtitle Mulish 10/14 at 64%; card-% stops 41.82/78.7. Code at skai-gaming 4da73398: TILE_ASPECT :80, TILE_RADIUS :111 rounded-[12px], RAIL_STACK_INSET :164 bottom-[12px] px-[10px], stack gap (:743 gap-1), title :751-760, subtitle :856, gradient :719.
13752-218657	frame-defect	modules/skai-gaming/src/components/play/ui/PlayGameCard.tsx	-	wave 76 lane Y6, 2026-10-05 (was unknown): FRAME DEFECT (Casey 2026-10-05 #2): 13752:218657 carries the rail drop shadow DR4@0,1 (unscaled); 13752:218657 draws the blurb 'Immerse yourself...' and a second, doubled wash at REST with idle effects; Mines' own 195 board and every other large board draw neither, and the hovered featured frame 4645:70366 draws the blurb with the sky ring and DR24, which is what the code reveals on hover and focus. On the effects the board contradicts its twins at the same size: the page frames draw the opposite at the same sizes (call 4/4 census: every rail card on 13754:221576 / 13754:219114 / 13754:219978 and their predecessors draws DR4@0,1 + IN27.29@0,1.09 #FFFFFF unscaled at 195x277, 160x227 and 130x184; every featured card the inset only at 317x409, 230x297 and 167x216), and the code draws the page frames: RAIL_SHADOW 0 1 4 at every width (PlayGameCard.tsx:134, featured none :136-140), inset 0 1 27 white at 14% at every width (:942); building the board's effects would break the five page frames read today. READ LIVE 2026-10-05, w76 Y6 use_figma read-only call 2/4 (read2.js -> read2-result.txt: structure diffed against its size template) and 3/4 (read3-result.txt section D: card-% stops), 3sSz page 4459:128102; each call locked.mjs-checked and ledgered record-kind parity "w76 Y6". Matches its 317x409 template 13752:218652 (Plinko, call 2/4) in shell #001615 r16, cut 317:409, stack inset bottom/side 32 / 32, gap 8, title Manrope ExtraBold UPPER -4% 24/24, subtitle Mulish 11/14 at 64%; card-% stops 41.82/78.7. Code at skai-gaming 4da73398: TILE_ASPECT :80, TILE_RADIUS :111 rounded-[16px], TILE_STACK_INSET :167 lg:bottom-[32px] lg:px-[32px], stack gap (:743 lg:gap-2), title :751-760, subtitle :856, gradient :719.
13753-218699	partial	modules/skai-gaming/src/components/play/ui/PlayGameCard.tsx	-	wave 76 lane Y6, 2026-10-05 (was unknown): READ LIVE 2026-10-05, w76 Y6 use_figma read-only call 2/4 (read2.js -> read2-result.txt: structure diffed against its size template) and 3/4 (read3-result.txt section D: card-% stops), 3sSz page 4459:128102; each call locked.mjs-checked and ledgered record-kind parity "w76 Y6". Matches its 230x297 template 13753:218694 (Plinko, call 2/4) in shell #001615 r16, cut 317:409, stack inset bottom/side 16 / 16, gap 4, title Manrope ExtraBold UPPER -4% 20/20, subtitle Mulish 10/14 at 64%; card-% stops 41.82/78.7. Code at skai-gaming 4da73398: TILE_ASPECT :80, TILE_RADIUS :111 rounded-[16px], TILE_STACK_INSET :167 md:bottom-[16px] px-[16px], stack gap (:743 gap-1), title :751-760, subtitle :856, gradient :719. LEFT: art: below lg the featured tile draws the MOBILE zoom (artZoomClass switches at lg) where the board copies the Desktop crop (P071: plinko bottom 2.90pp, mines top 2.31pp); needs a featured zoom value in playGameArt.ts. Also a frame defect (Casey 2026-10-05 #2), not a gap: 13753:218699 carries the rail drop shadow DR4@0,1 (unscaled); 13753:218699 draws the blurb 'Immerse yourself...' and a second, doubled wash at REST with idle effects; Mines' own 195 board and every other large board draw neither, and the hovered featured frame 4645:70366 draws the blurb with the sky ring and DR24, which is what the code reveals on hover and focus; on the effects the page frames draw the opposite at the same sizes (call 4/4 census: every rail card on 13754:221576 / 13754:219114 / 13754:219978 and their predecessors draws DR4@0,1 + IN27.29@0,1.09 #FFFFFF unscaled at 195x277, 160x227 and 130x184; every featured card the inset only at 317x409, 230x297 and 167x216), and the code draws the page frames: RAIL_SHADOW 0 1 4 at every width (PlayGameCard.tsx:134, featured none :136-140), inset 0 1 27 white at 14% at every width (:942).
13753-218730	partial	modules/skai-gaming/src/components/play/ui/PlayGameCard.tsx	-	wave 76 lane Y6, 2026-10-05 (was unknown): READ LIVE 2026-10-05, w76 Y6 use_figma read-only call 2/4 (read2.js -> read2-result.txt: structure diffed against its size template) and 3/4 (read3-result.txt section D: card-% stops), 3sSz page 4459:128102; each call locked.mjs-checked and ledgered record-kind parity "w76 Y6". Matches its 167x216 template 13753:218725 (Plinko, call 2/4) in shell #001615 r16, cut 317:409, stack inset bottom/side 12 / 16, gap 4, title Manrope ExtraBold UPPER -4% 16/16, subtitle Mulish 10/14 at 64%; card-% stops 41.82/78.7. Code at skai-gaming 4da73398: TILE_ASPECT :80, TILE_RADIUS :111 rounded-[16px], TILE_STACK_INSET :167 bottom-[12px] px-[16px], stack gap (:743 gap-1), title :751-760, subtitle :856, gradient :719. LEFT: art: below lg the featured tile draws the MOBILE zoom (artZoomClass switches at lg) where the board copies the Desktop crop (P071: plinko bottom 2.90pp, mines top 2.31pp); needs a featured zoom value in playGameArt.ts. Also a frame defect (Casey 2026-10-05 #2), not a gap: 13753:218730 carries the rail drop shadow DR4@0,1 (scaled to DR2.91 with the inset scaled to IN19.84, 0.726 of the 230 board); 13753:218730 draws the blurb 'Immerse yourself...' and a second, doubled wash at REST with idle effects; Mines' own 195 board and every other large board draw neither, and the hovered featured frame 4645:70366 draws the blurb with the sky ring and DR24, which is what the code reveals on hover and focus; on the effects the page frames draw the opposite at the same sizes (call 4/4 census: every rail card on 13754:221576 / 13754:219114 / 13754:219978 and their predecessors draws DR4@0,1 + IN27.29@0,1.09 #FFFFFF unscaled at 195x277, 160x227 and 130x184; every featured card the inset only at 317x409, 230x297 and 167x216), and the code draws the page frames: RAIL_SHADOW 0 1 4 at every width (PlayGameCard.tsx:134, featured none :136-140), inset 0 1 27 white at 14% at every width (:942).
13752-218131	done	modules/skai-gaming/src/components/play/ui/PlayGameCard.tsx	-	wave 76 lane Y6, 2026-10-05 (was unknown): READ LIVE 2026-10-05, w76 Y6 use_figma read-only call 2/4 (read2.js -> read2-result.txt: structure diffed against its size template) and 3/4 (read3-result.txt section D: card-% stops), 3sSz page 4459:128102; each call locked.mjs-checked and ledgered record-kind parity "w76 Y6". It IS the 195x277 template (Plinko, read as a full tree in call 2/4): shell #001615 r16, cut 274:388, stack inset bottom/side 18 / 31, gap 8, title Manrope ExtraBold UPPER -4% 24/24, subtitle Mulish 11/14 at 64%; card-% stops 41.82/78.7. Code at skai-gaming 4da73398: TILE_ASPECT :80, TILE_RADIUS :111 lg:rounded-[16px], RAIL_STACK_INSET :164 lg:bottom-[18px] lg:px-[31px], stack gap (:743 lg:gap-2), title :751-760, subtitle :856, gradient :719.
13752-218547	frame-defect	modules/skai-gaming/src/components/play/ui/PlayGameCard.tsx	-	wave 76 lane Y6, 2026-10-05 (was unknown): FRAME DEFECT (Casey 2026-10-05 #2): 13752:218547 scales its effects with the card (DR3.29@0,0.82 / IN22.42@0,0.9, Figma's scale tool at 0.82). On the effects the board contradicts its twins at the same size: the page frames draw the opposite at the same sizes (call 4/4 census: every rail card on 13754:221576 / 13754:219114 / 13754:219978 and their predecessors draws DR4@0,1 + IN27.29@0,1.09 #FFFFFF unscaled at 195x277, 160x227 and 130x184; every featured card the inset only at 317x409, 230x297 and 167x216), and the code draws the page frames: RAIL_SHADOW 0 1 4 at every width (PlayGameCard.tsx:134, featured none :136-140), inset 0 1 27 white at 14% at every width (:942); building the board's effects would break the five page frames read today. READ LIVE 2026-10-05, w76 Y6 use_figma read-only call 2/4 (read2.js -> read2-result.txt: structure diffed against its size template) and 3/4 (read3-result.txt section D: card-% stops), 3sSz page 4459:128102; each call locked.mjs-checked and ledgered record-kind parity "w76 Y6". It IS the 160x227 template (Plinko, read as a full tree in call 2/4): shell #001615 r12, cut 274:388, stack inset bottom/side 16 / 14, gap 4, title Manrope ExtraBold UPPER -4% 20/20, subtitle Mulish 10/14 at 64%; card-% stops 41.82/78.7. Code at skai-gaming 4da73398: TILE_ASPECT :80, TILE_RADIUS :111 rounded-[12px], RAIL_STACK_INSET :164 md:bottom-[16px] md:px-[14px], stack gap (:743 gap-1), title :751-760, subtitle :856, gradient :719.
13752-218337	frame-defect	modules/skai-gaming/src/components/play/ui/PlayGameCard.tsx	-	wave 76 lane Y6, 2026-10-05 (was unknown): FRAME DEFECT (Casey 2026-10-05 #2): 13752:218337 scales its effects with the card (DR2.66@0,0.67 / IN18.17@0,0.73, Figma's scale tool at 0.667). On the effects the board contradicts its twins at the same size: the page frames draw the opposite at the same sizes (call 4/4 census: every rail card on 13754:221576 / 13754:219114 / 13754:219978 and their predecessors draws DR4@0,1 + IN27.29@0,1.09 #FFFFFF unscaled at 195x277, 160x227 and 130x184; every featured card the inset only at 317x409, 230x297 and 167x216), and the code draws the page frames: RAIL_SHADOW 0 1 4 at every width (PlayGameCard.tsx:134, featured none :136-140), inset 0 1 27 white at 14% at every width (:942); building the board's effects would break the five page frames read today. READ LIVE 2026-10-05, w76 Y6 use_figma read-only call 2/4 (read2.js -> read2-result.txt: structure diffed against its size template) and 3/4 (read3-result.txt section D: card-% stops), 3sSz page 4459:128102; each call locked.mjs-checked and ledgered record-kind parity "w76 Y6". It IS the 130x184 template (Plinko, read as a full tree in call 2/4): shell #001615 r12, cut 274:388, stack inset bottom/side 12 / 10, gap 4, title Manrope ExtraBold UPPER -4% 16/16, subtitle Mulish 10/14 at 64%; card-% stops 41.82/78.7. Code at skai-gaming 4da73398: TILE_ASPECT :80, TILE_RADIUS :111 rounded-[12px], RAIL_STACK_INSET :164 bottom-[12px] px-[10px], stack gap (:743 gap-1), title :751-760, subtitle :856, gradient :719.
13752-218652	frame-defect	modules/skai-gaming/src/components/play/ui/PlayGameCard.tsx	-	wave 76 lane Y6, 2026-10-05 (was unknown): FRAME DEFECT (Casey 2026-10-05 #2): 13752:218652 carries the rail drop shadow DR4@0,1 (unscaled). On the effects the board contradicts its twins at the same size: the page frames draw the opposite at the same sizes (call 4/4 census: every rail card on 13754:221576 / 13754:219114 / 13754:219978 and their predecessors draws DR4@0,1 + IN27.29@0,1.09 #FFFFFF unscaled at 195x277, 160x227 and 130x184; every featured card the inset only at 317x409, 230x297 and 167x216), and the code draws the page frames: RAIL_SHADOW 0 1 4 at every width (PlayGameCard.tsx:134, featured none :136-140), inset 0 1 27 white at 14% at every width (:942); building the board's effects would break the five page frames read today. READ LIVE 2026-10-05, w76 Y6 use_figma read-only call 2/4 (read2.js -> read2-result.txt: structure diffed against its size template) and 3/4 (read3-result.txt section D: card-% stops), 3sSz page 4459:128102; each call locked.mjs-checked and ledgered record-kind parity "w76 Y6". It IS the 317x409 template (Plinko, read as a full tree in call 2/4): shell #001615 r16, cut 317:409, stack inset bottom/side 32 / 32, gap 8, title Manrope ExtraBold UPPER -4% 24/24, subtitle Mulish 11/14 at 64%; card-% stops 41.82/78.7. Code at skai-gaming 4da73398: TILE_ASPECT :80, TILE_RADIUS :111 rounded-[16px], TILE_STACK_INSET :167 lg:bottom-[32px] lg:px-[32px], stack gap (:743 lg:gap-2), title :751-760, subtitle :856, gradient :719.
13753-218694	partial	modules/skai-gaming/src/components/play/ui/PlayGameCard.tsx	-	wave 76 lane Y6, 2026-10-05 (was unknown): READ LIVE 2026-10-05, w76 Y6 use_figma read-only call 2/4 (read2.js -> read2-result.txt: structure diffed against its size template) and 3/4 (read3-result.txt section D: card-% stops), 3sSz page 4459:128102; each call locked.mjs-checked and ledgered record-kind parity "w76 Y6". It IS the 230x297 template (Plinko, read as a full tree in call 2/4): shell #001615 r16, cut 317:409, stack inset bottom/side 16 / 16, gap 4, title Manrope ExtraBold UPPER -4% 20/20, subtitle Mulish 10/14 at 64%; card-% stops 41.82/78.7. Code at skai-gaming 4da73398: TILE_ASPECT :80, TILE_RADIUS :111 rounded-[16px], TILE_STACK_INSET :167 md:bottom-[16px] px-[16px], stack gap (:743 gap-1), title :751-760, subtitle :856, gradient :719. LEFT: art: below lg the featured tile draws the MOBILE zoom (artZoomClass switches at lg) where the board copies the Desktop crop (P071: plinko bottom 2.90pp, mines top 2.31pp); needs a featured zoom value in playGameArt.ts. Also a frame defect (Casey 2026-10-05 #2), not a gap: 13753:218694 carries the rail drop shadow DR4@0,1 (unscaled); on the effects the page frames draw the opposite at the same sizes (call 4/4 census: every rail card on 13754:221576 / 13754:219114 / 13754:219978 and their predecessors draws DR4@0,1 + IN27.29@0,1.09 #FFFFFF unscaled at 195x277, 160x227 and 130x184; every featured card the inset only at 317x409, 230x297 and 167x216), and the code draws the page frames: RAIL_SHADOW 0 1 4 at every width (PlayGameCard.tsx:134, featured none :136-140), inset 0 1 27 white at 14% at every width (:942).
13753-218725	partial	modules/skai-gaming/src/components/play/ui/PlayGameCard.tsx	-	wave 76 lane Y6, 2026-10-05 (was unknown): READ LIVE 2026-10-05, w76 Y6 use_figma read-only call 2/4 (read2.js -> read2-result.txt: structure diffed against its size template) and 3/4 (read3-result.txt section D: card-% stops), 3sSz page 4459:128102; each call locked.mjs-checked and ledgered record-kind parity "w76 Y6". It IS the 167x216 template (Plinko, read as a full tree in call 2/4): shell #001615 r16, cut 317:409, stack inset bottom/side 12 / 16, gap 4, title Manrope ExtraBold UPPER -4% 16/16, subtitle Mulish 10/14 at 64%; card-% stops 41.82/78.7. Code at skai-gaming 4da73398: TILE_ASPECT :80, TILE_RADIUS :111 rounded-[16px], TILE_STACK_INSET :167 bottom-[12px] px-[16px], stack gap (:743 gap-1), title :751-760, subtitle :856, gradient :719. LEFT: art: below lg the featured tile draws the MOBILE zoom (artZoomClass switches at lg) where the board copies the Desktop crop (P071: plinko bottom 2.90pp, mines top 2.31pp); needs a featured zoom value in playGameArt.ts. Also a frame defect (Casey 2026-10-05 #2), not a gap: 13753:218725 carries the rail drop shadow DR4@0,1 (scaled to DR2.91 with the inset scaled to IN19.84, 0.726 of the 230 board); on the effects the page frames draw the opposite at the same sizes (call 4/4 census: every rail card on 13754:221576 / 13754:219114 / 13754:219978 and their predecessors draws DR4@0,1 + IN27.29@0,1.09 #FFFFFF unscaled at 195x277, 160x227 and 130x184; every featured card the inset only at 317x409, 230x297 and 167x216), and the code draws the page frames: RAIL_SHADOW 0 1 4 at every width (PlayGameCard.tsx:134, featured none :136-140), inset 0 1 27 white at 14% at every width (:942).
13752-218296	done	modules/skai-gaming/src/components/play/ui/PlayGameCard.tsx	-	wave 76 lane Y6, 2026-10-05 (was unknown): READ LIVE 2026-10-05, w76 Y6 use_figma read-only call 3/4 (read3.js -> read3-result.txt section A: structure, effects, crop, stops, title box), 3sSz page 4459:128102; each call locked.mjs-checked and ledgered record-kind parity "w76 Y6". Matches its 195x277 template 13752:218131 (Plinko, call 2/4) in shell #001615 r16, cut 274:388, stack inset bottom/side 18 / 31, gap 8, title Manrope ExtraBold UPPER -4% 24/24, subtitle Mulish 11/14 at 64%; card-% stops 41.82/78.7. Code at skai-gaming 4da73398: TILE_ASPECT :80, TILE_RADIUS :111 lg:rounded-[16px], RAIL_STACK_INSET :164 lg:bottom-[18px] lg:px-[31px], stack gap (:743 lg:gap-2), title :751-760, subtitle :856, gradient :719.
13752-218632	frame-defect	modules/skai-gaming/src/components/play/ui/PlayGameCard.tsx	-	wave 76 lane Y6, 2026-10-05 (was unknown): FRAME DEFECT (Casey 2026-10-05 #2): 13752:218632 scales its effects with the card (DR3.29@0,0.82 / IN22.42@0,0.9, Figma's scale tool at 0.82) and tints the inset #080808 where its own Desktop twin draws #FFFFFF. On the effects the board contradicts its twins at the same size: the page frames draw the opposite at the same sizes (call 4/4 census: every rail card on 13754:221576 / 13754:219114 / 13754:219978 and their predecessors draws DR4@0,1 + IN27.29@0,1.09 #FFFFFF unscaled at 195x277, 160x227 and 130x184; every featured card the inset only at 317x409, 230x297 and 167x216), and the code draws the page frames: RAIL_SHADOW 0 1 4 at every width (PlayGameCard.tsx:134, featured none :136-140), inset 0 1 27 white at 14% at every width (:942); building the board's effects would break the five page frames read today. READ LIVE 2026-10-05, w76 Y6 use_figma read-only call 3/4 (read3.js -> read3-result.txt section A: structure, effects, crop, stops, title box), 3sSz page 4459:128102; each call locked.mjs-checked and ledgered record-kind parity "w76 Y6". Matches its 160x227 template 13752:218547 (Plinko, call 2/4) in shell #001615 r12, cut 274:388, stack inset bottom/side 16 / 14, gap 4, title Manrope ExtraBold UPPER -4% 20/20, subtitle Mulish 10/14 at 64%; card-% stops 41.82/78.7. Code at skai-gaming 4da73398: TILE_ASPECT :80, TILE_RADIUS :111 rounded-[12px], RAIL_STACK_INSET :164 md:bottom-[16px] md:px-[14px], stack gap (:743 gap-1), title :751-760, subtitle :856, gradient :719.
13752-218422	frame-defect	modules/skai-gaming/src/components/play/ui/PlayGameCard.tsx	-	wave 76 lane Y6, 2026-10-05 (was unknown): FRAME DEFECT (Casey 2026-10-05 #2): 13752:218422 scales its effects with the card (DR2.66@0,0.67 / IN18.17@0,0.73, Figma's scale tool at 0.667) and tints the inset #080808 where its own Desktop twin draws #FFFFFF. On the effects the board contradicts its twins at the same size: the page frames draw the opposite at the same sizes (call 4/4 census: every rail card on 13754:221576 / 13754:219114 / 13754:219978 and their predecessors draws DR4@0,1 + IN27.29@0,1.09 #FFFFFF unscaled at 195x277, 160x227 and 130x184; every featured card the inset only at 317x409, 230x297 and 167x216), and the code draws the page frames: RAIL_SHADOW 0 1 4 at every width (PlayGameCard.tsx:134, featured none :136-140), inset 0 1 27 white at 14% at every width (:942); building the board's effects would break the five page frames read today. READ LIVE 2026-10-05, w76 Y6 use_figma read-only call 3/4 (read3.js -> read3-result.txt section A: structure, effects, crop, stops, title box), 3sSz page 4459:128102; each call locked.mjs-checked and ledgered record-kind parity "w76 Y6". Matches its 130x184 template 13752:218337 (Plinko, call 2/4) in shell #001615 r12, cut 274:388, stack inset bottom/side 12 / 10, gap 4, title Manrope ExtraBold UPPER -4% 16/16, subtitle Mulish 10/14 at 64%; card-% stops 41.82/78.7. Code at skai-gaming 4da73398: TILE_ASPECT :80, TILE_RADIUS :111 rounded-[12px], RAIL_STACK_INSET :164 bottom-[12px] px-[10px], stack gap (:743 gap-1), title :751-760, subtitle :856, gradient :719.
13752-218271	done	modules/skai-gaming/src/components/play/ui/PlayGameCard.tsx	-	wave 76 lane Y6, 2026-10-05 (was unknown): READ LIVE 2026-10-05, w76 Y6 use_figma read-only call 3/4 (read3.js -> read3-result.txt section A: structure, effects, crop, stops, title box), 3sSz page 4459:128102; each call locked.mjs-checked and ledgered record-kind parity "w76 Y6". Matches its 195x277 template 13752:218131 (Plinko, call 2/4) in shell #001615 r16, cut 274:388, stack inset bottom/side 18 / 31, gap 8, title Manrope ExtraBold UPPER -4% 24/24, subtitle Mulish 11/14 at 64%; card-% stops 41.82/78.7. Code at skai-gaming 4da73398: TILE_ASPECT :80, TILE_RADIUS :111 lg:rounded-[16px], RAIL_STACK_INSET :164 lg:bottom-[18px] lg:px-[31px], stack gap (:743 lg:gap-2), title :751-760, subtitle :856, gradient :719. BUILT skai-gaming 6a498d01 'fix(play): Rock Paper Scissors draws two title lines on the 1440 rail, in the 146 box its board 13752:218271 gives it, and Video Poker breaks after "Video" on the rail and collection cuts as 13752:218251 / 13752:218597 / 13752:218387 write it (35d6fb39)' (app gitlink ad55971ee 'chore(submodules): bump skai-gaming to 6a498d01 (Rock Paper Scissors draws two title lines on the 1440 rail, and Video Poker breaks after "Video" on the rail and collection cuts, as the 2026-10-04 card set draws them)'), its bleed set to the s-2 step by skai-gaming 4da73398 'fix(play): the Rock Paper Scissors title bleed on the 1440 rail is the s-2 spacing step, a 149 box that breaks after "ROCK PAPER" as the board's 146 does, in place of a raw 6.5px; the Video Poker note names the Favourites board that puts the set's cards in the collection grid (6a498d01)' (app gitlink 09ba37a1e 'chore(submodules): bump skai-gaming to 4da73398 (the Rock Paper Scissors title bleed is the s-2 spacing step in place of a raw 6.5px, the same two lines)'): the board sizes the title 146 wide at x -7 in Frame 608 (132x70 at 31,189) and draws two lines; the code's lg box was 195 - 2x31 = 133 and 'ROCK PAPER' measures 141.2 (offline, the repo Manrope woff2 at wght 800, -4%, 10x), so it drew three lines and the stack climbed 24px; now the title bleeds lg:-mx-2 on the rail (TITLE_SETTING PlayGameCard.tsx:204), a 149 box, and every box from 141.2 to 261.1 breaks after 'ROCK PAPER' as the board's 146 does: two lines; pinned by PlayGameCard.titleSetting.test.tsx (16 cases; BUILD mutations M0-M9 and FIX mutations F0-F6 each red on the planted defect, every restore sha256-checked).
13752-218622	frame-defect	modules/skai-gaming/src/components/play/ui/PlayGameCard.tsx	-	wave 76 lane Y6, 2026-10-05 (was unknown): FRAME DEFECT (Casey 2026-10-05 #2): 13752:218622 scales its effects with the card (DR3.29@0,0.82 / IN22.42@0,0.9, Figma's scale tool at 0.82) and tints the inset #080808 where its own Desktop twin draws #FFFFFF. On the effects the board contradicts its twins at the same size: the page frames draw the opposite at the same sizes (call 4/4 census: every rail card on 13754:221576 / 13754:219114 / 13754:219978 and their predecessors draws DR4@0,1 + IN27.29@0,1.09 #FFFFFF unscaled at 195x277, 160x227 and 130x184; every featured card the inset only at 317x409, 230x297 and 167x216), and the code draws the page frames: RAIL_SHADOW 0 1 4 at every width (PlayGameCard.tsx:134, featured none :136-140), inset 0 1 27 white at 14% at every width (:942); building the board's effects would break the five page frames read today. READ LIVE 2026-10-05, w76 Y6 use_figma read-only call 3/4 (read3.js -> read3-result.txt section A: structure, effects, crop, stops, title box), 3sSz page 4459:128102; each call locked.mjs-checked and ledgered record-kind parity "w76 Y6". Matches its 160x227 template 13752:218547 (Plinko, call 2/4) in shell #001615 r12, cut 274:388, stack inset bottom/side 16 / 14, gap 4, title Manrope ExtraBold UPPER -4% 20/20, subtitle Mulish 10/14 at 64%; card-% stops 41.82/78.7. Code at skai-gaming 4da73398: TILE_ASPECT :80, TILE_RADIUS :111 rounded-[12px], RAIL_STACK_INSET :164 md:bottom-[16px] md:px-[14px], stack gap (:743 gap-1), title :751-760, subtitle :856, gradient :719.
13752-218412	frame-defect	modules/skai-gaming/src/components/play/ui/PlayGameCard.tsx	-	wave 76 lane Y6, 2026-10-05 (was unknown): FRAME DEFECT (Casey 2026-10-05 #2): 13752:218412 scales its effects with the card (DR2.66@0,0.67 / IN18.17@0,0.73, Figma's scale tool at 0.667) and tints the inset #080808 where its own Desktop twin draws #FFFFFF. On the effects the board contradicts its twins at the same size: the page frames draw the opposite at the same sizes (call 4/4 census: every rail card on 13754:221576 / 13754:219114 / 13754:219978 and their predecessors draws DR4@0,1 + IN27.29@0,1.09 #FFFFFF unscaled at 195x277, 160x227 and 130x184; every featured card the inset only at 317x409, 230x297 and 167x216), and the code draws the page frames: RAIL_SHADOW 0 1 4 at every width (PlayGameCard.tsx:134, featured none :136-140), inset 0 1 27 white at 14% at every width (:942); building the board's effects would break the five page frames read today. READ LIVE 2026-10-05, w76 Y6 use_figma read-only call 3/4 (read3.js -> read3-result.txt section A: structure, effects, crop, stops, title box), 3sSz page 4459:128102; each call locked.mjs-checked and ledgered record-kind parity "w76 Y6". Matches its 130x184 template 13752:218337 (Plinko, call 2/4) in shell #001615 r12, cut 274:388, stack inset bottom/side 12 / 10, gap 4, title Manrope ExtraBold UPPER -4% 16/16, subtitle Mulish 10/14 at 64%; card-% stops 41.82/78.7. Code at skai-gaming 4da73398: TILE_ASPECT :80, TILE_RADIUS :111 rounded-[12px], RAIL_STACK_INSET :164 bottom-[12px] px-[10px], stack gap (:743 gap-1), title :751-760, subtitle :856, gradient :719.
13752-218246	partial	modules/skai-gaming/src/components/play/ui/PlayGameCard.tsx	-	wave 76 lane Y6, 2026-10-05 (was unknown): READ LIVE 2026-10-05, w76 Y6 use_figma read-only call 2/4 (read2.js -> read2-result.txt: structure diffed against its size template) and 3/4 (read3-result.txt section D: card-% stops), 3sSz page 4459:128102; each call locked.mjs-checked and ledgered record-kind parity "w76 Y6". Matches its 195x277 template 13752:218131 (Plinko, call 2/4) in shell #001615 r16, cut 274:388, stack inset bottom/side 18 / 31, gap 8, title Manrope ExtraBold UPPER -4% 24/24, subtitle Mulish 11/14 at 64%; card-% stops 34.3/74.6. Code at skai-gaming 4da73398: TILE_ASPECT :80, TILE_RADIUS :111 lg:rounded-[16px], RAIL_STACK_INSET :164 lg:bottom-[18px] lg:px-[31px], stack gap (:743 lg:gap-2), title :751-760, subtitle :856, gradient :719. LEFT: gradient 34.3/74.6% (terminal moved) against the code's one 41.8/78.7 pair (PlayGameCard.tsx:719): needs per-game stops, a PlayGameCard prop plus values in playGameArt.ts (P071's file); caption Roulette vs code 'Roulette Pro' (gameRegistry.ts, no wave 76 lane's file; Casey 2026-09-14 "figma is source so yes, game names have changed").
13752-218612	partial	modules/skai-gaming/src/components/play/ui/PlayGameCard.tsx	-	wave 76 lane Y6, 2026-10-05 (was unknown): READ LIVE 2026-10-05, w76 Y6 use_figma read-only call 3/4 (read3.js -> read3-result.txt section A: structure, effects, crop, stops, title box), 3sSz page 4459:128102; each call locked.mjs-checked and ledgered record-kind parity "w76 Y6". Matches its 160x227 template 13752:218547 (Plinko, call 2/4) in shell #001615 r12, cut 274:388, stack inset bottom/side 16 / 14, gap 4, title Manrope ExtraBold UPPER -4% 20/20, subtitle Mulish 10/14 at 64%; card-% stops 32.58/78.7. Code at skai-gaming 4da73398: TILE_ASPECT :80, TILE_RADIUS :111 rounded-[12px], RAIL_STACK_INSET :164 md:bottom-[16px] md:px-[14px], stack gap (:743 gap-1), title :751-760, subtitle :856, gradient :719. LEFT: gradient starts at 32.58% against the code's 41.8% (PlayGameCard.tsx:719), the terminal the same: at 41.8% the board's wash is already 20% accent where the code has none; needs per-game stops, a PlayGameCard prop plus values in playGameArt.ts (P071's file); caption Roulette vs code 'Roulette Pro' (gameRegistry.ts, no wave 76 lane's file; Casey 2026-09-14 "figma is source so yes, game names have changed"); art: no composed Mobile raster exists; P071 finding 7, needs a below-lg art source in PlayGameCard plus an asset in P071's directory. Also a frame defect (Casey 2026-10-05 #2), not a gap: 13752:218612 scales its effects with the card (DR3.29@0,0.82 / IN22.42@0,0.9, Figma's scale tool at 0.82) and tints the inset #080808 where its own Desktop twin draws #FFFFFF; on the effects the page frames draw the opposite at the same sizes (call 4/4 census: every rail card on 13754:221576 / 13754:219114 / 13754:219978 and their predecessors draws DR4@0,1 + IN27.29@0,1.09 #FFFFFF unscaled at 195x277, 160x227 and 130x184; every featured card the inset only at 317x409, 230x297 and 167x216), and the code draws the page frames: RAIL_SHADOW 0 1 4 at every width (PlayGameCard.tsx:134, featured none :136-140), inset 0 1 27 white at 14% at every width (:942).
13752-218402	partial	modules/skai-gaming/src/components/play/ui/PlayGameCard.tsx	-	wave 76 lane Y6, 2026-10-05 (was unknown): READ LIVE 2026-10-05, w76 Y6 use_figma read-only call 3/4 (read3.js -> read3-result.txt section A: structure, effects, crop, stops, title box), 3sSz page 4459:128102; each call locked.mjs-checked and ledgered record-kind parity "w76 Y6". Matches its 130x184 template 13752:218337 (Plinko, call 2/4) in shell #001615 r12, cut 274:388, stack inset bottom/side 12 / 10, gap 4, title Manrope ExtraBold UPPER -4% 16/16, subtitle Mulish 10/14 at 64%; card-% stops 32.58/78.7. Code at skai-gaming 4da73398: TILE_ASPECT :80, TILE_RADIUS :111 rounded-[12px], RAIL_STACK_INSET :164 bottom-[12px] px-[10px], stack gap (:743 gap-1), title :751-760, subtitle :856, gradient :719. LEFT: gradient starts at 32.58% against the code's 41.8% (PlayGameCard.tsx:719), the terminal the same: at 41.8% the board's wash is already 20% accent where the code has none; needs per-game stops, a PlayGameCard prop plus values in playGameArt.ts (P071's file); caption Roulette vs code 'Roulette Pro' (gameRegistry.ts, no wave 76 lane's file; Casey 2026-09-14 "figma is source so yes, game names have changed"); art: no composed Mobile raster exists; P071 finding 7, needs a below-lg art source in PlayGameCard plus an asset in P071's directory. Also a frame defect (Casey 2026-10-05 #2), not a gap: 13752:218402 scales its effects with the card (DR2.66@0,0.67 / IN18.17@0,0.73, Figma's scale tool at 0.667) and tints the inset #080808 where its own Desktop twin draws #FFFFFF; on the effects the page frames draw the opposite at the same sizes (call 4/4 census: every rail card on 13754:221576 / 13754:219114 / 13754:219978 and their predecessors draws DR4@0,1 + IN27.29@0,1.09 #FFFFFF unscaled at 195x277, 160x227 and 130x184; every featured card the inset only at 317x409, 230x297 and 167x216), and the code draws the page frames: RAIL_SHADOW 0 1 4 at every width (PlayGameCard.tsx:134, featured none :136-140), inset 0 1 27 white at 14% at every width (:942).
13752-218672	partial	modules/skai-gaming/src/components/play/ui/PlayGameCard.tsx	-	wave 76 lane Y6, 2026-10-05 (was unknown): READ LIVE 2026-10-05, w76 Y6 use_figma read-only call 2/4 (read2.js -> read2-result.txt: structure diffed against its size template) and 3/4 (read3-result.txt section D: card-% stops), 3sSz page 4459:128102; each call locked.mjs-checked and ledgered record-kind parity "w76 Y6". Matches its 317x409 template 13752:218652 (Plinko, call 2/4) in shell #001615 r16, cut 317:409, stack inset bottom/side 32 / 32, gap 8, title Manrope ExtraBold UPPER -4% 24/24, subtitle Mulish 11/14 at 64%; card-% stops 34.3/74.6. Code at skai-gaming 4da73398: TILE_ASPECT :80, TILE_RADIUS :111 rounded-[16px], TILE_STACK_INSET :167 lg:bottom-[32px] lg:px-[32px], stack gap (:743 lg:gap-2), title :751-760, subtitle :856, gradient :719. LEFT: gradient 34.3/74.6% (terminal moved) against the code's one 41.8/78.7 pair (PlayGameCard.tsx:719): needs per-game stops, a PlayGameCard prop plus values in playGameArt.ts (P071's file); caption Roulette vs code 'Roulette Pro' (gameRegistry.ts, no wave 76 lane's file; Casey 2026-09-14 "figma is source so yes, game names have changed"); art: the composed 0.704 asset at the 0.775 featured cut trims about 4.6% top and bottom where the board holds the top; a top anchor is P071's map value. Also a frame defect (Casey 2026-10-05 #2), not a gap: 13752:218672 carries the rail drop shadow DR4@0,1 (unscaled); on the effects the page frames draw the opposite at the same sizes (call 4/4 census: every rail card on 13754:221576 / 13754:219114 / 13754:219978 and their predecessors draws DR4@0,1 + IN27.29@0,1.09 #FFFFFF unscaled at 195x277, 160x227 and 130x184; every featured card the inset only at 317x409, 230x297 and 167x216), and the code draws the page frames: RAIL_SHADOW 0 1 4 at every width (PlayGameCard.tsx:134, featured none :136-140), inset 0 1 27 white at 14% at every width (:942).
13753-218715	partial	modules/skai-gaming/src/components/play/ui/PlayGameCard.tsx	-	wave 76 lane Y6, 2026-10-05 (was unknown): READ LIVE 2026-10-05, w76 Y6 use_figma read-only call 2/4 (read2.js -> read2-result.txt: structure diffed against its size template) and 3/4 (read3-result.txt section D: card-% stops), 3sSz page 4459:128102; each call locked.mjs-checked and ledgered record-kind parity "w76 Y6". Matches its 230x297 template 13753:218694 (Plinko, call 2/4) in shell #001615 r16, cut 317:409, stack inset bottom/side 16 / 16, gap 4, title Manrope ExtraBold UPPER -4% 20/20, subtitle Mulish 10/14 at 64%; card-% stops 34.3/74.6. Code at skai-gaming 4da73398: TILE_ASPECT :80, TILE_RADIUS :111 rounded-[16px], TILE_STACK_INSET :167 md:bottom-[16px] px-[16px], stack gap (:743 gap-1), title :751-760, subtitle :856, gradient :719. LEFT: gradient 34.3/74.6% (terminal moved) against the code's one 41.8/78.7 pair (PlayGameCard.tsx:719): needs per-game stops, a PlayGameCard prop plus values in playGameArt.ts (P071's file); caption Roulette vs code 'Roulette Pro' (gameRegistry.ts, no wave 76 lane's file; Casey 2026-09-14 "figma is source so yes, game names have changed"); art: the composed 0.704 asset at the 0.775 featured cut trims about 4.6% top and bottom where the board holds the top; a top anchor is P071's map value. Also a frame defect (Casey 2026-10-05 #2), not a gap: 13753:218715 carries the rail drop shadow DR4@0,1 (unscaled); on the effects the page frames draw the opposite at the same sizes (call 4/4 census: every rail card on 13754:221576 / 13754:219114 / 13754:219978 and their predecessors draws DR4@0,1 + IN27.29@0,1.09 #FFFFFF unscaled at 195x277, 160x227 and 130x184; every featured card the inset only at 317x409, 230x297 and 167x216), and the code draws the page frames: RAIL_SHADOW 0 1 4 at every width (PlayGameCard.tsx:134, featured none :136-140), inset 0 1 27 white at 14% at every width (:942).
13752-218176	partial	modules/skai-gaming/src/components/play/ui/PlayGameCard.tsx	-	wave 76 lane Y6, 2026-10-05 (was unknown): READ LIVE 2026-10-05, w76 Y6 use_figma read-only call 2/4 (read2.js -> read2-result.txt: structure diffed against its size template) and 3/4 (read3-result.txt section D: card-% stops), 3sSz page 4459:128102; each call locked.mjs-checked and ledgered record-kind parity "w76 Y6". Matches its 195x277 template 13752:218131 (Plinko, call 2/4) in shell #001615 r16, cut 274:388, stack inset bottom/side 18 / 31, gap 8, title Manrope ExtraBold UPPER -4% 24/24, subtitle Mulish 11/14 at 64%; card-% stops 41.82/78.7. Code at skai-gaming 4da73398: TILE_ASPECT :80, TILE_RADIUS :111 lg:rounded-[16px], RAIL_STACK_INSET :164 lg:bottom-[18px] lg:px-[31px], stack gap (:743 lg:gap-2), title :751-760, subtitle :856, gradient :719. LEFT: crop: the tile is centred, since skai-gaming d3fc4c31 'fix(play): Scratchers goes back to its centred crop: anchoring it to the bottom met the rail boards 9222:26345 / 9222:26350 but cut the coin in half on the featured tile ... (13263235)' (P071) took back 13263235's bottom anchor for Scratchers. 13752:218176 puts all of its vertical overflow above the card (h106.14 t-6.14), so the centred rail tile is about 3.4pp short at the bottom. 50% 100% meets the rail boards within 0.93pp but halves the coin on the featured cut, so no one value serves both cuts: it needs an art value per cut, a rail position in FigmaGameArt (playGameArt.ts, P071's file) that PlayGameCard applies to the rail and collection cuts only.
13752-218572	partial	modules/skai-gaming/src/components/play/ui/PlayGameCard.tsx	-	wave 76 lane Y6, 2026-10-05 (was unknown): READ LIVE 2026-10-05, w76 Y6 use_figma read-only call 2/4 (read2.js -> read2-result.txt: structure diffed against its size template) and 3/4 (read3-result.txt section D: card-% stops), 3sSz page 4459:128102; each call locked.mjs-checked and ledgered record-kind parity "w76 Y6". Matches its 160x227 template 13752:218547 (Plinko, call 2/4) in shell #001615 r12, cut 274:388, stack inset bottom/side 16 / 14, gap 4, title Manrope ExtraBold UPPER -4% 20/20, subtitle Mulish 10/14 at 64%; card-% stops 41.82/78.7. Code at skai-gaming 4da73398: TILE_ASPECT :80, TILE_RADIUS :111 rounded-[12px], RAIL_STACK_INSET :164 md:bottom-[16px] md:px-[14px], stack gap (:743 gap-1), title :751-760, subtitle :856, gradient :719. LEFT: crop: the tile is centred, since skai-gaming d3fc4c31 'fix(play): Scratchers goes back to its centred crop: anchoring it to the bottom met the rail boards 9222:26345 / 9222:26350 but cut the coin in half on the featured tile ... (13263235)' (P071) took back 13263235's bottom anchor for Scratchers. 13752:218572 puts all of its vertical overflow above the card (h106.48 t-6.48), so the centred rail tile is about 3.4pp short at the bottom. 50% 100% meets the rail boards within 0.93pp but halves the coin on the featured cut, so no one value serves both cuts: it needs an art value per cut, a rail position in FigmaGameArt (playGameArt.ts, P071's file) that PlayGameCard applies to the rail and collection cuts only. Also a frame defect (Casey 2026-10-05 #2), not a gap: 13752:218572 scales its effects with the card (DR3.29@0,0.82 / IN22.42@0,0.9, Figma's scale tool at 0.82) and tints the inset #080808 where its own Desktop twin draws #FFFFFF; on the effects the page frames draw the opposite at the same sizes (call 4/4 census: every rail card on 13754:221576 / 13754:219114 / 13754:219978 and their predecessors draws DR4@0,1 + IN27.29@0,1.09 #FFFFFF unscaled at 195x277, 160x227 and 130x184; every featured card the inset only at 317x409, 230x297 and 167x216), and the code draws the page frames: RAIL_SHADOW 0 1 4 at every width (PlayGameCard.tsx:134, featured none :136-140), inset 0 1 27 white at 14% at every width (:942).
13752-218362	partial	modules/skai-gaming/src/components/play/ui/PlayGameCard.tsx	-	wave 76 lane Y6, 2026-10-05 (was unknown): READ LIVE 2026-10-05, w76 Y6 use_figma read-only call 2/4 (read2.js -> read2-result.txt: structure diffed against its size template) and 3/4 (read3-result.txt section D: card-% stops), 3sSz page 4459:128102; each call locked.mjs-checked and ledgered record-kind parity "w76 Y6". Matches its 130x184 template 13752:218337 (Plinko, call 2/4) in shell #001615 r12, cut 274:388, stack inset bottom/side 12 / 10, gap 4, title Manrope ExtraBold UPPER -4% 16/16, subtitle Mulish 10/14 at 64%; card-% stops 41.82/78.7. Code at skai-gaming 4da73398: TILE_ASPECT :80, TILE_RADIUS :111 rounded-[12px], RAIL_STACK_INSET :164 bottom-[12px] px-[10px], stack gap (:743 gap-1), title :751-760, subtitle :856, gradient :719. LEFT: crop: the tile is centred, since skai-gaming d3fc4c31 'fix(play): Scratchers goes back to its centred crop: anchoring it to the bottom met the rail boards 9222:26345 / 9222:26350 but cut the coin in half on the featured tile ... (13263235)' (P071) took back 13263235's bottom anchor for Scratchers. 13752:218362 puts all of its vertical overflow above the card (h106.48 t-6.48), so the centred rail tile is about 3.4pp short at the bottom. 50% 100% meets the rail boards within 0.93pp but halves the coin on the featured cut, so no one value serves both cuts: it needs an art value per cut, a rail position in FigmaGameArt (playGameArt.ts, P071's file) that PlayGameCard applies to the rail and collection cuts only. Also a frame defect (Casey 2026-10-05 #2), not a gap: 13752:218362 scales its effects with the card (DR2.66@0,0.67 / IN18.17@0,0.73, Figma's scale tool at 0.667) and tints the inset #080808 where its own Desktop twin draws #FFFFFF; on the effects the page frames draw the opposite at the same sizes (call 4/4 census: every rail card on 13754:221576 / 13754:219114 / 13754:219978 and their predecessors draws DR4@0,1 + IN27.29@0,1.09 #FFFFFF unscaled at 195x277, 160x227 and 130x184; every featured card the inset only at 317x409, 230x297 and 167x216), and the code draws the page frames: RAIL_SHADOW 0 1 4 at every width (PlayGameCard.tsx:134, featured none :136-140), inset 0 1 27 white at 14% at every width (:942).
13752-218662	frame-defect	modules/skai-gaming/src/components/play/ui/PlayGameCard.tsx	-	wave 76 lane Y6, 2026-10-05 (was unknown): FRAME DEFECT (Casey 2026-10-05 #2): 13752:218662 carries the rail drop shadow DR4@0,1 (unscaled). On the effects the board contradicts its twins at the same size: the page frames draw the opposite at the same sizes (call 4/4 census: every rail card on 13754:221576 / 13754:219114 / 13754:219978 and their predecessors draws DR4@0,1 + IN27.29@0,1.09 #FFFFFF unscaled at 195x277, 160x227 and 130x184; every featured card the inset only at 317x409, 230x297 and 167x216), and the code draws the page frames: RAIL_SHADOW 0 1 4 at every width (PlayGameCard.tsx:134, featured none :136-140), inset 0 1 27 white at 14% at every width (:942); building the board's effects would break the five page frames read today. READ LIVE 2026-10-05, w76 Y6 use_figma read-only call 2/4 (read2.js -> read2-result.txt: structure diffed against its size template) and 3/4 (read3-result.txt section D: card-% stops), 3sSz page 4459:128102; each call locked.mjs-checked and ledgered record-kind parity "w76 Y6". Matches its 317x409 template 13752:218652 (Plinko, call 2/4) in shell #001615 r16, cut 317:409, stack inset bottom/side 32 / 32, gap 8, title Manrope ExtraBold UPPER -4% 24/24, subtitle Mulish 11/14 at 64%; card-% stops 41.82/78.7. Code at skai-gaming 4da73398: TILE_ASPECT :80, TILE_RADIUS :111 rounded-[16px], TILE_STACK_INSET :167 lg:bottom-[32px] lg:px-[32px], stack gap (:743 lg:gap-2), title :751-760, subtitle :856, gradient :719. art crop: centred and undistorted (skai-gaming d3fc4c31 'fix(play): Scratchers goes back to its centred crop: anchoring it to the bottom met the rail boards 9222:26345 / 9222:26350 but cut the coin in half on the featured tile ... (13263235)' (P071)), which keeps the coin whole; the board copies the 195 board's fill (w101.15 h106.14) at 317x409, stretching the 2748x4096 raster to 0.739 against its own 0.671, so no undistorted crop meets it exactly.
13752-218281	done	modules/skai-gaming/src/components/play/ui/PlayGameCard.tsx	-	wave 76 lane Y6, 2026-10-05 (was unknown): READ LIVE 2026-10-05, w76 Y6 use_figma read-only call 3/4 (read3.js -> read3-result.txt section A: structure, effects, crop, stops, title box), 3sSz page 4459:128102; each call locked.mjs-checked and ledgered record-kind parity "w76 Y6". Matches its 195x277 template 13752:218131 (Plinko, call 2/4) in shell #001615 r16, cut 274:388, stack inset bottom/side 18 / 31, gap 8, title Manrope ExtraBold UPPER -4% 24/24, subtitle Mulish 11/14 at 64%; card-% stops 41.82/78.7. Code at skai-gaming 4da73398: TILE_ASPECT :80, TILE_RADIUS :111 lg:rounded-[16px], RAIL_STACK_INSET :164 lg:bottom-[18px] lg:px-[31px], stack gap (:743 lg:gap-2), title :751-760, subtitle :856, gradient :719.
13752-218627	frame-defect	modules/skai-gaming/src/components/play/ui/PlayGameCard.tsx	-	wave 76 lane Y6, 2026-10-05 (was unknown): FRAME DEFECT (Casey 2026-10-05 #2): 13752:218627 scales its effects with the card (DR3.29@0,0.82 / IN22.42@0,0.9, Figma's scale tool at 0.82) and tints the inset #080808 where its own Desktop twin draws #FFFFFF. On the effects the board contradicts its twins at the same size: the page frames draw the opposite at the same sizes (call 4/4 census: every rail card on 13754:221576 / 13754:219114 / 13754:219978 and their predecessors draws DR4@0,1 + IN27.29@0,1.09 #FFFFFF unscaled at 195x277, 160x227 and 130x184; every featured card the inset only at 317x409, 230x297 and 167x216), and the code draws the page frames: RAIL_SHADOW 0 1 4 at every width (PlayGameCard.tsx:134, featured none :136-140), inset 0 1 27 white at 14% at every width (:942); building the board's effects would break the five page frames read today. READ LIVE 2026-10-05, w76 Y6 use_figma read-only call 3/4 (read3.js -> read3-result.txt section A: structure, effects, crop, stops, title box), 3sSz page 4459:128102; each call locked.mjs-checked and ledgered record-kind parity "w76 Y6". Matches its 160x227 template 13752:218547 (Plinko, call 2/4) in shell #001615 r12, cut 274:388, stack inset bottom/side 16 / 14, gap 4, title Manrope ExtraBold UPPER -4% 20/20, subtitle Mulish 10/14 at 64%; card-% stops 41.82/78.7. Code at skai-gaming 4da73398: TILE_ASPECT :80, TILE_RADIUS :111 rounded-[12px], RAIL_STACK_INSET :164 md:bottom-[16px] md:px-[14px], stack gap (:743 gap-1), title :751-760, subtitle :856, gradient :719.
13752-218417	frame-defect	modules/skai-gaming/src/components/play/ui/PlayGameCard.tsx	-	wave 76 lane Y6, 2026-10-05 (was unknown): FRAME DEFECT (Casey 2026-10-05 #2): 13752:218417 scales its effects with the card (DR2.66@0,0.67 / IN18.17@0,0.73, Figma's scale tool at 0.667) and tints the inset #080808 where its own Desktop twin draws #FFFFFF. On the effects the board contradicts its twins at the same size: the page frames draw the opposite at the same sizes (call 4/4 census: every rail card on 13754:221576 / 13754:219114 / 13754:219978 and their predecessors draws DR4@0,1 + IN27.29@0,1.09 #FFFFFF unscaled at 195x277, 160x227 and 130x184; every featured card the inset only at 317x409, 230x297 and 167x216), and the code draws the page frames: RAIL_SHADOW 0 1 4 at every width (PlayGameCard.tsx:134, featured none :136-140), inset 0 1 27 white at 14% at every width (:942); building the board's effects would break the five page frames read today. READ LIVE 2026-10-05, w76 Y6 use_figma read-only call 3/4 (read3.js -> read3-result.txt section A: structure, effects, crop, stops, title box), 3sSz page 4459:128102; each call locked.mjs-checked and ledgered record-kind parity "w76 Y6". Matches its 130x184 template 13752:218337 (Plinko, call 2/4) in shell #001615 r12, cut 274:388, stack inset bottom/side 12 / 10, gap 4, title Manrope ExtraBold UPPER -4% 16/16, subtitle Mulish 10/14 at 64%; card-% stops 41.82/78.7. Code at skai-gaming 4da73398: TILE_ASPECT :80, TILE_RADIUS :111 rounded-[12px], RAIL_STACK_INSET :164 bottom-[12px] px-[10px], stack gap (:743 gap-1), title :751-760, subtitle :856, gradient :719.
13752-218301	partial	modules/skai-gaming/src/components/play/ui/PlayGameCard.tsx	-	wave 76 lane Y6, 2026-10-05 (was unknown): READ LIVE 2026-10-05, w76 Y6 use_figma read-only call 3/4 (read3.js -> read3-result.txt section A: structure, effects, crop, stops, title box), 3sSz page 4459:128102; each call locked.mjs-checked and ledgered record-kind parity "w76 Y6". Matches its 195x277 template 13752:218131 (Plinko, call 2/4) in shell #001615 r16, cut 274:388, stack inset bottom/side 18 / 31, gap 8, title Manrope ExtraBold UPPER -4% 24/24, subtitle Mulish 11/14 at 64%; card-% stops 41.82/78.7. Code at skai-gaming 4da73398: TILE_ASPECT :80, TILE_RADIUS :111 lg:rounded-[16px], RAIL_STACK_INSET :164 lg:bottom-[18px] lg:px-[31px], stack gap (:743 lg:gap-2), title :751-760, subtitle :856, gradient :719. LEFT: caption Towers vs code 'Tower Stacker' (gameRegistry.ts, no wave 76 lane's file; Casey 2026-09-14 "figma is source so yes, game names have changed").
13752-218637	partial	modules/skai-gaming/src/components/play/ui/PlayGameCard.tsx	-	wave 76 lane Y6, 2026-10-05 (was unknown): READ LIVE 2026-10-05, w76 Y6 use_figma read-only call 3/4 (read3.js -> read3-result.txt section A: structure, effects, crop, stops, title box), 3sSz page 4459:128102; each call locked.mjs-checked and ledgered record-kind parity "w76 Y6". Matches its 160x227 template 13752:218547 (Plinko, call 2/4) in shell #001615 r12, cut 274:388, stack inset bottom/side 16 / 14, gap 4, title Manrope ExtraBold UPPER -4% 20/20, subtitle Mulish 10/14 at 64%; card-% stops 41.82/78.7. Code at skai-gaming 4da73398: TILE_ASPECT :80, TILE_RADIUS :111 rounded-[12px], RAIL_STACK_INSET :164 md:bottom-[16px] md:px-[14px], stack gap (:743 gap-1), title :751-760, subtitle :856, gradient :719. LEFT: caption Towers vs code 'Tower Stacker' (gameRegistry.ts, no wave 76 lane's file; Casey 2026-09-14 "figma is source so yes, game names have changed"). Also a frame defect (Casey 2026-10-05 #2), not a gap: 13752:218637 scales its effects with the card (DR3.29@0,0.82 / IN22.42@0,0.9, Figma's scale tool at 0.82) and tints the inset #080808 where its own Desktop twin draws #FFFFFF; on the effects the page frames draw the opposite at the same sizes (call 4/4 census: every rail card on 13754:221576 / 13754:219114 / 13754:219978 and their predecessors draws DR4@0,1 + IN27.29@0,1.09 #FFFFFF unscaled at 195x277, 160x227 and 130x184; every featured card the inset only at 317x409, 230x297 and 167x216), and the code draws the page frames: RAIL_SHADOW 0 1 4 at every width (PlayGameCard.tsx:134, featured none :136-140), inset 0 1 27 white at 14% at every width (:942).
13752-218427	partial	modules/skai-gaming/src/components/play/ui/PlayGameCard.tsx	-	wave 76 lane Y6, 2026-10-05 (was unknown): READ LIVE 2026-10-05, w76 Y6 use_figma read-only call 3/4 (read3.js -> read3-result.txt section A: structure, effects, crop, stops, title box), 3sSz page 4459:128102; each call locked.mjs-checked and ledgered record-kind parity "w76 Y6". Matches its 130x184 template 13752:218337 (Plinko, call 2/4) in shell #001615 r12, cut 274:388, stack inset bottom/side 12 / 10, gap 4, title Manrope ExtraBold UPPER -4% 16/16, subtitle Mulish 10/14 at 64%; card-% stops 41.82/78.7. Code at skai-gaming 4da73398: TILE_ASPECT :80, TILE_RADIUS :111 rounded-[12px], RAIL_STACK_INSET :164 bottom-[12px] px-[10px], stack gap (:743 gap-1), title :751-760, subtitle :856, gradient :719. LEFT: caption Towers vs code 'Tower Stacker' (gameRegistry.ts, no wave 76 lane's file; Casey 2026-09-14 "figma is source so yes, game names have changed"). Also a frame defect (Casey 2026-10-05 #2), not a gap: 13752:218427 scales its effects with the card (DR2.66@0,0.67 / IN18.17@0,0.73, Figma's scale tool at 0.667) and tints the inset #080808 where its own Desktop twin draws #FFFFFF; on the effects the page frames draw the opposite at the same sizes (call 4/4 census: every rail card on 13754:221576 / 13754:219114 / 13754:219978 and their predecessors draws DR4@0,1 + IN27.29@0,1.09 #FFFFFF unscaled at 195x277, 160x227 and 130x184; every featured card the inset only at 317x409, 230x297 and 167x216), and the code draws the page frames: RAIL_SHADOW 0 1 4 at every width (PlayGameCard.tsx:134, featured none :136-140), inset 0 1 27 white at 14% at every width (:942).
13752-218677	partial	modules/skai-gaming/src/components/play/ui/PlayGameCard.tsx	-	wave 76 lane Y6, 2026-10-05 (was unknown): READ LIVE 2026-10-05, w76 Y6 use_figma read-only call 3/4 (read3.js -> read3-result.txt section A: structure, effects, crop, stops, title box), 3sSz page 4459:128102; each call locked.mjs-checked and ledgered record-kind parity "w76 Y6". Matches its 317x409 template 13752:218652 (Plinko, call 2/4) in shell #001615 r16, cut 317:409, stack inset bottom/side 32 / 32, gap 8, title Manrope ExtraBold UPPER -4% 24/24, subtitle Mulish 11/14 at 64%; card-% stops 41.82/78.7. Code at skai-gaming 4da73398: TILE_ASPECT :80, TILE_RADIUS :111 rounded-[16px], TILE_STACK_INSET :167 lg:bottom-[32px] lg:px-[32px], stack gap (:743 lg:gap-2), title :751-760, subtitle :856, gradient :719. LEFT: caption Towers vs code 'Tower Stacker' (gameRegistry.ts, no wave 76 lane's file; Casey 2026-09-14 "figma is source so yes, game names have changed"). Also a frame defect (Casey 2026-10-05 #2), not a gap: 13752:218677 carries the rail drop shadow DR4@0,1 (unscaled); on the effects the page frames draw the opposite at the same sizes (call 4/4 census: every rail card on 13754:221576 / 13754:219114 / 13754:219978 and their predecessors draws DR4@0,1 + IN27.29@0,1.09 #FFFFFF unscaled at 195x277, 160x227 and 130x184; every featured card the inset only at 317x409, 230x297 and 167x216), and the code draws the page frames: RAIL_SHADOW 0 1 4 at every width (PlayGameCard.tsx:134, featured none :136-140), inset 0 1 27 white at 14% at every width (:942).
13753-218720	partial	modules/skai-gaming/src/components/play/ui/PlayGameCard.tsx	-	wave 76 lane Y6, 2026-10-05 (was unknown): READ LIVE 2026-10-05, w76 Y6 use_figma read-only call 3/4 (read3.js -> read3-result.txt section A: structure, effects, crop, stops, title box), 3sSz page 4459:128102; each call locked.mjs-checked and ledgered record-kind parity "w76 Y6". Matches its 230x297 template 13753:218694 (Plinko, call 2/4) in shell #001615 r16, cut 317:409, stack inset bottom/side 16 / 16, gap 4, title Manrope ExtraBold UPPER -4% 20/20, subtitle Mulish 10/14 at 64%; card-% stops 41.82/78.7. Code at skai-gaming 4da73398: TILE_ASPECT :80, TILE_RADIUS :111 rounded-[16px], TILE_STACK_INSET :167 md:bottom-[16px] px-[16px], stack gap (:743 gap-1), title :751-760, subtitle :856, gradient :719. LEFT: caption Towers vs code 'Tower Stacker' (gameRegistry.ts, no wave 76 lane's file; Casey 2026-09-14 "figma is source so yes, game names have changed"). Also a frame defect (Casey 2026-10-05 #2), not a gap: 13753:218720 carries the rail drop shadow DR4@0,1 (unscaled); on the effects the page frames draw the opposite at the same sizes (call 4/4 census: every rail card on 13754:221576 / 13754:219114 / 13754:219978 and their predecessors draws DR4@0,1 + IN27.29@0,1.09 #FFFFFF unscaled at 195x277, 160x227 and 130x184; every featured card the inset only at 317x409, 230x297 and 167x216), and the code draws the page frames: RAIL_SHADOW 0 1 4 at every width (PlayGameCard.tsx:134, featured none :136-140), inset 0 1 27 white at 14% at every width (:942).
13752-218251	partial	modules/skai-gaming/src/components/play/ui/PlayGameCard.tsx	-	wave 76 lane Y6, 2026-10-05 (was unknown): READ LIVE 2026-10-05, w76 Y6 use_figma read-only call 2/4 (read2.js -> read2-result.txt: structure diffed against its size template) and 3/4 (read3-result.txt section D: card-% stops), 3sSz page 4459:128102; each call locked.mjs-checked and ledgered record-kind parity "w76 Y6". Matches its 195x277 template 13752:218131 (Plinko, call 2/4) in shell #001615 r16, cut 274:388, stack inset bottom/side 18 / 31, gap 8, title Manrope ExtraBold UPPER -4% 24/24, subtitle Mulish 11/14 at 64%; card-% stops 52.85/78.7. Code at skai-gaming 4da73398: TILE_ASPECT :80, TILE_RADIUS :111 lg:rounded-[16px], RAIL_STACK_INSET :164 lg:bottom-[18px] lg:px-[31px], stack gap (:743 lg:gap-2), title :751-760, subtitle :856, gradient :719. title: the board writes "Video\nPoker"; the code's 133 box already broke it (146.6), and since skai-gaming 6a498d01 'fix(play): Rock Paper Scissors draws two title lines on the 1440 rail, in the 146 box its board 13752:218271 gives it, and Video Poker breaks after "Video" on the rail and collection cuts as 13752:218251 / 13752:218597 / 13752:218387 write it (35d6fb39)' the rail paints the same break explicitly. LEFT: gradient starts at 52.85% against the code's 41.8% (PlayGameCard.tsx:719), the terminal the same: at 52.85% the code's wash is already 30% accent where the board has none; needs per-game stops, a PlayGameCard prop plus values in playGameArt.ts (P071's file).
13752-218597	partial	modules/skai-gaming/src/components/play/ui/PlayGameCard.tsx	-	wave 76 lane Y6, 2026-10-05 (was unknown): READ LIVE 2026-10-05, w76 Y6 use_figma read-only call 2/4 (read2.js -> read2-result.txt: structure diffed against its size template) and 3/4 (read3-result.txt section D: card-% stops), 3sSz page 4459:128102; each call locked.mjs-checked and ledgered record-kind parity "w76 Y6". Matches its 160x227 template 13752:218547 (Plinko, call 2/4) in shell #001615 r12, cut 274:388, stack inset bottom/side 16 / 14, gap 4, title Manrope ExtraBold UPPER -4% 20/20, subtitle Mulish 10/14 at 64%; card-% stops 32.58/78.7. Code at skai-gaming 4da73398: TILE_ASPECT :80, TILE_RADIUS :111 rounded-[12px], RAIL_STACK_INSET :164 md:bottom-[16px] md:px-[14px], stack gap (:743 gap-1), title :751-760, subtitle :856, gradient :719. BUILT skai-gaming 6a498d01 'fix(play): Rock Paper Scissors draws two title lines on the 1440 rail, in the 146 box its board 13752:218271 gives it, and Video Poker breaks after "Video" on the rail and collection cuts as 13752:218251 / 13752:218597 / 13752:218387 write it (35d6fb39)' (app gitlink ad55971ee 'chore(submodules): bump skai-gaming to 6a498d01 (Rock Paper Scissors draws two title lines on the 1440 rail, and Video Poker breaks after "Video" on the rail and collection cuts, as the 2026-10-04 card set draws them)'): the board writes the title "Video \nPoker" and Frame 608 is 58 tall (two lines), where the code fit it on one (122.1 in 132); now the rail and collection cuts paint "Video\nPoker" with whitespace-pre-line (TITLE_SETTING PlayGameCard.tsx:204), the accessible name unchanged; pinned by PlayGameCard.titleSetting.test.tsx (16 cases; BUILD mutations M0-M9 and FIX mutations F0-F6 each red on the planted defect, every restore sha256-checked). LEFT: gradient starts at 32.58% against the code's 41.8% (PlayGameCard.tsx:719), the terminal the same: at 41.8% the board's wash is already 20% accent where the code has none; needs per-game stops, a PlayGameCard prop plus values in playGameArt.ts (P071's file). Also a frame defect (Casey 2026-10-05 #2), not a gap: 13752:218597 scales its effects with the card (DR3.29@0,0.82 / IN22.42@0,0.9, Figma's scale tool at 0.82) and tints the inset #080808 where its own Desktop twin draws #FFFFFF; on the effects the page frames draw the opposite at the same sizes (call 4/4 census: every rail card on 13754:221576 / 13754:219114 / 13754:219978 and their predecessors draws DR4@0,1 + IN27.29@0,1.09 #FFFFFF unscaled at 195x277, 160x227 and 130x184; every featured card the inset only at 317x409, 230x297 and 167x216), and the code draws the page frames: RAIL_SHADOW 0 1 4 at every width (PlayGameCard.tsx:134, featured none :136-140), inset 0 1 27 white at 14% at every width (:942).
13752-218387	partial	modules/skai-gaming/src/components/play/ui/PlayGameCard.tsx	-	wave 76 lane Y6, 2026-10-05 (was unknown): READ LIVE 2026-10-05, w76 Y6 use_figma read-only call 2/4 (read2.js -> read2-result.txt: structure diffed against its size template) and 3/4 (read3-result.txt section D: card-% stops), 3sSz page 4459:128102; each call locked.mjs-checked and ledgered record-kind parity "w76 Y6". Matches its 130x184 template 13752:218337 (Plinko, call 2/4) in shell #001615 r12, cut 274:388, stack inset bottom/side 12 / 10, gap 4, title Manrope ExtraBold UPPER -4% 16/16, subtitle Mulish 10/14 at 64%; card-% stops 32.58/78.7. Code at skai-gaming 4da73398: TILE_ASPECT :80, TILE_RADIUS :111 rounded-[12px], RAIL_STACK_INSET :164 bottom-[12px] px-[10px], stack gap (:743 gap-1), title :751-760, subtitle :856, gradient :719. BUILT skai-gaming 6a498d01 'fix(play): Rock Paper Scissors draws two title lines on the 1440 rail, in the 146 box its board 13752:218271 gives it, and Video Poker breaks after "Video" on the rail and collection cuts as 13752:218251 / 13752:218597 / 13752:218387 write it (35d6fb39)' (app gitlink ad55971ee 'chore(submodules): bump skai-gaming to 6a498d01 (Rock Paper Scissors draws two title lines on the 1440 rail, and Video Poker breaks after "Video" on the rail and collection cuts, as the 2026-10-04 card set draws them)'): the board writes the title "Video \nPoker" and Frame 608 is 50 tall (two lines), where the code fit it on one (97.6 in 110); now the rail and collection cuts paint "Video\nPoker" with whitespace-pre-line (TITLE_SETTING PlayGameCard.tsx:204), the accessible name unchanged; pinned by PlayGameCard.titleSetting.test.tsx (16 cases; BUILD mutations M0-M9 and FIX mutations F0-F6 each red on the planted defect, every restore sha256-checked). LEFT: gradient starts at 32.58% against the code's 41.8% (PlayGameCard.tsx:719), the terminal the same: at 41.8% the board's wash is already 20% accent where the code has none; needs per-game stops, a PlayGameCard prop plus values in playGameArt.ts (P071's file). Also a frame defect (Casey 2026-10-05 #2), not a gap: 13752:218387 scales its effects with the card (DR2.66@0,0.67 / IN18.17@0,0.73, Figma's scale tool at 0.667) and tints the inset #080808 where its own Desktop twin draws #FFFFFF; on the effects the page frames draw the opposite at the same sizes (call 4/4 census: every rail card on 13754:221576 / 13754:219114 / 13754:219978 and their predecessors draws DR4@0,1 + IN27.29@0,1.09 #FFFFFF unscaled at 195x277, 160x227 and 130x184; every featured card the inset only at 317x409, 230x297 and 167x216), and the code draws the page frames: RAIL_SHADOW 0 1 4 at every width (PlayGameCard.tsx:134, featured none :136-140), inset 0 1 27 white at 14% at every width (:942).
