# key	status	primaryFile	route	reason	bp
# Lane play-hub, wave 41, 2026-09-14. 113 frames, all on the "✅ Play" page of 3sSzw1KewMtUbeLAv7uW0r.
# Owns, in modules/skai-gaming: components/play/game-detail/{CloseGameDialog,GameDetailHeader,GameInfoPanel,
# GameStatsPanel}.tsx, components/play/sportsbook/{BetNotification,BetSlip,BetSlipSettings,MyBetsPanel,
# StartingSoonBar}.tsx, components/play/ui/{ContinuePlaying,LiveRtpPanel,PlayCollectionView,PlayDropdown,
# PlayFilterBar,PlayModeCards,PlaySidebar,TrendingGames}.tsx, pages/play/GameDetailPage.tsx and pages/play/Play.tsx
# (presentation only); and in the superproject src/components/auth/PlayRegionModal.tsx, src/pages/sports/GameDetail.tsx,
# src/pages/sports/components/PlayerPropsPanel.tsx, src/pages/sports/components/matchview/MatchViewFigma.tsx.
#
# NO BROWSER WAS DRIVEN and no build was run (wave rule), so no row claims a DOM-measured done, and nothing here says
# done: every frame in this assignment came in open (74 partial, 36 not-started, 3 blocked-on-backend) and each verdict
# below is either a live node read this run, a source reading against node data already in the catalog, or an explicit
# carry that says so.
#
# FIGMA READ LIVE THIS RUN — six calls, inside the seat's burst cap, on three catalog frames and three of their
# sub-nodes: get_metadata on 11097-108992, 11100-72534 and 11100-66646, then get_design_context on the two Close-game
# modals 11097:108900 and 11100:72488 and on the tablet game-detail bar 11097:109337. Everything else is either
# carried from the registry's own measured notes (restated, and the row says so) or read from source.
#
# COMMITS (modules/skai-gaming): 772a66d6, 5e6f2d5c, 9634042d.
#
# THE 53 SPORTSBOOK AND BOOKIE FRAMES ARE OUT OF WAVE 41 by the brief's own line. Their rows carry their prior verdict
# with the prior reason quoted; none is demoted to not-started, because a fresh not-started for a frame nobody opened
# erases a measured verdict.
#
# ★ TWO ROWS NAMED THE WRONG FILE, and both are corrected here rather than worked around:
#   4765-64029 / 4768-66183 cite PlayDropdown.tsx. The frame is the HEADER's Play menu - HeaderNavRichDropdown in
#   modules/skai-ui/src/components/layout/header/header-navigation.tsx, mounted from HomeTopBar.tsx:1008. It matches
#   the frame on every axis but one (rounded-xl = 16 against the frame's 12). PlayDropdown is a DIFFERENT panel,
#   200 wide with 184x30 rows, shared by eleven SelectContent call sites; retuning it to this frame would break them.
#   11092-73531 / 11100-70524 read not-started on a blocker that was a sentence in GameStatsPanel's own docblock
#   ("the on-chain bet rail is the source of truth"). The rail is empty; the panel has been reading the POINTS rounds
#   through GameInfoTabPanel. Docblock rewritten so the blocker cannot be re-derived from it.
#
# 772a66d6 close-game modal + game-info drawer ladders; 5e6f2d5c the phone Live RTP second control band + My stats
# grid rungs and docblock; 9634042d the game-detail bar rebuilt to the header frames.
#
# NOT DRAWN BY ANY FRAME IN THIS ASSIGNMENT: a hub tile for a new slot page. The five slot pages' own frames live in
# the games file, not here, so Play.tsx's tile list and routedGamePaths.ts were read and left alone - Hooked already
# maps to /play/fisherman-slots (skai-gaming 32393312) and Untamed, Gem and Vegas Fortune are deliberately unmapped,
# their tiles opening the dialog until their pages land.
#
# PEER STATE: ~30 *PageSections.tsx files plus components/play/shared/GameShell.tsx were dirty in skai-gaming for
# another session for the whole of this run. Untouched; every commit above used explicit pathspecs with --only.
4765-64029	partial	modules/skai-ui/src/components/layout/header/header-navigation.tsx	/play	★ THE ROW'S implFiles NAMED THE WRONG COMPONENT, which is why it read as a four-row panel that draws two. This frame is the HEADER's Play menu, not the hub's filter menu: it is HeaderNavRichDropdown from modules/skai-ui, mounted at src/components/home-redesign/HomeTopBar.tsx:1008 with navGroups.play (Casino -> /play/casino, Sportsbook -> /sports, each with its own sub-line). PlayDropdown.tsx is a different panel - 200 wide with 184x30 single-line rows, measured off 9099:131647 / 9099:146602 and shared by PlayBetsTable, PlayCollectionView, TowerBetPanel, PlinkoGame and eleven SelectContent call sites through PLAY_SELECT_CONTENT_CLASS - so retuning it to this frame would have broken every one of them. MEASURED AGAINST THE REAL FILE (header-navigation.tsx:440-471) AND IT MATCHES ON EVERY AXIS BUT ONE: frame 300x136 at (279,48) pad [16,32,16,16] gap 24 fill #122524 stroke #123F3C 1px DROP_SHADOW r12 off(0,4) #000@0.24; code w-[300px] bg-[#122524] border-[#123f3c] pl-4 pr-8 py-4 gap-6 shadow-[0px_4px_12px_rgba(0,0,0,0.24)]. Rows 252x40 (300-16-32 = 252) with a 24x24 glyph, content column at gap 2, title Manrope 16/22 at -0.64px (-4% of 16) and sub 12/16 at -0.48px; code gap-2, w-6 h-6, gap-0.5, text-base leading-[22px] tracking-[-0.64px] over text-xs leading-4 tracking-[-0.48px] - 22+2+16 = 40 exactly, and 16+40+24+40+16 = 136 exactly. Selected is the LABEL turning #56C7F3, which the code draws on hover/focus/highlight. THE ONE DELTA: the panel is rounded-xl, which is 16px in this preset against the frame's 12. One class, in modules/skai-ui/src - off limits to every lane this wave. HAND-OFF: header-navigation.tsx:440, rounded-xl -> rounded-[12px].	1440=partial 768=n-a 375=n-a @2026-09-14/wave41-play-hub
4768-66183	partial	modules/skai-ui/src/components/layout/header/header-navigation.tsx	/play	Same panel and same single delta as 4765-64029, whose row carries the measurement; this frame differs from it in one row's selected state. Its implFiles names PlayDropdown.tsx too and is wrong for the same reason - the surface is HeaderNavRichDropdown in modules/skai-ui, mounted from HomeTopBar.tsx:1008. HAND-OFF: header-navigation.tsx:440, rounded-xl (16 here) -> rounded-[12px].	1440=partial 768=n-a 375=n-a @2026-09-14/wave41-play-hub
10912-148682	partial	modules/skai-gaming/src/pages/play/Play.tsx	/play	CARRIED, NOT RE-READ THIS RUN. The two web-app Figma files did not change on 2026-09-10 (brief), so the prior verdict stands; this lane spent its Figma budget on the frames whose named residual sat in a file it owns. Prior reason: The full-length 768 parent of 10855:53595; the same reading, restated rather than delegated: column 708 at x=30 matched, hero 244 closes from source (copy 186 under the floor), joined bar 46/r12 matched, featured 3x230 on 8 matched, header segments 380 matched. Same items not compared. Wave 24's three rendered residuals (hero +25, Top bets +43, About -52) are not carried: the first is closed from	1440=n-a 768=partial 375=n-a @2026-09-14/wave41-play-hub
11100-62081	partial	modules/skai-gaming/src/pages/play/Play.tsx	/play/casino	CARRIED, NOT RE-READ THIS RUN. The two web-app Figma files did not change on 2026-09-10 (brief), so the prior verdict stands; this lane spent its Figma budget on the frames whose named residual sat in a file it owns. Prior reason: THE ONE ITEM WAVE 24 LEFT OPEN IS BUILT. Read off 11100:62147 this run: a 343x76 vertical nav, chip group 11100:62152 532 wide on a 24 gap (All games pill #123F3C 28 tall pad 8/2 r4 white 14/16; the rest Ash 14/16 with 16/24 glyphs on a 4 gap), search 11100:62168 343x32 r8 #001615 1px #123F3C pad 8/24/8/16 with a 12/16 Ash placeholder at 0.74. Its last two children are the cut mark: 11100:63249, a	1440=n-a 768=n-a 375=partial @2026-09-14/wave41-play-hub
4798-57445	partial	src/pages/sports/components/BookieDashboard.tsx	/sports?tab=bookie	OUT OF WAVE 41 BY THE BRIEF ('Sportsbook frames are out of this wave'), so this row is CARRIED at its prior verdict and NOT RE-READ; it is not demoted either, because writing a fresh not-started for a frame nobody opened would erase a measured verdict. The surface also sits behind the backend gate - there is no sportsbook table or function - and the two files this frame's own row names outside this lane are src/pages/sports/components/BookieDashboard.tsx. Carried reason: MEASURED 2026-09-01. Frame is 1440x4199 and its stat row is byte-for-byte the tiers frame's: Frame 270 4798:57498 is 1144x113 with four 274x113 tiles at x = 0/290/580/870, tile 4798:57499 radius 16 fill #122524 no stroke padding 16 SPACE_BETWEEN, label row 242x18 at (16,16) and value 242x38 at (16,59), label Manrope Regular 14/18 -4% white, value Mulish Light 32/38 -4% white. So the two bookie scr	1440=partial 768=n-a 375=n-a @2026-09-14/wave41-play-hub
11021-198296	not-started	—	—	OUT OF WAVE 41 BY THE BRIEF ('Sportsbook frames are out of this wave'), so this row is CARRIED at its prior verdict and NOT RE-READ; it is not demoted either, because writing a fresh not-started for a frame nobody opened would erase a measured verdict. The surface also sits behind the backend gate - there is no sportsbook table or function - and the two files this frame's own row names outside this lane are none. Carried reason: ESCALATED - Casey's 2026-08-12 ruling stands (carried from wave3). The casino Bookie frames as drawn are unbuilt (they need pool infra). The NAV DESTINATION is live (HomeSidebarExpanded.tsx:1504 -> /sports?tab=bookie). The label change (Bookie -> "House Pool", Live RTP folded into /rewards) was Casey's own ruling; reverting it is his call, not a lane's.	1440=n-a 768=n-a 375=not-started @2026-09-14/wave41-play-hub
11017-157523	not-started	—	—	OUT OF WAVE 41 BY THE BRIEF ('Sportsbook frames are out of this wave'), so this row is CARRIED at its prior verdict and NOT RE-READ; it is not demoted either, because writing a fresh not-started for a frame nobody opened would erase a measured verdict. The surface also sits behind the backend gate - there is no sportsbook table or function - and the two files this frame's own row names outside this lane are none. Carried reason: ESCALATED - Casey's 2026-08-12 ruling stands (carried from wave3). The casino Bookie frames as drawn are unbuilt (they need pool infra). The NAV DESTINATION is live (HomeSidebarExpanded.tsx:1504 -> /sports?tab=bookie). The label change (Bookie -> "House Pool", Live RTP folded into /rewards) was Casey's own ruling; reverting it is his call, not a lane's.	1440=n-a 768=not-started 375=n-a @2026-09-14/wave41-play-hub
4792-34490	not-started	src/pages/sports/components/BookieDashboard.tsx	/sports?tab=bookie	OUT OF WAVE 41 BY THE BRIEF ('Sportsbook frames are out of this wave'), so this row is CARRIED at its prior verdict and NOT RE-READ; it is not demoted either, because writing a fresh not-started for a frame nobody opened would erase a measured verdict. The surface also sits behind the backend gate - there is no sportsbook table or function - and the two files this frame's own row names outside this lane are src/pages/sports/components/BookieDashboard.tsx. Carried reason: MEASURED the stat row on all three axes 2026-09-01 and FIXED four divergences; held at partial for one that is Casey's call and one that is page-wide. Frame is 1440x3093. GEOMETRY: Frame 270 is 1144x113 holding four 274x113 tiles at x = 0/290/580/870, so the gutter is 16 (290-274, 580-564, 870-854 all 16) and 4x274+3x16 = 1144 closes; the grid shipped gap-3 = 12 - FIXED to gap-4. Tile 4792:52690 r	1440=not-started 768=n-a 375=n-a @2026-09-14/wave41-play-hub
11214-87813	not-started	—	—	OUT OF WAVE 41 BY THE BRIEF ('Sportsbook frames are out of this wave'), so this row is CARRIED at its prior verdict and NOT RE-READ; it is not demoted either, because writing a fresh not-started for a frame nobody opened would erase a measured verdict. The surface also sits behind the backend gate - there is no sportsbook table or function - and the two files this frame's own row names outside this lane are none. Carried reason: ESCALATED - Casey's 2026-08-12 ruling stands (carried from wave3). The casino Bookie frames as drawn are unbuilt (they need pool infra). The NAV DESTINATION is live (HomeSidebarExpanded.tsx:1504 -> /sports?tab=bookie). The label change (Bookie -> "House Pool", Live RTP folded into /rewards) was Casey's own ruling; reverting it is his call, not a lane's.	1440=n-a 768=n-a 375=not-started @2026-09-14/wave41-play-hub
11214-88938	not-started	—	—	OUT OF WAVE 41 BY THE BRIEF ('Sportsbook frames are out of this wave'), so this row is CARRIED at its prior verdict and NOT RE-READ; it is not demoted either, because writing a fresh not-started for a frame nobody opened would erase a measured verdict. The surface also sits behind the backend gate - there is no sportsbook table or function - and the two files this frame's own row names outside this lane are none. Carried reason: ESCALATED - Casey's 2026-08-12 ruling stands (carried from wave3). The casino Bookie frames as drawn are unbuilt (they need pool infra). The NAV DESTINATION is live (HomeSidebarExpanded.tsx:1504 -> /sports?tab=bookie). The label change (Bookie -> "House Pool", Live RTP folded into /rewards) was Casey's own ruling; reverting it is his call, not a lane's.	1440=n-a 768=not-started 375=n-a @2026-09-14/wave41-play-hub
11211-86973	partial	modules/skai-gaming/src/components/play/ui/LiveRtpPanel.tsx	/rewards	The same 375 screen with BOTH trend columns collapsed to their headings, which is why it is 2291 tall against 3175 - not a duplicate of 11211:86080, and it corroborates that board's numbers node for node (strip 11211:86992 343x42 pad [4,12,0,12] radius [12,12,0,0], second control band 11214:131272 343x54 pad [0,12,0,12]). The second band is the frame-side evidence this run acted on: two independent 375 boards draw it as a band of its own, and the panel was wrapping the strip instead. Built now; the collapsed state itself is a data state the panel reaches from its own column toggles and was not driven from source.	1440=n-a 768=n-a 375=partial @2026-09-14/wave41-play-hub
4792-31202	partial	modules/skai-gaming/src/components/play/ui/LiveRtpPanel.tsx	/rewards	THE not-started IN THE WORK ORDER IS STALE - this frame was measured on all three axes 2026-09-04 and the panel was brought to it; the row is promoted to partial on that record, restated rather than re-read this run. THE PANEL IS TWO BOXES, NOT ONE: section 4792:31450 is a VERTICAL stack at gap 0 holding strip 4792:31451 1318x60 pad [4,16,0,16] radius [16,16,0,0] fill #122524 strokeBottom 1 #123F3C with NO effects, then body 4792:31460 1318x676 pad 16 gap 32 radius [0,0,16,16] carrying DROP_SHADOW 80/(0,10)/#000@0.25. Controls: tabs 4792:31454 196x18 itemSpacing 24 in Manrope Regular 14/18, selected #FFFFFF and idle #95A09F; search 9103:162244 200x34 r8 pad [8,24,8,16] on #001615 under a 1px #123F3C stroke; toggle chip 4792:33581 171.59x32 r8 pad [4,12,4,8]. Rows 635x94 r16 pad 8 on an 8 seam, stroke 1px #17F9B4 rising and #FF574A falling at FULL strength. STILL PARTIAL, and none of it is the panel: this is a whole 1440x2813 screen whose header 4792:31855, sidebar 4792:31891, 1318x498 bets table 9103:162585, 1318x742 FAQ 4792:31752 and footer nav 9103:161935 all sit outside this component. Two panel-level divergences stand: the selected-window rule is a 3px white border under the label where node 4792:31459 is a 44-wide vector on the strip's bottom edge, and the hero illustration is a 659x244 raster the caller supplies.	1440=partial 768=n-a 375=n-a @2026-09-14/wave41-play-hub
11211-86080	partial	modules/skai-gaming/src/components/play/ui/LiveRtpPanel.tsx	/rewards	THE ONE PANEL-LEVEL GAP THE 09-04 READING LEFT OPEN IS BUILT. Section 11211:86098 is THREE bands at this board, not two: strip 11211:86099 343x42 pad [4,12,0,12] cornerRadius [12,12,0,0]; a SECOND band 11211:86107 343x54 pad [0,12,0,12] with strokeTopWeight 1 #123F3C, where the search and the toggle drop when they will not fit beside the tabs; then the body 11211:86117 343x980 pad 12 gap 32 cornerRadius [0,0,12,12] strokeTopWeight 1 with DROP_SHADOW 80/(0,10)/#000@0.25. That band was being reproduced by letting the strip's own row wrap, so the two controls shared the strip's fill with no rule between them. The side inset now sits on each row rather than the strip, so the band's hairline spans the full 343 instead of the 319 inside the pad, and the band takes a 54 floor below md and gives up rule, inset and floor from md. Everything else on this board was closed 09-04 and is restated, not re-read: body inset 12 here against 16 at both wider boards; columns 11211:86119 VERTICAL at 12 with a 1px #123F3C rule 11211:86896 12 clear either side; rows 11211:86128 319x66 at radius 12 (the only board at 12), art 48x48 r8, figure Mulish 14/16, name Manrope 12/14 #95A09F, Low/High stacked at 2. PARTIAL for the rest of the 375x3175 screen - the 343x460 bets table 11211:86417 and the 343x1097 FAQ block 11211:86551 are not this component.	1440=n-a 768=n-a 375=partial @2026-09-14/wave41-play-hub
11017-21566	partial	modules/skai-gaming/src/components/play/ui/LiveRtpPanel.tsx	/rewards	Carried from the 2026-09-04 measurement, restated rather than re-read, and unchanged by this run's phone-only band fix (the band gives up its rule, inset and 54 floor at md). FRAME 768x2707, content column 11017:21567 708x2533 at (30,76) on a 32 gap. Section 11017:21584: strip 11017:21585 708x58 pad [4,16,0,16] radius [12,12,0,0] strokeBottom 1 #123F3C; body 11017:21601 708x584 pad 16 gap 32 radius [0,0,12,12] strokeTop 1, shadow 80/(0,10)/#000@0.25 - so the section radius is 12 here against 16 at 1440, which a single rounded-2xl could not express at either width. Columns 11017:21603 HORIZONTAL at 16, two 330 wide; rows 11017:21612 330x80 r16 pad 8 gap 8, art 64x64 r8 against 78 at 1440, figure Mulish 16/20, name Manrope 12/16, Low/High stacked in a 115x50 group. Hero 11017:21569 708x244 stays side by side, headline Manrope Light 24/28. PARTIAL: the 708x478 bets table 11017:21901, the 708x1057 FAQ block 11017:22090 and the tablet chrome are not this component.	1440=n-a 768=partial 375=n-a @2026-09-14/wave41-play-hub
4714-31722	partial	modules/skai-gaming/src/components/play/ui/PlayFilterBar.tsx	/play/casino	CARRIED, NOT RE-READ THIS RUN. The two web-app Figma files did not change on 2026-09-10 (brief), so the prior verdict stands; this lane spent its Figma budget on the frames whose named residual sat in a file it owns. Prior reason: SECTION HEADING MEASURED 2026-09-01 and FIXED. Manrope Regular #FFFFFF at -4%, and the size steps ONCE, at lg: 24/28 at 1440 and 18/22 at BOTH 768 and 375. 1440x2704, heading nodes 4714:50598 About Skai Play and 4714:50657 Frequently asked questions, Manrope Regular 24/28px/-4% #FFFFFF. A SECOND screen family carrying the same ramp, which is why the fix is a shared constant rather than a per-scree	1440=partial 768=n-a 375=n-a @2026-09-14/wave41-play-hub
11100-66646	partial	modules/skai-gaming/src/components/play/ui/PlayCollectionView.tsx	/play/casino	★ READ LIVE THIS RUN, WHICH IS WHAT THE HOLDING ROW ASKED FOR: 'this node's own tree was refused by the Figma quota … the first thing to do when the quota returns is open this node'. Opened, and the proxy reading HOLDS on this node's own data. FRAME 375x2427, content column 11100:66647 343x2293 at (16,64). Header Frame 629 11100:66649 343x72: Frame 450 with a 311-wide title column at y=4 (24x24 back glyph at x=0, 'New games' 11100:66654 at x=34 in a 24 line) and a bare 16x16 caret 11214:132029 at (319,8); then Frame 1000003849 11100:67088 at y=40, 342x32, two 167x32 CTA/buttons at x=0 and x=175 - an 8 gap, and the pair takes the full width under the title. Grid 11100:66660 at y=88, so a 16 seam: eight 167x236 art tiles two across at x=0/175 on an 8 gap, rows at y=0/268/534/800 (pitch 266-268), meta rows at y=244 14-16 tall mixing '12X played' and '234 playing'. Rule 11100:66756 at y=1172 and About Frame 642 11100:66757 at y=1196 - both EXACT against the Trending twin. Source matches node for node: PlayGameTitleRow on the 311 column, the pair as one node at 'order-last grid basis-full grid-cols-2 gap-2' with md:order-none md:flex, the 16px caret at md:hidden, grid 'grid-cols-2 gap-2 md:grid-cols-4 xl:grid-cols-6', and the 16 seam. STILL PARTIAL for the lower half, measured here and handed off: About 11100:66759 343x248 (16 platform glyph, title 22, body 210), the three feature rows 343x64/78/78 with a 24 glyph at (12,12) and copy from x=44 at 18 over 14/28, Licences and partners 11100:66780 with three 109x107 cards on an 8 gap, and FAQ 11100:66818 343x420 - five rows, 54 collapsed and 134 open, on an 8 gap. Those are PlayAboutFaq.tsx, not this lane's file.	1440=n-a 768=n-a 375=partial @2026-09-14/wave41-play-hub
11084-63426	partial	modules/skai-gaming/src/components/play/ui/PlayCollectionView.tsx	/play/casino	The 768 New-games board: the same construction as Trending 768 with 'New games' at x=34 (11084:64593, 279 wide in 24/28), the pair at x=321 (103x32) and x=432 (128x32), search 140 at 568, the identical grid and About stack. Play.tsx mounts the view for `new` below lg, cut on the hub's own `new` flag - the same flag the `New` pill reads - so the screen and the 1440 grid cannot disagree. Not re-read this run; its 375 sibling 11100-66646 WAS, and confirms the shared construction on its own node data. ONE NAMED GAP FROM THE PREVIOUS ROW IS ALREADY CLOSED and the note was stale: the search no longer ships a flat md:w-[200px] here - PlayCollectionView.tsx:527-528 is `w-[140px]` with `catalogue ? md:w-[140px] : md:w-[200px]`, so a board that draws the sort/provider pair gets the frame's 140 and Favourites keeps its 200. Still open: the menus' open rows are undrawn on every board, so the options offered are real orderings of what the screen holds rather than transcriptions, the hover CTA is unmeasured here, and the tile radius on this board was not read.	1440=n-a 768=partial 375=n-a @2026-09-14/wave41-play-hub
4723-52636	partial	modules/skai-gaming/src/components/play/game-detail/GameDetailHeader.tsx	/play/game/:gameId	THE BAR ABOVE THE GAME SURFACE IS REBUILT (skai-gaming 9634042d), off `Frame 337` 11097:109337 read LIVE this run with get_design_context and `Frame 418`/`Frame 419` 11100:72538/11100:72546 read live with get_metadata. It had been built from the 1440 board's shape alone, so FIVE of its parts were the wrong model rather than the wrong size. BACK is a bare 18px glyph (11097:109340), not a 36 circle holding a 20 chevron. THE MARK is a 32x32 thumb at radius 6 on a 1px #123F3C stroke carrying the game's own cover on object-cover (11097:109341), not a 24px tinted lucide glyph - and it now takes the same per-game artPosition anchor the hub tiles and the page's square cut use, so one game cannot be framed two ways on this page. TITLE is Manrope LIGHT at -4% and it STEPS: 20/24 at 375 (11100:72543 h=24) against 24/28 at 768 (Md/Super-headline 4 300, 11097:109342) - it had been text-2xl font-bold leading-tight, one size at every board, bold, on a 30px line. CLUSTER gap is 12 at 768 (11097:109344) and 8 at 375; the info '?' is a BARE 16 glyph at its head and fullscreen a BARE 24 glyph at its tail, and only the three middle actions are 36px circles - a 1px #123F3C ring with NO FILL, p-[10px] around a 16 glyph (11097:109349-51). PRACTICE MODE is a CHIP the bar did not draw at all: #122524 at radius 8, pl 8 / pr 12 / py 4 on an 8 gap, toggle 40.6x24 over #001615, label Manrope Regular #95A09F at opacity 0.74, 12/14 at 375 against 14/18 at 768. The surface seam is the boards' own 20 then 24. THE PHONE SPLITS THE BAR IN TWO on a 12px seam, which one wrapping row gives without a second copy of any control; the single consequence is stated rather than hidden - at 375 the info glyph leads the wrapped row where the frame parks it at the title row's right edge. NOT MEASURED, so not invented: the 1440 header row's own type (the lg rung holds the tablet's 24/28 rather than a third rung), and the jackpot pill, which no board drawn this run carries. STILL PARTIAL: everything on this board below the bar - the widget mainframe, the community-wins section, the info card, the bets table, About/FAQ and the chrome - is PlayGameDetailSections.tsx and the shared shell, neither of which is this lane's file, and none of it was re-read this pass.	1440=partial 768=n-a 375=n-a @2026-09-14/wave41-play-hub
8524-80494	partial	modules/skai-gaming/src/components/play/game-detail/GameDetailHeader.tsx	/play/game/:gameId	THE BAR ABOVE THE GAME SURFACE IS REBUILT (skai-gaming 9634042d), off `Frame 337` 11097:109337 read LIVE this run with get_design_context and `Frame 418`/`Frame 419` 11100:72538/11100:72546 read live with get_metadata. It had been built from the 1440 board's shape alone, so FIVE of its parts were the wrong model rather than the wrong size. BACK is a bare 18px glyph (11097:109340), not a 36 circle holding a 20 chevron. THE MARK is a 32x32 thumb at radius 6 on a 1px #123F3C stroke carrying the game's own cover on object-cover (11097:109341), not a 24px tinted lucide glyph - and it now takes the same per-game artPosition anchor the hub tiles and the page's square cut use, so one game cannot be framed two ways on this page. TITLE is Manrope LIGHT at -4% and it STEPS: 20/24 at 375 (11100:72543 h=24) against 24/28 at 768 (Md/Super-headline 4 300, 11097:109342) - it had been text-2xl font-bold leading-tight, one size at every board, bold, on a 30px line. CLUSTER gap is 12 at 768 (11097:109344) and 8 at 375; the info '?' is a BARE 16 glyph at its head and fullscreen a BARE 24 glyph at its tail, and only the three middle actions are 36px circles - a 1px #123F3C ring with NO FILL, p-[10px] around a 16 glyph (11097:109349-51). PRACTICE MODE is a CHIP the bar did not draw at all: #122524 at radius 8, pl 8 / pr 12 / py 4 on an 8 gap, toggle 40.6x24 over #001615, label Manrope Regular #95A09F at opacity 0.74, 12/14 at 375 against 14/18 at 768. The surface seam is the boards' own 20 then 24. THE PHONE SPLITS THE BAR IN TWO on a 12px seam, which one wrapping row gives without a second copy of any control; the single consequence is stated rather than hidden - at 375 the info glyph leads the wrapped row where the frame parks it at the title row's right edge. NOT MEASURED, so not invented: the 1440 header row's own type (the lg rung holds the tablet's 24/28 rather than a third rung), and the jackpot pill, which no board drawn this run carries. STILL PARTIAL: everything on this board below the bar - the widget mainframe, the community-wins section, the info card, the bets table, About/FAQ and the chrome - is PlayGameDetailSections.tsx and the shared shell, neither of which is this lane's file, and none of it was re-read this pass.	1440=partial 768=n-a 375=n-a @2026-09-14/wave41-play-hub
8524-125621	partial	modules/skai-gaming/src/components/play/game-detail/GameDetailHeader.tsx	/play/game/:gameId	THE BAR ABOVE THE GAME SURFACE IS REBUILT (skai-gaming 9634042d), off `Frame 337` 11097:109337 read LIVE this run with get_design_context and `Frame 418`/`Frame 419` 11100:72538/11100:72546 read live with get_metadata. It had been built from the 1440 board's shape alone, so FIVE of its parts were the wrong model rather than the wrong size. BACK is a bare 18px glyph (11097:109340), not a 36 circle holding a 20 chevron. THE MARK is a 32x32 thumb at radius 6 on a 1px #123F3C stroke carrying the game's own cover on object-cover (11097:109341), not a 24px tinted lucide glyph - and it now takes the same per-game artPosition anchor the hub tiles and the page's square cut use, so one game cannot be framed two ways on this page. TITLE is Manrope LIGHT at -4% and it STEPS: 20/24 at 375 (11100:72543 h=24) against 24/28 at 768 (Md/Super-headline 4 300, 11097:109342) - it had been text-2xl font-bold leading-tight, one size at every board, bold, on a 30px line. CLUSTER gap is 12 at 768 (11097:109344) and 8 at 375; the info '?' is a BARE 16 glyph at its head and fullscreen a BARE 24 glyph at its tail, and only the three middle actions are 36px circles - a 1px #123F3C ring with NO FILL, p-[10px] around a 16 glyph (11097:109349-51). PRACTICE MODE is a CHIP the bar did not draw at all: #122524 at radius 8, pl 8 / pr 12 / py 4 on an 8 gap, toggle 40.6x24 over #001615, label Manrope Regular #95A09F at opacity 0.74, 12/14 at 375 against 14/18 at 768. The surface seam is the boards' own 20 then 24. THE PHONE SPLITS THE BAR IN TWO on a 12px seam, which one wrapping row gives without a second copy of any control; the single consequence is stated rather than hidden - at 375 the info glyph leads the wrapped row where the frame parks it at the title row's right edge. NOT MEASURED, so not invented: the 1440 header row's own type (the lg rung holds the tablet's 24/28 rather than a third rung), and the jackpot pill, which no board drawn this run carries. STILL PARTIAL: everything on this board below the bar - the widget mainframe, the community-wins section, the info card, the bets table, About/FAQ and the chrome - is PlayGameDetailSections.tsx and the shared shell, neither of which is this lane's file, and none of it was re-read this pass.	1440=n-a 768=n-a 375=partial @2026-09-14/wave41-play-hub
11100-67616	partial	modules/skai-gaming/src/pages/play/GameDetailPage.tsx	/play/game/:gameId	CARRIED, NOT RE-READ THIS RUN. The two web-app Figma files did not change on 2026-09-10 (brief), so the prior verdict stands; this lane spent its Figma budget on the frames whose named residual sat in a file it owns. Prior reason: Sample game cut at this width. GameDetailPage is BUILT + ROUTED at /play/game/:gameId; this width's geometry was not measured this pass - the page is another slice's surface and nothing in it shares the hub components this lane changed. Every RTP and house-edge figure on it traces to a settlement engine with an exact-RTP test.	1440=n-a 768=n-a 375=partial @2026-09-14/wave41-play-hub
11100-69785	partial	modules/skai-gaming/src/pages/play/GameDetailPage.tsx	/play/game/:gameId	CARRIED, NOT RE-READ THIS RUN. The two web-app Figma files did not change on 2026-09-10 (brief), so the prior verdict stands; this lane spent its Figma budget on the frames whose named residual sat in a file it owns. Prior reason: THE ONLY FULL-LENGTH 375 BOARD, AND THE ONE THAT MAKES EVERY RAMP THREE-RUNG. Outer stack Frame 1000003853 11100:70523 VERTICAL gap 24 in a 348 column at x=14. More-games Main container 11100:70286 gap 8 over row 11100:70297 gap 8 with 130x206 tiles: art 130x184 r12 on an 8 column gap, live-count 11100:70306 Mulish Regular 12/14, unanimous across all seven tiles. Bets Main container 11100:71688 ga	1440=n-a 768=n-a 375=partial @2026-09-14/wave41-play-hub
11100-69287	partial	modules/skai-gaming/src/pages/play/GameDetailPage.tsx	/play/game/:gameId	CARRIED, NOT RE-READ THIS RUN. The two web-app Figma files did not change on 2026-09-10 (brief), so the prior verdict stands; this lane spent its Figma budget on the frames whose named residual sat in a file it owns. Prior reason: Sample game cut at this width. GameDetailPage is BUILT + ROUTED at /play/game/:gameId; this width's geometry was not measured this pass - the page is another slice's surface and nothing in it shares the hub components this lane changed. Every RTP and house-edge figure on it traces to a settlement engine with an exact-RTP test.	1440=n-a 768=n-a 375=partial @2026-09-14/wave41-play-hub
8524-125386	partial	modules/skai-gaming/src/components/play/game-detail/GameDetailHeader.tsx	/play/game/:gameId	THE BAR ABOVE THE GAME SURFACE IS REBUILT (skai-gaming 9634042d), off `Frame 337` 11097:109337 read LIVE this run with get_design_context and `Frame 418`/`Frame 419` 11100:72538/11100:72546 read live with get_metadata. It had been built from the 1440 board's shape alone, so FIVE of its parts were the wrong model rather than the wrong size. BACK is a bare 18px glyph (11097:109340), not a 36 circle holding a 20 chevron. THE MARK is a 32x32 thumb at radius 6 on a 1px #123F3C stroke carrying the game's own cover on object-cover (11097:109341), not a 24px tinted lucide glyph - and it now takes the same per-game artPosition anchor the hub tiles and the page's square cut use, so one game cannot be framed two ways on this page. TITLE is Manrope LIGHT at -4% and it STEPS: 20/24 at 375 (11100:72543 h=24) against 24/28 at 768 (Md/Super-headline 4 300, 11097:109342) - it had been text-2xl font-bold leading-tight, one size at every board, bold, on a 30px line. CLUSTER gap is 12 at 768 (11097:109344) and 8 at 375; the info '?' is a BARE 16 glyph at its head and fullscreen a BARE 24 glyph at its tail, and only the three middle actions are 36px circles - a 1px #123F3C ring with NO FILL, p-[10px] around a 16 glyph (11097:109349-51). PRACTICE MODE is a CHIP the bar did not draw at all: #122524 at radius 8, pl 8 / pr 12 / py 4 on an 8 gap, toggle 40.6x24 over #001615, label Manrope Regular #95A09F at opacity 0.74, 12/14 at 375 against 14/18 at 768. The surface seam is the boards' own 20 then 24. THE PHONE SPLITS THE BAR IN TWO on a 12px seam, which one wrapping row gives without a second copy of any control; the single consequence is stated rather than hidden - at 375 the info glyph leads the wrapped row where the frame parks it at the title row's right edge. NOT MEASURED, so not invented: the 1440 header row's own type (the lg rung holds the tablet's 24/28 rather than a third rung), and the jackpot pill, which no board drawn this run carries. STILL PARTIAL: everything on this board below the bar - the widget mainframe, the community-wins section, the info card, the bets table, About/FAQ and the chrome - is PlayGameDetailSections.tsx and the shared shell, neither of which is this lane's file, and none of it was re-read this pass.	1440=n-a 768=partial 375=n-a @2026-09-14/wave41-play-hub
11086-65313	partial	modules/skai-gaming/src/pages/play/GameDetailPage.tsx	/play/game/:gameId	CARRIED, NOT RE-READ THIS RUN. The two web-app Figma files did not change on 2026-09-10 (brief), so the prior verdict stands; this lane spent its Figma budget on the frames whose named residual sat in a file it owns. Prior reason: Sample game cut at this width. GameDetailPage is BUILT + ROUTED at /play/game/:gameId; this width's geometry was not measured this pass - the page is another slice's surface and nothing in it shares the hub components this lane changed. Every RTP and house-edge figure on it traces to a settlement engine with an exact-RTP test.	1440=n-a 768=partial 375=n-a @2026-09-14/wave41-play-hub
11092-71996	partial	modules/skai-gaming/src/pages/play/GameDetailPage.tsx	/play/game/:gameId	CARRIED, NOT RE-READ THIS RUN. The two web-app Figma files did not change on 2026-09-10 (brief), so the prior verdict stands; this lane spent its Figma budget on the frames whose named residual sat in a file it owns. Prior reason: Sample game cut at this width. GameDetailPage is BUILT + ROUTED at /play/game/:gameId; this width's geometry was not measured this pass - the page is another slice's surface and nothing in it shares the hub components this lane changed. Every RTP and house-edge figure on it traces to a settlement engine with an exact-RTP test.	1440=n-a 768=partial 375=n-a @2026-09-14/wave41-play-hub
11087-66851	partial	modules/skai-gaming/src/pages/play/GameDetailPage.tsx	/play/game/:gameId	CARRIED, NOT RE-READ THIS RUN. The two web-app Figma files did not change on 2026-09-10 (brief), so the prior verdict stands; this lane spent its Figma budget on the frames whose named residual sat in a file it owns. Prior reason: THE ONLY FULL-LENGTH 768 BOARD, AND IT SETTLES EIGHT OF THE SIXTEEN VALUES ON ITS OWN. Outer stack Frame 1000003847 11088:68493 VERTICAL gap 32 in a 708 column at x=30 - md:px-[30px], delta zero. More-games Main container 11088:68017 gap 8 over row 11088:68028 gap 8 with 160x253 tiles: art 160x227 r12 on an 8 column gap, live-count 11088:68037 Mulish Regular 14/16. Bets Main container 11088:68128	1440=n-a 768=partial 375=n-a @2026-09-14/wave41-play-hub
11100-72534	partial	modules/skai-gaming/src/components/play/game-detail/CloseGameDialog.tsx	/play/game/:gameId	READ LIVE THIS RUN (get_metadata + get_design_context on the modal 11100:72488) and REBUILT; the holding row said only 'the dialog needs an in-progress round to provoke, so it was not measured'. Modal 354x288 at (11,262) - a ~10px gutter in 375, not the scrim's stock 16 - fill #122524, 1px #123F3C, radius 16, padding 12, block gap 24, shadow 0/10/80 #000@0.25. controls 11100:72490 330x16 justify-end with a 16 close glyph; Frame 200 11100:72494 330x62 = title 330x22 (Manrope Regular 18/22/-4% white, centred) over an 8 seam and body 330x32 (14/16, #E0E0E0, two lines); Frame 203 11100:72499 330x96 is a COLUMN here - two full-width 330x44 buttons on an 8 gap, px16 py14, radius 12, label 14/16 - where both wider boards lay the pair side by side; Frame 484 11100:72502 330x18 centres an 18px r6 black checkbox on a #123F3C stroke (4px inset, #56C7F3 inner at r2) 8 from a 12/14 white label. The code had one 448 panel at radius 24 with no shadow, a 20px bold title, rounded-full px6/py3 bold actions and an alien-green primary. PARTIAL for one child: each frame parents a 484px 'shine' ellipse to the panel (11100:72489) and this repo has no committed copy, so the panel draws its flat ground.	1440=n-a 768=n-a 375=partial @2026-09-14/wave41-play-hub
11097-108992	partial	modules/skai-gaming/src/components/play/game-detail/CloseGameDialog.tsx	/play/game/:gameId	READ LIVE THIS RUN (get_metadata + get_design_context on 11097:108900) and REBUILT; same holding row as its 375 twin. Modal 448x246 at (160,389), centred in 768; same fill/stroke/radius-16/padding-12/gap-24/shadow as the phone cut. Frame 200 11097:108906 424x66 = title 18/22 over an 8 seam and body 424x36 at 14/18 in #E0E0E0; Frame 203 11097:108911 424x50 is a ROW - two 208x50 CTAs at x=0 and x=216, so an 8 gap and 208+8+208=424 exactly - px24 py16, radius 12, label Manrope Regular 14/18; Frame 484 424x18 centres the 18px checkbox 8 from a 12/16 label (145+18+8+108 = 279, and (424-134)/2 = 145). Ink is the same at every board: secondary #001615 under a 1px #56C7F3 stroke with white text, primary #56C7F3 with #001615 text. Shipped as a md: rung on the shared component. PARTIAL for the same undrawn 484px shine (11097:108901).	1440=n-a 768=partial 375=n-a @2026-09-14/wave41-play-hub
4758-62997	partial	modules/skai-gaming/src/components/play/game-detail/CloseGameDialog.tsx	/play/game/:gameId	NOT RE-READ THIS RUN - the lg rung is built from the 2026-09-01 node read carried in the registry, and its numbers are restated rather than re-verified: modal 4758:64004 564x296 at r32, padding 24, gap 24, fill #122524 on a 1px #123F3C stroke with DROP_SHADOW 80/(0,10)/#000@0.25; title 4758:64012 Manrope REGULAR 24/28/-4%; Frame 203 4758:64016 516x62 holding two 254x62 CTAs at r16 pad [20,40,20,40] in Manrope Regular 16/22, left #001615 under a #56C7F3 stroke, right #56C7F3 on #001615; footer 9140:94578 an 18x18 r6 checkbox beside Manrope Regular 14/18, gap 8. All of it now ships (skai-gaming 772a66d6) as the lg rung of the ladder the 375 and 768 cuts were read live for. The green primary the old docblock defended is gone: Casey's 'match figma always' ruling superseded the green-theme directive, and the #56C7F3 literal is the house form here because the sky-blue token is remapped to green under the gaming theme vars. Same undrawn shine.	1440=partial 768=n-a 375=n-a @2026-09-14/wave41-play-hub
4792-10647	partial	modules/skai-gaming/src/components/play/game-detail/GameInfoPanel.tsx	/play/game/:gameId	THE PANEL'S OWN CHROME IS CLOSED THIS RUN; the holding row had measured it and recorded it as outside the lane that found it, so nothing acted on it for two waves. Right menu 4792:31003 is 442x884 at (990,8) radius 24 padding 24, and its 768 twin 11097:108932 is 442x1008 at (318,8) radius 12 padding 20 - 442 wide and 8 clear of the board edge on both (990+442+8 = 1440, 318+442+8 = 768) - itemSpacing 32, fill #122524 at 0.8. GameInfoPanel had been shipping one rounded-2xl (24) and one flat 24 of padding for both boards on an OPAQUE #001615 ground, a value neither board draws. Now rounded-[12px] p-5 with lg:rounded-[24px] lg:p-6 on bg-green-coal-200/80, blocks on the drawer's own 32, and the body spans the drawer instead of carrying a second inset. The page's 442 cap and md:p-2 scrim were already correct. STILL PARTIAL: the type inside the panel is unmeasured at any board, and whether the 0.8 ground sits over a backdrop blur or a shadow was not read - neither is shipped on a guess.	1440=partial 768=n-a 375=n-a @2026-09-14/wave41-play-hub
11100-73032	partial	modules/skai-gaming/src/components/play/game-detail/GameInfoPanel.tsx	/play/game/:gameId	THE MOBILE CUT DRAWS NO DRAWER, established by walking the frame rather than assumed: no panel of the Right menu shape exists anywhere in its tree. The info content runs full bleed instead - bento 347 at x=15, Frame 271 347x728 at gap 8, Frame 446 347x410 radius 12 at padding 45/0 on a radial gradient, card group 347x670 at gap 8, and the drawer body's own inner frame 11100:72432 at x=20 across a 335 column, which is the whole 375 once its 20 of padding is counted back. That is why the 442 cap and the scrim inset belong at md and the panel is fluid below it, which is what the page ships. The panel's base radius stays 12 - the tablet value - because no frame contradicts it here. PARTIAL: the full-bleed mobile composition itself is the page's, and its bento geometry was not compared to source this run.	1440=n-a 768=n-a 375=partial @2026-09-14/wave41-play-hub
11097-109504	partial	modules/skai-gaming/src/components/play/game-detail/GameInfoPanel.tsx	/play/game/:gameId	The tablet half of the pair above, and the member that makes the desktop values wrong to ship flat: 11097:108932 is 442x1008 at (318,8), radius 12 and padding 20, ONE STEP DOWN from the 1440 cut's 24 and 24, itemSpacing 32, fill #122524 at 0.8. Body Frame 344 11097:108933 402x736 at gap 24 (402 = 442 - 2x20) with Frame 342 402x690 at gap 20 inside it. The radius and the padding now hinge at lg so this board gets its own rung. Behind the drawer the page draws bento 708 at x=30 and Frame 268 708x620 at radius 0/0/12/12, padding 16, gap 32 on #122524 - GameDetailPage's, not this component's. Type inside the panel still unmeasured.	1440=n-a 768=partial 375=n-a @2026-09-14/wave41-play-hub
4758-60305	partial	modules/skai-gaming/src/components/play/game-detail/GameStatsPanel.tsx	/play/game/:gameId	CATALOG TITLE CORRECTION STANDS, and it is not cosmetic: rows across three generations carry this node as 'Sample game (1440 x 900px)' while the live name is 'Sample game > My Stats (1440 x 900px)' - the plain Sample game cut at that size is 4723:52636 with 8524:80494 as a second copy. This board carries the bets segmented control 4758:60810 (390x38, buttons 124.67x30, Manrope Regular 16/22 at -4%) and NO community wins table at all, so a lane that took it for the Sample game screen would record the header as absent at 1440 and write the ramp the wrong way round. 1440x3294; the rest of the screen was not measured by this lane. The panel behind the tab is wired and its grid rungs corrected this run - see 11092-73531.	1440=partial 768=n-a 375=n-a @2026-09-14/wave41-play-hub
11100-70524	partial	modules/skai-gaming/src/components/play/game-detail/GameStatsPanel.tsx	—	Same correction as 11092-73531, whose evidence this row was already carrying ('MISLABELLED, same evidence'). The panel is hosted and fed from the POINTS rounds, the docblock that named an empty rail as the source of truth is rewritten, and the grid's sm: rung (640, a width no board draws) is now the tablet cut. Tile geometry and type at this width still unmeasured.	1440=n-a 768=n-a 375=partial @2026-09-14/wave41-play-hub
11092-73531	partial	modules/skai-gaming/src/components/play/game-detail/GameStatsPanel.tsx	—	WAS not-started ON A REASON THAT IS NO LONGER TRUE, AND THE REASON LIVED IN THE COMPONENT'S OWN DOCBLOCK. The recorded block was 'there is no rollup relation over points_game_rounds keyed by (user_id, game_id)', traced by the 09-01 probe to GameStatsPanel's header line 'the on-chain bet rail is the source of truth for those figures, not Supabase'. That rail is EMPTY - the indexer answers /api/v1/casino/bets with total 0 - while points_game_rounds held 6,727 rounds. The panel is now hosted and fed: GameInfoTabPanel reads gaming_my_recent_rounds (bound to auth.uid()), folds it in rollUpRounds and passes rounds/wagered/net/best-multiplier, drawing the sign-in notice when signed out, the loading line on a failed read and the panel's own empty state when there are no rounds - nothing synthesised. The stale docblock is rewritten so the next reader does not re-derive the blocker from it. Also fixed here: the tile grid stepped at sm: (640), a width none of the three boards draws, so it doubled up between the phone and tablet frames and matched neither; the rungs are the boards' now. STILL PARTIAL: the frame's own tile geometry, type and the Blackjack-specific tiles were NOT measured at this width - the component keeps the layout and exposes the game-agnostic set.	1440=n-a 768=partial 375=n-a @2026-09-14/wave41-play-hub
4758-59299	partial	modules/skai-gaming/src/components/play/game-detail/GameDetailHeader.tsx	/play/game/:gameId	THE BAR ABOVE THE GAME SURFACE IS REBUILT (skai-gaming 9634042d), off `Frame 337` 11097:109337 read LIVE this run with get_design_context and `Frame 418`/`Frame 419` 11100:72538/11100:72546 read live with get_metadata. It had been built from the 1440 board's shape alone, so FIVE of its parts were the wrong model rather than the wrong size. BACK is a bare 18px glyph (11097:109340), not a 36 circle holding a 20 chevron. THE MARK is a 32x32 thumb at radius 6 on a 1px #123F3C stroke carrying the game's own cover on object-cover (11097:109341), not a 24px tinted lucide glyph - and it now takes the same per-game artPosition anchor the hub tiles and the page's square cut use, so one game cannot be framed two ways on this page. TITLE is Manrope LIGHT at -4% and it STEPS: 20/24 at 375 (11100:72543 h=24) against 24/28 at 768 (Md/Super-headline 4 300, 11097:109342) - it had been text-2xl font-bold leading-tight, one size at every board, bold, on a 30px line. CLUSTER gap is 12 at 768 (11097:109344) and 8 at 375; the info '?' is a BARE 16 glyph at its head and fullscreen a BARE 24 glyph at its tail, and only the three middle actions are 36px circles - a 1px #123F3C ring with NO FILL, p-[10px] around a 16 glyph (11097:109349-51). PRACTICE MODE is a CHIP the bar did not draw at all: #122524 at radius 8, pl 8 / pr 12 / py 4 on an 8 gap, toggle 40.6x24 over #001615, label Manrope Regular #95A09F at opacity 0.74, 12/14 at 375 against 14/18 at 768. The surface seam is the boards' own 20 then 24. THE PHONE SPLITS THE BAR IN TWO on a 12px seam, which one wrapping row gives without a second copy of any control; the single consequence is stated rather than hidden - at 375 the info glyph leads the wrapped row where the frame parks it at the title row's right edge. NOT MEASURED, so not invented: the 1440 header row's own type (the lg rung holds the tablet's 24/28 rather than a third rung), and the jackpot pill, which no board drawn this run carries. STILL PARTIAL: everything on this board below the bar - the widget mainframe, the community-wins section, the info card, the bets table, About/FAQ and the chrome - is PlayGameDetailSections.tsx and the shared shell, neither of which is this lane's file, and none of it was re-read this pass.	1440=partial 768=n-a 375=n-a @2026-09-14/wave41-play-hub
8526-131011	partial	modules/skai-gaming/src/components/play/game-detail/GameDetailHeader.tsx	/play/game/:gameId	THE BAR ABOVE THE GAME SURFACE IS REBUILT (skai-gaming 9634042d), off `Frame 337` 11097:109337 read LIVE this run with get_design_context and `Frame 418`/`Frame 419` 11100:72538/11100:72546 read live with get_metadata. It had been built from the 1440 board's shape alone, so FIVE of its parts were the wrong model rather than the wrong size. BACK is a bare 18px glyph (11097:109340), not a 36 circle holding a 20 chevron. THE MARK is a 32x32 thumb at radius 6 on a 1px #123F3C stroke carrying the game's own cover on object-cover (11097:109341), not a 24px tinted lucide glyph - and it now takes the same per-game artPosition anchor the hub tiles and the page's square cut use, so one game cannot be framed two ways on this page. TITLE is Manrope LIGHT at -4% and it STEPS: 20/24 at 375 (11100:72543 h=24) against 24/28 at 768 (Md/Super-headline 4 300, 11097:109342) - it had been text-2xl font-bold leading-tight, one size at every board, bold, on a 30px line. CLUSTER gap is 12 at 768 (11097:109344) and 8 at 375; the info '?' is a BARE 16 glyph at its head and fullscreen a BARE 24 glyph at its tail, and only the three middle actions are 36px circles - a 1px #123F3C ring with NO FILL, p-[10px] around a 16 glyph (11097:109349-51). PRACTICE MODE is a CHIP the bar did not draw at all: #122524 at radius 8, pl 8 / pr 12 / py 4 on an 8 gap, toggle 40.6x24 over #001615, label Manrope Regular #95A09F at opacity 0.74, 12/14 at 375 against 14/18 at 768. The surface seam is the boards' own 20 then 24. THE PHONE SPLITS THE BAR IN TWO on a 12px seam, which one wrapping row gives without a second copy of any control; the single consequence is stated rather than hidden - at 375 the info glyph leads the wrapped row where the frame parks it at the title row's right edge. NOT MEASURED, so not invented: the 1440 header row's own type (the lg rung holds the tablet's 24/28 rather than a third rung), and the jackpot pill, which no board drawn this run carries. STILL PARTIAL: everything on this board below the bar - the widget mainframe, the community-wins section, the info card, the bets table, About/FAQ and the chrome - is PlayGameDetailSections.tsx and the shared shell, neither of which is this lane's file, and none of it was re-read this pass.	1440=n-a 768=n-a 375=partial @2026-09-14/wave41-play-hub
8526-132331	partial	modules/skai-gaming/src/components/play/game-detail/GameDetailHeader.tsx	/play/game/:gameId	THE BAR ABOVE THE GAME SURFACE IS REBUILT (skai-gaming 9634042d), off `Frame 337` 11097:109337 read LIVE this run with get_design_context and `Frame 418`/`Frame 419` 11100:72538/11100:72546 read live with get_metadata. It had been built from the 1440 board's shape alone, so FIVE of its parts were the wrong model rather than the wrong size. BACK is a bare 18px glyph (11097:109340), not a 36 circle holding a 20 chevron. THE MARK is a 32x32 thumb at radius 6 on a 1px #123F3C stroke carrying the game's own cover on object-cover (11097:109341), not a 24px tinted lucide glyph - and it now takes the same per-game artPosition anchor the hub tiles and the page's square cut use, so one game cannot be framed two ways on this page. TITLE is Manrope LIGHT at -4% and it STEPS: 20/24 at 375 (11100:72543 h=24) against 24/28 at 768 (Md/Super-headline 4 300, 11097:109342) - it had been text-2xl font-bold leading-tight, one size at every board, bold, on a 30px line. CLUSTER gap is 12 at 768 (11097:109344) and 8 at 375; the info '?' is a BARE 16 glyph at its head and fullscreen a BARE 24 glyph at its tail, and only the three middle actions are 36px circles - a 1px #123F3C ring with NO FILL, p-[10px] around a 16 glyph (11097:109349-51). PRACTICE MODE is a CHIP the bar did not draw at all: #122524 at radius 8, pl 8 / pr 12 / py 4 on an 8 gap, toggle 40.6x24 over #001615, label Manrope Regular #95A09F at opacity 0.74, 12/14 at 375 against 14/18 at 768. The surface seam is the boards' own 20 then 24. THE PHONE SPLITS THE BAR IN TWO on a 12px seam, which one wrapping row gives without a second copy of any control; the single consequence is stated rather than hidden - at 375 the info glyph leads the wrapped row where the frame parks it at the title row's right edge. NOT MEASURED, so not invented: the 1440 header row's own type (the lg rung holds the tablet's 24/28 rather than a third rung), and the jackpot pill, which no board drawn this run carries. STILL PARTIAL: everything on this board below the bar - the widget mainframe, the community-wins section, the info card, the bets table, About/FAQ and the chrome - is PlayGameDetailSections.tsx and the shared shell, neither of which is this lane's file, and none of it was re-read this pass.	1440=n-a 768=n-a 375=partial @2026-09-14/wave41-play-hub
11100-67984	partial	modules/skai-gaming/src/pages/play/GameDetailPage.tsx	/play/game/:gameId	CARRIED, NOT RE-READ THIS RUN. The two web-app Figma files did not change on 2026-09-10 (brief), so the prior verdict stands; this lane spent its Figma budget on the frames whose named residual sat in a file it owns. Prior reason: Sample game cut at this width. GameDetailPage is BUILT + ROUTED at /play/game/:gameId; this width's geometry was not measured this pass - the page is another slice's surface and nothing in it shares the hub components this lane changed. Every RTP and house-edge figure on it traces to a settlement engine with an exact-RTP test.	1440=n-a 768=n-a 375=partial @2026-09-14/wave41-play-hub
11100-68399	partial	modules/skai-gaming/src/pages/play/GameDetailPage.tsx	/play/game/:gameId	CARRIED, NOT RE-READ THIS RUN. The two web-app Figma files did not change on 2026-09-10 (brief), so the prior verdict stands; this lane spent its Figma budget on the frames whose named residual sat in a file it owns. Prior reason: Sample game cut at this width. GameDetailPage is BUILT + ROUTED at /play/game/:gameId; this width's geometry was not measured this pass - the page is another slice's surface and nothing in it shares the hub components this lane changed. Every RTP and house-edge figure on it traces to a settlement engine with an exact-RTP test.	1440=n-a 768=n-a 375=partial @2026-09-14/wave41-play-hub
11100-67183	partial	modules/skai-gaming/src/components/play/ui/PlayCollectionView.tsx	/play/casino	The 375 Trending board, built from its own full node read in wave 39 and restated here rather than re-read: Frame 629 11100:67186 343x72 - Frame 450 343x32 (311 title column, 24 back control, 'Trending games' at x=34 in 20/24, a bare 16x16 glyph at x=319) over Frame 1000003849 at y=40, 342x32, two 167x32 CTA/buttons at x=0 and x=175 (r8, #001615, 1px #123F3C, pad 8/16, Manrope 14/18 white, 16px caret on an 8 gap). Grid at y=88: two 167x236 tiles on an 8 gap, pitch 266-268, meta 14 tall at y=244 in 12/14. Rule at 1172, About at 1196. ITS TWIN 11100-66646 WAS READ LIVE THIS RUN and returns the same numbers on every one of those nodes, which is the independent corroboration this construction had been missing. Same named gaps: menu rows undrawn on every board, hover CTA unmeasured, tile radius on this board not read.	1440=n-a 768=n-a 375=partial @2026-09-14/wave41-play-hub
11084-64943	partial	modules/skai-gaming/src/components/play/ui/PlayCollectionView.tsx	/play/casino	THIS BOARD IS A SCREEN, NOT THE HUB. Carried from the wave-39 node read, restated: Frame 629 11084:64985 708x32 with a 302-wide title column (24x24 back, 'Trending games' at x=34 in 24/28), CTA/button instances at x=310 (114x32) and x=432 (128x32) on an 8 gap, then Frame 405 at x=568, 140x32 - 432+128+8 = 568 exactly. Grid 11084:64998 at y=48 (a 16 seam): four 171x242 tiles at x=0/179/358/537 on an 8 gap, pitch 274, meta 16 tall at y=250 in 14/16. THE ROW'S ONE MEASURED GAP - 'the search field ships md:w-[200px] where THIS frame draws 140 beside the pair' - IS CLOSED and the note was stale: :527-528 reads `w-[140px]` plus `catalogue ? md:w-[140px] : md:w-[200px]`, which is the frame's 140 on this board and Favourites' 200 on that one. Still open, unchanged: the menus' open rows are undrawn on any board, the hover CTA is the Favourites `Play` and unmeasured here, and the tile radius on this board was not read.	1440=n-a 768=partial 375=n-a @2026-09-14/wave41-play-hub
10949-219911	partial	modules/skai-gaming/src/components/play/ui/PlayCollectionView.tsx	/play/favourites	CARRIED, NOT RE-READ THIS RUN. The two web-app Figma files did not change on 2026-09-10 (brief), so the prior verdict stands; this lane spent its Figma budget on the frames whose named residual sat in a file it owns. Prior reason: THE TITLE IS CLOSED; THE LOWER HALF OF THIS FULL-LENGTH BOARD IS NOT. Wave 37's one open item - `Super-headline 4 24/28 here and the shared PlayGameTitleRow ships 32/36 flat` - is closed by the `md:text-[24px] md:leading-7` rung at PlayGamePageShell.tsx:245, on the 708x32 collection row (`h-8`, 24 back, title at x=34). The grid was closed by the same wave (four 171 tiles at x=0/179/358/537 on 8, m	1440=n-a 768=partial 375=n-a @2026-09-14/wave41-play-hub
10953-220899	partial	modules/skai-gaming/src/components/play/ui/PlayCollectionView.tsx	/play	CARRIED, NOT RE-READ THIS RUN. The two web-app Figma files did not change on 2026-09-10 (brief), so the prior verdict stands; this lane spent its Figma budget on the frames whose named residual sat in a file it owns. Prior reason: THE OPEN STATE, which is what this board is for, and it now has both sides. Frame 629 10953:220902 343x32 and NO right padding, title block giving up 116 to 195, Frame 405 140x32 starting at x=203 (195+8+140=343); the box 10953:220910 is r8 pad [8,24,8,16] gap 10 fill #001615 on 1px #123F3C, glyph 16x16 #FFFFFF at x=16, placeholder at x=42 in Manrope Regular 12/14px/-4% #95A09F at opacity 0.74 - n	1440=n-a 768=n-a 375=partial @2026-09-14/wave41-play-hub
11211-85296	partial	modules/skai-gaming/src/components/play/ui/ContinuePlaying.tsx	/play	CARRIED, NOT RE-READ THIS RUN. The two web-app Figma files did not change on 2026-09-10 (brief), so the prior verdict stands; this lane spent its Figma budget on the frames whose named residual sat in a file it owns. Prior reason: Same component, same board width, same fix. Three tiles at 171x242 r16 against the shipped 12; closed by skai-gaming 2e27596. The header numbers are 10949:219914's - Resume play and Favourites are one frame with a different title, which is why they are one component. STILL PARTIAL for the Play.tsx container delta.	1440=n-a 768=partial 375=n-a @2026-09-14/wave41-play-hub
4676-39553	partial	modules/skai-gaming/src/components/play/ui/ContinuePlaying.tsx	/play	CARRIED, NOT RE-READ THIS RUN. The two web-app Figma files did not change on 2026-09-10 (brief), so the prior verdict stands; this lane spent its Figma budget on the frames whose named residual sat in a file it owns. Prior reason: WAS unknown. GRID MEASURED AT THIS WIDTH AND MATCHES. Frame 4711:29160 is a 1318 column with tiles 206 wide at x=0/222/444, so the pitch is 222 and the gutter 16 - six columns of 206.33 close the 1318, which is the count the code declares at xl. Tile art 206x292 with the meta row 18 tall at y=304, an 8 seam under a 12 gap. This is the board that establishes the gutter DOUBLES at desktop, which is	1440=partial 768=n-a 375=n-a @2026-09-14/wave41-play-hub
11177-69719	partial	modules/skai-gaming/src/components/play/ui/ContinuePlaying.tsx	/play	CARRIED, NOT RE-READ THIS RUN. The two web-app Figma files did not change on 2026-09-10 (brief), so the prior verdict stands; this lane spent its Figma budget on the frames whose named residual sat in a file it owns. Prior reason: Three tiles at 167x236 r16 against the shipped 12, closed by skai-gaming 2e27596. Header as 10949:220217 - title block 311, collapsed glyph 16x16 at x=319, row padded 8 on the right only while collapsed. Title type is Manrope Light 20/24px/-4% #FFFFFF here (11211:85611) against 24/28 at 768, which is PlayGameTitleRow's `collection` ramp and lives in components/play/shared/, outside this lane's fil	1440=n-a 768=n-a 375=partial @2026-09-14/wave41-play-hub
10940-216537	partial	modules/skai-gaming/src/components/play/ui/ContinuePlaying.tsx	/play	CARRIED, NOT RE-READ THIS RUN. The two web-app Figma files did not change on 2026-09-10 (brief), so the prior verdict stands; this lane spent its Figma budget on the frames whose named residual sat in a file it owns. Prior reason: The 1VH twin of 11211:85296 and byte-identical on every number this lane read: three tiles 171x242 r16, header Frame 629 708x32 with a 200x32 box at x=508. Same fix, skai-gaming 2e27596.	1440=n-a 768=partial 375=n-a @2026-09-14/wave41-play-hub
4601-63484	partial	modules/skai-gaming/src/components/play/ui/PlaySidebar.tsx	/play	CARRIED, NOT RE-READ THIS RUN. The two web-app Figma files did not change on 2026-09-10 (brief), so the prior verdict stands; this lane spent its Figma budget on the frames whose named residual sat in a file it owns. Prior reason: MEASURED 2026-09-01, and the measurement changes what this frame is. 1440x900 fill #001615. THERE IS NO OPEN DRAWER IN IT: its sidebar 4601:64284 is the 58x844 docked rail at (0,56), HORIZONTAL, pad [12,11,12,11], stroke #123F3C, holding one 36x820 column 4601:64285 under SPACE_BETWEEN. Chrome is Header-desktop 4601:64248 1440x56 pad [8,19,8,19] SPACE_BETWEEN on a #123F3C hairline, with menu 502x3	1440=partial 768=n-a 375=n-a @2026-09-14/wave41-play-hub
11211-84175	partial	modules/skai-gaming/src/components/play/ui/PlaySidebar.tsx	/play	CARRIED, NOT RE-READ THIS RUN. The two web-app Figma files did not change on 2026-09-10 (brief), so the prior verdict stands; this lane spent its Figma budget on the frames whose named residual sat in a file it owns. Prior reason: The drawer half stays closed and this lane added to it: the 296 phone board's own text nodes are 16 tall throughout, which is the frame-side evidence for `leading-4` below the tablet cut that the earlier read asserted from the 318 board alone. STILL PARTIAL for what is not in this lane's files - the 375x48 header, the 375x54 bottom navigation with its five 73.4x46 radius-8 items, and the 343x3405	1440=n-a 768=n-a 375=partial @2026-09-14/wave41-play-hub
11211-83723	partial	modules/skai-gaming/src/components/play/ui/PlaySidebar.tsx	/play	CARRIED, NOT RE-READ THIS RUN. The two web-app Figma files did not change on 2026-09-10 (brief), so the prior verdict stands; this lane spent its Figma budget on the frames whose named residual sat in a file it owns. Prior reason: Same as its 375 sibling: the drawer is closed and the 318 board's 18-tall text nodes are the other half of the `md:` hinge evidence. STILL PARTIAL for the 768x52 header, the 768x52 bottom navigation and the 708x1896 content column at (30,76) gap 24, none of which are this lane's files.	1440=n-a 768=partial 375=n-a @2026-09-14/wave41-play-hub
11220-164090	partial	modules/skai-gaming/src/components/play/sportsbook/BetSlipSettings.tsx	—	OUT OF WAVE 41 BY THE BRIEF ('Sportsbook frames are out of this wave'), so this row is CARRIED at its prior verdict and NOT RE-READ; it is not demoted either, because writing a fresh not-started for a frame nobody opened would erase a measured verdict. The surface also sits behind the backend gate - there is no sportsbook table or function - and the two files this frame's own row names outside this lane are modules/skai-gaming/src/components/play/sportsbook/BetSlipSettings.tsx. Carried reason: Bet slip / quick bet component cut at this width. Prop-driven with no mount site - no host owns the docked right rail. Money figures on these frames are template text: POINTS and sUSD only, and SKAI is not a betting currency.	1440=n-a 768=n-a 375=partial @2026-09-14/wave41-play-hub
11216-139328	partial	modules/skai-gaming/src/components/play/sportsbook/BetSlipSettings.tsx	—	OUT OF WAVE 41 BY THE BRIEF ('Sportsbook frames are out of this wave'), so this row is CARRIED at its prior verdict and NOT RE-READ; it is not demoted either, because writing a fresh not-started for a frame nobody opened would erase a measured verdict. The surface also sits behind the backend gate - there is no sportsbook table or function - and the two files this frame's own row names outside this lane are modules/skai-gaming/src/components/play/sportsbook/BetSlipSettings.tsx. Carried reason: Bet slip / quick bet component cut at this width. Prop-driven with no mount site - no host owns the docked right rail. Money figures on these frames are template text: POINTS and sUSD only, and SKAI is not a betting currency.	1440=n-a 768=partial 375=n-a @2026-09-14/wave41-play-hub
11220-161923	partial	modules/skai-gaming/src/components/play/sportsbook/BetSlipSettings.tsx	—	OUT OF WAVE 41 BY THE BRIEF ('Sportsbook frames are out of this wave'), so this row is CARRIED at its prior verdict and NOT RE-READ; it is not demoted either, because writing a fresh not-started for a frame nobody opened would erase a measured verdict. The surface also sits behind the backend gate - there is no sportsbook table or function - and the two files this frame's own row names outside this lane are modules/skai-gaming/src/components/play/sportsbook/BetSlipSettings.tsx. Carried reason: Bet slip / quick bet component cut at this width. Prop-driven with no mount site - no host owns the docked right rail. Money figures on these frames are template text: POINTS and sUSD only, and SKAI is not a betting currency.	1440=n-a 768=n-a 375=partial @2026-09-14/wave41-play-hub
11216-143952	partial	modules/skai-gaming/src/components/play/sportsbook/BetSlipSettings.tsx	—	OUT OF WAVE 41 BY THE BRIEF ('Sportsbook frames are out of this wave'), so this row is CARRIED at its prior verdict and NOT RE-READ; it is not demoted either, because writing a fresh not-started for a frame nobody opened would erase a measured verdict. The surface also sits behind the backend gate - there is no sportsbook table or function - and the two files this frame's own row names outside this lane are modules/skai-gaming/src/components/play/sportsbook/BetSlipSettings.tsx. Carried reason: Bet slip / quick bet component cut at this width. Prop-driven with no mount site - no host owns the docked right rail. Money figures on these frames are template text: POINTS and sUSD only, and SKAI is not a betting currency.	1440=n-a 768=partial 375=n-a @2026-09-14/wave41-play-hub
11220-159672	partial	modules/skai-gaming/src/components/play/sportsbook/BetSlipSettings.tsx	—	OUT OF WAVE 41 BY THE BRIEF ('Sportsbook frames are out of this wave'), so this row is CARRIED at its prior verdict and NOT RE-READ; it is not demoted either, because writing a fresh not-started for a frame nobody opened would erase a measured verdict. The surface also sits behind the backend gate - there is no sportsbook table or function - and the two files this frame's own row names outside this lane are modules/skai-gaming/src/components/play/sportsbook/BetSlipSettings.tsx. Carried reason: Bet slip / quick bet component cut at this width. Prop-driven with no mount site - no host owns the docked right rail. Money figures on these frames are template text: POINTS and sUSD only, and SKAI is not a betting currency.	1440=n-a 768=n-a 375=partial @2026-09-14/wave41-play-hub
11216-137015	partial	modules/skai-gaming/src/components/play/sportsbook/BetSlipSettings.tsx	—	OUT OF WAVE 41 BY THE BRIEF ('Sportsbook frames are out of this wave'), so this row is CARRIED at its prior verdict and NOT RE-READ; it is not demoted either, because writing a fresh not-started for a frame nobody opened would erase a measured verdict. The surface also sits behind the backend gate - there is no sportsbook table or function - and the two files this frame's own row names outside this lane are modules/skai-gaming/src/components/play/sportsbook/BetSlipSettings.tsx. Carried reason: Bet slip / quick bet component cut at this width. Prop-driven with no mount site - no host owns the docked right rail. Money figures on these frames are template text: POINTS and sUSD only, and SKAI is not a betting currency.	1440=n-a 768=partial 375=n-a @2026-09-14/wave41-play-hub
4914-99876	partial	modules/skai-gaming/src/components/play/sportsbook/BetSlip.tsx	/play/sportsbook	OUT OF WAVE 41 BY THE BRIEF ('Sportsbook frames are out of this wave'), so this row is CARRIED at its prior verdict and NOT RE-READ; it is not demoted either, because writing a fresh not-started for a frame nobody opened would erase a measured verdict. The surface also sits behind the backend gate - there is no sportsbook table or function - and the two files this frame's own row names outside this lane are modules/skai-gaming/src/components/play/sportsbook/BetSlip.tsx + modules/skai-gaming/src/components/play/sportsbook/BetSlipSettings.tsx. Carried reason: Right side-panel / bet slip host (base and ALT). The slip components exist; the docked right-rail host does not, which is why every Bet slip state below is prop-driven with no mount site. [vverify: partial | BetSlip built (sportsbook right-panel betslip); not routed]	1440=partial 768=n-a 375=n-a @2026-09-14/wave41-play-hub
9191-105864	partial	modules/skai-gaming/src/components/play/sportsbook/BetSlip.tsx	/play/sportsbook	OUT OF WAVE 41 BY THE BRIEF ('Sportsbook frames are out of this wave'), so this row is CARRIED at its prior verdict and NOT RE-READ; it is not demoted either, because writing a fresh not-started for a frame nobody opened would erase a measured verdict. The surface also sits behind the backend gate - there is no sportsbook table or function - and the two files this frame's own row names outside this lane are modules/skai-gaming/src/components/play/sportsbook/BetSlip.tsx + modules/skai-gaming/src/components/play/sportsbook/BetSlipSettings.tsx. Carried reason: Right side-panel / bet slip host (base and ALT). The slip components exist; the docked right-rail host does not, which is why every Bet slip state below is prop-driven with no mount site. [vverify: partial | BetSlip ALT built (sportsbook betslip ALT); not routed]	1440=partial 768=n-a 375=n-a @2026-09-14/wave41-play-hub
4841-72059	partial	modules/skai-gaming/src/components/play/sportsbook/BetSlip.tsx	/sports	OUT OF WAVE 41 BY THE BRIEF ('Sportsbook frames are out of this wave'), so this row is CARRIED at its prior verdict and NOT RE-READ; it is not demoted either, because writing a fresh not-started for a frame nobody opened would erase a measured verdict. The surface also sits behind the backend gate - there is no sportsbook table or function - and the two files this frame's own row names outside this lane are modules/skai-gaming/src/components/play/sportsbook/BetSlip.tsx + src/pages/sports/Sports.tsx. Carried reason: ROUTE + FILE CORRECTION 2026-09-07, and OFF blocked-on-backend. col3 named modules/skai-gaming/src/pages/play/SportsbookPage.tsx and col4 named /play/sportsbook. That file was DELETED (skai-gaming 62b0f23) and the route is now <Navigate to="/sports"> at src/App.tsx:1438-1441, whose comment carries Casey's 2026-09-02 ruling: one sportsbook design, two pages claiming it, /sports survives and the fra	1440=partial 768=n-a 375=n-a @2026-09-14/wave41-play-hub
11132-176323	partial	src/pages/sports/Sports.tsx	/sports	OUT OF WAVE 41 BY THE BRIEF ('Sportsbook frames are out of this wave'), so this row is CARRIED at its prior verdict and NOT RE-READ; it is not demoted either, because writing a fresh not-started for a frame nobody opened would erase a measured verdict. The surface also sits behind the backend gate - there is no sportsbook table or function - and the two files this frame's own row names outside this lane are src/pages/sports/Sports.tsx. Carried reason: ROUTE + FILE CORRECTION 2026-09-07, and OFF blocked-on-backend. col3 named modules/skai-gaming/src/pages/play/SportsbookPage.tsx and col4 named /play/sportsbook. That file was DELETED (skai-gaming 62b0f23) and the route is now <Navigate to="/sports"> at src/App.tsx:1438-1441, whose comment carries Casey's 2026-09-02 ruling: one sportsbook design, two pages claiming it, /sports survives and the fra	1440=n-a 768=n-a 375=partial @2026-09-14/wave41-play-hub
11109-81960	partial	src/pages/sports/Sports.tsx	/sports	OUT OF WAVE 41 BY THE BRIEF ('Sportsbook frames are out of this wave'), so this row is CARRIED at its prior verdict and NOT RE-READ; it is not demoted either, because writing a fresh not-started for a frame nobody opened would erase a measured verdict. The surface also sits behind the backend gate - there is no sportsbook table or function - and the two files this frame's own row names outside this lane are src/pages/sports/Sports.tsx. Carried reason: ROUTE + FILE CORRECTION 2026-09-07, and OFF blocked-on-backend. col3 named modules/skai-gaming/src/pages/play/SportsbookPage.tsx and col4 named /play/sportsbook. That file was DELETED (skai-gaming 62b0f23) and the route is now <Navigate to="/sports"> at src/App.tsx:1438-1441, whose comment carries Casey's 2026-09-02 ruling: one sportsbook design, two pages claiming it, /sports survives and the fra	1440=n-a 768=partial 375=n-a @2026-09-14/wave41-play-hub
4896-86341	partial	modules/skai-gaming/src/components/play/sportsbook/BetNotification.tsx	/play/sportsbook	OUT OF WAVE 41 BY THE BRIEF ('Sportsbook frames are out of this wave'), so this row is CARRIED at its prior verdict and NOT RE-READ; it is not demoted either, because writing a fresh not-started for a frame nobody opened would erase a measured verdict. The surface also sits behind the backend gate - there is no sportsbook table or function - and the two files this frame's own row names outside this lane are modules/skai-gaming/src/components/play/sportsbook/BetNotification.tsx. Carried reason: DEMOTED from done. Holding row said "Carried from status.play.tsv row 13 and NOT re-measured: the toast needs a placed bet". RE-MEASURED off node data 2026-09-01, no placed bet required. GEOMETRY toast content 588x74 r12 at (820,64), VERTICAL pad 16 all, gap 14; inner Frame 235 is SPACE_BETWEEN so its gap 4 is INERT. COLOUR fill #052D2D @0.80, stroke #123F3C 1px. EFFECTS DROP_SHADOW r80 off(0,10)	1440=partial 768=n-a 375=n-a @2026-09-14/wave41-play-hub
11220-168059	partial	modules/skai-gaming/src/components/play/sportsbook/BetNotification.tsx	/play/sportsbook	OUT OF WAVE 41 BY THE BRIEF ('Sportsbook frames are out of this wave'), so this row is CARRIED at its prior verdict and NOT RE-READ; it is not demoted either, because writing a fresh not-started for a frame nobody opened would erase a measured verdict. The surface also sits behind the backend gate - there is no sportsbook table or function - and the two files this frame's own row names outside this lane are modules/skai-gaming/src/components/play/sportsbook/BetNotification.tsx. Carried reason: Bet notification at this width. BetNotification IS mounted by SportsbookPage, which IS routed, and uses its message override so it never composes a money value. NOT measured: the toast needs a placed bet and the place path is closed by the 401 above. Downgraded from the wave3 `done` because the 2026-08-26 bar requires a measurement and none exists at this width. Live-enumeration finding stands: th	1440=n-a 768=n-a 375=partial @2026-09-14/wave41-play-hub
11220-152557	partial	modules/skai-gaming/src/components/play/sportsbook/BetNotification.tsx	/play/sportsbook	OUT OF WAVE 41 BY THE BRIEF ('Sportsbook frames are out of this wave'), so this row is CARRIED at its prior verdict and NOT RE-READ; it is not demoted either, because writing a fresh not-started for a frame nobody opened would erase a measured verdict. The surface also sits behind the backend gate - there is no sportsbook table or function - and the two files this frame's own row names outside this lane are modules/skai-gaming/src/components/play/sportsbook/BetNotification.tsx. Carried reason: Bet notification at this width. BetNotification IS mounted by SportsbookPage, which IS routed, and uses its message override so it never composes a money value. NOT measured: the toast needs a placed bet and the place path is closed by the 401 above. Downgraded from the wave3 `done` because the 2026-08-26 bar requires a measurement and none exists at this width. Live-enumeration finding stands: th	1440=n-a 768=partial 375=n-a @2026-09-14/wave41-play-hub
9170-81771	not-started	modules/skai-gaming/src/components/play/sportsbook/BetSlipSettings.tsx	—	OUT OF WAVE 41 BY THE BRIEF ('Sportsbook frames are out of this wave'), so this row is CARRIED at its prior verdict and NOT RE-READ; it is not demoted either, because writing a fresh not-started for a frame nobody opened would erase a measured verdict. The surface also sits behind the backend gate - there is no sportsbook table or function - and the two files this frame's own row names outside this lane are modules/skai-gaming/src/components/play/sportsbook/BetSlipSettings.tsx. Carried reason: BUILT (pure client prefs, no backend). Not mounted - no host owns the colour preference. NOT blocked by routing. [vverify: not-wired | sportsbook bet-slip settings view; QuickBet exposes a settings cog only, settings panel not built]	1440=not-started 768=n-a 375=n-a @2026-09-14/wave41-play-hub
4896-83645	not-started	modules/skai-gaming/src/components/play/sportsbook/MyBetsPanel.tsx	—	OUT OF WAVE 41 BY THE BRIEF ('Sportsbook frames are out of this wave'), so this row is CARRIED at its prior verdict and NOT RE-READ; it is not demoted either, because writing a fresh not-started for a frame nobody opened would erase a measured verdict. The surface also sits behind the backend gate - there is no sportsbook table or function - and the two files this frame's own row names outside this lane are modules/skai-gaming/src/components/play/sportsbook/MyBetsPanel.tsx. Carried reason: BUILT and prop-driven, not mounted. Maps to sportsBetHistoryService. `unavailableReason` is a SEPARATE prop from an empty list on purpose - "could not reach the chain" must never render as "you have no bets". The Claimed tab will always hold zero: the chain`s BetOutcome enum has no claim step. [vverify: not-wired | sportsbook My bets empty state; full sportsbook page not built]	1440=not-started 768=n-a 375=n-a @2026-09-14/wave41-play-hub
4911-89419	not-started	modules/skai-gaming/src/components/play/sportsbook/MyBetsPanel.tsx	—	OUT OF WAVE 41 BY THE BRIEF ('Sportsbook frames are out of this wave'), so this row is CARRIED at its prior verdict and NOT RE-READ; it is not demoted either, because writing a fresh not-started for a frame nobody opened would erase a measured verdict. The surface also sits behind the backend gate - there is no sportsbook table or function - and the two files this frame's own row names outside this lane are modules/skai-gaming/src/components/play/sportsbook/MyBetsPanel.tsx. Carried reason: BUILT and prop-driven, not mounted. Maps to sportsBetHistoryService. `unavailableReason` is a SEPARATE prop from an empty list on purpose - "could not reach the chain" must never render as "you have no bets". The Claimed tab will always hold zero: the chain`s BetOutcome enum has no claim step. [vverify: not-wired | sportsbook My bets with values; full sportsbook page not built]	1440=not-started 768=n-a 375=n-a @2026-09-14/wave41-play-hub
11159-66112	partial	modules/skai-gaming/src/components/play/sportsbook/MyBetsPanel.tsx	—	OUT OF WAVE 41 BY THE BRIEF ('Sportsbook frames are out of this wave'), so this row is CARRIED at its prior verdict and NOT RE-READ; it is not demoted either, because writing a fresh not-started for a frame nobody opened would erase a measured verdict. The surface also sits behind the backend gate - there is no sportsbook table or function - and the two files this frame's own row names outside this lane are modules/skai-gaming/src/components/play/sportsbook/MyBetsPanel.tsx. Carried reason: BUILT and prop-driven, not mounted. Maps to sportsBetHistoryService. `unavailableReason` is a SEPARATE prop from an empty list on purpose - "could not reach the chain" must never render as "you have no bets".	1440=n-a 768=n-a 375=partial @2026-09-14/wave41-play-hub
11131-119167	partial	modules/skai-gaming/src/components/play/sportsbook/MyBetsPanel.tsx	—	OUT OF WAVE 41 BY THE BRIEF ('Sportsbook frames are out of this wave'), so this row is CARRIED at its prior verdict and NOT RE-READ; it is not demoted either, because writing a fresh not-started for a frame nobody opened would erase a measured verdict. The surface also sits behind the backend gate - there is no sportsbook table or function - and the two files this frame's own row names outside this lane are modules/skai-gaming/src/components/play/sportsbook/MyBetsPanel.tsx. Carried reason: BUILT and prop-driven, not mounted. Maps to sportsBetHistoryService. `unavailableReason` is a SEPARATE prop from an empty list on purpose - "could not reach the chain" must never render as "you have no bets".	1440=n-a 768=partial 375=n-a @2026-09-14/wave41-play-hub
11144-199166	partial	modules/skai-gaming/src/components/play/sportsbook/BetSlipSettings.tsx	—	OUT OF WAVE 41 BY THE BRIEF ('Sportsbook frames are out of this wave'), so this row is CARRIED at its prior verdict and NOT RE-READ; it is not demoted either, because writing a fresh not-started for a frame nobody opened would erase a measured verdict. The surface also sits behind the backend gate - there is no sportsbook table or function - and the two files this frame's own row names outside this lane are modules/skai-gaming/src/components/play/sportsbook/BetSlipSettings.tsx. Carried reason: Bet slip / quick bet component cut at this width. Prop-driven with no mount site - no host owns the docked right rail. Money figures on these frames are template text: POINTS and sUSD only, and SKAI is not a betting currency.	1440=n-a 768=n-a 375=partial @2026-09-14/wave41-play-hub
11216-149350	partial	modules/skai-gaming/src/components/play/sportsbook/BetSlipSettings.tsx	—	OUT OF WAVE 41 BY THE BRIEF ('Sportsbook frames are out of this wave'), so this row is CARRIED at its prior verdict and NOT RE-READ; it is not demoted either, because writing a fresh not-started for a frame nobody opened would erase a measured verdict. The surface also sits behind the backend gate - there is no sportsbook table or function - and the two files this frame's own row names outside this lane are modules/skai-gaming/src/components/play/sportsbook/BetSlipSettings.tsx. Carried reason: Bet slip / quick bet component cut at this width. Prop-driven with no mount site - no host owns the docked right rail. Money figures on these frames are template text: POINTS and sUSD only, and SKAI is not a betting currency.	1440=n-a 768=partial 375=n-a @2026-09-14/wave41-play-hub
11220-157525	partial	modules/skai-gaming/src/components/play/sportsbook/BetSlipSettings.tsx	—	OUT OF WAVE 41 BY THE BRIEF ('Sportsbook frames are out of this wave'), so this row is CARRIED at its prior verdict and NOT RE-READ; it is not demoted either, because writing a fresh not-started for a frame nobody opened would erase a measured verdict. The surface also sits behind the backend gate - there is no sportsbook table or function - and the two files this frame's own row names outside this lane are modules/skai-gaming/src/components/play/sportsbook/BetSlipSettings.tsx. Carried reason: Bet slip / quick bet component cut at this width. Prop-driven with no mount site - no host owns the docked right rail. Money figures on these frames are template text: POINTS and sUSD only, and SKAI is not a betting currency.	1440=n-a 768=n-a 375=partial @2026-09-14/wave41-play-hub
11216-146306	partial	modules/skai-gaming/src/components/play/sportsbook/BetSlipSettings.tsx	—	OUT OF WAVE 41 BY THE BRIEF ('Sportsbook frames are out of this wave'), so this row is CARRIED at its prior verdict and NOT RE-READ; it is not demoted either, because writing a fresh not-started for a frame nobody opened would erase a measured verdict. The surface also sits behind the backend gate - there is no sportsbook table or function - and the two files this frame's own row names outside this lane are modules/skai-gaming/src/components/play/sportsbook/BetSlipSettings.tsx. Carried reason: Bet slip / quick bet component cut at this width. Prop-driven with no mount site - no host owns the docked right rail. Money figures on these frames are template text: POINTS and sUSD only, and SKAI is not a betting currency.	1440=n-a 768=partial 375=n-a @2026-09-14/wave41-play-hub
4913-97944	not-started	modules/skai-gaming/src/components/play/sportsbook/StartingSoonBar.tsx	—	OUT OF WAVE 41 BY THE BRIEF ('Sportsbook frames are out of this wave'), so this row is CARRIED at its prior verdict and NOT RE-READ; it is not demoted either, because writing a fresh not-started for a frame nobody opened would erase a measured verdict. The surface also sits behind the backend gate - there is no sportsbook table or function - and the two files this frame's own row names outside this lane are modules/skai-gaming/src/components/play/sportsbook/StartingSoonBar.tsx. Carried reason: UNBLOCKED, and the reclassification note on this row is now moot. The row records a dispute between two census lines and settles it by naming "the revoked odds feed" as the missing source that justifies blocked-on-backend. That source is no longer missing: odds-proxy answers HTTP 200 for tennis_atp_us_open with an 81067-byte payload on 2026-09-01, the largest of the five sports probed, so this fra	1440=not-started 768=n-a 375=n-a @2026-09-14/wave41-play-hub
11154-59823	not-started	—	—	OUT OF WAVE 41 BY THE BRIEF ('Sportsbook frames are out of this wave'), so this row is CARRIED at its prior verdict and NOT RE-READ; it is not demoted either, because writing a fresh not-started for a frame nobody opened would erase a measured verdict. The surface also sits behind the backend gate - there is no sportsbook table or function - and the two files this frame's own row names outside this lane are none. Carried reason: Sportsbook side panel (Lawn tennis) at this width. Cited nowhere; no redesign code found.	1440=n-a 768=n-a 375=not-started @2026-09-14/wave41-play-hub
11132-173793	not-started	—	—	OUT OF WAVE 41 BY THE BRIEF ('Sportsbook frames are out of this wave'), so this row is CARRIED at its prior verdict and NOT RE-READ; it is not demoted either, because writing a fresh not-started for a frame nobody opened would erase a measured verdict. The surface also sits behind the backend gate - there is no sportsbook table or function - and the two files this frame's own row names outside this lane are none. Carried reason: Sportsbook side panel (Lawn tennis) at this width. Cited nowhere; no redesign code found.	1440=n-a 768=not-started 375=n-a @2026-09-14/wave41-play-hub
11154-50310	not-started	—	—	OUT OF WAVE 41 BY THE BRIEF ('Sportsbook frames are out of this wave'), so this row is CARRIED at its prior verdict and NOT RE-READ; it is not demoted either, because writing a fresh not-started for a frame nobody opened would erase a measured verdict. The surface also sits behind the backend gate - there is no sportsbook table or function - and the two files this frame's own row names outside this lane are none. Carried reason: Sportsbook match view / game-view / player-props cut at this width. No redesign match/event view is built; the legacy /sports/event/:eventId GameDetail is a different product, not this redesign screen.	1440=n-a 768=n-a 375=not-started @2026-09-14/wave41-play-hub
11129-113586	not-started	—	—	OUT OF WAVE 41 BY THE BRIEF ('Sportsbook frames are out of this wave'), so this row is CARRIED at its prior verdict and NOT RE-READ; it is not demoted either, because writing a fresh not-started for a frame nobody opened would erase a measured verdict. The surface also sits behind the backend gate - there is no sportsbook table or function - and the two files this frame's own row names outside this lane are none. Carried reason: Sportsbook match view / game-view / player-props cut at this width. No redesign match/event view is built; the legacy /sports/event/:eventId GameDetail is a different product, not this redesign screen.	1440=n-a 768=not-started 375=n-a @2026-09-14/wave41-play-hub
11154-46329	not-started	—	—	OUT OF WAVE 41 BY THE BRIEF ('Sportsbook frames are out of this wave'), so this row is CARRIED at its prior verdict and NOT RE-READ; it is not demoted either, because writing a fresh not-started for a frame nobody opened would erase a measured verdict. The surface also sits behind the backend gate - there is no sportsbook table or function - and the two files this frame's own row names outside this lane are none. Carried reason: Sportsbook match view / game-view / player-props cut at this width. No redesign match/event view is built; the legacy /sports/event/:eventId GameDetail is a different product, not this redesign screen.	1440=n-a 768=n-a 375=not-started @2026-09-14/wave41-play-hub
11127-109541	not-started	—	—	OUT OF WAVE 41 BY THE BRIEF ('Sportsbook frames are out of this wave'), so this row is CARRIED at its prior verdict and NOT RE-READ; it is not demoted either, because writing a fresh not-started for a frame nobody opened would erase a measured verdict. The surface also sits behind the backend gate - there is no sportsbook table or function - and the two files this frame's own row names outside this lane are none. Carried reason: Sportsbook match view / game-view / player-props cut at this width. No redesign match/event view is built; the legacy /sports/event/:eventId GameDetail is a different product, not this redesign screen.	1440=n-a 768=not-started 375=n-a @2026-09-14/wave41-play-hub
11154-49315	not-started	—	—	OUT OF WAVE 41 BY THE BRIEF ('Sportsbook frames are out of this wave'), so this row is CARRIED at its prior verdict and NOT RE-READ; it is not demoted either, because writing a fresh not-started for a frame nobody opened would erase a measured verdict. The surface also sits behind the backend gate - there is no sportsbook table or function - and the two files this frame's own row names outside this lane are none. Carried reason: Sportsbook match view / game-view / player-props cut at this width. No redesign match/event view is built; the legacy /sports/event/:eventId GameDetail is a different product, not this redesign screen.	1440=n-a 768=n-a 375=not-started @2026-09-14/wave41-play-hub
11129-112189	not-started	—	—	OUT OF WAVE 41 BY THE BRIEF ('Sportsbook frames are out of this wave'), so this row is CARRIED at its prior verdict and NOT RE-READ; it is not demoted either, because writing a fresh not-started for a frame nobody opened would erase a measured verdict. The surface also sits behind the backend gate - there is no sportsbook table or function - and the two files this frame's own row names outside this lane are none. Carried reason: Sportsbook match view / game-view / player-props cut at this width. No redesign match/event view is built; the legacy /sports/event/:eventId GameDetail is a different product, not this redesign screen.	1440=n-a 768=not-started 375=n-a @2026-09-14/wave41-play-hub
11154-45247	not-started	—	—	OUT OF WAVE 41 BY THE BRIEF ('Sportsbook frames are out of this wave'), so this row is CARRIED at its prior verdict and NOT RE-READ; it is not demoted either, because writing a fresh not-started for a frame nobody opened would erase a measured verdict. The surface also sits behind the backend gate - there is no sportsbook table or function - and the two files this frame's own row names outside this lane are none. Carried reason: Sportsbook match view / game-view / player-props cut at this width. No redesign match/event view is built; the legacy /sports/event/:eventId GameDetail is a different product, not this redesign screen.	1440=n-a 768=n-a 375=not-started @2026-09-14/wave41-play-hub
11127-110865	not-started	—	—	OUT OF WAVE 41 BY THE BRIEF ('Sportsbook frames are out of this wave'), so this row is CARRIED at its prior verdict and NOT RE-READ; it is not demoted either, because writing a fresh not-started for a frame nobody opened would erase a measured verdict. The surface also sits behind the backend gate - there is no sportsbook table or function - and the two files this frame's own row names outside this lane are none. Carried reason: Sportsbook match view / game-view / player-props cut at this width. No redesign match/event view is built; the legacy /sports/event/:eventId GameDetail is a different product, not this redesign screen.	1440=n-a 768=not-started 375=n-a @2026-09-14/wave41-play-hub
9170-114084	not-started	src/pages/sports/GameDetail.tsx	/sports/event/:eventId	OUT OF WAVE 41 BY THE BRIEF ('Sportsbook frames are out of this wave'), so this row is CARRIED at its prior verdict and NOT RE-READ; it is not demoted either, because writing a fresh not-started for a frame nobody opened would erase a measured verdict. The surface also sits behind the backend gate - there is no sportsbook table or function - and the two files this frame's own row names outside this lane are src/pages/sports/GameDetail.tsx + src/pages/sports/components/matchview/MatchViewFigma.tsx. Carried reason: STILL UNMOUNTED, and this row carries the measured cost of changing that - the rail's mount is done and is NOT this one. MatchViewFigma renders the 870 half of the same 1318 column; the rail renders the 432 half, and that half now draws on the route. Re-grepped 2026-09-01 after the rail landed: the only importer of MatchViewFigma is still nothing, and the only reference outside its folder is a com	1440=not-started 768=n-a 375=n-a @2026-09-14/wave41-play-hub
9215-15732	not-started	src/pages/sports/components/PlayerPropsPanel.tsx	/sports/event/:eventId	OUT OF WAVE 41 BY THE BRIEF ('Sportsbook frames are out of this wave'), so this row is CARRIED at its prior verdict and NOT RE-READ; it is not demoted either, because writing a fresh not-started for a frame nobody opened would erase a measured verdict. The surface also sits behind the backend gate - there is no sportsbook table or function - and the two files this frame's own row names outside this lane are src/pages/sports/components/PlayerPropsPanel.tsx + src/pages/sports/components/matchview/MatchViewFigma.tsx. Carried reason: STILL UNMOUNTED - the same component as 9170-114084 with Player props selected rather than Main, so the same one-function cost and the same two options apply and are written out on that row. What this frame adds is the market strip's own sample counts, Main 18 / Bet builder 4 / Halves 2 / Stats 4 / Player props 8, and matchView.ts:211 records them as figmaSampleCount and DELIBERATELY NEVER RENDERS	1440=not-started 768=n-a 375=n-a @2026-09-14/wave41-play-hub
11154-51780	not-started	—	—	OUT OF WAVE 41 BY THE BRIEF ('Sportsbook frames are out of this wave'), so this row is CARRIED at its prior verdict and NOT RE-READ; it is not demoted either, because writing a fresh not-started for a frame nobody opened would erase a measured verdict. The surface also sits behind the backend gate - there is no sportsbook table or function - and the two files this frame's own row names outside this lane are none. Carried reason: Sportsbook match view / game-view / player-props cut at this width. No redesign match/event view is built; the legacy /sports/event/:eventId GameDetail is a different product, not this redesign screen.	1440=n-a 768=n-a 375=not-started @2026-09-14/wave41-play-hub
11129-114910	not-started	—	—	OUT OF WAVE 41 BY THE BRIEF ('Sportsbook frames are out of this wave'), so this row is CARRIED at its prior verdict and NOT RE-READ; it is not demoted either, because writing a fresh not-started for a frame nobody opened would erase a measured verdict. The surface also sits behind the backend gate - there is no sportsbook table or function - and the two files this frame's own row names outside this lane are none. Carried reason: Sportsbook match view / game-view / player-props cut at this width. No redesign match/event view is built; the legacy /sports/event/:eventId GameDetail is a different product, not this redesign screen.	1440=n-a 768=not-started 375=n-a @2026-09-14/wave41-play-hub
11220-166694	not-started	—	—	OUT OF WAVE 41 BY THE BRIEF ('Sportsbook frames are out of this wave'), so this row is CARRIED at its prior verdict and NOT RE-READ; it is not demoted either, because writing a fresh not-started for a frame nobody opened would erase a measured verdict. The surface also sits behind the backend gate - there is no sportsbook table or function - and the two files this frame's own row names outside this lane are none. Carried reason: Sportsbook match view / game-view / player-props cut at this width. No redesign match/event view is built; the legacy /sports/event/:eventId GameDetail is a different product, not this redesign screen.	1440=n-a 768=n-a 375=not-started @2026-09-14/wave41-play-hub
11154-47551	not-started	—	—	OUT OF WAVE 41 BY THE BRIEF ('Sportsbook frames are out of this wave'), so this row is CARRIED at its prior verdict and NOT RE-READ; it is not demoted either, because writing a fresh not-started for a frame nobody opened would erase a measured verdict. The surface also sits behind the backend gate - there is no sportsbook table or function - and the two files this frame's own row names outside this lane are none. Carried reason: Sportsbook match view / game-view / player-props cut at this width. No redesign match/event view is built; the legacy /sports/event/:eventId GameDetail is a different product, not this redesign screen.	1440=n-a 768=n-a 375=not-started @2026-09-14/wave41-play-hub
11127-106812	not-started	—	—	OUT OF WAVE 41 BY THE BRIEF ('Sportsbook frames are out of this wave'), so this row is CARRIED at its prior verdict and NOT RE-READ; it is not demoted either, because writing a fresh not-started for a frame nobody opened would erase a measured verdict. The surface also sits behind the backend gate - there is no sportsbook table or function - and the two files this frame's own row names outside this lane are none. Carried reason: Sportsbook match view / game-view / player-props cut at this width. No redesign match/event view is built; the legacy /sports/event/:eventId GameDetail is a different product, not this redesign screen.	1440=n-a 768=not-started 375=n-a @2026-09-14/wave41-play-hub
4911-92925	not-started	modules/skai-gaming/src/components/play/sportsbook/StartingSoonBar.tsx	—	OUT OF WAVE 41 BY THE BRIEF ('Sportsbook frames are out of this wave'), so this row is CARRIED at its prior verdict and NOT RE-READ; it is not demoted either, because writing a fresh not-started for a frame nobody opened would erase a measured verdict. The surface also sits behind the backend gate - there is no sportsbook table or function - and the two files this frame's own row names outside this lane are modules/skai-gaming/src/components/play/sportsbook/StartingSoonBar.tsx. Carried reason: UNBLOCKED OUTRIGHT - the recorded reason was a single condition and it has been met. The row reads "BUILT and prop-driven, not mounted. MISSING SOURCE: oddsApiService, which returns HTTP 401 today (revoked key). Nothing else is required to mount it." Probed 2026-09-01: odds-proxy answers HTTP 200 for americanfootball_nfl (real DraftKings and FanDuel prices, last_update 2026-09-01T16:29:38Z), tenni	1440=not-started 768=n-a 375=n-a @2026-09-14/wave41-play-hub
11159-63607	not-started	modules/skai-gaming/src/components/play/sportsbook/StartingSoonBar.tsx	—	OUT OF WAVE 41 BY THE BRIEF ('Sportsbook frames are out of this wave'), so this row is CARRIED at its prior verdict and NOT RE-READ; it is not demoted either, because writing a fresh not-started for a frame nobody opened would erase a measured verdict. The surface also sits behind the backend gate - there is no sportsbook table or function - and the two files this frame's own row names outside this lane are modules/skai-gaming/src/components/play/sportsbook/StartingSoonBar.tsx. Carried reason: UNBLOCKED OUTRIGHT, same single condition met as 4911-92925.	1440=n-a 768=n-a 375=not-started @2026-09-14/wave41-play-hub
11131-161786	not-started	modules/skai-gaming/src/components/play/sportsbook/StartingSoonBar.tsx	—	OUT OF WAVE 41 BY THE BRIEF ('Sportsbook frames are out of this wave'), so this row is CARRIED at its prior verdict and NOT RE-READ; it is not demoted either, because writing a fresh not-started for a frame nobody opened would erase a measured verdict. The surface also sits behind the backend gate - there is no sportsbook table or function - and the two files this frame's own row names outside this lane are modules/skai-gaming/src/components/play/sportsbook/StartingSoonBar.tsx. Carried reason: UNBLOCKED OUTRIGHT, same single condition met as 4911-92925: odds-proxy answers 200 across five sports. Zero mount sites, so the remaining work is a mount and props.	1440=n-a 768=not-started 375=n-a @2026-09-14/wave41-play-hub
4799-60925	partial	modules/skai-gaming/src/components/play/sportsbook/BetSlip.tsx	/sports	OUT OF WAVE 41 BY THE BRIEF ('Sportsbook frames are out of this wave'), so this row is CARRIED at its prior verdict and NOT RE-READ; it is not demoted either, because writing a fresh not-started for a frame nobody opened would erase a measured verdict. The surface also sits behind the backend gate - there is no sportsbook table or function - and the two files this frame's own row names outside this lane are modules/skai-gaming/src/components/play/sportsbook/BetSlip.tsx + src/pages/sports/Sports.tsx. Carried reason: ROUTE + FILE CORRECTION 2026-09-07, and OFF blocked-on-backend. col3 named modules/skai-gaming/src/pages/play/SportsbookPage.tsx and col4 named /play/sportsbook. That file was DELETED (skai-gaming 62b0f23) and the route is now <Navigate to="/sports"> at src/App.tsx:1438-1441, whose comment carries Casey's 2026-09-02 ruling: one sportsbook design, two pages claiming it, /sports survives and the fra	1440=partial 768=n-a 375=n-a @2026-09-14/wave41-play-hub
11216-134868	partial	src/pages/sports/Sports.tsx	/sports	OUT OF WAVE 41 BY THE BRIEF ('Sportsbook frames are out of this wave'), so this row is CARRIED at its prior verdict and NOT RE-READ; it is not demoted either, because writing a fresh not-started for a frame nobody opened would erase a measured verdict. The surface also sits behind the backend gate - there is no sportsbook table or function - and the two files this frame's own row names outside this lane are src/pages/sports/Sports.tsx. Carried reason: ROUTE + FILE CORRECTION 2026-09-07, and OFF blocked-on-backend. col3 named modules/skai-gaming/src/pages/play/SportsbookPage.tsx and col4 named /play/sportsbook. That file was DELETED (skai-gaming 62b0f23) and the route is now <Navigate to="/sports"> at src/App.tsx:1438-1441, whose comment carries Casey's 2026-09-02 ruling: one sportsbook design, two pages claiming it, /sports survives and the fra	1440=n-a 768=n-a 375=partial @2026-09-14/wave41-play-hub
11216-132577	partial	src/pages/sports/Sports.tsx	/sports	OUT OF WAVE 41 BY THE BRIEF ('Sportsbook frames are out of this wave'), so this row is CARRIED at its prior verdict and NOT RE-READ; it is not demoted either, because writing a fresh not-started for a frame nobody opened would erase a measured verdict. The surface also sits behind the backend gate - there is no sportsbook table or function - and the two files this frame's own row names outside this lane are src/pages/sports/Sports.tsx. Carried reason: ROUTE + FILE CORRECTION 2026-09-07, and OFF blocked-on-backend. col3 named modules/skai-gaming/src/pages/play/SportsbookPage.tsx and col4 named /play/sportsbook. That file was DELETED (skai-gaming 62b0f23) and the route is now <Navigate to="/sports"> at src/App.tsx:1438-1441, whose comment carries Casey's 2026-09-02 ruling: one sportsbook design, two pages claiming it, /sports survives and the fra	1440=n-a 768=partial 375=n-a @2026-09-14/wave41-play-hub
10183-270971	blocked-on-backend	src/components/auth/PlayRegionModal.tsx	/play	DECISION ONLY CASEY CAN MAKE, restated and not built on either side. The ALT is the SAME modal on the SAME ladder as the shipped base variant - node 11017:24538 is 448x562 r16 pad 12 gap 24, card 424x184, CTA 424x50, nav 107x16 on 32px gaps at 768, and 11017:62378 is 354x502 at (11,155) r16 pad 12 gap 24 at 375 with the headline running two lines of 22 where the base runs one. What differs is two strings, and both name a SECOND DOMAIN (skai.jp). Building either side would ship a product decision about a regional domain that has not been made. Not re-read this run; the 09-06 measurement stands. This 1440 member's own modal node was never opened - the 'same variant' reading is an inference from its two narrow twins, and no geometry is claimed for it here.	1440=missing 768=n-a 375=n-a @2026-09-14/wave41-play-hub
11017-64382	blocked-on-backend	src/components/auth/PlayRegionModal.tsx	/play	DECISION ONLY CASEY CAN MAKE, restated and not built on either side. The ALT is the SAME modal on the SAME ladder as the shipped base variant - node 11017:24538 is 448x562 r16 pad 12 gap 24, card 424x184, CTA 424x50, nav 107x16 on 32px gaps at 768, and 11017:62378 is 354x502 at (11,155) r16 pad 12 gap 24 at 375 with the headline running two lines of 22 where the base runs one. What differs is two strings, and both name a SECOND DOMAIN (skai.jp). Building either side would ship a product decision about a regional domain that has not been made. Not re-read this run; the 09-06 measurement stands.	1440=n-a 768=n-a 375=missing @2026-09-14/wave41-play-hub
11017-63711	blocked-on-backend	src/components/auth/PlayRegionModal.tsx	/play	DECISION ONLY CASEY CAN MAKE, restated and not built on either side. The ALT is the SAME modal on the SAME ladder as the shipped base variant - node 11017:24538 is 448x562 r16 pad 12 gap 24, card 424x184, CTA 424x50, nav 107x16 on 32px gaps at 768, and 11017:62378 is 354x502 at (11,155) r16 pad 12 gap 24 at 375 with the headline running two lines of 22 where the base runs one. What differs is two strings, and both name a SECOND DOMAIN (skai.jp). Building either side would ship a product decision about a regional domain that has not been made. Not re-read this run; the 09-06 measurement stands.	1440=n-a 768=missing 375=n-a @2026-09-14/wave41-play-hub
4595-49807	partial	modules/skai-gaming/src/pages/play/Play.tsx	/play	CARRIED, NOT RE-READ THIS RUN. The two web-app Figma files did not change on 2026-09-10 (brief), so the prior verdict stands; this lane spent its Figma budget on the frames whose named residual sat in a file it owns. Prior reason: PROMOTED from unknown to partial on a measurement of its own, and this single row now supersedes BOTH earlier spellings of this node - `4595:49807` in status.wave3.verify-play.tsv, which read done off a delegation ("1VH crop of 9099:146637 - see that row"), and `Skai > Play 1VH [4595-49807]` in status.wave11.legacy-done.tsv, which read unknown. The wave-11 demotion to unknown was method-honest: it	1440=partial 768=n-a 375=n-a @2026-09-14/wave41-play-hub
10900-146833	partial	modules/skai-gaming/src/components/play/ui/PlayModeCards.tsx	/play	★ THE TITLE SAYS 1440x900 AND THE NODE MEASURES 375x812 (wave 24 get_metadata; not re-opened this run) - identify by geometry, not title. The 812-tall crop of 11211:82876 and the same close in source.	1440=n-a 768=n-a 375=partial @2026-09-14/wave41-play-hub
11100-64759	partial	modules/skai-gaming/src/components/play/ui/PlayModeCards.tsx	/play	The 812-tall crop of 11211:82876; its hand-off is closed in source with it - see that row. Column exact at 16.	1440=n-a 768=n-a 375=partial @2026-09-14/wave41-play-hub
11202-44169	partial	modules/skai-gaming/src/components/play/ui/PlayModeCards.tsx	/play	The third 812-tall crop of 11211:82876; same close, same source-only basis. 11202:44224 is the node that settled the phone plate's object-cover crop (a 172x78 box filled with the same photo), which is why the base min-w wins over the aspect cap and md:min-w-0 hands it back.	1440=n-a 768=n-a 375=partial @2026-09-14/wave41-play-hub
11211-82876	partial	modules/skai-gaming/src/components/play/ui/PlayModeCards.tsx	/play	★ THE HAND-OFF THIS ROW HAS CARRIED SINCE WAVE 24 IS CLOSED IN SOURCE. It read: 'the base cut draws a 140-minimum card with 16px padding and an inset art plate against the frame's 78-tall halves, so the block is 296+ against the frame's 164; and the frame HIDES the live-player row at 375 where the code prints a measured count'. PlayModeCards.tsx now ships exactly that model and its own docblock records the two reads of 11211:82907/82908/82920 that settled it: h-[78px] with p-0 and gap-0 on the card, the art plate flush and self-stretch at [--play-art-h:78px], the copy half carrying its own 12px padding (11211:82912 at (12,12) in a 171x78 half), the Sports book row mirrored on the phone only (flex-row-reverse md:flex-row, 11211:82920 putting the copy at x=0), a 4px copy seam against 8 from the tablet up, and the live-player row hidden below md - 11211:82915 and 11211:82925 are hidden AND the card's 78 closes exactly on 12+22+4+28+12, so the phone board never reserves the space. Basis ladders are per board and per tone (172/343 casino, 172/344 sports at 375). The grid is grid-cols-1 gap-2 md:grid-cols-2, and gap-2 is the frame's 8. VERIFIED FROM SOURCE ONLY - the node was NOT re-read this run, so the close is a source reading against the numbers the file's own docblock cites, not a fresh measurement, and the row stays partial rather than claiming done on it. Column 343 at x=16 (px-4) and the stacking were closed by wave 24.	1440=n-a 768=n-a 375=partial @2026-09-14/wave41-play-hub
10855-53595	partial	modules/skai-gaming/src/pages/play/Play.tsx	/play	CARRIED, NOT RE-READ THIS RUN. The two web-app Figma files did not change on 2026-09-10 (brief), so the prior verdict stands; this lane spent its Figma budget on the frames whose named residual sat in a file it owns. Prior reason: THE FULL DESIGN CONTEXT OF THIS 768 CROP WAS READ THIS RUN, AND THE ONE RESIDUAL WAVE 24 CARRIED IS CLOSED FROM SOURCE. Content column 10912:148127 is 708 wide at (30,76) - `md:px-[30px] md:pt-6` on Play.tsx:2581, delta zero. Hero card 10912:148129 is 244 tall: copy half pad 16, `Play, Win, Repeat` Manrope Light 32/40, sub-line 14/18.05 in a 282 box, features bar 322 wide with three 20px glyphs at	1440=n-a 768=partial 375=n-a @2026-09-14/wave41-play-hub
11084-62278	partial	modules/skai-gaming/src/pages/play/Play.tsx	/play	CARRIED, NOT RE-READ THIS RUN. The two web-app Figma files did not change on 2026-09-10 (brief), so the prior verdict stands; this lane spent its Figma budget on the frames whose named residual sat in a file it owns. Prior reason: The second 1024-tall crop of 10912:148682. Same reading as 10855:53595, same items not compared.	1440=n-a 768=partial 375=n-a @2026-09-14/wave41-play-hub
10932-125492	not-started	—	—	ALT mobile landing variant, and all three ALT crops measure 375x812 despite their '1440 x 900px' titles - identify by geometry, not title (wave 24 get_metadata; not re-opened this run). No implementing code, and superseded by the 11211:82876 mobile cut, which IS measured and whose one open item is closed in source this run. Left not-started on purpose rather than built: building it would fork the mobile landing.	1440=n-a 768=n-a 375=not-started @2026-09-14/wave41-play-hub
10931-75536	not-started	—	—	ALT mobile landing variant, and all three ALT crops measure 375x812 despite their '1440 x 900px' titles - identify by geometry, not title (wave 24 get_metadata; not re-opened this run). No implementing code, and superseded by the 11211:82876 mobile cut, which IS measured and whose one open item is closed in source this run. Left not-started on purpose rather than built: building it would fork the mobile landing.	1440=n-a 768=n-a 375=not-started @2026-09-14/wave41-play-hub
4595-50243	not-started	—	/play	CONFIRMED not-started AND DELIBERATELY SO - this row exists to stop the next wave rebuilding it. status.play.tsv records that PlayHero was once built from THIS frame and then corrected away from it ('Hero tone corrected to the landing frame's #862213 - the component had been built from the coral ALT frame 4595-50243, which is NOT the shipping layout'). A rejected exploration, not a gap. Not re-read this run; nothing in the code points at it.	1440=not-started 768=n-a 375=n-a @2026-09-14/wave41-play-hub
10932-126131	not-started	—	—	ALT mobile landing variant, and all three ALT crops measure 375x812 despite their '1440 x 900px' titles - identify by geometry, not title (wave 24 get_metadata; not re-opened this run). No implementing code, and superseded by the 11211:82876 mobile cut, which IS measured and whose one open item is closed in source this run. Left not-started on purpose rather than built: building it would fork the mobile landing.	1440=n-a 768=n-a 375=not-started @2026-09-14/wave41-play-hub
