# key	status	primaryFile	route	reason	bp
# Lane home, wave 41, 2026-09-14. Sections home-2 (119), home (131) and pwa (3) — 253 frames, file
# mhF3BkzlTaGiLzJ7kvpmVc. The two web-app Figma files did NOT change on 2026-09-10 (only the 21 game pages
# and the five slot pages did), so this lane does not re-measure a standing `done`; the work order carries
# no `done` row anyway — all 253 arrived as partial (215), not-started (29), unknown (7) or frame-defect (2).
#
# WHAT WAS READ LIVE THIS PASS, and it is a small fraction of 253: 13436-180687 (the Sentiment `View all
# topics` overlay, get_metadata on the frame then get_design_context on 13436:181796 and 13436:181811),
# 14316-248325 (Intelligent support ALT 2 at 375) and 14178-144069 (the base 375 board's own card run).
# The Figma seat refuses after about fourteen node reads in a burst, and 253 frames cannot be re-opened in
# one session; every other row says NOT RE-READ in its reason and none of them is `done`. Two rows were
# resolved from SOURCE rather than from the node and say so: the three pwa cuts (measured against the
# numbers already recorded in vverify.pwa.tsv) and the Whales custom-input filter.
#
# NO BROWSER WAS USED (wave rule), so no row claims a DOM-measured verdict.
#
# WHICH CUTS HAVE EVER BEEN MEASURED, scanned mechanically this pass: every .ts/.tsx under src/ was searched
# for each of the 253 node ids. 136 are cited in code (a docblock, a comment or a figma test), which is
# evidence an earlier pass measured that cut and wrote the result down; 117 are cited NOWHERE, so no
# measurement of those cuts exists in the tree at all. Each row says which group it is in, and the 117 are
# the set the next pass should open first. ⚠ A citation is evidence of a past measurement, not a current
# one, and not proof the node still lives on the page the comment names — WHALES_TABLET_FRAME_FACTS
# _2026-09-08.md records five ids that resolve in no tracked file at all.
#
# CODE LANDED THIS PASS (superproject): fba761d5e builds the Sentiment `View all topics` overlay;
# f555bb25e guards its post link at the sink with safeExternalUrl; 966b57576 insets the Intelligent
# support column per board and stacks its phone label pane.
#
# DECISIONS ONLY CASEY CAN MAKE, restated and NOT built either way:
#  1. The Home 1 `with deposit` flow (22 frames). Another lane has since landed 2cf1fd377 in
#     src/components/home-redesign/HomeTopBar.tsx and src/components/home-redesign/with-deposit/**, both
#     off limits to this lane; those rows stay as the work order cut them and claim nothing about that code.
#  2. Which 375 board governs the Intelligent support hub: base 14178-151580 draws TWO 168-wide columns
#     with no header actions, ALT 2 14316-248325 draws ONE 343-wide column plus two 36px header CTAs.
#  3. The hub's tier badges. Both hub frames say Gold for four of the five cards; SCREEN_TIERS (the map the
#     gate reads) says bronze/silver/bronze/silver/bronze. A badge is an entitlement claim, so the code
#     reads SCREEN_TIERS and the frames are recorded as disagreeing rather than transcribed.
#
# BLOCKED ON BACKEND: the three Sentiment `Trending topics - modal` cuts. `social_posts` has no migration
# in supabase/migrations, getSocialPosts filters an always-empty in-memory stream, and fetchAssetSentiment
# returns topBullishPosts/topBearishPosts as [] unconditionally, so the overlay is built to the frame and
# wired to the real reader but can only render its explicit empty state (no-mock policy).
#
# HAND-OFFS TO FILES THIS LANE DOES NOT OWN:
#  · modules/skai-ui/src/components/branding/skai-logo.tsx — `shortSizeConfig` has only 24/32/48/64, so the
#    PWA card renders Figma's 87x36 short wordmark at 32 and lands 4-5px short at 375 and 768.
#  · modules/skai-gaming/src/pages/play/DicePageSections.tsx — named by 2736-25840 and held by a follow-up
#    lane for a ruling; not touched.
#  · src/components/home-redesign/HomeTopBar.tsx was dirty in the shared tree at launch and is not this
#    lane's file; left untouched.
#
Skai > Home > Add > Add whale - input > conversation 5 1VH (1440 x 900px) [13008-114473]	partial	src/components/home-redesign/whales/WhaleSelectorModal.tsx	/ (RedesignHome, conversation surface)	NOT RE-READ this pass — verdict carried from the work order, which is why it is not `done`. Implementing file(s): src/components/home-redesign/whales/WhaleSelectorModal.tsx, src/components/home-redesign/conversation/ConversationView.tsx. NO SOURCE CITATION: a scan of every .ts/.tsx under src/ this pass found no file referencing this node id, so no measurement of this cut is recorded anywhere in code. 117 of the lane's 253 frames are in that state; they are the set the next pass should open first. Carried note: CARRIED partial. WhaleSelectorModal.tsx (+ AskComposer.whaleSend.test.tsx, WhaleSelectorModal.dialogGeometry.test.tsx) ships the whale-mention conversation. This 1440 cut was not re-read this pass.	1440=partial @2026-09-14/wave41-home
Skai > Home > Add > Add whale - input > conversation 5 1VH (375 x 812px) [13008-125682]	partial	src/components/home-redesign/whales/WhaleSelectorModal.tsx	/ (RedesignHome, conversation surface)	NOT RE-READ this pass — verdict carried from the work order, which is why it is not `done`. Implementing file(s): src/components/home-redesign/whales/WhaleSelectorModal.tsx, src/components/home-redesign/conversation/ConversationView.tsx. SOURCE CITATION: this node id is referenced in src/components/home-redesign/conversation/ConversationView.dockedFade.figma.test.ts — evidence that some earlier pass measured this cut and recorded the result in code, NOT a measurement made now, and not proof the node still lives on the page the comment names (a wrong-file id resolves silently; see WHALES_TABLET_FRAME_FACTS_2026-09-08.md). Carried note: CARRIED partial. WhaleSelectorModal.tsx (+ AskComposer.whaleSend.test.tsx, WhaleSelectorModal.dialogGeometry.test.tsx) ships the whale-mention conversation. This 375 cut was not re-read this pass.	375=partial @2026-09-14/wave41-home
Skai > Home > Add > Add whale - input > conversation 5 1VH (768 x 1024px) [13008-125612]	partial	src/components/home-redesign/whales/WhaleSelectorModal.tsx	/ (RedesignHome, conversation surface)	NOT RE-READ this pass — verdict carried from the work order, which is why it is not `done`. Implementing file(s): src/components/home-redesign/whales/WhaleSelectorModal.tsx, src/components/home-redesign/conversation/ConversationView.tsx. NO SOURCE CITATION: a scan of every .ts/.tsx under src/ this pass found no file referencing this node id, so no measurement of this cut is recorded anywhere in code. 117 of the lane's 253 frames are in that state; they are the set the next pass should open first. Carried note: CARRIED partial. WhaleSelectorModal.tsx (+ AskComposer.whaleSend.test.tsx, WhaleSelectorModal.dialogGeometry.test.tsx) ships the whale-mention conversation. This 768 cut was not re-read this pass.	768=partial @2026-09-14/wave41-home
Skai > Home > Add > Add whale - input 1VH (1440 x 900px) [13008-114889]	partial	src/components/home-redesign/whales/WhaleSelectorModal.tsx	/ (AiHome composer)	NOT RE-READ this pass — verdict carried from the work order, which is why it is not `done`. Implementing file(s): src/components/home-redesign/whales/WhaleSelectorModal.tsx, src/components/home-redesign/AskComposer.tsx. NO SOURCE CITATION: a scan of every .ts/.tsx under src/ this pass found no file referencing this node id, so no measurement of this cut is recorded anywhere in code. 117 of the lane's 253 frames are in that state; they are the set the next pass should open first. Carried note: CARRIED partial. WhaleSelectorModal.tsx (+ AskComposer.whaleSend.test.tsx, WhaleSelectorModal.dialogGeometry.test.tsx) ships the whale input in the composer. This 1440 cut was not re-read this pass.	1440=partial @2026-09-14/wave41-home
Skai > Home > Add > Add whale - input 1VH (375 x 812px) [13008-125552]	partial	src/components/home-redesign/whales/WhaleSelectorModal.tsx	/	NOT RE-READ this pass — verdict carried from the work order, which is why it is not `done`. Implementing file(s): src/components/home-redesign/whales/WhaleSelectorModal.tsx, src/components/home-redesign/AskComposer.tsx. NO SOURCE CITATION: a scan of every .ts/.tsx under src/ this pass found no file referencing this node id, so no measurement of this cut is recorded anywhere in code. 117 of the lane's 253 frames are in that state; they are the set the next pass should open first. Carried note: CARRIED partial. WhaleSelectorModal.tsx (+ AskComposer.whaleSend.test.tsx, WhaleSelectorModal.dialogGeometry.test.tsx) ships the whale input in the composer. This 375 cut was not re-read this pass.	375=partial @2026-09-14/wave41-home
Skai > Home > Add > Add whale - input 1VH (768 x 1024px) [13008-125494]	partial	src/components/home-redesign/whales/WhaleSelectorModal.tsx	/	NOT RE-READ this pass — verdict carried from the work order, which is why it is not `done`. Implementing file(s): src/components/home-redesign/whales/WhaleSelectorModal.tsx, src/components/home-redesign/AskComposer.tsx. NO SOURCE CITATION: a scan of every .ts/.tsx under src/ this pass found no file referencing this node id, so no measurement of this cut is recorded anywhere in code. 117 of the lane's 253 frames are in that state; they are the set the next pass should open first. Carried note: CARRIED partial. WhaleSelectorModal.tsx (+ AskComposer.whaleSend.test.tsx, WhaleSelectorModal.dialogGeometry.test.tsx) ships the whale input in the composer. This 768 cut was not re-read this pass.	768=partial @2026-09-14/wave41-home
Skai > Home > Add > Add whale > Select whale 1VH (1440 x 900px) [13008-116983]	partial	src/components/home-redesign/whales/WhaleSelectorModal.tsx	/ (whaleSelectorOpen)	NOT RE-READ, BUT THIS CUT IS THE ONE ADD-WHALE NODE WITH A RECORDED MEASUREMENT, AND IT IS PINNED. WhaleSelectorModal.tsx names this node in its DialogContent comment as one of the three per-breakpoint boards it was built to (mobile 13008:125362 / tablet 13008:125156 / desktop 13008:116983), and two tests assert against it by id: WhaleSelectorModal.dialogGeometry.test.tsx (width, padding, gap, radius per board) and WhaleSelectorModal.rowHinges.test.tsx (the row's value + last-active columns, which the 375 board drops). Structure recorded there: a bare `Search whales…` control row with the close X supplied by DialogContent and no leading search glyph; All chains | Saved | KOLs pill tabs; then one selectable row per whale (avatar, name, truncated address with inline copy, value in $ plus the SKAI equivalent, last-active, external link), where selecting tracks the whale through useTrackedWallets and an already-tracked row renders tracked rather than re-adding. Data is real on all three tabs (getWhaleWallets, KOL-tagged wallets, the user's tracked wallets) and an empty source renders the empty state. The node itself was not opened this pass, so the verdict stays partial and no new number is claimed. The other three Add-whale groups in this lane (`Add whale`, `Add whale - input`, `Add whale - input > conversation 5`) have NO source citation for any of their nine cuts.	1440=partial @2026-09-14/wave41-home
Skai > Home > Add > Add whale > Select whale 1VH (375 x 812px) [13008-125362]	partial	src/components/home-redesign/whales/WhaleSelectorModal.tsx	/ (whaleSelectorOpen)	NOT RE-READ, BUT THIS CUT IS THE ONE ADD-WHALE NODE WITH A RECORDED MEASUREMENT, AND IT IS PINNED. WhaleSelectorModal.tsx names this node in its DialogContent comment as one of the three per-breakpoint boards it was built to (mobile 13008:125362 / tablet 13008:125156 / desktop 13008:116983), and two tests assert against it by id: WhaleSelectorModal.dialogGeometry.test.tsx (width, padding, gap, radius per board) and WhaleSelectorModal.rowHinges.test.tsx (the row's value + last-active columns, which the 375 board drops). Structure recorded there: a bare `Search whales…` control row with the close X supplied by DialogContent and no leading search glyph; All chains | Saved | KOLs pill tabs; then one selectable row per whale (avatar, name, truncated address with inline copy, value in $ plus the SKAI equivalent, last-active, external link), where selecting tracks the whale through useTrackedWallets and an already-tracked row renders tracked rather than re-adding. Data is real on all three tabs (getWhaleWallets, KOL-tagged wallets, the user's tracked wallets) and an empty source renders the empty state. The node itself was not opened this pass, so the verdict stays partial and no new number is claimed. The other three Add-whale groups in this lane (`Add whale`, `Add whale - input`, `Add whale - input > conversation 5`) have NO source citation for any of their nine cuts.	375=partial @2026-09-14/wave41-home
Skai > Home > Add > Add whale > Select whale 1VH (768 x 1024px) [13008-125156]	partial	src/components/home-redesign/whales/WhaleSelectorModal.tsx	/ (whaleSelectorOpen)	NOT RE-READ, BUT THIS CUT IS THE ONE ADD-WHALE NODE WITH A RECORDED MEASUREMENT, AND IT IS PINNED. WhaleSelectorModal.tsx names this node in its DialogContent comment as one of the three per-breakpoint boards it was built to (mobile 13008:125362 / tablet 13008:125156 / desktop 13008:116983), and two tests assert against it by id: WhaleSelectorModal.dialogGeometry.test.tsx (width, padding, gap, radius per board) and WhaleSelectorModal.rowHinges.test.tsx (the row's value + last-active columns, which the 375 board drops). Structure recorded there: a bare `Search whales…` control row with the close X supplied by DialogContent and no leading search glyph; All chains | Saved | KOLs pill tabs; then one selectable row per whale (avatar, name, truncated address with inline copy, value in $ plus the SKAI equivalent, last-active, external link), where selecting tracks the whale through useTrackedWallets and an already-tracked row renders tracked rather than re-adding. Data is real on all three tabs (getWhaleWallets, KOL-tagged wallets, the user's tracked wallets) and an empty source renders the empty state. The node itself was not opened this pass, so the verdict stays partial and no new number is claimed. The other three Add-whale groups in this lane (`Add whale`, `Add whale - input`, `Add whale - input > conversation 5`) have NO source citation for any of their nine cuts.	768=partial @2026-09-14/wave41-home
Skai > Home > Add > Add whale 1VH (1440 x 900px) [13008-115013]	partial	src/components/home-redesign/whales/WhaleSelectorModal.tsx	/ (whaleSelectorOpen)	NOT RE-READ this pass — verdict carried from the work order, which is why it is not `done`. Implementing file(s): src/components/home-redesign/whales/WhaleSelectorModal.tsx. NO SOURCE CITATION: a scan of every .ts/.tsx under src/ this pass found no file referencing this node id, so no measurement of this cut is recorded anywhere in code. 117 of the lane's 253 frames are in that state; they are the set the next pass should open first. Carried note: CARRIED partial. WhaleSelectorModal.tsx (+ AskComposer.whaleSend.test.tsx, WhaleSelectorModal.dialogGeometry.test.tsx) ships the Add whale modal. This 1440 cut was not re-read this pass.	1440=partial @2026-09-14/wave41-home
Skai > Home > Add > Add whale 1VH (375 x 812px) [13008-125298]	partial	src/components/home-redesign/whales/WhaleSelectorModal.tsx	/ (whaleSelectorOpen)	NOT RE-READ this pass — verdict carried from the work order, which is why it is not `done`. Implementing file(s): src/components/home-redesign/whales/WhaleSelectorModal.tsx. NO SOURCE CITATION: a scan of every .ts/.tsx under src/ this pass found no file referencing this node id, so no measurement of this cut is recorded anywhere in code. 117 of the lane's 253 frames are in that state; they are the set the next pass should open first. Carried note: CARRIED partial. WhaleSelectorModal.tsx (+ AskComposer.whaleSend.test.tsx, WhaleSelectorModal.dialogGeometry.test.tsx) ships the Add whale modal. This 375 cut was not re-read this pass.	375=partial @2026-09-14/wave41-home
Skai > Home > Add > Add whale 1VH (768 x 1024px) [13008-125093]	partial	src/components/home-redesign/whales/WhaleSelectorModal.tsx	/ (whaleSelectorOpen)	NOT RE-READ this pass — verdict carried from the work order, which is why it is not `done`. Implementing file(s): src/components/home-redesign/whales/WhaleSelectorModal.tsx. SOURCE CITATION: this node id is referenced in src/components/home-redesign/HomeTopBar.tradeTabletBalance.test.ts, src/components/home-redesign/HomeTopBar.tsx — evidence that some earlier pass measured this cut and recorded the result in code, NOT a measurement made now, and not proof the node still lives on the page the comment names (a wrong-file id resolves silently; see WHALES_TABLET_FRAME_FACTS_2026-09-08.md). Carried note: CARRIED partial. WhaleSelectorModal.tsx (+ AskComposer.whaleSend.test.tsx, WhaleSelectorModal.dialogGeometry.test.tsx) ships the Add whale modal. This 768 cut was not re-read this pass.	768=partial @2026-09-14/wave41-home
Skai > Home > Agentic support - AI master > Create AI agent - step 1 no data 1VH (1440 x 900px) [13447-185789]	partial	src/components/ai/AIAgentManager.tsx	/?tab=myagent (create wizard)	NOT RE-READ this pass — verdict carried from the work order, which is why it is not `done`. Implementing file(s): src/components/ai/AIAgentManager.tsx. NO SOURCE CITATION: a scan of every .ts/.tsx under src/ this pass found no file referencing this node id, so no measurement of this cut is recorded anywhere in code. 117 of the lane's 253 frames are in that state; they are the set the next pass should open first. Carried note: CARRIED partial. src/components/ai/AIAgentManager.tsx (step 1 no data); not re-read this pass.	1440=partial @2026-09-14/wave41-home
Skai > Home > Agentic support - AI master > Create AI agent - step 1 no data 1VH (1440 x 900px) [14179-163655]	partial	src/components/ai/AIAgentManager.tsx	/?tab=myagent (create wizard)	NOT RE-READ this pass — verdict carried from the work order, which is why it is not `done`. Implementing file(s): src/components/ai/AIAgentManager.tsx. NO SOURCE CITATION: a scan of every .ts/.tsx under src/ this pass found no file referencing this node id, so no measurement of this cut is recorded anywhere in code. 117 of the lane's 253 frames are in that state; they are the set the next pass should open first. Carried note: FIRST VERDICT, NOT OPENED THIS PASS. src/components/ai/AIAgentManager.tsx ships the Create AI agent wizard (step 1 no data); the 1440 cuts carry partial rows. This 1440 cut was not compared, and AIAgentManager.tsx has no figma test of its own.	1440=partial @2026-09-14/wave41-home
Skai > Home > Agentic support - AI master > Create AI agent - step 1 no data 1VH (768 x 1024px) [14179-163502]	partial	src/components/ai/AIAgentManager.tsx	/?tab=myagent (create wizard)	NOT RE-READ this pass — verdict carried from the work order, which is why it is not `done`. Implementing file(s): src/components/ai/AIAgentManager.tsx. NO SOURCE CITATION: a scan of every .ts/.tsx under src/ this pass found no file referencing this node id, so no measurement of this cut is recorded anywhere in code. 117 of the lane's 253 frames are in that state; they are the set the next pass should open first. Carried note: FIRST VERDICT, NOT OPENED THIS PASS. src/components/ai/AIAgentManager.tsx ships the Create AI agent wizard (step 1 no data); the 1440 cuts carry partial rows. This 768 cut was not compared, and AIAgentManager.tsx has no figma test of its own.	768=partial @2026-09-14/wave41-home
Skai > Home > Agentic support - AI master > Create AI agent - step 2 - choose personality (768 x 1024px) [14123-78540]	partial	src/components/ai/AIAgentManager.tsx	/?tab=myagent (create wizard)	NOT RE-READ this pass — verdict carried from the work order, which is why it is not `done`. Implementing file(s): src/components/ai/AIAgentManager.tsx. NO SOURCE CITATION: a scan of every .ts/.tsx under src/ this pass found no file referencing this node id, so no measurement of this cut is recorded anywhere in code. 117 of the lane's 253 frames are in that state; they are the set the next pass should open first. Carried note: FIRST VERDICT, NOT OPENED THIS PASS. src/components/ai/AIAgentManager.tsx ships the Create AI agent wizard (step 2 - choose personality); the 1440 cuts carry partial rows. This 768 cut was not compared, and AIAgentManager.tsx has no figma test of its own.	768=partial @2026-09-14/wave41-home
Skai > Home > Agentic support - AI master > Create AI agent - step 2 - choose personality 1VH (1440 x 900px) [13447-186054]	partial	src/components/ai/AIAgentManager.tsx:206	/?tab=myagent (create wizard)	NOT RE-READ this pass — verdict carried from the work order, which is why it is not `done`. Implementing file(s): src/components/ai/AIAgentManager.tsx:206, src/components/ai/AIAgentManager.tsx. NO SOURCE CITATION: a scan of every .ts/.tsx under src/ this pass found no file referencing this node id, so no measurement of this cut is recorded anywhere in code. 117 of the lane's 253 frames are in that state; they are the set the next pass should open first. Carried note: CARRIED partial. src/components/ai/AIAgentManager.tsx (step 2 - choose personality); not re-read this pass.	1440=partial @2026-09-14/wave41-home
Skai > Home > Agentic support - AI master > Create AI agent - step 2 - choose personality 1VH (375 x 812px) [14179-159153]	partial	src/components/ai/AIAgentManager.tsx	/?tab=myagent (create wizard)	NOT RE-READ this pass — verdict carried from the work order, which is why it is not `done`. Implementing file(s): src/components/ai/AIAgentManager.tsx. NO SOURCE CITATION: a scan of every .ts/.tsx under src/ this pass found no file referencing this node id, so no measurement of this cut is recorded anywhere in code. 117 of the lane's 253 frames are in that state; they are the set the next pass should open first. Carried note: FIRST VERDICT, NOT OPENED THIS PASS. src/components/ai/AIAgentManager.tsx ships the Create AI agent wizard (step 2 - choose personality); the 1440 cuts carry partial rows. This 375 cut was not compared, and AIAgentManager.tsx has no figma test of its own.	375=partial @2026-09-14/wave41-home
Skai > Home > Agentic support - AI master > Create AI agent - step 2 - choose personality 2 (375 x 812px) [14179-159712]	partial	src/components/ai/AIAgentManager.tsx	/?tab=myagent (create wizard)	NOT RE-READ this pass — verdict carried from the work order, which is why it is not `done`. Implementing file(s): src/components/ai/AIAgentManager.tsx. NO SOURCE CITATION: a scan of every .ts/.tsx under src/ this pass found no file referencing this node id, so no measurement of this cut is recorded anywhere in code. 117 of the lane's 253 frames are in that state; they are the set the next pass should open first. Carried note: FIRST VERDICT, NOT OPENED THIS PASS. src/components/ai/AIAgentManager.tsx ships the Create AI agent wizard (step 2 - choose personality 2); the 1440 cuts carry partial rows. This 375 cut was not compared, and AIAgentManager.tsx has no figma test of its own.	375=partial @2026-09-14/wave41-home
Skai > Home > Agentic support - AI master > Create AI agent - step 2 - choose personality 2 (768 x 1024px) [14123-80001]	partial	src/components/ai/AIAgentManager.tsx	/?tab=myagent (create wizard)	NOT RE-READ this pass — verdict carried from the work order, which is why it is not `done`. Implementing file(s): src/components/ai/AIAgentManager.tsx. NO SOURCE CITATION: a scan of every .ts/.tsx under src/ this pass found no file referencing this node id, so no measurement of this cut is recorded anywhere in code. 117 of the lane's 253 frames are in that state; they are the set the next pass should open first. Carried note: FIRST VERDICT, NOT OPENED THIS PASS. src/components/ai/AIAgentManager.tsx ships the Create AI agent wizard (step 2 - choose personality 2); the 1440 cuts carry partial rows. This 768 cut was not compared, and AIAgentManager.tsx has no figma test of its own.	768=partial @2026-09-14/wave41-home
Skai > Home > Agentic support - AI master > Create AI agent - step 2 - choose personality 2 1VH (1440 x 900px) [13449-187102]	partial	src/components/ai/AIAgentManager.tsx:206	/?tab=myagent (create wizard)	NOT RE-READ this pass — verdict carried from the work order, which is why it is not `done`. Implementing file(s): src/components/ai/AIAgentManager.tsx:206, src/components/ai/AIAgentManager.tsx. NO SOURCE CITATION: a scan of every .ts/.tsx under src/ this pass found no file referencing this node id, so no measurement of this cut is recorded anywhere in code. 117 of the lane's 253 frames are in that state; they are the set the next pass should open first. Carried note: CARRIED partial. src/components/ai/AIAgentManager.tsx (step 2 - choose personality 2); not re-read this pass.	1440=partial @2026-09-14/wave41-home
Skai > Home > Agentic support - AI master > Create AI agent - step 3 - configure (375 x 812px) [14179-161276]	partial	src/components/ai/AIAgentManager.tsx	/?tab=myagent (create wizard)	NOT RE-READ this pass — verdict carried from the work order, which is why it is not `done`. Implementing file(s): src/components/ai/AIAgentManager.tsx. NO SOURCE CITATION: a scan of every .ts/.tsx under src/ this pass found no file referencing this node id, so no measurement of this cut is recorded anywhere in code. 117 of the lane's 253 frames are in that state; they are the set the next pass should open first. Carried note: FIRST VERDICT, NOT OPENED THIS PASS. src/components/ai/AIAgentManager.tsx ships the Create AI agent wizard (step 3 - configure); the 1440 cuts carry partial rows. This 375 cut was not compared, and AIAgentManager.tsx has no figma test of its own.	375=partial @2026-09-14/wave41-home
Skai > Home > Agentic support - AI master > Create AI agent - step 3 - configure (768 x 1024px) [14123-81330]	partial	src/components/ai/AIAgentManager.tsx	/?tab=myagent (create wizard)	NOT RE-READ this pass — verdict carried from the work order, which is why it is not `done`. Implementing file(s): src/components/ai/AIAgentManager.tsx. NO SOURCE CITATION: a scan of every .ts/.tsx under src/ this pass found no file referencing this node id, so no measurement of this cut is recorded anywhere in code. 117 of the lane's 253 frames are in that state; they are the set the next pass should open first. Carried note: FIRST VERDICT, NOT OPENED THIS PASS. src/components/ai/AIAgentManager.tsx ships the Create AI agent wizard (step 3 - configure); the 1440 cuts carry partial rows. This 768 cut was not compared, and AIAgentManager.tsx has no figma test of its own.	768=partial @2026-09-14/wave41-home
Skai > Home > Agentic support - AI master > Create AI agent - step 3 - configure > Confirm 1VH (1440 x 900px) [13449-190129]	partial	src/components/ai/AIAgentManager.tsx	/?tab=myagent (create wizard)	NOT RE-READ this pass — verdict carried from the work order, which is why it is not `done`. Implementing file(s): src/components/ai/AIAgentManager.tsx. NO SOURCE CITATION: a scan of every .ts/.tsx under src/ this pass found no file referencing this node id, so no measurement of this cut is recorded anywhere in code. 117 of the lane's 253 frames are in that state; they are the set the next pass should open first. Carried note: CARRIED partial. src/components/ai/AIAgentManager.tsx (step 3 - configure > Confirm); not re-read this pass.	1440=partial @2026-09-14/wave41-home
Skai > Home > Agentic support - AI master > Create AI agent - step 3 - configure > Confirm 1VH (375 x 812px) [14179-162716]	partial	src/components/ai/AIAgentManager.tsx	/?tab=myagent (create wizard)	NOT RE-READ this pass — verdict carried from the work order, which is why it is not `done`. Implementing file(s): src/components/ai/AIAgentManager.tsx. NO SOURCE CITATION: a scan of every .ts/.tsx under src/ this pass found no file referencing this node id, so no measurement of this cut is recorded anywhere in code. 117 of the lane's 253 frames are in that state; they are the set the next pass should open first. Carried note: FIRST VERDICT, NOT OPENED THIS PASS. src/components/ai/AIAgentManager.tsx ships the Create AI agent wizard (step 3 - configure > Confirm); the 1440 cuts carry partial rows. This 375 cut was not compared, and AIAgentManager.tsx has no figma test of its own.	375=partial @2026-09-14/wave41-home
Skai > Home > Agentic support - AI master > Create AI agent - step 3 - configure > Confirm 1VH (768 x 1024px) [14315-247761]	partial	src/components/ai/AIAgentManager.tsx	/?tab=myagent (create wizard)	NOT RE-READ this pass — verdict carried from the work order, which is why it is not `done`. Implementing file(s): src/components/ai/AIAgentManager.tsx. NO SOURCE CITATION: a scan of every .ts/.tsx under src/ this pass found no file referencing this node id, so no measurement of this cut is recorded anywhere in code. 117 of the lane's 253 frames are in that state; they are the set the next pass should open first. Carried note: FIRST VERDICT, NOT OPENED THIS PASS. src/components/ai/AIAgentManager.tsx ships the Create AI agent wizard (step 3 - configure > Confirm); the 1440 cuts carry partial rows. This 768 cut was not compared, and AIAgentManager.tsx has no figma test of its own.	768=partial @2026-09-14/wave41-home
Skai > Home > Agentic support - AI master > Create AI agent - step 3 - configure 1VH (1440 x 900px) [13449-186702]	partial	src/components/ai/AIAgentManager.tsx:339	/?tab=myagent (create wizard)	NOT RE-READ this pass — verdict carried from the work order, which is why it is not `done`. Implementing file(s): src/components/ai/AIAgentManager.tsx:339, src/components/ai/AIAgentManager.tsx. NO SOURCE CITATION: a scan of every .ts/.tsx under src/ this pass found no file referencing this node id, so no measurement of this cut is recorded anywhere in code. 117 of the lane's 253 frames are in that state; they are the set the next pass should open first. Carried note: CARRIED partial. src/components/ai/AIAgentManager.tsx (step 3 - configure); not re-read this pass.	1440=partial @2026-09-14/wave41-home
Skai > Home > Agentic support - AI master > Create AI agent 1VH (1440 x 900px) [13447-185120]	partial	src/components/ai/AIAgentManager.tsx	/?tab=myagent (create wizard)	NOT RE-READ this pass — verdict carried from the work order, which is why it is not `done`. Implementing file(s): src/components/ai/AIAgentManager.tsx. NO SOURCE CITATION: a scan of every .ts/.tsx under src/ this pass found no file referencing this node id, so no measurement of this cut is recorded anywhere in code. 117 of the lane's 253 frames are in that state; they are the set the next pass should open first. Carried note: CARRIED partial. src/components/ai/AIAgentManager.tsx (1VH); not re-read this pass.	1440=partial @2026-09-14/wave41-home
Skai > Home > Agentic support - AI master > Create AI agent 1VH (375 x 812px) [14179-158963]	partial	src/components/ai/AIAgentManager.tsx	/?tab=myagent (create wizard)	NOT RE-READ this pass — verdict carried from the work order, which is why it is not `done`. Implementing file(s): src/components/ai/AIAgentManager.tsx. NO SOURCE CITATION: a scan of every .ts/.tsx under src/ this pass found no file referencing this node id, so no measurement of this cut is recorded anywhere in code. 117 of the lane's 253 frames are in that state; they are the set the next pass should open first. Carried note: FIRST VERDICT, NOT OPENED THIS PASS. src/components/ai/AIAgentManager.tsx ships the Create AI agent wizard (1VH); the 1440 cuts carry partial rows. This 375 cut was not compared, and AIAgentManager.tsx has no figma test of its own.	375=partial @2026-09-14/wave41-home
Skai > Home > Agentic support - AI master > Create AI agent 1VH (768 x 1024px) [14123-77740]	partial	src/components/ai/AIAgentManager.tsx	/?tab=myagent (create wizard)	NOT RE-READ this pass — verdict carried from the work order, which is why it is not `done`. Implementing file(s): src/components/ai/AIAgentManager.tsx. NO SOURCE CITATION: a scan of every .ts/.tsx under src/ this pass found no file referencing this node id, so no measurement of this cut is recorded anywhere in code. 117 of the lane's 253 frames are in that state; they are the set the next pass should open first. Carried note: FIRST VERDICT, NOT OPENED THIS PASS. src/components/ai/AIAgentManager.tsx ships the Create AI agent wizard (1VH); the 1440 cuts carry partial rows. This 768 cut was not compared, and AIAgentManager.tsx has no figma test of its own.	768=partial @2026-09-14/wave41-home
Skai > Home > Agentic support - AI master 1VH (1440 x 900px) [13445-184106]	partial	src/components/home-redesign/agents/AgentAutomationsScreen.tsx	/?tab=myagent	NOT RE-READ this pass — verdict carried from the work order, which is why it is not `done`. Implementing file(s): src/components/home-redesign/agents/AgentAutomationsScreen.tsx. NO SOURCE CITATION: a scan of every .ts/.tsx under src/ this pass found no file referencing this node id, so no measurement of this cut is recorded anywhere in code. 117 of the lane's 253 frames are in that state; they are the set the next pass should open first. Carried note: CARRIED partial. AgentAutomationsScreen.tsx; not re-read this pass.	1440=partial @2026-09-14/wave41-home
Skai > Home > Agentic support - AI master 1VH (375 x 812px) [14179-158300]	partial	src/components/home-redesign/agents/AgentAutomationsScreen.tsx	/?tab=myagent	NOT RE-READ this pass — verdict carried from the work order, which is why it is not `done`. Implementing file(s): src/components/home-redesign/agents/AgentAutomationsScreen.tsx. NO SOURCE CITATION: a scan of every .ts/.tsx under src/ this pass found no file referencing this node id, so no measurement of this cut is recorded anywhere in code. 117 of the lane's 253 frames are in that state; they are the set the next pass should open first. Carried note: FIRST VERDICT, NOT OPENED THIS PASS. AgentAutomationsScreen.tsx ships AI master (AgentAutomationsScreen.brand.test.tsx); this 375 cut was not compared.	375=partial @2026-09-14/wave41-home
Skai > Home > Agentic support - AI master 1VH (768 x 1024px) [14123-77342]	partial	src/components/home-redesign/agents/AgentAutomationsScreen.tsx	/?tab=myagent	NOT RE-READ this pass — verdict carried from the work order, which is why it is not `done`. Implementing file(s): src/components/home-redesign/agents/AgentAutomationsScreen.tsx. NO SOURCE CITATION: a scan of every .ts/.tsx under src/ this pass found no file referencing this node id, so no measurement of this cut is recorded anywhere in code. 117 of the lane's 253 frames are in that state; they are the set the next pass should open first. Carried note: FIRST VERDICT, NOT OPENED THIS PASS. AgentAutomationsScreen.tsx ships AI master (AgentAutomationsScreen.brand.test.tsx); this 768 cut was not compared.	768=partial @2026-09-14/wave41-home
Skai > Home > Agentic support - Backtesting > conversation 6 > All backtests 1VH (375 x 812px) [13008-130217]	partial	src/components/home-redesign/conversation/ConversationView.tsx	/ (RedesignHome + BacktestScreen, backtest history dialog)	NOT RE-READ this pass — verdict carried from the work order, which is why it is not `done`. Implementing file(s): src/components/home-redesign/conversation/ConversationView.tsx, src/components/home-redesign/screens/BacktestScreen.tsx, src/components/home-redesign/conversation/backtest/SearchStrategiesModal.tsx. SOURCE CITATION: this node id is referenced in src/components/home-redesign/conversation/ConversationView.dockedFade.figma.test.ts, src/components/home-redesign/conversation/ConversationView.tsx — evidence that some earlier pass measured this cut and recorded the result in code, NOT a measurement made now, and not proof the node still lives on the page the comment names (a wrong-file id resolves silently; see WHALES_TABLET_FRAME_FACTS_2026-09-08.md). Carried note: CARRIED partial. BacktestScreen.tsx + ConversationView.tsx + SearchStrategiesModal.tsx ship the All backtests dialog; SearchStrategiesModal.figma.test.tsx and BacktestResponseCard.figma.test.tsx pin earlier reads. This 375 cut was not re-read this pass.	375=partial @2026-09-14/wave41-home
Skai > Home > Agentic support - Backtesting > conversation 6 > All backtests 1VH (768 x 1024px) [13008-130123]	partial	src/components/home-redesign/conversation/ConversationView.tsx	/ (RedesignHome + BacktestScreen, backtest history dialog)	NOT RE-READ this pass — verdict carried from the work order, which is why it is not `done`. Implementing file(s): src/components/home-redesign/conversation/ConversationView.tsx, src/components/home-redesign/screens/BacktestScreen.tsx, src/components/home-redesign/conversation/backtest/SearchStrategiesModal.tsx. NO SOURCE CITATION: a scan of every .ts/.tsx under src/ this pass found no file referencing this node id, so no measurement of this cut is recorded anywhere in code. 117 of the lane's 253 frames are in that state; they are the set the next pass should open first. Carried note: CARRIED partial. BacktestScreen.tsx + ConversationView.tsx + SearchStrategiesModal.tsx ship the All backtests dialog; SearchStrategiesModal.figma.test.tsx and BacktestResponseCard.figma.test.tsx pin earlier reads. This 768 cut was not re-read this pass.	768=partial @2026-09-14/wave41-home
Skai > Home > Agentic support - Backtesting > conversation 6 > Replicate Sample Strategy > Custom code > Chart sample 1VH (1440 x 900px) [13008-118798]	partial	src/components/home-redesign/conversation/ConversationView.tsx	/ (RedesignHome, full-screen chart overlay)	NOT RE-READ this pass — verdict carried from the work order, which is why it is not `done`. Implementing file(s): src/components/home-redesign/conversation/ConversationView.tsx, src/components/home-redesign/conversation/chart/BacktestFullscreenChart.tsx, src/components/home-redesign/conversation/chart/CandlestickFullscreen.tsx. SOURCE CITATION: this node id is referenced in src/components/home-redesign/conversation/chart/BacktestFullscreenChart.tsx, src/components/home-redesign/conversation/ConversationView.chartOverlay.figma.test.ts, src/components/home-redesign/conversation/ConversationView.tsx — evidence that some earlier pass measured this cut and recorded the result in code, NOT a measurement made now, and not proof the node still lives on the page the comment names (a wrong-file id resolves silently; see WHALES_TABLET_FRAME_FACTS_2026-09-08.md). Carried note: CARRIED partial. CandlestickFullscreen.tsx + BacktestFullscreenChart.tsx ship the full-screen chart; three CandlestickFullscreen figma tests pin header, price chip and exit pill. This 1440 cut was not re-read this pass.	1440=partial @2026-09-14/wave41-home
Skai > Home > Agentic support - Backtesting > conversation 6 > Replicate Sample Strategy > Custom code > Chart sample 1VH (375 x 812px) [13008-128626]	partial	src/components/home-redesign/conversation/ConversationView.tsx	/ (RedesignHome, full-screen chart overlay)	NOT RE-READ this pass — verdict carried from the work order, which is why it is not `done`. Implementing file(s): src/components/home-redesign/conversation/ConversationView.tsx, src/components/home-redesign/conversation/chart/BacktestFullscreenChart.tsx, src/components/home-redesign/conversation/, src/components/home-redesign/conversation/chart/CandlestickFullscreen.tsx. SOURCE CITATION: this node id is referenced in src/components/home-redesign/conversation/ConversationView.chartOverlay.figma.test.ts, src/components/home-redesign/conversation/ConversationView.tsx — evidence that some earlier pass measured this cut and recorded the result in code, NOT a measurement made now, and not proof the node still lives on the page the comment names (a wrong-file id resolves silently; see WHALES_TABLET_FRAME_FACTS_2026-09-08.md). Carried note: CARRIED partial. CandlestickFullscreen.tsx + BacktestFullscreenChart.tsx ship the full-screen chart; three CandlestickFullscreen figma tests pin header, price chip and exit pill. This 375 cut was not re-read this pass.	375=partial @2026-09-14/wave41-home
Skai > Home > Agentic support - Backtesting > conversation 6 > Replicate Sample Strategy > Custom code > Chart sample 1VH (768 x 1024px) [13008-127063]	frame-defect	src/components/home-redesign/conversation/ConversationView.tsx	/ (RedesignHome, full-screen chart overlay)	NOT RE-READ this pass — verdict carried from the work order, which is why it is not `done`. Implementing file(s): src/components/home-redesign/conversation/ConversationView.tsx, src/components/home-redesign/conversation/chart/BacktestFullscreenChart.tsx, src/components/home-redesign/conversation/, src/components/home-redesign/conversation/chart/CandlestickFullscreen.tsx. SOURCE CITATION: this node id is referenced in src/components/home-redesign/conversation/ConversationView.chartOverlay.figma.test.ts, src/components/home-redesign/conversation/ConversationView.tsx — evidence that some earlier pass measured this cut and recorded the result in code, NOT a measurement made now, and not proof the node still lives on the page the comment names (a wrong-file id resolves silently; see WHALES_TABLET_FRAME_FACTS_2026-09-08.md). Carried note: CARRIED frame-defect from the earlier row: the 768 chart-sample frame is the defective one and the code is right. Not re-read this pass.	768=broken @2026-09-14/wave41-home
Skai > Home > Agentic support - Backtesting > conversation 6 1VH (375 x 812px) [14178-143359]	partial	src/components/home-redesign/screens/BacktestScreen.tsx	/ (RedesignHome + BacktestScreen)	NOT RE-READ this pass — verdict carried from the work order, which is why it is not `done`. Implementing file(s): src/components/home-redesign/screens/BacktestScreen.tsx. NO SOURCE CITATION: a scan of every .ts/.tsx under src/ this pass found no file referencing this node id, so no measurement of this cut is recorded anywhere in code. 117 of the lane's 253 frames are in that state; they are the set the next pass should open first. Carried note: FIRST VERDICT, NOT OPENED THIS PASS. The Backtesting conversation at 375; BacktestScreen.tsx + ConversationView.tsx ship it and the 768 / 1440 siblings carry partial rows. No read of this node.	375=partial @2026-09-14/wave41-home
Skai > Home > Intelligent support - Analysis (768 x 1024px) [14113-76027]	partial	src/components/home-redesign/screens/AnalysisScreen.tsx	/?tab=analysis	NOT RE-READ this pass — verdict carried from the work order, which is why it is not `done`. Implementing file(s): src/components/home-redesign/screens/AnalysisScreen.tsx. SOURCE CITATION: this node id is referenced in src/components/home-redesign/screens/AnalysisScreen.body.figma.test.tsx, src/components/home-redesign/screens/AnalysisScreen.tsx, src/components/home-redesign/screens/backControlTouchFloor.test.ts — evidence that some earlier pass measured this cut and recorded the result in code, NOT a measurement made now, and not proof the node still lives on the page the comment names (a wrong-file id resolves silently; see WHALES_TABLET_FRAME_FACTS_2026-09-08.md). Carried note: FIRST VERDICT, NOT OPENED THIS PASS. AnalysisScreen.tsx ships Analysis; this 768 cut was not compared.	768=partial @2026-09-14/wave41-home
Skai > Home > Intelligent support - Analysis > display settings 1VH (1440 x 900px) [13444-182982]	partial	src/components/home-redesign/screens/AnalysisScreen.tsx	/?tab=analysis (display settings)	NOT RE-READ this pass — verdict carried from the work order, which is why it is not `done`. Implementing file(s): src/components/home-redesign/screens/AnalysisScreen.tsx, src/components/home-redesign/screens/DisplaySettingsPanel.tsx. SOURCE CITATION: this node id is referenced in src/components/home-redesign/market-intel/MarketIntelScreen.tsx, src/components/home-redesign/screens/displaySettingsPanel.figma.test.tsx, src/components/home-redesign/screens/DisplaySettingsPanel.tsx — evidence that some earlier pass measured this cut and recorded the result in code, NOT a measurement made now, and not proof the node still lives on the page the comment names (a wrong-file id resolves silently; see WHALES_TABLET_FRAME_FACTS_2026-09-08.md). Carried note: FIRST VERDICT, NOT OPENED THIS PASS, AND THE EARLIER not-started IS STALE: DisplaySettingsPanel.tsx exists, is mounted by AnalysisScreen.tsx:645, and displaySettingsPanel.figma.test.tsx pins it. So the drawer is built; whether it matches this 1440 cut is unmeasured, which is partial, not not-started.	1440=partial @2026-09-14/wave41-home
Skai > Home > Intelligent support - Analysis > display settings 1VH (375 x 812px) [14179-157892]	partial	src/components/home-redesign/screens/DisplaySettingsPanel.tsx	/?tab=analysis (display settings)	NOT RE-READ this pass — verdict carried from the work order, which is why it is not `done`. Implementing file(s): src/components/home-redesign/screens/DisplaySettingsPanel.tsx. SOURCE CITATION: this node id is referenced in src/components/home-redesign/screens/backControlTouchFloor.test.ts — evidence that some earlier pass measured this cut and recorded the result in code, NOT a measurement made now, and not proof the node still lives on the page the comment names (a wrong-file id resolves silently; see WHALES_TABLET_FRAME_FACTS_2026-09-08.md). Carried note: FIRST VERDICT, NOT OPENED THIS PASS, AND THE EARLIER not-started IS STALE: DisplaySettingsPanel.tsx exists, is mounted by AnalysisScreen.tsx:645, and displaySettingsPanel.figma.test.tsx pins it. So the drawer is built; whether it matches this 375 cut is unmeasured, which is partial, not not-started.	375=partial @2026-09-14/wave41-home
Skai > Home > Intelligent support - Analysis > display settings 1VH (768 x 1024px) [14113-76606]	partial	src/components/home-redesign/screens/DisplaySettingsPanel.tsx	/?tab=analysis (display settings)	NOT RE-READ this pass — verdict carried from the work order, which is why it is not `done`. Implementing file(s): src/components/home-redesign/screens/DisplaySettingsPanel.tsx. NO SOURCE CITATION: a scan of every .ts/.tsx under src/ this pass found no file referencing this node id, so no measurement of this cut is recorded anywhere in code. 117 of the lane's 253 frames are in that state; they are the set the next pass should open first. Carried note: FIRST VERDICT, NOT OPENED THIS PASS, AND THE EARLIER not-started IS STALE: DisplaySettingsPanel.tsx exists, is mounted by AnalysisScreen.tsx:645, and displaySettingsPanel.figma.test.tsx pins it. So the drawer is built; whether it matches this 768 cut is unmeasured, which is partial, not not-started.	768=partial @2026-09-14/wave41-home
Skai > Home > Intelligent support - Analysis 1VH (1440 x 900px) [13438-182088]	partial	src/components/home-redesign/screens/AnalysisScreen.tsx	/?tab=analysis	NOT RE-READ this pass — verdict carried from the work order, which is why it is not `done`. Implementing file(s): src/components/home-redesign/screens/AnalysisScreen.tsx. SOURCE CITATION: this node id is referenced in src/components/home-redesign/screens/backControlTouchFloor.test.ts, src/components/home-redesign/screens/screenH1Ramp.figma.test.ts — evidence that some earlier pass measured this cut and recorded the result in code, NOT a measurement made now, and not proof the node still lives on the page the comment names (a wrong-file id resolves silently; see WHALES_TABLET_FRAME_FACTS_2026-09-08.md). Carried note: CARRIED partial. AnalysisScreen.tsx; not re-read this pass.	1440=partial @2026-09-14/wave41-home
Skai > Home > Intelligent support - Market intel (1440 x 900px) [13391-165819]	partial	src/components/home-redesign/market-intel/MarketIntelScreen.tsx	/?tab=market	NOT RE-READ this pass — verdict carried from the work order, which is why it is not `done`. Implementing file(s): src/components/home-redesign/market-intel/MarketIntelScreen.tsx. SOURCE CITATION: this node id is referenced in src/components/home-redesign/market-intel/marketIntelFilterMenu.test.tsx, src/components/home-redesign/market-intel/MarketIntelScreen.tsx, src/components/home-redesign/screens/backControlTouchFloor.test.ts — evidence that some earlier pass measured this cut and recorded the result in code, NOT a measurement made now, and not proof the node still lives on the page the comment names (a wrong-file id resolves silently; see WHALES_TABLET_FRAME_FACTS_2026-09-08.md). Carried note: CARRIED partial. MarketIntelScreen.tsx; not re-read this pass.	1440=partial @2026-09-14/wave41-home
Skai > Home > Intelligent support - Market intel (375 x 812px) [14160-131918]	partial	src/components/home-redesign/market-intel/MarketIntelScreen.tsx	/?tab=market	NOT RE-READ this pass — verdict carried from the work order, which is why it is not `done`. Implementing file(s): src/components/home-redesign/market-intel/MarketIntelScreen.tsx. SOURCE CITATION: this node id is referenced in src/components/home-redesign/market-intel/MarketIntelScreen.tsx, src/components/home-redesign/screens/backControlTouchFloor.test.ts — evidence that some earlier pass measured this cut and recorded the result in code, NOT a measurement made now, and not proof the node still lives on the page the comment names (a wrong-file id resolves silently; see WHALES_TABLET_FRAME_FACTS_2026-09-08.md). Carried note: FIRST VERDICT, NOT OPENED THIS PASS. MarketIntelScreen.tsx ships Market intel; marketIntelPhoneRhythm.test.ts and MarketIntelTickerCard.geometry.test.tsx pin the phone rhythm and ticker card. This 375 cut was not compared.	375=partial @2026-09-14/wave41-home
Skai > Home > Intelligent support - Market intel (768 x 1024px) [14315-246829]	partial	src/components/home-redesign/market-intel/MarketIntelScreen.tsx	/?tab=market	NOT RE-READ this pass — verdict carried from the work order, which is why it is not `done`. Implementing file(s): src/components/home-redesign/market-intel/MarketIntelScreen.tsx. SOURCE CITATION: this node id is referenced in src/components/home-redesign/market-intel/MarketIntelScreen.tsx, src/components/home-redesign/screens/backControlTouchFloor.test.ts — evidence that some earlier pass measured this cut and recorded the result in code, NOT a measurement made now, and not proof the node still lives on the page the comment names (a wrong-file id resolves silently; see WHALES_TABLET_FRAME_FACTS_2026-09-08.md). Carried note: FIRST VERDICT, NOT OPENED THIS PASS. MarketIntelScreen.tsx ships Market intel; marketIntelPhoneRhythm.test.ts and MarketIntelTickerCard.geometry.test.tsx pin the phone rhythm and ticker card. This 768 cut was not compared.	768=partial @2026-09-14/wave41-home
Skai > Home > Intelligent support - Market intel > AI market signals (375 x 812px) [14160-136184]	partial	src/components/home-redesign/feed/AiSignalsCards.tsx	/?tab=market&view=signals (MarketIntelScreen)	NOT RE-READ this pass — verdict carried from the work order, which is why it is not `done`. Implementing file(s): src/components/home-redesign/feed/AiSignalsCards.tsx. SOURCE CITATION: this node id is referenced in src/components/home-redesign/feed/AiSignalsCards.tsx — evidence that some earlier pass measured this cut and recorded the result in code, NOT a measurement made now, and not proof the node still lives on the page the comment names (a wrong-file id resolves silently; see WHALES_TABLET_FRAME_FACTS_2026-09-08.md). Carried note: CARRIED partial. AiSignalsCards.tsx ships the signals cards (aiSignalsCards.figma.test.ts, signalsAccordion.figma.test.tsx); this 375 cut was not re-read this pass.	375=partial @2026-09-14/wave41-home
Skai > Home > Intelligent support - Market intel > AI market signals 1VH (1440 x 900px) [13391-170434]	partial	src/components/home-redesign/feed/AiSignalsCards.tsx	/?tab=market&view=signals (MarketIntelScreen)	NOT RE-READ this pass — verdict carried from the work order, which is why it is not `done`. Implementing file(s): src/components/home-redesign/feed/AiSignalsCards.tsx. SOURCE CITATION: this node id is referenced in src/components/home-redesign/feed/AiSignalsCards.tsx — evidence that some earlier pass measured this cut and recorded the result in code, NOT a measurement made now, and not proof the node still lives on the page the comment names (a wrong-file id resolves silently; see WHALES_TABLET_FRAME_FACTS_2026-09-08.md). Carried note: CARRIED partial. AiSignalsCards.tsx ships the signals cards (aiSignalsCards.figma.test.ts, signalsAccordion.figma.test.tsx); this 1440 cut was not re-read this pass.	1440=partial @2026-09-14/wave41-home
Skai > Home > Intelligent support - Market intel > AI market signals 1VH (768 x 1024px) [14094-54390]	partial	src/components/home-redesign/feed/AiSignalsCards.tsx	/?tab=market&view=signals (MarketIntelScreen)	NOT RE-READ this pass — verdict carried from the work order, which is why it is not `done`. Implementing file(s): src/components/home-redesign/feed/AiSignalsCards.tsx. SOURCE CITATION: this node id is referenced in src/components/home-redesign/feed/AiSignalsCards.tsx — evidence that some earlier pass measured this cut and recorded the result in code, NOT a measurement made now, and not proof the node still lives on the page the comment names (a wrong-file id resolves silently; see WHALES_TABLET_FRAME_FACTS_2026-09-08.md). Carried note: CARRIED partial. AiSignalsCards.tsx ships the signals cards (aiSignalsCards.figma.test.ts, signalsAccordion.figma.test.tsx); this 768 cut was not re-read this pass.	768=partial @2026-09-14/wave41-home
Skai > Home > Intelligent support - Market intel > Manage intel - all selected 1VH (375 x 812px) [14160-135347]	partial	src/components/home-redesign/market-intel/ManageIntelPanel.tsx	/?tab=market (manageOpen)	NOT RE-READ this pass — verdict carried from the work order, which is why it is not `done`. Implementing file(s): src/components/home-redesign/market-intel/ManageIntelPanel.tsx. NO SOURCE CITATION: a scan of every .ts/.tsx under src/ this pass found no file referencing this node id, so no measurement of this cut is recorded anywhere in code. 117 of the lane's 253 frames are in that state; they are the set the next pass should open first. Carried note: FIRST VERDICT, NOT OPENED THIS PASS. ManageIntelPanel.tsx ships the panel; manageIntelPhoneScale / manageIntelViewportPinning / manageIntelSurfaceRows tests pin it from earlier reads. This 375 cut was not compared.	375=partial @2026-09-14/wave41-home
Skai > Home > Intelligent support - Market intel > Manage intel - all selected 1VH (768 x 1024px) [14077-52941]	partial	src/components/home-redesign/market-intel/ManageIntelPanel.tsx	/?tab=market (manageOpen)	NOT RE-READ this pass — verdict carried from the work order, which is why it is not `done`. Implementing file(s): src/components/home-redesign/market-intel/ManageIntelPanel.tsx. NO SOURCE CITATION: a scan of every .ts/.tsx under src/ this pass found no file referencing this node id, so no measurement of this cut is recorded anywhere in code. 117 of the lane's 253 frames are in that state; they are the set the next pass should open first. Carried note: FIRST VERDICT, NOT OPENED THIS PASS. ManageIntelPanel.tsx ships the panel; manageIntelPhoneScale / manageIntelViewportPinning / manageIntelSurfaceRows tests pin it from earlier reads. This 768 cut was not compared.	768=partial @2026-09-14/wave41-home
Skai > Home > Intelligent support - Market intel > Manage intel - few selected 1VH (375 x 812px) [14160-134708]	partial	src/components/home-redesign/market-intel/ManageIntelPanel.tsx	/?tab=market (manageOpen)	NOT RE-READ this pass — verdict carried from the work order, which is why it is not `done`. Implementing file(s): src/components/home-redesign/market-intel/ManageIntelPanel.tsx. NO SOURCE CITATION: a scan of every .ts/.tsx under src/ this pass found no file referencing this node id, so no measurement of this cut is recorded anywhere in code. 117 of the lane's 253 frames are in that state; they are the set the next pass should open first. Carried note: FIRST VERDICT, NOT OPENED THIS PASS. ManageIntelPanel.tsx ships the panel; manageIntelPhoneScale / manageIntelViewportPinning / manageIntelSurfaceRows tests pin it from earlier reads. This 375 cut was not compared.	375=partial @2026-09-14/wave41-home
Skai > Home > Intelligent support - Market intel > Manage intel - few selected 1VH (768 x 1024px) [14268-166261]	partial	src/components/home-redesign/market-intel/ManageIntelPanel.tsx	/?tab=market (manageOpen)	NOT RE-READ this pass — verdict carried from the work order, which is why it is not `done`. Implementing file(s): src/components/home-redesign/market-intel/ManageIntelPanel.tsx. NO SOURCE CITATION: a scan of every .ts/.tsx under src/ this pass found no file referencing this node id, so no measurement of this cut is recorded anywhere in code. 117 of the lane's 253 frames are in that state; they are the set the next pass should open first. Carried note: FIRST VERDICT, NOT OPENED THIS PASS. ManageIntelPanel.tsx ships the panel; manageIntelPhoneScale / manageIntelViewportPinning / manageIntelSurfaceRows tests pin it from earlier reads. This 768 cut was not compared.	768=partial @2026-09-14/wave41-home
Skai > Home > Intelligent support - Market intel 1VH (1440 x 900px) [13388-149975]	partial	src/components/home-redesign/market-intel/MarketIntelScreen.tsx	/?tab=market	NOT RE-READ this pass — verdict carried from the work order, which is why it is not `done`. Implementing file(s): src/components/home-redesign/market-intel/MarketIntelScreen.tsx. SOURCE CITATION: this node id is referenced in src/components/home-redesign/market-intel/MarketIntelScreen.tsx — evidence that some earlier pass measured this cut and recorded the result in code, NOT a measurement made now, and not proof the node still lives on the page the comment names (a wrong-file id resolves silently; see WHALES_TABLET_FRAME_FACTS_2026-09-08.md). Carried note: CARRIED partial. MarketIntelScreen.tsx; not re-read this pass.	1440=partial @2026-09-14/wave41-home
Skai > Home > Intelligent support - Market intel 1VH (375 x 812px) [14160-131728]	partial	src/components/home-redesign/market-intel/MarketIntelScreen.tsx	/?tab=market	NOT RE-READ this pass — verdict carried from the work order, which is why it is not `done`. Implementing file(s): src/components/home-redesign/market-intel/MarketIntelScreen.tsx. NO SOURCE CITATION: a scan of every .ts/.tsx under src/ this pass found no file referencing this node id, so no measurement of this cut is recorded anywhere in code. 117 of the lane's 253 frames are in that state; they are the set the next pass should open first. Carried note: FIRST VERDICT, NOT OPENED THIS PASS. MarketIntelScreen.tsx ships Market intel; marketIntelPhoneRhythm.test.ts and MarketIntelTickerCard.geometry.test.tsx pin the phone rhythm and ticker card. This 375 cut was not compared.	375=partial @2026-09-14/wave41-home
Skai > Home > Intelligent support - Market intel 1VH (768 x 1024px) [14062-50444]	partial	src/components/home-redesign/market-intel/MarketIntelScreen.tsx	/?tab=market	NOT RE-READ this pass — verdict carried from the work order, which is why it is not `done`. Implementing file(s): src/components/home-redesign/market-intel/MarketIntelScreen.tsx. NO SOURCE CITATION: a scan of every .ts/.tsx under src/ this pass found no file referencing this node id, so no measurement of this cut is recorded anywhere in code. 117 of the lane's 253 frames are in that state; they are the set the next pass should open first. Carried note: FIRST VERDICT, NOT OPENED THIS PASS. MarketIntelScreen.tsx ships Market intel; marketIntelPhoneRhythm.test.ts and MarketIntelTickerCard.geometry.test.tsx pin the phone rhythm and ticker card. This 768 cut was not compared.	768=partial @2026-09-14/wave41-home
Skai > Home > Intelligent support - Market signals (375 x 812px) [14160-137998]	partial	src/components/home-redesign/feed/AiSignalsCards.tsx	/?tab=signals (SignalsScreen)	NOT RE-READ this pass — verdict carried from the work order, which is why it is not `done`. Implementing file(s): src/components/home-redesign/feed/AiSignalsCards.tsx. SOURCE CITATION: this node id is referenced in src/components/home-redesign/feed/AiSignalsCards.tsx, src/components/home-redesign/screens/backControlTouchFloor.test.ts, src/components/home-redesign/screens/SignalsAtAGlance.tsx, src/components/home-redesign/screens/SignalsScreen.body.figma.test.tsx (+1 more) — evidence that some earlier pass measured this cut and recorded the result in code, NOT a measurement made now, and not proof the node still lives on the page the comment names (a wrong-file id resolves silently; see WHALES_TABLET_FRAME_FACTS_2026-09-08.md). Carried note: CARRIED partial. AiSignalsCards.tsx ships the signals cards (aiSignalsCards.figma.test.ts, signalsAccordion.figma.test.tsx); this 375 cut was not re-read this pass.	375=partial @2026-09-14/wave41-home
Skai > Home > Intelligent support - Market signals (768 x 1024px) [14094-67930]	partial	src/components/home-redesign/feed/AiSignalsCards.tsx	/?tab=signals (SignalsScreen)	NOT RE-READ this pass — verdict carried from the work order, which is why it is not `done`. Implementing file(s): src/components/home-redesign/feed/AiSignalsCards.tsx. SOURCE CITATION: this node id is referenced in src/components/home-redesign/feed/AiSignalsCards.tsx — evidence that some earlier pass measured this cut and recorded the result in code, NOT a measurement made now, and not proof the node still lives on the page the comment names (a wrong-file id resolves silently; see WHALES_TABLET_FRAME_FACTS_2026-09-08.md). Carried note: CARRIED partial. AiSignalsCards.tsx ships the signals cards (aiSignalsCards.figma.test.ts, signalsAccordion.figma.test.tsx); this 768 cut was not re-read this pass.	768=partial @2026-09-14/wave41-home
Skai > Home > Intelligent support - Market signals 1VH (1440 x 900px) [13401-171586]	partial	src/components/home-redesign/feed/AiSignalsCards.tsx	/?tab=signals (SignalsScreen)	NOT RE-READ this pass — verdict carried from the work order, which is why it is not `done`. Implementing file(s): src/components/home-redesign/feed/AiSignalsCards.tsx. SOURCE CITATION: this node id is referenced in src/components/home-redesign/feed/AiSignalsCards.tsx, src/components/home-redesign/market-intel/MarketIntelScreen.tsx — evidence that some earlier pass measured this cut and recorded the result in code, NOT a measurement made now, and not proof the node still lives on the page the comment names (a wrong-file id resolves silently; see WHALES_TABLET_FRAME_FACTS_2026-09-08.md). Carried note: CARRIED partial. AiSignalsCards.tsx ships the signals cards (aiSignalsCards.figma.test.ts, signalsAccordion.figma.test.tsx); this 1440 cut was not re-read this pass.	1440=partial @2026-09-14/wave41-home
Skai > Home > Intelligent support - News (1440 x 900px) [13425-174581]	partial	src/components/home-redesign/screens/NewsScreen.tsx	/?tab=news	NOT RE-READ this pass — verdict carried from the work order, which is why it is not `done`. Implementing file(s): src/components/home-redesign/screens/NewsScreen.tsx. NO SOURCE CITATION: a scan of every .ts/.tsx under src/ this pass found no file referencing this node id, so no measurement of this cut is recorded anywhere in code. 117 of the lane's 253 frames are in that state; they are the set the next pass should open first. Carried note: CARRIED partial. NewsScreen.tsx; not re-read this pass.	1440=partial @2026-09-14/wave41-home
Skai > Home > Intelligent support - News (375 x 812px) [14178-141206]	partial	src/components/home-redesign/screens/NewsScreen.tsx	/?tab=news	NOT RE-READ this pass — verdict carried from the work order, which is why it is not `done`. Implementing file(s): src/components/home-redesign/screens/NewsScreen.tsx. SOURCE CITATION: this node id is referenced in src/components/home-redesign/screens/backControlTouchFloor.test.ts — evidence that some earlier pass measured this cut and recorded the result in code, NOT a measurement made now, and not proof the node still lives on the page the comment names (a wrong-file id resolves silently; see WHALES_TABLET_FRAME_FACTS_2026-09-08.md). Carried note: FIRST VERDICT, NOT OPENED THIS PASS. NewsScreen.tsx ships News; this 375 cut was not compared.	375=partial @2026-09-14/wave41-home
Skai > Home > Intelligent support - News (768 x 1024px) [14106-70649]	partial	src/components/home-redesign/screens/NewsScreen.tsx	/?tab=news	NOT RE-READ this pass — verdict carried from the work order, which is why it is not `done`. Implementing file(s): src/components/home-redesign/screens/NewsScreen.tsx. NO SOURCE CITATION: a scan of every .ts/.tsx under src/ this pass found no file referencing this node id, so no measurement of this cut is recorded anywhere in code. 117 of the lane's 253 frames are in that state; they are the set the next pass should open first. Carried note: FIRST VERDICT, NOT OPENED THIS PASS. NewsScreen.tsx ships News; this 768 cut was not compared.	768=partial @2026-09-14/wave41-home
Skai > Home > Intelligent support - News 1VH (1440 x 900px) [13421-173033]	partial	src/components/home-redesign/screens/NewsScreen.tsx	/?tab=news	NOT RE-READ this pass — verdict carried from the work order, which is why it is not `done`. Implementing file(s): src/components/home-redesign/screens/NewsScreen.tsx. SOURCE CITATION: this node id is referenced in src/components/home-redesign/screens/NewsScreen.header.figma.test.tsx, src/components/home-redesign/screens/screenH1Ramp.figma.test.ts — evidence that some earlier pass measured this cut and recorded the result in code, NOT a measurement made now, and not proof the node still lives on the page the comment names (a wrong-file id resolves silently; see WHALES_TABLET_FRAME_FACTS_2026-09-08.md). Carried note: CARRIED partial. NewsScreen.tsx; not re-read this pass.	1440=partial @2026-09-14/wave41-home
Skai > Home > Intelligent support - News 1VH (375 x 812px) [14160-139741]	partial	src/components/home-redesign/screens/NewsScreen.tsx	/?tab=news	NOT RE-READ this pass — verdict carried from the work order, which is why it is not `done`. Implementing file(s): src/components/home-redesign/screens/NewsScreen.tsx. SOURCE CITATION: this node id is referenced in src/components/home-redesign/screens/NewsScreen.header.figma.test.tsx — evidence that some earlier pass measured this cut and recorded the result in code, NOT a measurement made now, and not proof the node still lives on the page the comment names (a wrong-file id resolves silently; see WHALES_TABLET_FRAME_FACTS_2026-09-08.md). Carried note: FIRST VERDICT, NOT OPENED THIS PASS. NewsScreen.tsx ships News; this 375 cut was not compared.	375=partial @2026-09-14/wave41-home
Skai > Home > Intelligent support - News 1VH (768 x 1024px) [14106-71752]	partial	src/components/home-redesign/screens/NewsScreen.tsx	/?tab=news	NOT RE-READ this pass — verdict carried from the work order, which is why it is not `done`. Implementing file(s): src/components/home-redesign/screens/NewsScreen.tsx. SOURCE CITATION: this node id is referenced in src/components/home-redesign/screens/NewsScreen.header.figma.test.tsx — evidence that some earlier pass measured this cut and recorded the result in code, NOT a measurement made now, and not proof the node still lives on the page the comment names (a wrong-file id resolves silently; see WHALES_TABLET_FRAME_FACTS_2026-09-08.md). Carried note: FIRST VERDICT, NOT OPENED THIS PASS. NewsScreen.tsx ships News; this 768 cut was not compared.	768=partial @2026-09-14/wave41-home
Skai > Home > Intelligent support - Sentiment (1440 x 900px) [13431-179336]	partial	src/components/home-redesign/screens/SentimentScreen.tsx	/?tab=sentiment	NOT RE-READ this pass — verdict carried from the work order, which is why it is not `done`. Implementing file(s): src/components/home-redesign/screens/SentimentScreen.tsx. NO SOURCE CITATION: a scan of every .ts/.tsx under src/ this pass found no file referencing this node id, so no measurement of this cut is recorded anywhere in code. 117 of the lane's 253 frames are in that state; they are the set the next pass should open first. Carried note: CARRIED partial. SentimentScreen.tsx; not re-read this pass.	1440=partial @2026-09-14/wave41-home
Skai > Home > Intelligent support - Sentiment (375 x 812px) [14178-142300]	partial	src/components/home-redesign/screens/SentimentScreen.tsx	/?tab=sentiment	NOT RE-READ this pass — verdict carried from the work order, which is why it is not `done`. Implementing file(s): src/components/home-redesign/screens/SentimentScreen.tsx. SOURCE CITATION: this node id is referenced in src/components/home-redesign/screens/backControlTouchFloor.test.ts — evidence that some earlier pass measured this cut and recorded the result in code, NOT a measurement made now, and not proof the node still lives on the page the comment names (a wrong-file id resolves silently; see WHALES_TABLET_FRAME_FACTS_2026-09-08.md). Carried note: FIRST VERDICT, NOT OPENED THIS PASS. SentimentScreen.tsx ships Sentiment; this 375 cut was not compared.	375=partial @2026-09-14/wave41-home
Skai > Home > Intelligent support - Sentiment (768 x 1024px) [14113-74132]	partial	src/components/home-redesign/screens/SentimentScreen.tsx	/?tab=sentiment	NOT RE-READ this pass — verdict carried from the work order, which is why it is not `done`. Implementing file(s): src/components/home-redesign/screens/SentimentScreen.tsx. NO SOURCE CITATION: a scan of every .ts/.tsx under src/ this pass found no file referencing this node id, so no measurement of this cut is recorded anywhere in code. 117 of the lane's 253 frames are in that state; they are the set the next pass should open first. Carried note: FIRST VERDICT, NOT OPENED THIS PASS. SentimentScreen.tsx ships Sentiment; this 768 cut was not compared.	768=partial @2026-09-14/wave41-home
Skai > Home > Intelligent support - Sentiment > Trending topics - modal (375 x 812px) [14178-157280]	blocked-on-backend	src/components/home-redesign/screens/SentimentScreen.tsx	/?tab=sentiment	BLOCKED ON A POSTS SOURCE; this cut NOT RE-READ. The overlay was built this pass off the 1440 cut 13436:181794 (see that row) and is one responsive component, so it draws here too, but this width's own node was not opened and no number is claimed for it. The blocker is the same at every width: `social_posts` has no migration in supabase/migrations, getSocialPosts filters an always-empty in-memory stream, and fetchAssetSentiment returns topBullishPosts/topBearishPosts as [] unconditionally, so the card can only ever render its explicit empty state until a posts table and a writer exist.	375=renders @2026-09-14/wave41-home
Skai > Home > Intelligent support - Sentiment > Trending topics - modal 1VH (1440 x 900px) [13436-180687]	blocked-on-backend	src/components/home-redesign/screens/SentimentScreen.tsx	/?tab=sentiment	BUILT THIS PASS, AND BLOCKED ON A POSTS SOURCE. 13436:181794 read live with get_metadata + get_design_context: the overlay is a 680-wide card over the dimmed board, header `Frame 299` 680x52 with 24px top corners, a 16 side inset, a 4 top pad and a `bottom menu` padding 8/6 round a 34-high row; the tab strip runs on a 24 gutter in Manrope 14/18 -0.04em, the open tab white over a 28px rule on the header's own bottom edge and the rest #95A09F, with the strip's right slot 13436:181807 drawn at opacity 0. Each post band 13436:181811 is px16/py4: a 75-wide left column (24-wide Mulish 12/16 rank, 32px r8 tile, 24px circle, 10 apart) beside a 1px #123F3C card r8 p16 gap8, whose head row pairs a 24 avatar + Manrope Bold 12/16 handle against Mulish 12/16 white @64% time, a #56C7F3 `Jump to post` and two 16px glyphs on an 8 gutter; rows split by a 1px rule and the region closes on a 54-high pager. SentimentScreen.tsx now draws all of that (commit fba761d5e), opened from a `View all topics` action on the Trending panel and from any topic row. ⛔ NO POSTS TABLE EXISTS: the only reader of an individual post is socialSentimentService.getSocialPosts, which filters an in-memory stream fed by a realtime subscription to `social_posts` — a table with NO migration in supabase/migrations (grepped), so the stream is empty for the life of every session; fetchAssetSentiment also returns topBullishPosts/topBearishPosts as [] unconditionally. The card is wired to that real reader and renders its explicit empty state rather than a fabricated feed. The frame's tab labels (Skai / Instagram / X / Facebook) name platforms `SocialPlatform` has no member for, so the strip derives its tabs from the platforms the posts actually carry. The dialog also carries a close control in the frame's opacity-0 right slot, because a modal must be dismissible. Post hrefs go through safeExternalUrl (commit f555bb25e).	1440=partial @2026-09-14/wave41-home
Skai > Home > Intelligent support - Sentiment > Trending topics - modal 1VH (768 x 1024px) [14113-74721]	blocked-on-backend	src/components/home-redesign/screens/SentimentScreen.tsx	/?tab=sentiment	BLOCKED ON A POSTS SOURCE; this cut NOT RE-READ. The overlay was built this pass off the 1440 cut 13436:181794 (see that row) and is one responsive component, so it draws here too, but this width's own node was not opened and no number is claimed for it. The blocker is the same at every width: `social_posts` has no migration in supabase/migrations, getSocialPosts filters an always-empty in-memory stream, and fetchAssetSentiment returns topBullishPosts/topBearishPosts as [] unconditionally, so the card can only ever render its explicit empty state until a posts table and a writer exist.	768=renders @2026-09-14/wave41-home
Skai > Home > Intelligent support - Sentiment 1VH (1440 x 900px) [13427-177219]	partial	src/components/home-redesign/screens/SentimentScreen.tsx	/?tab=sentiment	NOT RE-READ this pass — verdict carried from the work order, which is why it is not `done`. Implementing file(s): src/components/home-redesign/screens/SentimentScreen.tsx. SOURCE CITATION: this node id is referenced in src/components/home-redesign/screens/screenH1Ramp.figma.test.ts — evidence that some earlier pass measured this cut and recorded the result in code, NOT a measurement made now, and not proof the node still lives on the page the comment names (a wrong-file id resolves silently; see WHALES_TABLET_FRAME_FACTS_2026-09-08.md). Carried note: CARRIED partial. SentimentScreen.tsx; not re-read this pass.	1440=partial @2026-09-14/wave41-home
Skai > Home > Intelligent support - Sentiment 1VH (375 x 812px) [14178-142962]	partial	src/components/home-redesign/screens/SentimentScreen.tsx	/?tab=sentiment	NOT RE-READ this pass — verdict carried from the work order, which is why it is not `done`. Implementing file(s): src/components/home-redesign/screens/SentimentScreen.tsx. SOURCE CITATION: this node id is referenced in src/components/home-redesign/screens/SentimentScreen.panelFlow.test.tsx, src/components/home-redesign/screens/SentimentScreen.tsx — evidence that some earlier pass measured this cut and recorded the result in code, NOT a measurement made now, and not proof the node still lives on the page the comment names (a wrong-file id resolves silently; see WHALES_TABLET_FRAME_FACTS_2026-09-08.md). Carried note: FIRST VERDICT, NOT OPENED THIS PASS. SentimentScreen.tsx ships Sentiment; this 375 cut was not compared.	375=partial @2026-09-14/wave41-home
Skai > Home > Intelligent support - Sentiment 1VH (768 x 1024px) [14113-73205]	partial	src/components/home-redesign/screens/SentimentScreen.tsx	/?tab=sentiment	NOT RE-READ this pass — verdict carried from the work order, which is why it is not `done`. Implementing file(s): src/components/home-redesign/screens/SentimentScreen.tsx. NO SOURCE CITATION: a scan of every .ts/.tsx under src/ this pass found no file referencing this node id, so no measurement of this cut is recorded anywhere in code. 117 of the lane's 253 frames are in that state; they are the set the next pass should open first. Carried note: FIRST VERDICT, NOT OPENED THIS PASS. SentimentScreen.tsx ships Sentiment; this 768 cut was not compared.	768=partial @2026-09-14/wave41-home
Skai > Home > Intelligent support (768 x 1024px) [14094-56626]	partial	src/components/home-redesign/screens/IntelligentSupportHub.tsx	/?tab=intel	NOT RE-READ this pass — verdict carried from the work order, which is why it is not `done`. Implementing file(s): src/components/home-redesign/screens/IntelligentSupportHub.tsx. SOURCE CITATION: this node id is referenced in src/components/home-redesign/screens/IntelligentSupportHub.boards.figma.test.tsx, src/components/home-redesign/screens/IntelligentSupportHub.tsx — evidence that some earlier pass measured this cut and recorded the result in code, NOT a measurement made now, and not proof the node still lives on the page the comment names (a wrong-file id resolves silently; see WHALES_TABLET_FRAME_FACTS_2026-09-08.md). Carried note: FIRST VERDICT, NOT OPENED THIS PASS. IntelligentSupportHub.tsx ships the hub (HomeSidebarExpanded.supportHub.test.tsx pins its rail entry). This 768 cut was not compared.	768=partial @2026-09-14/wave41-home
Skai > Home > Intelligent support 1VH (1440 x 900px) [13449-191068]	partial	src/components/home-redesign/screens/IntelligentSupportHub.tsx	/?tab=intel	NOT RE-READ this pass — verdict carried from the work order, which is why it is not `done`. Implementing file(s): src/components/home-redesign/screens/IntelligentSupportHub.tsx. SOURCE CITATION: this node id is referenced in src/components/home-redesign/HomeSidebarRail.tsx, src/components/home-redesign/RedesignHome.tsx, src/components/home-redesign/screens/IntelligentSupportHub.boards.figma.test.tsx, src/components/home-redesign/screens/IntelligentSupportHub.test.tsx (+2 more) — evidence that some earlier pass measured this cut and recorded the result in code, NOT a measurement made now, and not proof the node still lives on the page the comment names (a wrong-file id resolves silently; see WHALES_TABLET_FRAME_FACTS_2026-09-08.md). Carried note: CARRIED partial. IntelligentSupportHub.tsx; not re-read this pass.	1440=partial @2026-09-14/wave41-home
Skai > Home > Intelligent support 1VH (375 x 812px) [14178-151580]	partial	src/components/home-redesign/screens/IntelligentSupportHub.tsx	/?tab=intel	RE-READ LIVE AND TWO GAPS CLOSED (commit 966b57576). get_metadata on this board's own card run 14178:144069: `row` 343x142 holding `Frame 893` 168 wide at x=0 and `Frame 894` 167.5 at x=176 — TWO columns on an 8 gutter, which confirms the shipped `grid-cols-2` at 375. Each card is preview 168x70 + a 2 gutter + label 167.5x70 = 142. The label pane's inner frame 14178:144825 is 143.5x46 at (12,12): a 40x40 tile with a 16 glyph at y=3, a 10 gap, then a 93.5-wide text column whose title box is 18 tall at y=0 and whose tier block sits at y=22 as a 24px `icons/tiers` at x=0 with the tier word 25 wide at x=28. The screen drew a 48 tile and a 48 medal on ONE 48-high row, which overran the frame's 70-high pane; the phone now draws the 40 tile, the 24 medal and the stacked title/tier pair, with `md:` restoring the desktop row unchanged. Column inset likewise: `Frame 1000003853` sits at x=16 with a 343 column (and this board's own search field 14178:144055 measures 343), where `px-8` was giving 375 a 311 column; now px-4 at 375, px-[30px] at 768 (708 of 768) and px-8 at 1440. Top inset 16 at 375 (y=64 under a 48 header), 24 from 768. RESIDUAL, deliberate and not a defect: the tier badge reads SCREEN_TIERS, not the frame — the two hub frames disagree with each other and both disagree with the gate, and a badge is an entitlement claim (see the file docblock); and the preview pane ships as artwork because both variants bake fabricated numbers into it.	375=partial @2026-09-14/wave41-home
Skai > Home > Intelligent support ALT (768 x 1024px) [14094-63614]	partial	src/components/home-redesign/screens/IntelligentSupportHub.tsx	/?tab=intel	NOT RE-READ; the 768 inset was corrected from an adjacent measurement. The hub's column used the 1440 `px-8` at every width; the 768 board's own search field measures 708 inside 768 (file docblock, read 2026-09-06), i.e. a 30 inset, so the screen now draws px-[30px] at md (commit 966b57576). This node was not opened and nothing else here is claimed: the label pane keeps the 48 tile and 48 medal at 768, which is the 1440 treatment and has no 768 measurement of its own.	768=partial @2026-09-14/wave41-home
Skai > Home > Intelligent support ALT 1VH (1440 x 900px) [13458-193331]	partial	src/components/home-redesign/screens/IntelligentSupportHub.tsx	/?tab=intel	NOT RE-READ this pass — verdict carried from the work order, which is why it is not `done`. Implementing file(s): src/components/home-redesign/screens/IntelligentSupportHub.tsx. SOURCE CITATION: this node id is referenced in src/components/home-redesign/HomeSidebarRail.tsx, src/components/home-redesign/RedesignHome.tsx, src/components/home-redesign/screens/IntelligentSupportHub.test.tsx, src/components/home-redesign/screens/IntelligentSupportHub.tsx — evidence that some earlier pass measured this cut and recorded the result in code, NOT a measurement made now, and not proof the node still lives on the page the comment names (a wrong-file id resolves silently; see WHALES_TABLET_FRAME_FACTS_2026-09-08.md). Carried note: CARRIED partial. IntelligentSupportHub.tsx; not re-read this pass.	1440=partial @2026-09-14/wave41-home
Skai > Home > Intelligent support ALT 1VH (375 x 812px) [14178-152219]	partial	src/components/home-redesign/screens/IntelligentSupportHub.tsx	/?tab=intel	NOT RE-READ. The 375 column and top insets were corrected this pass off the base 375 board 14178:151580 and the ALT 2 board 14316:248325, both of which put the content column at x=16 with a 343 width; that fix reaches this cut too (commit 966b57576). This node's own children were not opened, so the grid, the card pitch and the label pane are not claimed here — and note the two 375 boards that WERE read disagree about whether the grid is one column or two.	375=partial @2026-09-14/wave41-home
Skai > Home > Intelligent support ALT 2 1VH (375 x 812px) [14316-248325]	partial	src/components/home-redesign/screens/IntelligentSupportHub.tsx	/?tab=intel	RE-READ LIVE, AND IT CONTRADICTS ITS OWN SIBLING AT THE SAME WIDTH — NOT BUILT EITHER WAY. get_metadata on 14316:248325: content `Frame 1000003853` 343 at (16,64); hero 343x144 = title 30 tall at y=0, subtitle 36 at y=40, search `input/primary-inputs` 343x44 at y=100; `Models` 22-high at y=7 of a 36 row. TWO DEPARTURES from the base 375 board 14178:151580, which was also read live this pass: (1) THE GRID IS ONE COLUMN — `Frame 1000003854` runs three `row` frames whose cards sit at x=0 and x=0, y=0 and y=217, each 343x209, where the base board's rows put 168-wide cards side by side at x=0 and x=176; (2) the `Models` header carries a right-hand pair of 36x36 CTA buttons at x=261 and x=307 (14316:255759 / :255760, with a hidden `View all` label at x=0) that the base board does not draw. Two boards at the same width cannot both be the spec, so neither side was built and the shipped 2-column grid stands. DECISION NEEDED: which 375 board governs the hub — base 14178:151580 (2 columns of 168, no header actions, cards 142 tall) or ALT 2 14316:248325 (1 column of 343, cards 209 tall, two header CTAs). The column and top insets fixed on the base row apply here unchanged.	375=partial @2026-09-14/wave41-home
Skai > Home > upgrade checkout > payment-method row (3 children in one justify-between: icon+symbol, source-chain tag, 120px balance column) [13008-113503]	furniture	src/components/upgrade/checkout/PaymentMethodPicker.tsx	-	FURNITURE, not a screen: the catalog row is a component annotation carrying its own measurement in the title — the checkout payment-method row is three children in one justify-between (icon + symbol, source-chain tag, a 120px balance column). It has no viewport, no board and no implFile of its own; the screens that draw it are the `Skai > Pro > checkout` cuts, which carry their own rows. Not re-read this pass.	@2026-09-14/wave41-home
Skai > Home > Whales - market technicals (375 x 812px) [13008-123282]	partial	src/components/home-redesign/whales/WhalesScreen.tsx	/?tab=whale (technicals)	NOT RE-READ this pass — verdict carried from the work order, which is why it is not `done`. Implementing file(s): src/components/home-redesign/whales/WhalesScreen.tsx, src/components/home-redesign/whales/MarketTechnicalsCard.tsx. SOURCE CITATION: this node id is referenced in src/components/home-redesign/whales/WhalesScreen.hinges.test.tsx, src/components/home-redesign/whales/WhalesScreen.tsx — evidence that some earlier pass measured this cut and recorded the result in code, NOT a measurement made now, and not proof the node still lives on the page the comment names (a wrong-file id resolves silently; see WHALES_TABLET_FRAME_FACTS_2026-09-08.md). Carried note: CARRIED partial. WhalesScreen.tsx ships the market technicals; WhalesScreen.hinges.test.tsx holds the 36 / 131x34 / 158x36 AI Analysis ladder and the Activity/Flow header split. Whales have no backend table, so the data state stays an honest unavailable. This 375 cut was not re-read this pass.	375=partial @2026-09-14/wave41-home
Skai > Home > Whales - market technicals (768 x 1024px) [13008-120883]	partial	src/components/home-redesign/whales/WhalesScreen.tsx	/?tab=whale (technicals)	NOT RE-READ this pass — verdict carried from the work order, which is why it is not `done`. Implementing file(s): src/components/home-redesign/whales/WhalesScreen.tsx, src/components/home-redesign/whales/MarketTechnicalsCard.tsx. SOURCE CITATION: this node id is referenced in src/components/home-redesign/whales/WhalesScreen.hinges.test.tsx, src/components/home-redesign/whales/WhalesScreen.tsx — evidence that some earlier pass measured this cut and recorded the result in code, NOT a measurement made now, and not proof the node still lives on the page the comment names (a wrong-file id resolves silently; see WHALES_TABLET_FRAME_FACTS_2026-09-08.md). Carried note: CARRIED partial. WhalesScreen.tsx ships the market technicals; WhalesScreen.hinges.test.tsx holds the 36 / 131x34 / 158x36 AI Analysis ladder and the Activity/Flow header split. Whales have no backend table, so the data state stays an honest unavailable. This 768 cut was not re-read this pass.	768=partial @2026-09-14/wave41-home
Skai > Home > Whales - no data (375 x 812px) [13008-123503]	partial	src/components/home-redesign/whales/WhalesScreen.tsx	/?tab=whale	NOT RE-READ this pass — verdict carried from the work order, which is why it is not `done`. Implementing file(s): src/components/home-redesign/whales/WhalesScreen.tsx. NO SOURCE CITATION: a scan of every .ts/.tsx under src/ this pass found no file referencing this node id, so no measurement of this cut is recorded anywhere in code. 117 of the lane's 253 frames are in that state; they are the set the next pass should open first. Carried note: CARRIED partial. WhalesScreen.tsx ships the no data; WhalesScreen.hinges.test.tsx holds the 36 / 131x34 / 158x36 AI Analysis ladder and the Activity/Flow header split. Whales have no backend table, so the data state stays an honest unavailable. This 375 cut was not re-read this pass.	375=partial @2026-09-14/wave41-home
Skai > Home > Whales - no data (375 x 812px) [13008-123798]	partial	src/components/home-redesign/whales/WhalesScreen.tsx	/?tab=whale	NOT RE-READ this pass — verdict carried from the work order, which is why it is not `done`. Implementing file(s): src/components/home-redesign/whales/WhalesScreen.tsx. NO SOURCE CITATION: a scan of every .ts/.tsx under src/ this pass found no file referencing this node id, so no measurement of this cut is recorded anywhere in code. 117 of the lane's 253 frames are in that state; they are the set the next pass should open first. Carried note: CARRIED partial. WhalesScreen.tsx ships the no data; WhalesScreen.hinges.test.tsx holds the 36 / 131x34 / 158x36 AI Analysis ladder and the Activity/Flow header split. Whales have no backend table, so the data state stays an honest unavailable. This 375 cut was not re-read this pass.	375=partial @2026-09-14/wave41-home
Skai > Home > Whales - no data 1VH (1440 x 900px) [13008-110742]	partial	src/components/home-redesign/whales/WhalesScreen.tsx	/?tab=whale	NOT RE-READ this pass — verdict carried from the work order, which is why it is not `done`. Implementing file(s): src/components/home-redesign/whales/WhalesScreen.tsx. SOURCE CITATION: this node id is referenced in src/components/home-redesign/whales/WhalesScreen.hinges.test.tsx, src/components/home-redesign/whales/WhalesScreen.tsx — evidence that some earlier pass measured this cut and recorded the result in code, NOT a measurement made now, and not proof the node still lives on the page the comment names (a wrong-file id resolves silently; see WHALES_TABLET_FRAME_FACTS_2026-09-08.md). Carried note: CARRIED partial. WhalesScreen.tsx ships the no data; WhalesScreen.hinges.test.tsx holds the 36 / 131x34 / 158x36 AI Analysis ladder and the Activity/Flow header split. Whales have no backend table, so the data state stays an honest unavailable. This 1440 cut was not re-read this pass.	1440=partial @2026-09-14/wave41-home
Skai > Home > Whales - no data 1VH (375 x 812px) [13008-122582]	partial	src/components/home-redesign/whales/WhalesScreen.tsx	/?tab=whale	NOT RE-READ this pass — verdict carried from the work order, which is why it is not `done`. Implementing file(s): src/components/home-redesign/whales/WhalesScreen.tsx. SOURCE CITATION: this node id is referenced in src/components/home-redesign/whales/WhalesScreen.hinges.test.tsx, src/components/home-redesign/whales/WhalesScreen.tsx — evidence that some earlier pass measured this cut and recorded the result in code, NOT a measurement made now, and not proof the node still lives on the page the comment names (a wrong-file id resolves silently; see WHALES_TABLET_FRAME_FACTS_2026-09-08.md). Carried note: CARRIED partial. WhalesScreen.tsx ships the no data; WhalesScreen.hinges.test.tsx holds the 36 / 131x34 / 158x36 AI Analysis ladder and the Activity/Flow header split. Whales have no backend table, so the data state stays an honest unavailable. This 375 cut was not re-read this pass.	375=partial @2026-09-14/wave41-home
Skai > Home > Whales - no data 1VH (768 x 1024px) [13008-119988]	partial	src/components/home-redesign/whales/WhalesScreen.tsx	/?tab=whale	NOT RE-READ this pass — verdict carried from the work order, which is why it is not `done`. Implementing file(s): src/components/home-redesign/whales/WhalesScreen.tsx. SOURCE CITATION: this node id is referenced in src/components/home-redesign/whales/WhalesScreen.hinges.test.tsx, src/components/home-redesign/whales/WhalesScreen.tsx — evidence that some earlier pass measured this cut and recorded the result in code, NOT a measurement made now, and not proof the node still lives on the page the comment names (a wrong-file id resolves silently; see WHALES_TABLET_FRAME_FACTS_2026-09-08.md). Carried note: CARRIED partial. WhalesScreen.tsx ships the no data; WhalesScreen.hinges.test.tsx holds the 36 / 131x34 / 158x36 AI Analysis ladder and the Activity/Flow header split. Whales have no backend table, so the data state stays an honest unavailable. This 768 cut was not re-read this pass.	768=partial @2026-09-14/wave41-home
Skai > Home > Whales (375 x 812px) [13008-122979]	partial	src/components/home-redesign/whales/WhalesScreen.tsx	/?tab=whale	NOT RE-READ this pass — verdict carried from the work order, which is why it is not `done`. Implementing file(s): src/components/home-redesign/whales/WhalesScreen.tsx. NO SOURCE CITATION: a scan of every .ts/.tsx under src/ this pass found no file referencing this node id, so no measurement of this cut is recorded anywhere in code. 117 of the lane's 253 frames are in that state; they are the set the next pass should open first. Carried note: CARRIED partial. WhalesScreen.tsx ships the (375 x 812px); WhalesScreen.hinges.test.tsx holds the 36 / 131x34 / 158x36 AI Analysis ladder and the Activity/Flow header split. Whales have no backend table, so the data state stays an honest unavailable. This 375 cut was not re-read this pass.	375=partial @2026-09-14/wave41-home
Skai > Home > Whales (768 x 1024px) [13008-120275]	partial	src/components/home-redesign/whales/WhalesScreen.tsx	/?tab=whale	NOT RE-READ this pass — verdict carried from the work order, which is why it is not `done`. Implementing file(s): src/components/home-redesign/whales/WhalesScreen.tsx. SOURCE CITATION: this node id is referenced in src/components/home-redesign/whales/whalesFooterShine.test.tsx, src/components/home-redesign/whales/WhalesScreen.tsx — evidence that some earlier pass measured this cut and recorded the result in code, NOT a measurement made now, and not proof the node still lives on the page the comment names (a wrong-file id resolves silently; see WHALES_TABLET_FRAME_FACTS_2026-09-08.md). Carried note: CARRIED partial. WhalesScreen.tsx ships the (768 x 1024px); WhalesScreen.hinges.test.tsx holds the 36 / 131x34 / 158x36 AI Analysis ladder and the Activity/Flow header split. Whales have no backend table, so the data state stays an honest unavailable. This 768 cut was not re-read this pass.	768=partial @2026-09-14/wave41-home
Skai > Home > Whales (768 x 1024px) [13008-121237]	partial	src/components/home-redesign/whales/WhalesScreen.tsx	/?tab=whale	NOT RE-READ this pass — verdict carried from the work order, which is why it is not `done`. Implementing file(s): src/components/home-redesign/whales/WhalesScreen.tsx. SOURCE CITATION: this node id is referenced in src/components/home-redesign/whales/whalesSearchField.test.tsx, src/components/home-redesign/whales/whalesShared.tsx — evidence that some earlier pass measured this cut and recorded the result in code, NOT a measurement made now, and not proof the node still lives on the page the comment names (a wrong-file id resolves silently; see WHALES_TABLET_FRAME_FACTS_2026-09-08.md). Carried note: CARRIED partial. WhalesScreen.tsx ships the (768 x 1024px); WhalesScreen.hinges.test.tsx holds the 36 / 131x34 / 158x36 AI Analysis ladder and the Activity/Flow header split. Whales have no backend table, so the data state stays an honest unavailable. This 768 cut was not re-read this pass.	768=partial @2026-09-14/wave41-home
Skai > Home > Whales > filter - custom input 1VH (1440 x 900px) [13008-111656]	partial	src/components/home-redesign/whales/WhalesScreen.tsx	/?tab=whale (Flow filters)	NOT RE-READ, BUT VERIFIED PRESENT IN SOURCE. WhalesScreen.tsx ships the custom size-range panel this frame names — the `All sizes` FilterDropdown opens an `Adjust custom input` panel whose min/max bounds filter the flow rows client-side over real flow data (the flow endpoint has no size param), alongside the `All types` dropdown 8px to its left; both close on outside click and Escape via the shared `data-flow-filter` hook. The node itself was not opened this pass, so no geometry is claimed.	1440=partial @2026-09-14/wave41-home
Skai > Home > whales > import wallets > Base badge — ⚠️ BROKEN EXPORT: #0052FF disc with a straight rectangular slot, not the Base brandmark. Do NOT copy; app ships the official mark deliberately [13008-115807]	frame-defect	-	-	CARRIED frame-defect, and it is the FRAME that is wrong. The catalog note records this Base badge export as a #0052FF disc with a straight rectangular slot rather than the Base brandmark. The app ships the official mark deliberately; do not copy the export. Not re-read this pass.	@2026-09-14/wave41-home
Skai > Home > Whales 1VH (1440 x 900px) [13008-110870]	partial	src/components/home-redesign/whales/WhalesScreen.tsx	/?tab=whale	NOT RE-READ this pass — verdict carried from the work order, which is why it is not `done`. Implementing file(s): src/components/home-redesign/whales/WhalesScreen.tsx. SOURCE CITATION: this node id is referenced in src/components/home-redesign/whales/WhalesScreen.hinges.test.tsx — evidence that some earlier pass measured this cut and recorded the result in code, NOT a measurement made now, and not proof the node still lives on the page the comment names (a wrong-file id resolves silently; see WHALES_TABLET_FRAME_FACTS_2026-09-08.md). Carried note: CARRIED partial. WhalesScreen.tsx ships the 1VH; WhalesScreen.hinges.test.tsx holds the 36 / 131x34 / 158x36 AI Analysis ladder and the Activity/Flow header split. Whales have no backend table, so the data state stays an honest unavailable. This 1440 cut was not re-read this pass.	1440=partial @2026-09-14/wave41-home
Skai > Home > Whales 1VH (1440 x 900px) [13008-111263]	partial	src/components/home-redesign/whales/WhalesScreen.tsx	/?tab=whale	NOT RE-READ this pass — verdict carried from the work order, which is why it is not `done`. Implementing file(s): src/components/home-redesign/whales/WhalesScreen.tsx. NO SOURCE CITATION: a scan of every .ts/.tsx under src/ this pass found no file referencing this node id, so no measurement of this cut is recorded anywhere in code. 117 of the lane's 253 frames are in that state; they are the set the next pass should open first. Carried note: CARRIED partial. WhalesScreen.tsx ships the 1VH; WhalesScreen.hinges.test.tsx holds the 36 / 131x34 / 158x36 AI Analysis ladder and the Activity/Flow header split. Whales have no backend table, so the data state stays an honest unavailable. This 1440 cut was not re-read this pass.	1440=partial @2026-09-14/wave41-home
Skai > Home > Whales 1VH (1440 x 900px) [13008-112079]	partial	src/components/home-redesign/whales/WhalesScreen.tsx	/?tab=whale	NOT RE-READ this pass — verdict carried from the work order, which is why it is not `done`. Implementing file(s): src/components/home-redesign/whales/WhalesScreen.tsx. NO SOURCE CITATION: a scan of every .ts/.tsx under src/ this pass found no file referencing this node id, so no measurement of this cut is recorded anywhere in code. 117 of the lane's 253 frames are in that state; they are the set the next pass should open first. Carried note: CARRIED partial. WhalesScreen.tsx ships the 1VH; WhalesScreen.hinges.test.tsx holds the 36 / 131x34 / 158x36 AI Analysis ladder and the Activity/Flow header split. Whales have no backend table, so the data state stays an honest unavailable. This 1440 cut was not re-read this pass.	1440=partial @2026-09-14/wave41-home
Skai > Home > Whales 1VH (1440 x 900px) [13008-115137]	partial	src/components/home-redesign/whales/WhalesScreen.tsx	/?tab=whale	NOT RE-READ this pass — verdict carried from the work order, which is why it is not `done`. Implementing file(s): src/components/home-redesign/whales/WhalesScreen.tsx. SOURCE CITATION: this node id is referenced in src/components/home-redesign/whales/whalesSearchField.test.tsx, src/components/home-redesign/whales/whalesShared.tsx — evidence that some earlier pass measured this cut and recorded the result in code, NOT a measurement made now, and not proof the node still lives on the page the comment names (a wrong-file id resolves silently; see WHALES_TABLET_FRAME_FACTS_2026-09-08.md). Carried note: CARRIED partial. WhalesScreen.tsx ships the 1VH; WhalesScreen.hinges.test.tsx holds the 36 / 131x34 / 158x36 AI Analysis ladder and the Activity/Flow header split. Whales have no backend table, so the data state stays an honest unavailable. This 1440 cut was not re-read this pass.	1440=partial @2026-09-14/wave41-home
Skai > Home > Whales 1VH (375 x 812px) [13008-122676]	partial	src/components/home-redesign/whales/WhalesScreen.tsx	/?tab=whale	NOT RE-READ this pass — verdict carried from the work order, which is why it is not `done`. Implementing file(s): src/components/home-redesign/whales/WhalesScreen.tsx. SOURCE CITATION: this node id is referenced in src/components/home-redesign/portfolio/PortfolioScreen.tsx, src/components/home-redesign/whales/MarketTechnicalsCard.tsx, src/components/home-redesign/whales/WhalesScreen.hinges.test.tsx, src/components/home-redesign/whales/WhalesScreen.tsx — evidence that some earlier pass measured this cut and recorded the result in code, NOT a measurement made now, and not proof the node still lives on the page the comment names (a wrong-file id resolves silently; see WHALES_TABLET_FRAME_FACTS_2026-09-08.md). Carried note: CARRIED partial. WhalesScreen.tsx ships the 1VH; WhalesScreen.hinges.test.tsx holds the 36 / 131x34 / 158x36 AI Analysis ladder and the Activity/Flow header split. Whales have no backend table, so the data state stays an honest unavailable. This 375 cut was not re-read this pass.	375=partial @2026-09-14/wave41-home
Skai > Home > Whales 1VH (768 x 1024px) [13008-120579]	partial	src/components/home-redesign/whales/WhalesScreen.tsx	/?tab=whale	NOT RE-READ this pass — verdict carried from the work order, which is why it is not `done`. Implementing file(s): src/components/home-redesign/whales/WhalesScreen.tsx. SOURCE CITATION: this node id is referenced in src/components/home-redesign/whales/MarketTechnicalsCard.tsx, src/components/home-redesign/whales/WhalesScreen.hinges.test.tsx — evidence that some earlier pass measured this cut and recorded the result in code, NOT a measurement made now, and not proof the node still lives on the page the comment names (a wrong-file id resolves silently; see WHALES_TABLET_FRAME_FACTS_2026-09-08.md). Carried note: CARRIED partial. WhalesScreen.tsx ships the 1VH; WhalesScreen.hinges.test.tsx holds the 36 / 131x34 / 158x36 AI Analysis ladder and the Activity/Flow header split. Whales have no backend table, so the data state stays an honest unavailable. This 768 cut was not re-read this pass.	768=partial @2026-09-14/wave41-home
Skai > Pro - expanded (1440 x 900px) [13008-114086]	partial	src/components/home-redesign/upgrade/UpgradePlanScreen.tsx	/upgrade (showAll)	NOT RE-READ this pass — verdict carried from the work order, which is why it is not `done`. Implementing file(s): src/components/home-redesign/upgrade/UpgradePlanScreen.tsx. SOURCE CITATION: this node id is referenced in src/components/home-redesign/upgrade/upgradePlanCardWidth.figma.test.ts, src/components/home-redesign/upgrade/UpgradePlanScreen.tsx — evidence that some earlier pass measured this cut and recorded the result in code, NOT a measurement made now, and not proof the node still lives on the page the comment names (a wrong-file id resolves silently; see WHALES_TABLET_FRAME_FACTS_2026-09-08.md). Carried note: CARRIED partial from status.wave37.home2-rest.tsv, which read this node live on 2026-09-08 (card ladder, gutters, toggle) and fixed TierCard's md price rung. Legend is $499.99 per month whatever the frame says. Not re-read this pass; the residuals named on the wave37 row still stand.	1440=partial @2026-09-14/wave41-home
Skai > Pro (375 x 812px) [13008-123597]	partial	src/components/home-redesign/upgrade/UpgradePlanScreen.tsx	/upgrade	NOT RE-READ this pass — verdict carried from the work order, which is why it is not `done`. Implementing file(s): src/components/home-redesign/upgrade/UpgradePlanScreen.tsx. SOURCE CITATION: this node id is referenced in src/components/home-redesign/upgrade/tierCardBoardRamp.figma.test.ts, src/components/home-redesign/upgrade/UpgradePlanScreen.tsx, src/components/home-redesign/upgrade/upgradePlanVerticalRhythm.figma.test.ts — evidence that some earlier pass measured this cut and recorded the result in code, NOT a measurement made now, and not proof the node still lives on the page the comment names (a wrong-file id resolves silently; see WHALES_TABLET_FRAME_FACTS_2026-09-08.md). Carried note: CARRIED partial from status.wave37.home2-rest.tsv, which read this node live on 2026-09-08 (card ladder, gutters, toggle) and fixed TierCard's md price rung. Legend is $499.99 per month whatever the frame says. Not re-read this pass; the residuals named on the wave37 row still stand.	375=partial @2026-09-14/wave41-home
Skai > Pro (768 x 1024px) [13008-120075]	partial	src/components/home-redesign/upgrade/UpgradePlanScreen.tsx	/upgrade	NOT RE-READ this pass — verdict carried from the work order, which is why it is not `done`. Implementing file(s): src/components/home-redesign/upgrade/UpgradePlanScreen.tsx. SOURCE CITATION: this node id is referenced in src/components/home-redesign/upgrade/tierCardBoardRamp.figma.test.ts, src/components/home-redesign/upgrade/UpgradePlanScreen.tsx, src/components/home-redesign/upgrade/upgradePlanVerticalRhythm.figma.test.ts — evidence that some earlier pass measured this cut and recorded the result in code, NOT a measurement made now, and not proof the node still lives on the page the comment names (a wrong-file id resolves silently; see WHALES_TABLET_FRAME_FACTS_2026-09-08.md). Carried note: CARRIED partial from status.wave37.home2-rest.tsv, which read this node live on 2026-09-08 (card ladder, gutters, toggle) and fixed TierCard's md price rung. Legend is $499.99 per month whatever the frame says. Not re-read this pass; the residuals named on the wave37 row still stand.	768=partial @2026-09-14/wave41-home
Skai > Pro > checkout - send tokens - step 1 (375 x 812px) [13008-126358]	partial	src/pages/upgrade/CheckoutPage.tsx	/upgrade/checkout	NOT RE-READ this pass — verdict carried from the work order, which is why it is not `done`. Implementing file(s): src/pages/upgrade/CheckoutPage.tsx. SOURCE CITATION: this node id is referenced in src/pages/upgrade/checkoutColumn.figma.test.ts, src/pages/upgrade/CheckoutPage.tsx — evidence that some earlier pass measured this cut and recorded the result in code, NOT a measurement made now, and not proof the node still lives on the page the comment names (a wrong-file id resolves silently; see WHALES_TABLET_FRAME_FACTS_2026-09-08.md). Carried note: CARRIED partial from status.wave37.home2-rest.tsv, which read all ten send-tokens frames live on 2026-09-08 (heading y 16/24/24, body y 88/110/122, region gap 8/8/16) and fixed CheckoutPage's top inset. Not re-read this pass.	375=partial @2026-09-14/wave41-home
Skai > Pro > checkout - send tokens - step 1 (768 x 1024px) [13008-125755]	partial	src/pages/upgrade/CheckoutPage.tsx	/upgrade/checkout	NOT RE-READ this pass — verdict carried from the work order, which is why it is not `done`. Implementing file(s): src/pages/upgrade/CheckoutPage.tsx. SOURCE CITATION: this node id is referenced in src/pages/upgrade/checkoutColumn.figma.test.ts, src/pages/upgrade/CheckoutPage.tsx — evidence that some earlier pass measured this cut and recorded the result in code, NOT a measurement made now, and not proof the node still lives on the page the comment names (a wrong-file id resolves silently; see WHALES_TABLET_FRAME_FACTS_2026-09-08.md). Carried note: CARRIED partial from status.wave37.home2-rest.tsv, which read all ten send-tokens frames live on 2026-09-08 (heading y 16/24/24, body y 88/110/122, region gap 8/8/16) and fixed CheckoutPage's top inset. Not re-read this pass.	768=partial @2026-09-14/wave41-home
Skai > Pro > checkout - send tokens - step 1 1VH (1440 x 900px) [13008-113481]	partial	src/pages/upgrade/CheckoutPage.tsx	/upgrade/checkout	NOT RE-READ this pass — verdict carried from the work order, which is why it is not `done`. Implementing file(s): src/pages/upgrade/CheckoutPage.tsx. SOURCE CITATION: this node id is referenced in src/components/home-redesign/upgrade/paymentMethod.figma.test.tsx, src/pages/upgrade/checkoutColumn.figma.test.ts, src/pages/upgrade/CheckoutPage.tsx — evidence that some earlier pass measured this cut and recorded the result in code, NOT a measurement made now, and not proof the node still lives on the page the comment names (a wrong-file id resolves silently; see WHALES_TABLET_FRAME_FACTS_2026-09-08.md). Carried note: CARRIED partial from status.wave37.home2-rest.tsv, which read all ten send-tokens frames live on 2026-09-08 (heading y 16/24/24, body y 88/110/122, region gap 8/8/16) and fixed CheckoutPage's top inset. Not re-read this pass.	1440=partial @2026-09-14/wave41-home
Skai > Pro > checkout - send tokens - step 2 (375 x 812px) [13008-126494]	partial	src/pages/upgrade/CheckoutPage.tsx	/upgrade/checkout	NOT RE-READ this pass — verdict carried from the work order, which is why it is not `done`. Implementing file(s): src/pages/upgrade/CheckoutPage.tsx, src/components/upgrade/checkout/PaymentMethodPicker.tsx, src/components/home-redesign/upgrade/SendTokensScreen.tsx. SOURCE CITATION: this node id is referenced in src/components/home-redesign/upgrade/sendTokens.figma.test.tsx, src/pages/upgrade/checkoutColumn.figma.test.ts — evidence that some earlier pass measured this cut and recorded the result in code, NOT a measurement made now, and not proof the node still lives on the page the comment names (a wrong-file id resolves silently; see WHALES_TABLET_FRAME_FACTS_2026-09-08.md). Carried note: CARRIED partial from status.wave37.home2-rest.tsv, which read all ten send-tokens frames live on 2026-09-08 (heading y 16/24/24, body y 88/110/122, region gap 8/8/16) and fixed CheckoutPage's top inset. Not re-read this pass.	375=partial @2026-09-14/wave41-home
Skai > Pro > checkout - send tokens - step 2 (768 x 1024px) [13008-125890]	partial	src/pages/upgrade/CheckoutPage.tsx	/upgrade/checkout	NOT RE-READ this pass — verdict carried from the work order, which is why it is not `done`. Implementing file(s): src/pages/upgrade/CheckoutPage.tsx, src/components/upgrade/checkout/PaymentMethodPicker.tsx, src/components/home-redesign/upgrade/SendTokensScreen.tsx. SOURCE CITATION: this node id is referenced in src/components/home-redesign/upgrade/sendTokens.figma.test.tsx, src/pages/upgrade/checkoutColumn.figma.test.ts — evidence that some earlier pass measured this cut and recorded the result in code, NOT a measurement made now, and not proof the node still lives on the page the comment names (a wrong-file id resolves silently; see WHALES_TABLET_FRAME_FACTS_2026-09-08.md). Carried note: CARRIED partial from status.wave37.home2-rest.tsv, which read all ten send-tokens frames live on 2026-09-08 (heading y 16/24/24, body y 88/110/122, region gap 8/8/16) and fixed CheckoutPage's top inset. Not re-read this pass.	768=partial @2026-09-14/wave41-home
Skai > Pro > checkout - send tokens - step 2 1VH (1440 x 900px) [13008-113591]	partial	src/pages/upgrade/CheckoutPage.tsx	/upgrade/checkout	NOT RE-READ this pass — verdict carried from the work order, which is why it is not `done`. Implementing file(s): src/pages/upgrade/CheckoutPage.tsx. SOURCE CITATION: this node id is referenced in src/pages/upgrade/checkoutColumn.figma.test.ts — evidence that some earlier pass measured this cut and recorded the result in code, NOT a measurement made now, and not proof the node still lives on the page the comment names (a wrong-file id resolves silently; see WHALES_TABLET_FRAME_FACTS_2026-09-08.md). Carried note: CARRIED partial from status.wave37.home2-rest.tsv, which read all ten send-tokens frames live on 2026-09-08 (heading y 16/24/24, body y 88/110/122, region gap 8/8/16) and fixed CheckoutPage's top inset. Not re-read this pass.	1440=partial @2026-09-14/wave41-home
Skai > Pro > checkout - send tokens - step 3 (375 x 812px) [13008-126656]	partial	src/pages/upgrade/CheckoutPage.tsx	/upgrade/checkout	NOT RE-READ this pass — verdict carried from the work order, which is why it is not `done`. Implementing file(s): src/pages/upgrade/CheckoutPage.tsx, src/components/upgrade/checkout/PaymentMethodPicker.tsx, src/components/home-redesign/upgrade/UpgradeFlow.tsx, src/components/home-redesign/upgrade/PlanSummaryCard.tsx. SOURCE CITATION: this node id is referenced in src/components/home-redesign/upgrade/sendTokens.figma.test.tsx, src/components/home-redesign/upgrade/VerifyPaymentScreen.tsx, src/pages/upgrade/checkoutColumn.figma.test.ts — evidence that some earlier pass measured this cut and recorded the result in code, NOT a measurement made now, and not proof the node still lives on the page the comment names (a wrong-file id resolves silently; see WHALES_TABLET_FRAME_FACTS_2026-09-08.md). Carried note: CARRIED partial from status.wave37.home2-rest.tsv, which read all ten send-tokens frames live on 2026-09-08 (heading y 16/24/24, body y 88/110/122, region gap 8/8/16) and fixed CheckoutPage's top inset. Not re-read this pass.	375=partial @2026-09-14/wave41-home
Skai > Pro > checkout - send tokens - step 3 (768 x 1024px) [13008-126050]	partial	src/pages/upgrade/CheckoutPage.tsx	/upgrade/checkout	NOT RE-READ this pass — verdict carried from the work order, which is why it is not `done`. Implementing file(s): src/pages/upgrade/CheckoutPage.tsx, src/components/upgrade/checkout/PaymentMethodPicker.tsx, src/components/home-redesign/upgrade/UpgradeFlow.tsx, src/components/home-redesign/upgrade/PlanSummaryCard.tsx. SOURCE CITATION: this node id is referenced in src/components/home-redesign/upgrade/sendTokens.figma.test.tsx, src/components/home-redesign/upgrade/VerifyPaymentScreen.tsx, src/pages/upgrade/checkoutColumn.figma.test.ts — evidence that some earlier pass measured this cut and recorded the result in code, NOT a measurement made now, and not proof the node still lives on the page the comment names (a wrong-file id resolves silently; see WHALES_TABLET_FRAME_FACTS_2026-09-08.md). Carried note: CARRIED partial from status.wave37.home2-rest.tsv, which read all ten send-tokens frames live on 2026-09-08 (heading y 16/24/24, body y 88/110/122, region gap 8/8/16) and fixed CheckoutPage's top inset. Not re-read this pass.	768=partial @2026-09-14/wave41-home
Skai > Pro > checkout - send tokens - step 3 1VH (1440 x 900px) [13008-113728]	partial	src/pages/upgrade/CheckoutPage.tsx	/upgrade/checkout	NOT RE-READ this pass — verdict carried from the work order, which is why it is not `done`. Implementing file(s): src/pages/upgrade/CheckoutPage.tsx. SOURCE CITATION: this node id is referenced in src/pages/upgrade/checkoutColumn.figma.test.ts — evidence that some earlier pass measured this cut and recorded the result in code, NOT a measurement made now, and not proof the node still lives on the page the comment names (a wrong-file id resolves silently; see WHALES_TABLET_FRAME_FACTS_2026-09-08.md). Carried note: CARRIED partial from status.wave37.home2-rest.tsv, which read all ten send-tokens frames live on 2026-09-08 (heading y 16/24/24, body y 88/110/122, region gap 8/8/16) and fixed CheckoutPage's top inset. Not re-read this pass.	1440=partial @2026-09-14/wave41-home
Skai > Pro > checkout > welcome to gold 1VH (1440 x 900px) [13008-113803]	partial	src/components/upgrade/checkout/WelcomeModal.tsx	/upgrade/checkout (confirmed)	NOT RE-READ this pass — verdict carried from the work order, which is why it is not `done`. Implementing file(s): src/components/upgrade/checkout/WelcomeModal.tsx. NO SOURCE CITATION: a scan of every .ts/.tsx under src/ this pass found no file referencing this node id, so no measurement of this cut is recorded anywhere in code. 117 of the lane's 253 frames are in that state; they are the set the next pass should open first. Carried note: CARRIED partial. src/components/upgrade/checkout/WelcomeModal.tsx ships the welcome-to-tier dialog; this 1440 cut was not re-read this pass.	1440=partial @2026-09-14/wave41-home
Skai > Pro > checkout > welcome to gold 1VH (375 x 812px) [13008-126758]	partial	src/components/upgrade/checkout/WelcomeModal.tsx	/upgrade/checkout	NOT RE-READ this pass — verdict carried from the work order, which is why it is not `done`. Implementing file(s): src/components/upgrade/checkout/WelcomeModal.tsx. NO SOURCE CITATION: a scan of every .ts/.tsx under src/ this pass found no file referencing this node id, so no measurement of this cut is recorded anywhere in code. 117 of the lane's 253 frames are in that state; they are the set the next pass should open first. Carried note: CARRIED partial. src/components/upgrade/checkout/WelcomeModal.tsx ships the welcome-to-tier dialog; this 375 cut was not re-read this pass.	375=partial @2026-09-14/wave41-home
Skai > Pro > checkout > welcome to gold 1VH (768 x 1024px) [13008-126152]	partial	src/components/upgrade/checkout/WelcomeModal.tsx	/upgrade/checkout	NOT RE-READ this pass — verdict carried from the work order, which is why it is not `done`. Implementing file(s): src/components/upgrade/checkout/WelcomeModal.tsx. NO SOURCE CITATION: a scan of every .ts/.tsx under src/ this pass found no file referencing this node id, so no measurement of this cut is recorded anywhere in code. 117 of the lane's 253 frames are in that state; they are the set the next pass should open first. Carried note: CARRIED partial. src/components/upgrade/checkout/WelcomeModal.tsx ships the welcome-to-tier dialog; this 768 cut was not re-read this pass.	768=partial @2026-09-14/wave41-home
Skai > Pro > checkout 1VH ALT (1440 x 900px) [13008-114000]	partial	src/pages/upgrade/CheckoutPage.tsx	/upgrade/checkout	NOT RE-READ this pass — verdict carried from the work order, which is why it is not `done`. Implementing file(s): src/pages/upgrade/CheckoutPage.tsx. SOURCE CITATION: this node id is referenced in src/pages/upgrade/checkoutColumn.figma.test.ts — evidence that some earlier pass measured this cut and recorded the result in code, NOT a measurement made now, and not proof the node still lives on the page the comment names (a wrong-file id resolves silently; see WHALES_TABLET_FRAME_FACTS_2026-09-08.md). Carried note: CARRIED partial from status.wave37.home2-rest.tsv, which read all ten send-tokens frames live on 2026-09-08 (heading y 16/24/24, body y 88/110/122, region gap 8/8/16) and fixed CheckoutPage's top inset. Not re-read this pass.	1440=partial @2026-09-14/wave41-home
Skai > Pro ALT 1VH (1440 x 900px) [13008-112676]	partial	src/components/home-redesign/upgrade/UpgradePlanScreen.tsx	/upgrade	NOT RE-READ this pass — verdict carried from the work order, which is why it is not `done`. Implementing file(s): src/components/home-redesign/upgrade/UpgradePlanScreen.tsx. SOURCE CITATION: this node id is referenced in src/components/home-redesign/insightx/InsightXScreen.tsx, src/components/home-redesign/upgrade/tierCardBoardRamp.figma.test.ts, src/components/home-redesign/upgrade/upgradePlanCardWidth.figma.test.ts, src/components/home-redesign/upgrade/UpgradePlanScreen.tsx (+1 more) — evidence that some earlier pass measured this cut and recorded the result in code, NOT a measurement made now, and not proof the node still lives on the page the comment names (a wrong-file id resolves silently; see WHALES_TABLET_FRAME_FACTS_2026-09-08.md). Carried note: CARRIED partial from status.wave37.home2-rest.tsv, which read this node live on 2026-09-08 (card ladder, gutters, toggle) and fixed TierCard's md price rung. Legend is $499.99 per month whatever the frame says. Not re-read this pass; the residuals named on the wave37 row still stand.	1440=partial @2026-09-14/wave41-home
Skai > Pro ALT stretched 1VH (1440 x 900px) [13008-112937]	partial	src/components/home-redesign/upgrade/UpgradePlanScreen.tsx	/upgrade (showAll)	NOT RE-READ this pass — verdict carried from the work order, which is why it is not `done`. Implementing file(s): src/components/home-redesign/upgrade/UpgradePlanScreen.tsx. SOURCE CITATION: this node id is referenced in src/components/home-redesign/upgrade/upgradePlanCardWidth.figma.test.ts, src/components/home-redesign/upgrade/UpgradePlanScreen.tsx — evidence that some earlier pass measured this cut and recorded the result in code, NOT a measurement made now, and not proof the node still lives on the page the comment names (a wrong-file id resolves silently; see WHALES_TABLET_FRAME_FACTS_2026-09-08.md). Carried note: CARRIED partial from status.wave37.home2-rest.tsv, which read this node live on 2026-09-08 (card ladder, gutters, toggle) and fixed TierCard's md price rung. Legend is $499.99 per month whatever the frame says. Not re-read this pass; the residuals named on the wave37 row still stand.	1440=partial @2026-09-14/wave41-home
Skai > Home - ads > Add 1VH (375 x 812px) [6736-38635]	partial	src/components/home-redesign/AddMenu.tsx	/ (AiHome + menu)	NOT RE-READ this pass — verdict carried from the work order, which is why it is not `done`. Implementing file(s): src/components/home-redesign/AddMenu.tsx. NO SOURCE CITATION: a scan of every .ts/.tsx under src/ this pass found no file referencing this node id, so no measurement of this cut is recorded anywhere in code. 117 of the lane's 253 frames are in that state; they are the set the next pass should open first. Carried note: FIRST VERDICT, NOT OPENED THIS PASS. AddMenu.tsx ships the composer's + menu (AddMenu.rows.test.tsx pins its rows); this 375 cut has no geometry read. [vverify: match | AddMenu open mobile sibling of cited 2733:20819]	375=partial @2026-09-14/wave41-home
Skai > Home - ads > Add 1VH (768 x 1024px) [6736-38442]	partial	src/components/home-redesign/AddMenu.tsx	/ (AiHome + menu)	NOT RE-READ this pass — verdict carried from the work order, which is why it is not `done`. Implementing file(s): src/components/home-redesign/AddMenu.tsx. NO SOURCE CITATION: a scan of every .ts/.tsx under src/ this pass found no file referencing this node id, so no measurement of this cut is recorded anywhere in code. 117 of the lane's 253 frames are in that state; they are the set the next pass should open first. Carried note: FIRST VERDICT, NOT OPENED THIS PASS. AddMenu.tsx ships the composer's + menu (AddMenu.rows.test.tsx pins its rows); this 768 cut has no geometry read. [vverify: match | AddMenu open tablet sibling of cited 2733:20819]	768=partial @2026-09-14/wave41-home
Skai > Home - ads > Tool tip 1VH (768 x 1024px) [6736-38996]	partial	src/components/home-redesign/UpgradeCoachmark.tsx	- (deliberately unmounted)	NOT RE-READ this pass — verdict carried from the work order, which is why it is not `done`. Implementing file(s): src/components/home-redesign/UpgradeCoachmark.tsx. SOURCE CITATION: this node id is referenced in src/components/home-redesign/AiHome.tsx, src/components/home-redesign/UpgradeCoachmark.figma.test.tsx, src/components/home-redesign/UpgradeCoachmark.tsx — evidence that some earlier pass measured this cut and recorded the result in code, NOT a measurement made now, and not proof the node still lives on the page the comment names (a wrong-file id resolves silently; see WHALES_TABLET_FRAME_FACTS_2026-09-08.md). Carried note: CARRIED. UpgradeCoachmark.tsx is deliberately unmounted (wave19 row, tablet=partial). Not opened this pass; the ruling that keeps it unmounted stands until someone mounts it. [vverify: partial | CORRECTION 2026-08-05 - the prior note claimed AiHome.tsx:1161 MOUNTS UpgradeCoachmark. It does not. grep over src/ finds references only inside UpgradeCoachmark.tsx itself (definition + default export); t	768=partial @2026-09-14/wave41-home
Skai > Home - sidebar 1VH (375 x 812px) [6419-47275]	partial	src/components/home-redesign/HomeSidebarExpanded.tsx	shell (HomeShellLayout collapsed)	NOT RE-READ this pass — verdict carried from the work order, which is why it is not `done`. Implementing file(s): src/components/home-redesign/HomeSidebarExpanded.tsx. NO SOURCE CITATION: a scan of every .ts/.tsx under src/ this pass found no file referencing this node id, so no measurement of this cut is recorded anywhere in code. 117 of the lane's 253 frames are in that state; they are the set the next pass should open first. Carried note: FIRST VERDICT, NOT OPENED THIS PASS. The sidebar as a full screen at 375. HomeShellLayout.tsx + HomeSidebarExpanded.tsx ship it (15 HomeSidebarExpanded test files, incl. touchFloor and rail); no read of this node. [vverify: match | /home/skai/.claude/jobs/6c09754a/tmp/shots/home-shell-375.png | mobile no rail (lg-only) so base shell + bottom nav; matches mobile frame]	375=partial @2026-09-14/wave41-home
Skai > Home - sidebar 1VH (768 x 1024px) [6419-47130]	partial	src/components/home-redesign/HomeSidebarExpanded.tsx	shell (HomeShellLayout collapsed)	NOT RE-READ this pass — verdict carried from the work order, which is why it is not `done`. Implementing file(s): src/components/home-redesign/HomeSidebarExpanded.tsx. NO SOURCE CITATION: a scan of every .ts/.tsx under src/ this pass found no file referencing this node id, so no measurement of this cut is recorded anywhere in code. 117 of the lane's 253 frames are in that state; they are the set the next pass should open first. Carried note: FIRST VERDICT, NOT OPENED THIS PASS. The sidebar as a full screen at 768. HomeShellLayout.tsx + HomeSidebarExpanded.tsx ship it (15 HomeSidebarExpanded test files, incl. touchFloor and rail); no read of this node. [vverify: partial | /tmp/home-lane/sb3-768.png | tablet collapsed rail: same lg-only gate. The collapsed 58px rail exists and measures right at 1440 but never renders at 768]	768=partial @2026-09-14/wave41-home
Skai > Home - sidebar normal > Group chats > Folder name 1VH (375 x 812px) [6702-25618]	partial	src/components/home-redesign/CreateChatFolderModal.tsx	shell (HomeSidebarExpanded)	NOT RE-READ this pass — verdict carried from the work order, which is why it is not `done`. Implementing file(s): src/components/home-redesign/CreateChatFolderModal.tsx. NO SOURCE CITATION: a scan of every .ts/.tsx under src/ this pass found no file referencing this node id, so no measurement of this cut is recorded anywhere in code. 117 of the lane's 253 frames are in that state; they are the set the next pass should open first. Carried note: FIRST VERDICT, NOT OPENED THIS PASS. CreateChatFolderModal.tsx ships the dialog; CreateChatFolderModal.dialogGeometry.test.tsx pins its padding/corner pair against the @skai/ui primitive. This 375 cut was not compared. [vverify: match | mobile expanded sidebar via MobileNavSheet drawer rendering HomeSidebarExpanded]	375=partial @2026-09-14/wave41-home
Skai > Home - sidebar normal > Group chats > Folder name 1VH (768 x 1024px) [6702-25577]	partial	src/components/home-redesign/CreateChatFolderModal.tsx	shell (HomeSidebarExpanded)	NOT RE-READ this pass — verdict carried from the work order, which is why it is not `done`. Implementing file(s): src/components/home-redesign/CreateChatFolderModal.tsx. NO SOURCE CITATION: a scan of every .ts/.tsx under src/ this pass found no file referencing this node id, so no measurement of this cut is recorded anywhere in code. 117 of the lane's 253 frames are in that state; they are the set the next pass should open first. Carried note: FIRST VERDICT, NOT OPENED THIS PASS. CreateChatFolderModal.tsx ships the dialog; CreateChatFolderModal.dialogGeometry.test.tsx pins its padding/corner pair against the @skai/ui primitive. This 768 cut was not compared. [vverify: match | tablet expanded sidebar via MobileNavSheet drawer rendering HomeSidebarExpanded]	768=partial @2026-09-14/wave41-home
Skai > Home - sidebar normal 1VH (375 x 812px) [6702-25218]	partial	src/components/home-redesign/HomeSidebarExpanded.tsx	shell (HomeShellLayout)	NOT RE-READ this pass — verdict carried from the work order, which is why it is not `done`. Implementing file(s): src/components/home-redesign/HomeSidebarExpanded.tsx. NO SOURCE CITATION: a scan of every .ts/.tsx under src/ this pass found no file referencing this node id, so no measurement of this cut is recorded anywhere in code. 117 of the lane's 253 frames are in that state; they are the set the next pass should open first. Carried note: FIRST VERDICT, NOT OPENED THIS PASS. The sidebar as a full screen at 375. HomeShellLayout.tsx + HomeSidebarExpanded.tsx ship it (15 HomeSidebarExpanded test files, incl. touchFloor and rail); no read of this node. [vverify: match | /home/skai/.claude/jobs/6c09754a/tmp/shots/home-shell-375.png | mobile HomeShellLayout: topbar + full-width main + MobileBottomNav wired]	375=partial @2026-09-14/wave41-home
Skai > Home - sidebar normal 1VH (768 x 1024px) [6702-24782]	partial	src/components/home-redesign/HomeSidebarExpanded.tsx	shell (HomeShellLayout)	NOT RE-READ this pass — verdict carried from the work order, which is why it is not `done`. Implementing file(s): src/components/home-redesign/HomeSidebarExpanded.tsx. NO SOURCE CITATION: a scan of every .ts/.tsx under src/ this pass found no file referencing this node id, so no measurement of this cut is recorded anywhere in code. 117 of the lane's 253 frames are in that state; they are the set the next pass should open first. Carried note: FIRST VERDICT, NOT OPENED THIS PASS. The sidebar as a full screen at 768. HomeShellLayout.tsx + HomeSidebarExpanded.tsx ship it (15 HomeSidebarExpanded test files, incl. touchFloor and rail); no read of this node. [vverify: partial | /tmp/home-lane/sb3-768.png | tablet sidebar normal: measured at 768 there is NO left rail at all -- zero tall left-edge columns, and the bottom nav is present instead	768=partial @2026-09-14/wave41-home
Skai > Home - welcome - end CTA 1VH (1440 x 900px) [2713-4362]	partial	src/components/home-redesign/SignedOutWelcome.tsx	/	NOT RE-READ this pass — verdict carried from the work order, which is why it is not `done`. Implementing file(s): src/components/home-redesign/SignedOutWelcome.tsx. SOURCE CITATION: this node id is referenced in src/components/home-redesign/onboarding/OnboardingQuestionnaire.tsx, src/services/onboarding/questionnaireService.ts — evidence that some earlier pass measured this cut and recorded the result in code, NOT a measurement made now, and not proof the node still lives on the page the comment names (a wrong-file id resolves silently; see WHALES_TABLET_FRAME_FACTS_2026-09-08.md). Carried note: CARRIED partial from the earlier row. SignedOutWelcome.tsx; this 1440 cut was not re-read this pass. [vverify: match | Signed-out end-CTA desktop OnboardingQuestionnaire cited 2713:4362]	1440=partial @2026-09-14/wave41-home
Skai > Home - welcome - end CTA 1VH (375 x 812px) [6381-20617]	partial	src/components/home-redesign/SignedOutWelcome.tsx	/	NOT RE-READ this pass — verdict carried from the work order, which is why it is not `done`. Implementing file(s): src/components/home-redesign/SignedOutWelcome.tsx. SOURCE CITATION: this node id is referenced in src/services/onboarding/questionnaireService.ts — evidence that some earlier pass measured this cut and recorded the result in code, NOT a measurement made now, and not proof the node still lives on the page the comment names (a wrong-file id resolves silently; see WHALES_TABLET_FRAME_FACTS_2026-09-08.md). Carried note: CARRIED partial from the earlier row. SignedOutWelcome.tsx; this 375 cut was not re-read this pass. [vverify: match | Signed-out end-CTA mobile via SignedOutWelcome+questionnaireService copy]	375=partial @2026-09-14/wave41-home
Skai > Home - welcome - end CTA 1VH (768 x 1024px) [6381-20578]	partial	src/components/home-redesign/SignedOutWelcome.tsx	/	NOT RE-READ this pass — verdict carried from the work order, which is why it is not `done`. Implementing file(s): src/components/home-redesign/SignedOutWelcome.tsx. SOURCE CITATION: this node id is referenced in src/services/onboarding/questionnaireService.ts — evidence that some earlier pass measured this cut and recorded the result in code, NOT a measurement made now, and not proof the node still lives on the page the comment names (a wrong-file id resolves silently; see WHALES_TABLET_FRAME_FACTS_2026-09-08.md). Carried note: CARRIED partial from the earlier row. SignedOutWelcome.tsx; this 768 cut was not re-read this pass. [vverify: match | Signed-out end-CTA tablet via SignedOutWelcome+welcome copy]	768=partial @2026-09-14/wave41-home
Skai > Home - welcome - scroll 1VH (375 x 812px) [6379-18643]	partial	src/components/home-redesign/SignedOutWelcome.tsx	/ (RedesignHome signedOut)	NOT RE-READ this pass — verdict carried from the work order, which is why it is not `done`. Implementing file(s): src/components/home-redesign/SignedOutWelcome.tsx. NO SOURCE CITATION: a scan of every .ts/.tsx under src/ this pass found no file referencing this node id, so no measurement of this cut is recorded anywhere in code. 117 of the lane's 253 frames are in that state; they are the set the next pass should open first. Carried note: FIRST VERDICT, NOT OPENED THIS PASS. SignedOutWelcome.tsx ships the scroll; earlier rows hold the CTA cuts partial. This 375 cut has no read. [vverify: match | /home/skai/.claude/jobs/6c09754a/tmp/shots/home-root-base-375.png | Welcome-scroll mobile SignedOutWelcome scroll narrative responsive]	375=partial @2026-09-14/wave41-home
Skai > Home - welcome - scroll 1VH (768 x 1024px) [6379-18604]	partial	src/components/home-redesign/SignedOutWelcome.tsx	/ (RedesignHome signedOut)	NOT RE-READ this pass — verdict carried from the work order, which is why it is not `done`. Implementing file(s): src/components/home-redesign/SignedOutWelcome.tsx. NO SOURCE CITATION: a scan of every .ts/.tsx under src/ this pass found no file referencing this node id, so no measurement of this cut is recorded anywhere in code. 117 of the lane's 253 frames are in that state; they are the set the next pass should open first. Carried note: FIRST VERDICT, NOT OPENED THIS PASS. SignedOutWelcome.tsx ships the scroll; earlier rows hold the CTA cuts partial. This 768 cut has no read. [vverify: match | Welcome-scroll tablet SignedOutWelcome responsive]	768=partial @2026-09-14/wave41-home
Skai > Home - welcome - with CTA 1VH (375 x 812px) [6379-18450]	partial	src/components/home-redesign/SignedOutWelcome.tsx	/	NOT RE-READ this pass — verdict carried from the work order, which is why it is not `done`. Implementing file(s): src/components/home-redesign/SignedOutWelcome.tsx. SOURCE CITATION: this node id is referenced in src/components/home-redesign/onboarding/onboardingHinges.figma.test.ts — evidence that some earlier pass measured this cut and recorded the result in code, NOT a measurement made now, and not proof the node still lives on the page the comment names (a wrong-file id resolves silently; see WHALES_TABLET_FRAME_FACTS_2026-09-08.md). Carried note: CARRIED partial from the earlier row. SignedOutWelcome.tsx; this 375 cut was not re-read this pass. [vverify: match | /home/skai/.claude/jobs/6c09754a/tmp/shots/home-root-base-375.png | Signed-out welcome+CTA mobile via SignedOutWelcome responsive sm breakpoints]	375=partial @2026-09-14/wave41-home
Skai > Home - welcome - with CTA 1VH (768 x 1024px) [6379-18340]	partial	src/components/home-redesign/SignedOutWelcome.tsx	/	NOT RE-READ this pass — verdict carried from the work order, which is why it is not `done`. Implementing file(s): src/components/home-redesign/SignedOutWelcome.tsx. SOURCE CITATION: this node id is referenced in src/components/home-redesign/onboarding/onboardingHinges.figma.test.ts — evidence that some earlier pass measured this cut and recorded the result in code, NOT a measurement made now, and not proof the node still lives on the page the comment names (a wrong-file id resolves silently; see WHALES_TABLET_FRAME_FACTS_2026-09-08.md). Carried note: CARRIED partial from the earlier row. SignedOutWelcome.tsx; this 768 cut was not re-read this pass. [vverify: match | Signed-out welcome+CTA tablet via SignedOutWelcome responsive]	768=partial @2026-09-14/wave41-home
Skai > Home - welcome (1440 x 900px) [2713-4240]	partial	src/components/home-redesign/SignedOutWelcome.tsx	/ (RedesignHome signedOut)	NOT RE-READ this pass — verdict carried from the work order, which is why it is not `done`. Implementing file(s): src/components/home-redesign/SignedOutWelcome.tsx. NO SOURCE CITATION: a scan of every .ts/.tsx under src/ this pass found no file referencing this node id, so no measurement of this cut is recorded anywhere in code. 117 of the lane's 253 frames are in that state; they are the set the next pass should open first. Carried note: FIRST VERDICT, NOT OPENED THIS PASS. SignedOutWelcome.tsx ships the welcome; earlier rows hold the CTA cuts partial. This 1440 cut has no read. [vverify: match | /home/skai/.claude/jobs/6c09754a/tmp/shots/home-root-base-1440.png | Welcome desktop SignedOutWelcome hero matches base shot]	1440=partial @2026-09-14/wave41-home
Skai > Home - welcome > onboarding Qs - 1 1VH (375 x 812px) [6383-21006]	partial	src/components/home-redesign/onboarding/OnboardingQuestionnaire.tsx	/	NOT RE-READ this pass — verdict carried from the work order, which is why it is not `done`. Implementing file(s): src/components/home-redesign/onboarding/OnboardingQuestionnaire.tsx. SOURCE CITATION: this node id is referenced in src/components/home-redesign/onboarding/onboardingHinges.figma.test.ts, src/components/home-redesign/onboarding/OnboardingQuestionnaire.tsx, src/components/layout/MobileBottomNav.chrome.test.tsx, src/components/layout/MobileBottomNav.tsx — evidence that some earlier pass measured this cut and recorded the result in code, NOT a measurement made now, and not proof the node still lives on the page the comment names (a wrong-file id resolves silently; see WHALES_TABLET_FRAME_FACTS_2026-09-08.md). Carried note: CARRIED partial from the earlier row. OnboardingQuestionnaire.tsx; this 375 cut was not re-read this pass. [vverify: match | OnboardingQuestionnaire step1 basic-info mobile cited 6383:21006]	375=partial @2026-09-14/wave41-home
Skai > Home - welcome > onboarding Qs - 1 1VH (768 x 1024px) [6383-20999]	partial	src/components/home-redesign/onboarding/OnboardingQuestionnaire.tsx	/	NOT RE-READ this pass — verdict carried from the work order, which is why it is not `done`. Implementing file(s): src/components/home-redesign/onboarding/OnboardingQuestionnaire.tsx. SOURCE CITATION: this node id is referenced in src/components/home-redesign/onboarding/onboardingHinges.figma.test.ts, src/components/home-redesign/onboarding/OnboardingQuestionnaire.tsx, src/components/layout/MobileBottomNav.chrome.test.tsx, src/components/layout/MobileBottomNav.tsx — evidence that some earlier pass measured this cut and recorded the result in code, NOT a measurement made now, and not proof the node still lives on the page the comment names (a wrong-file id resolves silently; see WHALES_TABLET_FRAME_FACTS_2026-09-08.md). Carried note: CARRIED partial from the earlier row. OnboardingQuestionnaire.tsx; this 768 cut was not re-read this pass. [vverify: match | OnboardingQuestionnaire step1 basic-info tablet cited 6383:20999]	768=partial @2026-09-14/wave41-home
Skai > Home - welcome > onboarding Qs - 2 1VH (375 x 812px) [6385-21390]	partial	src/components/home-redesign/onboarding/OnboardingQuestionnaire.tsx	/	NOT RE-READ this pass — verdict carried from the work order, which is why it is not `done`. Implementing file(s): src/components/home-redesign/onboarding/OnboardingQuestionnaire.tsx. SOURCE CITATION: this node id is referenced in src/components/home-redesign/onboarding/onboardingHinges.figma.test.ts, src/components/home-redesign/onboarding/OnboardingQuestionnaire.tsx, src/components/home-redesign/onboarding/priorityGridGutters.figma.test.ts, src/services/onboarding/questionnaireService.ts — evidence that some earlier pass measured this cut and recorded the result in code, NOT a measurement made now, and not proof the node still lives on the page the comment names (a wrong-file id resolves silently; see WHALES_TABLET_FRAME_FACTS_2026-09-08.md). Carried note: CARRIED partial from the earlier row. OnboardingQuestionnaire.tsx; this 375 cut was not re-read this pass. [vverify: match | OnboardingQuestionnaire step2 priorities mobile cited 6385:21390]	375=partial @2026-09-14/wave41-home
Skai > Home - welcome > onboarding Qs - 2 1VH (768 x 1024px) [6385-21358]	partial	src/components/home-redesign/onboarding/OnboardingQuestionnaire.tsx	/	NOT RE-READ this pass — verdict carried from the work order, which is why it is not `done`. Implementing file(s): src/components/home-redesign/onboarding/OnboardingQuestionnaire.tsx. SOURCE CITATION: this node id is referenced in src/components/home-redesign/onboarding/onboardingHinges.figma.test.ts, src/components/home-redesign/onboarding/OnboardingQuestionnaire.tsx, src/components/home-redesign/onboarding/priorityGridGutters.figma.test.ts, src/services/onboarding/questionnaireService.ts — evidence that some earlier pass measured this cut and recorded the result in code, NOT a measurement made now, and not proof the node still lives on the page the comment names (a wrong-file id resolves silently; see WHALES_TABLET_FRAME_FACTS_2026-09-08.md). Carried note: CARRIED partial from the earlier row. OnboardingQuestionnaire.tsx; this 768 cut was not re-read this pass. [vverify: match | OnboardingQuestionnaire step2 priorities tablet cited 6385:21358]	768=partial @2026-09-14/wave41-home
Skai > Home - welcome > onboarding Qs - load effect > Badge reward 1VH (768 x 1024px) [6405-20293]	partial	src/components/home-redesign/onboarding/OnboardingQuestionnaire.tsx	/ (HomeOnboarding gate)	NOT RE-READ this pass — verdict carried from the work order, which is why it is not `done`. Implementing file(s): src/components/home-redesign/onboarding/OnboardingQuestionnaire.tsx. NO SOURCE CITATION: a scan of every .ts/.tsx under src/ this pass found no file referencing this node id, so no measurement of this cut is recorded anywhere in code. 117 of the lane's 253 frames are in that state; they are the set the next pass should open first. Carried note: FIRST VERDICT, NOT OPENED THIS PASS. OnboardingQuestionnaire.tsx ships the load effect > Badge reward; onboardingHinges.figma.test.ts, priorityGridGutters.figma.test.ts, accountChipGeometry and defaultPfpArt tests pin earlier reads, and homeFigmaGeometry.test.ts holds the PFP header block at 64. This 768 cut was not compared. [vverify: match | HomeOnboarding badge-reward tablet sibling of cited 27	768=partial @2026-09-14/wave41-home
Skai > Home - welcome > onboarding Qs - load effect > Quests 1VH (375 x 812px) [6413-21006]	partial	src/components/home-redesign/onboarding/OnboardingQuestionnaire.tsx	/ (HomeOnboarding gate)	NOT RE-READ this pass — verdict carried from the work order, which is why it is not `done`. Implementing file(s): src/components/home-redesign/onboarding/OnboardingQuestionnaire.tsx. SOURCE CITATION: this node id is referenced in src/components/home-redesign/HomeOnboarding.otherTasksHinge.test.tsx, src/components/home-redesign/HomeOnboarding.tsx — evidence that some earlier pass measured this cut and recorded the result in code, NOT a measurement made now, and not proof the node still lives on the page the comment names (a wrong-file id resolves silently; see WHALES_TABLET_FRAME_FACTS_2026-09-08.md). Carried note: FIRST VERDICT, NOT OPENED THIS PASS. OnboardingQuestionnaire.tsx ships the load effect > Quests; onboardingHinges.figma.test.ts, priorityGridGutters.figma.test.ts, accountChipGeometry and defaultPfpArt tests pin earlier reads, and homeFigmaGeometry.test.ts holds the PFP header block at 64. This 375 cut was not compared. [vverify: match | HomeOnboarding welcome-to-quests cited 6413:21006 responsive	375=partial @2026-09-14/wave41-home
Skai > Home - welcome > onboarding Qs - load effect > Quests 1VH (768 x 1024px) [6405-20667]	partial	src/components/home-redesign/onboarding/OnboardingQuestionnaire.tsx	/ (HomeOnboarding gate)	NOT RE-READ this pass — verdict carried from the work order, which is why it is not `done`. Implementing file(s): src/components/home-redesign/onboarding/OnboardingQuestionnaire.tsx. SOURCE CITATION: this node id is referenced in src/components/home-redesign/HomeOnboarding.otherTasksHinge.test.tsx, src/components/home-redesign/HomeOnboarding.tsx — evidence that some earlier pass measured this cut and recorded the result in code, NOT a measurement made now, and not proof the node still lives on the page the comment names (a wrong-file id resolves silently; see WHALES_TABLET_FRAME_FACTS_2026-09-08.md). Carried note: FIRST VERDICT, NOT OPENED THIS PASS. OnboardingQuestionnaire.tsx ships the load effect > Quests; onboardingHinges.figma.test.ts, priorityGridGutters.figma.test.ts, accountChipGeometry and defaultPfpArt tests pin earlier reads, and homeFigmaGeometry.test.ts holds the PFP header block at 64. This 768 cut was not compared. [vverify: match | HomeOnboarding load-effect-to-quests tablet sibling of 2713:	768=partial @2026-09-14/wave41-home
Skai > Home - welcome > onboarding Qs - load effect 1VH (375 x 812px) [6394-54418]	partial	src/components/home-redesign/onboarding/OnboardingQuestionnaire.tsx	/ (HomeOnboarding gate)	NOT RE-READ this pass — verdict carried from the work order, which is why it is not `done`. Implementing file(s): src/components/home-redesign/onboarding/OnboardingQuestionnaire.tsx. NO SOURCE CITATION: a scan of every .ts/.tsx under src/ this pass found no file referencing this node id, so no measurement of this cut is recorded anywhere in code. 117 of the lane's 253 frames are in that state; they are the set the next pass should open first. Carried note: FIRST VERDICT, NOT OPENED THIS PASS. OnboardingQuestionnaire.tsx ships the load effect; onboardingHinges.figma.test.ts, priorityGridGutters.figma.test.ts, accountChipGeometry and defaultPfpArt tests pin earlier reads, and homeFigmaGeometry.test.ts holds the PFP header block at 64. This 375 cut was not compared. [vverify: match | HomeOnboarding load-effect mobile sibling of cited quests cluster]	375=partial @2026-09-14/wave41-home
Skai > Home - welcome > onboarding Qs - load effect 1VH (375 x 812px) [6405-20479]	partial	src/components/home-redesign/onboarding/OnboardingQuestionnaire.tsx	/ (HomeOnboarding gate)	NOT RE-READ this pass — verdict carried from the work order, which is why it is not `done`. Implementing file(s): src/components/home-redesign/onboarding/OnboardingQuestionnaire.tsx. NO SOURCE CITATION: a scan of every .ts/.tsx under src/ this pass found no file referencing this node id, so no measurement of this cut is recorded anywhere in code. 117 of the lane's 253 frames are in that state; they are the set the next pass should open first. Carried note: FIRST VERDICT, NOT OPENED THIS PASS. OnboardingQuestionnaire.tsx ships the load effect; onboardingHinges.figma.test.ts, priorityGridGutters.figma.test.ts, accountChipGeometry and defaultPfpArt tests pin earlier reads, and homeFigmaGeometry.test.ts holds the PFP header block at 64. This 375 cut was not compared. [vverify: match | HomeOnboarding load-effect mobile sibling of 6413 cited cluster]	375=partial @2026-09-14/wave41-home
Skai > Home - welcome > onboarding Qs - load effect 1VH (768 x 1024px) [6393-53747]	partial	src/components/home-redesign/onboarding/OnboardingQuestionnaire.tsx	/ (HomeOnboarding gate)	NOT RE-READ this pass — verdict carried from the work order, which is why it is not `done`. Implementing file(s): src/components/home-redesign/onboarding/OnboardingQuestionnaire.tsx. SOURCE CITATION: this node id is referenced in src/main.tsx — evidence that some earlier pass measured this cut and recorded the result in code, NOT a measurement made now, and not proof the node still lives on the page the comment names (a wrong-file id resolves silently; see WHALES_TABLET_FRAME_FACTS_2026-09-08.md). Carried note: FIRST VERDICT, NOT OPENED THIS PASS. OnboardingQuestionnaire.tsx ships the load effect; onboardingHinges.figma.test.ts, priorityGridGutters.figma.test.ts, accountChipGeometry and defaultPfpArt tests pin earlier reads, and homeFigmaGeometry.test.ts holds the PFP header block at 64. This 768 cut was not compared. [vverify: match | HomeOnboarding load-effect tablet sibling of cited quests cluster]	768=partial @2026-09-14/wave41-home
Skai > Home - welcome > onboarding Qs - with default PFP 1 1VH (375 x 812px) [6388-21892]	partial	src/components/home-redesign/onboarding/OnboardingQuestionnaire.tsx	/ (HomeOnboarding gate)	NOT RE-READ this pass — verdict carried from the work order, which is why it is not `done`. Implementing file(s): src/components/home-redesign/onboarding/OnboardingQuestionnaire.tsx. SOURCE CITATION: this node id is referenced in src/components/home-redesign/onboarding/OnboardingQuestionnaire.tsx, src/services/onboarding/questionnaireService.ts — evidence that some earlier pass measured this cut and recorded the result in code, NOT a measurement made now, and not proof the node still lives on the page the comment names (a wrong-file id resolves silently; see WHALES_TABLET_FRAME_FACTS_2026-09-08.md). Carried note: FIRST VERDICT, NOT OPENED THIS PASS. OnboardingQuestionnaire.tsx ships the with default PFP 1; onboardingHinges.figma.test.ts, priorityGridGutters.figma.test.ts, accountChipGeometry and defaultPfpArt tests pin earlier reads, and homeFigmaGeometry.test.ts holds the PFP header block at 64. This 375 cut was not compared. [vverify: match | OnboardingQuestionnaire step3 default-PFP mobile cited 6388:21	375=partial @2026-09-14/wave41-home
Skai > Home - welcome > onboarding Qs - with default PFP 1 1VH (768 x 1024px) [6388-21725]	partial	src/components/home-redesign/onboarding/OnboardingQuestionnaire.tsx	/ (HomeOnboarding gate)	NOT RE-READ this pass — verdict carried from the work order, which is why it is not `done`. Implementing file(s): src/components/home-redesign/onboarding/OnboardingQuestionnaire.tsx. SOURCE CITATION: this node id is referenced in src/components/home-redesign/onboarding/OnboardingQuestionnaire.tsx, src/services/onboarding/questionnaireService.ts — evidence that some earlier pass measured this cut and recorded the result in code, NOT a measurement made now, and not proof the node still lives on the page the comment names (a wrong-file id resolves silently; see WHALES_TABLET_FRAME_FACTS_2026-09-08.md). Carried note: FIRST VERDICT, NOT OPENED THIS PASS. OnboardingQuestionnaire.tsx ships the with default PFP 1; onboardingHinges.figma.test.ts, priorityGridGutters.figma.test.ts, accountChipGeometry and defaultPfpArt tests pin earlier reads, and homeFigmaGeometry.test.ts holds the PFP header block at 64. This 768 cut was not compared. [vverify: match | OnboardingQuestionnaire step3 default-PFP web-panel cited 6388	768=partial @2026-09-14/wave41-home
Skai > Home - welcome 1VH (1440 x 900px) [2713-4179]	partial	src/components/home-redesign/SignedOutWelcome.tsx	/	NOT RE-READ this pass — verdict carried from the work order, which is why it is not `done`. Implementing file(s): src/components/home-redesign/SignedOutWelcome.tsx. SOURCE CITATION: this node id is referenced in src/components/home-redesign/onboarding/OnboardingQuestionnaire.tsx, src/components/home-redesign/onboarding/welcomeGlow.ts, src/components/home-redesign/SignedOutWelcome.tsx, src/services/onboarding/questionnaireService.ts — evidence that some earlier pass measured this cut and recorded the result in code, NOT a measurement made now, and not proof the node still lives on the page the comment names (a wrong-file id resolves silently; see WHALES_TABLET_FRAME_FACTS_2026-09-08.md). Carried note: CARRIED partial from the earlier row. SignedOutWelcome.tsx; this 1440 cut was not re-read this pass. [vverify: match | /home/skai/.claude/jobs/6c09754a/tmp/shots/home-root-base-1440.png | Welcome narrative desktop SignedOutWelcome cites 2713:4179 matches base]	1440=partial @2026-09-14/wave41-home
Skai > Home - welcome 1VH (375 x 812px) [6330-55267]	partial	src/components/home-redesign/SignedOutWelcome.tsx	/ (RedesignHome signedOut)	NOT RE-READ this pass — verdict carried from the work order, which is why it is not `done`. Implementing file(s): src/components/home-redesign/SignedOutWelcome.tsx. SOURCE CITATION: this node id is referenced in src/components/home-redesign/onboarding/OnboardingQuestionnaire.tsx — evidence that some earlier pass measured this cut and recorded the result in code, NOT a measurement made now, and not proof the node still lives on the page the comment names (a wrong-file id resolves silently; see WHALES_TABLET_FRAME_FACTS_2026-09-08.md). Carried note: FIRST VERDICT, NOT OPENED THIS PASS. SignedOutWelcome.tsx ships the 1VH; earlier rows hold the CTA cuts partial. This 375 cut has no read. [vverify: match | Welcome mobile OnboardingQuestionnaire welcome step cited 6330:55267]	375=partial @2026-09-14/wave41-home
Skai > Home - welcome 1VH (768 x 1024px) [6330-54599]	partial	src/components/home-redesign/SignedOutWelcome.tsx	/ (RedesignHome signedOut)	NOT RE-READ this pass — verdict carried from the work order, which is why it is not `done`. Implementing file(s): src/components/home-redesign/SignedOutWelcome.tsx. NO SOURCE CITATION: a scan of every .ts/.tsx under src/ this pass found no file referencing this node id, so no measurement of this cut is recorded anywhere in code. 117 of the lane's 253 frames are in that state; they are the set the next pass should open first. Carried note: FIRST VERDICT, NOT OPENED THIS PASS. SignedOutWelcome.tsx ships the 1VH; earlier rows hold the CTA cuts partial. This 768 cut has no read. [vverify: match | Welcome tablet SignedOutWelcome responsive lg breakpoint]	768=partial @2026-09-14/wave41-home
Skai > Home - with deposit > deposit modal > Buy with Fiat > pay with 1VH (1440 x 900px) [13490-169814]	not-started	-	-	A DECISION ONLY CASEY CAN MAKE — ROW LEFT AS IT STANDS, NEITHER SIDE BUILT BY THIS LANE. The work order carries this frame as not-started with no implFile, and HOME1_DEPOSIT_FLOW_FRAME_FACTS_2026-09-08.md records the flow as the newest drawing on Home 1 with no counterpart on Home 2. ★ SINCE THE WORK ORDER WAS CUT, another lane landed an implementation for this flow in commit 2cf1fd377 — src/components/home-redesign/HomeTopBar.tsx and the whole of src/components/home-redesign/with-deposit/** (19 files). Both paths are off limits to lane home under its launch prompt, so this lane neither wrote nor verified any of it and claims no verdict on it; the verdict belongs to the lane that owns those files. Recorded here so the next reader does not re-open the frame as unimplemented.	1440=not-started @2026-09-14/wave41-home
Skai > Home - with deposit > deposit modal > Buy with Fiat > pay with 1VH (375 x 812px) [14136-87585]	not-started	-	-	A DECISION ONLY CASEY CAN MAKE — ROW LEFT AS IT STANDS, NEITHER SIDE BUILT BY THIS LANE. The work order carries this frame as not-started with no implFile, and HOME1_DEPOSIT_FLOW_FRAME_FACTS_2026-09-08.md records the flow as the newest drawing on Home 1 with no counterpart on Home 2. ★ SINCE THE WORK ORDER WAS CUT, another lane landed an implementation for this flow in commit 2cf1fd377 — src/components/home-redesign/HomeTopBar.tsx and the whole of src/components/home-redesign/with-deposit/** (19 files). Both paths are off limits to lane home under its launch prompt, so this lane neither wrote nor verified any of it and claims no verdict on it; the verdict belongs to the lane that owns those files. Recorded here so the next reader does not re-open the frame as unimplemented.	375=not-started @2026-09-14/wave41-home
Skai > Home - with deposit > deposit modal > Buy with Fiat > pay with 1VH (768 x 1024px) [14136-87297]	not-started	-	-	A DECISION ONLY CASEY CAN MAKE — ROW LEFT AS IT STANDS, NEITHER SIDE BUILT BY THIS LANE. The work order carries this frame as not-started with no implFile, and HOME1_DEPOSIT_FLOW_FRAME_FACTS_2026-09-08.md records the flow as the newest drawing on Home 1 with no counterpart on Home 2. ★ SINCE THE WORK ORDER WAS CUT, another lane landed an implementation for this flow in commit 2cf1fd377 — src/components/home-redesign/HomeTopBar.tsx and the whole of src/components/home-redesign/with-deposit/** (19 files). Both paths are off limits to lane home under its launch prompt, so this lane neither wrote nor verified any of it and claims no verdict on it; the verdict belongs to the lane that owns those files. Recorded here so the next reader does not re-open the frame as unimplemented.	768=not-started @2026-09-14/wave41-home
Skai > Home - with deposit > deposit modal > Buy with Fiat > select currency 1VH (1440 x 900px) [13490-168974]	not-started	-	-	A DECISION ONLY CASEY CAN MAKE — ROW LEFT AS IT STANDS, NEITHER SIDE BUILT BY THIS LANE. The work order carries this frame as not-started with no implFile, and HOME1_DEPOSIT_FLOW_FRAME_FACTS_2026-09-08.md records the flow as the newest drawing on Home 1 with no counterpart on Home 2. ★ SINCE THE WORK ORDER WAS CUT, another lane landed an implementation for this flow in commit 2cf1fd377 — src/components/home-redesign/HomeTopBar.tsx and the whole of src/components/home-redesign/with-deposit/** (19 files). Both paths are off limits to lane home under its launch prompt, so this lane neither wrote nor verified any of it and claims no verdict on it; the verdict belongs to the lane that owns those files. Recorded here so the next reader does not re-open the frame as unimplemented.	1440=not-started @2026-09-14/wave41-home
Skai > Home - with deposit > deposit modal > Buy with Fiat > select currency 1VH (375 x 812px) [14136-86579]	not-started	-	-	A DECISION ONLY CASEY CAN MAKE — ROW LEFT AS IT STANDS, NEITHER SIDE BUILT BY THIS LANE. The work order carries this frame as not-started with no implFile, and HOME1_DEPOSIT_FLOW_FRAME_FACTS_2026-09-08.md records the flow as the newest drawing on Home 1 with no counterpart on Home 2. ★ SINCE THE WORK ORDER WAS CUT, another lane landed an implementation for this flow in commit 2cf1fd377 — src/components/home-redesign/HomeTopBar.tsx and the whole of src/components/home-redesign/with-deposit/** (19 files). Both paths are off limits to lane home under its launch prompt, so this lane neither wrote nor verified any of it and claims no verdict on it; the verdict belongs to the lane that owns those files. Recorded here so the next reader does not re-open the frame as unimplemented.	375=not-started @2026-09-14/wave41-home
Skai > Home - with deposit > deposit modal > Buy with Fiat > select currency 1VH (768 x 1024px) [14136-86305]	not-started	-	-	A DECISION ONLY CASEY CAN MAKE — ROW LEFT AS IT STANDS, NEITHER SIDE BUILT BY THIS LANE. The work order carries this frame as not-started with no implFile, and HOME1_DEPOSIT_FLOW_FRAME_FACTS_2026-09-08.md records the flow as the newest drawing on Home 1 with no counterpart on Home 2. ★ SINCE THE WORK ORDER WAS CUT, another lane landed an implementation for this flow in commit 2cf1fd377 — src/components/home-redesign/HomeTopBar.tsx and the whole of src/components/home-redesign/with-deposit/** (19 files). Both paths are off limits to lane home under its launch prompt, so this lane neither wrote nor verified any of it and claims no verdict on it; the verdict belongs to the lane that owns those files. Recorded here so the next reader does not re-open the frame as unimplemented.	768=not-started @2026-09-14/wave41-home
Skai > Home - with deposit > deposit modal > Buy with Fiat 1VH (1440 x 900px) [13484-48643]	not-started	-	-	A DECISION ONLY CASEY CAN MAKE — ROW LEFT AS IT STANDS, NEITHER SIDE BUILT BY THIS LANE. The work order carries this frame as not-started with no implFile, and HOME1_DEPOSIT_FLOW_FRAME_FACTS_2026-09-08.md records the flow as the newest drawing on Home 1 with no counterpart on Home 2. ★ SINCE THE WORK ORDER WAS CUT, another lane landed an implementation for this flow in commit 2cf1fd377 — src/components/home-redesign/HomeTopBar.tsx and the whole of src/components/home-redesign/with-deposit/** (19 files). Both paths are off limits to lane home under its launch prompt, so this lane neither wrote nor verified any of it and claims no verdict on it; the verdict belongs to the lane that owns those files. Recorded here so the next reader does not re-open the frame as unimplemented.	1440=not-started @2026-09-14/wave41-home
Skai > Home - with deposit > deposit modal > Buy with Fiat 1VH (375 x 812px) [14136-85815]	not-started	-	-	A DECISION ONLY CASEY CAN MAKE — ROW LEFT AS IT STANDS, NEITHER SIDE BUILT BY THIS LANE. The work order carries this frame as not-started with no implFile, and HOME1_DEPOSIT_FLOW_FRAME_FACTS_2026-09-08.md records the flow as the newest drawing on Home 1 with no counterpart on Home 2. ★ SINCE THE WORK ORDER WAS CUT, another lane landed an implementation for this flow in commit 2cf1fd377 — src/components/home-redesign/HomeTopBar.tsx and the whole of src/components/home-redesign/with-deposit/** (19 files). Both paths are off limits to lane home under its launch prompt, so this lane neither wrote nor verified any of it and claims no verdict on it; the verdict belongs to the lane that owns those files. Recorded here so the next reader does not re-open the frame as unimplemented.	375=not-started @2026-09-14/wave41-home
Skai > Home - with deposit > deposit modal > Buy with Fiat 1VH (768 x 1024px) [14136-85609]	not-started	-	-	A DECISION ONLY CASEY CAN MAKE — ROW LEFT AS IT STANDS, NEITHER SIDE BUILT BY THIS LANE. The work order carries this frame as not-started with no implFile, and HOME1_DEPOSIT_FLOW_FRAME_FACTS_2026-09-08.md records the flow as the newest drawing on Home 1 with no counterpart on Home 2. ★ SINCE THE WORK ORDER WAS CUT, another lane landed an implementation for this flow in commit 2cf1fd377 — src/components/home-redesign/HomeTopBar.tsx and the whole of src/components/home-redesign/with-deposit/** (19 files). Both paths are off limits to lane home under its launch prompt, so this lane neither wrote nor verified any of it and claims no verdict on it; the verdict belongs to the lane that owns those files. Recorded here so the next reader does not re-open the frame as unimplemented.	768=not-started @2026-09-14/wave41-home
Skai > Home - with deposit > deposit modal > Send crypto > Deposit received 1VH (1440 x 900px) [13502-172088]	not-started	-	-	A DECISION ONLY CASEY CAN MAKE — ROW LEFT AS IT STANDS, NEITHER SIDE BUILT BY THIS LANE. The work order carries this frame as not-started with no implFile, and HOME1_DEPOSIT_FLOW_FRAME_FACTS_2026-09-08.md records the flow as the newest drawing on Home 1 with no counterpart on Home 2. ★ SINCE THE WORK ORDER WAS CUT, another lane landed an implementation for this flow in commit 2cf1fd377 — src/components/home-redesign/HomeTopBar.tsx and the whole of src/components/home-redesign/with-deposit/** (19 files). Both paths are off limits to lane home under its launch prompt, so this lane neither wrote nor verified any of it and claims no verdict on it; the verdict belongs to the lane that owns those files. Recorded here so the next reader does not re-open the frame as unimplemented.	1440=not-started @2026-09-14/wave41-home
Skai > Home - with deposit > deposit modal > Send crypto > Deposit received 1VH (375 x 812px) [14136-89280]	not-started	-	-	A DECISION ONLY CASEY CAN MAKE — ROW LEFT AS IT STANDS, NEITHER SIDE BUILT BY THIS LANE. The work order carries this frame as not-started with no implFile, and HOME1_DEPOSIT_FLOW_FRAME_FACTS_2026-09-08.md records the flow as the newest drawing on Home 1 with no counterpart on Home 2. ★ SINCE THE WORK ORDER WAS CUT, another lane landed an implementation for this flow in commit 2cf1fd377 — src/components/home-redesign/HomeTopBar.tsx and the whole of src/components/home-redesign/with-deposit/** (19 files). Both paths are off limits to lane home under its launch prompt, so this lane neither wrote nor verified any of it and claims no verdict on it; the verdict belongs to the lane that owns those files. Recorded here so the next reader does not re-open the frame as unimplemented.	375=not-started @2026-09-14/wave41-home
Skai > Home - with deposit > deposit modal > Send crypto > Deposit received 1VH (768 x 1024px) [14136-88988]	not-started	-	-	A DECISION ONLY CASEY CAN MAKE — ROW LEFT AS IT STANDS, NEITHER SIDE BUILT BY THIS LANE. The work order carries this frame as not-started with no implFile, and HOME1_DEPOSIT_FLOW_FRAME_FACTS_2026-09-08.md records the flow as the newest drawing on Home 1 with no counterpart on Home 2. ★ SINCE THE WORK ORDER WAS CUT, another lane landed an implementation for this flow in commit 2cf1fd377 — src/components/home-redesign/HomeTopBar.tsx and the whole of src/components/home-redesign/with-deposit/** (19 files). Both paths are off limits to lane home under its launch prompt, so this lane neither wrote nor verified any of it and claims no verdict on it; the verdict belongs to the lane that owns those files. Recorded here so the next reader does not re-open the frame as unimplemented.	768=not-started @2026-09-14/wave41-home
Skai > Home - with deposit > deposit modal > Send crypto 1VH (1440 x 900px) [13490-170320]	not-started	-	-	A DECISION ONLY CASEY CAN MAKE — ROW LEFT AS IT STANDS, NEITHER SIDE BUILT BY THIS LANE. The work order carries this frame as not-started with no implFile, and HOME1_DEPOSIT_FLOW_FRAME_FACTS_2026-09-08.md records the flow as the newest drawing on Home 1 with no counterpart on Home 2. ★ SINCE THE WORK ORDER WAS CUT, another lane landed an implementation for this flow in commit 2cf1fd377 — src/components/home-redesign/HomeTopBar.tsx and the whole of src/components/home-redesign/with-deposit/** (19 files). Both paths are off limits to lane home under its launch prompt, so this lane neither wrote nor verified any of it and claims no verdict on it; the verdict belongs to the lane that owns those files. Recorded here so the next reader does not re-open the frame as unimplemented.	1440=not-started @2026-09-14/wave41-home
Skai > Home - with deposit > deposit modal > Send crypto 1VH (375 x 812px) [14136-88454]	not-started	-	-	A DECISION ONLY CASEY CAN MAKE — ROW LEFT AS IT STANDS, NEITHER SIDE BUILT BY THIS LANE. The work order carries this frame as not-started with no implFile, and HOME1_DEPOSIT_FLOW_FRAME_FACTS_2026-09-08.md records the flow as the newest drawing on Home 1 with no counterpart on Home 2. ★ SINCE THE WORK ORDER WAS CUT, another lane landed an implementation for this flow in commit 2cf1fd377 — src/components/home-redesign/HomeTopBar.tsx and the whole of src/components/home-redesign/with-deposit/** (19 files). Both paths are off limits to lane home under its launch prompt, so this lane neither wrote nor verified any of it and claims no verdict on it; the verdict belongs to the lane that owns those files. Recorded here so the next reader does not re-open the frame as unimplemented.	375=not-started @2026-09-14/wave41-home
Skai > Home - with deposit > deposit modal > Send crypto 1VH (768 x 1024px) [14136-88147]	not-started	-	-	A DECISION ONLY CASEY CAN MAKE — ROW LEFT AS IT STANDS, NEITHER SIDE BUILT BY THIS LANE. The work order carries this frame as not-started with no implFile, and HOME1_DEPOSIT_FLOW_FRAME_FACTS_2026-09-08.md records the flow as the newest drawing on Home 1 with no counterpart on Home 2. ★ SINCE THE WORK ORDER WAS CUT, another lane landed an implementation for this flow in commit 2cf1fd377 — src/components/home-redesign/HomeTopBar.tsx and the whole of src/components/home-redesign/with-deposit/** (19 files). Both paths are off limits to lane home under its launch prompt, so this lane neither wrote nor verified any of it and claims no verdict on it; the verdict belongs to the lane that owns those files. Recorded here so the next reader does not re-open the frame as unimplemented.	768=not-started @2026-09-14/wave41-home
Skai > Home - with deposit > deposit modal 1VH (1440 x 900px) [13486-49332]	not-started	-	-	A DECISION ONLY CASEY CAN MAKE — ROW LEFT AS IT STANDS, NEITHER SIDE BUILT BY THIS LANE. The work order carries this frame as not-started with no implFile, and HOME1_DEPOSIT_FLOW_FRAME_FACTS_2026-09-08.md records the flow as the newest drawing on Home 1 with no counterpart on Home 2. ★ SINCE THE WORK ORDER WAS CUT, another lane landed an implementation for this flow in commit 2cf1fd377 — src/components/home-redesign/HomeTopBar.tsx and the whole of src/components/home-redesign/with-deposit/** (19 files). Both paths are off limits to lane home under its launch prompt, so this lane neither wrote nor verified any of it and claims no verdict on it; the verdict belongs to the lane that owns those files. Recorded here so the next reader does not re-open the frame as unimplemented.	1440=not-started @2026-09-14/wave41-home
Skai > Home - with deposit > deposit modal 1VH (375 x 812px) [14129-84499]	not-started	-	-	A DECISION ONLY CASEY CAN MAKE — ROW LEFT AS IT STANDS, NEITHER SIDE BUILT BY THIS LANE. The work order carries this frame as not-started with no implFile, and HOME1_DEPOSIT_FLOW_FRAME_FACTS_2026-09-08.md records the flow as the newest drawing on Home 1 with no counterpart on Home 2. ★ SINCE THE WORK ORDER WAS CUT, another lane landed an implementation for this flow in commit 2cf1fd377 — src/components/home-redesign/HomeTopBar.tsx and the whole of src/components/home-redesign/with-deposit/** (19 files). Both paths are off limits to lane home under its launch prompt, so this lane neither wrote nor verified any of it and claims no verdict on it; the verdict belongs to the lane that owns those files. Recorded here so the next reader does not re-open the frame as unimplemented.	375=not-started @2026-09-14/wave41-home
Skai > Home - with deposit > deposit modal 1VH (768 x 1024px) [14129-84348]	not-started	-	-	A DECISION ONLY CASEY CAN MAKE — ROW LEFT AS IT STANDS, NEITHER SIDE BUILT BY THIS LANE. The work order carries this frame as not-started with no implFile, and HOME1_DEPOSIT_FLOW_FRAME_FACTS_2026-09-08.md records the flow as the newest drawing on Home 1 with no counterpart on Home 2. ★ SINCE THE WORK ORDER WAS CUT, another lane landed an implementation for this flow in commit 2cf1fd377 — src/components/home-redesign/HomeTopBar.tsx and the whole of src/components/home-redesign/with-deposit/** (19 files). Both paths are off limits to lane home under its launch prompt, so this lane neither wrote nor verified any of it and claims no verdict on it; the verdict belongs to the lane that owns those files. Recorded here so the next reader does not re-open the frame as unimplemented.	768=not-started @2026-09-14/wave41-home
Skai > Home - with deposit > quick balance - my wallets ALT 1VH (375 x 812px) [14317-260499]	not-started	-	-	A DECISION ONLY CASEY CAN MAKE — ROW LEFT AS IT STANDS, NEITHER SIDE BUILT BY THIS LANE. The work order carries this frame as not-started with no implFile, and HOME1_DEPOSIT_FLOW_FRAME_FACTS_2026-09-08.md records the flow as the newest drawing on Home 1 with no counterpart on Home 2. ★ SINCE THE WORK ORDER WAS CUT, another lane landed an implementation for this flow in commit 2cf1fd377 — src/components/home-redesign/HomeTopBar.tsx and the whole of src/components/home-redesign/with-deposit/** (19 files). Both paths are off limits to lane home under its launch prompt, so this lane neither wrote nor verified any of it and claims no verdict on it; the verdict belongs to the lane that owns those files. Recorded here so the next reader does not re-open the frame as unimplemented.	375=not-started @2026-09-14/wave41-home
Skai > Home - with deposit > quick balance - wallet mini ALT 1VH (375 x 812px) [14317-260169]	not-started	-	-	A DECISION ONLY CASEY CAN MAKE — ROW LEFT AS IT STANDS, NEITHER SIDE BUILT BY THIS LANE. The work order carries this frame as not-started with no implFile, and HOME1_DEPOSIT_FLOW_FRAME_FACTS_2026-09-08.md records the flow as the newest drawing on Home 1 with no counterpart on Home 2. ★ SINCE THE WORK ORDER WAS CUT, another lane landed an implementation for this flow in commit 2cf1fd377 — src/components/home-redesign/HomeTopBar.tsx and the whole of src/components/home-redesign/with-deposit/** (19 files). Both paths are off limits to lane home under its launch prompt, so this lane neither wrote nor verified any of it and claims no verdict on it; the verdict belongs to the lane that owns those files. Recorded here so the next reader does not re-open the frame as unimplemented.	375=not-started @2026-09-14/wave41-home
Skai > Home - with deposit > quick balance ALT 1VH (1440 x 900px) [13501-171154]	not-started	-	-	A DECISION ONLY CASEY CAN MAKE — ROW LEFT AS IT STANDS, NEITHER SIDE BUILT BY THIS LANE. The work order carries this frame as not-started with no implFile, and HOME1_DEPOSIT_FLOW_FRAME_FACTS_2026-09-08.md records the flow as the newest drawing on Home 1 with no counterpart on Home 2. ★ SINCE THE WORK ORDER WAS CUT, another lane landed an implementation for this flow in commit 2cf1fd377 — src/components/home-redesign/HomeTopBar.tsx and the whole of src/components/home-redesign/with-deposit/** (19 files). Both paths are off limits to lane home under its launch prompt, so this lane neither wrote nor verified any of it and claims no verdict on it; the verdict belongs to the lane that owns those files. Recorded here so the next reader does not re-open the frame as unimplemented.	1440=not-started @2026-09-14/wave41-home
Skai > Home - with deposit > quick balance ALT 1VH (768 x 1024px) [14136-89564]	not-started	-	-	A DECISION ONLY CASEY CAN MAKE — ROW LEFT AS IT STANDS, NEITHER SIDE BUILT BY THIS LANE. The work order carries this frame as not-started with no implFile, and HOME1_DEPOSIT_FLOW_FRAME_FACTS_2026-09-08.md records the flow as the newest drawing on Home 1 with no counterpart on Home 2. ★ SINCE THE WORK ORDER WAS CUT, another lane landed an implementation for this flow in commit 2cf1fd377 — src/components/home-redesign/HomeTopBar.tsx and the whole of src/components/home-redesign/with-deposit/** (19 files). Both paths are off limits to lane home under its launch prompt, so this lane neither wrote nor verified any of it and claims no verdict on it; the verdict belongs to the lane that owns those files. Recorded here so the next reader does not re-open the frame as unimplemented.	768=not-started @2026-09-14/wave41-home
Skai > Home - with deposit 1VH (1440 x 900px) [13486-49591]	not-started	-	-	A DECISION ONLY CASEY CAN MAKE — ROW LEFT AS IT STANDS, NEITHER SIDE BUILT BY THIS LANE. The work order carries this frame as not-started with no implFile, and HOME1_DEPOSIT_FLOW_FRAME_FACTS_2026-09-08.md records the flow as the newest drawing on Home 1 with no counterpart on Home 2. ★ SINCE THE WORK ORDER WAS CUT, another lane landed an implementation for this flow in commit 2cf1fd377 — src/components/home-redesign/HomeTopBar.tsx and the whole of src/components/home-redesign/with-deposit/** (19 files). Both paths are off limits to lane home under its launch prompt, so this lane neither wrote nor verified any of it and claims no verdict on it; the verdict belongs to the lane that owns those files. Recorded here so the next reader does not re-open the frame as unimplemented.	1440=not-started @2026-09-14/wave41-home
Skai > Home - with deposit 1VH (375 x 812px) [14129-84086]	not-started	-	-	A DECISION ONLY CASEY CAN MAKE — ROW LEFT AS IT STANDS, NEITHER SIDE BUILT BY THIS LANE. The work order carries this frame as not-started with no implFile, and HOME1_DEPOSIT_FLOW_FRAME_FACTS_2026-09-08.md records the flow as the newest drawing on Home 1 with no counterpart on Home 2. ★ SINCE THE WORK ORDER WAS CUT, another lane landed an implementation for this flow in commit 2cf1fd377 — src/components/home-redesign/HomeTopBar.tsx and the whole of src/components/home-redesign/with-deposit/** (19 files). Both paths are off limits to lane home under its launch prompt, so this lane neither wrote nor verified any of it and claims no verdict on it; the verdict belongs to the lane that owns those files. Recorded here so the next reader does not re-open the frame as unimplemented.	375=not-started @2026-09-14/wave41-home
Skai > Home - with deposit 1VH (768 x 1024px) [14129-82852]	not-started	-	-	A DECISION ONLY CASEY CAN MAKE — ROW LEFT AS IT STANDS, NEITHER SIDE BUILT BY THIS LANE. The work order carries this frame as not-started with no implFile, and HOME1_DEPOSIT_FLOW_FRAME_FACTS_2026-09-08.md records the flow as the newest drawing on Home 1 with no counterpart on Home 2. ★ SINCE THE WORK ORDER WAS CUT, another lane landed an implementation for this flow in commit 2cf1fd377 — src/components/home-redesign/HomeTopBar.tsx and the whole of src/components/home-redesign/with-deposit/** (19 files). Both paths are off limits to lane home under its launch prompt, so this lane neither wrote nor verified any of it and claims no verdict on it; the verdict belongs to the lane that owns those files. Recorded here so the next reader does not re-open the frame as unimplemented.	768=not-started @2026-09-14/wave41-home
Skai > Home - with deposit ALT 1VH (1440 x 900px) [14108-103468]	not-started	-	-	A DECISION ONLY CASEY CAN MAKE — ROW LEFT AS IT STANDS, NEITHER SIDE BUILT BY THIS LANE. The work order carries this frame as not-started with no implFile, and HOME1_DEPOSIT_FLOW_FRAME_FACTS_2026-09-08.md records the flow as the newest drawing on Home 1 with no counterpart on Home 2. ★ SINCE THE WORK ORDER WAS CUT, another lane landed an implementation for this flow in commit 2cf1fd377 — src/components/home-redesign/HomeTopBar.tsx and the whole of src/components/home-redesign/with-deposit/** (19 files). Both paths are off limits to lane home under its launch prompt, so this lane neither wrote nor verified any of it and claims no verdict on it; the verdict belongs to the lane that owns those files. Recorded here so the next reader does not re-open the frame as unimplemented.	1440=not-started @2026-09-14/wave41-home
Skai > Home > Add > upload image > conversation 4 1VH (1440 x 900px) [2736-25840]	frame-defect	src/components/home-redesign/conversation/AssistantBody.tsx	/ (RedesignHome, conversation surface)	NOT RE-READ this pass — verdict carried from the work order, which is why it is not `done`. Implementing file(s): src/components/home-redesign/conversation/AssistantBody.tsx, modules/skai-gaming/src/pages/play/DicePageSections.tsx, src/components/home-redesign/conversation/ConversationView.tsx. NO SOURCE CITATION: a scan of every .ts/.tsx under src/ this pass found no file referencing this node id, so no measurement of this cut is recorded anywhere in code. 117 of the lane's 253 frames are in that state; they are the set the next pass should open first. Carried note: NOT A SPEC. The node carries hidden=true on the canvas and its Frame 188 has no avatar at all, with two 150x150 cards running flush to the column's right edge at x=364/530. Its live sibling under the identical title, 2883-9692, draws 180px cards, the 36px avatar and a 16px gap, and the 768 and 375 boards agree with THAT one exactly - cards plus gap plus avatar gap plus avatar close each column at	1440=broken @2026-09-14/wave41-home
Skai > Home > Add > upload image 1VH (375 x 812px) [6736-39279]	partial	src/components/home-redesign/AskComposer.tsx	/ (AiHome upload)	NOT RE-READ this pass — verdict carried from the work order, which is why it is not `done`. Implementing file(s): src/components/home-redesign/AskComposer.tsx. SOURCE CITATION: this node id is referenced in src/components/home-redesign/AskComposer.tsx, src/components/home-redesign/attachments.tsx — evidence that some earlier pass measured this cut and recorded the result in code, NOT a measurement made now, and not proof the node still lives on the page the comment names (a wrong-file id resolves silently; see WHALES_TABLET_FRAME_FACTS_2026-09-08.md). Carried note: FIRST VERDICT, NOT OPENED THIS PASS. AskComposer.tsx + attachments.tsx cite the 375 upload frames (6736:39279, 6736:40379) for the 328-wide pill table; this 375 cut has no read of its own. The card's 768 rung was fixed this lane. [vverify: match | AskComposer upload-image mobile sibling of cited 2735:25298]	375=partial @2026-09-14/wave41-home
Skai > Home > Add > upload image 1VH (768 x 1024px) [6736-39216]	partial	src/components/home-redesign/AskComposer.tsx	/ (AiHome upload)	NOT RE-READ this pass — verdict carried from the work order, which is why it is not `done`. Implementing file(s): src/components/home-redesign/AskComposer.tsx. NO SOURCE CITATION: a scan of every .ts/.tsx under src/ this pass found no file referencing this node id, so no measurement of this cut is recorded anywhere in code. 117 of the lane's 253 frames are in that state; they are the set the next pass should open first. Carried note: FIRST VERDICT, NOT OPENED THIS PASS. AskComposer.tsx + attachments.tsx cite the 375 upload frames (6736:39279, 6736:40379) for the 328-wide pill table; this 768 cut has no read of its own. The card's 768 rung was fixed this lane. [vverify: match | AskComposer upload-image tablet sibling of cited 2735:25298]	768=partial @2026-09-14/wave41-home
Skai > Home > AI Feed - actionable (375 x 812px) [6711-32989]	partial	src/components/home-redesign/feed/AiFeed.tsx	/ (RedesignHome, AI Feed toggle)	NOT RE-READ this pass — verdict carried from the work order, which is why it is not `done`. Implementing file(s): src/components/home-redesign/feed/AiFeed.tsx, src/components/home-redesign/feed/AiSignalsCards.tsx. SOURCE CITATION: this node id is referenced in src/components/home-redesign/feed/aiSignalsCards.figma.test.ts, src/components/home-redesign/feed/AiSignalsCards.tsx, src/components/home-redesign/feed/CopyTradingCard.searchHinge.test.tsx, src/components/home-redesign/feed/CopyTradingCard.tsx (+1 more) — evidence that some earlier pass measured this cut and recorded the result in code, NOT a measurement made now, and not proof the node still lives on the page the comment names (a wrong-file id resolves silently; see WHALES_TABLET_FRAME_FACTS_2026-09-08.md). Carried note: FIRST VERDICT, NOT OPENED THIS PASS. AiFeed.tsx / AiSignalsCards.tsx ship the actionable feed; signalCardBoards.figma.test.ts and copyTradingShell/Grid tests pin board geometry from earlier reads. This 375 cut was not compared. [vverify: deferred | /tmp/home-lane/feed-375.png | AI Feed actionable mobile; same data gate. Mobile stacking verified 315px cards]	375=partial @2026-09-14/wave41-home
Skai > Home > AI Feed - actionable (768 x 1024px) [6711-27811]	partial	src/components/home-redesign/feed/AiFeed.tsx	/ (RedesignHome, AI Feed toggle)	NOT RE-READ this pass — verdict carried from the work order, which is why it is not `done`. Implementing file(s): src/components/home-redesign/feed/AiFeed.tsx, src/components/home-redesign/feed/AiSignalsCards.tsx. SOURCE CITATION: this node id is referenced in src/components/home-redesign/feed/aiSignalsCards.figma.test.ts, src/components/home-redesign/feed/AiSignalsCards.tsx, src/components/home-redesign/feed/CopyTradingCard.tsx, src/components/home-redesign/feed/copyTradingShell.figma.test.ts — evidence that some earlier pass measured this cut and recorded the result in code, NOT a measurement made now, and not proof the node still lives on the page the comment names (a wrong-file id resolves silently; see WHALES_TABLET_FRAME_FACTS_2026-09-08.md). Carried note: FIRST VERDICT, NOT OPENED THIS PASS. AiFeed.tsx / AiSignalsCards.tsx ship the actionable feed; signalCardBoards.figma.test.ts and copyTradingShell/Grid tests pin board geometry from earlier reads. This 768 cut was not compared. [vverify: deferred | /tmp/home-lane/feed-768.png | AI Feed actionable tablet second variant; same data gate]	768=partial @2026-09-14/wave41-home
Skai > Home > AI Feed - actionable 1VH (1440 x 900px) [2836-17050]	partial	src/components/home-redesign/feed/AiFeed.tsx	/ (RedesignHome, AI Feed toggle)	NOT RE-READ this pass — verdict carried from the work order, which is why it is not `done`. Implementing file(s): src/components/home-redesign/feed/AiFeed.tsx, src/components/home-redesign/feed/AiSignalsCards.tsx. SOURCE CITATION: this node id is referenced in src/components/home-redesign/feed/aiSignalsCards.figma.test.ts, src/components/home-redesign/feed/AiSignalsCards.tsx, src/components/home-redesign/feed/CopyTradingCard.tsx, src/components/home-redesign/feed/copyTradingShell.figma.test.ts — evidence that some earlier pass measured this cut and recorded the result in code, NOT a measurement made now, and not proof the node still lives on the page the comment names (a wrong-file id resolves silently; see WHALES_TABLET_FRAME_FACTS_2026-09-08.md). Carried note: FIRST VERDICT, NOT OPENED THIS PASS. AiFeed.tsx / AiSignalsCards.tsx ship the actionable feed; signalCardBoards.figma.test.ts and copyTradingShell/Grid tests pin board geometry from earlier reads. This 1440 cut was not compared. [vverify: deferred | /tmp/home-lane/feed-1440.png | AI Feed actionable variant. Reachable now toggle-driven, not signedOut as previously recorded, but the actionable conte	1440=partial @2026-09-14/wave41-home
Skai > Home > AI Feed - actionable 1VH (768 x 1024px) [6710-25832]	partial	src/components/home-redesign/feed/AiFeed.tsx	/?tab=feed (AiHomeToggle)	NOT RE-READ this pass — verdict carried from the work order, which is why it is not `done`. Implementing file(s): src/components/home-redesign/feed/AiFeed.tsx. NO SOURCE CITATION: a scan of every .ts/.tsx under src/ this pass found no file referencing this node id, so no measurement of this cut is recorded anywhere in code. 117 of the lane's 253 frames are in that state; they are the set the next pass should open first. Carried note: FIRST VERDICT, NOT OPENED THIS PASS. AiFeed.tsx / AiSignalsCards.tsx ship the actionable feed; signalCardBoards.figma.test.ts and copyTradingShell/Grid tests pin board geometry from earlier reads. This 768 cut was not compared. [vverify: deferred | /tmp/home-lane/feed-768.png | AI Feed actionable tablet. Stacking verified at 768 CopyTrading 708 wide then two 346 cards side by side, but actionable	768=partial @2026-09-14/wave41-home
Skai > Home > AI Feed - empty (375 x 812px) [6704-29359]	partial	src/components/home-redesign/feed/AiFeed.tsx	/?tab=feed (AiHomeToggle)	NOT RE-READ this pass — verdict carried from the work order, which is why it is not `done`. Implementing file(s): src/components/home-redesign/feed/AiFeed.tsx. SOURCE CITATION: this node id is referenced in src/pages/social/CopyTrading.tsx — evidence that some earlier pass measured this cut and recorded the result in code, NOT a measurement made now, and not proof the node still lives on the page the comment names (a wrong-file id resolves silently; see WHALES_TABLET_FRAME_FACTS_2026-09-08.md). Carried note: FIRST VERDICT, NOT OPENED THIS PASS. AiFeed.tsx / AiSignalsCards.tsx ship the empty feed; signalCardBoards.figma.test.ts and copyTradingShell/Grid tests pin board geometry from earlier reads. This 375 cut was not compared. [vverify: partial | /tmp/home-lane/feed-375.png | AI Feed empty mobile: 315px cards stacked, empty hero + CTA present. Reachability correction applies]	375=partial @2026-09-14/wave41-home
Skai > Home > AI Feed - empty 1VH (1440 x 900px) [5854-80845]	partial	src/components/home-redesign/feed/AiFeed.tsx	/?tab=feed (AiHomeToggle)	NOT RE-READ this pass — verdict carried from the work order, which is why it is not `done`. Implementing file(s): src/components/home-redesign/feed/AiFeed.tsx. SOURCE CITATION: this node id is referenced in src/components/home-redesign/feed/AiSignalsCards.tsx, src/components/home-redesign/feed/CopyTradingCard.emptyStrings.test.tsx, src/components/home-redesign/feed/CopyTradingCard.emptyToolbar.test.tsx, src/components/home-redesign/feed/CopyTradingCard.tsx (+1 more) — evidence that some earlier pass measured this cut and recorded the result in code, NOT a measurement made now, and not proof the node still lives on the page the comment names (a wrong-file id resolves silently; see WHALES_TABLET_FRAME_FACTS_2026-09-08.md). Carried note: FIRST VERDICT, NOT OPENED THIS PASS. AiFeed.tsx / AiSignalsCards.tsx ship the empty feed; signalCardBoards.figma.test.ts and copyTradingShell/Grid tests pin board geometry from earlier reads. This 1440 cut was not compared. [vverify: partial | /tmp/home-lane/feed-1440.png | CORRECTION prior pass deferred this claiming harness renders SignedOutWelcome on tab=feed. FALSE: ?tab=feed is DEAD -- tab is	1440=partial @2026-09-14/wave41-home
Skai > Home > AI Feed - empty 1VH (375 x 812px) [6704-27342]	partial	src/components/home-redesign/feed/AiFeed.tsx	/?tab=feed (AiHomeToggle)	NOT RE-READ this pass — verdict carried from the work order, which is why it is not `done`. Implementing file(s): src/components/home-redesign/feed/AiFeed.tsx. NO SOURCE CITATION: a scan of every .ts/.tsx under src/ this pass found no file referencing this node id, so no measurement of this cut is recorded anywhere in code. 117 of the lane's 253 frames are in that state; they are the set the next pass should open first. Carried note: FIRST VERDICT, NOT OPENED THIS PASS. AiFeed.tsx / AiSignalsCards.tsx ship the empty feed; signalCardBoards.figma.test.ts and copyTradingShell/Grid tests pin board geometry from earlier reads. This 375 cut was not compared. [vverify: partial | /tmp/home-lane/feed-375.png | AI Feed empty mobile 1VH: same measured stack; the 1VH clip is lg-only by design so mobile grows past 812]	375=partial @2026-09-14/wave41-home
Skai > Home > AI Feed - empty 1VH (768 x 1024px) [6704-26096]	partial	src/components/home-redesign/feed/AiFeed.tsx	/?tab=feed (AiHomeToggle)	NOT RE-READ this pass — verdict carried from the work order, which is why it is not `done`. Implementing file(s): src/components/home-redesign/feed/AiFeed.tsx. NO SOURCE CITATION: a scan of every .ts/.tsx under src/ this pass found no file referencing this node id, so no measurement of this cut is recorded anywhere in code. 117 of the lane's 253 frames are in that state; they are the set the next pass should open first. Carried note: FIRST VERDICT, NOT OPENED THIS PASS. AiFeed.tsx / AiSignalsCards.tsx ship the empty feed; signalCardBoards.figma.test.ts and copyTradingShell/Grid tests pin board geometry from earlier reads. This 768 cut was not compared. [vverify: partial | /tmp/home-lane/feed-768.png | AI Feed empty tablet: verified 768 stacks CopyTrading 708x465 then signals 346 and insights 346 side by side per the documented	768=partial @2026-09-14/wave41-home
Skai > Home > AI Feed > Market intel (375 x 812px) [6707-23360]	partial	src/components/home-redesign/market-intel/MarketIntelScreen.tsx	/?tab=market	NOT RE-READ this pass — verdict carried from the work order, which is why it is not `done`. Implementing file(s): src/components/home-redesign/market-intel/MarketIntelScreen.tsx. SOURCE CITATION: this node id is referenced in src/components/home-redesign/market-intel/MarketIntelTickerCard.geometry.test.tsx — evidence that some earlier pass measured this cut and recorded the result in code, NOT a measurement made now, and not proof the node still lives on the page the comment names (a wrong-file id resolves silently; see WHALES_TABLET_FRAME_FACTS_2026-09-08.md). Carried note: FIRST VERDICT, NOT OPENED THIS PASS. MarketIntelScreen.tsx ships Market intel; marketIntelPhoneRhythm.test.ts and MarketIntelTickerCard.geometry.test.tsx pin the phone rhythm and ticker card. This 375 cut was not compared. [vverify: partial | /tmp/home-mi-375.png | Market intel mobile: same as 6710-24624]	375=partial @2026-09-14/wave41-home
Skai > Home > AI Feed > Market intel (768 x 1024px) [6706-24261]	partial	src/components/home-redesign/market-intel/MarketIntelScreen.tsx	/?tab=market	NOT RE-READ this pass — verdict carried from the work order, which is why it is not `done`. Implementing file(s): src/components/home-redesign/market-intel/MarketIntelScreen.tsx. SOURCE CITATION: this node id is referenced in src/components/home-redesign/market-intel/MarketIntelTickerCard.geometry.test.tsx — evidence that some earlier pass measured this cut and recorded the result in code, NOT a measurement made now, and not proof the node still lives on the page the comment names (a wrong-file id resolves silently; see WHALES_TABLET_FRAME_FACTS_2026-09-08.md). Carried note: FIRST VERDICT, NOT OPENED THIS PASS. MarketIntelScreen.tsx ships Market intel; marketIntelPhoneRhythm.test.ts and MarketIntelTickerCard.geometry.test.tsx pin the phone rhythm and ticker card. This 768 cut was not compared. [vverify: partial | /tmp/home-mi-768.png | Market intel tablet past the tier gate: identical structure 4 cards + 2 tabs + Prediction markets + Manage intel. Same offline-data ga	768=partial @2026-09-14/wave41-home
Skai > Home > AI Feed > Market intel > Manage intel 1VH (375 x 812px) [6710-24970]	partial	src/components/home-redesign/market-intel/ManageIntelPanel.tsx	/?tab=market (manageOpen)	NOT RE-READ this pass — verdict carried from the work order, which is why it is not `done`. Implementing file(s): src/components/home-redesign/market-intel/ManageIntelPanel.tsx. SOURCE CITATION: this node id is referenced in src/components/home-redesign/market-intel/ManageIntelPanel.tsx — evidence that some earlier pass measured this cut and recorded the result in code, NOT a measurement made now, and not proof the node still lives on the page the comment names (a wrong-file id resolves silently; see WHALES_TABLET_FRAME_FACTS_2026-09-08.md). Carried note: FIRST VERDICT, NOT OPENED THIS PASS. ManageIntelPanel.tsx ships the panel; manageIntelPhoneScale / manageIntelViewportPinning / manageIntelSurfaceRows tests pin it from earlier reads. This 375 cut was not compared. [vverify: match | /tmp/home-manage-375.png | Manage intel mobile: 347px panel at x=14 viewport-constrained, all 5 categories + 7 chips + Save settings present]	375=partial @2026-09-14/wave41-home
Skai > Home > AI Feed > Market intel > Manage intel 1VH (768 x 1024px) [6706-22658]	partial	src/components/home-redesign/market-intel/ManageIntelPanel.tsx	/?tab=market (manageOpen)	NOT RE-READ this pass — verdict carried from the work order, which is why it is not `done`. Implementing file(s): src/components/home-redesign/market-intel/ManageIntelPanel.tsx. NO SOURCE CITATION: a scan of every .ts/.tsx under src/ this pass found no file referencing this node id, so no measurement of this cut is recorded anywhere in code. 117 of the lane's 253 frames are in that state; they are the set the next pass should open first. Carried note: FIRST VERDICT, NOT OPENED THIS PASS. ManageIntelPanel.tsx ships the panel; manageIntelPhoneScale / manageIntelViewportPinning / manageIntelSurfaceRows tests pin it from earlier reads. This 768 cut was not compared. [vverify: match | /tmp/home-manage-768.png | Manage intel tablet: 442px panel at x=312, 5 categories, 7 chips, Save settings. Same structure as desktop ref]	768=partial @2026-09-14/wave41-home
Skai > Home > AI Feed > Market intel 1VH (1440 x 900px) [5812-123481]	partial	src/components/home-redesign/market-intel/MarketIntelScreen.tsx	/?tab=market	NOT RE-READ this pass — verdict carried from the work order, which is why it is not `done`. Implementing file(s): src/components/home-redesign/market-intel/MarketIntelScreen.tsx. SOURCE CITATION: this node id is referenced in src/components/home-redesign/market-intel/intelMappers.ts, src/components/home-redesign/market-intel/MarketIntelScreen.tsx, src/components/home-redesign/market-intel/MarketIntelTickerCard.geometry.test.tsx — evidence that some earlier pass measured this cut and recorded the result in code, NOT a measurement made now, and not proof the node still lives on the page the comment names (a wrong-file id resolves silently; see WHALES_TABLET_FRAME_FACTS_2026-09-08.md). Carried note: FIRST VERDICT, NOT OPENED THIS PASS. MarketIntelScreen.tsx ships Market intel; marketIntelPhoneRhythm.test.ts and MarketIntelTickerCard.geometry.test.tsx pin the phone rhythm and ticker card. This 1440 cut was not compared. [vverify: partial | /tmp/home-mi-1440.png | CORRECTION prior pass recorded Bronze gate blocks the body. Gate is passable: seeding the TestUserSelector tier field on skai_test_u	1440=partial @2026-09-14/wave41-home
Skai > Home > AI Feed > Market intel 1VH (375 x 812px) [6710-24624]	partial	src/components/home-redesign/market-intel/MarketIntelScreen.tsx	/?tab=market	NOT RE-READ this pass — verdict carried from the work order, which is why it is not `done`. Implementing file(s): src/components/home-redesign/market-intel/MarketIntelScreen.tsx. SOURCE CITATION: this node id is referenced in src/components/home-redesign/market-intel/MarketIntelTickerCard.geometry.test.tsx — evidence that some earlier pass measured this cut and recorded the result in code, NOT a measurement made now, and not proof the node still lives on the page the comment names (a wrong-file id resolves silently; see WHALES_TABLET_FRAME_FACTS_2026-09-08.md). Carried note: FIRST VERDICT, NOT OPENED THIS PASS. MarketIntelScreen.tsx ships Market intel; marketIntelPhoneRhythm.test.ts and MarketIntelTickerCard.geometry.test.tsx pin the phone rhythm and ticker card. This 375 cut was not compared. [vverify: partial | /tmp/home-mi-375.png | Market intel mobile 1VH past the tier gate: full structure present. Same offline-data gap]	375=partial @2026-09-14/wave41-home
Skai > Home > AI Feed 1VH (1440 x 900px) [2725-6765]	partial	src/components/home-redesign/feed/AiFeed.tsx	/?tab=feed (AiHomeToggle)	NOT RE-READ this pass — verdict carried from the work order, which is why it is not `done`. Implementing file(s): src/components/home-redesign/feed/AiFeed.tsx. SOURCE CITATION: this node id is referenced in src/components/home-redesign/feed/AiFeed.tsx, src/components/home-redesign/feed/AiSignalsCards.tsx, src/components/home-redesign/feed/CopyTradingCard.tsx, src/components/home-redesign/feed/CopyTradingHeaderArt.tsx — evidence that some earlier pass measured this cut and recorded the result in code, NOT a measurement made now, and not proof the node still lives on the page the comment names (a wrong-file id resolves silently; see WHALES_TABLET_FRAME_FACTS_2026-09-08.md). Carried note: FIRST VERDICT, NOT OPENED THIS PASS. AiFeed.tsx / AiSignalsCards.tsx ship the feed; signalCardBoards.figma.test.ts and copyTradingShell/Grid tests pin board geometry from earlier reads. This 1440 cut was not compared. [vverify: partial | /tmp/home-lane/feed-1440.png | Same reachability correction as 5854-80845. Bento structure verified numerically at 1440; toggle is a 200px black pill with #56C7F3	1440=partial @2026-09-14/wave41-home
Skai > Home > conversation 3 > edit chat 1VH (375 x 812px) [6736-37955]	partial	src/components/home-redesign/conversation/ConversationView.tsx	/ (transcript)	NOT RE-READ this pass — verdict carried from the work order, which is why it is not `done`. Implementing file(s): src/components/home-redesign/conversation/ConversationView.tsx. NO SOURCE CITATION: a scan of every .ts/.tsx under src/ this pass found no file referencing this node id, so no measurement of this cut is recorded anywhere in code. 117 of the lane's 253 frames are in that state; they are the set the next pass should open first. Carried note: FIRST VERDICT, NOT OPENED THIS PASS. ConversationView.tsx ships the edit-chat state; eight ConversationView figma tests pin columns, docked fade, meta type and the user turn from earlier reads. This 375 cut was not read. [vverify: match | ConversationView edit-chat mobile sibling of cited 2733:20178]	375=partial @2026-09-14/wave41-home
Skai > Home > conversation 3 > edit chat 1VH (768 x 1024px) [6736-37714]	partial	src/components/home-redesign/conversation/ConversationView.tsx	/ (transcript)	NOT RE-READ this pass — verdict carried from the work order, which is why it is not `done`. Implementing file(s): src/components/home-redesign/conversation/ConversationView.tsx. NO SOURCE CITATION: a scan of every .ts/.tsx under src/ this pass found no file referencing this node id, so no measurement of this cut is recorded anywhere in code. 117 of the lane's 253 frames are in that state; they are the set the next pass should open first. Carried note: FIRST VERDICT, NOT OPENED THIS PASS. ConversationView.tsx ships the edit-chat state; eight ConversationView figma tests pin columns, docked fade, meta type and the user turn from earlier reads. This 768 cut was not read. [vverify: match | ConversationView edit-chat tablet sibling of cited 2733:20178]	768=partial @2026-09-14/wave41-home
Skai > Home > conversation extended 1VH (375 x 812px) [6715-35126]	partial	src/components/home-redesign/conversation/ConversationView.tsx	/ (transcript)	NOT RE-READ this pass — verdict carried from the work order, which is why it is not `done`. Implementing file(s): src/components/home-redesign/conversation/ConversationView.tsx. NO SOURCE CITATION: a scan of every .ts/.tsx under src/ this pass found no file referencing this node id, so no measurement of this cut is recorded anywhere in code. 117 of the lane's 253 frames are in that state; they are the set the next pass should open first. Carried note: FIRST VERDICT, NOT OPENED THIS PASS. ConversationView.tsx ships the extended transcript; eight ConversationView figma tests pin columns, docked fade, meta type and the user turn from earlier reads. This 375 cut was not read. [vverify: match | ConversationView extended transcript mobile sibling of 2733:18374]	375=partial @2026-09-14/wave41-home
Skai > Home > conversation extended 1VH (768 x 1024px) [6715-34899]	partial	src/components/home-redesign/conversation/ConversationView.tsx	/ (transcript)	NOT RE-READ this pass — verdict carried from the work order, which is why it is not `done`. Implementing file(s): src/components/home-redesign/conversation/ConversationView.tsx. NO SOURCE CITATION: a scan of every .ts/.tsx under src/ this pass found no file referencing this node id, so no measurement of this cut is recorded anywhere in code. 117 of the lane's 253 frames are in that state; they are the set the next pass should open first. Carried note: FIRST VERDICT, NOT OPENED THIS PASS. ConversationView.tsx ships the extended transcript; eight ConversationView figma tests pin columns, docked fade, meta type and the user turn from earlier reads. This 768 cut was not read. [vverify: match | ConversationView extended transcript tablet sibling of 2733:18374]	768=partial @2026-09-14/wave41-home
Skai > Home > Portfolio - invisible 1VH (375 x 812px) [6811-32268]	partial	src/components/home-redesign/portfolio/PortfolioScreen.tsx	/portfolio	NOT RE-READ this pass — verdict carried from the work order, which is why it is not `done`. Implementing file(s): src/components/home-redesign/portfolio/PortfolioScreen.tsx. NO SOURCE CITATION: a scan of every .ts/.tsx under src/ this pass found no file referencing this node id, so no measurement of this cut is recorded anywhere in code. 117 of the lane's 253 frames are in that state; they are the set the next pass should open first. Carried note: FIRST VERDICT, NOT OPENED THIS PASS. `Portfolio - invisible` is the balances-masked state; the code holds it in usePrivacy (MASK_VALUE / MASK_COUNT) behind the 24px eye on the Total value stat, so the state exists at this width. The 375 geometry measured on the sibling Holdings cut applies. Whether the masked glyph and its length match this frame was not compared. [vverify: match | /home/skai/.cla	375=partial @2026-09-14/wave41-home
Skai > Home > Portfolio - invisible 1VH (768 x 1024px) [6795-31004]	partial	src/components/home-redesign/portfolio/PortfolioScreen.tsx	/portfolio	NOT RE-READ this pass — verdict carried from the work order, which is why it is not `done`. Implementing file(s): src/components/home-redesign/portfolio/PortfolioScreen.tsx. NO SOURCE CITATION: a scan of every .ts/.tsx under src/ this pass found no file referencing this node id, so no measurement of this cut is recorded anywhere in code. 117 of the lane's 253 frames are in that state; they are the set the next pass should open first. Carried note: FIRST VERDICT, NOT OPENED THIS PASS. `Portfolio - invisible` is the balances-masked state; the code holds it in usePrivacy (MASK_VALUE / MASK_COUNT) behind the 24px eye on the Total value stat, so the state exists at this width. The 768 geometry measured on the sibling Holdings cut applies. Whether the masked glyph and its length match this frame was not compared. [vverify: match | /home/skai/.cla	768=partial @2026-09-14/wave41-home
Skai > Home > Portfolio (1440 x 900px) [2760-12240]	partial	src/components/home-redesign/portfolio/PortfolioScreen.tsx	/portfolio	NOT RE-READ this pass — verdict carried from the work order, which is why it is not `done`. Implementing file(s): src/components/home-redesign/portfolio/PortfolioScreen.tsx. SOURCE CITATION: this node id is referenced in src/components/home-redesign/portfolio/portfolioHinges.figma.test.ts, src/components/home-redesign/portfolio/PortfolioScreen.figmaParity.test.ts, src/components/home-redesign/portfolio/PortfolioScreen.tsx, src/components/home-redesign/screens/ScreenerScreen.tsx (+6 more) — evidence that some earlier pass measured this cut and recorded the result in code, NOT a measurement made now, and not proof the node still lives on the page the comment names (a wrong-file id resolves silently; see WHALES_TABLET_FRAME_FACTS_2026-09-08.md). Carried note: READ OFF THE NODE (get_design_context on 2760:12240) AND FIXED IN THE FILE. Page 1440x900 bg #001615; main 1382 @ x=58 (58 sidebar), y=56 (56 header). Title 2760:12243 Manrope Light 32/36 tracking -1.28 @ y=24 - the h1 shipped 36 (sm:text-[36px]) and now steps 20/24 -> 24/28 -> 32/36. Header controls 6259:95422 206 wide @ right 148: a 36 round share CTA (1px #123f3c, p10, 16 glyph) and the AI Anal	1440=partial @2026-09-14/wave41-home
Skai > Home > Portfolio (375 x 812px) [6795-30496]	partial	src/components/home-redesign/portfolio/PortfolioScreen.tsx	/?tab=portfolio	NOT RE-READ this pass — verdict carried from the work order, which is why it is not `done`. Implementing file(s): src/components/home-redesign/portfolio/PortfolioScreen.tsx. SOURCE CITATION: this node id is referenced in src/components/home-redesign/portfolio/portfolioHinges.figma.test.ts — evidence that some earlier pass measured this cut and recorded the result in code, NOT a measurement made now, and not proof the node still lives on the page the comment names (a wrong-file id resolves silently; see WHALES_TABLET_FRAME_FACTS_2026-09-08.md). Carried note: SAME BOARD AS 6782-25160 (the `/?tab=portfolio` cut of the 375 Holdings screen): READ OFF THE NODE (get_metadata on the frame, get_design_context on 6849:37116, 6849:37127, 6849:37183, 6849:37196) AND FIXED IN THE FILE. main 375 @ y=48 (Header-mobile 48, Bottom-navigation-mobile 54 @ y=758). Title row 6849:37116 328x36 @ (24,16): `Portfolio` Manrope Light 20/24 (6849:37120, 240x24) - the h1 shippe	375=partial @2026-09-14/wave41-home
Skai > Home > Portfolio (768 x 1024px) [6782-26825]	partial	src/components/home-redesign/portfolio/PortfolioScreen.tsx	/?tab=portfolio	NOT RE-READ this pass — verdict carried from the work order, which is why it is not `done`. Implementing file(s): src/components/home-redesign/portfolio/PortfolioScreen.tsx. SOURCE CITATION: this node id is referenced in src/components/home-redesign/portfolio/portfolioHinges.figma.test.ts — evidence that some earlier pass measured this cut and recorded the result in code, NOT a measurement made now, and not proof the node still lives on the page the comment names (a wrong-file id resolves silently; see WHALES_TABLET_FRAME_FACTS_2026-09-08.md). Carried note: SAME BOARD AS 6782-24811 (the `/?tab=portfolio` cut of the 768 Holdings screen): READ OFF THE NODE (get_metadata on the frame, get_design_context on 6782:25019, 6782:25882, 6782:24858, 6782:26156) AND FIXED IN THE FILE. main 768 @ y=52 (Header-tablet 52, Bottom-navigation-tablet 52 @ y=972). Title row 6782:25019 708x36 @ (30,24): `Portfolio` Manrope Light 24/28 (6782:25023, 525x28) - the h1 shippe	768=partial @2026-09-14/wave41-home
Skai > Home > Portfolio > Add wallet > Name wallet 1VH (375 x 812px) [6811-35119]	partial	src/components/home-redesign/portfolio/WalletCreateModal.tsx	/portfolio (showCreateWallet)	NOT RE-READ this pass — verdict carried from the work order, which is why it is not `done`. Implementing file(s): src/components/home-redesign/portfolio/WalletCreateModal.tsx. NO SOURCE CITATION: a scan of every .ts/.tsx under src/ this pass found no file referencing this node id, so no measurement of this cut is recorded anywhere in code. 117 of the lane's 253 frames are in that state; they are the set the next pass should open first. Carried note: FIRST VERDICT, NOT OPENED THIS PASS. WalletCreateModal.tsx implements the Add wallet flow including the Name wallet step (WalletCreateModal.test.tsx covers behaviour, not geometry). This 375 cut has no recorded measurement; the select-chain step's own fragment is catalogued separately below. [vverify: match | /tmp/home-lane/awname-375.png | NAME step at 375: 331px card, Wallet name input, Back + C	375=partial @2026-09-14/wave41-home
Skai > Home > Portfolio > Add wallet > Name wallet 1VH (768 x 1024px) [6811-34522]	partial	src/components/home-redesign/portfolio/WalletCreateModal.tsx	/portfolio (showCreateWallet)	NOT RE-READ this pass — verdict carried from the work order, which is why it is not `done`. Implementing file(s): src/components/home-redesign/portfolio/WalletCreateModal.tsx. NO SOURCE CITATION: a scan of every .ts/.tsx under src/ this pass found no file referencing this node id, so no measurement of this cut is recorded anywhere in code. 117 of the lane's 253 frames are in that state; they are the set the next pass should open first. Carried note: FIRST VERDICT, NOT OPENED THIS PASS. WalletCreateModal.tsx implements the Add wallet flow including the Name wallet step (WalletCreateModal.test.tsx covers behaviour, not geometry). This 768 cut has no recorded measurement; the select-chain step's own fragment is catalogued separately below. [vverify: match | /tmp/home-lane/awname-768.png | NAME step at 768: 564px card, Wallet name input, Back + C	768=partial @2026-09-14/wave41-home
Skai > Home > Portfolio > Add wallet 1VH (375 x 812px) [6811-33593]	partial	src/components/home-redesign/portfolio/WalletCreateModal.tsx	/portfolio (showCreateWallet)	NOT RE-READ this pass — verdict carried from the work order, which is why it is not `done`. Implementing file(s): src/components/home-redesign/portfolio/WalletCreateModal.tsx. NO SOURCE CITATION: a scan of every .ts/.tsx under src/ this pass found no file referencing this node id, so no measurement of this cut is recorded anywhere in code. 117 of the lane's 253 frames are in that state; they are the set the next pass should open first. Carried note: FIRST VERDICT, NOT OPENED THIS PASS. WalletCreateModal.tsx implements the Add wallet flow (WalletCreateModal.test.tsx covers behaviour, not geometry). This 375 cut has no recorded measurement; the select-chain step's own fragment is catalogued separately below. [vverify: match | /tmp/home-lane/awname-375.png | Add wallet mobile: card 331px viewport-constrained from max-w-564, green-coal-200 + 24px	375=partial @2026-09-14/wave41-home
Skai > Home > Portfolio > Add wallet 1VH (768 x 1024px) [6811-32792]	partial	src/components/home-redesign/portfolio/WalletCreateModal.tsx	/portfolio (showCreateWallet)	NOT RE-READ this pass — verdict carried from the work order, which is why it is not `done`. Implementing file(s): src/components/home-redesign/portfolio/WalletCreateModal.tsx. NO SOURCE CITATION: a scan of every .ts/.tsx under src/ this pass found no file referencing this node id, so no measurement of this cut is recorded anywhere in code. 117 of the lane's 253 frames are in that state; they are the set the next pass should open first. Carried note: FIRST VERDICT, NOT OPENED THIS PASS. WalletCreateModal.tsx implements the Add wallet flow (WalletCreateModal.test.tsx covers behaviour, not geometry). This 768 cut has no recorded measurement; the select-chain step's own fragment is catalogued separately below. [vverify: match | /tmp/home-lane/awname-768.png | Add wallet tablet: same 564px card at 768, password step fields + Cancel/Continue verifi	768=partial @2026-09-14/wave41-home
Skai > Home > Portfolio > Badges (375 x 812px) [6962-80042]	partial	src/components/home-redesign/portfolio/PortfolioScreen.tsx	/portfolio (Badges tab)	NOT RE-READ this pass — verdict carried from the work order, which is why it is not `done`. Implementing file(s): src/components/home-redesign/portfolio/PortfolioScreen.tsx. SOURCE CITATION: this node id is referenced in src/components/home-redesign/portfolio/PortfolioScreen.tsx — evidence that some earlier pass measured this cut and recorded the result in code, NOT a measurement made now, and not proof the node still lives on the page the comment names (a wrong-file id resolves silently; see WHALES_TABLET_FRAME_FACTS_2026-09-08.md). Carried note: FIRST VERDICT, NOT OPENED THIS PASS. The Badges tab is implemented in PortfolioScreen.tsx (BadgesTab) and this 375 cut has never had a row. The chrome every tab shares was measured on the Holdings cut at this width and fixed this lane - title ladder, stat-row gutter, section corner and gap, tab strip, big-figure ladder, Total pill - and those fixes apply to this frame too. The tab's own body (its	375=partial @2026-09-14/wave41-home
Skai > Home > Portfolio > Badges (768 x 1024px) [6962-75733]	partial	src/components/home-redesign/portfolio/PortfolioScreen.tsx	/portfolio (Badges tab)	NOT RE-READ this pass — verdict carried from the work order, which is why it is not `done`. Implementing file(s): src/components/home-redesign/portfolio/PortfolioScreen.tsx. SOURCE CITATION: this node id is referenced in src/components/home-redesign/portfolio/PortfolioScreen.tsx — evidence that some earlier pass measured this cut and recorded the result in code, NOT a measurement made now, and not proof the node still lives on the page the comment names (a wrong-file id resolves silently; see WHALES_TABLET_FRAME_FACTS_2026-09-08.md). Carried note: FIRST VERDICT, NOT OPENED THIS PASS. The Badges tab is implemented in PortfolioScreen.tsx (BadgesTab) and this 768 cut has never had a row. The chrome every tab shares was measured on the Holdings cut at this width and fixed this lane - title ladder, stat-row gutter, section corner and gap, tab strip, big-figure ladder, Total pill - and those fixes apply to this frame too. The tab's own body (its	768=partial @2026-09-14/wave41-home
Skai > Home > Portfolio > Badges > Badge preview (1440 x 900px) [5926-13672]	partial	src/components/home-redesign/portfolio/BadgePreviewModal.tsx	/portfolio (previewBadge)	NOT RE-READ this pass — verdict carried from the work order, which is why it is not `done`. Implementing file(s): src/components/home-redesign/portfolio/BadgePreviewModal.tsx. SOURCE CITATION: this node id is referenced in src/components/home-redesign/portfolio/BadgePreviewModal.phone.test.ts, src/components/home-redesign/portfolio/BadgePreviewModal.tsx, src/components/home-redesign/portfolio/PortfolioScreen.tsx — evidence that some earlier pass measured this cut and recorded the result in code, NOT a measurement made now, and not proof the node still lives on the page the comment names (a wrong-file id resolves silently; see WHALES_TABLET_FRAME_FACTS_2026-09-08.md). Carried note: FIRST VERDICT, NOT OPENED THIS PASS. BadgePreviewModal.tsx implements the preview; BadgePreviewModal.phone.test.ts already pins a phone cut (md:rounded-[24px], md:text-base, md:leading-8), so the 1440 geometry has an oracle but this node was not read against it. [vverify: deferred | /tmp/home-lane/badge-1440.png | BadgePreviewModal not driveable: the Badges tab renders Badge collection 0 Earned an	1440=partial @2026-09-14/wave41-home
Skai > Home > Portfolio > Badges > Badge preview (375 x 812px) [6965-86368]	partial	src/components/home-redesign/portfolio/BadgePreviewModal.tsx	/portfolio (previewBadge)	NOT RE-READ this pass — verdict carried from the work order, which is why it is not `done`. Implementing file(s): src/components/home-redesign/portfolio/BadgePreviewModal.tsx. NO SOURCE CITATION: a scan of every .ts/.tsx under src/ this pass found no file referencing this node id, so no measurement of this cut is recorded anywhere in code. 117 of the lane's 253 frames are in that state; they are the set the next pass should open first. Carried note: FIRST VERDICT, NOT OPENED THIS PASS. BadgePreviewModal.tsx implements the preview; BadgePreviewModal.phone.test.ts already pins a phone cut (md:rounded-[24px], md:text-base, md:leading-8), so the 375 geometry has an oracle but this node was not read against it. [vverify: deferred | Badge preview mobile: same no-earned-badges blocker]	375=partial @2026-09-14/wave41-home
Skai > Home > Portfolio > Badges > Badge preview (768 x 1024px) [6965-82190]	partial	src/components/home-redesign/portfolio/BadgePreviewModal.tsx	/portfolio (previewBadge)	NOT RE-READ this pass — verdict carried from the work order, which is why it is not `done`. Implementing file(s): src/components/home-redesign/portfolio/BadgePreviewModal.tsx. NO SOURCE CITATION: a scan of every .ts/.tsx under src/ this pass found no file referencing this node id, so no measurement of this cut is recorded anywhere in code. 117 of the lane's 253 frames are in that state; they are the set the next pass should open first. Carried note: FIRST VERDICT, NOT OPENED THIS PASS. BadgePreviewModal.tsx implements the preview; BadgePreviewModal.phone.test.ts already pins a phone cut (md:rounded-[24px], md:text-base, md:leading-8), so the 768 geometry has an oracle but this node was not read against it. [vverify: deferred | Badge preview tablet: same no-earned-badges blocker]	768=partial @2026-09-14/wave41-home
Skai > Home > Portfolio > Defi 1VH (768 x 1024px) [6918-62834]	partial	src/components/home-redesign/portfolio/PortfolioScreen.tsx	/portfolio (DeFi tab)	NOT RE-READ this pass — verdict carried from the work order, which is why it is not `done`. Implementing file(s): src/components/home-redesign/portfolio/PortfolioScreen.tsx. NO SOURCE CITATION: a scan of every .ts/.tsx under src/ this pass found no file referencing this node id, so no measurement of this cut is recorded anywhere in code. 117 of the lane's 253 frames are in that state; they are the set the next pass should open first. Carried note: FIRST VERDICT, NOT OPENED THIS PASS. The DeFi tab is implemented in PortfolioScreen.tsx (DeFiTab) and this 768 cut has never had a row. The chrome every tab shares was measured on the Holdings cut at this width and fixed this lane - title ladder, stat-row gutter, section corner and gap, tab strip, big-figure ladder, Total pill - and those fixes apply to this frame too. The tab's own body (its summ	768=partial @2026-09-14/wave41-home
Skai > Home > Portfolio > Export private key > private key displayed 1VH (1440 x 900px) [2753-8176]	partial	src/components/home-redesign/portfolio/ExportKeyModal.tsx	/portfolio (App.tsx:1596)	NOT RE-READ this pass — verdict carried from the work order, which is why it is not `done`. Implementing file(s): src/components/home-redesign/portfolio/ExportKeyModal.tsx. SOURCE CITATION: this node id is referenced in src/components/home-redesign/portfolio/ExportKeyModal.tsx, src/components/home-redesign/portfolio/ExportKeyModal.warningColors.test.tsx — evidence that some earlier pass measured this cut and recorded the result in code, NOT a measurement made now, and not proof the node still lives on the page the comment names (a wrong-file id resolves silently; see WHALES_TABLET_FRAME_FACTS_2026-09-08.md). Carried note: FIRST VERDICT, NOT OPENED THIS PASS. ExportKeyModal.tsx implements the export dialog and its revealed-key state; the 1440 frames carry earlier partial rows. This 1440 cut was not read; the dialog's phone/tablet geometry (width, inset, corner) is the open question and the @skai/ui DialogContent `p-4 sm:p-6` / `sm:rounded-lg` pair is the usual trap at 640-767. [vverify: deferred | Export private key	1440=partial @2026-09-14/wave41-home
Skai > Home > Portfolio > Export private key > private key displayed 1VH (375 x 812px) [6828-37572]	partial	src/components/home-redesign/portfolio/ExportKeyModal.tsx	/portfolio (exportTarget)	NOT RE-READ this pass — verdict carried from the work order, which is why it is not `done`. Implementing file(s): src/components/home-redesign/portfolio/ExportKeyModal.tsx. NO SOURCE CITATION: a scan of every .ts/.tsx under src/ this pass found no file referencing this node id, so no measurement of this cut is recorded anywhere in code. 117 of the lane's 253 frames are in that state; they are the set the next pass should open first. Carried note: FIRST VERDICT, NOT OPENED THIS PASS. ExportKeyModal.tsx implements the export dialog and its revealed-key state; the 1440 frames carry earlier partial rows. This 375 cut was not read; the dialog's phone/tablet geometry (width, inset, corner) is the open question and the @skai/ui DialogContent `p-4 sm:p-6` / `sm:rounded-lg` pair is the usual trap at 640-767. [vverify: deferred | Export private key	375=partial @2026-09-14/wave41-home
Skai > Home > Portfolio > Export private key > private key displayed 1VH (768 x 1024px) [6828-36970]	partial	src/components/home-redesign/portfolio/ExportKeyModal.tsx	/portfolio (exportTarget)	NOT RE-READ this pass — verdict carried from the work order, which is why it is not `done`. Implementing file(s): src/components/home-redesign/portfolio/ExportKeyModal.tsx. NO SOURCE CITATION: a scan of every .ts/.tsx under src/ this pass found no file referencing this node id, so no measurement of this cut is recorded anywhere in code. 117 of the lane's 253 frames are in that state; they are the set the next pass should open first. Carried note: FIRST VERDICT, NOT OPENED THIS PASS. ExportKeyModal.tsx implements the export dialog and its revealed-key state; the 1440 frames carry earlier partial rows. This 768 cut was not read; the dialog's phone/tablet geometry (width, inset, corner) is the open question and the @skai/ui DialogContent `p-4 sm:p-6` / `sm:rounded-lg` pair is the usual trap at 640-767. [vverify: deferred | Export private key	768=partial @2026-09-14/wave41-home
Skai > Home > Portfolio > Export private key 1VH (1440 x 900px) [2752-5814]	partial	src/components/home-redesign/portfolio/ExportKeyModal.tsx	/portfolio (App.tsx:1596)	NOT RE-READ this pass — verdict carried from the work order, which is why it is not `done`. Implementing file(s): src/components/home-redesign/portfolio/ExportKeyModal.tsx. SOURCE CITATION: this node id is referenced in src/components/home-redesign/portfolio/ExportKeyModal.tsx, src/components/home-redesign/portfolio/ExportKeyModal.warningColors.test.tsx — evidence that some earlier pass measured this cut and recorded the result in code, NOT a measurement made now, and not proof the node still lives on the page the comment names (a wrong-file id resolves silently; see WHALES_TABLET_FRAME_FACTS_2026-09-08.md). Carried note: FIRST VERDICT, NOT OPENED THIS PASS. ExportKeyModal.tsx implements the export dialog; the 1440 frames carry earlier partial rows. This 1440 cut was not read; the dialog's phone/tablet geometry (width, inset, corner) is the open question and the @skai/ui DialogContent `p-4 sm:p-6` / `sm:rounded-lg` pair is the usual trap at 640-767. [vverify: deferred | ExportKeyModal base state NOT driveable in th	1440=partial @2026-09-14/wave41-home
Skai > Home > Portfolio > Export private key 1VH (375 x 812px) [6811-36029]	partial	src/components/home-redesign/portfolio/ExportKeyModal.tsx	/portfolio (exportTarget)	NOT RE-READ this pass — verdict carried from the work order, which is why it is not `done`. Implementing file(s): src/components/home-redesign/portfolio/ExportKeyModal.tsx. NO SOURCE CITATION: a scan of every .ts/.tsx under src/ this pass found no file referencing this node id, so no measurement of this cut is recorded anywhere in code. 117 of the lane's 253 frames are in that state; they are the set the next pass should open first. Carried note: FIRST VERDICT, NOT OPENED THIS PASS. ExportKeyModal.tsx implements the export dialog; the 1440 frames carry earlier partial rows. This 375 cut was not read; the dialog's phone/tablet geometry (width, inset, corner) is the open question and the @skai/ui DialogContent `p-4 sm:p-6` / `sm:rounded-lg` pair is the usual trap at 640-767. [vverify: deferred | Export private key mobile: same keystore block	375=partial @2026-09-14/wave41-home
Skai > Home > Portfolio > Export private key 1VH (768 x 1024px) [6811-35764]	partial	src/components/home-redesign/portfolio/ExportKeyModal.tsx	/portfolio (exportTarget)	NOT RE-READ this pass — verdict carried from the work order, which is why it is not `done`. Implementing file(s): src/components/home-redesign/portfolio/ExportKeyModal.tsx. NO SOURCE CITATION: a scan of every .ts/.tsx under src/ this pass found no file referencing this node id, so no measurement of this cut is recorded anywhere in code. 117 of the lane's 253 frames are in that state; they are the set the next pass should open first. Carried note: FIRST VERDICT, NOT OPENED THIS PASS. ExportKeyModal.tsx implements the export dialog; the 1440 frames carry earlier partial rows. This 768 cut was not read; the dialog's phone/tablet geometry (width, inset, corner) is the open question and the @skai/ui DialogContent `p-4 sm:p-6` / `sm:rounded-lg` pair is the usual trap at 640-767. [vverify: deferred | Export private key tablet: same keystore block	768=partial @2026-09-14/wave41-home
Skai > Home > Portfolio > Social - with vesting (375 x 812px) [6934-70311]	partial	src/components/home-redesign/portfolio/PortfolioScreen.tsx	/portfolio (Social tab)	NOT RE-READ this pass — verdict carried from the work order, which is why it is not `done`. Implementing file(s): src/components/home-redesign/portfolio/PortfolioScreen.tsx. NO SOURCE CITATION: a scan of every .ts/.tsx under src/ this pass found no file referencing this node id, so no measurement of this cut is recorded anywhere in code. 117 of the lane's 253 frames are in that state; they are the set the next pass should open first. Carried note: FIRST VERDICT, NOT OPENED THIS PASS. The Social tab is implemented in PortfolioScreen.tsx (SocialTab) and this 375 cut has never had a row. The chrome every tab shares was measured on the Holdings cut at this width and fixed this lane - title ladder, stat-row gutter, section corner and gap, tab strip, big-figure ladder, Total pill - and those fixes apply to this frame too. The tab's own body (its	375=partial @2026-09-14/wave41-home
Skai > Home > Portfolio > Social - with vesting (768 x 1024px) [6925-68955]	partial	src/components/home-redesign/portfolio/PortfolioScreen.tsx	/portfolio (Social tab)	NOT RE-READ this pass — verdict carried from the work order, which is why it is not `done`. Implementing file(s): src/components/home-redesign/portfolio/PortfolioScreen.tsx. NO SOURCE CITATION: a scan of every .ts/.tsx under src/ this pass found no file referencing this node id, so no measurement of this cut is recorded anywhere in code. 117 of the lane's 253 frames are in that state; they are the set the next pass should open first. Carried note: FIRST VERDICT, NOT OPENED THIS PASS. The Social tab is implemented in PortfolioScreen.tsx (SocialTab) and this 768 cut has never had a row. The chrome every tab shares was measured on the Holdings cut at this width and fixed this lane - title ladder, stat-row gutter, section corner and gap, tab strip, big-figure ladder, Total pill - and those fixes apply to this frame too. The tab's own body (its	768=partial @2026-09-14/wave41-home
Skai > Home > Portfolio > Social - with vesting 1VH (1440 x 900px) [2899-16515]	partial	src/components/home-redesign/portfolio/PortfolioScreen.tsx	/portfolio	NOT RE-READ this pass — verdict carried from the work order, which is why it is not `done`. Implementing file(s): src/components/home-redesign/portfolio/PortfolioScreen.tsx. SOURCE CITATION: this node id is referenced in src/components/home-redesign/portfolio/CreatorTokenVestingCard.tsx — evidence that some earlier pass measured this cut and recorded the result in code, NOT a measurement made now, and not proof the node still lives on the page the comment names (a wrong-file id resolves silently; see WHALES_TABLET_FRAME_FACTS_2026-09-08.md). Carried note: FIRST VERDICT, NOT OPENED THIS PASS. The Social tab is implemented in PortfolioScreen.tsx (SocialTab) and this 1440 cut has never had a row. The chrome every tab shares was measured on the Holdings cut at this width and fixed this lane - title ladder, stat-row gutter, section corner and gap, tab strip, big-figure ladder, Total pill - and those fixes apply to this frame too. The tab's own body (its	1440=partial @2026-09-14/wave41-home
Skai > Home > Portfolio > Social (375 x 812px) [6925-67023]	partial	src/components/home-redesign/portfolio/PortfolioScreen.tsx	/portfolio (Social tab)	NOT RE-READ this pass — verdict carried from the work order, which is why it is not `done`. Implementing file(s): src/components/home-redesign/portfolio/PortfolioScreen.tsx. NO SOURCE CITATION: a scan of every .ts/.tsx under src/ this pass found no file referencing this node id, so no measurement of this cut is recorded anywhere in code. 117 of the lane's 253 frames are in that state; they are the set the next pass should open first. Carried note: FIRST VERDICT, NOT OPENED THIS PASS. The Social tab is implemented in PortfolioScreen.tsx (SocialTab) and this 375 cut has never had a row. The chrome every tab shares was measured on the Holdings cut at this width and fixed this lane - title ladder, stat-row gutter, section corner and gap, tab strip, big-figure ladder, Total pill - and those fixes apply to this frame too. The tab's own body (its	375=partial @2026-09-14/wave41-home
Skai > Home > Portfolio > Social 1VH (375 x 812px) [6925-67953]	partial	src/components/home-redesign/portfolio/PortfolioScreen.tsx	/portfolio (Social tab)	NOT RE-READ this pass — verdict carried from the work order, which is why it is not `done`. Implementing file(s): src/components/home-redesign/portfolio/PortfolioScreen.tsx. NO SOURCE CITATION: a scan of every .ts/.tsx under src/ this pass found no file referencing this node id, so no measurement of this cut is recorded anywhere in code. 117 of the lane's 253 frames are in that state; they are the set the next pass should open first. Carried note: FIRST VERDICT, NOT OPENED THIS PASS. The Social tab is implemented in PortfolioScreen.tsx (SocialTab) and this 375 cut has never had a row. The chrome every tab shares was measured on the Holdings cut at this width and fixed this lane - title ladder, stat-row gutter, section corner and gap, tab strip, big-figure ladder, Total pill - and those fixes apply to this frame too. The tab's own body (its	375=partial @2026-09-14/wave41-home
Skai > Home > Portfolio > Social 1VH (768 x 1024px) [6918-64949]	partial	src/components/home-redesign/portfolio/PortfolioScreen.tsx	/portfolio (Social tab)	NOT RE-READ this pass — verdict carried from the work order, which is why it is not `done`. Implementing file(s): src/components/home-redesign/portfolio/PortfolioScreen.tsx. NO SOURCE CITATION: a scan of every .ts/.tsx under src/ this pass found no file referencing this node id, so no measurement of this cut is recorded anywhere in code. 117 of the lane's 253 frames are in that state; they are the set the next pass should open first. Carried note: FIRST VERDICT, NOT OPENED THIS PASS. The Social tab is implemented in PortfolioScreen.tsx (SocialTab) and this 768 cut has never had a row. The chrome every tab shares was measured on the Holdings cut at this width and fixed this lane - title ladder, stat-row gutter, section corner and gap, tab strip, big-figure ladder, Total pill - and those fixes apply to this frame too. The tab's own body (its	768=partial @2026-09-14/wave41-home
Skai > Home > Portfolio > Tiers (1440 x 900px) [2773-7535]	partial	src/components/home-redesign/portfolio/PortfolioScreen.tsx	/portfolio (Tiers tab)	NOT RE-READ this pass — verdict carried from the work order, which is why it is not `done`. Implementing file(s): src/components/home-redesign/portfolio/PortfolioScreen.tsx. SOURCE CITATION: this node id is referenced in src/components/home-redesign/portfolio/PortfolioScreen.tsx — evidence that some earlier pass measured this cut and recorded the result in code, NOT a measurement made now, and not proof the node still lives on the page the comment names (a wrong-file id resolves silently; see WHALES_TABLET_FRAME_FACTS_2026-09-08.md). Carried note: FIRST VERDICT, NOT OPENED THIS PASS. The Tiers tab is implemented in PortfolioScreen.tsx (TiersTab) and this 1440 cut has never had a row. The chrome every tab shares was measured on the Holdings cut at this width and fixed this lane - title ladder, stat-row gutter, section corner and gap, tab strip, big-figure ladder, Total pill - and those fixes apply to this frame too. The tab's own body (its s	1440=partial @2026-09-14/wave41-home
Skai > Home > Portfolio > Tiers (375 x 812px) [6942-72954]	partial	src/components/home-redesign/portfolio/PortfolioScreen.tsx	/portfolio (Tiers tab)	NOT RE-READ this pass — verdict carried from the work order, which is why it is not `done`. Implementing file(s): src/components/home-redesign/portfolio/PortfolioScreen.tsx. NO SOURCE CITATION: a scan of every .ts/.tsx under src/ this pass found no file referencing this node id, so no measurement of this cut is recorded anywhere in code. 117 of the lane's 253 frames are in that state; they are the set the next pass should open first. Carried note: FIRST VERDICT, NOT OPENED THIS PASS. The Tiers tab is implemented in PortfolioScreen.tsx (TiersTab) and this 375 cut has never had a row. The chrome every tab shares was measured on the Holdings cut at this width and fixed this lane - title ladder, stat-row gutter, section corner and gap, tab strip, big-figure ladder, Total pill - and those fixes apply to this frame too. The tab's own body (its su	375=partial @2026-09-14/wave41-home
Skai > Home > Portfolio > Tiers (375 x 812px) [6942-74751]	partial	src/components/home-redesign/portfolio/PortfolioScreen.tsx	/portfolio (Tiers tab)	NOT RE-READ this pass — verdict carried from the work order, which is why it is not `done`. Implementing file(s): src/components/home-redesign/portfolio/PortfolioScreen.tsx. NO SOURCE CITATION: a scan of every .ts/.tsx under src/ this pass found no file referencing this node id, so no measurement of this cut is recorded anywhere in code. 117 of the lane's 253 frames are in that state; they are the set the next pass should open first. Carried note: FIRST VERDICT, NOT OPENED THIS PASS. The Tiers tab is implemented in PortfolioScreen.tsx (TiersTab) and this 375 cut has never had a row. The chrome every tab shares was measured on the Holdings cut at this width and fixed this lane - title ladder, stat-row gutter, section corner and gap, tab strip, big-figure ladder, Total pill - and those fixes apply to this frame too. The tab's own body (its su	375=partial @2026-09-14/wave41-home
Skai > Home > Portfolio > Tiers (768 x 1024px) [6942-74270]	partial	src/components/home-redesign/portfolio/PortfolioScreen.tsx	/portfolio (Tiers tab)	NOT RE-READ this pass — verdict carried from the work order, which is why it is not `done`. Implementing file(s): src/components/home-redesign/portfolio/PortfolioScreen.tsx. NO SOURCE CITATION: a scan of every .ts/.tsx under src/ this pass found no file referencing this node id, so no measurement of this cut is recorded anywhere in code. 117 of the lane's 253 frames are in that state; they are the set the next pass should open first. Carried note: FIRST VERDICT, NOT OPENED THIS PASS. The Tiers tab is implemented in PortfolioScreen.tsx (TiersTab) and this 768 cut has never had a row. The chrome every tab shares was measured on the Holdings cut at this width and fixed this lane - title ladder, stat-row gutter, section corner and gap, tab strip, big-figure ladder, Total pill - and those fixes apply to this frame too. The tab's own body (its su	768=partial @2026-09-14/wave41-home
Skai > Home > Portfolio > Tiers 1VH (768 x 1024px) [6937-71607]	partial	src/components/home-redesign/portfolio/PortfolioScreen.tsx	/portfolio (Tiers tab)	NOT RE-READ this pass — verdict carried from the work order, which is why it is not `done`. Implementing file(s): src/components/home-redesign/portfolio/PortfolioScreen.tsx. NO SOURCE CITATION: a scan of every .ts/.tsx under src/ this pass found no file referencing this node id, so no measurement of this cut is recorded anywhere in code. 117 of the lane's 253 frames are in that state; they are the set the next pass should open first. Carried note: FIRST VERDICT, NOT OPENED THIS PASS. The Tiers tab is implemented in PortfolioScreen.tsx (TiersTab) and this 768 cut has never had a row. The chrome every tab shares was measured on the Holdings cut at this width and fixed this lane - title ladder, stat-row gutter, section corner and gap, tab strip, big-figure ladder, Total pill - and those fixes apply to this frame too. The tab's own body (its su	768=partial @2026-09-14/wave41-home
Skai > Home > Portfolio > Vault (375 x 812px) [6910-59407]	partial	src/components/home-redesign/portfolio/PortfolioScreen.tsx	/portfolio (Vault tab)	NOT RE-READ this pass — verdict carried from the work order, which is why it is not `done`. Implementing file(s): src/components/home-redesign/portfolio/PortfolioScreen.tsx. SOURCE CITATION: this node id is referenced in src/components/home-redesign/portfolio/PortfolioScreen.tsx — evidence that some earlier pass measured this cut and recorded the result in code, NOT a measurement made now, and not proof the node still lives on the page the comment names (a wrong-file id resolves silently; see WHALES_TABLET_FRAME_FACTS_2026-09-08.md). Carried note: FIRST VERDICT, NOT OPENED THIS PASS. The Vault tab is implemented in PortfolioScreen.tsx (VaultTab) and this 375 cut has never had a row. The chrome every tab shares was measured on the Holdings cut at this width and fixed this lane - title ladder, stat-row gutter, section corner and gap, tab strip, big-figure ladder, Total pill - and those fixes apply to this frame too. The tab's own body (its su	375=partial @2026-09-14/wave41-home
Skai > Home > Portfolio > Vault (375 x 812px) [6918-64538]	partial	src/components/home-redesign/portfolio/PortfolioScreen.tsx	/portfolio (Vault tab)	NOT RE-READ this pass — verdict carried from the work order, which is why it is not `done`. Implementing file(s): src/components/home-redesign/portfolio/PortfolioScreen.tsx. NO SOURCE CITATION: a scan of every .ts/.tsx under src/ this pass found no file referencing this node id, so no measurement of this cut is recorded anywhere in code. 117 of the lane's 253 frames are in that state; they are the set the next pass should open first. Carried note: FIRST VERDICT, NOT OPENED THIS PASS. The Vault tab is implemented in PortfolioScreen.tsx (VaultTab) and this 375 cut has never had a row. The chrome every tab shares was measured on the Holdings cut at this width and fixed this lane - title ladder, stat-row gutter, section corner and gap, tab strip, big-figure ladder, Total pill - and those fixes apply to this frame too. The tab's own body (its su	375=partial @2026-09-14/wave41-home
Skai > Home > Portfolio > Vault (768 x 1024px) [6899-54796]	partial	src/components/home-redesign/portfolio/PortfolioScreen.tsx	/portfolio (Vault tab)	NOT RE-READ this pass — verdict carried from the work order, which is why it is not `done`. Implementing file(s): src/components/home-redesign/portfolio/PortfolioScreen.tsx. SOURCE CITATION: this node id is referenced in src/components/home-redesign/portfolio/PortfolioScreen.tsx — evidence that some earlier pass measured this cut and recorded the result in code, NOT a measurement made now, and not proof the node still lives on the page the comment names (a wrong-file id resolves silently; see WHALES_TABLET_FRAME_FACTS_2026-09-08.md). Carried note: FIRST VERDICT, NOT OPENED THIS PASS. The Vault tab is implemented in PortfolioScreen.tsx (VaultTab) and this 768 cut has never had a row. The chrome every tab shares was measured on the Holdings cut at this width and fixed this lane - title ladder, stat-row gutter, section corner and gap, tab strip, big-figure ladder, Total pill - and those fixes apply to this frame too. The tab's own body (its su	768=partial @2026-09-14/wave41-home
Skai > Home > Portfolio > Vault 1VH (375 x 812px) [6918-63866]	partial	src/components/home-redesign/portfolio/PortfolioScreen.tsx	/portfolio (Vault tab)	NOT RE-READ this pass — verdict carried from the work order, which is why it is not `done`. Implementing file(s): src/components/home-redesign/portfolio/PortfolioScreen.tsx. NO SOURCE CITATION: a scan of every .ts/.tsx under src/ this pass found no file referencing this node id, so no measurement of this cut is recorded anywhere in code. 117 of the lane's 253 frames are in that state; they are the set the next pass should open first. Carried note: FIRST VERDICT, NOT OPENED THIS PASS. The Vault tab is implemented in PortfolioScreen.tsx (VaultTab) and this 375 cut has never had a row. The chrome every tab shares was measured on the Holdings cut at this width and fixed this lane - title ladder, stat-row gutter, section corner and gap, tab strip, big-figure ladder, Total pill - and those fixes apply to this frame too. The tab's own body (its su	375=partial @2026-09-14/wave41-home
Skai > Home > Portfolio > Vault 1VH (768 x 1024px) [6828-38811]	partial	src/components/home-redesign/portfolio/PortfolioScreen.tsx	/portfolio (Vault tab)	NOT RE-READ this pass — verdict carried from the work order, which is why it is not `done`. Implementing file(s): src/components/home-redesign/portfolio/PortfolioScreen.tsx. NO SOURCE CITATION: a scan of every .ts/.tsx under src/ this pass found no file referencing this node id, so no measurement of this cut is recorded anywhere in code. 117 of the lane's 253 frames are in that state; they are the set the next pass should open first. Carried note: FIRST VERDICT, NOT OPENED THIS PASS. The Vault tab is implemented in PortfolioScreen.tsx (VaultTab) and this 768 cut has never had a row. The chrome every tab shares was measured on the Holdings cut at this width and fixed this lane - title ladder, stat-row gutter, section corner and gap, tab strip, big-figure ladder, Total pill - and those fixes apply to this frame too. The tab's own body (its su	768=partial @2026-09-14/wave41-home
Skai > Home > Portfolio 1VH (375 x 812px) [6782-25160]	partial	src/components/home-redesign/portfolio/PortfolioScreen.tsx	/portfolio	NOT RE-READ this pass — verdict carried from the work order, which is why it is not `done`. Implementing file(s): src/components/home-redesign/portfolio/PortfolioScreen.tsx. NO SOURCE CITATION: a scan of every .ts/.tsx under src/ this pass found no file referencing this node id, so no measurement of this cut is recorded anywhere in code. 117 of the lane's 253 frames are in that state; they are the set the next pass should open first. Carried note: READ OFF THE NODE (get_metadata on the frame, get_design_context on 6849:37116, 6849:37127, 6849:37183, 6849:37196) AND FIXED IN THE FILE. main 375 @ y=48 (Header-mobile 48, Bottom-navigation-mobile 54 @ y=758). Title row 6849:37116 328x36 @ (24,16): `Portfolio` Manrope Light 20/24 (6849:37120, 240x24) - the h1 shipped 24 here and now draws 20/24; share CTA 36 round; AI Analysis 6849:37123 a 36x36	375=partial @2026-09-14/wave41-home
Skai > Home > Portfolio 1VH (768 x 1024px) [6782-24811]	partial	src/components/home-redesign/portfolio/PortfolioScreen.tsx	/portfolio	NOT RE-READ this pass — verdict carried from the work order, which is why it is not `done`. Implementing file(s): src/components/home-redesign/portfolio/PortfolioScreen.tsx. NO SOURCE CITATION: a scan of every .ts/.tsx under src/ this pass found no file referencing this node id, so no measurement of this cut is recorded anywhere in code. 117 of the lane's 253 frames are in that state; they are the set the next pass should open first. Carried note: READ OFF THE NODE (get_metadata on the frame, get_design_context on 6782:25019, 6782:25882, 6782:24858, 6782:26156) AND FIXED IN THE FILE. main 768 @ y=52 (Header-tablet 52, Bottom-navigation-tablet 52 @ y=972). Title row 6782:25019 708x36 @ (30,24): `Portfolio` Manrope Light 24/28 (6782:25023, 525x28) - the h1 shipped 36 here and now draws 24/28 at md; share CTA 36 round; AI Analysis 6782:25028 1	768=partial @2026-09-14/wave41-home
Skai > Home > Sidebar 1VH (375 x 812px) [14136-89715]	partial	src/components/home-redesign/HomeSidebarExpanded.tsx	shell (HomeShellLayout)	NOT RE-READ this pass — verdict carried from the work order, which is why it is not `done`. Implementing file(s): src/components/home-redesign/HomeSidebarExpanded.tsx. NO SOURCE CITATION: a scan of every .ts/.tsx under src/ this pass found no file referencing this node id, so no measurement of this cut is recorded anywhere in code. 117 of the lane's 253 frames are in that state; they are the set the next pass should open first. Carried note: FIRST VERDICT, NOT OPENED THIS PASS. The sidebar as a full screen at 375. HomeShellLayout.tsx + HomeSidebarExpanded.tsx ship it (15 HomeSidebarExpanded test files, incl. touchFloor and rail); no read of this node.	375=partial @2026-09-14/wave41-home
Skai > Home > Voice prompt > chat history 1VH (375 x 812px) [6750-43675]	partial	src/components/home-redesign/ChatHistoryModal.tsx	shell (HomeSidebarExpanded historyOpen)	NOT RE-READ this pass — verdict carried from the work order, which is why it is not `done`. Implementing file(s): src/components/home-redesign/ChatHistoryModal.tsx. NO SOURCE CITATION: a scan of every .ts/.tsx under src/ this pass found no file referencing this node id, so no measurement of this cut is recorded anywhere in code. 117 of the lane's 253 frames are in that state; they are the set the next pass should open first. Carried note: FIRST VERDICT, NOT OPENED THIS PASS. ChatHistoryModal.tsx names 6750:43337 as its tablet source and ChatHistoryModal.figma.test.tsx pins it; the 375 cut is uncited in the file and has no read. [vverify: match | mobile chat-history via ChatHistoryModal (historyOpen entry), drawer-hosted]	375=partial @2026-09-14/wave41-home
Skai > Home > Voice prompt > chat history 1VH (768 x 1024px) [6750-43337]	partial	src/components/home-redesign/ChatHistoryModal.tsx	shell (HomeSidebarExpanded historyOpen)	NOT RE-READ this pass — verdict carried from the work order, which is why it is not `done`. Implementing file(s): src/components/home-redesign/ChatHistoryModal.tsx. SOURCE CITATION: this node id is referenced in src/components/home-redesign/ChatHistoryModal.tsx — evidence that some earlier pass measured this cut and recorded the result in code, NOT a measurement made now, and not proof the node still lives on the page the comment names (a wrong-file id resolves silently; see WHALES_TABLET_FRAME_FACTS_2026-09-08.md). Carried note: FIRST VERDICT, NOT OPENED THIS PASS. ChatHistoryModal.tsx names 6750:43337 as its tablet source and ChatHistoryModal.figma.test.tsx pins it; the 768 cut was not re-read. [vverify: match | tablet chat-history via ChatHistoryModal, drawer-hosted]	768=partial @2026-09-14/wave41-home
Skai > Home > Voice prompt 1VH (375 x 812px) [6750-42546]	partial	src/components/home-redesign/AskComposer.tsx	/ (AiHome voice)	NOT RE-READ this pass — verdict carried from the work order, which is why it is not `done`. Implementing file(s): src/components/home-redesign/AskComposer.tsx. NO SOURCE CITATION: a scan of every .ts/.tsx under src/ this pass found no file referencing this node id, so no measurement of this cut is recorded anywhere in code. 117 of the lane's 253 frames are in that state; they are the set the next pass should open first. Carried note: FIRST VERDICT, NOT OPENED THIS PASS. AskComposer.tsx ships the voice prompt (AskComposer.waveform.test.tsx); this 375 cut was not read. The composer card's own three-rung geometry (112 / 114 / 126) was fixed this lane off the shell frames and applies here. [vverify: match | AskComposer voice-prompt mobile sibling of cited 2736:26122]	375=partial @2026-09-14/wave41-home
Skai > Home > Voice prompt 1VH (768 x 1024px) [6736-41729]	partial	src/components/home-redesign/AskComposer.tsx	/ (AiHome voice)	NOT RE-READ this pass — verdict carried from the work order, which is why it is not `done`. Implementing file(s): src/components/home-redesign/AskComposer.tsx. NO SOURCE CITATION: a scan of every .ts/.tsx under src/ this pass found no file referencing this node id, so no measurement of this cut is recorded anywhere in code. 117 of the lane's 253 frames are in that state; they are the set the next pass should open first. Carried note: FIRST VERDICT, NOT OPENED THIS PASS. AskComposer.tsx ships the voice prompt (AskComposer.waveform.test.tsx); this 768 cut was not read. The composer card's own three-rung geometry (112 / 114 / 126) was fixed this lane off the shell frames and applies here. [vverify: match | AskComposer voice-prompt tablet sibling of cited 2736:26122]	768=partial @2026-09-14/wave41-home
Skai > Home > welcome pop-up > CLAIM NOW row (flame glyph + label; settles report 5536caee) [2713-4556]	furniture	-	-	FURNITURE, not a screen: a component annotation for the welcome pop-up's CLAIM NOW row (flame glyph + label), recorded to settle report 5536caee. No viewport, no board, no implFile. Not re-read this pass.	@2026-09-14/wave41-home
Skai > Home > welcome pop-up > claim-now icon — FILLED FLAME in Sky Blue 16px (icons/action, Hot variant). NOT a droplet: apex left of centre, re-entrant notch upper-right [2713-4557]	furniture	-	-	FURNITURE, not a screen: a component annotation pinning the claim-now icon as a FILLED FLAME in Sky Blue at 16px (icons/action, Hot variant) — apex left of centre with a re-entrant notch upper-right, explicitly NOT a droplet. No viewport, no board, no implFile. Not re-read this pass.	@2026-09-14/wave41-home
Skai > Home 1VH - query - focus 1VH (768 x 1024px) [6419-45976]	partial	src/components/home-redesign/AskComposer.tsx	/ (AiHome hero)	NOT RE-READ this pass — verdict carried from the work order, which is why it is not `done`. Implementing file(s): src/components/home-redesign/AskComposer.tsx. NO SOURCE CITATION: a scan of every .ts/.tsx under src/ this pass found no file referencing this node id, so no measurement of this cut is recorded anywhere in code. 117 of the lane's 253 frames are in that state; they are the set the next pass should open first. Carried note: FIRST VERDICT, NOT OPENED THIS PASS. AskComposer.tsx ships the focused composer; this 768 cut was not read. The composer card's own three-rung geometry (112 / 114 / 126) was fixed this lane off the shell frames and applies here. [vverify: match | AiHome query-focus tablet sibling of cited 3346:32028]	768=partial @2026-09-14/wave41-home
Skai > Home 1VH - query 1VH (768 x 1024px) [6419-46299]	partial	src/components/home-redesign/AskComposer.tsx	/ (AiHome hero)	NOT RE-READ this pass — verdict carried from the work order, which is why it is not `done`. Implementing file(s): src/components/home-redesign/AskComposer.tsx. NO SOURCE CITATION: a scan of every .ts/.tsx under src/ this pass found no file referencing this node id, so no measurement of this cut is recorded anywhere in code. 117 of the lane's 253 frames are in that state; they are the set the next pass should open first. Carried note: FIRST VERDICT, NOT OPENED THIS PASS. AskComposer.tsx ships the composer with a query; this 768 cut was not read. The composer card's own three-rung geometry (112 / 114 / 126) was fixed this lane off the shell frames and applies here. [vverify: match | AiHome hero query tablet sibling of cited 2713:5014]	768=partial @2026-09-14/wave41-home
Skai > Home 1VH (375 x 812px) [6415-45113]	partial	src/components/home-redesign/HomeShellLayout.tsx	shell (App.tsx redesignShell)	NOT RE-READ this pass — verdict carried from the work order, which is why it is not `done`. Implementing file(s): src/components/home-redesign/HomeShellLayout.tsx, src/components/home-redesign/AiHome.tsx. NO SOURCE CITATION: a scan of every .ts/.tsx under src/ this pass found no file referencing this node id, so no measurement of this cut is recorded anywhere in code. 117 of the lane's 253 frames are in that state; they are the set the next pass should open first. Carried note: READ OFF THE NODE (get_metadata). main 375x710 @ y=48 (Header-mobile 48, Bottom-navigation-mobile 54 @ y=758). Toggle Frame 186 200x32 @ (88,16) - AiHomeToggle pins 32 at this width. Centre bolt 6415:45116 36x36 @ (170,283) - AiHome pins !h-9 !w-[32.53px]. Greeting 245x24 @ y=343. Composer 6419:45467 360x112 @ (8,526): text 328x16 @ (16,16), bottom row @ y=64 - AskComposer.geometry.test.tsx alread	375=partial @2026-09-14/wave41-home
Skai > Home 1VH (768 x 1024px) [6415-45107]	partial	src/components/home-redesign/HomeShellLayout.tsx	shell (App.tsx redesignShell)	NOT RE-READ this pass — verdict carried from the work order, which is why it is not `done`. Implementing file(s): src/components/home-redesign/HomeShellLayout.tsx, src/components/home-redesign/AiHome.tsx. NO SOURCE CITATION: a scan of every .ts/.tsx under src/ this pass found no file referencing this node id, so no measurement of this cut is recorded anywhere in code. 117 of the lane's 253 frames are in that state; they are the set the next pass should open first. Carried note: READ OFF THE NODE (get_metadata on the frame, get_design_context on 6415:45278) AND TWO RUNGS FIXED. main 768x920 @ y=52 (Header-tablet 52, Bottom-navigation-tablet 52 @ y=972). Toggle Frame 186 200x34 @ (284,24) - AiHomeToggle already steps 32 -> 34 at md (AiHomeToggle.geometry.test.tsx). Centre bolt 6415:45110 48x48 @ (360,410) - AiHome.tsx drew the desktop 64 from md and now draws 48 at md, 64	768=partial @2026-09-14/wave41-home
Skai > Home 1VH ALT (375 x 812px) [6419-45553]	partial	src/components/home-redesign/ComposerSuggestions.tsx	/ (AiHome typing)	NOT RE-READ this pass — verdict carried from the work order, which is why it is not `done`. Implementing file(s): src/components/home-redesign/ComposerSuggestions.tsx. NO SOURCE CITATION: a scan of every .ts/.tsx under src/ this pass found no file referencing this node id, so no measurement of this cut is recorded anywhere in code. 117 of the lane's 253 frames are in that state; they are the set the next pass should open first. Carried note: FIRST VERDICT, NOT OPENED THIS PASS. ComposerSuggestions.tsx ships the typing state; ComposerSuggestions.geometry.test.tsx pins its geometry from an earlier read. This ALT frame was not compared. [vverify: match | AiHome typing ALT mobile sibling of cited 2733:19908]	375=partial @2026-09-14/wave41-home
Skai > Home > Install to homescreen 1VH (375 x 812px) [9746-173030]	partial	src/components/common/install/InstallToHomescreenModal.tsx	global (InstallPrompt lazy-mounted in App.tsx:253)	OWNERSHIP RESOLVED, VERIFIED IN SOURCE, ONE RESIDUAL IN @skai/ui. The work order carried this row as `unknown` because InstallToHomescreenModal.tsx belonged to no lane; it is this lane's file now and the file was read against the recorded measurement in vverify.pwa.tsv. Every number holds in source: card #122524 on a 1px #123F3C border with shadow 0 10px 80px rgba(0,0,0,0.25); tile bg rgba(86,199,243,0.14); hint #E0E0E0 at opacity-[0.64] written as an arbitrary value because `opacity-64` is not a Tailwind step; the per-board ramp (card 358 r20 px8/py24 · 468 r26 p16 · 448 r32 p24, card gap 20/24/24, title Light 20/24 · Light 24/28 · Regular 24/28, subtitle 14/18 · 14/18.05 · 16/22, tile 40 r6 with a 16 glyph · 64 r12 with a 24 glyph, step title Bold 14/18 · 14/18.05 · 18/24, step hint 12/14 · 12/16 · 14/18, steps gap 4/8/8, connector 12/12/19, footer 12/14 · 10/14 · 12/16) is all present as responsive classes; the ALT frames' viewport-anchored footer is the `footerPlacement="viewport"` branch and the in-card one the default. ⛔ RESIDUAL, NOT FIXABLE FROM THIS FILE: the card measures 4-5px short of the frame at 375 and 768 because Figma draws the short wordmark at 87x36 and `SkaiLogo wordmark="short"` has only 24/32/48/64 presets (shortSizeConfig in modules/skai-ui/src/components/branding/skai-logo.tsx), applying the height as an inline style so it cannot be overridden from feature code. HAND-OFF: add a 36px short-wordmark preset in modules/skai-ui/src/components/branding/skai-logo.tsx; `modules/skai-ui/src` is off limits to every lane this wave.	375=partial @2026-09-14/wave41-home
Skai > Home > Install to homescreen 1VH (768 x 1024px) [9746-172340]	partial	src/components/common/install/InstallToHomescreenModal.tsx	global (InstallPrompt lazy-mounted in App.tsx:253)	OWNERSHIP RESOLVED, VERIFIED IN SOURCE, ONE RESIDUAL IN @skai/ui. The work order carried this row as `unknown` because InstallToHomescreenModal.tsx belonged to no lane; it is this lane's file now and the file was read against the recorded measurement in vverify.pwa.tsv. Every number holds in source: card #122524 on a 1px #123F3C border with shadow 0 10px 80px rgba(0,0,0,0.25); tile bg rgba(86,199,243,0.14); hint #E0E0E0 at opacity-[0.64] written as an arbitrary value because `opacity-64` is not a Tailwind step; the per-board ramp (card 358 r20 px8/py24 · 468 r26 p16 · 448 r32 p24, card gap 20/24/24, title Light 20/24 · Light 24/28 · Regular 24/28, subtitle 14/18 · 14/18.05 · 16/22, tile 40 r6 with a 16 glyph · 64 r12 with a 24 glyph, step title Bold 14/18 · 14/18.05 · 18/24, step hint 12/14 · 12/16 · 14/18, steps gap 4/8/8, connector 12/12/19, footer 12/14 · 10/14 · 12/16) is all present as responsive classes; the ALT frames' viewport-anchored footer is the `footerPlacement="viewport"` branch and the in-card one the default. ⛔ RESIDUAL, NOT FIXABLE FROM THIS FILE: the card measures 4-5px short of the frame at 375 and 768 because Figma draws the short wordmark at 87x36 and `SkaiLogo wordmark="short"` has only 24/32/48/64 presets (shortSizeConfig in modules/skai-ui/src/components/branding/skai-logo.tsx), applying the height as an inline style so it cannot be overridden from feature code. HAND-OFF: add a 36px short-wordmark preset in modules/skai-ui/src/components/branding/skai-logo.tsx; `modules/skai-ui/src` is off limits to every lane this wave.	768=partial @2026-09-14/wave41-home
Skai > Home > Install to homescreen ALT 1VH (375 x 812px) [9747-175217]	partial	src/components/common/install/InstallToHomescreenModal.tsx	global (InstallPrompt lazy-mounted in App.tsx:253)	OWNERSHIP RESOLVED, VERIFIED IN SOURCE, ONE RESIDUAL IN @skai/ui. The work order carried this row as `unknown` because InstallToHomescreenModal.tsx belonged to no lane; it is this lane's file now and the file was read against the recorded measurement in vverify.pwa.tsv. Every number holds in source: card #122524 on a 1px #123F3C border with shadow 0 10px 80px rgba(0,0,0,0.25); tile bg rgba(86,199,243,0.14); hint #E0E0E0 at opacity-[0.64] written as an arbitrary value because `opacity-64` is not a Tailwind step; the per-board ramp (card 358 r20 px8/py24 · 468 r26 p16 · 448 r32 p24, card gap 20/24/24, title Light 20/24 · Light 24/28 · Regular 24/28, subtitle 14/18 · 14/18.05 · 16/22, tile 40 r6 with a 16 glyph · 64 r12 with a 24 glyph, step title Bold 14/18 · 14/18.05 · 18/24, step hint 12/14 · 12/16 · 14/18, steps gap 4/8/8, connector 12/12/19, footer 12/14 · 10/14 · 12/16) is all present as responsive classes; the ALT frames' viewport-anchored footer is the `footerPlacement="viewport"` branch and the in-card one the default. ⛔ RESIDUAL, NOT FIXABLE FROM THIS FILE: the card measures 4-5px short of the frame at 375 and 768 because Figma draws the short wordmark at 87x36 and `SkaiLogo wordmark="short"` has only 24/32/48/64 presets (shortSizeConfig in modules/skai-ui/src/components/branding/skai-logo.tsx), applying the height as an inline style so it cannot be overridden from feature code. HAND-OFF: add a 36px short-wordmark preset in modules/skai-ui/src/components/branding/skai-logo.tsx; `modules/skai-ui/src` is off limits to every lane this wave. This is the mobile ALT cut: its footer is the viewport-anchored branch (155 wide, full-opacity white 12/14, chevron 32x10 #56C7F3 rotated 180 outside the card), and the rotation sits on a wrapper because animate-bounce also writes `transform`.	375=partial @2026-09-14/wave41-home
