Social > Groups > Members - with requests (708) [11400-91347]	partial	src/components/social/JoinRequestList.tsx	/trading-groups/:groupId	★ DOM SIDE BLOCKED, with the cause probed at the object rather than guessed. /trading-groups renders only its SIGN_IN_REQUIRED arm ("Connect your wallet to browse groups") and the console carries `42501 permission denied for function list_trading_groups`. That function's ACL is postgres / authenticated / service_role - `anon` has no EXECUTE - and a dev session presents as `anon` to PostgREST. It is NOT an empty product: `public.trading_groups` holds 20 rows. So every verdict on this surface still rests on class strings read in jsdom, which computes no layout. ADDITIONALLY, and separately from the route block: `public.trading_group_join_requests` holds ZERO rows, so the "with requests" state these two frames draw (Accept/Reject rows above the member rows) has no data even once the route opens. Frame boxes 708x506 and 343x670.
Social > Groups > View group > Adjust settings (768) [11400-92142]	partial	src/components/social/GroupFormSheet.tsx	/trading-groups/:groupId	★ DOM SIDE BLOCKED, with the cause probed at the object rather than guessed. /trading-groups renders only its SIGN_IN_REQUIRED arm ("Connect your wallet to browse groups") and the console carries `42501 permission denied for function list_trading_groups`. That function's ACL is postgres / authenticated / service_role - `anon` has no EXECUTE - and a dev session presents as `anon` to PostgREST. It is NOT an empty product: `public.trading_groups` holds 20 rows. So every verdict on this surface still rests on class strings read in jsdom, which computes no layout. Adjust-settings sheet; the frame is 768x1024 with a `Right menu` 442x1008 - the same 442 rail width the chat-settings sheet hits exactly at 768, which is a useful cross-check for whoever unblocks this route.
Social > Live (768) [11410-138568]	partial	src/components/streaming/LiveStreamsBrowser.tsx	/streaming	LiveStreamsBrowser renders at both widths. Measured DOM at 768: H1 "Live on Skai" Cormorant Garamond 700 24/32; the grid shows "No live streams right now. Be the first to go live!" because all 4 `live_streams` rows are `ended`. The frames draw a populated browse grid with category rows, so the card grid has nothing to compare against; the page chrome does. Frame boxes 768x1950 / 375x1431 / 375x812 / 768x1024.
Social > Live (375) [11410-139136]	partial	src/components/streaming/LiveStreamsBrowser.tsx	/streaming	LiveStreamsBrowser renders at both widths. Measured DOM at 768: H1 "Live on Skai" Cormorant Garamond 700 24/32; the grid shows "No live streams right now. Be the first to go live!" because all 4 `live_streams` rows are `ended`. The frames draw a populated browse grid with category rows, so the card grid has nothing to compare against; the page chrome does. Frame boxes 768x1950 / 375x1431 / 375x812 / 768x1024.
Breakpoint [11410-140557]	furniture	-	-	FURNITURE, carried forward unchanged from wave 3. 1450x164 Breakpoint ruler. Excluded from the parity denominator per SCHEMA.md.
Breakpoint [11410-140559]	furniture	-	-	FURNITURE, carried forward unchanged from wave 3. 1450x164 Breakpoint ruler. Excluded from the parity denominator per SCHEMA.md.
Breakpoint [11410-140747]	furniture	-	-	FURNITURE, carried forward unchanged from wave 3. 1450x164 Breakpoint ruler. Excluded from the parity denominator per SCHEMA.md.
Breakpoint [11410-140757]	furniture	-	-	FURNITURE, carried forward unchanged from wave 3. 1450x164 Breakpoint ruler. Excluded from the parity denominator per SCHEMA.md.
Social > Live 1VH (375) [11442-162043]	partial	src/components/streaming/LiveStreamsBrowser.tsx	/streaming	LiveStreamsBrowser renders at both widths. Measured DOM at 768: H1 "Live on Skai" Cormorant Garamond 700 24/32; the grid shows "No live streams right now. Be the first to go live!" because all 4 `live_streams` rows are `ended`. The frames draw a populated browse grid with category rows, so the card grid has nothing to compare against; the page chrome does. Frame boxes 768x1950 / 375x1431 / 375x812 / 768x1024.
Social (768) [11442-163273]	blocked-on-backend	src/pages/social/SocialFeed.tsx	/social	MISSING RELATION, named: there is no post entity in the database. Enumerated `information_schema.tables` for public on 2026-08-26 - nothing matching post/comment/story exists (the only comment-shaped table is `bug_comments`, which belongs to the bug tracker). /social renders and its chrome is measurable - H1 "Discover" Cormorant Garamond 500 30/36 at 768, the Create-new CTA 125x44 #2CEDAC - but the body is "Nothing posted yet / Be the first - posts you create show up here.", so a populated feed (11442-163273 is 768x4387, 11474-227157 is 768x3615) has no source. ★ The CTA fill is a second, separate finding: the frame draws #56C7F3 and the DOM paints #2CEDAC. ★ DIAGNOSIS CORRECTED 2026-08-31 - the DOM measurement stands, the cause does not. This was attributed to "the known sky-blue-token-resolves-green problem, not a choice made here", and there is no such problem: design-tokens.ts:70 holds skyBlue: "#56C7F3" with a DO-NOT-REVERT at :53-63, and the preset maps "sky-blue" -> accentColors.skyBlue at :244, so `sky-blue` resolves #56C7F3, i.e. the frame's own blue, so `sky-blue` cannot be the source of a green CTA. The #2CEDAC must come from a separate green class (alien-green :49 / skai-green :248, both #2DEDAD); WHICH one is UNMEASURED and was not traced this pass. Treat as an open, in-scope colour defect, not a known-and-excused one.
Social 1VH (768) [11442-164397]	blocked-on-backend	src/pages/social/SocialFeed.tsx	/social	MISSING RELATION, named: there is no post entity in the database. Enumerated `information_schema.tables` for public on 2026-08-26 - nothing matching post/comment/story exists (the only comment-shaped table is `bug_comments`, which belongs to the bug tracker). /social renders and its chrome is measurable - H1 "Discover" Cormorant Garamond 500 30/36 at 768, the Create-new CTA 125x44 #2CEDAC - but the body is "Nothing posted yet / Be the first - posts you create show up here.", so a populated feed (11442-163273 is 768x4387, 11474-227157 is 768x3615) has no source. ★ The CTA fill is a second, separate finding: the frame draws #56C7F3 and the DOM paints #2CEDAC. ★ DIAGNOSIS CORRECTED 2026-08-31 - the DOM measurement stands, the cause does not. This was attributed to "the known sky-blue-token-resolves-green problem, not a choice made here", and there is no such problem: design-tokens.ts:70 holds skyBlue: "#56C7F3" with a DO-NOT-REVERT at :53-63, and the preset maps "sky-blue" -> accentColors.skyBlue at :244, so `sky-blue` resolves #56C7F3, i.e. the frame's own blue, so `sky-blue` cannot be the source of a green CTA. The #2CEDAC must come from a separate green class (alien-green :49 / skai-green :248, both #2DEDAD); WHICH one is UNMEASURED and was not traced this pass. Treat as an open, in-scope colour defect, not a known-and-excused one. ★ CARRIED FORWARD from wave 3: DOM measured at 768 - heading Cormorant Garamond 500 30/36, CTA 125x44 #2CEDAC, no overflow (scrollWidth 762 vs clientWidth 768). I re-confirmed all three 2026-08-26.
Social 1VH (375) [11442-164766]	blocked-on-backend	src/pages/social/SocialFeed.tsx	/social	MISSING RELATION, named: there is no post entity in the database. Enumerated `information_schema.tables` for public on 2026-08-26 - nothing matching post/comment/story exists (the only comment-shaped table is `bug_comments`, which belongs to the bug tracker). /social renders and its chrome is measurable - H1 "Discover" Cormorant Garamond 500 30/36 at 768, the Create-new CTA 125x44 #2CEDAC - but the body is "Nothing posted yet / Be the first - posts you create show up here.", so a populated feed (11442-163273 is 768x4387, 11474-227157 is 768x3615) has no source. ★ The CTA fill is a second, separate finding: the frame draws #56C7F3 and the DOM paints #2CEDAC. ★ DIAGNOSIS CORRECTED 2026-08-31 - the DOM measurement stands, the cause does not. This was attributed to "the known sky-blue-token-resolves-green problem, not a choice made here", and there is no such problem: design-tokens.ts:70 holds skyBlue: "#56C7F3" with a DO-NOT-REVERT at :53-63, and the preset maps "sky-blue" -> accentColors.skyBlue at :244, so `sky-blue` resolves #56C7F3, i.e. the frame's own blue, so `sky-blue` cannot be the source of a green CTA. The #2CEDAC must come from a separate green class (alien-green :49 / skai-green :248, both #2DEDAD); WHICH one is UNMEASURED and was not traced this pass. Treat as an open, in-scope colour defect, not a known-and-excused one. ★ CARRIED FORWARD from wave 3 so it is not lost with the reclassification - a real DOM measurement at 375: heading node 11442:164775 "Discover" is Manrope Light 20/24 in the frame and Cormorant Garamond 500 24/32 in the DOM (a step LARGER where the frame steps down); CTA I11442:164778 is 125x32 #56C7F3 in the frame and 125x44 #2CEDAC in the DOM. No horizontal overflow (scrollWidth 369 vs clientWidth 375). I re-measured the 768 twin and the same two causes hold there (Cormorant 500 30/36, CTA 125x44 #2CEDAC).
Social - dropdown 1VH (768) [11442-165355]	partial	src/components/social/feed/CreateNewMenu.tsx	/social	MEASURED BOTH SIDES 2026-08-26. FRAME `dropdown-3` is 125x116 at BOTH widths: r12, fill #122524, stroke #123f3c, VERTICAL gap 8, padding 8, three 109x28 rows (r4, the first filled #123F3C as the hovered state), labels Manrope Regular 12 lh 16 at 768 and 14 at 375. DOM (real pointer click on Create new): 128x106, r10, #0B1917, padding 4, three 118x32 rows, labels 14/20 - Token, Post, Story with Story disabled, which is the honest treatment given no story entity exists. Width matches (the caller sets w-[125px]); everything else is the primitive. SHARED-PRIMITIVE GAP, measured 2026-08-26 on the live dev DOM at 768 and on node data: every Social dropdown Figma draws is one spec that @skai/ui's DropdownMenuContent does not implement. FIGMA panel r12 / fill #122524 / stroke #123f3c / padding 8 / VERTICAL gap 8 / rows 28 tall / labels Manrope Regular 12 (lh 16 at 768, 14 at 375). DOM panel r10 / fill #0B1917 / no stroke / padding 4 / gap 0 / rows 32 tall / labels 14-16/20. Identical numbers came back from BOTH CreateNewMenu and StreamPanelSwitcher, which is what makes it the primitive rather than either caller. ★ SEPARATE, REPORTED NOT FIXED: the Create-new trigger measures 125x44 where the component asks for h-9 (36px) and the frame draws 32-36. `src/index.css:748` and `:1019` impose min-height 44px below 768px on any button without `.no-min-size`. StreamPanelFooter takes that opt-out for its 32/34px CTAs, so the precedent exists - but shrinking a primary tap target below the 44px iOS floor is an accessibility trade, so it is Casey's call, not mine.
Social > create post > empty 1VH (768) [11442-168505]	partial	src/components/social/feed/ComposePostDialog.tsx	/social	MEASURED BOTH SIDES 2026-08-26 at 768. FRAME: `Overlay` 768x1024 scrim #001615@0.44 over a `modal` 448x300, r16, fill #122524, stroke #123f3c, padding 12, gap 24. DOM: role=dialog 546x202, r16 (MATCHES), background #001615 (frame: #122524), padding 24 (frame: 12). So the surface is 98px too wide, 98px too short, painted the page colour instead of the card colour, and double-padded. Contents present: Drafts link, avatar, "Post body" field, a 500 counter, Post, Close. ★ A trap avoided: the frames also carry a 426x22 description line reading "Earn when people buy from your referral." under Create post and the same string under Drafts - it is NOT a boilerplate defect, its parent `content` frame is vis=false. Hidden nodes are not spec, and the TEXT node's own visible flag does not tell you that; the ancestor chain does.
Social > create post 1VH (768) [11442-169153]	partial	src/components/social/feed/ComposePostDialog.tsx	/social	MEASURED BOTH SIDES 2026-08-26 at 768. FRAME: `Overlay` 768x1024 scrim #001615@0.44 over a `modal` 448x300, r16, fill #122524, stroke #123f3c, padding 12, gap 24. DOM: role=dialog 546x202, r16 (MATCHES), background #001615 (frame: #122524), padding 24 (frame: 12). So the surface is 98px too wide, 98px too short, painted the page colour instead of the card colour, and double-padded. Contents present: Drafts link, avatar, "Post body" field, a 500 counter, Post, Close. ★ A trap avoided: the frames also carry a 426x22 description line reading "Earn when people buy from your referral." under Create post and the same string under Drafts - it is NOT a boilerplate defect, its parent `content` frame is vis=false. Hidden nodes are not spec, and the TEXT node's own visible flag does not tell you that; the ancestor chain does.
modal [11442-169953]	partial	src/components/social/SocialModal.tsx	/social	The shared modal shell itself, 448x411, r16, fill #122524, stroke #123f3c, VERTICAL pad 12 gap 24, with a 484x484 #17F9B4 `shine` ellipse at 19% behind it and a 76x46 r12 #56C7F3 primary CTA. The three modals I could open (composer at 768 and 375, chat settings) all keep r16 but none paints #122524 and none draws the shine, so the shell is the right place to fix once rather than per dialog.
Social > create post > drafts 1VH (768) [11442-170567]	partial	src/components/social/feed/DraftsDialog.tsx	/social	FRAME read 2026-08-26: `modal` 448x300 at 768 - the same box as the composer - with the draft rows at Manrope Regular 12/16 and Mulish Regular 10/14 dates; 11442-171056 is the multi-select variant and adds "Select all" #56C7F3 and "Delete" #FF574A at 12/16. DOM NOT OBTAINED: the composer's "Drafts" control measures 40x18 and clicking it produced no second dialog in two attempts, so I have the frame half only. Recorded as half a measurement rather than inferred from the composer's numbers.
Social > create post > drafts 1VH (768) [11442-171056]	partial	src/components/social/feed/DraftsDialog.tsx	/social	FRAME read 2026-08-26: `modal` 448x300 at 768 - the same box as the composer - with the draft rows at Manrope Regular 12/16 and Mulish Regular 10/14 dates; 11442-171056 is the multi-select variant and adds "Select all" #56C7F3 and "Delete" #FF574A at 12/16. DOM NOT OBTAINED: the composer's "Drafts" control measures 40x18 and clicking it produced no second dialog in two attempts, so I have the frame half only. Recorded as half a measurement rather than inferred from the composer's numbers.
Social - dropdown 1VH (375) [11442-173646]	partial	src/components/social/feed/CreateNewMenu.tsx	/social	MEASURED BOTH SIDES 2026-08-26. FRAME `dropdown-3` is 125x116 at BOTH widths: r12, fill #122524, stroke #123f3c, VERTICAL gap 8, padding 8, three 109x28 rows (r4, the first filled #123F3C as the hovered state), labels Manrope Regular 12 lh 16 at 768 and 14 at 375. DOM (real pointer click on Create new): 128x106, r10, #0B1917, padding 4, three 118x32 rows, labels 14/20 - Token, Post, Story with Story disabled, which is the honest treatment given no story entity exists. Width matches (the caller sets w-[125px]); everything else is the primitive. SHARED-PRIMITIVE GAP, measured 2026-08-26 on the live dev DOM at 768 and on node data: every Social dropdown Figma draws is one spec that @skai/ui's DropdownMenuContent does not implement. FIGMA panel r12 / fill #122524 / stroke #123f3c / padding 8 / VERTICAL gap 8 / rows 28 tall / labels Manrope Regular 12 (lh 16 at 768, 14 at 375). DOM panel r10 / fill #0B1917 / no stroke / padding 4 / gap 0 / rows 32 tall / labels 14-16/20. Identical numbers came back from BOTH CreateNewMenu and StreamPanelSwitcher, which is what makes it the primitive rather than either caller. ★ SEPARATE, REPORTED NOT FIXED: the Create-new trigger measures 125x44 where the component asks for h-9 (36px) and the frame draws 32-36. `src/index.css:748` and `:1019` impose min-height 44px below 768px on any button without `.no-min-size`. StreamPanelFooter takes that opt-out for its 32/34px CTAs, so the precedent exists - but shrinking a primary tap target below the 44px iOS floor is an accessibility trade, so it is Casey's call, not mine.
Social > create post > empty 1VH (375) [11442-175841]	partial	src/components/social/feed/ComposePostDialog.tsx	/social	The 375 cuts. FRAME: `modal` 354x792 - a near-full-height sheet inset 12px on every side, still r16. DOM: the composer goes edge to edge, 369x812 at 0,0, with radius 0. Measured contents at 375: field placeholder "What's happening...?" 18px, Post pill 110x52 r9999 #2CEDAC, two 44x44 tool buttons r10, Close 44x44. Frame's Post CTA label is Manrope Regular 14/16. So the mobile composer differs from the frame in inset, radius and CTA shape, all measured.
Social > create post 1VH (375) [11442-176349]	partial	src/components/social/feed/ComposePostDialog.tsx	/social	The 375 cuts. FRAME: `modal` 354x792 - a near-full-height sheet inset 12px on every side, still r16. DOM: the composer goes edge to edge, 369x812 at 0,0, with radius 0. Measured contents at 375: field placeholder "What's happening...?" 18px, Post pill 110x52 r9999 #2CEDAC, two 44x44 tool buttons r10, Close 44x44. Frame's Post CTA label is Manrope Regular 14/16. So the mobile composer differs from the frame in inset, radius and CTA shape, all measured.
Social > create post > drafts 1VH (375) [11442-178053]	partial	src/components/social/feed/DraftsDialog.tsx	/social	The 375 drafts cuts. FRAME `modal` is 354x300 here - ★ NOT the 354x792 the composer uses at the same width, so the drafts sheet is deliberately short while the composer is full height. Labels drop to Manrope Regular 12/14. Same DOM gap as 11442-170567: the Drafts control did not open.
Social > create post > drafts 1VH (375) [11442-178673]	partial	src/components/social/feed/DraftsDialog.tsx	/social	The 375 drafts cuts. FRAME `modal` is 354x300 here - ★ NOT the 354x792 the composer uses at the same width, so the drafts sheet is deliberately short while the composer is full height. Labels drop to Manrope Regular 12/14. Same DOM gap as 11442-170567: the Drafts control did not open.
Social > Discover - search > Creators - empty (768) [11455-183352]	partial	src/pages/social/Discover.tsx	/discover	★ ARTWORK CORRECTION - the title is misleading and wave 3 mapped it to the wrong arm. "Creators - empty" does NOT mean an empty creator list: the frame draws a "Search social" screen whose SEARCH FIELD is empty, and it contains SIX POPULATED creator cards (160x156 each) under a "Highest market cap" heading, plus four stat tiles and a Creators/Posts/Favorites tab pill (125x44 #122524 stroke #123F3C) beside a 218x44 input. Headline is "Search social", Manrope Light 20/24 #FFFFFF, over "Find and invest in your favorite creators." Manrope Regular 14/16 #95A09F. DOM /discover is a different screen: H1 "Discover Creators" Cormorant Garamond 700 24/32, a Launch-Your-Creator-Token promo, four stat tiles, five sort chips, and "No Creators Yet". Discover.tsx:11-15 already reports the table-vs-cards gap, so this row confirms it rather than discovering it. ★ Second finding: `public.social_tokens` holds 4 rows, yet the page prints "Creators 0" - the page reads the indexer (getLaunchpadCurves), not that table, so the zero is an indexer gap and not an empty product.
Social > Discover - search > Creators - empty (375) [11461-198346]	partial	src/pages/social/Discover.tsx	/discover	★ ARTWORK CORRECTION - the title is misleading and wave 3 mapped it to the wrong arm. "Creators - empty" does NOT mean an empty creator list: the frame draws a "Search social" screen whose SEARCH FIELD is empty, and it contains SIX POPULATED creator cards (160x156 each) under a "Highest market cap" heading, plus four stat tiles and a Creators/Posts/Favorites tab pill (125x44 #122524 stroke #123F3C) beside a 218x44 input. Headline is "Search social", Manrope Light 20/24 #FFFFFF, over "Find and invest in your favorite creators." Manrope Regular 14/16 #95A09F. DOM /discover is a different screen: H1 "Discover Creators" Cormorant Garamond 700 24/32, a Launch-Your-Creator-Token promo, four stat tiles, five sort chips, and "No Creators Yet". Discover.tsx:11-15 already reports the table-vs-cards gap, so this row confirms it rather than discovering it. ★ Second finding: `public.social_tokens` holds 4 rows, yet the page prints "Creators 0" - the page reads the indexer (getLaunchpadCurves), not that table, so the zero is an indexer gap and not an empty product.
Social > Sample creator profile > Creator overview (768) [11474-214610]	partial	src/pages/account/UserProfile.tsx	/:username	★ DOM SIDE BLOCKED BY A DEFECT I MEASURED, not by the dev harness. /:username renders "Profile Not Created - @<handle> hasn't created their social profile yet." for a REAL user with real follower rows. Traced to the source: profileService.getProfileByUsername:434 calls `get_user_public_by_username`, which has EXECUTE granted to `anon` but is NOT SECURITY DEFINER (`prosecdef = false`, probed at the object 2026-08-26), and `anon` holds only REFERENCES+TRIGGER on `public.users` - no SELECT. Running it as `anon` raises `42501: permission denied for table users`; :439 does `if (rpcError || !publicData) return null`, and the page turns that null into "this user has no profile". `authenticated` DOES have SELECT, so a signed-in visitor sees the real page and an anonymous one - anybody following a shared profile link - does not. ESCALATED, NOT FIXED: the fix is either SECURITY DEFINER on that function or a grant, and granting `anon` SELECT on `public.users` is exactly the overexposure this repo has fixed before. Migrations are write-only for this lane and this one is a security decision. Frame boxes: 768x1643 / 375x1633 (Creator overview) and 768x1247 / 375x1258 (Groups tab).
Social > Sample creator profile > Creator overview (375) [11474-215821]	partial	src/pages/account/UserProfile.tsx	/:username	★ DOM SIDE BLOCKED BY A DEFECT I MEASURED, not by the dev harness. /:username renders "Profile Not Created - @<handle> hasn't created their social profile yet." for a REAL user with real follower rows. Traced to the source: profileService.getProfileByUsername:434 calls `get_user_public_by_username`, which has EXECUTE granted to `anon` but is NOT SECURITY DEFINER (`prosecdef = false`, probed at the object 2026-08-26), and `anon` holds only REFERENCES+TRIGGER on `public.users` - no SELECT. Running it as `anon` raises `42501: permission denied for table users`; :439 does `if (rpcError || !publicData) return null`, and the page turns that null into "this user has no profile". `authenticated` DOES have SELECT, so a signed-in visitor sees the real page and an anonymous one - anybody following a shared profile link - does not. ESCALATED, NOT FIXED: the fix is either SECURITY DEFINER on that function or a grant, and granting `anon` SELECT on `public.users` is exactly the overexposure this repo has fixed before. Migrations are write-only for this lane and this one is a security decision. Frame boxes: 768x1643 / 375x1633 (Creator overview) and 768x1247 / 375x1258 (Groups tab).
Social > Sample creator profile > Following - modal 1VH (768) [11474-216389]	partial	src/components/social/FollowersModal.tsx	/:username	★ DOM SIDE BLOCKED BY A DEFECT I MEASURED, not by the dev harness. /:username renders "Profile Not Created - @<handle> hasn't created their social profile yet." for a REAL user with real follower rows. Traced to the source: profileService.getProfileByUsername:434 calls `get_user_public_by_username`, which has EXECUTE granted to `anon` but is NOT SECURITY DEFINER (`prosecdef = false`, probed at the object 2026-08-26), and `anon` holds only REFERENCES+TRIGGER on `public.users` - no SELECT. Running it as `anon` raises `42501: permission denied for table users`; :439 does `if (rpcError || !publicData) return null`, and the page turns that null into "this user has no profile". `authenticated` DOES have SELECT, so a signed-in visitor sees the real page and an anonymous one - anybody following a shared profile link - does not. ESCALATED, NOT FIXED: the fix is either SECURITY DEFINER on that function or a grant, and granting `anon` SELECT on `public.users` is exactly the overexposure this repo has fixed before. Migrations are write-only for this lane and this one is a security decision. These six are the Following / Followers / Holders modals, which open FROM that page, so they are unreachable for the same reason one level down.
Social > Sample creator profile > Followers - modal 1VH (768) [11474-216811]	partial	src/components/social/FollowersModal.tsx	/:username	★ DOM SIDE BLOCKED BY A DEFECT I MEASURED, not by the dev harness. /:username renders "Profile Not Created - @<handle> hasn't created their social profile yet." for a REAL user with real follower rows. Traced to the source: profileService.getProfileByUsername:434 calls `get_user_public_by_username`, which has EXECUTE granted to `anon` but is NOT SECURITY DEFINER (`prosecdef = false`, probed at the object 2026-08-26), and `anon` holds only REFERENCES+TRIGGER on `public.users` - no SELECT. Running it as `anon` raises `42501: permission denied for table users`; :439 does `if (rpcError || !publicData) return null`, and the page turns that null into "this user has no profile". `authenticated` DOES have SELECT, so a signed-in visitor sees the real page and an anonymous one - anybody following a shared profile link - does not. ESCALATED, NOT FIXED: the fix is either SECURITY DEFINER on that function or a grant, and granting `anon` SELECT on `public.users` is exactly the overexposure this repo has fixed before. Migrations are write-only for this lane and this one is a security decision. These six are the Following / Followers / Holders modals, which open FROM that page, so they are unreachable for the same reason one level down.
Social > Sample creator profile > Holders - modal 1VH (768) [11474-217233]	partial	src/components/social/HoldersModal.tsx	/:username	★ DOM SIDE BLOCKED BY A DEFECT I MEASURED, not by the dev harness. /:username renders "Profile Not Created - @<handle> hasn't created their social profile yet." for a REAL user with real follower rows. Traced to the source: profileService.getProfileByUsername:434 calls `get_user_public_by_username`, which has EXECUTE granted to `anon` but is NOT SECURITY DEFINER (`prosecdef = false`, probed at the object 2026-08-26), and `anon` holds only REFERENCES+TRIGGER on `public.users` - no SELECT. Running it as `anon` raises `42501: permission denied for table users`; :439 does `if (rpcError || !publicData) return null`, and the page turns that null into "this user has no profile". `authenticated` DOES have SELECT, so a signed-in visitor sees the real page and an anonymous one - anybody following a shared profile link - does not. ESCALATED, NOT FIXED: the fix is either SECURITY DEFINER on that function or a grant, and granting `anon` SELECT on `public.users` is exactly the overexposure this repo has fixed before. Migrations are write-only for this lane and this one is a security decision. These six are the Following / Followers / Holders modals, which open FROM that page, so they are unreachable for the same reason one level down.
Social > Sample creator profile > Following - modal 1VH (375) [11474-218523]	partial	src/components/social/FollowersModal.tsx	/:username	★ DOM SIDE BLOCKED BY A DEFECT I MEASURED, not by the dev harness. /:username renders "Profile Not Created - @<handle> hasn't created their social profile yet." for a REAL user with real follower rows. Traced to the source: profileService.getProfileByUsername:434 calls `get_user_public_by_username`, which has EXECUTE granted to `anon` but is NOT SECURITY DEFINER (`prosecdef = false`, probed at the object 2026-08-26), and `anon` holds only REFERENCES+TRIGGER on `public.users` - no SELECT. Running it as `anon` raises `42501: permission denied for table users`; :439 does `if (rpcError || !publicData) return null`, and the page turns that null into "this user has no profile". `authenticated` DOES have SELECT, so a signed-in visitor sees the real page and an anonymous one - anybody following a shared profile link - does not. ESCALATED, NOT FIXED: the fix is either SECURITY DEFINER on that function or a grant, and granting `anon` SELECT on `public.users` is exactly the overexposure this repo has fixed before. Migrations are write-only for this lane and this one is a security decision. These six are the Following / Followers / Holders modals, which open FROM that page, so they are unreachable for the same reason one level down.
Social > Sample creator profile > Followers - modal 1VH (375) [11474-218943]	partial	src/components/social/FollowersModal.tsx	/:username	★ DOM SIDE BLOCKED BY A DEFECT I MEASURED, not by the dev harness. /:username renders "Profile Not Created - @<handle> hasn't created their social profile yet." for a REAL user with real follower rows. Traced to the source: profileService.getProfileByUsername:434 calls `get_user_public_by_username`, which has EXECUTE granted to `anon` but is NOT SECURITY DEFINER (`prosecdef = false`, probed at the object 2026-08-26), and `anon` holds only REFERENCES+TRIGGER on `public.users` - no SELECT. Running it as `anon` raises `42501: permission denied for table users`; :439 does `if (rpcError || !publicData) return null`, and the page turns that null into "this user has no profile". `authenticated` DOES have SELECT, so a signed-in visitor sees the real page and an anonymous one - anybody following a shared profile link - does not. ESCALATED, NOT FIXED: the fix is either SECURITY DEFINER on that function or a grant, and granting `anon` SELECT on `public.users` is exactly the overexposure this repo has fixed before. Migrations are write-only for this lane and this one is a security decision. These six are the Following / Followers / Holders modals, which open FROM that page, so they are unreachable for the same reason one level down.
Social > Sample creator profile > Holders - modal 1VH (375) [11474-219363]	partial	src/components/social/HoldersModal.tsx	/:username	★ DOM SIDE BLOCKED BY A DEFECT I MEASURED, not by the dev harness. /:username renders "Profile Not Created - @<handle> hasn't created their social profile yet." for a REAL user with real follower rows. Traced to the source: profileService.getProfileByUsername:434 calls `get_user_public_by_username`, which has EXECUTE granted to `anon` but is NOT SECURITY DEFINER (`prosecdef = false`, probed at the object 2026-08-26), and `anon` holds only REFERENCES+TRIGGER on `public.users` - no SELECT. Running it as `anon` raises `42501: permission denied for table users`; :439 does `if (rpcError || !publicData) return null`, and the page turns that null into "this user has no profile". `authenticated` DOES have SELECT, so a signed-in visitor sees the real page and an anonymous one - anybody following a shared profile link - does not. ESCALATED, NOT FIXED: the fix is either SECURITY DEFINER on that function or a grant, and granting `anon` SELECT on `public.users` is exactly the overexposure this repo has fixed before. Migrations are write-only for this lane and this one is a security decision. These six are the Following / Followers / Holders modals, which open FROM that page, so they are unreachable for the same reason one level down.
Social > Sample creator profile > Groups (768) [11474-220336]	partial	src/pages/account/UserProfile.tsx	/:username	★ DOM SIDE BLOCKED BY A DEFECT I MEASURED, not by the dev harness. /:username renders "Profile Not Created - @<handle> hasn't created their social profile yet." for a REAL user with real follower rows. Traced to the source: profileService.getProfileByUsername:434 calls `get_user_public_by_username`, which has EXECUTE granted to `anon` but is NOT SECURITY DEFINER (`prosecdef = false`, probed at the object 2026-08-26), and `anon` holds only REFERENCES+TRIGGER on `public.users` - no SELECT. Running it as `anon` raises `42501: permission denied for table users`; :439 does `if (rpcError || !publicData) return null`, and the page turns that null into "this user has no profile". `authenticated` DOES have SELECT, so a signed-in visitor sees the real page and an anonymous one - anybody following a shared profile link - does not. ESCALATED, NOT FIXED: the fix is either SECURITY DEFINER on that function or a grant, and granting `anon` SELECT on `public.users` is exactly the overexposure this repo has fixed before. Migrations are write-only for this lane and this one is a security decision. Frame boxes: 768x1643 / 375x1633 (Creator overview) and 768x1247 / 375x1258 (Groups tab).
Social > Sample creator profile > Groups (375) [11474-220999]	partial	src/pages/account/UserProfile.tsx	/:username	★ DOM SIDE BLOCKED BY A DEFECT I MEASURED, not by the dev harness. /:username renders "Profile Not Created - @<handle> hasn't created their social profile yet." for a REAL user with real follower rows. Traced to the source: profileService.getProfileByUsername:434 calls `get_user_public_by_username`, which has EXECUTE granted to `anon` but is NOT SECURITY DEFINER (`prosecdef = false`, probed at the object 2026-08-26), and `anon` holds only REFERENCES+TRIGGER on `public.users` - no SELECT. Running it as `anon` raises `42501: permission denied for table users`; :439 does `if (rpcError || !publicData) return null`, and the page turns that null into "this user has no profile". `authenticated` DOES have SELECT, so a signed-in visitor sees the real page and an anonymous one - anybody following a shared profile link - does not. ESCALATED, NOT FIXED: the fix is either SECURITY DEFINER on that function or a grant, and granting `anon` SELECT on `public.users` is exactly the overexposure this repo has fixed before. Migrations are write-only for this lane and this one is a security decision. Frame boxes: 768x1643 / 375x1633 (Creator overview) and 768x1247 / 375x1258 (Groups tab).
Social - with "tweets" > comment thread 1VH (375) [11474-224476]	blocked-on-backend	src/components/social/feed/FeedCommentsDialog.tsx	/social	MISSING RELATION, named: no comments table exists in `public` (enumerated 2026-08-26; `bug_comments` is the bug tracker's). There is also no post to hang a thread on. FRAME read for whenever the relation lands: `modal` 448x602 at 768 and 354x568 at 375, r16 #122524, header "Comments" Manrope Regular 18/22, comment rows Manrope Bold 12/16 handle + Mulish Regular 12/14 timestamp + Manrope Regular 12 body, with a "2 replies" affordance.
Social - with "tweets" > comment thread 1VH (768) [11474-224727]	blocked-on-backend	src/components/social/feed/FeedCommentsDialog.tsx	/social	MISSING RELATION, named: no comments table exists in `public` (enumerated 2026-08-26; `bug_comments` is the bug tracker's). There is also no post to hang a thread on. FRAME read for whenever the relation lands: `modal` 448x602 at 768 and 354x568 at 375, r16 #122524, header "Comments" Manrope Regular 18/22, comment rows Manrope Bold 12/16 handle + Mulish Regular 12/14 timestamp + Manrope Regular 12 body, with a "2 replies" affordance.
Social - with "tweets" (375) [11474-226906]	blocked-on-backend	src/components/social/feed/PostCard.tsx	/social	MISSING RELATION, named: there is no post entity in the database. Enumerated `information_schema.tables` for public on 2026-08-26 - nothing matching post/comment/story exists (the only comment-shaped table is `bug_comments`, which belongs to the bug tracker). /social renders and its chrome is measurable - H1 "Discover" Cormorant Garamond 500 30/36 at 768, the Create-new CTA 125x44 #2CEDAC - but the body is "Nothing posted yet / Be the first - posts you create show up here.", so a populated feed (11442-163273 is 768x4387, 11474-227157 is 768x3615) has no source. ★ The CTA fill is a second, separate finding: the frame draws #56C7F3 and the DOM paints #2CEDAC. ★ DIAGNOSIS CORRECTED 2026-08-31 - the DOM measurement stands, the cause does not. This was attributed to "the known sky-blue-token-resolves-green problem, not a choice made here", and there is no such problem: design-tokens.ts:70 holds skyBlue: "#56C7F3" with a DO-NOT-REVERT at :53-63, and the preset maps "sky-blue" -> accentColors.skyBlue at :244, so `sky-blue` resolves #56C7F3, i.e. the frame's own blue, so `sky-blue` cannot be the source of a green CTA. The #2CEDAC must come from a separate green class (alien-green :49 / skai-green :248, both #2DEDAD); WHICH one is UNMEASURED and was not traced this pass. Treat as an open, in-scope colour defect, not a known-and-excused one.
Social - with "tweets" (768) [11474-227157]	blocked-on-backend	src/components/social/feed/PostCard.tsx	/social	MISSING RELATION, named: there is no post entity in the database. Enumerated `information_schema.tables` for public on 2026-08-26 - nothing matching post/comment/story exists (the only comment-shaped table is `bug_comments`, which belongs to the bug tracker). /social renders and its chrome is measurable - H1 "Discover" Cormorant Garamond 500 30/36 at 768, the Create-new CTA 125x44 #2CEDAC - but the body is "Nothing posted yet / Be the first - posts you create show up here.", so a populated feed (11442-163273 is 768x4387, 11474-227157 is 768x3615) has no source. ★ The CTA fill is a second, separate finding: the frame draws #56C7F3 and the DOM paints #2CEDAC. ★ DIAGNOSIS CORRECTED 2026-08-31 - the DOM measurement stands, the cause does not. This was attributed to "the known sky-blue-token-resolves-green problem, not a choice made here", and there is no such problem: design-tokens.ts:70 holds skyBlue: "#56C7F3" with a DO-NOT-REVERT at :53-63, and the preset maps "sky-blue" -> accentColors.skyBlue at :244, so `sky-blue` resolves #56C7F3, i.e. the frame's own blue, so `sky-blue` cannot be the source of a green CTA. The #2CEDAC must come from a separate green class (alien-green :49 / skai-green :248, both #2DEDAD); WHICH one is UNMEASURED and was not traced this pass. Treat as an open, in-scope colour defect, not a known-and-excused one.
Social > Live > Sample stream (768) [11477-236128]	partial	src/components/streaming/IVSPlayer.tsx	/streaming/:streamId	PLAYER SURFACE UNREACHABLE IN ANY SESSION, and the reason is data, not code: `public.live_streams` holds 4 rows and ALL FOUR are `status = ended` (counted 2026-08-26), so every /streaming/:streamId route resolves to StreamEndedState and IVSPlayerComponent never mounts against a live playback URL. Everything AROUND the player does render and was read at both widths (Back to Streams, the meta footer, Subscribe / Tip / Copy Trades at 124x44 / 78x44 / 130x44 r10, Previous streams + Trending streams tabs, the chat rail). The frames' player box itself has no DOM to compare until a stream is live.
Social > Live > Sample stream 1VH (768) [11477-238522]	partial	src/components/streaming/IVSPlayer.tsx	/streaming/:streamId	PLAYER SURFACE UNREACHABLE IN ANY SESSION, and the reason is data, not code: `public.live_streams` holds 4 rows and ALL FOUR are `status = ended` (counted 2026-08-26), so every /streaming/:streamId route resolves to StreamEndedState and IVSPlayerComponent never mounts against a live playback URL. Everything AROUND the player does render and was read at both widths (Back to Streams, the meta footer, Subscribe / Tip / Copy Trades at 124x44 / 78x44 / 130x44 r10, Previous streams + Trending streams tabs, the chat rail). The frames' player box itself has no DOM to compare until a stream is live.
Social > Live > Sample stream 1VH (768) [11477-240087]	partial	src/components/streaming/IVSPlayer.tsx	/streaming/:streamId	PLAYER SURFACE UNREACHABLE IN ANY SESSION, and the reason is data, not code: `public.live_streams` holds 4 rows and ALL FOUR are `status = ended` (counted 2026-08-26), so every /streaming/:streamId route resolves to StreamEndedState and IVSPlayerComponent never mounts against a live playback URL. Everything AROUND the player does render and was read at both widths (Back to Streams, the meta footer, Subscribe / Tip / Copy Trades at 124x44 / 78x44 / 130x44 r10, Previous streams + Trending streams tabs, the chat rail). The frames' player box itself has no DOM to compare until a stream is live.
Social > Live > Sample stream > Share stream 1VH (768) [11477-241691]	partial	src/components/streaming/StreamPanelFooter.tsx	/streaming/:streamId	Same component and same fix as 11477-243256 / 11529-293050 (Share is the fourth CTA in that footer). The SHARE OVERLAY these two frames draw on top was not opened, so its own box is unmeasured - the footer under it is measured. See 11477-243256 for the numbers.
Social > Live > Stream panel - followed (708x474) [11477-243256]	partial	src/components/streaming/StreamPanelFooter.tsx	/streaming/:streamId	MEASURED BOTH SIDES 2026-08-26, and FIXED THIS LANE. FRAME (node data): panel 708x474 r12 #122524 pad16 gap14; footer `Nav of chart` 676x36, ONE row; four CTA/button instances 93x34 / 89x34 / 85x34 / 92x34, each r8 pad 8/16/8/16 gap8, label Manrope Regular 14 lh18. DOM at 768 BEFORE: footer row 718x38, buttons 85x34 / 82x34 / 64x34 / 84x34, label 13/16 weight 500 - i.e. 7-8px NARROWER than every frame width. Cause: `ctaBase` shipped `px-3 text-[13px]` against the frame's 16px padding and 14px Regular label. Changed to `px-4 text-[14px] font-normal leading-4 md:leading-[18px]`; DOM AFTER: 95x34 / 92x34 / 74x34 (label "Follow", not "Followed") / 94x34, 14/18 weight 400. Type ramp now exact; widths land +2/+3 on Figma, which is web-font metric drift, not padding. RESIDUAL, named: the footer spans the full 718 column where the frame insets it to 676 inside a 708 panel; Copy label #E0E0E0 vs #95A09F and its border #1B2132 vs #123F3C (both are the @skai/ui `outline` variant, not this file); Follow forces borderColor #56C7F3 where the frame draws #123F3C with only the LABEL sky blue.
Social > Live > Sample stream 1VH (768, tall) [11477-243654]	partial	src/components/streaming/IVSPlayer.tsx	/streaming/:streamId	PLAYER SURFACE UNREACHABLE IN ANY SESSION, and the reason is data, not code: `public.live_streams` holds 4 rows and ALL FOUR are `status = ended` (counted 2026-08-26), so every /streaming/:streamId route resolves to StreamEndedState and IVSPlayerComponent never mounts against a live playback URL. Everything AROUND the player does render and was read at both widths (Back to Streams, the meta footer, Subscribe / Tip / Copy Trades at 124x44 / 78x44 / 130x44 r10, Previous streams + Trending streams tabs, the chat rail). The frames' player box itself has no DOM to compare until a stream is live.
Social > Live > Go live 1VH (768) [11477-245788]	partial	src/components/streaming/LiveStreamsBrowser.tsx	/streaming	/streaming paints in a dev session - "Live on Skai / Watch traders in action and copy their trades in real-time / Go Live / Most Viewers / Live Now" - so the STREAMING_PUBLIC build-time default in features.ts is not what decides this; the feature_flags row is, and it is on. The Go Live entry is present and is the only reachable startStream caller. The modal it opens was not measured against the frame.
Social > Live > Go live > Terms and conditions - Agree (768) [11477-247744]	partial	src/components/legal/StreamingTermsGate.tsx	/streaming	The gate is mounted and its migration is applied. ⚠️ ESCALATION, re-verified INDEPENDENTLY 2026-08-26 on visible nodes only (ancestor chain walked, every node vis=true): the frame's body says "In addition to the prohibitions outlined below…", then a heading "Prohibited content:", then a second paragraph beginning "Any streams that include the following content are strictly prohibited…" - and NO LIST FOLLOWS, in either the 448x498 or the 354x518 cut, nor in src/pages/help/Terms.tsx. A gate that promises an enumeration and shows none is Casey's copy call, not a lane's. Frame boxes: 448x498 (768) and 354x518 (375).
Social > Live > Go live > setup stream 1VH (768) [11477-247775]	partial	src/components/streaming/IVSBroadcasterV2.tsx	/streaming/:streamId	IVSBroadcasterV2 setup / OBS / starting-stream steps. Mounted, but reaching them needs an IVS channel plus a camera or screen-capture permission that a headless dev browser cannot grant, so no DOM was obtained. Named as an environment limit rather than left as an unqualified `partial`.
Social > Live > Go live > setup stream > OBS 1VH (768) [11477-250868]	partial	src/components/streaming/IVSBroadcasterV2.tsx	/streaming/:streamId	IVSBroadcasterV2 setup / OBS / starting-stream steps. Mounted, but reaching them needs an IVS channel plus a camera or screen-capture permission that a headless dev browser cannot grant, so no DOM was obtained. Named as an environment limit rather than left as an unqualified `partial`.
Social > Live > Go live > starting stream 1VH (768) [11477-252566]	partial	src/components/streaming/IVSBroadcasterV2.tsx	/streaming/:streamId	IVSBroadcasterV2 setup / OBS / starting-stream steps. Mounted, but reaching them needs an IVS channel plus a camera or screen-capture permission that a headless dev browser cannot grant, so no DOM was obtained. Named as an environment limit rather than left as an unqualified `partial`.
Social > Live > Stream states - stream ended (676x392) [11477-254210]	partial	src/components/streaming/StreamEndedState.tsx	/streaming/:streamId	MEASURED BOTH SIDES 2026-08-26 on /streaming/<an ended stream>, and TWO FIXES LANDED. ★ The interesting half is a colour I nearly reported as a defect and was wrong about: the message TEXT node's fill is #FFFFFF, but the node carries `opacity: 0.44`, so over the dark box it composites to the ~#7F8080 the code already shipped - the RAW FILL WOULD HAVE BEEN THE WRONG VALUE TO COPY. Same for the pill fill: `Frame 237` is #FFBD16 @ 0.34 -> #574007, also already correct. The pill LABEL is the one a render got wrong: `NOT LIVE`.fills = #FFBD16 at opacity 1 with every ancestor at opacity 1, so nothing composites it, and the shipped #EAAD15 was PNG antialiasing. FIXED to #FFBD16, and the test's transcribed oracle moved with it (with the provenance written down, because that test's own header called a render an independent oracle). Also read off the node: `Frame 237` is 70x22 = 14 + 42 label + 14, so `px-2` was drawing a 58px pill; FIXED to `px-[14px]`. RESIDUAL, named: container radius DOM 12 vs frame `Row 2` r4; the frame is 676x392 (1.72:1) where the code is `aspect-video` (1.78:1); message leading DOM 20 vs frame 18.05. This frame is the variant with the transport row HIDDEN and the code models that as `showPlayerControls={false}`.
Social > Live > Sample stream 1VH (375) [11481-261891]	partial	src/components/streaming/IVSPlayer.tsx	/streaming/:streamId	PLAYER SURFACE UNREACHABLE IN ANY SESSION, and the reason is data, not code: `public.live_streams` holds 4 rows and ALL FOUR are `status = ended` (counted 2026-08-26), so every /streaming/:streamId route resolves to StreamEndedState and IVSPlayerComponent never mounts against a live playback URL. Everything AROUND the player does render and was read at both widths (Back to Streams, the meta footer, Subscribe / Tip / Copy Trades at 124x44 / 78x44 / 130x44 r10, Previous streams + Trending streams tabs, the chat rail). The frames' player box itself has no DOM to compare until a stream is live.
Social > Live > Sample stream (375, tall) [11481-262931]	partial	src/components/streaming/IVSPlayer.tsx	/streaming/:streamId	PLAYER SURFACE UNREACHABLE IN ANY SESSION, and the reason is data, not code: `public.live_streams` holds 4 rows and ALL FOUR are `status = ended` (counted 2026-08-26), so every /streaming/:streamId route resolves to StreamEndedState and IVSPlayerComponent never mounts against a live playback URL. Everything AROUND the player does render and was read at both widths (Back to Streams, the meta footer, Subscribe / Tip / Copy Trades at 124x44 / 78x44 / 130x44 r10, Previous streams + Trending streams tabs, the chat rail). The frames' player box itself has no DOM to compare until a stream is live.
Social > Live > Sample stream 1VH (375) [11481-264273]	partial	src/components/streaming/IVSPlayer.tsx	/streaming/:streamId	PLAYER SURFACE UNREACHABLE IN ANY SESSION, and the reason is data, not code: `public.live_streams` holds 4 rows and ALL FOUR are `status = ended` (counted 2026-08-26), so every /streaming/:streamId route resolves to StreamEndedState and IVSPlayerComponent never mounts against a live playback URL. Everything AROUND the player does render and was read at both widths (Back to Streams, the meta footer, Subscribe / Tip / Copy Trades at 124x44 / 78x44 / 130x44 r10, Previous streams + Trending streams tabs, the chat rail). The frames' player box itself has no DOM to compare until a stream is live.
Social > Live > Sample stream > Share stream 1VH (375) [11481-265530]	partial	src/components/streaming/StreamPanelFooter.tsx	/streaming/:streamId	Same component and same fix as 11477-243256 / 11529-293050 (Share is the fourth CTA in that footer). The SHARE OVERLAY these two frames draw on top was not opened, so its own box is unmeasured - the footer under it is measured. See 11477-243256 for the numbers.
Social > Live > Sample stream (375) [11481-266994]	partial	src/components/streaming/IVSPlayer.tsx	/streaming/:streamId	PLAYER SURFACE UNREACHABLE IN ANY SESSION, and the reason is data, not code: `public.live_streams` holds 4 rows and ALL FOUR are `status = ended` (counted 2026-08-26), so every /streaming/:streamId route resolves to StreamEndedState and IVSPlayerComponent never mounts against a live playback URL. Everything AROUND the player does render and was read at both widths (Back to Streams, the meta footer, Subscribe / Tip / Copy Trades at 124x44 / 78x44 / 130x44 r10, Previous streams + Trending streams tabs, the chat rail). The frames' player box itself has no DOM to compare until a stream is live.
Social > Live > Go live > Terms and conditions - Agree (375) [11481-269077]	partial	src/components/legal/StreamingTermsGate.tsx	/streaming	The gate is mounted and its migration is applied. ⚠️ ESCALATION, re-verified INDEPENDENTLY 2026-08-26 on visible nodes only (ancestor chain walked, every node vis=true): the frame's body says "In addition to the prohibitions outlined below…", then a heading "Prohibited content:", then a second paragraph beginning "Any streams that include the following content are strictly prohibited…" - and NO LIST FOLLOWS, in either the 448x498 or the 354x518 cut, nor in src/pages/help/Terms.tsx. A gate that promises an enumeration and shows none is Casey's copy call, not a lane's. Frame boxes: 448x498 (768) and 354x518 (375).
Social > Live > Go live 1VH (375) [11481-273266]	partial	src/components/streaming/LiveStreamsBrowser.tsx	/streaming	/streaming paints in a dev session - "Live on Skai / Watch traders in action and copy their trades in real-time / Go Live / Most Viewers / Live Now" - so the STREAMING_PUBLIC build-time default in features.ts is not what decides this; the feature_flags row is, and it is on. The Go Live entry is present and is the only reachable startStream caller. The modal it opens was not measured against the frame.
Social > Live > Go live > setup stream 1VH (375) [11481-274581]	partial	src/components/streaming/IVSBroadcasterV2.tsx	/streaming/:streamId	IVSBroadcasterV2 setup / OBS / starting-stream steps. Mounted, but reaching them needs an IVS channel plus a camera or screen-capture permission that a headless dev browser cannot grant, so no DOM was obtained. Named as an environment limit rather than left as an unqualified `partial`.
Social > Live > Go live > setup stream > OBS 1VH (375) [11481-277023]	partial	src/components/streaming/IVSBroadcasterV2.tsx	/streaming/:streamId	IVSBroadcasterV2 setup / OBS / starting-stream steps. Mounted, but reaching them needs an IVS channel plus a camera or screen-capture permission that a headless dev browser cannot grant, so no DOM was obtained. Named as an environment limit rather than left as an unqualified `partial`.
Social > Live > Go live > starting stream 1VH (375) [11481-278244]	partial	src/components/streaming/IVSBroadcasterV2.tsx	/streaming/:streamId	IVSBroadcasterV2 setup / OBS / starting-stream steps. Mounted, but reaching them needs an IVS channel plus a camera or screen-capture permission that a headless dev browser cannot grant, so no DOM was obtained. Named as an environment limit rather than left as an unqualified `partial`.
Social > Live > Stream states - stream ended (319x200) [11481-279749]	partial	src/components/streaming/StreamEndedState.tsx	/streaming/:streamId	Mobile cut, 319x200 (1.60:1). Same component, same two fixes, same residuals as 11477-254210 - and the differing aspect ratio between the two frames (1.72 vs 1.60) is itself the evidence that `aspect-video` cannot satisfy both, so that residual is a design question rather than a bug. Message lh 18 here.
Social > Groups - search 1VH (375) [11526-288877]	partial	src/pages/social/groups/GroupsSearchTable.tsx	/trading-groups	★ DOM SIDE BLOCKED, with the cause probed at the object rather than guessed. /trading-groups renders only its SIGN_IN_REQUIRED arm ("Connect your wallet to browse groups") and the console carries `42501 permission denied for function list_trading_groups`. That function's ACL is postgres / authenticated / service_role - `anon` has no EXECUTE - and a dev session presents as `anon` to PostgREST. It is NOT an empty product: `public.trading_groups` holds 20 rows. So every verdict on this surface still rests on class strings read in jsdom, which computes no layout. GroupsSearchTable itself never mounts in that arm. Wave 3's frame-side re-read stands (rows collapsed at 375, 34px row head against the table's 52px) and I did not re-open it.
Social > Groups > Members - with requests (375) [11526-289885]	partial	src/components/social/JoinRequestList.tsx	/trading-groups/:groupId	★ DOM SIDE BLOCKED, with the cause probed at the object rather than guessed. /trading-groups renders only its SIGN_IN_REQUIRED arm ("Connect your wallet to browse groups") and the console carries `42501 permission denied for function list_trading_groups`. That function's ACL is postgres / authenticated / service_role - `anon` has no EXECUTE - and a dev session presents as `anon` to PostgREST. It is NOT an empty product: `public.trading_groups` holds 20 rows. So every verdict on this surface still rests on class strings read in jsdom, which computes no layout. ADDITIONALLY, and separately from the route block: `public.trading_group_join_requests` holds ZERO rows, so the "with requests" state these two frames draw (Accept/Reject rows above the member rows) has no data even once the route opens. Frame boxes 708x506 and 343x670.
Social > Groups > Created (375) [11526-290070]	partial	src/pages/social/groups/GroupsSearchTable.tsx	/trading-groups	★ DOM SIDE BLOCKED, with the cause probed at the object rather than guessed. /trading-groups renders only its SIGN_IN_REQUIRED arm ("Connect your wallet to browse groups") and the console carries `42501 permission denied for function list_trading_groups`. That function's ACL is postgres / authenticated / service_role - `anon` has no EXECUTE - and a dev session presents as `anon` to PostgREST. It is NOT an empty product: `public.trading_groups` holds 20 rows. So every verdict on this surface still rests on class strings read in jsdom, which computes no layout. GroupsSearchTable itself never mounts in that arm. Wave 3's frame-side re-read stands (rows collapsed at 375, 34px row head against the table's 52px) and I did not re-open it.
Social > Groups > Discover 1VH (375) [11526-290354]	partial	src/pages/social/groups/GroupsSearchTable.tsx	/trading-groups	★ DOM SIDE BLOCKED, with the cause probed at the object rather than guessed. /trading-groups renders only its SIGN_IN_REQUIRED arm ("Connect your wallet to browse groups") and the console carries `42501 permission denied for function list_trading_groups`. That function's ACL is postgres / authenticated / service_role - `anon` has no EXECUTE - and a dev session presents as `anon` to PostgREST. It is NOT an empty product: `public.trading_groups` holds 20 rows. So every verdict on this surface still rests on class strings read in jsdom, which computes no layout. GroupsSearchTable itself never mounts in that arm. Wave 3's frame-side re-read stands (rows collapsed at 375, 34px row head against the table's 52px) and I did not re-open it.
Social > Live 1VH (768) [11526-290681]	partial	src/components/streaming/LiveStreamsBrowser.tsx	/streaming	LiveStreamsBrowser renders at both widths. Measured DOM at 768: H1 "Live on Skai" Cormorant Garamond 700 24/32; the grid shows "No live streams right now. Be the first to go live!" because all 4 `live_streams` rows are `ended`. The frames draw a populated browse grid with category rows, so the card grid has nothing to compare against; the page chrome does. Frame boxes 768x1950 / 375x1431 / 375x812 / 768x1024.
Social > Live > Multi-panel - live chat - with rewards (708x436) [11529-292425]	blocked-on-backend	src/components/streaming/StreamRewardsTicker.tsx	/streaming/:streamId	The "with rewards" gift strip is a data state, not a variant - StreamRewardsTicker derives it from the messages already in props. MISSING SOURCE, counted 2026-08-26: `public.stream_donations` = 0 rows, `public.stream_trade_events` = 0 rows, `public.stream_chat` = 0 rows. Every relation that could feed the strip is empty platform-wide, so the state cannot be rendered from real data, and synthesising a gift event to photograph it is the fabricated-count failure this section has already been burned by.
Social > Live > Multi-panel - live chat (708x396) [11529-292610]	partial	src/components/streaming/StreamChat.tsx	/streaming/:streamId	The chat panel mounts and renders its empty arm ("Live chat", "Gift streamer", "No messages yet. Be the first to say hi!"). The frame draws a populated chat, and `public.stream_chat` holds ZERO rows platform-wide, so the populated state cannot be produced from real data at any width. Chrome is measurable; message rows are not. Not blocked-on-backend - the relation EXISTS and is empty, which is a different ask from a missing one.
Social > Live > Multi-panel - live chat > Gift streamer (708x662) [11529-292728]	partial	src/components/streaming/DonationPanel.tsx	/streaming/:streamId	DonationPanel is wired (Streaming.tsx, gated on settings.allow_donations) and the "Gift streamer" trigger renders in the chat header - measured at 98x18, #FFFF16 on rgba(255,255,22,0.15), r8. The sheet itself was not opened, and `public.stream_donations` = 0 rows so a populated tip history has no source.
Social > Live > Multi-panel - live chat (708x404) [11529-292890]	partial	src/components/streaming/StreamChat.tsx	/streaming/:streamId	Hovered-row action bar. Same empty-chat limit as 11529-292610: with zero rows in `public.stream_chat` there is no row to hover. Wave 3's reading that React and Report are correctly ABSENT (no reactions column; `moderation_cases` is the Discord bot's log) is unchanged and I found nothing against it.
dropdown-creators [11529-293029]	partial	src/components/streaming/StreamPanelSwitcher.tsx	/streaming/:streamId	MEASURED BOTH SIDES 2026-08-26. ★ CONTENT GAP, not just geometry. FRAME 220x160 carries FOUR rows (204x28 each, one divider): Chat settings / Stream viewers / Hide chat / Pop out chat. DOM menu (opened by real pointer click on the "Live chat" chevron, `.click()` does not open a Radix menu) is 128x106 with THREE rows 118x32: Live chat / Stream viewers / Pop out chat. So "Chat settings" is not in the menu - it is a separate 24x24 icon button in the chat header - and "Hide chat" has no implementation at all. SHARED-PRIMITIVE GAP, measured 2026-08-26 on the live dev DOM at 768 and on node data: every Social dropdown Figma draws is one spec that @skai/ui's DropdownMenuContent does not implement. FIGMA panel r12 / fill #122524 / stroke #123f3c / padding 8 / VERTICAL gap 8 / rows 28 tall / labels Manrope Regular 12 (lh 16 at 768, 14 at 375). DOM panel r10 / fill #0B1917 / no stroke / padding 4 / gap 0 / rows 32 tall / labels 14-16/20. Identical numbers came back from BOTH CreateNewMenu and StreamPanelSwitcher, which is what makes it the primitive rather than either caller. Wave 3's title correction holds: this is the live-stream chat panel menu, not a creators menu.
Social > Live > Stream panel - followed (343x320) [11529-293050]	partial	src/components/streaming/StreamPanelFooter.tsx	/streaming/:streamId	MEASURED BOTH SIDES 2026-08-26 at 375, and FIXED THIS LANE. FRAME: panel 343x320 r12 #122524 pad12; footer `Nav of chart` 319x82, VERTICAL gap16 - row 1 `Frame 1000003885` 319x34 [identity][Notify 93x32], row 2 `Frame 741` 319x32 [Copy][Followed][Share] at 101x32 each. DOM at 375: footer parent 325x82 and row 2 325x32 - the 82 and the 32 match EXACTLY; buttons 104/104/102 against 101/101/101, the 3px being the 325-vs-319 container, not the button. Notify 95x32 vs 93x32. Label ramp after the fix is Manrope 400 14/16, which is the frame's value. No horizontal overflow (scrollWidth 369 vs clientWidth 375). Same RESIDUAL colour deltas as 11477-243256.
Social > Live > Multi-panel - live chat (343x414) [11529-293126]	partial	src/components/streaming/StreamChat.tsx	/streaming/:streamId	Hovered-row action bar. Same empty-chat limit as 11529-292610: with zero rows in `public.stream_chat` there is no row to hover. Wave 3's reading that React and Report are correctly ABSENT (no reactions column; `moderation_cases` is the Discord bot's log) is unchanged and I found nothing against it.
dropdown-creators [11529-293244]	partial	src/components/streaming/StreamPanelSwitcher.tsx	/streaming/:streamId	The 375 redraw, 200x160, same four rows. Same measured content gap and same shared-primitive gap as 11529-293029 - the DOM menu is content-sized and came back 128x106 at both widths, so the 200-vs-128 shortfall is worse here than at 768.
Social > Live > Multi-panel - live chat (343x406) [11529-293265]	partial	src/components/streaming/StreamChat.tsx	/streaming/:streamId	The chat panel mounts and renders its empty arm ("Live chat", "Gift streamer", "No messages yet. Be the first to say hi!"). The frame draws a populated chat, and `public.stream_chat` holds ZERO rows platform-wide, so the populated state cannot be produced from real data at any width. Chrome is measurable; message rows are not. Not blocked-on-backend - the relation EXISTS and is empty, which is a different ask from a missing one.
Social > Live > Multi-panel - live chat - with rewards (343x446) [11529-293404]	blocked-on-backend	src/components/streaming/StreamRewardsTicker.tsx	/streaming/:streamId	The "with rewards" gift strip is a data state, not a variant - StreamRewardsTicker derives it from the messages already in props. MISSING SOURCE, counted 2026-08-26: `public.stream_donations` = 0 rows, `public.stream_trade_events` = 0 rows, `public.stream_chat` = 0 rows. Every relation that could feed the strip is empty platform-wide, so the state cannot be rendered from real data, and synthesising a gift event to photograph it is the fabricated-count failure this section has already been burned by.
Social > Live > Multi-panel - live chat > Gift streamer (343x644) [11529-293522]	partial	src/components/streaming/DonationPanel.tsx	/streaming/:streamId	DonationPanel is wired (Streaming.tsx, gated on settings.allow_donations) and the "Gift streamer" trigger renders in the chat header - measured at 98x18, #FFFF16 on rgba(255,255,22,0.15), r8. The sheet itself was not opened, and `public.stream_donations` = 0 rows so a populated tip history has no source.
Social > Live > Sample stream > Chat settings 1VH (768) [11529-293878]	partial	src/components/streaming/StreamChatSettingsPanel.tsx	/streaming/:streamId	MEASURED BOTH SIDES 2026-08-26. FRAME child `Right menu` is 442x1008 inside the 768x1024 frame. DOM: the "Adjust chat settings" control opens a role=dialog side sheet measuring 442x1024 - ★ the 442 MATCHES EXACTLY, and the 16px difference in height is the frame's top inset. Sheet fill DOM rgb(18,38,37) #122625 vs the frame family's #122524 - one unit on G and B, which is close enough to be a rounding difference in the token rather than a different colour, and I did not chase it. Contents render (Chat filters On/Off, Text size Small/Medium/Large, Pause chat, Scroll only, Screen reader auto announce, Reset to default, Save settings). NOT `done`: the sheet's internal rows were not compared row by row against the frame.
Social > Live > Sample stream > Chat settings 1VH (375) [11529-297447]	partial	src/components/streaming/StreamChatSettingsPanel.tsx	/streaming/:streamId	The 375 redraw; frame child `Right menu` is 359x796. The DOM sheet was opened and measured at 768 only - I did not re-open it at 375, so this row carries the 768 evidence and an unmeasured mobile half. Named so nobody reads it as measured.
Social > Live > Sample stream > Stream viewers (768) [11529-298704]	partial	src/components/streaming/StreamViewersPanel.tsx	/streaming/:streamId	Reachable and rendering: the rail switches to "Stream viewers" from the switcher menu and prints "0 viewers". PROBED AT THE DATA rather than trusting the glyph: `live_streams.viewer_count` is genuinely 0 for the stream I opened, so the 0 is a fact and not an unknown rendered as zero. `public.stream_viewers` does hold 1 row for that stream but is withheld from `anon` by RLS, so the LIST behind the count cannot be populated in a dev session. Geometry not compared against the frame.
Social > Live > Sample stream > Stream viewers (375) [11529-300393]	partial	src/components/streaming/StreamViewersPanel.tsx	/streaming/:streamId	Reachable and rendering: the rail switches to "Stream viewers" from the switcher menu and prints "0 viewers". PROBED AT THE DATA rather than trusting the glyph: `live_streams.viewer_count` is genuinely 0 for the stream I opened, so the 0 is a fact and not an unknown rendered as zero. `public.stream_viewers` does hold 1 row for that stream but is withheld from `anon` by RLS, so the LIST behind the count cannot be populated in a dev session. Geometry not compared against the frame.
dropdown-post select [11530-302842]	partial	src/components/social/feed/feedMenus.ts	/social	NOT MEASURABLE - NOTHING MOUNTS. Re-swept 2026-08-26 with a detector that passes a control set (DiscoverFeed, StreamPanelFooter, IVSPlayerComponent, PostCard, ComposePostDialog all return exactly 1 real mount): `grep -rnE "<Name([[:space:]/>]|$)" src --include=*.tsx`, tests excluded, then type positions filtered on the CODE ONLY after stripping grep's `path:line:` prefix. Filtering the whole grep line (e.g. on ": *<") deletes every indented JSX hit and reports everything as zero - that is a broken detector, not a finding. `src/components/social/feed/feedMenus.ts` is not a component, so I traced it by IMPORT instead: its only non-test importer is CreatorTokensTab.tsx:58, which is itself inside the unmounted `src/components/social/profile/` island (that island's roots - CreatorProfileShell, CreatorOverviewTab, CreatorGroupsTab, CreatorPostsTab, CreatorTokensTab, CreatorFollowListModal, CreatorHoldersModal - all return 0). FEED_MENU_WIDTH, feedMenuSize and all five build*Menu exports have ZERO consumers anywhere. ★ RE-VERIFIED THE FRAME HALF AND IT PASSES: I re-read every one of these nodes live and the widths match the code tables exactly (post-select/posts/creators 220/200, time 120/120, main 180/160). So the tables are right and nothing renders them. SHARED-PRIMITIVE GAP, measured 2026-08-26 on the live dev DOM at 768 and on node data: every Social dropdown Figma draws is one spec that @skai/ui's DropdownMenuContent does not implement. FIGMA panel r12 / fill #122524 / stroke #123f3c / padding 8 / VERTICAL gap 8 / rows 28 tall / labels Manrope Regular 12 (lh 16 at 768, 14 at 375). DOM panel r10 / fill #0B1917 / no stroke / padding 4 / gap 0 / rows 32 tall / labels 14-16/20. Identical numbers came back from BOTH CreateNewMenu and StreamPanelSwitcher, which is what makes it the primitive rather than either caller. That is the more useful finding: even if these menus were mounted they would inherit the primitive's 10px radius and #0B1917 fill, so wiring them up is necessary and not sufficient.
dropdown-post select [11530-302866]	partial	src/components/social/feed/feedMenus.ts	/social	NOT MEASURABLE - NOTHING MOUNTS. Re-swept 2026-08-26 with a detector that passes a control set (DiscoverFeed, StreamPanelFooter, IVSPlayerComponent, PostCard, ComposePostDialog all return exactly 1 real mount): `grep -rnE "<Name([[:space:]/>]|$)" src --include=*.tsx`, tests excluded, then type positions filtered on the CODE ONLY after stripping grep's `path:line:` prefix. Filtering the whole grep line (e.g. on ": *<") deletes every indented JSX hit and reports everything as zero - that is a broken detector, not a finding. `src/components/social/feed/feedMenus.ts` is not a component, so I traced it by IMPORT instead: its only non-test importer is CreatorTokensTab.tsx:58, which is itself inside the unmounted `src/components/social/profile/` island (that island's roots - CreatorProfileShell, CreatorOverviewTab, CreatorGroupsTab, CreatorPostsTab, CreatorTokensTab, CreatorFollowListModal, CreatorHoldersModal - all return 0). FEED_MENU_WIDTH, feedMenuSize and all five build*Menu exports have ZERO consumers anywhere. ★ RE-VERIFIED THE FRAME HALF AND IT PASSES: I re-read every one of these nodes live and the widths match the code tables exactly (post-select/posts/creators 220/200, time 120/120, main 180/160). So the tables are right and nothing renders them. SHARED-PRIMITIVE GAP, measured 2026-08-26 on the live dev DOM at 768 and on node data: every Social dropdown Figma draws is one spec that @skai/ui's DropdownMenuContent does not implement. FIGMA panel r12 / fill #122524 / stroke #123f3c / padding 8 / VERTICAL gap 8 / rows 28 tall / labels Manrope Regular 12 (lh 16 at 768, 14 at 375). DOM panel r10 / fill #0B1917 / no stroke / padding 4 / gap 0 / rows 32 tall / labels 14-16/20. Identical numbers came back from BOTH CreateNewMenu and StreamPanelSwitcher, which is what makes it the primitive rather than either caller. That is the more useful finding: even if these menus were mounted they would inherit the primitive's 10px radius and #0B1917 fill, so wiring them up is necessary and not sufficient.
dropdown-time [11530-302910]	partial	src/components/social/feed/feedMenus.ts	/social	NOT MEASURABLE - NOTHING MOUNTS. Re-swept 2026-08-26 with a detector that passes a control set (DiscoverFeed, StreamPanelFooter, IVSPlayerComponent, PostCard, ComposePostDialog all return exactly 1 real mount): `grep -rnE "<Name([[:space:]/>]|$)" src --include=*.tsx`, tests excluded, then type positions filtered on the CODE ONLY after stripping grep's `path:line:` prefix. Filtering the whole grep line (e.g. on ": *<") deletes every indented JSX hit and reports everything as zero - that is a broken detector, not a finding. `src/components/social/feed/feedMenus.ts` is not a component, so I traced it by IMPORT instead: its only non-test importer is CreatorTokensTab.tsx:58, which is itself inside the unmounted `src/components/social/profile/` island (that island's roots - CreatorProfileShell, CreatorOverviewTab, CreatorGroupsTab, CreatorPostsTab, CreatorTokensTab, CreatorFollowListModal, CreatorHoldersModal - all return 0). FEED_MENU_WIDTH, feedMenuSize and all five build*Menu exports have ZERO consumers anywhere. ★ RE-VERIFIED THE FRAME HALF AND IT PASSES: I re-read every one of these nodes live and the widths match the code tables exactly (post-select/posts/creators 220/200, time 120/120, main 180/160). So the tables are right and nothing renders them. SHARED-PRIMITIVE GAP, measured 2026-08-26 on the live dev DOM at 768 and on node data: every Social dropdown Figma draws is one spec that @skai/ui's DropdownMenuContent does not implement. FIGMA panel r12 / fill #122524 / stroke #123f3c / padding 8 / VERTICAL gap 8 / rows 28 tall / labels Manrope Regular 12 (lh 16 at 768, 14 at 375). DOM panel r10 / fill #0B1917 / no stroke / padding 4 / gap 0 / rows 32 tall / labels 14-16/20. Identical numbers came back from BOTH CreateNewMenu and StreamPanelSwitcher, which is what makes it the primitive rather than either caller. That is the more useful finding: even if these menus were mounted they would inherit the primitive's 10px radius and #0B1917 fill, so wiring them up is necessary and not sufficient.
dropdown-time [11530-302923]	partial	src/components/social/feed/feedMenus.ts	/social	NOT MEASURABLE - NOTHING MOUNTS. Re-swept 2026-08-26 with a detector that passes a control set (DiscoverFeed, StreamPanelFooter, IVSPlayerComponent, PostCard, ComposePostDialog all return exactly 1 real mount): `grep -rnE "<Name([[:space:]/>]|$)" src --include=*.tsx`, tests excluded, then type positions filtered on the CODE ONLY after stripping grep's `path:line:` prefix. Filtering the whole grep line (e.g. on ": *<") deletes every indented JSX hit and reports everything as zero - that is a broken detector, not a finding. `src/components/social/feed/feedMenus.ts` is not a component, so I traced it by IMPORT instead: its only non-test importer is CreatorTokensTab.tsx:58, which is itself inside the unmounted `src/components/social/profile/` island (that island's roots - CreatorProfileShell, CreatorOverviewTab, CreatorGroupsTab, CreatorPostsTab, CreatorTokensTab, CreatorFollowListModal, CreatorHoldersModal - all return 0). FEED_MENU_WIDTH, feedMenuSize and all five build*Menu exports have ZERO consumers anywhere. ★ RE-VERIFIED THE FRAME HALF AND IT PASSES: I re-read every one of these nodes live and the widths match the code tables exactly (post-select/posts/creators 220/200, time 120/120, main 180/160). So the tables are right and nothing renders them. SHARED-PRIMITIVE GAP, measured 2026-08-26 on the live dev DOM at 768 and on node data: every Social dropdown Figma draws is one spec that @skai/ui's DropdownMenuContent does not implement. FIGMA panel r12 / fill #122524 / stroke #123f3c / padding 8 / VERTICAL gap 8 / rows 28 tall / labels Manrope Regular 12 (lh 16 at 768, 14 at 375). DOM panel r10 / fill #0B1917 / no stroke / padding 4 / gap 0 / rows 32 tall / labels 14-16/20. Identical numbers came back from BOTH CreateNewMenu and StreamPanelSwitcher, which is what makes it the primitive rather than either caller. That is the more useful finding: even if these menus were mounted they would inherit the primitive's 10px radius and #0B1917 fill, so wiring them up is necessary and not sufficient.
dropdown-main [11530-302936]	partial	src/components/social/feed/feedMenus.ts	/social	NOT MEASURABLE - NOTHING MOUNTS. Re-swept 2026-08-26 with a detector that passes a control set (DiscoverFeed, StreamPanelFooter, IVSPlayerComponent, PostCard, ComposePostDialog all return exactly 1 real mount): `grep -rnE "<Name([[:space:]/>]|$)" src --include=*.tsx`, tests excluded, then type positions filtered on the CODE ONLY after stripping grep's `path:line:` prefix. Filtering the whole grep line (e.g. on ": *<") deletes every indented JSX hit and reports everything as zero - that is a broken detector, not a finding. `src/components/social/feed/feedMenus.ts` is not a component, so I traced it by IMPORT instead: its only non-test importer is CreatorTokensTab.tsx:58, which is itself inside the unmounted `src/components/social/profile/` island (that island's roots - CreatorProfileShell, CreatorOverviewTab, CreatorGroupsTab, CreatorPostsTab, CreatorTokensTab, CreatorFollowListModal, CreatorHoldersModal - all return 0). FEED_MENU_WIDTH, feedMenuSize and all five build*Menu exports have ZERO consumers anywhere. ★ RE-VERIFIED THE FRAME HALF AND IT PASSES: I re-read every one of these nodes live and the widths match the code tables exactly (post-select/posts/creators 220/200, time 120/120, main 180/160). So the tables are right and nothing renders them. SHARED-PRIMITIVE GAP, measured 2026-08-26 on the live dev DOM at 768 and on node data: every Social dropdown Figma draws is one spec that @skai/ui's DropdownMenuContent does not implement. FIGMA panel r12 / fill #122524 / stroke #123f3c / padding 8 / VERTICAL gap 8 / rows 28 tall / labels Manrope Regular 12 (lh 16 at 768, 14 at 375). DOM panel r10 / fill #0B1917 / no stroke / padding 4 / gap 0 / rows 32 tall / labels 14-16/20. Identical numbers came back from BOTH CreateNewMenu and StreamPanelSwitcher, which is what makes it the primitive rather than either caller. That is the more useful finding: even if these menus were mounted they would inherit the primitive's 10px radius and #0B1917 fill, so wiring them up is necessary and not sufficient.
dropdown-main [11530-302943]	partial	src/components/social/feed/feedMenus.ts	/social	NOT MEASURABLE - NOTHING MOUNTS. Re-swept 2026-08-26 with a detector that passes a control set (DiscoverFeed, StreamPanelFooter, IVSPlayerComponent, PostCard, ComposePostDialog all return exactly 1 real mount): `grep -rnE "<Name([[:space:]/>]|$)" src --include=*.tsx`, tests excluded, then type positions filtered on the CODE ONLY after stripping grep's `path:line:` prefix. Filtering the whole grep line (e.g. on ": *<") deletes every indented JSX hit and reports everything as zero - that is a broken detector, not a finding. `src/components/social/feed/feedMenus.ts` is not a component, so I traced it by IMPORT instead: its only non-test importer is CreatorTokensTab.tsx:58, which is itself inside the unmounted `src/components/social/profile/` island (that island's roots - CreatorProfileShell, CreatorOverviewTab, CreatorGroupsTab, CreatorPostsTab, CreatorTokensTab, CreatorFollowListModal, CreatorHoldersModal - all return 0). FEED_MENU_WIDTH, feedMenuSize and all five build*Menu exports have ZERO consumers anywhere. ★ RE-VERIFIED THE FRAME HALF AND IT PASSES: I re-read every one of these nodes live and the widths match the code tables exactly (post-select/posts/creators 220/200, time 120/120, main 180/160). So the tables are right and nothing renders them. SHARED-PRIMITIVE GAP, measured 2026-08-26 on the live dev DOM at 768 and on node data: every Social dropdown Figma draws is one spec that @skai/ui's DropdownMenuContent does not implement. FIGMA panel r12 / fill #122524 / stroke #123f3c / padding 8 / VERTICAL gap 8 / rows 28 tall / labels Manrope Regular 12 (lh 16 at 768, 14 at 375). DOM panel r10 / fill #0B1917 / no stroke / padding 4 / gap 0 / rows 32 tall / labels 14-16/20. Identical numbers came back from BOTH CreateNewMenu and StreamPanelSwitcher, which is what makes it the primitive rather than either caller. That is the more useful finding: even if these menus were mounted they would inherit the primitive's 10px radius and #0B1917 fill, so wiring them up is necessary and not sufficient.
Social > CTA/button (125x46) [11530-302951]	furniture	-	-	FURNITURE, carried forward unchanged from wave 3. Parked CTA/button INSTANCE (125x46 / 125x44). Wave 3 identified it BY ARTWORK as the Discover content-type tab pill ("Creators" + chevron), not the feed's Create-new CTA; I did not re-open that identification and it is not load-bearing for any code row.
Social > CTA/button (125x44) [11530-302957]	furniture	-	-	FURNITURE, carried forward unchanged from wave 3. Parked CTA/button INSTANCE (125x46 / 125x44). Wave 3 identified it BY ARTWORK as the Discover content-type tab pill ("Creators" + chevron), not the feed's Create-new CTA; I did not re-open that identification and it is not load-bearing for any code row.
dropdown-creators [11530-303043]	partial	src/components/social/feed/feedMenus.ts	/discover	NOT MEASURABLE - NOTHING MOUNTS. Re-swept 2026-08-26 with a detector that passes a control set (DiscoverFeed, StreamPanelFooter, IVSPlayerComponent, PostCard, ComposePostDialog all return exactly 1 real mount): `grep -rnE "<Name([[:space:]/>]|$)" src --include=*.tsx`, tests excluded, then type positions filtered on the CODE ONLY after stripping grep's `path:line:` prefix. Filtering the whole grep line (e.g. on ": *<") deletes every indented JSX hit and reports everything as zero - that is a broken detector, not a finding. `src/components/social/feed/feedMenus.ts` is not a component, so I traced it by IMPORT instead: its only non-test importer is CreatorTokensTab.tsx:58, which is itself inside the unmounted `src/components/social/profile/` island (that island's roots - CreatorProfileShell, CreatorOverviewTab, CreatorGroupsTab, CreatorPostsTab, CreatorTokensTab, CreatorFollowListModal, CreatorHoldersModal - all return 0). FEED_MENU_WIDTH, feedMenuSize and all five build*Menu exports have ZERO consumers anywhere. ★ RE-VERIFIED THE FRAME HALF AND IT PASSES: I re-read every one of these nodes live and the widths match the code tables exactly (post-select/posts/creators 220/200, time 120/120, main 180/160). So the tables are right and nothing renders them. SHARED-PRIMITIVE GAP, measured 2026-08-26 on the live dev DOM at 768 and on node data: every Social dropdown Figma draws is one spec that @skai/ui's DropdownMenuContent does not implement. FIGMA panel r12 / fill #122524 / stroke #123f3c / padding 8 / VERTICAL gap 8 / rows 28 tall / labels Manrope Regular 12 (lh 16 at 768, 14 at 375). DOM panel r10 / fill #0B1917 / no stroke / padding 4 / gap 0 / rows 32 tall / labels 14-16/20. Identical numbers came back from BOTH CreateNewMenu and StreamPanelSwitcher, which is what makes it the primitive rather than either caller. That is the more useful finding: even if these menus were mounted they would inherit the primitive's 10px radius and #0B1917 fill, so wiring them up is necessary and not sufficient.
dropdown-creators [11530-303066]	partial	src/components/social/feed/feedMenus.ts	/discover	NOT MEASURABLE - NOTHING MOUNTS. Re-swept 2026-08-26 with a detector that passes a control set (DiscoverFeed, StreamPanelFooter, IVSPlayerComponent, PostCard, ComposePostDialog all return exactly 1 real mount): `grep -rnE "<Name([[:space:]/>]|$)" src --include=*.tsx`, tests excluded, then type positions filtered on the CODE ONLY after stripping grep's `path:line:` prefix. Filtering the whole grep line (e.g. on ": *<") deletes every indented JSX hit and reports everything as zero - that is a broken detector, not a finding. `src/components/social/feed/feedMenus.ts` is not a component, so I traced it by IMPORT instead: its only non-test importer is CreatorTokensTab.tsx:58, which is itself inside the unmounted `src/components/social/profile/` island (that island's roots - CreatorProfileShell, CreatorOverviewTab, CreatorGroupsTab, CreatorPostsTab, CreatorTokensTab, CreatorFollowListModal, CreatorHoldersModal - all return 0). FEED_MENU_WIDTH, feedMenuSize and all five build*Menu exports have ZERO consumers anywhere. ★ RE-VERIFIED THE FRAME HALF AND IT PASSES: I re-read every one of these nodes live and the widths match the code tables exactly (post-select/posts/creators 220/200, time 120/120, main 180/160). So the tables are right and nothing renders them. SHARED-PRIMITIVE GAP, measured 2026-08-26 on the live dev DOM at 768 and on node data: every Social dropdown Figma draws is one spec that @skai/ui's DropdownMenuContent does not implement. FIGMA panel r12 / fill #122524 / stroke #123f3c / padding 8 / VERTICAL gap 8 / rows 28 tall / labels Manrope Regular 12 (lh 16 at 768, 14 at 375). DOM panel r10 / fill #0B1917 / no stroke / padding 4 / gap 0 / rows 32 tall / labels 14-16/20. Identical numbers came back from BOTH CreateNewMenu and StreamPanelSwitcher, which is what makes it the primitive rather than either caller. That is the more useful finding: even if these menus were mounted they would inherit the primitive's 10px radius and #0B1917 fill, so wiring them up is necessary and not sufficient.
dropdown-posts [11530-303089]	partial	src/components/social/feed/feedMenus.ts	/social	NOT MEASURABLE - NOTHING MOUNTS. Re-swept 2026-08-26 with a detector that passes a control set (DiscoverFeed, StreamPanelFooter, IVSPlayerComponent, PostCard, ComposePostDialog all return exactly 1 real mount): `grep -rnE "<Name([[:space:]/>]|$)" src --include=*.tsx`, tests excluded, then type positions filtered on the CODE ONLY after stripping grep's `path:line:` prefix. Filtering the whole grep line (e.g. on ": *<") deletes every indented JSX hit and reports everything as zero - that is a broken detector, not a finding. `src/components/social/feed/feedMenus.ts` is not a component, so I traced it by IMPORT instead: its only non-test importer is CreatorTokensTab.tsx:58, which is itself inside the unmounted `src/components/social/profile/` island (that island's roots - CreatorProfileShell, CreatorOverviewTab, CreatorGroupsTab, CreatorPostsTab, CreatorTokensTab, CreatorFollowListModal, CreatorHoldersModal - all return 0). FEED_MENU_WIDTH, feedMenuSize and all five build*Menu exports have ZERO consumers anywhere. ★ RE-VERIFIED THE FRAME HALF AND IT PASSES: I re-read every one of these nodes live and the widths match the code tables exactly (post-select/posts/creators 220/200, time 120/120, main 180/160). So the tables are right and nothing renders them. SHARED-PRIMITIVE GAP, measured 2026-08-26 on the live dev DOM at 768 and on node data: every Social dropdown Figma draws is one spec that @skai/ui's DropdownMenuContent does not implement. FIGMA panel r12 / fill #122524 / stroke #123f3c / padding 8 / VERTICAL gap 8 / rows 28 tall / labels Manrope Regular 12 (lh 16 at 768, 14 at 375). DOM panel r10 / fill #0B1917 / no stroke / padding 4 / gap 0 / rows 32 tall / labels 14-16/20. Identical numbers came back from BOTH CreateNewMenu and StreamPanelSwitcher, which is what makes it the primitive rather than either caller. That is the more useful finding: even if these menus were mounted they would inherit the primitive's 10px radius and #0B1917 fill, so wiring them up is necessary and not sufficient.
dropdown-posts [11530-303116]	partial	src/components/social/feed/feedMenus.ts	/social	NOT MEASURABLE - NOTHING MOUNTS. Re-swept 2026-08-26 with a detector that passes a control set (DiscoverFeed, StreamPanelFooter, IVSPlayerComponent, PostCard, ComposePostDialog all return exactly 1 real mount): `grep -rnE "<Name([[:space:]/>]|$)" src --include=*.tsx`, tests excluded, then type positions filtered on the CODE ONLY after stripping grep's `path:line:` prefix. Filtering the whole grep line (e.g. on ": *<") deletes every indented JSX hit and reports everything as zero - that is a broken detector, not a finding. `src/components/social/feed/feedMenus.ts` is not a component, so I traced it by IMPORT instead: its only non-test importer is CreatorTokensTab.tsx:58, which is itself inside the unmounted `src/components/social/profile/` island (that island's roots - CreatorProfileShell, CreatorOverviewTab, CreatorGroupsTab, CreatorPostsTab, CreatorTokensTab, CreatorFollowListModal, CreatorHoldersModal - all return 0). FEED_MENU_WIDTH, feedMenuSize and all five build*Menu exports have ZERO consumers anywhere. ★ RE-VERIFIED THE FRAME HALF AND IT PASSES: I re-read every one of these nodes live and the widths match the code tables exactly (post-select/posts/creators 220/200, time 120/120, main 180/160). So the tables are right and nothing renders them. SHARED-PRIMITIVE GAP, measured 2026-08-26 on the live dev DOM at 768 and on node data: every Social dropdown Figma draws is one spec that @skai/ui's DropdownMenuContent does not implement. FIGMA panel r12 / fill #122524 / stroke #123f3c / padding 8 / VERTICAL gap 8 / rows 28 tall / labels Manrope Regular 12 (lh 16 at 768, 14 at 375). DOM panel r10 / fill #0B1917 / no stroke / padding 4 / gap 0 / rows 32 tall / labels 14-16/20. Identical numbers came back from BOTH CreateNewMenu and StreamPanelSwitcher, which is what makes it the primitive rather than either caller. That is the more useful finding: even if these menus were mounted they would inherit the primitive's 10px radius and #0B1917 fill, so wiring them up is necessary and not sufficient.
dropdown-tokens [11530-303143]	partial	src/components/social/menus/socialRowMenus.tsx	/discover	NOT MEASURABLE - NOTHING MOUNTS. Re-swept 2026-08-26 with a detector that passes a control set (DiscoverFeed, StreamPanelFooter, IVSPlayerComponent, PostCard, ComposePostDialog all return exactly 1 real mount): `grep -rnE "<Name([[:space:]/>]|$)" src --include=*.tsx`, tests excluded, then type positions filtered on the CODE ONLY after stripping grep's `path:line:` prefix. Filtering the whole grep line (e.g. on ": *<") deletes every indented JSX hit and reports everything as zero - that is a broken detector, not a finding. `src/components/social/menus/socialRowMenus.tsx` is traced by import for the same reason: its only non-test importers are CreatorFollowListModal.tsx:45 and CreatorTokensTab.tsx:57, both inside the unmounted profile island. SocialMenu (the panel these build) has exactly two JSX mount sites, CreatorTokensTab.tsx:361 and SocialTridotsMenu.tsx:467 - both themselves unmounted, which closes the island. Frame half re-read and it passes: SOCIAL_ROW_MENU_WIDTH 220/200 matches every node. SHARED-PRIMITIVE GAP, measured 2026-08-26 on the live dev DOM at 768 and on node data: every Social dropdown Figma draws is one spec that @skai/ui's DropdownMenuContent does not implement. FIGMA panel r12 / fill #122524 / stroke #123f3c / padding 8 / VERTICAL gap 8 / rows 28 tall / labels Manrope Regular 12 (lh 16 at 768, 14 at 375). DOM panel r10 / fill #0B1917 / no stroke / padding 4 / gap 0 / rows 32 tall / labels 14-16/20. Identical numbers came back from BOTH CreateNewMenu and StreamPanelSwitcher, which is what makes it the primitive rather than either caller.
dropdown-tokens [11530-303164]	partial	src/components/social/menus/socialRowMenus.tsx	/discover	NOT MEASURABLE - NOTHING MOUNTS. Re-swept 2026-08-26 with a detector that passes a control set (DiscoverFeed, StreamPanelFooter, IVSPlayerComponent, PostCard, ComposePostDialog all return exactly 1 real mount): `grep -rnE "<Name([[:space:]/>]|$)" src --include=*.tsx`, tests excluded, then type positions filtered on the CODE ONLY after stripping grep's `path:line:` prefix. Filtering the whole grep line (e.g. on ": *<") deletes every indented JSX hit and reports everything as zero - that is a broken detector, not a finding. `src/components/social/menus/socialRowMenus.tsx` is traced by import for the same reason: its only non-test importers are CreatorFollowListModal.tsx:45 and CreatorTokensTab.tsx:57, both inside the unmounted profile island. SocialMenu (the panel these build) has exactly two JSX mount sites, CreatorTokensTab.tsx:361 and SocialTridotsMenu.tsx:467 - both themselves unmounted, which closes the island. Frame half re-read and it passes: SOCIAL_ROW_MENU_WIDTH 220/200 matches every node. SHARED-PRIMITIVE GAP, measured 2026-08-26 on the live dev DOM at 768 and on node data: every Social dropdown Figma draws is one spec that @skai/ui's DropdownMenuContent does not implement. FIGMA panel r12 / fill #122524 / stroke #123f3c / padding 8 / VERTICAL gap 8 / rows 28 tall / labels Manrope Regular 12 (lh 16 at 768, 14 at 375). DOM panel r10 / fill #0B1917 / no stroke / padding 4 / gap 0 / rows 32 tall / labels 14-16/20. Identical numbers came back from BOTH CreateNewMenu and StreamPanelSwitcher, which is what makes it the primitive rather than either caller.
dropdown-balances [11530-303185]	partial	src/components/social/menus/socialRowMenus.tsx	/:username	NOT MEASURABLE - NOTHING MOUNTS. Re-swept 2026-08-26 with a detector that passes a control set (DiscoverFeed, StreamPanelFooter, IVSPlayerComponent, PostCard, ComposePostDialog all return exactly 1 real mount): `grep -rnE "<Name([[:space:]/>]|$)" src --include=*.tsx`, tests excluded, then type positions filtered on the CODE ONLY after stripping grep's `path:line:` prefix. Filtering the whole grep line (e.g. on ": *<") deletes every indented JSX hit and reports everything as zero - that is a broken detector, not a finding. `src/components/social/menus/socialRowMenus.tsx` is traced by import for the same reason: its only non-test importers are CreatorFollowListModal.tsx:45 and CreatorTokensTab.tsx:57, both inside the unmounted profile island. SocialMenu (the panel these build) has exactly two JSX mount sites, CreatorTokensTab.tsx:361 and SocialTridotsMenu.tsx:467 - both themselves unmounted, which closes the island. Frame half re-read and it passes: SOCIAL_ROW_MENU_WIDTH 220/200 matches every node. SHARED-PRIMITIVE GAP, measured 2026-08-26 on the live dev DOM at 768 and on node data: every Social dropdown Figma draws is one spec that @skai/ui's DropdownMenuContent does not implement. FIGMA panel r12 / fill #122524 / stroke #123f3c / padding 8 / VERTICAL gap 8 / rows 28 tall / labels Manrope Regular 12 (lh 16 at 768, 14 at 375). DOM panel r10 / fill #0B1917 / no stroke / padding 4 / gap 0 / rows 32 tall / labels 14-16/20. Identical numbers came back from BOTH CreateNewMenu and StreamPanelSwitcher, which is what makes it the primitive rather than either caller.
dropdown-tokens [11530-303208]	partial	src/components/social/menus/socialRowMenus.tsx	/:username	NOT MEASURABLE - NOTHING MOUNTS. Re-swept 2026-08-26 with a detector that passes a control set (DiscoverFeed, StreamPanelFooter, IVSPlayerComponent, PostCard, ComposePostDialog all return exactly 1 real mount): `grep -rnE "<Name([[:space:]/>]|$)" src --include=*.tsx`, tests excluded, then type positions filtered on the CODE ONLY after stripping grep's `path:line:` prefix. Filtering the whole grep line (e.g. on ": *<") deletes every indented JSX hit and reports everything as zero - that is a broken detector, not a finding. `src/components/social/menus/socialRowMenus.tsx` is traced by import for the same reason: its only non-test importers are CreatorFollowListModal.tsx:45 and CreatorTokensTab.tsx:57, both inside the unmounted profile island. SocialMenu (the panel these build) has exactly two JSX mount sites, CreatorTokensTab.tsx:361 and SocialTridotsMenu.tsx:467 - both themselves unmounted, which closes the island. Frame half re-read and it passes: SOCIAL_ROW_MENU_WIDTH 220/200 matches every node. SHARED-PRIMITIVE GAP, measured 2026-08-26 on the live dev DOM at 768 and on node data: every Social dropdown Figma draws is one spec that @skai/ui's DropdownMenuContent does not implement. FIGMA panel r12 / fill #122524 / stroke #123f3c / padding 8 / VERTICAL gap 8 / rows 28 tall / labels Manrope Regular 12 (lh 16 at 768, 14 at 375). DOM panel r10 / fill #0B1917 / no stroke / padding 4 / gap 0 / rows 32 tall / labels 14-16/20. Identical numbers came back from BOTH CreateNewMenu and StreamPanelSwitcher, which is what makes it the primitive rather than either caller.
dropdown-balances [11530-303236]	partial	src/components/social/menus/socialRowMenus.tsx	/:username	NOT MEASURABLE - NOTHING MOUNTS. Re-swept 2026-08-26 with a detector that passes a control set (DiscoverFeed, StreamPanelFooter, IVSPlayerComponent, PostCard, ComposePostDialog all return exactly 1 real mount): `grep -rnE "<Name([[:space:]/>]|$)" src --include=*.tsx`, tests excluded, then type positions filtered on the CODE ONLY after stripping grep's `path:line:` prefix. Filtering the whole grep line (e.g. on ": *<") deletes every indented JSX hit and reports everything as zero - that is a broken detector, not a finding. `src/components/social/menus/socialRowMenus.tsx` is traced by import for the same reason: its only non-test importers are CreatorFollowListModal.tsx:45 and CreatorTokensTab.tsx:57, both inside the unmounted profile island. SocialMenu (the panel these build) has exactly two JSX mount sites, CreatorTokensTab.tsx:361 and SocialTridotsMenu.tsx:467 - both themselves unmounted, which closes the island. Frame half re-read and it passes: SOCIAL_ROW_MENU_WIDTH 220/200 matches every node. SHARED-PRIMITIVE GAP, measured 2026-08-26 on the live dev DOM at 768 and on node data: every Social dropdown Figma draws is one spec that @skai/ui's DropdownMenuContent does not implement. FIGMA panel r12 / fill #122524 / stroke #123f3c / padding 8 / VERTICAL gap 8 / rows 28 tall / labels Manrope Regular 12 (lh 16 at 768, 14 at 375). DOM panel r10 / fill #0B1917 / no stroke / padding 4 / gap 0 / rows 32 tall / labels 14-16/20. Identical numbers came back from BOTH CreateNewMenu and StreamPanelSwitcher, which is what makes it the primitive rather than either caller.
dropdown-tokens [11530-303259]	partial	src/components/social/menus/socialRowMenus.tsx	/:username	NOT MEASURABLE - NOTHING MOUNTS. Re-swept 2026-08-26 with a detector that passes a control set (DiscoverFeed, StreamPanelFooter, IVSPlayerComponent, PostCard, ComposePostDialog all return exactly 1 real mount): `grep -rnE "<Name([[:space:]/>]|$)" src --include=*.tsx`, tests excluded, then type positions filtered on the CODE ONLY after stripping grep's `path:line:` prefix. Filtering the whole grep line (e.g. on ": *<") deletes every indented JSX hit and reports everything as zero - that is a broken detector, not a finding. `src/components/social/menus/socialRowMenus.tsx` is traced by import for the same reason: its only non-test importers are CreatorFollowListModal.tsx:45 and CreatorTokensTab.tsx:57, both inside the unmounted profile island. SocialMenu (the panel these build) has exactly two JSX mount sites, CreatorTokensTab.tsx:361 and SocialTridotsMenu.tsx:467 - both themselves unmounted, which closes the island. Frame half re-read and it passes: SOCIAL_ROW_MENU_WIDTH 220/200 matches every node. SHARED-PRIMITIVE GAP, measured 2026-08-26 on the live dev DOM at 768 and on node data: every Social dropdown Figma draws is one spec that @skai/ui's DropdownMenuContent does not implement. FIGMA panel r12 / fill #122524 / stroke #123f3c / padding 8 / VERTICAL gap 8 / rows 28 tall / labels Manrope Regular 12 (lh 16 at 768, 14 at 375). DOM panel r10 / fill #0B1917 / no stroke / padding 4 / gap 0 / rows 32 tall / labels 14-16/20. Identical numbers came back from BOTH CreateNewMenu and StreamPanelSwitcher, which is what makes it the primitive rather than either caller.
dropdown-followers/following [11530-303287]	partial	src/components/social/menus/socialRowMenus.tsx	/:username	NOT MEASURABLE - NOTHING MOUNTS. Re-swept 2026-08-26 with a detector that passes a control set (DiscoverFeed, StreamPanelFooter, IVSPlayerComponent, PostCard, ComposePostDialog all return exactly 1 real mount): `grep -rnE "<Name([[:space:]/>]|$)" src --include=*.tsx`, tests excluded, then type positions filtered on the CODE ONLY after stripping grep's `path:line:` prefix. Filtering the whole grep line (e.g. on ": *<") deletes every indented JSX hit and reports everything as zero - that is a broken detector, not a finding. `src/components/social/menus/socialRowMenus.tsx` is traced by import for the same reason: its only non-test importers are CreatorFollowListModal.tsx:45 and CreatorTokensTab.tsx:57, both inside the unmounted profile island. SocialMenu (the panel these build) has exactly two JSX mount sites, CreatorTokensTab.tsx:361 and SocialTridotsMenu.tsx:467 - both themselves unmounted, which closes the island. Frame half re-read and it passes: SOCIAL_ROW_MENU_WIDTH 220/200 matches every node. SHARED-PRIMITIVE GAP, measured 2026-08-26 on the live dev DOM at 768 and on node data: every Social dropdown Figma draws is one spec that @skai/ui's DropdownMenuContent does not implement. FIGMA panel r12 / fill #122524 / stroke #123f3c / padding 8 / VERTICAL gap 8 / rows 28 tall / labels Manrope Regular 12 (lh 16 at 768, 14 at 375). DOM panel r10 / fill #0B1917 / no stroke / padding 4 / gap 0 / rows 32 tall / labels 14-16/20. Identical numbers came back from BOTH CreateNewMenu and StreamPanelSwitcher, which is what makes it the primitive rather than either caller.
dropdown-followers/following [11530-303293]	partial	src/components/social/menus/socialRowMenus.tsx	/:username	NOT MEASURABLE - NOTHING MOUNTS. Re-swept 2026-08-26 with a detector that passes a control set (DiscoverFeed, StreamPanelFooter, IVSPlayerComponent, PostCard, ComposePostDialog all return exactly 1 real mount): `grep -rnE "<Name([[:space:]/>]|$)" src --include=*.tsx`, tests excluded, then type positions filtered on the CODE ONLY after stripping grep's `path:line:` prefix. Filtering the whole grep line (e.g. on ": *<") deletes every indented JSX hit and reports everything as zero - that is a broken detector, not a finding. `src/components/social/menus/socialRowMenus.tsx` is traced by import for the same reason: its only non-test importers are CreatorFollowListModal.tsx:45 and CreatorTokensTab.tsx:57, both inside the unmounted profile island. SocialMenu (the panel these build) has exactly two JSX mount sites, CreatorTokensTab.tsx:361 and SocialTridotsMenu.tsx:467 - both themselves unmounted, which closes the island. Frame half re-read and it passes: SOCIAL_ROW_MENU_WIDTH 220/200 matches every node. SHARED-PRIMITIVE GAP, measured 2026-08-26 on the live dev DOM at 768 and on node data: every Social dropdown Figma draws is one spec that @skai/ui's DropdownMenuContent does not implement. FIGMA panel r12 / fill #122524 / stroke #123f3c / padding 8 / VERTICAL gap 8 / rows 28 tall / labels Manrope Regular 12 (lh 16 at 768, 14 at 375). DOM panel r10 / fill #0B1917 / no stroke / padding 4 / gap 0 / rows 32 tall / labels 14-16/20. Identical numbers came back from BOTH CreateNewMenu and StreamPanelSwitcher, which is what makes it the primitive rather than either caller.
dropdown - tridots [11530-303299]	partial	src/components/social/SocialTridotsMenu.tsx	/messages	NOT MEASURABLE - NOTHING MOUNTS. Re-swept 2026-08-26 with a detector that passes a control set (DiscoverFeed, StreamPanelFooter, IVSPlayerComponent, PostCard, ComposePostDialog all return exactly 1 real mount): `grep -rnE "<Name([[:space:]/>]|$)" src --include=*.tsx`, tests excluded, then type positions filtered on the CODE ONLY after stripping grep's `path:line:` prefix. Filtering the whole grep line (e.g. on ": *<") deletes every indented JSX hit and reports everything as zero - that is a broken detector, not a finding. `SocialTridotsMenu` returns 0 mount sites with that detector. ★ FRAME DETAIL WORTH KEEPING, read live: 11530-303299 and 11530-303318 are BOTH 160x124 and 11530-303337 and 11530-303366 are BOTH 200x196 - the pairs are byte-identical in geometry, so they are the same menu drawn twice rather than a tablet/mobile pair, and 160 is NOT the 220/200 the row-menu table records. Labels: Create a group / Go live / Open my profile (124-tall pair) and Reply / Forward / Copy text message / Delete for me / Delete for everyone (196-tall pair). The second pair is a MESSAGES menu, and /messages cannot paint at all (below), so it is blocked twice over.
dropdown - tridots [11530-303318]	partial	src/components/social/SocialTridotsMenu.tsx	/messages	NOT MEASURABLE - NOTHING MOUNTS. Re-swept 2026-08-26 with a detector that passes a control set (DiscoverFeed, StreamPanelFooter, IVSPlayerComponent, PostCard, ComposePostDialog all return exactly 1 real mount): `grep -rnE "<Name([[:space:]/>]|$)" src --include=*.tsx`, tests excluded, then type positions filtered on the CODE ONLY after stripping grep's `path:line:` prefix. Filtering the whole grep line (e.g. on ": *<") deletes every indented JSX hit and reports everything as zero - that is a broken detector, not a finding. `SocialTridotsMenu` returns 0 mount sites with that detector. ★ FRAME DETAIL WORTH KEEPING, read live: 11530-303299 and 11530-303318 are BOTH 160x124 and 11530-303337 and 11530-303366 are BOTH 200x196 - the pairs are byte-identical in geometry, so they are the same menu drawn twice rather than a tablet/mobile pair, and 160 is NOT the 220/200 the row-menu table records. Labels: Create a group / Go live / Open my profile (124-tall pair) and Reply / Forward / Copy text message / Delete for me / Delete for everyone (196-tall pair). The second pair is a MESSAGES menu, and /messages cannot paint at all (below), so it is blocked twice over.
dropdown - tridots - reply [11530-303337]	partial	src/components/social/SocialTridotsMenu.tsx	/messages/:conversationId	NOT MEASURABLE - NOTHING MOUNTS. Re-swept 2026-08-26 with a detector that passes a control set (DiscoverFeed, StreamPanelFooter, IVSPlayerComponent, PostCard, ComposePostDialog all return exactly 1 real mount): `grep -rnE "<Name([[:space:]/>]|$)" src --include=*.tsx`, tests excluded, then type positions filtered on the CODE ONLY after stripping grep's `path:line:` prefix. Filtering the whole grep line (e.g. on ": *<") deletes every indented JSX hit and reports everything as zero - that is a broken detector, not a finding. `SocialTridotsMenu` returns 0 mount sites with that detector. ★ FRAME DETAIL WORTH KEEPING, read live: 11530-303299 and 11530-303318 are BOTH 160x124 and 11530-303337 and 11530-303366 are BOTH 200x196 - the pairs are byte-identical in geometry, so they are the same menu drawn twice rather than a tablet/mobile pair, and 160 is NOT the 220/200 the row-menu table records. Labels: Create a group / Go live / Open my profile (124-tall pair) and Reply / Forward / Copy text message / Delete for me / Delete for everyone (196-tall pair). The second pair is a MESSAGES menu, and /messages cannot paint at all (below), so it is blocked twice over.
dropdown - tridots - reply [11530-303366]	partial	src/components/social/SocialTridotsMenu.tsx	/messages/:conversationId	NOT MEASURABLE - NOTHING MOUNTS. Re-swept 2026-08-26 with a detector that passes a control set (DiscoverFeed, StreamPanelFooter, IVSPlayerComponent, PostCard, ComposePostDialog all return exactly 1 real mount): `grep -rnE "<Name([[:space:]/>]|$)" src --include=*.tsx`, tests excluded, then type positions filtered on the CODE ONLY after stripping grep's `path:line:` prefix. Filtering the whole grep line (e.g. on ": *<") deletes every indented JSX hit and reports everything as zero - that is a broken detector, not a finding. `SocialTridotsMenu` returns 0 mount sites with that detector. ★ FRAME DETAIL WORTH KEEPING, read live: 11530-303299 and 11530-303318 are BOTH 160x124 and 11530-303337 and 11530-303366 are BOTH 200x196 - the pairs are byte-identical in geometry, so they are the same menu drawn twice rather than a tablet/mobile pair, and 160 is NOT the 220/200 the row-menu table records. Labels: Create a group / Go live / Open my profile (124-tall pair) and Reply / Forward / Copy text message / Delete for me / Delete for everyone (196-tall pair). The second pair is a MESSAGES menu, and /messages cannot paint at all (below), so it is blocked twice over.
Social > Messages > attachment (375) [11530-303652]	partial	src/components/messages/MessageAttachmentTray.tsx	/messages/:conversationId	★ ROUTE CANNOT PAINT, re-measured independently 2026-08-26 rather than carried forward: /messages renders "Connecting wallet" and stops, so a thread route is unreachable too. The gate is a wallet connect the dev mock cannot complete - not auth, so the admin test-user bypass does not help and neither would a Supabase session. MessageAttachmentTray is mounted (MessageInputArea) and its frame half is readable: 11530-303652 is 375x812 with the composer grown to `Input` 375x134 for the tray, and 11530-303909 - ⚠️ TITLED "(1440 x 900px)" - actually MEASURES 768x1024 with `Input` 768x132. Trust the geometry, not the title; a peer also found the live harvest truncates node names at 20 characters, which is a second reason not to identify these by title.
Social > Messages > Sample Conversation > attachment 1VH [11530-303909]	partial	src/components/messages/MessageAttachmentTray.tsx	/messages/:conversationId	★ ROUTE CANNOT PAINT, re-measured independently 2026-08-26 rather than carried forward: /messages renders "Connecting wallet" and stops, so a thread route is unreachable too. The gate is a wallet connect the dev mock cannot complete - not auth, so the admin test-user bypass does not help and neither would a Supabase session. MessageAttachmentTray is mounted (MessageInputArea) and its frame half is readable: 11530-303652 is 375x812 with the composer grown to `Input` 375x134 for the tray, and 11530-303909 - ⚠️ TITLED "(1440 x 900px)" - actually MEASURES 768x1024 with `Input` 768x132. Trust the geometry, not the title; a peer also found the live harvest truncates node names at 20 characters, which is a second reason not to identify these by title.
Social > Groups - search 1VH (768) [11530-304239]	partial	src/pages/social/groups/GroupsSearchTable.tsx	/trading-groups	★ DOM SIDE BLOCKED, with the cause probed at the object rather than guessed. /trading-groups renders only its SIGN_IN_REQUIRED arm ("Connect your wallet to browse groups") and the console carries `42501 permission denied for function list_trading_groups`. That function's ACL is postgres / authenticated / service_role - `anon` has no EXECUTE - and a dev session presents as `anon` to PostgREST. It is NOT an empty product: `public.trading_groups` holds 20 rows. So every verdict on this surface still rests on class strings read in jsdom, which computes no layout. GroupsSearchTable itself never mounts in that arm. Wave 3's frame-side re-read stands (rows collapsed at 375, 34px row head against the table's 52px) and I did not re-open it.
