# key	status	primaryFile	route	reason	bp
# Lane trade, wave 39, 2026-09-09. Owns src/pages/trade/** and src/components/trade/** only.
# THE FIGMA MCP WAS LIVE: get_metadata on the whole Trade 1 page (3:3) returned a 96,538-node
# tree to depth 19 (420 top-level frames), and every no-row Trade 1 frame below was joined to
# it by node id - width, height, canvas position and children read off the node, never the
# title. Nine frames titled (1440 x 900px) measure 768 or 375 and are recorded at what they
# measure. The two Trade 2 no-row frames were read node by node (13935:69044, 14180:115254).
# get_design_context was used on 9553:132827 (Instant trade), 7890:128681 (row menu),
# 9156:133437 and 9152:89094 (filter popover); the persisted dumps and the index scripts are
# in the session scratchpad (wave39/*.trade.mjs, trade1.index.json).
#
# NO BROWSER WAS USED (the brief forbids it), so no cell in column 6 says done: a bp verdict of
# done means render-verified. Column 2 `done` on five rows means measured parity between the
# node's numbers and the class list, pinned by an oracle; their width cell still reads partial
# until a render pass looks. Widths a frame does not cover are n-a.
#
# WHAT CHANGED IN CODE THIS WAVE (main repo, files this lane owns):
#   PerpConfirmOrderModal.tsx    375 stop 354 wide (w-[calc(100%-21px)]; 9154:121608 puts the modal at x=11)
#   PerpPositionsPanel.tsx       Modify TP/SL modal 375 stop 354; desktop row menu 200x84 r12 14/18
#                                (7890:128681) split from the phone class; filter popover steps 100/120/137
#                                with 12/14, 12/16, 14/18 rows and the 1px stroke the two smaller nodes draw
#   ShareTradeModal.tsx          split moves md: -> lg:, card 448 at md (9153:84499) and 506 at lg, dialog
#                                354 / 448 / fluid (9156:143117 / 9153:83086)
#   Oracles updated with the measurements: PerpPositionsPanel.pager.figma.test.tsx, ShareTradeModal.figma.test.tsx,
#   dialogWidthMonotonic.figma.test.ts (learns a fixed w-[Npx]).
#
# TWO FACTS THAT TRAVEL BEYOND THIS FILE:
#   1. The Trade 1 page holds TWO phone layouts for /spot. Twenty-one boards in the 8626-8941
#      series draw a 346-wide inset column (Frame 1218, 106-tall header, 580 chart, 360x56 bar);
#      the 9490-9803 series and 9770-133659 draw Frame 1341 full-bleed at 375 on itemSpacing 4,
#      which is what MobileTradeShell ships. Rows below name the family each frame is in.
#   2. Thirteen 768 boards draw the positions band 708x271 where 9002-157018 (the board the code
#      was built to) draws 269. Perps already states 271 at 768. Recorded, not chased.
#
# HAND-OFFS (measured here, not edited): sidebar frames -> src/components/layout/LeftSidebar.tsx;
# Trench frames on both pages and the Instant trade sheet -> lane trench (src/components/trench-redesign/**).
# Every # in this file is at column 0. Rows are keyed `<title> [<node-id>]` (form A).
Skai > Trade > Spot 1VH (1440 x 900px) [8558-139280]	partial	src/pages/trade/Spot.tsx	/spot	MEASURED ON THE NODE from the Trade 1 page tree, first verdict. 768x1024 board. TITLE SAYS 1440 AND THE FRAME MEASURES 768 - read the width, not the name. main 708x1005 at (30,76) = Group 1 708x987; Header-tablet 768x52, Bottom-navigation-tablet 768x52; Frame 1217 738x66. The page layer is the one spotTerminalChrome.figma.test.ts already resolves for 9002-157018 (58 + 52 + 584 + 269 + 3x8 = 987) and MobileTradeShell draws it; the bar Frame 1217 730x66 with two 353x50 CTAs was measured and fixed on 9135-85233. ONE NUMBER THIS FAMILY DISAGREES ON: it draws the positions band Frame 444 708x271 where 9002-157018 draws 269 and the code states md:min-h-[269px]; perps already states 271 at 768. A 2px seam between two frames of one page, recorded rather than chased. Frame 446 730x618 where present is the market ticket sheet (measured wave 35 on 9045-168925); Frame 1220 708x640/660/585 is the book, trades and simplified-chart section respectively; Frame 267 708x336 + Frame 346 708x211 on 8931-64499 are Token details / Market details stacked under the band, which the shell serves as an Info TAB and not as a stacked band - a layout gap on this board. Panel internals not measured this pass.	1440=n-a 768=partial 375=n-a @2026-09-09/wave39-trade
Skai > Trade > Spot 1VH (768 x 1024px) [8650-44853]	partial	src/pages/trade/Spot.tsx	/spot	MEASURED ON THE NODE from the Trade 1 page tree, first verdict. 768x1024 board. main 708x989 at (30,76) = Frame 6 708x58, Frame 11 708x52, Frame 1219 708x584, Frame 444 708x271, Tool 8x29; Header-tablet 768x52, Bottom-navigation-tablet 768x52; Frame 1217 730x66. The page layer is the one spotTerminalChrome.figma.test.ts already resolves for 9002-157018 (58 + 52 + 584 + 269 + 3x8 = 987) and MobileTradeShell draws it; the bar Frame 1217 730x66 with two 353x50 CTAs was measured and fixed on 9135-85233. ONE NUMBER THIS FAMILY DISAGREES ON: it draws the positions band Frame 444 708x271 where 9002-157018 draws 269 and the code states md:min-h-[269px]; perps already states 271 at 768. A 2px seam between two frames of one page, recorded rather than chased. Frame 446 730x618 where present is the market ticket sheet (measured wave 35 on 9045-168925); Frame 1220 708x640/660/585 is the book, trades and simplified-chart section respectively; Frame 267 708x336 + Frame 346 708x211 on 8931-64499 are Token details / Market details stacked under the band, which the shell serves as an Info TAB and not as a stacked band - a layout gap on this board. Panel internals not measured this pass.	1440=n-a 768=partial 375=n-a @2026-09-09/wave39-trade
Skai > Trade > Spot 1VH (768 x 1024px) [8822-65362]	partial	src/pages/trade/Spot.tsx	/spot	MEASURED ON THE NODE from the Trade 1 page tree, first verdict. 768x1024 board. main 708x989 at (30,76) = Frame 6 708x58, Frame 11 708x52, Frame 1219 708x584, Frame 444 708x271, Tool 8x29; Header-tablet 768x52, Bottom-navigation-tablet 768x52; Frame 1217 730x66. The page layer is the one spotTerminalChrome.figma.test.ts already resolves for 9002-157018 (58 + 52 + 584 + 269 + 3x8 = 987) and MobileTradeShell draws it; the bar Frame 1217 730x66 with two 353x50 CTAs was measured and fixed on 9135-85233. ONE NUMBER THIS FAMILY DISAGREES ON: it draws the positions band Frame 444 708x271 where 9002-157018 draws 269 and the code states md:min-h-[269px]; perps already states 271 at 768. A 2px seam between two frames of one page, recorded rather than chased. Frame 446 730x618 where present is the market ticket sheet (measured wave 35 on 9045-168925); Frame 1220 708x640/660/585 is the book, trades and simplified-chart section respectively; Frame 267 708x336 + Frame 346 708x211 on 8931-64499 are Token details / Market details stacked under the band, which the shell serves as an Info TAB and not as a stacked band - a layout gap on this board. Panel internals not measured this pass.	1440=n-a 768=partial 375=n-a @2026-09-09/wave39-trade
Skai > Trade > Spot 1VH (768 x 1024px) [8833-71578]	partial	src/pages/trade/Spot.tsx	/spot	MEASURED ON THE NODE from the Trade 1 page tree, first verdict. 768x1024 board. main 708x989 at (30,76) = Frame 6 708x58, Frame 11 708x52, Frame 1219 708x584, Frame 444 708x271, Tool 8x29; Header-tablet 768x52, Bottom-navigation-tablet 768x52; Frame 446 730x618. The page layer is the one spotTerminalChrome.figma.test.ts already resolves for 9002-157018 (58 + 52 + 584 + 269 + 3x8 = 987) and MobileTradeShell draws it; the bar Frame 1217 730x66 with two 353x50 CTAs was measured and fixed on 9135-85233. ONE NUMBER THIS FAMILY DISAGREES ON: it draws the positions band Frame 444 708x271 where 9002-157018 draws 269 and the code states md:min-h-[269px]; perps already states 271 at 768. A 2px seam between two frames of one page, recorded rather than chased. Frame 446 730x618 where present is the market ticket sheet (measured wave 35 on 9045-168925); Frame 1220 708x640/660/585 is the book, trades and simplified-chart section respectively; Frame 267 708x336 + Frame 346 708x211 on 8931-64499 are Token details / Market details stacked under the band, which the shell serves as an Info TAB and not as a stacked band - a layout gap on this board. Panel internals not measured this pass.	1440=n-a 768=partial 375=n-a @2026-09-09/wave39-trade
Skai > Trade > Spot 1VH (768 x 1024px) [8941-77699]	partial	src/pages/trade/Spot.tsx	/spot	MEASURED ON THE NODE from the Trade 1 page tree, first verdict. 768x1024 board. main 708x989 at (30,76) = Frame 6 708x58, Frame 11 708x52, Frame 1219 708x584, Frame 444 708x271, Tool 8x29; Header-tablet 768x52, Bottom-navigation-tablet 768x52; Frame 446 730x618. The page layer is the one spotTerminalChrome.figma.test.ts already resolves for 9002-157018 (58 + 52 + 584 + 269 + 3x8 = 987) and MobileTradeShell draws it; the bar Frame 1217 730x66 with two 353x50 CTAs was measured and fixed on 9135-85233. ONE NUMBER THIS FAMILY DISAGREES ON: it draws the positions band Frame 444 708x271 where 9002-157018 draws 269 and the code states md:min-h-[269px]; perps already states 271 at 768. A 2px seam between two frames of one page, recorded rather than chased. Frame 446 730x618 where present is the market ticket sheet (measured wave 35 on 9045-168925); Frame 1220 708x640/660/585 is the book, trades and simplified-chart section respectively; Frame 267 708x336 + Frame 346 708x211 on 8931-64499 are Token details / Market details stacked under the band, which the shell serves as an Info TAB and not as a stacked band - a layout gap on this board. Panel internals not measured this pass.	1440=n-a 768=partial 375=n-a @2026-09-09/wave39-trade
Skai > Trade > Spot 1VH (768 x 1024px) [8837-63445]	partial	src/pages/trade/Spot.tsx	/spot	MEASURED ON THE NODE from the Trade 1 page tree, first verdict. 768x1210 board. main 708x1045 at (30,76) = Frame 6 708x58, Frame 11 708x52, Frame 1220 708x640, Frame 444 708x271; Header-tablet 768x52, Bottom-navigation-tablet 768x52. The page layer is the one spotTerminalChrome.figma.test.ts already resolves for 9002-157018 (58 + 52 + 584 + 269 + 3x8 = 987) and MobileTradeShell draws it; the bar Frame 1217 730x66 with two 353x50 CTAs was measured and fixed on 9135-85233. ONE NUMBER THIS FAMILY DISAGREES ON: it draws the positions band Frame 444 708x271 where 9002-157018 draws 269 and the code states md:min-h-[269px]; perps already states 271 at 768. A 2px seam between two frames of one page, recorded rather than chased. Frame 446 730x618 where present is the market ticket sheet (measured wave 35 on 9045-168925); Frame 1220 708x640/660/585 is the book, trades and simplified-chart section respectively; Frame 267 708x336 + Frame 346 708x211 on 8931-64499 are Token details / Market details stacked under the band, which the shell serves as an Info TAB and not as a stacked band - a layout gap on this board. Panel internals not measured this pass.	1440=n-a 768=partial 375=n-a @2026-09-09/wave39-trade
Skai > Trade > Spot 1VH (768 x 1024px) [8846-63794]	partial	src/pages/trade/Spot.tsx	/spot	MEASURED ON THE NODE from the Trade 1 page tree, first verdict. 768x1230 board. main 708x1065 at (30,76) = Frame 6 708x58, Frame 11 708x52, Frame 1220 708x660, Frame 444 708x271; Header-tablet 768x52, Bottom-navigation-tablet 768x52. The page layer is the one spotTerminalChrome.figma.test.ts already resolves for 9002-157018 (58 + 52 + 584 + 269 + 3x8 = 987) and MobileTradeShell draws it; the bar Frame 1217 730x66 with two 353x50 CTAs was measured and fixed on 9135-85233. ONE NUMBER THIS FAMILY DISAGREES ON: it draws the positions band Frame 444 708x271 where 9002-157018 draws 269 and the code states md:min-h-[269px]; perps already states 271 at 768. A 2px seam between two frames of one page, recorded rather than chased. Frame 446 730x618 where present is the market ticket sheet (measured wave 35 on 9045-168925); Frame 1220 708x640/660/585 is the book, trades and simplified-chart section respectively; Frame 267 708x336 + Frame 346 708x211 on 8931-64499 are Token details / Market details stacked under the band, which the shell serves as an Info TAB and not as a stacked band - a layout gap on this board. Panel internals not measured this pass.	1440=n-a 768=partial 375=n-a @2026-09-09/wave39-trade
Skai > Trade > Spot 1VH (768 x 1024px) [8859-66157]	partial	src/pages/trade/Spot.tsx	/spot	MEASURED ON THE NODE from the Trade 1 page tree, first verdict. 768x1180 board. main 708x990 at (30,76) = Frame 6 708x58, Frame 11 708x52, Frame 1220 708x585, Frame 444 708x271; Header-tablet 768x52, Bottom-navigation-tablet 768x52. The page layer is the one spotTerminalChrome.figma.test.ts already resolves for 9002-157018 (58 + 52 + 584 + 269 + 3x8 = 987) and MobileTradeShell draws it; the bar Frame 1217 730x66 with two 353x50 CTAs was measured and fixed on 9135-85233. ONE NUMBER THIS FAMILY DISAGREES ON: it draws the positions band Frame 444 708x271 where 9002-157018 draws 269 and the code states md:min-h-[269px]; perps already states 271 at 768. A 2px seam between two frames of one page, recorded rather than chased. Frame 446 730x618 where present is the market ticket sheet (measured wave 35 on 9045-168925); Frame 1220 708x640/660/585 is the book, trades and simplified-chart section respectively; Frame 267 708x336 + Frame 346 708x211 on 8931-64499 are Token details / Market details stacked under the band, which the shell serves as an Info TAB and not as a stacked band - a layout gap on this board. Panel internals not measured this pass.	1440=n-a 768=partial 375=n-a @2026-09-09/wave39-trade
Skai > Trade > Spot 1VH (768 x 1024px) [8833-68646]	partial	src/pages/trade/Spot.tsx	/spot	MEASURED ON THE NODE from the Trade 1 page tree, first verdict. 768x1024 board. main 708x989 at (30,76) = Frame 6 708x58, Frame 11 708x52, Frame 1219 708x584, Frame 444 708x271, Tool 8x29; Header-tablet 768x52, Bottom-navigation-tablet 768x52; Frame 1217 730x66; sidebar - open - agentic support 318x1024. The page layer is the one spotTerminalChrome.figma.test.ts already resolves for 9002-157018 (58 + 52 + 584 + 269 + 3x8 = 987) and MobileTradeShell draws it; the bar Frame 1217 730x66 with two 353x50 CTAs was measured and fixed on 9135-85233. ONE NUMBER THIS FAMILY DISAGREES ON: it draws the positions band Frame 444 708x271 where 9002-157018 draws 269 and the code states md:min-h-[269px]; perps already states 271 at 768. A 2px seam between two frames of one page, recorded rather than chased. Frame 446 730x618 where present is the market ticket sheet (measured wave 35 on 9045-168925); Frame 1220 708x640/660/585 is the book, trades and simplified-chart section respectively; Frame 267 708x336 + Frame 346 708x211 on 8931-64499 are Token details / Market details stacked under the band, which the shell serves as an Info TAB and not as a stacked band - a layout gap on this board. Panel internals not measured this pass.	1440=n-a 768=partial 375=n-a @2026-09-09/wave39-trade
Skai > Trade > Spot 1VH (768 x 1024px) [8828-62762]	partial	src/pages/trade/Spot.tsx	/spot	MEASURED ON THE NODE from the Trade 1 page tree, first verdict. 768x1250 board. main 708x989 at (30,76) = Frame 6 708x58, Frame 11 708x52, Frame 1219 708x584, Frame 444 708x271, Tool 8x29; Header-tablet 768x52, Bottom-navigation-tablet 768x52; Frame 1217 730x66. The page layer is the one spotTerminalChrome.figma.test.ts already resolves for 9002-157018 (58 + 52 + 584 + 269 + 3x8 = 987) and MobileTradeShell draws it; the bar Frame 1217 730x66 with two 353x50 CTAs was measured and fixed on 9135-85233. ONE NUMBER THIS FAMILY DISAGREES ON: it draws the positions band Frame 444 708x271 where 9002-157018 draws 269 and the code states md:min-h-[269px]; perps already states 271 at 768. A 2px seam between two frames of one page, recorded rather than chased. Frame 446 730x618 where present is the market ticket sheet (measured wave 35 on 9045-168925); Frame 1220 708x640/660/585 is the book, trades and simplified-chart section respectively; Frame 267 708x336 + Frame 346 708x211 on 8931-64499 are Token details / Market details stacked under the band, which the shell serves as an Info TAB and not as a stacked band - a layout gap on this board. Panel internals not measured this pass.	1440=n-a 768=partial 375=n-a @2026-09-09/wave39-trade
Skai > Trade > Spot 1VH (768 x 1024px) [8931-64499]	partial	src/pages/trade/Spot.tsx	/spot	MEASURED ON THE NODE from the Trade 1 page tree, first verdict. 768x1810 board. main 708x1552 at (30,76) = Frame 6 708x58, Frame 11 708x52, Frame 1219 708x584, Frame 444 708x271, Frame 267 708x336, Frame 346 708x211, Tool 8x29; Header-tablet 768x52, Bottom-navigation-tablet 768x52; Frame 1217 730x66. The page layer is the one spotTerminalChrome.figma.test.ts already resolves for 9002-157018 (58 + 52 + 584 + 269 + 3x8 = 987) and MobileTradeShell draws it; the bar Frame 1217 730x66 with two 353x50 CTAs was measured and fixed on 9135-85233. ONE NUMBER THIS FAMILY DISAGREES ON: it draws the positions band Frame 444 708x271 where 9002-157018 draws 269 and the code states md:min-h-[269px]; perps already states 271 at 768. A 2px seam between two frames of one page, recorded rather than chased. Frame 446 730x618 where present is the market ticket sheet (measured wave 35 on 9045-168925); Frame 1220 708x640/660/585 is the book, trades and simplified-chart section respectively; Frame 267 708x336 + Frame 346 708x211 on 8931-64499 are Token details / Market details stacked under the band, which the shell serves as an Info TAB and not as a stacked band - a layout gap on this board. Panel internals not measured this pass.	1440=n-a 768=partial 375=n-a @2026-09-09/wave39-trade
Skai > Trade > Spot 1VH (768 x 1024px) [8684-163505]	partial	src/pages/trade/Spot.tsx	/spot	MEASURED ON THE NODE from the Trade 1 page tree, first verdict. 768x1024 board. main 708x989 at (30,76) = Frame 6 708x58, Frame 11 708x52, Frame 1219 708x584, Frame 444 708x271, Tool 8x29; Header-tablet 768x52, Bottom-navigation-tablet 768x52; Frame 1217 730x66. The page layer is the one spotTerminalChrome.figma.test.ts already resolves for 9002-157018 (58 + 52 + 584 + 269 + 3x8 = 987) and MobileTradeShell draws it; the bar Frame 1217 730x66 with two 353x50 CTAs was measured and fixed on 9135-85233. ONE NUMBER THIS FAMILY DISAGREES ON: it draws the positions band Frame 444 708x271 where 9002-157018 draws 269 and the code states md:min-h-[269px]; perps already states 271 at 768. A 2px seam between two frames of one page, recorded rather than chased. Frame 446 730x618 where present is the market ticket sheet (measured wave 35 on 9045-168925); Frame 1220 708x640/660/585 is the book, trades and simplified-chart section respectively; Frame 267 708x336 + Frame 346 708x211 on 8931-64499 are Token details / Market details stacked under the band, which the shell serves as an Info TAB and not as a stacked band - a layout gap on this board. Panel internals not measured this pass.	1440=n-a 768=partial 375=n-a @2026-09-09/wave39-trade
Skai > Trade > Spot 1VH (768 x 1024px) [8687-101463]	partial	src/pages/trade/Spot.tsx	/spot	MEASURED ON THE NODE from the Trade 1 page tree, first verdict. 768x1024 board. main 708x989 at (30,76) = Frame 6 708x58, Frame 11 708x52, Frame 1219 708x584, Frame 444 708x271, Tool 8x29; Header-tablet 768x52, Bottom-navigation-tablet 768x52; Frame 1217 730x66. The page layer is the one spotTerminalChrome.figma.test.ts already resolves for 9002-157018 (58 + 52 + 584 + 269 + 3x8 = 987) and MobileTradeShell draws it; the bar Frame 1217 730x66 with two 353x50 CTAs was measured and fixed on 9135-85233. ONE NUMBER THIS FAMILY DISAGREES ON: it draws the positions band Frame 444 708x271 where 9002-157018 draws 269 and the code states md:min-h-[269px]; perps already states 271 at 768. A 2px seam between two frames of one page, recorded rather than chased. Frame 446 730x618 where present is the market ticket sheet (measured wave 35 on 9045-168925); Frame 1220 708x640/660/585 is the book, trades and simplified-chart section respectively; Frame 267 708x336 + Frame 346 708x211 on 8931-64499 are Token details / Market details stacked under the band, which the shell serves as an Info TAB and not as a stacked band - a layout gap on this board. Panel internals not measured this pass.	1440=n-a 768=partial 375=n-a @2026-09-09/wave39-trade
Skai > Trade > Spot 1VH (768 x 1024px) [8684-167264]	partial	src/pages/trade/Spot.tsx	/spot	MEASURED ON THE NODE from the Trade 1 page tree, first verdict. 768x1140 board. main 708x989 at (30,76) = Frame 6 708x58, Frame 11 708x52, Frame 1219 708x584, Frame 444 708x271, Tool 8x29; Header-tablet 768x52, Bottom-navigation-tablet 768x52. The page layer is the one spotTerminalChrome.figma.test.ts already resolves for 9002-157018 (58 + 52 + 584 + 269 + 3x8 = 987) and MobileTradeShell draws it; the bar Frame 1217 730x66 with two 353x50 CTAs was measured and fixed on 9135-85233. ONE NUMBER THIS FAMILY DISAGREES ON: it draws the positions band Frame 444 708x271 where 9002-157018 draws 269 and the code states md:min-h-[269px]; perps already states 271 at 768. A 2px seam between two frames of one page, recorded rather than chased. Frame 446 730x618 where present is the market ticket sheet (measured wave 35 on 9045-168925); Frame 1220 708x640/660/585 is the book, trades and simplified-chart section respectively; Frame 267 708x336 + Frame 346 708x211 on 8931-64499 are Token details / Market details stacked under the band, which the shell serves as an Info TAB and not as a stacked band - a layout gap on this board. Panel internals not measured this pass.	1440=n-a 768=partial 375=n-a @2026-09-09/wave39-trade
Skai > Trade > Spot 1VH (1440 x 900px) [8570-143200]	partial	src/pages/trade/Spot.tsx	/spot	MEASURED ON THE NODE from the Trade 1 page tree, first verdict. 768x1024 board. TITLE SAYS 1440 AND THE FRAME MEASURES 768 - read the width, not the name. main 708x1005 at (30,76) = Group 1 708x987; Header-tablet 768x52, Bottom-navigation-tablet 768x52; Frame 446 768x490. The page layer is the one spotTerminalChrome.figma.test.ts already resolves for 9002-157018 (58 + 52 + 584 + 269 + 3x8 = 987) and MobileTradeShell draws it; the bar Frame 1217 730x66 with two 353x50 CTAs was measured and fixed on 9135-85233. ONE NUMBER THIS FAMILY DISAGREES ON: it draws the positions band Frame 444 708x271 where 9002-157018 draws 269 and the code states md:min-h-[269px]; perps already states 271 at 768. A 2px seam between two frames of one page, recorded rather than chased. Frame 446 730x618 where present is the market ticket sheet (measured wave 35 on 9045-168925); Frame 1220 708x640/660/585 is the book, trades and simplified-chart section respectively; Frame 267 708x336 + Frame 346 708x211 on 8931-64499 are Token details / Market details stacked under the band, which the shell serves as an Info TAB and not as a stacked band - a layout gap on this board. Panel internals not measured this pass.	1440=n-a 768=partial 375=n-a @2026-09-09/wave39-trade
Skai > Trade > Spot 1VH (1440 x 900px) [8626-61565]	partial	src/pages/trade/Spot.tsx	/spot	MEASURED ON THE NODE from the Trade 1 page tree, first verdict. 768x1024 board. TITLE SAYS 1440 AND THE FRAME MEASURES 768 - read the width, not the name. main 708x1005 at (30,76) = Group 1 708x987; Header-tablet 768x52, Bottom-navigation-tablet 768x52; Frame 446 768x490. The page layer is the one spotTerminalChrome.figma.test.ts already resolves for 9002-157018 (58 + 52 + 584 + 269 + 3x8 = 987) and MobileTradeShell draws it; the bar Frame 1217 730x66 with two 353x50 CTAs was measured and fixed on 9135-85233. ONE NUMBER THIS FAMILY DISAGREES ON: it draws the positions band Frame 444 708x271 where 9002-157018 draws 269 and the code states md:min-h-[269px]; perps already states 271 at 768. A 2px seam between two frames of one page, recorded rather than chased. Frame 446 730x618 where present is the market ticket sheet (measured wave 35 on 9045-168925); Frame 1220 708x640/660/585 is the book, trades and simplified-chart section respectively; Frame 267 708x336 + Frame 346 708x211 on 8931-64499 are Token details / Market details stacked under the band, which the shell serves as an Info TAB and not as a stacked band - a layout gap on this board. Panel internals not measured this pass.	1440=n-a 768=partial 375=n-a @2026-09-09/wave39-trade
Skai > Trade > Spot - modal 1VH (768 x 1024px) [8684-164665]	partial	src/pages/trade/Spot.tsx	/spot	MEASURED ON THE NODE from the Trade 1 page tree, first verdict. 768x1024 board. main 708x989 at (30,76) = Frame 6 708x58, Frame 11 708x52, Frame 1219 708x584, Frame 444 708x271, Tool 8x29; Header-tablet 768x52, Bottom-navigation-tablet 768x52; Frame 446 730x618. The page layer is the one spotTerminalChrome.figma.test.ts already resolves for 9002-157018 (58 + 52 + 584 + 269 + 3x8 = 987) and MobileTradeShell draws it; the bar Frame 1217 730x66 with two 353x50 CTAs was measured and fixed on 9135-85233. ONE NUMBER THIS FAMILY DISAGREES ON: it draws the positions band Frame 444 708x271 where 9002-157018 draws 269 and the code states md:min-h-[269px]; perps already states 271 at 768. A 2px seam between two frames of one page, recorded rather than chased. Frame 446 730x618 where present is the market ticket sheet (measured wave 35 on 9045-168925); Frame 1220 708x640/660/585 is the book, trades and simplified-chart section respectively; Frame 267 708x336 + Frame 346 708x211 on 8931-64499 are Token details / Market details stacked under the band, which the shell serves as an Info TAB and not as a stacked band - a layout gap on this board. Panel internals not measured this pass.	1440=n-a 768=partial 375=n-a @2026-09-09/wave39-trade
Skai > Trade > Spot 1VH (1440 x 900px) [8626-85537]	partial	src/pages/trade/Spot.tsx	/spot	MEASURED ON THE NODE, first verdict. 375x1030 board. TITLE SAYS 1440 AND THE FRAME MEASURES 375 - read the width, not the name. Content column Frame 1216 346x879 = Frame 6 346x94, Frame 11 346x94, Chart view - Area 346x412, Frame 444 346x255; Header-mobile 375x48, Bottom-navigation-mobile 375x54. THIS IS THE EARLIER OF TWO PHONE LAYOUTS ON THE SAME PAGE: the column is 346 wide inside 375 (14.5 a side) with a 106-tall header, where the 9490 to 9803 series and 9770-133659 draw Frame 1341 full-bleed at 375 on itemSpacing 4, which is what MobileTradeShell ships (oracle 110 + 94 + 452 + 257 + 12 = 925). Card group 346x456 where present is the order-book and trades pair; Chart view - Area 346x412 is the area chart; Frame 446 375x556 on the modal frames is the ticket sheet (measured waves 29-35 on 9774-91774 and siblings). DECISION FOR CASEY: which phone layout governs /spot - the inset 346 column here or the full-bleed 375 the later frames draw and the app ships. Not changed. 375x1030 scroll: Frame 1216 346x879 with Chart view - Area 346x412 and Frame 444 346x255 (255, not 257).	1440=n-a 768=n-a 375=partial @2026-09-09/wave39-trade
Skai > Trade > Spot 1VH (375 x 812px) [8833-72738]	partial	src/pages/trade/Spot.tsx	/spot	MEASURED ON THE NODE, first verdict. 375x812 board. Content column Frame 1218 346x1061 = Frame 6 346x106, Frame 11 346x94, Frame 1220 346x580, Frame 444 346x257; Header-mobile 375x48, Bottom-navigation-mobile 375x54; Frame 446 375x554. THIS IS THE EARLIER OF TWO PHONE LAYOUTS ON THE SAME PAGE: the column is 346 wide inside 375 (14.5 a side) with a 106-tall header, where the 9490 to 9803 series and 9770-133659 draw Frame 1341 full-bleed at 375 on itemSpacing 4, which is what MobileTradeShell ships (oracle 110 + 94 + 452 + 257 + 12 = 925). Card group 346x456 where present is the order-book and trades pair; Chart view - Area 346x412 is the area chart; Frame 446 375x556 on the modal frames is the ticket sheet (measured waves 29-35 on 9774-91774 and siblings). DECISION FOR CASEY: which phone layout governs /spot - the inset 346 column here or the full-bleed 375 the later frames draw and the app ships. Not changed.	1440=n-a 768=n-a 375=partial @2026-09-09/wave39-trade
Skai > Trade > Spot 1VH (375 x 812px) [8828-62440]	partial	src/pages/trade/Spot.tsx	/spot	MEASURED ON THE NODE, first verdict. 375x812 board. Content column Frame 1218 346x1061 = Frame 6 346x106, Frame 11 346x94, Frame 1220 346x580, Frame 444 346x257; Header-mobile 375x48, Bottom-navigation-mobile 375x54; bar Frame 1217 360x56 with CTAs 168x40/168x40. THIS IS THE EARLIER OF TWO PHONE LAYOUTS ON THE SAME PAGE: the column is 346 wide inside 375 (14.5 a side) with a 106-tall header, where the 9490 to 9803 series and 9770-133659 draw Frame 1341 full-bleed at 375 on itemSpacing 4, which is what MobileTradeShell ships (oracle 110 + 94 + 452 + 257 + 12 = 925). Card group 346x456 where present is the order-book and trades pair; Chart view - Area 346x412 is the area chart; Frame 446 375x556 on the modal frames is the ticket sheet (measured waves 29-35 on 9774-91774 and siblings). DECISION FOR CASEY: which phone layout governs /spot - the inset 346 column here or the full-bleed 375 the later frames draw and the app ships. Not changed.	1440=n-a 768=n-a 375=partial @2026-09-09/wave39-trade
Skai > Trade > Spot 1VH (375 x 812px) [9490-145643]	partial	src/pages/trade/Spot.tsx	/spot	MEASURED ON THE NODE, first verdict. 375x1276 board. Frame 6 375x224 [Frame 1222 343x36, Frame 1 343x30, Frame 11 343x94]; Frame 1220 375x473 [Frame 299 375x36, TradingView 375x437]; Frame 444 375x257; Header-mobile 375x48, Bottom-navigation-mobile 375x54, bar Frame 1217 360x56 (2x168x40, measured and fixed on 9801-112095). The full-bleed 375 stack on itemSpacing 4 that MobileTradeShell draws and spotTerminalChrome.figma.test.ts resolves (925 = 110 + 94 + 452 + 257 + 12). Panel internals not measured this pass; what this frame adds over 9770-133659 is named in the family note beside it. Header EXPANDED: Frame 6 375x224 = Frame 1222 343x36 + Frame 1 343x30 + Frame 11 343x94 (the AI band folded into the header), and the chart section Frame 1220 375x473 = Frame 299 36 + TradingView 437 - a 437 plot against the shell's 416 floor, +21. Positions Frame 444 375x257.	1440=n-a 768=n-a 375=partial @2026-09-09/wave39-trade
Skai > Trade > Spot 1VH (375 x 812px) [9490-147063]	partial	src/pages/trade/Spot.tsx	/spot	MEASURED ON THE NODE, first verdict. 375x1276 board. Frame 6 375x110 [Frame 1222 343x36, Frame 1 343x30]; Frame 1220 375x473 [Frame 299 375x36, TradingView 375x437]; Frame 444 375x257; Frame 11 375x94 [Ellipse 24 438x439, Frame 1 343x70, Line 1 375x0]; Header-mobile 375x48, Bottom-navigation-mobile 375x54, bar Frame 1217 360x56 (2x168x40, measured and fixed on 9801-112095). The full-bleed 375 stack on itemSpacing 4 that MobileTradeShell draws and spotTerminalChrome.figma.test.ts resolves (925 = 110 + 94 + 452 + 257 + 12). Panel internals not measured this pass; what this frame adds over 9770-133659 is named in the family note beside it. Frame 6 375x110 with Frame 11 375x94 standing separately at y=114; chart Frame 1220 375x473 (36 + 437) - same +21 plot as 9490-145643.	1440=n-a 768=n-a 375=partial @2026-09-09/wave39-trade
Skai > Trade > Spot 1VH (375 x 812px) [9490-148310]	partial	src/pages/trade/Spot.tsx	/spot	MEASURED ON THE NODE, first verdict. 375x1105 board. Frame 6 375x94 [Frame 1222 343x24, Frame 1 343x30]; Frame 1220 375x473 [Frame 299 375x36, TradingView 375x437]; Frame 444 375x384; Frame 11 375x94 [Ellipse 24 438x439, Frame 1 343x70, Line 1 375x0]; Header-mobile 375x48, Bottom-navigation-mobile 375x54, bar Frame 1217 360x56 (2x168x40, measured and fixed on 9801-112095). The full-bleed 375 stack on itemSpacing 4 that MobileTradeShell draws and spotTerminalChrome.figma.test.ts resolves (925 = 110 + 94 + 452 + 257 + 12). Panel internals not measured this pass; what this frame adds over 9770-133659 is named in the family note beside it. Positions band POPULATED: Frame 444 375x384 against the 257 empty state; Frame 6 375x94 collapsed header; chart 36 + 437.	1440=n-a 768=n-a 375=partial @2026-09-09/wave39-trade
Skai > Trade > Spot 1VH (375 x 812px) [9490-149563]	partial	src/pages/trade/Spot.tsx	/spot	MEASURED ON THE NODE, first verdict. 375x1108 board. Frame 1341 375x926; Header-mobile 375x48, Bottom-navigation-mobile 375x54, bar Frame 1217 360x56 (2x168x40, measured and fixed on 9801-112095). The full-bleed 375 stack on itemSpacing 4 that MobileTradeShell draws and spotTerminalChrome.figma.test.ts resolves (925 = 110 + 94 + 452 + 257 + 12). Panel internals not measured this pass; what this frame adds over 9770-133659 is named in the family note beside it. Frame 1341 375x926.	1440=n-a 768=n-a 375=partial @2026-09-09/wave39-trade
Skai > Trade > Spot 1VH (375 x 812px) [9500-151115]	partial	src/pages/trade/Spot.tsx	/spot	MEASURED ON THE NODE, first verdict. 375x1107 board. Frame 1341 375x925; Header-mobile 375x48, Bottom-navigation-mobile 375x54, bar Frame 1217 360x56 (2x168x40, measured and fixed on 9801-112095). The full-bleed 375 stack on itemSpacing 4 that MobileTradeShell draws and spotTerminalChrome.figma.test.ts resolves (925 = 110 + 94 + 452 + 257 + 12). Panel internals not measured this pass; what this frame adds over 9770-133659 is named in the family note beside it. Frame 1341 375x925.	1440=n-a 768=n-a 375=partial @2026-09-09/wave39-trade
Skai > Trade > Spot -  indicator dropdown 1VH (375 x 812px) [9777-106388]	partial	src/pages/trade/Spot.tsx	/spot	MEASURED ON THE NODE, first verdict. 375x812 board. Frame 1341 375x879; Header-mobile 375x48, Bottom-navigation-mobile 375x54, bar Frame 1217 360x56 (2x168x40, measured and fixed on 9801-112095). The full-bleed 375 stack on itemSpacing 4 that MobileTradeShell draws and spotTerminalChrome.figma.test.ts resolves (925 = 110 + 94 + 452 + 257 + 12). Panel internals not measured this pass; what this frame adds over 9770-133659 is named in the family note beside it. Indicator dropdown open over Frame 1341 375x879; the panel itself is 9777-107807 (wave 17: type closed, the 375x440 edge-to-edge box is a Casey call).	1440=n-a 768=n-a 375=partial @2026-09-09/wave39-trade
Skai > Trade > Spot - timeframe dropdown 1VH (375 x 812px) [9777-109337]	partial	src/pages/trade/Spot.tsx	/spot	MEASURED ON THE NODE, first verdict. 375x812 board. Frame 1341 375x879; dropdown-3 375x369; Header-mobile 375x48, Bottom-navigation-mobile 375x54, bar Frame 1217 360x56 (2x168x40, measured and fixed on 9801-112095). The full-bleed 375 stack on itemSpacing 4 that MobileTradeShell draws and spotTerminalChrome.figma.test.ts resolves (925 = 110 + 94 + 452 + 257 + 12). Panel internals not measured this pass; what this frame adds over 9770-133659 is named in the family note beside it. Timeframe dropdown-3 375x369 open: Frame 476 4x141 scrollbar, Frame 477 355x16 heading, items 355x28, a rule, Frame 478 355x16 - the panel measured on 9777-109249 (wave 17: type closed, box is a Casey call). Native CandleChart timeframe menu.	1440=n-a 768=n-a 375=partial @2026-09-09/wave39-trade
Skai > Trade > Spot 1VH (375 x 812px) [9772-78152]	partial	src/pages/trade/Spot.tsx	/spot	MEASURED ON THE NODE, first verdict. 375x812 board. Frame 1341 375x925; Header-mobile 375x48, Bottom-navigation-mobile 375x54, bar Frame 1217 360x56 (2x168x40, measured and fixed on 9801-112095). The full-bleed 375 stack on itemSpacing 4 that MobileTradeShell draws and spotTerminalChrome.figma.test.ts resolves (925 = 110 + 94 + 452 + 257 + 12). Panel internals not measured this pass; what this frame adds over 9770-133659 is named in the family note beside it. Frame 1341 375x925, the plain board.	1440=n-a 768=n-a 375=partial @2026-09-09/wave39-trade
Skai > Trade > Spot 1VH (375 x 812px) [9500-163410]	partial	src/pages/trade/Spot.tsx	/spot	MEASURED ON THE NODE, first verdict. 375x812 board. Frame 1341 375x926; Header-mobile 375x48, Bottom-navigation-mobile 375x54, bar Frame 1217 360x56 (2x168x40, measured and fixed on 9801-112095). The full-bleed 375 stack on itemSpacing 4 that MobileTradeShell draws and spotTerminalChrome.figma.test.ts resolves (925 = 110 + 94 + 452 + 257 + 12). Panel internals not measured this pass; what this frame adds over 9770-133659 is named in the family note beside it. Frame 1341 375x926.	1440=n-a 768=n-a 375=partial @2026-09-09/wave39-trade
Skai > Trade > Spot 1VH (375 x 812px) [9500-164534]	partial	src/pages/trade/Spot.tsx	/spot	MEASURED ON THE NODE, first verdict. 375x812 board. Frame 1341 375x925; Header-mobile 375x48, Bottom-navigation-mobile 375x54, bar Frame 1217 360x56 (2x168x40, measured and fixed on 9801-112095). The full-bleed 375 stack on itemSpacing 4 that MobileTradeShell draws and spotTerminalChrome.figma.test.ts resolves (925 = 110 + 94 + 452 + 257 + 12). Panel internals not measured this pass; what this frame adds over 9770-133659 is named in the family note beside it. Frame 1341 375x925.	1440=n-a 768=n-a 375=partial @2026-09-09/wave39-trade
Skai > Trade > Spot 1VH (375 x 812px) [9500-165924]	partial	src/pages/trade/Spot.tsx	/spot	MEASURED ON THE NODE, first verdict. 375x812 board. Frame 1341 375x782; Header-mobile 375x48, Bottom-navigation-mobile 375x54, bar Frame 1217 360x56 (2x168x40, measured and fixed on 9801-112095). The full-bleed 375 stack on itemSpacing 4 that MobileTradeShell draws and spotTerminalChrome.figma.test.ts resolves (925 = 110 + 94 + 452 + 257 + 12). Panel internals not measured this pass; what this frame adds over 9770-133659 is named in the family note beside it. Frame 1341 375x782 - 143 shorter than 925: the chart section collapsed (PerpMarketHeader-style collapse measured on 9801-123930 removes 92; this removes 143, so it is the chart, not the price).	1440=n-a 768=n-a 375=partial @2026-09-09/wave39-trade
Skai > Trade > Spot 1VH (375 x 812px) [9500-167048]	partial	src/pages/trade/Spot.tsx	/spot	MEASURED ON THE NODE, first verdict. 375x812 board. Frame 1341 375x781; Header-mobile 375x48, Bottom-navigation-mobile 375x54, bar Frame 1217 360x56 (2x168x40, measured and fixed on 9801-112095). The full-bleed 375 stack on itemSpacing 4 that MobileTradeShell draws and spotTerminalChrome.figma.test.ts resolves (925 = 110 + 94 + 452 + 257 + 12). Panel internals not measured this pass; what this frame adds over 9770-133659 is named in the family note beside it. Frame 1341 375x781 - the chart-collapsed twin of 9500-165924.	1440=n-a 768=n-a 375=partial @2026-09-09/wave39-trade
Skai > Trade > Spot 1VH (375 x 812px) [8941-78943]	partial	src/pages/trade/Spot.tsx	/spot	MEASURED ON THE NODE, first verdict. 375x812 board. Content column Frame 1218 346x1061 = Frame 6 346x106, Frame 11 346x94, Frame 1220 346x580, Frame 444 346x257; Header-mobile 375x48, Bottom-navigation-mobile 375x54; Frame 446 375x578. THIS IS THE EARLIER OF TWO PHONE LAYOUTS ON THE SAME PAGE: the column is 346 wide inside 375 (14.5 a side) with a 106-tall header, where the 9490 to 9803 series and 9770-133659 draw Frame 1341 full-bleed at 375 on itemSpacing 4, which is what MobileTradeShell ships (oracle 110 + 94 + 452 + 257 + 12 = 925). Card group 346x456 where present is the order-book and trades pair; Chart view - Area 346x412 is the area chart; Frame 446 375x556 on the modal frames is the ticket sheet (measured waves 29-35 on 9774-91774 and siblings). DECISION FOR CASEY: which phone layout governs /spot - the inset 346 column here or the full-bleed 375 the later frames draw and the app ships. Not changed.	1440=n-a 768=n-a 375=partial @2026-09-09/wave39-trade
Skai > Trade > Spot 1VH ALT (375 x 812px) [8846-64165]	partial	src/pages/trade/Spot.tsx	/spot	MEASURED ON THE NODE, first verdict. 375x1290 board. Content column Frame 1218 346x1137 = Frame 6 346x106, Frame 11 346x94, Frame 1220 346x656, Frame 444 346x257; Header-mobile 375x48, Bottom-navigation-mobile 375x54. THIS IS THE EARLIER OF TWO PHONE LAYOUTS ON THE SAME PAGE: the column is 346 wide inside 375 (14.5 a side) with a 106-tall header, where the 9490 to 9803 series and 9770-133659 draw Frame 1341 full-bleed at 375 on itemSpacing 4, which is what MobileTradeShell ships (oracle 110 + 94 + 452 + 257 + 12 = 925). Card group 346x456 where present is the order-book and trades pair; Chart view - Area 346x412 is the area chart; Frame 446 375x556 on the modal frames is the ticket sheet (measured waves 29-35 on 9774-91774 and siblings). DECISION FOR CASEY: which phone layout governs /spot - the inset 346 column here or the full-bleed 375 the later frames draw and the app ships. Not changed. ALT: chart section Frame 1220 346x656, 76 taller than the 580 the siblings draw.	1440=n-a 768=n-a 375=partial @2026-09-09/wave39-trade
Skai > Trade > Spot 1VH (375 x 812px) [8650-94501]	partial	src/pages/trade/Spot.tsx	/spot	MEASURED ON THE NODE, first verdict. 375x1030 board. Content column Frame 1216 346x891 = Frame 6 346x60, Frame 11 346x94, card group 346x456, Frame 444 346x257; Header-mobile 375x48, Bottom-navigation-mobile 375x54. THIS IS THE EARLIER OF TWO PHONE LAYOUTS ON THE SAME PAGE: the column is 346 wide inside 375 (14.5 a side) with a 106-tall header, where the 9490 to 9803 series and 9770-133659 draw Frame 1341 full-bleed at 375 on itemSpacing 4, which is what MobileTradeShell ships (oracle 110 + 94 + 452 + 257 + 12 = 925). Card group 346x456 where present is the order-book and trades pair; Chart view - Area 346x412 is the area chart; Frame 446 375x556 on the modal frames is the ticket sheet (measured waves 29-35 on 9774-91774 and siblings). DECISION FOR CASEY: which phone layout governs /spot - the inset 346 column here or the full-bleed 375 the later frames draw and the app ships. Not changed.	1440=n-a 768=n-a 375=partial @2026-09-09/wave39-trade
Skai > Trade > Spot 1VH ALT (375 x 812px) [8936-38729]	partial	src/pages/trade/Spot.tsx	/spot	MEASURED ON THE NODE, first verdict. 375x1270 board. Content column Frame 1218 346x1070 = Frame 6 346x106, Frame 11 346x94, Frame 1220 346x589, Frame 444 346x257; Header-mobile 375x48, Bottom-navigation-mobile 375x54. THIS IS THE EARLIER OF TWO PHONE LAYOUTS ON THE SAME PAGE: the column is 346 wide inside 375 (14.5 a side) with a 106-tall header, where the 9490 to 9803 series and 9770-133659 draw Frame 1341 full-bleed at 375 on itemSpacing 4, which is what MobileTradeShell ships (oracle 110 + 94 + 452 + 257 + 12 = 925). Card group 346x456 where present is the order-book and trades pair; Chart view - Area 346x412 is the area chart; Frame 446 375x556 on the modal frames is the ticket sheet (measured waves 29-35 on 9774-91774 and siblings). DECISION FOR CASEY: which phone layout governs /spot - the inset 346 column here or the full-bleed 375 the later frames draw and the app ships. Not changed. ALT: chart section Frame 1220 346x589.	1440=n-a 768=n-a 375=partial @2026-09-09/wave39-trade
Skai > Trade > Spot 1VH (375 x 812px) [8684-166194]	partial	src/pages/trade/Spot.tsx	/spot	MEASURED ON THE NODE, first verdict. 375x1030 board. Content column Frame 1216 346x891 = Frame 6 346x60, Frame 11 346x94, card group 346x456, Frame 444 346x257; Header-mobile 375x48, Bottom-navigation-mobile 375x54. THIS IS THE EARLIER OF TWO PHONE LAYOUTS ON THE SAME PAGE: the column is 346 wide inside 375 (14.5 a side) with a 106-tall header, where the 9490 to 9803 series and 9770-133659 draw Frame 1341 full-bleed at 375 on itemSpacing 4, which is what MobileTradeShell ships (oracle 110 + 94 + 452 + 257 + 12 = 925). Card group 346x456 where present is the order-book and trades pair; Chart view - Area 346x412 is the area chart; Frame 446 375x556 on the modal frames is the ticket sheet (measured waves 29-35 on 9774-91774 and siblings). DECISION FOR CASEY: which phone layout governs /spot - the inset 346 column here or the full-bleed 375 the later frames draw and the app ships. Not changed.	1440=n-a 768=n-a 375=partial @2026-09-09/wave39-trade
Skai > Trade > Spot 1VH (375 x 812px) [8833-69806]	partial	src/pages/trade/Spot.tsx	/spot	MEASURED ON THE NODE, first verdict. 375x812 board. Content column Frame 1218 346x1061 = Frame 6 346x106, Frame 11 346x94, Frame 1220 346x580, Frame 444 346x257; Header-mobile 375x48, Bottom-navigation-mobile 375x54; bar Frame 1217 360x56 with CTAs 168x40/168x40. THIS IS THE EARLIER OF TWO PHONE LAYOUTS ON THE SAME PAGE: the column is 346 wide inside 375 (14.5 a side) with a 106-tall header, where the 9490 to 9803 series and 9770-133659 draw Frame 1341 full-bleed at 375 on itemSpacing 4, which is what MobileTradeShell ships (oracle 110 + 94 + 452 + 257 + 12 = 925). Card group 346x456 where present is the order-book and trades pair; Chart view - Area 346x412 is the area chart; Frame 446 375x556 on the modal frames is the ticket sheet (measured waves 29-35 on 9774-91774 and siblings). DECISION FOR CASEY: which phone layout governs /spot - the inset 346 column here or the full-bleed 375 the later frames draw and the app ships. Not changed.	1440=n-a 768=n-a 375=partial @2026-09-09/wave39-trade
Skai > Trade > Spot 1VH (375 x 812px) [8828-63922]	partial	src/pages/trade/Spot.tsx	/spot	MEASURED ON THE NODE, first verdict. 375x1270 board. Content column Frame 1218 346x1061 = Frame 6 346x106, Frame 11 346x94, Frame 1219 346x580, Frame 444 346x257; Header-mobile 375x48, Bottom-navigation-mobile 375x54; bar Frame 1217 360x56 with CTAs 168x40/168x40. THIS IS THE EARLIER OF TWO PHONE LAYOUTS ON THE SAME PAGE: the column is 346 wide inside 375 (14.5 a side) with a 106-tall header, where the 9490 to 9803 series and 9770-133659 draw Frame 1341 full-bleed at 375 on itemSpacing 4, which is what MobileTradeShell ships (oracle 110 + 94 + 452 + 257 + 12 = 925). Card group 346x456 where present is the order-book and trades pair; Chart view - Area 346x412 is the area chart; Frame 446 375x556 on the modal frames is the ticket sheet (measured waves 29-35 on 9774-91774 and siblings). DECISION FOR CASEY: which phone layout governs /spot - the inset 346 column here or the full-bleed 375 the later frames draw and the app ships. Not changed. 375x1270 scroll; chart section named Frame 1219 346x580.	1440=n-a 768=n-a 375=partial @2026-09-09/wave39-trade
Skai > Trade > Spot 1VH (375 x 812px) [8650-94724]	partial	src/pages/trade/Spot.tsx	/spot	MEASURED ON THE NODE, first verdict. 375x812 board. Content column Frame 1218 346x937 = Frame 6 346x106, Frame 11 346x94, card group 346x456, Frame 444 346x257; Header-mobile 375x48, Bottom-navigation-mobile 375x54; bar Frame 1217 360x56 with CTAs 168x40/168x40. THIS IS THE EARLIER OF TWO PHONE LAYOUTS ON THE SAME PAGE: the column is 346 wide inside 375 (14.5 a side) with a 106-tall header, where the 9490 to 9803 series and 9770-133659 draw Frame 1341 full-bleed at 375 on itemSpacing 4, which is what MobileTradeShell ships (oracle 110 + 94 + 452 + 257 + 12 = 925). Card group 346x456 where present is the order-book and trades pair; Chart view - Area 346x412 is the area chart; Frame 446 375x556 on the modal frames is the ticket sheet (measured waves 29-35 on 9774-91774 and siblings). DECISION FOR CASEY: which phone layout governs /spot - the inset 346 column here or the full-bleed 375 the later frames draw and the app ships. Not changed.	1440=n-a 768=n-a 375=partial @2026-09-09/wave39-trade
Skai > Trade > Spot 1VH (375 x 812px) [8931-65660]	partial	src/pages/trade/Spot.tsx	/spot	MEASURED ON THE NODE, first verdict. 375x1870 board. Content column Frame 1218 346x1656 = Frame 6 346x106, Frame 11 346x94, Frame 1219 346x580, Frame 444 346x257, Frame 267 346x368, Frame 346 346x211; Header-mobile 375x48, Bottom-navigation-mobile 375x54; bar Frame 1217 360x56 with CTAs 168x40/168x40. THIS IS THE EARLIER OF TWO PHONE LAYOUTS ON THE SAME PAGE: the column is 346 wide inside 375 (14.5 a side) with a 106-tall header, where the 9490 to 9803 series and 9770-133659 draw Frame 1341 full-bleed at 375 on itemSpacing 4, which is what MobileTradeShell ships (oracle 110 + 94 + 452 + 257 + 12 = 925). Card group 346x456 where present is the order-book and trades pair; Chart view - Area 346x412 is the area chart; Frame 446 375x556 on the modal frames is the ticket sheet (measured waves 29-35 on 9774-91774 and siblings). DECISION FOR CASEY: which phone layout governs /spot - the inset 346 column here or the full-bleed 375 the later frames draw and the app ships. Not changed. 375x1870 full scroll: Frame 1218 346x1656 adds Frame 267 346x368 (Token details) and Frame 346 346x211 (Market details) under the band - the phone serves those as the Info tab, not stacked.	1440=n-a 768=n-a 375=partial @2026-09-09/wave39-trade
Skai > Trade > Spot 1VH (1440 x 900px) [8626-131650]	partial	src/pages/trade/Spot.tsx	/spot	MEASURED ON THE NODE, first verdict. 375x812 board. TITLE SAYS 1440 AND THE FRAME MEASURES 375 - read the width, not the name. Content column Frame 1216 346x879 = Frame 6 346x94, Frame 11 346x94, Chart view - Area 346x412, Frame 444 346x255; Header-mobile 375x48, Bottom-navigation-mobile 375x54; bar Frame 1217 360x60 with CTAs 168x44/168x44. THIS IS THE EARLIER OF TWO PHONE LAYOUTS ON THE SAME PAGE: the column is 346 wide inside 375 (14.5 a side) with a 106-tall header, where the 9490 to 9803 series and 9770-133659 draw Frame 1341 full-bleed at 375 on itemSpacing 4, which is what MobileTradeShell ships (oracle 110 + 94 + 452 + 257 + 12 = 925). Card group 346x456 where present is the order-book and trades pair; Chart view - Area 346x412 is the area chart; Frame 446 375x556 on the modal frames is the ticket sheet (measured waves 29-35 on 9774-91774 and siblings). DECISION FOR CASEY: which phone layout governs /spot - the inset 346 column here or the full-bleed 375 the later frames draw and the app ships. Not changed. Bar Frame 1217 is 360x60 with 168x44 CTAs here against 360x56 / 168x40 on every other phone frame - an outlier, and the 44 is the touch floor's number. Chart view - Area 346x412.	1440=n-a 768=n-a 375=partial @2026-09-09/wave39-trade
Skai > Trade > Spot - modal 1VH (375 x 812px) [8650-94950]	partial	src/pages/trade/Spot.tsx	/spot	MEASURED ON THE NODE, first verdict. 375x812 board. Content column Frame 1216 346x891 = Frame 6 346x60, Frame 11 346x94, card group 346x456, Frame 444 346x257; Header-mobile 375x48, Bottom-navigation-mobile 375x54; Frame 446 375x556. THIS IS THE EARLIER OF TWO PHONE LAYOUTS ON THE SAME PAGE: the column is 346 wide inside 375 (14.5 a side) with a 106-tall header, where the 9490 to 9803 series and 9770-133659 draw Frame 1341 full-bleed at 375 on itemSpacing 4, which is what MobileTradeShell ships (oracle 110 + 94 + 452 + 257 + 12 = 925). Card group 346x456 where present is the order-book and trades pair; Chart view - Area 346x412 is the area chart; Frame 446 375x556 on the modal frames is the ticket sheet (measured waves 29-35 on 9774-91774 and siblings). DECISION FOR CASEY: which phone layout governs /spot - the inset 346 column here or the full-bleed 375 the later frames draw and the app ships. Not changed.	1440=n-a 768=n-a 375=partial @2026-09-09/wave39-trade
Skai > Trade > Spot 1VH (375 x 812px) [8684-166395]	partial	src/pages/trade/Spot.tsx	/spot	MEASURED ON THE NODE, first verdict. 375x812 board. Content column Frame 1218 346x937 = Frame 6 346x106, Frame 11 346x94, card group 346x456, Frame 444 346x257; Header-mobile 375x48, Bottom-navigation-mobile 375x54; bar Frame 1217 360x56 with CTAs 168x40/168x40. THIS IS THE EARLIER OF TWO PHONE LAYOUTS ON THE SAME PAGE: the column is 346 wide inside 375 (14.5 a side) with a 106-tall header, where the 9490 to 9803 series and 9770-133659 draw Frame 1341 full-bleed at 375 on itemSpacing 4, which is what MobileTradeShell ships (oracle 110 + 94 + 452 + 257 + 12 = 925). Card group 346x456 where present is the order-book and trades pair; Chart view - Area 346x412 is the area chart; Frame 446 375x556 on the modal frames is the ticket sheet (measured waves 29-35 on 9774-91774 and siblings). DECISION FOR CASEY: which phone layout governs /spot - the inset 346 column here or the full-bleed 375 the later frames draw and the app ships. Not changed.	1440=n-a 768=n-a 375=partial @2026-09-09/wave39-trade
Skai > Trade > Spot 1VH (375 x 812px) [8687-102751]	partial	src/pages/trade/Spot.tsx	/spot	MEASURED ON THE NODE, first verdict. 375x812 board. Content column Frame 1218 346x937 = Frame 6 346x106, Frame 11 346x94, card group 346x456, Frame 444 346x257; Header-mobile 375x48, Bottom-navigation-mobile 375x54; bar Frame 1217 360x56 with CTAs 168x40/168x40. THIS IS THE EARLIER OF TWO PHONE LAYOUTS ON THE SAME PAGE: the column is 346 wide inside 375 (14.5 a side) with a 106-tall header, where the 9490 to 9803 series and 9770-133659 draw Frame 1341 full-bleed at 375 on itemSpacing 4, which is what MobileTradeShell ships (oracle 110 + 94 + 452 + 257 + 12 = 925). Card group 346x456 where present is the order-book and trades pair; Chart view - Area 346x412 is the area chart; Frame 446 375x556 on the modal frames is the ticket sheet (measured waves 29-35 on 9774-91774 and siblings). DECISION FOR CASEY: which phone layout governs /spot - the inset 346 column here or the full-bleed 375 the later frames draw and the app ships. Not changed.	1440=n-a 768=n-a 375=partial @2026-09-09/wave39-trade
Skai > Trade > Spot 1VH (1440 x 900px) [8626-130555]	partial	src/pages/trade/Spot.tsx	/spot	MEASURED ON THE NODE, first verdict. 375x812 board. TITLE SAYS 1440 AND THE FRAME MEASURES 375 - read the width, not the name. Content column Frame 1216 346x883 = Frame 6 346x96, Frame 11 346x94, Chart view - Area 346x412, Frame 444 346x257; Header-mobile 375x48, Bottom-navigation-mobile 375x54; Frame 446 375x490. THIS IS THE EARLIER OF TWO PHONE LAYOUTS ON THE SAME PAGE: the column is 346 wide inside 375 (14.5 a side) with a 106-tall header, where the 9490 to 9803 series and 9770-133659 draw Frame 1341 full-bleed at 375 on itemSpacing 4, which is what MobileTradeShell ships (oracle 110 + 94 + 452 + 257 + 12 = 925). Card group 346x456 where present is the order-book and trades pair; Chart view - Area 346x412 is the area chart; Frame 446 375x556 on the modal frames is the ticket sheet (measured waves 29-35 on 9774-91774 and siblings). DECISION FOR CASEY: which phone layout governs /spot - the inset 346 column here or the full-bleed 375 the later frames draw and the app ships. Not changed. Frame 446 375x490 sheet over Chart view - Area 346x412; Frame 444 346x257.	1440=n-a 768=n-a 375=partial @2026-09-09/wave39-trade
Skai > Trade > Spot - modal 1VH (375 x 812px) [8684-166596]	partial	src/pages/trade/Spot.tsx	/spot	MEASURED ON THE NODE, first verdict. 375x812 board. Content column Frame 1216 346x891 = Frame 6 346x60, Frame 11 346x94, card group 346x456, Frame 444 346x257; Header-mobile 375x48, Bottom-navigation-mobile 375x54; Frame 446 375x556. THIS IS THE EARLIER OF TWO PHONE LAYOUTS ON THE SAME PAGE: the column is 346 wide inside 375 (14.5 a side) with a 106-tall header, where the 9490 to 9803 series and 9770-133659 draw Frame 1341 full-bleed at 375 on itemSpacing 4, which is what MobileTradeShell ships (oracle 110 + 94 + 452 + 257 + 12 = 925). Card group 346x456 where present is the order-book and trades pair; Chart view - Area 346x412 is the area chart; Frame 446 375x556 on the modal frames is the ticket sheet (measured waves 29-35 on 9774-91774 and siblings). DECISION FOR CASEY: which phone layout governs /spot - the inset 346 column here or the full-bleed 375 the later frames draw and the app ships. Not changed.	1440=n-a 768=n-a 375=partial @2026-09-09/wave39-trade
Skai > Trade > Spot 1VH (1440 x 900px) [8558-134024]	partial	src/pages/trade/Spot.tsx	/spot	MEASURED ON THE NODE, first verdict. 1440x900 board; main 1382x1429 at (58,56) = Frame 443 764x672, Tool 8x29, Order book 277x674, Frame 444 1366x273, Frame 445 313x672; Header-desktop 1440x56, sidebar 58x844, Frame 7 1382x16. The same page layer as 7710-91527, which spotTerminalChrome.figma.test.ts resolves to the number (inset 8, gutter 6, book 277, ticket 313, chart floor 544, row 672, band 273). Panels inside not re-measured this pass; SPOT_FRAME_FACTS_2026-09-01 holds the book, ticket header, market header and AI strip readings.	1440=partial 768=n-a 375=n-a @2026-09-09/wave39-trade
Skai > Trade > Spot 1VH (1440 x 900px) [8566-141675]	partial	src/pages/trade/Spot.tsx	/spot	MEASURED ON THE NODE from the Trade 1 page tree, first verdict. 768x1230 board. TITLE SAYS 1440 AND THE FRAME MEASURES 768 - read the width, not the name. main 708x987 at (30,76) = Group 1 708x987; Header-tablet 768x52, Bottom-navigation-tablet 768x52. The page layer is the one spotTerminalChrome.figma.test.ts already resolves for 9002-157018 (58 + 52 + 584 + 269 + 3x8 = 987) and MobileTradeShell draws it; the bar Frame 1217 730x66 with two 353x50 CTAs was measured and fixed on 9135-85233. ONE NUMBER THIS FAMILY DISAGREES ON: it draws the positions band Frame 444 708x271 where 9002-157018 draws 269 and the code states md:min-h-[269px]; perps already states 271 at 768. A 2px seam between two frames of one page, recorded rather than chased. Frame 446 730x618 where present is the market ticket sheet (measured wave 35 on 9045-168925); Frame 1220 708x640/660/585 is the book, trades and simplified-chart section respectively; Frame 267 708x336 + Frame 346 708x211 on 8931-64499 are Token details / Market details stacked under the band, which the shell serves as an Info TAB and not as a stacked band - a layout gap on this board. Panel internals not measured this pass.	1440=n-a 768=partial 375=n-a @2026-09-09/wave39-trade
Skai > Trade > Spot - indicator dropdown 1VH (1440 x 900px) [3972-28764]	partial	src/pages/trade/Spot.tsx	/spot	MEASURED ON THE NODE, first verdict. 1440x900 board; main 1382x1429 at (58,56) = Frame 445 764x672, Tool 8x29, Order book 277x672, Frame 444 1366x273, Frame 446 313x672, dropdown-3 137x84; Header-desktop 1440x56, sidebar 58x844, Frame 7 1382x16; dropdown-3 199x340. The same page layer as 7710-91527, which spotTerminalChrome.figma.test.ts resolves to the number (inset 8, gutter 6, book 277, ticket 313, chart floor 544, row 672, band 273). Panels inside not re-measured this pass; SPOT_FRAME_FACTS_2026-09-01 holds the book, ticket header, market header and AI strip readings. Adds dropdown-3 199x340 (the indicator panel, measured to done at desktop on 3972-25561 in wave 17) and a 137x84 dropdown-3 inside main.	1440=partial 768=n-a 375=n-a @2026-09-09/wave39-trade
Skai > Trade > Spot 1VH (375 x 812px) [8684-162077]	partial	src/pages/trade/Spot.tsx	/spot	MEASURED ON THE NODE, first verdict. 375x812 board. Content column Frame 1218 346x949 = Frame 446 346x56, Frame 6 346x54, Frame 11 346x94, card group 346x456, Frame 444 346x257; Header-mobile 375x48, Bottom-navigation-mobile 375x54; bar Frame 1217 360x56 with CTAs 104x40/120x40/104x40. THIS IS THE EARLIER OF TWO PHONE LAYOUTS ON THE SAME PAGE: the column is 346 wide inside 375 (14.5 a side) with a 106-tall header, where the 9490 to 9803 series and 9770-133659 draw Frame 1341 full-bleed at 375 on itemSpacing 4, which is what MobileTradeShell ships (oracle 110 + 94 + 452 + 257 + 12 = 925). Card group 346x456 where present is the order-book and trades pair; Chart view - Area 346x412 is the area chart; Frame 446 375x556 on the modal frames is the ticket sheet (measured waves 29-35 on 9774-91774 and siblings). DECISION FOR CASEY: which phone layout governs /spot - the inset 346 column here or the full-bleed 375 the later frames draw and the app ships. Not changed. The PRICED quick-trade bar: Frame 1217 with three CTAs 104/120/104 x40 - the source of MobileBuySellBar's quick-trade form, measured wave 11 on 8666-109490. Column Frame 1218 346x949 with Frame 446 346x56 (the split toggle) above the header.	1440=n-a 768=n-a 375=partial @2026-09-09/wave39-trade
Skai > Trade > Spot 1VH (375 x 812px) [8684-162456]	partial	src/pages/trade/Spot.tsx	/spot	MEASURED ON THE NODE, first verdict. 375x812 board. Content column Frame 1226 346x804 = Frame 446 346x56, Frame 6 346x54, Frame 1224 346x678; Header-mobile 375x48, Bottom-navigation-mobile 375x54. THIS IS THE EARLIER OF TWO PHONE LAYOUTS ON THE SAME PAGE: the column is 346 wide inside 375 (14.5 a side) with a 106-tall header, where the 9490 to 9803 series and 9770-133659 draw Frame 1341 full-bleed at 375 on itemSpacing 4, which is what MobileTradeShell ships (oracle 110 + 94 + 452 + 257 + 12 = 925). Card group 346x456 where present is the order-book and trades pair; Chart view - Area 346x412 is the area chart; Frame 446 375x556 on the modal frames is the ticket sheet (measured waves 29-35 on 9774-91774 and siblings). DECISION FOR CASEY: which phone layout governs /spot - the inset 346 column here or the full-bleed 375 the later frames draw and the app ships. Not changed. The SPLIT VIEW: Frame 1226 346x804 = Frame 446 346x56 toggle + Frame 6 346x54 + Frame 1224 346x678 (book and ticket side by side). Spot.tsx passes allowSplitView for exactly this frame; not measured inside.	1440=n-a 768=n-a 375=partial @2026-09-09/wave39-trade
Skai > Trade > Spot 1VH (1440 x 900px) [8687-99711]	partial	src/pages/trade/Spot.tsx	/spot	MEASURED ON THE NODE, first verdict. 1440x900 board; main 1382x1429 at (58,56) = Frame 443 764x672, Tool 8x29, Order book 277x674, Frame 444 1366x273, Frame 445 313x672; Header-desktop 1440x56, sidebar 58x844, Frame 7 1382x16. The same page layer as 7710-91527, which spotTerminalChrome.figma.test.ts resolves to the number (inset 8, gutter 6, book 277, ticket 313, chart floor 544, row 672, band 273). Panels inside not re-measured this pass; SPOT_FRAME_FACTS_2026-09-01 holds the book, ticket header, market header and AI strip readings.	1440=partial 768=n-a 375=n-a @2026-09-09/wave39-trade
Skai > Trade > Spot - modal 1VH (375 x 812px) [8687-103072]	partial	src/pages/trade/Spot.tsx	/spot	MEASURED ON THE NODE, first verdict. 375x812 board. Content column Frame 1216 346x891 = Frame 6 346x60, Frame 11 346x94, card group 346x456, Frame 444 346x257; Header-mobile 375x48, Bottom-navigation-mobile 375x54; Frame 446 375x556. THIS IS THE EARLIER OF TWO PHONE LAYOUTS ON THE SAME PAGE: the column is 346 wide inside 375 (14.5 a side) with a 106-tall header, where the 9490 to 9803 series and 9770-133659 draw Frame 1341 full-bleed at 375 on itemSpacing 4, which is what MobileTradeShell ships (oracle 110 + 94 + 452 + 257 + 12 = 925). Card group 346x456 where present is the order-book and trades pair; Chart view - Area 346x412 is the area chart; Frame 446 375x556 on the modal frames is the ticket sheet (measured waves 29-35 on 9774-91774 and siblings). DECISION FOR CASEY: which phone layout governs /spot - the inset 346 column here or the full-bleed 375 the later frames draw and the app ships. Not changed.	1440=n-a 768=n-a 375=partial @2026-09-09/wave39-trade
Skai > Trade > Spot - modal 1VH (768 x 1024px) [8700-103509]	partial	src/pages/trade/Spot.tsx	/spot	MEASURED ON THE NODE from the Trade 1 page tree, first verdict. 768x1024 board. main 708x989 at (30,76) = Frame 6 708x58, Frame 11 708x52, Frame 1219 708x584, Frame 444 708x271, Tool 8x29; Header-tablet 768x52, Bottom-navigation-tablet 768x52; Frame 446 730x618. The page layer is the one spotTerminalChrome.figma.test.ts already resolves for 9002-157018 (58 + 52 + 584 + 269 + 3x8 = 987) and MobileTradeShell draws it; the bar Frame 1217 730x66 with two 353x50 CTAs was measured and fixed on 9135-85233. ONE NUMBER THIS FAMILY DISAGREES ON: it draws the positions band Frame 444 708x271 where 9002-157018 draws 269 and the code states md:min-h-[269px]; perps already states 271 at 768. A 2px seam between two frames of one page, recorded rather than chased. Frame 446 730x618 where present is the market ticket sheet (measured wave 35 on 9045-168925); Frame 1220 708x640/660/585 is the book, trades and simplified-chart section respectively; Frame 267 708x336 + Frame 346 708x211 on 8931-64499 are Token details / Market details stacked under the band, which the shell serves as an Info TAB and not as a stacked band - a layout gap on this board. Panel internals not measured this pass.	1440=n-a 768=partial 375=n-a @2026-09-09/wave39-trade
Skai > Trade > Spot > Chart settings 1VH (768 x 1024px) [9069-259546]	partial	src/pages/trade/Spot.tsx	/spot	MEASURED ON THE NODE from the Trade 1 page tree, first verdict. 768x1024 board. main 708x987 at (30,76) = Frame 6 708x58, Frame 11 708x52, Frame 1219 708x584, Frame 444 708x269, Tool 8x29; Header-tablet 768x52, Bottom-navigation-tablet 768x52; Frame 1217 730x66; Right menu 442x1008. The page layer is the one spotTerminalChrome.figma.test.ts already resolves for 9002-157018 (58 + 52 + 584 + 269 + 3x8 = 987) and MobileTradeShell draws it; the bar Frame 1217 730x66 with two 353x50 CTAs was measured and fixed on 9135-85233. ONE NUMBER THIS FAMILY DISAGREES ON: it draws the positions band Frame 444 708x271 where 9002-157018 draws 269 and the code states md:min-h-[269px]; perps already states 271 at 768. A 2px seam between two frames of one page, recorded rather than chased. Frame 446 730x618 where present is the market ticket sheet (measured wave 35 on 9045-168925); Frame 1220 708x640/660/585 is the book, trades and simplified-chart section respectively; Frame 267 708x336 + Frame 346 708x211 on 8931-64499 are Token details / Market details stacked under the band, which the shell serves as an Info TAB and not as a stacked band - a layout gap on this board. Panel internals not measured this pass.	1440=n-a 768=partial 375=n-a @2026-09-09/wave39-trade
Skai > Trade > Spot - indicator dropdown 1VH (768 x 1024px) [9050-209536]	partial	src/pages/trade/Spot.tsx	/spot	MEASURED ON THE NODE from the Trade 1 page tree, first verdict. 768x1024 board. main 708x987 at (30,76) = Frame 6 708x58, Frame 11 708x52, Frame 1219 708x584, Frame 444 708x269, Tool 8x29; Header-tablet 768x52, Bottom-navigation-tablet 768x52; Frame 1217 730x66; dropdown-3 300x450. The page layer is the one spotTerminalChrome.figma.test.ts already resolves for 9002-157018 (58 + 52 + 584 + 269 + 3x8 = 987) and MobileTradeShell draws it; the bar Frame 1217 730x66 with two 353x50 CTAs was measured and fixed on 9135-85233. ONE NUMBER THIS FAMILY DISAGREES ON: it draws the positions band Frame 444 708x271 where 9002-157018 draws 269 and the code states md:min-h-[269px]; perps already states 271 at 768. A 2px seam between two frames of one page, recorded rather than chased. Frame 446 730x618 where present is the market ticket sheet (measured wave 35 on 9045-168925); Frame 1220 708x640/660/585 is the book, trades and simplified-chart section respectively; Frame 267 708x336 + Frame 346 708x211 on 8931-64499 are Token details / Market details stacked under the band, which the shell serves as an Info TAB and not as a stacked band - a layout gap on this board. Panel internals not measured this pass.	1440=n-a 768=partial 375=n-a @2026-09-09/wave39-trade
Skai > Trade > Spot - timeframe dropdown 1VH (768 x 1024px) [9050-212503]	partial	src/pages/trade/Spot.tsx	/spot	MEASURED ON THE NODE from the Trade 1 page tree, first verdict. 768x1024 board. main 708x987 at (30,76) = Frame 6 708x58, Frame 11 708x52, Frame 1219 708x584, Frame 444 708x269, Tool 8x29; Header-tablet 768x52, Bottom-navigation-tablet 768x52; Frame 1217 730x66; dropdown-3 200x528. The page layer is the one spotTerminalChrome.figma.test.ts already resolves for 9002-157018 (58 + 52 + 584 + 269 + 3x8 = 987) and MobileTradeShell draws it; the bar Frame 1217 730x66 with two 353x50 CTAs was measured and fixed on 9135-85233. ONE NUMBER THIS FAMILY DISAGREES ON: it draws the positions band Frame 444 708x271 where 9002-157018 draws 269 and the code states md:min-h-[269px]; perps already states 271 at 768. A 2px seam between two frames of one page, recorded rather than chased. Frame 446 730x618 where present is the market ticket sheet (measured wave 35 on 9045-168925); Frame 1220 708x640/660/585 is the book, trades and simplified-chart section respectively; Frame 267 708x336 + Frame 346 708x211 on 8931-64499 are Token details / Market details stacked under the band, which the shell serves as an Info TAB and not as a stacked band - a layout gap on this board. Panel internals not measured this pass.	1440=n-a 768=partial 375=n-a @2026-09-09/wave39-trade
Skai > Trade > Spot > Selected pairs 1VH (375 x 812px) [9061-240412]	partial	src/pages/trade/Spot.tsx	/spot	MEASURED ON THE NODE, first verdict. 375x812 board. Content column Frame 1218 346x1061 = Frame 6 346x106, Frame 11 346x94, Frame 1220 346x580, Frame 444 346x257; Header-mobile 375x48, Bottom-navigation-mobile 375x54; bar Frame 1217 360x56 with CTAs 168x40/168x40; Overlay 375x812. THIS IS THE EARLIER OF TWO PHONE LAYOUTS ON THE SAME PAGE: the column is 346 wide inside 375 (14.5 a side) with a 106-tall header, where the 9490 to 9803 series and 9770-133659 draw Frame 1341 full-bleed at 375 on itemSpacing 4, which is what MobileTradeShell ships (oracle 110 + 94 + 452 + 257 + 12 = 925). Card group 346x456 where present is the order-book and trades pair; Chart view - Area 346x412 is the area chart; Frame 446 375x556 on the modal frames is the ticket sheet (measured waves 29-35 on 9774-91774 and siblings). DECISION FOR CASEY: which phone layout governs /spot - the inset 346 column here or the full-bleed 375 the later frames draw and the app ships. Not changed.	1440=n-a 768=n-a 375=partial @2026-09-09/wave39-trade
Skai > Trade > Spot 1VH (375 x 812px) [9553-131170]	partial	src/pages/trade/Spot.tsx	/spot	MEASURED ON THE NODE, first verdict. 375x812 board. Frame 1341 375x424; Instant trade 375x336; Header-mobile 375x48, Bottom-navigation-mobile 375x54, bar Frame 1217 360x56 (2x168x40, measured and fixed on 9801-112095). The full-bleed 375 stack on itemSpacing 4 that MobileTradeShell draws and spotTerminalChrome.figma.test.ts resolves (925 = 110 + 94 + 452 + 257 + 12). Panel internals not measured this pass; what this frame adds over 9770-133659 is named in the family note beside it. Instant trade 375x336 docked under Frame 1341 375x424 (header + chart only). The sheet is 9553-132827 - see that row; it is the Trench one-click trade bar, not a spot component.	1440=n-a 768=n-a 375=partial @2026-09-09/wave39-trade
Skai > Trade > Spot 1VH (375 x 812px) [9553-133106]	partial	src/pages/trade/Spot.tsx	/spot	MEASURED ON THE NODE, first verdict. 375x812 board. Frame 1341 375x490; Instant trade 375x270; Header-mobile 375x48, Bottom-navigation-mobile 375x54, bar Frame 1217 360x56 (2x168x40, measured and fixed on 9801-112095). The full-bleed 375 stack on itemSpacing 4 that MobileTradeShell draws and spotTerminalChrome.figma.test.ts resolves (925 = 110 + 94 + 452 + 257 + 12). Panel internals not measured this pass; what this frame adds over 9770-133659 is named in the family note beside it. Instant trade 375x270 docked under Frame 1341 375x490. See 9553-132827.	1440=n-a 768=n-a 375=partial @2026-09-09/wave39-trade
Skai > Trade > Spot (375 x 812px) [9776-96834]	partial	src/pages/trade/Spot.tsx	/spot	MEASURED ON THE NODE, first verdict. 375x1107 board. Frame 1341 375x925; Header-mobile 375x48, Bottom-navigation-mobile 375x54, bar Frame 1217 360x56 (2x168x40, measured and fixed on 9801-112095). The full-bleed 375 stack on itemSpacing 4 that MobileTradeShell draws and spotTerminalChrome.figma.test.ts resolves (925 = 110 + 94 + 452 + 257 + 12). Panel internals not measured this pass; what this frame adds over 9770-133659 is named in the family note beside it. Frame 1341 375x925, the plain board; byte-identical layer to 9803-129761 and 9803-131052.	1440=n-a 768=n-a 375=partial @2026-09-09/wave39-trade
Skai > Trade > Spot (375 x 812px) [9803-129761]	partial	src/pages/trade/Spot.tsx	/spot	MEASURED ON THE NODE, first verdict. 375x1107 board. Frame 1341 375x925; Header-mobile 375x48, Bottom-navigation-mobile 375x54, bar Frame 1217 360x56 (2x168x40, measured and fixed on 9801-112095). The full-bleed 375 stack on itemSpacing 4 that MobileTradeShell draws and spotTerminalChrome.figma.test.ts resolves (925 = 110 + 94 + 452 + 257 + 12). Panel internals not measured this pass; what this frame adds over 9770-133659 is named in the family note beside it. Frame 1341 375x925; identical layer to 9776-96834.	1440=n-a 768=n-a 375=partial @2026-09-09/wave39-trade
Skai > Trade > Spot (375 x 812px) [9803-131052]	partial	src/pages/trade/Spot.tsx	/spot	MEASURED ON THE NODE, first verdict. 375x1107 board. Frame 1341 375x925; Header-mobile 375x48, Bottom-navigation-mobile 375x54, bar Frame 1217 360x56 (2x168x40, measured and fixed on 9801-112095). The full-bleed 375 stack on itemSpacing 4 that MobileTradeShell draws and spotTerminalChrome.figma.test.ts resolves (925 = 110 + 94 + 452 + 257 + 12). Panel internals not measured this pass; what this frame adds over 9770-133659 is named in the family note beside it. Frame 1341 375x925; identical layer to 9776-96834.	1440=n-a 768=n-a 375=partial @2026-09-09/wave39-trade
Skai > Trade > Spot > Trades (375 x 812px) [9777-102315]	partial	src/pages/trade/Spot.tsx	/spot	MEASURED ON THE NODE, first verdict. 375x1230 board. Frame 1341 375x1048; Header-mobile 375x48, Bottom-navigation-mobile 375x54, bar Frame 1217 360x56 (2x168x40, measured and fixed on 9801-112095). The full-bleed 375 stack on itemSpacing 4 that MobileTradeShell draws and spotTerminalChrome.figma.test.ts resolves (925 = 110 + 94 + 452 + 257 + 12). Panel internals not measured this pass; what this frame adds over 9770-133659 is named in the family note beside it. Trades tab: Frame 1341 375x1048, 123 taller than the book board - the trades list runs longer than the ladder. PerpRecentTrades in the shell's trades slot.	1440=n-a 768=n-a 375=partial @2026-09-09/wave39-trade
Skai > Trade > Spot 1VH (375 x 812px) [9777-104193]	partial	src/pages/trade/Spot.tsx	/spot	MEASURED ON THE NODE, first verdict. 375x812 board. Frame 1341 375x879; Header-mobile 375x48, Bottom-navigation-mobile 375x54, bar Frame 1217 360x56 (2x168x40, measured and fixed on 9801-112095). The full-bleed 375 stack on itemSpacing 4 that MobileTradeShell draws and spotTerminalChrome.figma.test.ts resolves (925 = 110 + 94 + 452 + 257 + 12). Panel internals not measured this pass; what this frame adds over 9770-133659 is named in the family note beside it. Frame 1341 375x879 = 925 - 46: the price header collapsed, the spot twin of perps 9801-123930.	1440=n-a 768=n-a 375=partial @2026-09-09/wave39-trade
Skai > Trade > Spot > Chart settings 1VH (375 x 812px) [9780-143009]	partial	src/pages/trade/Spot.tsx	/spot	MEASURED ON THE NODE, first verdict. 375x812 board. Frame 1341 375x925; Right menu 359x796 [Frame 344 335x490, CTA/button 335x44]; Header-mobile 375x48, Bottom-navigation-mobile 375x54, bar Frame 1217 360x56 (2x168x40, measured and fixed on 9801-112095). The full-bleed 375 stack on itemSpacing 4 that MobileTradeShell draws and spotTerminalChrome.figma.test.ts resolves (925 = 110 + 94 + 452 + 257 + 12). Panel internals not measured this pass; what this frame adds over 9770-133659 is named in the family note beside it. Chart settings: Right menu 359x796 = Frame 344 335x490 + CTA 335x44, over Frame 1341 375x925. ChartSettingsPanel.tsx; the desktop drawer is measured in TRADE_PERPS_SPOT_FRAME_FACTS section 1 (two titled groups), the 375 stop is not.	1440=n-a 768=n-a 375=partial @2026-09-09/wave39-trade
Skai > Trench - actual 1VH (768 x 1024px) [9403-133956]	partial	src/pages/trade/TrenchRedesign.tsx	/trench	MEASURED ON THE NODE, first verdict; HAND-OFF to lane trench (src/components/trench-redesign/** draws it). 375x812 board. TITLE SAYS 768 AND THE FRAME MEASURES 375 - read the width, not the name. Frame 2 346x636 = Frame 450 346x32, nav 346x22, Frame 445 346x566; Trench scroller 1382x20, Bottom-navigation-mobile 375x54, Header-mobile 375x48, Trench scroller 375x22. Two Trench scrollers on one phone board: a 1382x20 desktop strip at the top (wider than the board - a paste, not a spec) and a 375x22 one at the bottom. Not edited from this lane.	1440=n-a 768=n-a 375=partial @2026-09-09/wave39-trade
Skai > Trench - actual 1VH (375 x 812px) [9403-140971]	partial	src/pages/trade/TrenchRedesign.tsx	/trench	MEASURED ON THE NODE, first verdict; HAND-OFF to lane trench (src/components/trench-redesign/** draws it). 375x812 board. Frame 2 346x636 = Frame 450 346x32, Frame 405 346x36, nav 346x22, Frame 445 346x522; Trench scroller 1382x20, Bottom-navigation-mobile 375x54, Header-mobile 375x48, Trench scroller 375x22. Two Trench scrollers on one phone board: a 1382x20 desktop strip at the top (wider than the board - a paste, not a spec) and a 375x22 one at the bottom. Not edited from this lane.	1440=n-a 768=n-a 375=partial @2026-09-09/wave39-trade
Skai > Trench - actual 1VH (375 x 812px) [9419-149915]	partial	src/pages/trade/TrenchRedesign.tsx	/trench	MEASURED ON THE NODE, first verdict; HAND-OFF to lane trench (src/components/trench-redesign/** draws it). 375x812 board. Frame 2 346x106 = Frame 450 346x32, Frame 405 346x36, nav 346x22; Frame 445 375x538, Trench scroller 1382x20, Bottom-navigation-mobile 375x54, Header-mobile 375x48, Trench scroller 375x22. Two Trench scrollers on one phone board: a 1382x20 desktop strip at the top (wider than the board - a paste, not a spec) and a 375x22 one at the bottom. Not edited from this lane.	1440=n-a 768=n-a 375=partial @2026-09-09/wave39-trade
Skai > Trench - actual 1VH (375 x 812px) [9419-151234]	partial	src/pages/trade/TrenchRedesign.tsx	/trench	MEASURED ON THE NODE, first verdict; HAND-OFF to lane trench (src/components/trench-redesign/** draws it). 375x812 board. Frame 2 346x62 = Frame 450 346x32, nav 346x22; Frame 445 375x582, Trench scroller 1382x20, Bottom-navigation-mobile 375x54, Header-mobile 375x48, Trench scroller 375x22. Two Trench scrollers on one phone board: a 1382x20 desktop strip at the top (wider than the board - a paste, not a spec) and a 375x22 one at the bottom. Not edited from this lane.	1440=n-a 768=n-a 375=partial @2026-09-09/wave39-trade
Skai > Trench - actual 1VH (375 x 812px) [9403-142103]	partial	src/pages/trade/TrenchRedesign.tsx	/trench	MEASURED ON THE NODE, first verdict; HAND-OFF to lane trench (src/components/trench-redesign/** draws it). 375x812 board. Frame 2 346x636 = Frame 450 346x32, nav 346x22, Frame 445 346x566; Trench scroller 1382x20, Bottom-navigation-mobile 375x54, Header-mobile 375x48, Trench scroller 375x22. Two Trench scrollers on one phone board: a 1382x20 desktop strip at the top (wider than the board - a paste, not a spec) and a 375x22 one at the bottom. Not edited from this lane.	1440=n-a 768=n-a 375=partial @2026-09-09/wave39-trade
Skai > Trench 1VH (1440 x 900px) [13935-69044]	partial	src/pages/trade/TrenchRedesign.tsx	/trench	MEASURED ON THE NODE with get_metadata, first verdict; HAND-OFF to lane trench (src/components/trench-redesign/**). 1440x900: Header-desktop 1440x56; Frame 1122 1382x844 at (58,56) = Trench scroller 1382x20 at y=0, main 1382x802 at y=20 holding Frame 520 1318x734 at (32,24), and a second Trench scroller 1382x22 at y=822; sidebar 58x844 with toolbar top 36x344 and Frame 196 36x176. A decorative Vector 396 658x328 hangs off the top right. The page is a 32/24 inset around one 1318x734 board with a ticker strip above and below it. Not edited from this lane.	1440=partial 768=n-a 375=n-a @2026-09-09/wave39-trade
Frame 455 [8994-76486]	partial	src/components/trade/order/OrderEntryPanel.tsx	/spot	MEASURED ON THE NODE, first verdict: the spot Market ticket at 730. 730x618 = strip Frame 299 730x48 + body Frame 270 730x570 [Frame 355 698x218, CTA/button 698x48, Frame 356 698x80, CTA/button 698x40]. Two strip heights coexist on this page at 730: the 9045 series draws Frame 299 730x40 and the 8994 series 730x48 (this one is 48); wave 35 measured the 730 body on 9045-168925 (pad 16/16/96/16). Perps 730 measured on 9137-86763 (wave 34). Type and control internals not re-measured on this node.	1440=n-a 768=partial 375=n-a @2026-09-09/wave39-trade
Frame 457 [8994-76863]	partial	src/components/trade/order/OrderEntryPanel.tsx	/spot	MEASURED ON THE NODE, first verdict: the spot Limit ticket at 730. 730x646 = strip Frame 299 730x48 + body Frame 270 730x598 [Frame 355 698x246, CTA/button 698x48, Frame 356 698x80, CTA/button 698x40]. Two strip heights coexist on this page at 730: the 9045 series draws Frame 299 730x40 and the 8994 series 730x48 (this one is 48); wave 35 measured the 730 body on 9045-168925 (pad 16/16/96/16). Perps 730 measured on 9137-86763 (wave 34). Type and control internals not re-measured on this node.	1440=n-a 768=partial 375=n-a @2026-09-09/wave39-trade
Frame 1225 [8994-78276]	partial	src/components/trade/order/OrderEntryPanel.tsx	/spot	MEASURED ON THE NODE, first verdict: the spot Limit ticket at 730. 730x646 = strip Frame 299 730x48 + body Frame 270 730x598 [Frame 355 698x246, CTA/button 698x48, Frame 356 698x80, CTA/button 698x40]. Two strip heights coexist on this page at 730: the 9045 series draws Frame 299 730x40 and the 8994 series 730x48 (this one is 48); wave 35 measured the 730 body on 9045-168925 (pad 16/16/96/16). Perps 730 measured on 9137-86763 (wave 34). Type and control internals not re-measured on this node.	1440=n-a 768=partial 375=n-a @2026-09-09/wave39-trade
Frame 1227 [8994-78552]	blocked-on-backend	src/components/trade/order/OrderEntryPanel.tsx	/spot	MEASURED ON THE NODE, first verdict: the spot Trigger ticket at 730. 730x700 = strip Frame 299 730x48 + body Frame 270 730x652 [Frame 355 698x300, CTA/button 698x48, Frame 356 698x80, CTA/button 698x40]. Two strip heights coexist on this page at 730: the 9045 series draws Frame 299 730x40 and the 8994 series 730x48 (this one is 48); wave 35 measured the 730 body on 9045-168925 (pad 16/16/96/16). Perps 730 measured on 9137-86763 (wave 34). BLOCKED: the spot rail has no trigger or TP/SL order type - orderTypeVisibility.ts hides them, per the 9775-93615 / 9775-91911 rows. Build waits on a chain order type, not on layout.	1440=n-a 768=partial 375=n-a @2026-09-09/wave39-trade
Frame 1228 [8994-78720]	blocked-on-backend	src/components/trade/order/OrderEntryPanel.tsx	/spot	MEASURED ON THE NODE, first verdict: the spot TP/SL ticket at 730. 730x808 = strip Frame 299 730x48 + body Frame 270 730x760 [Frame 355 698x408, CTA/button 698x48, Frame 356 698x80, CTA/button 698x40]. Two strip heights coexist on this page at 730: the 9045 series draws Frame 299 730x40 and the 8994 series 730x48 (this one is 48); wave 35 measured the 730 body on 9045-168925 (pad 16/16/96/16). Perps 730 measured on 9137-86763 (wave 34). BLOCKED: the spot rail has no trigger or TP/SL order type - orderTypeVisibility.ts hides them, per the 9775-93615 / 9775-91911 rows. Build waits on a chain order type, not on layout.	1440=n-a 768=partial 375=n-a @2026-09-09/wave39-trade
Frame 1229 [8994-78891]	partial	src/components/trade/order/OrderEntryPanel.tsx	/spot	MEASURED ON THE NODE, first verdict: the spot Scaled ticket at 730. 730x844 = strip Frame 299 730x48 + body Frame 270 730x796 [Frame 355 698x444, CTA/button 698x48, Frame 356 698x80, CTA/button 698x40]. Two strip heights coexist on this page at 730: the 9045 series draws Frame 299 730x40 and the 8994 series 730x48 (this one is 48); wave 35 measured the 730 body on 9045-168925 (pad 16/16/96/16). Perps 730 measured on 9137-86763 (wave 34). Type and control internals not re-measured on this node.	1440=n-a 768=partial 375=n-a @2026-09-09/wave39-trade
Frame 1226 [8994-78407]	partial	src/components/trade/order/OrderEntryPanel.tsx	/spot	MEASURED ON THE NODE, first verdict: the spot Limit ticket at 730. 730x646 = strip - + body -; dropdown-3 130x110 = the order-type menu open (three 114x26 rows). Two strip heights coexist on this page at 730: the 9045 series draws Frame 299 730x40 and the 8994 series 730x48 (this one is ?); wave 35 measured the 730 body on 9045-168925 (pad 16/16/96/16). Perps 730 measured on 9137-86763 (wave 34). Type and control internals not re-measured on this node.	1440=n-a 768=partial 375=n-a @2026-09-09/wave39-trade
Trade panel - Pro - Tp/sl [9058-225792]	blocked-on-backend	src/components/trade/order/OrderEntryPanel.tsx	/spot	MEASURED ON THE NODE, first verdict: the spot TP/SL ticket at 375. 375x722 = strip Frame 299 375x36 + body Frame 270 375x686 [Frame 355 351x366, CTA/button 351x46, Frame 356 351x74, CTA/button 351x32]. The 375 spot ticket was measured end to end by waves 29, 30 and 35 on 9774-91774 / 9774-83802 / 9774-82207 (strip 36, body pad 16/12/80/12, gap 24); the perps one on 9153-86643 (wave 34, 44px touch-floor correction). BLOCKED: the spot rail has no trigger or TP/SL order type - orderTypeVisibility.ts hides them, per the 9775-93615 / 9775-91911 rows. Build waits on a chain order type, not on layout.	1440=n-a 768=n-a 375=partial @2026-09-09/wave39-trade
Trade panel - Pro - Scaled order [9058-225926]	partial	src/components/trade/order/OrderEntryPanel.tsx	/spot	MEASURED ON THE NODE, first verdict: the spot Scaled ticket at 375. 375x760 = strip Frame 299 375x36 + body Frame 270 375x724 [Frame 355 351x404, CTA/button 351x46, Frame 356 351x74, CTA/button 351x32]. The 375 spot ticket was measured end to end by waves 29, 30 and 35 on 9774-91774 / 9774-83802 / 9774-82207 (strip 36, body pad 16/12/80/12, gap 24); the perps one on 9153-86643 (wave 34, 44px touch-floor correction). Type and control internals not re-measured on this node.	1440=n-a 768=n-a 375=partial @2026-09-09/wave39-trade
Trade panel - buy [9058-223749]	partial	src/components/trade/order/OrderEntryPanel.tsx	/spot	MEASURED ON THE NODE, first verdict: the spot Market ticket at 375. 375x554 = strip Frame 299 375x36 + body Frame 270 375x518 [Frame 355 351x198, CTA/button 351x46, Frame 356 351x74, CTA/button 351x32]. The 375 spot ticket was measured end to end by waves 29, 30 and 35 on 9774-91774 / 9774-83802 / 9774-82207 (strip 36, body pad 16/12/80/12, gap 24); the perps one on 9153-86643 (wave 34, 44px touch-floor correction). Type and control internals not re-measured on this node.	1440=n-a 768=n-a 375=partial @2026-09-09/wave39-trade
Trade panel - sell [9058-223872]	partial	src/components/trade/order/OrderEntryPanel.tsx	/spot	MEASURED ON THE NODE, first verdict: the spot Market ticket at 375. 375x554 = strip Frame 299 375x36 + body Frame 270 375x518 [Frame 355 351x198, CTA/button 351x46, Frame 356 351x74, CTA/button 351x32]. The 375 spot ticket was measured end to end by waves 29, 30 and 35 on 9774-91774 / 9774-83802 / 9774-82207 (strip 36, body pad 16/12/80/12, gap 24); the perps one on 9153-86643 (wave 34, 44px touch-floor correction). Type and control internals not re-measured on this node.	1440=n-a 768=n-a 375=partial @2026-09-09/wave39-trade
Trade panel - sell - with value [9058-223998]	partial	src/components/trade/order/OrderEntryPanel.tsx	/spot	MEASURED ON THE NODE, first verdict: the spot Market ticket at 375. 375x554 = strip Frame 299 375x36 + body Frame 270 375x518 [Frame 355 351x198, CTA/button 351x46, Frame 356 351x74, CTA/button 351x32]. The 375 spot ticket was measured end to end by waves 29, 30 and 35 on 9774-91774 / 9774-83802 / 9774-82207 (strip 36, body pad 16/12/80/12, gap 24); the perps one on 9153-86643 (wave 34, 44px touch-floor correction). Type and control internals not re-measured on this node.	1440=n-a 768=n-a 375=partial @2026-09-09/wave39-trade
Frame 1219 [8994-77368]	partial	src/components/trade/order/OrderEntryPanel.tsx	/spot	MEASURED ON THE NODE, first verdict: the spot Market ticket at 375. 375x554 = strip Frame 299 375x36 + body Frame 270 375x518 [Frame 355 351x198, CTA/button 351x46, Frame 356 351x74, CTA/button 351x32]. The 375 spot ticket was measured end to end by waves 29, 30 and 35 on 9774-91774 / 9774-83802 / 9774-82207 (strip 36, body pad 16/12/80/12, gap 24); the perps one on 9153-86643 (wave 34, 44px touch-floor correction). Type and control internals not re-measured on this node.	1440=n-a 768=n-a 375=partial @2026-09-09/wave39-trade
Trade panel - Limit [9774-91524]	partial	src/components/trade/order/OrderEntryPanel.tsx	/spot	MEASURED ON THE NODE, first verdict: the spot Limit ticket at 375. 375x578 = strip Frame 299 375x36 + body Frame 270 375x542 [Frame 355 351x222, CTA/button 351x46, Frame 356 351x74, CTA/button 351x32]. The 375 spot ticket was measured end to end by waves 29, 30 and 35 on 9774-91774 / 9774-83802 / 9774-82207 (strip 36, body pad 16/12/80/12, gap 24); the perps one on 9153-86643 (wave 34, 44px touch-floor correction). Type and control internals not re-measured on this node.	1440=n-a 768=n-a 375=partial @2026-09-09/wave39-trade
Trade panel - Pro - Trigger [9775-93472]	blocked-on-backend	src/components/trade/order/OrderEntryPanel.tsx	/spot	MEASURED ON THE NODE, first verdict: the spot Trigger ticket at 375. 375x626 = strip Frame 299 375x36 + body Frame 270 375x590 [Frame 355 351x270, CTA/button 351x46, Frame 356 351x74, CTA/button 351x32]. The 375 spot ticket was measured end to end by waves 29, 30 and 35 on 9774-91774 / 9774-83802 / 9774-82207 (strip 36, body pad 16/12/80/12, gap 24); the perps one on 9153-86643 (wave 34, 44px touch-floor correction). BLOCKED: the spot rail has no trigger or TP/SL order type - orderTypeVisibility.ts hides them, per the 9775-93615 / 9775-91911 rows. Build waits on a chain order type, not on layout.	1440=n-a 768=n-a 375=partial @2026-09-09/wave39-trade
Frame 1341 [9772-76942]	partial			MEASURED ON THE NODE from the page tree, first verdict. Frame 1341 375x664: Frame 1340 375x664. Measured box only; family not classified by this pass.	1440=n-a 768=n-a 375=partial @2026-09-09/wave39-trade
Frame 6 [9490-146969]	furniture			MEASURED ON THE NODE from the page tree, first verdict. Frame 6 375x126: no children. An empty 375x126 frame with no children - a placeholder, not a spec.	1440=n-a 768=n-a 375=n-a @2026-09-09/wave39-trade
Frame 446 [8941-82029]	partial	src/components/trade/order/OrderEntryPanel.tsx	/spot	MEASURED ON THE NODE, first verdict: the spot Limit ticket at 375. 375x578 = strip Frame 299 375x36 + body Frame 270 375x542 [Frame 355 351x222, CTA/button 351x46, Frame 356 351x74, CTA/button 351x32]. The 375 spot ticket was measured end to end by waves 29, 30 and 35 on 9774-91774 / 9774-83802 / 9774-82207 (strip 36, body pad 16/12/80/12, gap 24); the perps one on 9153-86643 (wave 34, 44px touch-floor correction). Type and control internals not re-measured on this node.	1440=n-a 768=n-a 375=partial @2026-09-09/wave39-trade
Frame 450 [8941-80624]	partial	src/components/trade/order/OrderEntryPanel.tsx	/spot	MEASURED ON THE NODE, first verdict: the spot Limit ticket at 375. 375x578 = strip Frame 299 375x36 + body Frame 270 375x542 [Frame 355 351x222, CTA/button 351x46, Frame 356 351x74, CTA/button 351x32]. The 375 spot ticket was measured end to end by waves 29, 30 and 35 on 9774-91774 / 9774-83802 / 9774-82207 (strip 36, body pad 16/12/80/12, gap 24); the perps one on 9153-86643 (wave 34, 44px touch-floor correction). Type and control internals not re-measured on this node.	1440=n-a 768=n-a 375=partial @2026-09-09/wave39-trade
Frame 452 [8941-81175]	blocked-on-backend	src/components/trade/order/OrderEntryPanel.tsx	/spot	MEASURED ON THE NODE, first verdict: the spot Trigger ticket at 375. 375x626 = strip Frame 299 375x36 + body Frame 270 375x590 [Frame 355 351x270, CTA/button 351x46, Frame 356 351x74, CTA/button 351x32]. The 375 spot ticket was measured end to end by waves 29, 30 and 35 on 9774-91774 / 9774-83802 / 9774-82207 (strip 36, body pad 16/12/80/12, gap 24); the perps one on 9153-86643 (wave 34, 44px touch-floor correction). BLOCKED: the spot rail has no trigger or TP/SL order type - orderTypeVisibility.ts hides them, per the 9775-93615 / 9775-91911 rows. Build waits on a chain order type, not on layout.	1440=n-a 768=n-a 375=partial @2026-09-09/wave39-trade
Frame 453 [8941-81422]	blocked-on-backend	src/components/trade/order/OrderEntryPanel.tsx	/spot	MEASURED ON THE NODE, first verdict: the spot TP/SL ticket at 375. 375x722 = strip Frame 299 375x36 + body Frame 270 375x686 [Frame 355 351x366, CTA/button 351x46, Frame 356 351x74, CTA/button 351x32]. The 375 spot ticket was measured end to end by waves 29, 30 and 35 on 9774-91774 / 9774-83802 / 9774-82207 (strip 36, body pad 16/12/80/12, gap 24); the perps one on 9153-86643 (wave 34, 44px touch-floor correction). BLOCKED: the spot rail has no trigger or TP/SL order type - orderTypeVisibility.ts hides them, per the 9775-93615 / 9775-91911 rows. Build waits on a chain order type, not on layout.	1440=n-a 768=n-a 375=partial @2026-09-09/wave39-trade
Frame 454 [8941-81626]	partial	src/components/trade/order/OrderEntryPanel.tsx	/spot	MEASURED ON THE NODE, first verdict: the spot Scaled ticket at 375. 375x760 = strip Frame 299 375x36 + body Frame 270 375x724 [Frame 355 351x404, CTA/button 351x46, Frame 356 351x74, CTA/button 351x32]. The 375 spot ticket was measured end to end by waves 29, 30 and 35 on 9774-91774 / 9774-83802 / 9774-82207 (strip 36, body pad 16/12/80/12, gap 24); the perps one on 9153-86643 (wave 34, 44px touch-floor correction). Type and control internals not re-measured on this node.	1440=n-a 768=n-a 375=partial @2026-09-09/wave39-trade
Frame 451 [8941-80882]	partial	src/components/trade/order/OrderEntryPanel.tsx	/spot	MEASURED ON THE NODE, first verdict: the spot Limit ticket at 375. 375x578 = strip Frame 299 375x36 + body Frame 270 375x542 [Frame 355 351x222, CTA/button 351x46, Frame 356 351x74, CTA/button 351x32]; dropdown-3 130x110 = the order-type menu open (three 114x26 rows). The 375 spot ticket was measured end to end by waves 29, 30 and 35 on 9774-91774 / 9774-83802 / 9774-82207 (strip 36, body pad 16/12/80/12, gap 24); the perps one on 9153-86643 (wave 34, 44px touch-floor correction). Type and control internals not re-measured on this node.	1440=n-a 768=n-a 375=partial @2026-09-09/wave39-trade
Trade panel - Limit - with value [9058-225586]	partial	src/components/trade/order/OrderEntryPanel.tsx	/spot	MEASURED ON THE NODE, first verdict: the spot Limit ticket at 375. 375x578 = strip Frame 299 375x36 + body Frame 270 375x542 [Frame 355 351x222, CTA/button 351x46, Frame 356 351x74, CTA/button 351x32]. The 375 spot ticket was measured end to end by waves 29, 30 and 35 on 9774-91774 / 9774-83802 / 9774-82207 (strip 36, body pad 16/12/80/12, gap 24); the perps one on 9153-86643 (wave 34, 44px touch-floor correction). Type and control internals not re-measured on this node.	1440=n-a 768=n-a 375=partial @2026-09-09/wave39-trade
main [8570-143201]	partial	src/pages/trade/Spot.tsx	/spot	MEASURED ON THE NODE from the page tree, first verdict. main 942x1005: Group 1 708x987. The tablet main column detached (942x1005 outer, Group 1 708x987): Frame 6 708x58 / Frame 11 708x52 / Frame 299 708x40 / TradingView 708x544 / Frame 444 708x269 / Tool 8x29 - the exact 58 + 52 + 584 + 269 + 3x8 = 987 spotTerminalChrome.figma.test.ts asserts. Note 269 here against 271 on the 8xxx boards. Page layer matches; panels unmeasured.	1440=n-a 768=partial 375=n-a @2026-09-09/wave39-trade
modal - confirm order SHORT [3979-40767]	partial	src/components/trade/perp-v2/PerpConfirmOrderModal.tsx	/trade/perps	MEASURED ON THE NODE, first verdict: the SHORT twin of the confirm modal, 564x490 = the same box as the LONG frames the component documents (3976:40708 564x490 / 9148:80644 448x394 / 9154:121514 354x378). Children: shine 484x484, Frame 480 516x284, You pay no gas. The order will be confirmed within a few seconds. 326x16, Frame 203 516x62. The CTA follows the side (isLong at :72, bg-skai-red/24 at :163), so no SHORT-only code exists to measure. FIXED THIS WAVE for the 375 stop: DialogContent now states w-[calc(100%-21px)] - the 9154:121608 board puts the modal at x=11 in a 375 Overlay, i.e. 354 wide, where the primitive's calc(100% - 2rem) landed 343. Remaining as on the LONG rows (wave 9: part-fixed, type ramp at md).	1440=partial 768=n-a 375=n-a @2026-09-09/wave39-trade
Trade panel - Isolated [7890-98315]	partial	src/components/trade/perp-v2/PerpOrderEntry.tsx	/trade/perps	MEASURED ON THE NODE, first verdict: the perps Long/Short ticket at 313. 313x672 = strip Frame 300 313x52 + body Frame 301 313x620 [Frame 355 281x334, CTA/button 281x48, Frame 357 281x66, CTA/button 281x36]. The 313x672 desktop ticket: strip 52 over a 620 body, measured on 3899-7131 / 3900-7416 (spot) and 7886:93224 (perps, PerpOrderEntry.figma.test). Type and control internals not re-measured on this node.	1440=partial 768=n-a 375=n-a @2026-09-09/wave39-trade
🚨 Trade panel - Sell with value [7712-33476]	partial	src/components/trade/order/OrderEntryPanel.tsx	/spot	MEASURED ON THE NODE, first verdict: the spot desktop Market ticket at 313. 313x672 = strip Frame 299 313x52 + body Frame 300 313x620 [Frame 355 281x200, CTA/button 281x48, Frame 357 281x66, CTA/button 281x36]. The 313x672 desktop ticket: strip 52 over a 620 body, measured on 3899-7131 / 3900-7416 (spot) and 7886:93224 (perps, PerpOrderEntry.figma.test). Type and control internals not re-measured on this node.	1440=partial 768=n-a 375=n-a @2026-09-09/wave39-trade
On:Hover [9002-162005]	partial	src/components/trade/AIConfidenceStrip.tsx	/spot	MEASURED ON THE NODE from the page tree, first verdict. On:Hover 708x52: Ellipse 24 438x439, Frame 1 676x40, Overlay 708x52, CTA/button 160x32. The band's HOVER state at 708: the same shell (Frame 1 676x40) under an Overlay with a 160x32 CTA/button. AIConfidenceStrip has no hover CTA; what the CTA does is not stated on the node.	1440=n-a 768=partial 375=n-a @2026-09-09/wave39-trade
section [9152-82793]	partial	src/components/trade/PortfolioTabs.tsx	/spot	MEASURED ON THE NODE from the page tree, first verdict. section 1250x234: Frame 299 1250x42, Frame 298 1250x192. A positions/orders SECTION at a width no board carries (1250): a 42-tall tab strip over the body. The strip here is 42 where the 1440 band draws 44 and the 768 band 40 - a third strip height. These sit in the spot cluster beside the 768 boards (canvas x -70447); the likeliest reading is the band at intermediate widths or with the sidebar open, which no code targets. Recorded, not built.	1440=partial 768=n-a 375=n-a @2026-09-09/wave39-trade
PnL post - up with profit ALT [4297-47855]	partial	src/components/trade/perp-v2/ShareTradeModal.tsx	/trade/perps	MEASURED ON THE NODE, first verdict: the share PnL card at 506 (profit variant), 506x506 square, Frame 392 506x506 with a 32x32 Frame 393 close. The smaller boards SCALE the 506 card rather than re-flowing it (Frame 347 363x140 at 506, 321x124 at 448, 254x98 at 354 - all 0.885 and 0.7 of the desktop). FIXED THIS WAVE: the preview column shipped md:w-[506px], so 768 drew the desktop card; it now states md:w-[448px] lg:w-[506px], the split moves from md: to lg: (9153:83086 stacks the 768 sheet 448 wide, 9156:143117 the 375 one 354 wide at x=11), and the dialog is w-[calc(100%-21px)] / md:w-[448px]. REMAINING: both frames put the card between the title row and the controls panel; the tree keeps the title inside the controls column, so below lg the card follows the panel. Card internals are fluid and unmeasured at these two widths.	1440=partial 768=n-a 375=n-a @2026-09-09/wave39-trade
PnL post - down with profit ALT [4297-48539]	partial	src/components/trade/perp-v2/ShareTradeModal.tsx	/trade/perps	MEASURED ON THE NODE, first verdict: the LOSS variant of the share card at 506, 506x506 square, same layer set as the profit twin (isProfit flips the chevron direction and the red gradient at ShareTradeModal :236-241). Widths fixed this wave as recorded on the 'up with profit' row at this width; the card's internals are unmeasured at 448 and 354.	1440=partial 768=n-a 375=n-a @2026-09-09/wave39-trade
PnL post - up with profit ALT [9153-85201]	partial	src/components/trade/perp-v2/ShareTradeModal.tsx	/trade/perps	MEASURED ON THE NODE, first verdict: the share PnL card at 448 (profit variant), 448x448 square, Frame 392 448x448 with a 32x32 Frame 393 close. The smaller boards SCALE the 506 card rather than re-flowing it (Frame 347 363x140 at 506, 321x124 at 448, 254x98 at 354 - all 0.885 and 0.7 of the desktop). FIXED THIS WAVE: the preview column shipped md:w-[506px], so 768 drew the desktop card; it now states md:w-[448px] lg:w-[506px], the split moves from md: to lg: (9153:83086 stacks the 768 sheet 448 wide, 9156:143117 the 375 one 354 wide at x=11), and the dialog is w-[calc(100%-21px)] / md:w-[448px]. REMAINING: both frames put the card between the title row and the controls panel; the tree keeps the title inside the controls column, so below lg the card follows the panel. Card internals are fluid and unmeasured at these two widths.	1440=n-a 768=partial 375=n-a @2026-09-09/wave39-trade
PnL post - up with profit ALT [9156-138870]	partial	src/components/trade/perp-v2/ShareTradeModal.tsx	/trade/perps	MEASURED ON THE NODE, first verdict: the share PnL card at 354 (profit variant), 354x354 square, Frame 392 354x354 with a 32x32 Frame 393 close. The smaller boards SCALE the 506 card rather than re-flowing it (Frame 347 363x140 at 506, 321x124 at 448, 254x98 at 354 - all 0.885 and 0.7 of the desktop). FIXED THIS WAVE: the preview column shipped md:w-[506px], so 768 drew the desktop card; it now states md:w-[448px] lg:w-[506px], the split moves from md: to lg: (9153:83086 stacks the 768 sheet 448 wide, 9156:143117 the 375 one 354 wide at x=11), and the dialog is w-[calc(100%-21px)] / md:w-[448px]. REMAINING: both frames put the card between the title row and the controls panel; the tree keeps the title inside the controls column, so below lg the card follows the panel. Card internals are fluid and unmeasured at these two widths.	1440=n-a 768=n-a 375=partial @2026-09-09/wave39-trade
PnL post - down with profit ALT [9153-85888]	partial	src/components/trade/perp-v2/ShareTradeModal.tsx	/trade/perps	MEASURED ON THE NODE, first verdict: the LOSS variant of the share card at 448, 448x448 square, same layer set as the profit twin (isProfit flips the chevron direction and the red gradient at ShareTradeModal :236-241). Widths fixed this wave as recorded on the 'up with profit' row at this width; the card's internals are unmeasured at 448 and 354.	1440=n-a 768=partial 375=n-a @2026-09-09/wave39-trade
PnL post - down with profit ALT [9156-139557]	partial	src/components/trade/perp-v2/ShareTradeModal.tsx	/trade/perps	MEASURED ON THE NODE, first verdict: the LOSS variant of the share card at 354, 354x354 square, same layer set as the profit twin (isProfit flips the chevron direction and the red gradient at ShareTradeModal :236-241). Widths fixed this wave as recorded on the 'up with profit' row at this width; the card's internals are unmeasured at 448 and 354.	1440=n-a 768=n-a 375=partial @2026-09-09/wave39-trade
Advanced functions (approved) [4144-63925]	blocked-on-backend	src/components/trade/order/OrderEntryPanel.tsx	/spot	MEASURED ON THE NODE from the page tree, first verdict. Advanced functions (approved) 1259x1009: Trade panel > advanced - Trigger 313x672, Trade panel > advanced - TP/SL 313x704, Trade panel > advanced - TP/SL 313x746. A SECTION holding three desktop Pro tickets: Trade panel > advanced - Trigger 313x672, TP/SL 313x704, TP/SL 313x746. The spot rail has no trigger or TP/SL order type - orderTypeVisibility.ts hides them (rows 9775-93615 / 9775-91911) - so the two states wait on a chain order type; the 313x672 shell is the measured desktop ticket (3899-7131).	1440=partial 768=n-a 375=n-a @2026-09-09/wave39-trade
Positions - TP/SL [7890-121544]	partial	src/components/trade/perp-v2/PerpPositionsPanel.tsx	/trade/perps	MEASURED ON THE NODE from the page tree, first verdict. Positions - TP/SL 1366x258: section 1366x258. The desktop positions band with TP/SL cells: section 1366x258 = Frame 300 1366x44 strip (bottom menu 1334x40 + a 73-wide white rule) over Frame 298 1366x214 body. The strip is the 44 spotTerminalChrome records for 7710:92861; the body's TP/SL column is the takeProfit / stopLoss pair PerpPositionsPanel draws per frame 4018-40830. Body rows not re-measured this pass.	1440=partial 768=n-a 375=n-a @2026-09-09/wave39-trade
Positions - Pages form [7890-122280]	partial	src/components/trade/perp-v2/PerpPositionsPanel.tsx	/trade/perps	MEASURED ON THE NODE from the page tree, first verdict. Positions - Pages form 1366x312: section 1366x312. The desktop positions band with its PAGER: section 1366x312 = Frame 301 1366x44 strip over Frame 298 1366x268 = Frame 267 1366x214 table + Frame 271 1366x54 pager ('Pages', Frame 988 186x42, '1 - 3 of 3'). The pager is measured to the number by PerpPositionsPanel.pager.figma.test.tsx (7890:122466 / 122468). Body rows not re-measured this pass.	1440=partial 768=n-a 375=n-a @2026-09-09/wave39-trade
Update position modal - on:hover [7890-130783]	partial	src/components/trade/perp-v2/PerpPositionsPanel.tsx	/trade/perps	MEASURED ON THE NODE, first verdict: the Modify TP/SL modal (PerpPositionsPanel docblock 'Update position TP/SL', 2609ff), 564x654. Children: shine 484x484, Frame 480 516x416 [controls 516x16, Frame 200 516x28, Frame 40 516x120, Frame 486 516x108, Frame 484 516x48], Frame 203 516x62, By default, TP/SL orders apply to the entire position and are canceled when the position is closed. A market order is triggered when the stop loss or take profit price is reached. If configured, the TP/SL order will be for that size, regardless of future position changes. 516x48. The 448 and 564 stops are the component's (body 424 / 516 inside them). FIXED THIS WAVE for 375: w-[calc(100%-2rem)] (343) is now w-[calc(100%-21px)] (354), which is where 9154:124670 sits (x=11 on the 9154:128095 board). The additional-position row and the hover state are not verified in source.	1440=partial 768=n-a 375=n-a @2026-09-09/wave39-trade
Update position modal - on:hover - additional position [7890-130857]	partial			MEASURED ON THE NODE from the page tree, first verdict. Update position modal - on:hover - additional position 564x712: shine 484x484, Frame 480 516x474, Frame 203 516x62, By default, TP/SL orders apply to the entire position and are canceled when the position is closed. A market order is triggered when the stop loss or take profit price is reached. If configured, the TP/SL order will be for that size, regardless of future position changes. 516x48. Measured box only; family not classified by this pass.	1440=n-a 768=n-a 375=partial @2026-09-09/wave39-trade
Trade panel - Long [3903-25954]	partial	src/components/trade/perp-v2/PerpOrderEntry.tsx	/trade/perps	MEASURED ON THE NODE, first verdict: the perps Long/Short ticket at 313. 313x672 = strip Frame 300 313x52 + body Frame 301 313x620 [Frame 355 281x334, CTA/button 281x48, Frame 357 281x66, CTA/button 281x36]. The 313x672 desktop ticket: strip 52 over a 620 body, measured on 3899-7131 / 3900-7416 (spot) and 7886:93224 (perps, PerpOrderEntry.figma.test). Type and control internals not re-measured on this node.	1440=partial 768=n-a 375=n-a @2026-09-09/wave39-trade
Trade panel - Short [3903-26048]	partial	src/components/trade/perp-v2/PerpOrderEntry.tsx	/trade/perps	MEASURED ON THE NODE, first verdict: the perps Long/Short ticket at 313. 313x672 = strip Frame 299 313x52 + body Frame 301 313x620 [Frame 355 281x334, CTA/button 281x48, Frame 357 281x66, CTA/button 281x36]. The 313x672 desktop ticket: strip 52 over a 620 body, measured on 3899-7131 / 3900-7416 (spot) and 7886:93224 (perps, PerpOrderEntry.figma.test). Type and control internals not re-measured on this node.	1440=partial 768=n-a 375=n-a @2026-09-09/wave39-trade
Trade panel - Short with value [3903-26142]	partial	src/components/trade/perp-v2/PerpOrderEntry.tsx	/trade/perps	MEASURED ON THE NODE, first verdict: the perps Long/Short ticket at 313. 313x672 = strip Frame 300 313x52 + body Frame 301 313x620 [Frame 355 281x334, CTA/button 281x48, Frame 357 281x66, CTA/button 281x36]. The 313x672 desktop ticket: strip 52 over a 620 body, measured on 3899-7131 / 3900-7416 (spot) and 7886:93224 (perps, PerpOrderEntry.figma.test). Type and control internals not re-measured on this node.	1440=partial 768=n-a 375=n-a @2026-09-09/wave39-trade
AI card - shouty [7679-71122]	partial	src/components/trade/AIConfidenceStrip.tsx	/spot	MEASURED ON THE NODE from the page tree, first verdict. AI card - shouty 764x58: Ellipse 24 438x439, Frame 1 732x40. The 764x58 AI band, 'shouty' variant: Frame 1 732x40 = Frame 6 217x34 | Frame 8 167x22 | Frame 9 114x18 on the same shell SPOT_FRAME_FACTS measured on 7710:91552 (px 16 / py 8, gap 16, dashed stroke). The shouty copy variant is not distinguished in AIConfidenceStrip; the shell matches.	1440=n-a 768=partial 375=n-a @2026-09-09/wave39-trade
sidebar - open - spot [7746-180909]	partial	src/components/layout/LeftSidebar.tsx	/spot	MEASURED ON THE NODE from the page tree, first verdict. sidebar - open - spot 248x844: Top main 232x350, main bottom 232x192. HAND-OFF: the open left sidebar at 248 (Top main 232x350 + main bottom 232x192 (bottom 232x130, a 200 rule, Frame 219 232x42) - the spot variant whose 'Layout settings' row Spot.tsx already honours via ?layout=settings). src/components/layout/LeftSidebar.tsx is not in this lane's ownership; recorded for whichever lane holds the shell.	1440=partial 768=n-a 375=n-a @2026-09-09/wave39-trade
dropdown-3 [7890-128681]	done	src/components/trade/perp-v2/PerpPositionsPanel.tsx	/trade/perps	MEASURED ON THE NODE with get_design_context and FIXED THIS WAVE: the desktop positions row menu, 200x84 = 8 + 30 + 8 + 30 + 8 on a 12px corner, fill #122524, 1px #123F3C stroke, 0/4/12 shadow at 24%; rows 184x30 on 6/8 padding with a 16px glyph, gap 8, Manrope 14/18 at -0.56, the hovered row filled #123F3C. The desktop table's menu shared RECORD_MENU_CLASS with the phone card (160x80, r8, 12/14 - measured on 9804:138571); it now has RECORD_MENU_DESKTOP_CLASS (min-w-200, r12) and 14/18 items. COPY NOT CHANGED: the frame reads 'Modify position' and 'Delete position' (red); the menu reads 'Modify TP/SL' and 'Share Position'. DECISION FOR CASEY: 'Delete position' is a market close on a money path - it is not wired from this menu without a ruling.	1440=partial 768=n-a 375=n-a @2026-09-09/wave39-trade
dropdown - filter [7890-139989]	done	src/components/trade/perp-v2/PerpPositionsPanel.tsx	/trade/perps	MEASURED ON THE NODE with get_design_context and FIXED THIS WAVE. 137x160: 8px inset, 8px gutter, fill #122524, 0/4/12 shadow at 24%, no stroke, 12px corner; rows 121x30 on 6/8 padding, Manrope 14/18 at -0.56 (the pager oracle's numbers). The popover shipped the 137 / r12 / 14-18 desktop stop at every width; it now states w-[100px] rounded-[8px] border at base, md:w-[120px] and lg:w-[137px] lg:rounded-[12px] lg:border-0, and the rows step 12/14 -> 12/16 -> 14/18. Pinned in PerpPositionsPanel.pager.figma.test.tsx ('steps the popover down to the 768 and 375 boards'). NOT BUILT, deliberately: the frame's four rows are All / Active / Long / Short and the panel offers three - every position this rail lists is open, so 'Active' has no distinct set to filter to.	1440=partial 768=n-a 375=n-a @2026-09-09/wave39-trade
dropdown - filter [9152-89094]	done	src/components/trade/perp-v2/PerpPositionsPanel.tsx	/trade/perps	MEASURED ON THE NODE with get_design_context and FIXED THIS WAVE. 120x152: 8px inset, 8px gutter, fill #122524, 0/4/12 shadow at 24%, a 1px #123F3C stroke the 1440 node does not draw, rounded-lg = 8 in the Figma collection; rows 104x28 on Manrope 12/16 at -0.48, the current row filled #123F3C. The popover shipped the 137 / r12 / 14-18 desktop stop at every width; it now states w-[100px] rounded-[8px] border at base, md:w-[120px] and lg:w-[137px] lg:rounded-[12px] lg:border-0, and the rows step 12/14 -> 12/16 -> 14/18. Pinned in PerpPositionsPanel.pager.figma.test.tsx ('steps the popover down to the 768 and 375 boards'). NOT BUILT, deliberately: the frame's four rows are All / Active / Long / Short and the panel offers three - every position this rail lists is open, so 'Active' has no distinct set to filter to.	1440=n-a 768=partial 375=n-a @2026-09-09/wave39-trade
dropdown - filter [9156-133437]	done	src/components/trade/perp-v2/PerpPositionsPanel.tsx	/trade/perps	MEASURED ON THE NODE with get_design_context and FIXED THIS WAVE. 100x144: 8px inset, 8px gutter, fill #122524, 0/4/12 shadow at 24%, a 1px #123F3C stroke the 1440 node does not draw, rounded-lg = 8 in the Figma collection; rows 84x26 on Manrope 12/14 at -0.48, the current row filled #123F3C. The popover shipped the 137 / r12 / 14-18 desktop stop at every width; it now states w-[100px] rounded-[8px] border at base, md:w-[120px] and lg:w-[137px] lg:rounded-[12px] lg:border-0, and the rows step 12/14 -> 12/16 -> 14/18. Pinned in PerpPositionsPanel.pager.figma.test.tsx ('steps the popover down to the 768 and 375 boards'). NOT BUILT, deliberately: the frame's four rows are All / Active / Long / Short and the panel offers three - every position this rail lists is open, so 'Active' has no distinct set to filter to.	1440=n-a 768=n-a 375=partial @2026-09-09/wave39-trade
Frame 456 [8994-76734]	partial	src/components/trade/order/OrderEntryPanel.tsx	/spot	MEASURED ON THE NODE, first verdict: the spot Limit ticket at 375. 375x578 = strip Frame 299 375x36 + body Frame 270 375x542 [Frame 355 351x222, CTA/button 351x46, Frame 356 351x74, CTA/button 351x32]. The 375 spot ticket was measured end to end by waves 29, 30 and 35 on 9774-91774 / 9774-83802 / 9774-82207 (strip 36, body pad 16/12/80/12, gap 24); the perps one on 9153-86643 (wave 34, 44px touch-floor correction). Type and control internals not re-measured on this node.	1440=n-a 768=n-a 375=partial @2026-09-09/wave39-trade
Frame 1220 [8994-77492]	partial	src/components/trade/order/OrderEntryPanel.tsx	/spot	MEASURED ON THE NODE, first verdict: the spot Limit ticket at 375. 375x578 = strip Frame 299 375x36 + body Frame 270 375x542 [Frame 355 351x222, CTA/button 351x46, Frame 356 351x74, CTA/button 351x32]. The 375 spot ticket was measured end to end by waves 29, 30 and 35 on 9774-91774 / 9774-83802 / 9774-82207 (strip 36, body pad 16/12/80/12, gap 24); the perps one on 9153-86643 (wave 34, 44px touch-floor correction). Type and control internals not re-measured on this node.	1440=n-a 768=n-a 375=partial @2026-09-09/wave39-trade
Frame 1221 [8994-77623]	partial	src/components/trade/order/OrderEntryPanel.tsx	/spot	MEASURED ON THE NODE, first verdict: the spot Limit ticket at 375. 375x578 = strip Frame 299 375x36 + body Frame 270 375x542 [Frame 355 351x222, CTA/button 351x46, Frame 356 351x74, CTA/button 351x32]; dropdown-3 130x110 = the order-type menu open (three 114x26 rows). The 375 spot ticket was measured end to end by waves 29, 30 and 35 on 9774-91774 / 9774-83802 / 9774-82207 (strip 36, body pad 16/12/80/12, gap 24); the perps one on 9153-86643 (wave 34, 44px touch-floor correction). Type and control internals not re-measured on this node.	1440=n-a 768=n-a 375=partial @2026-09-09/wave39-trade
Frame 1222 [8994-77761]	blocked-on-backend	src/components/trade/order/OrderEntryPanel.tsx	/spot	MEASURED ON THE NODE, first verdict: the spot Trigger ticket at 375. 375x626 = strip Frame 299 375x36 + body Frame 270 375x590 [Frame 355 351x270, CTA/button 351x46, Frame 356 351x74, CTA/button 351x32]. The 375 spot ticket was measured end to end by waves 29, 30 and 35 on 9774-91774 / 9774-83802 / 9774-82207 (strip 36, body pad 16/12/80/12, gap 24); the perps one on 9153-86643 (wave 34, 44px touch-floor correction). BLOCKED: the spot rail has no trigger or TP/SL order type - orderTypeVisibility.ts hides them, per the 9775-93615 / 9775-91911 rows. Build waits on a chain order type, not on layout.	1440=n-a 768=n-a 375=partial @2026-09-09/wave39-trade
Frame 1223 [8994-77870]	blocked-on-backend	src/components/trade/order/OrderEntryPanel.tsx	/spot	MEASURED ON THE NODE, first verdict: the spot TP/SL ticket at 375. 375x722 = strip Frame 299 375x36 + body Frame 270 375x686 [Frame 355 351x366, CTA/button 351x46, Frame 356 351x74, CTA/button 351x32]. The 375 spot ticket was measured end to end by waves 29, 30 and 35 on 9774-91774 / 9774-83802 / 9774-82207 (strip 36, body pad 16/12/80/12, gap 24); the perps one on 9153-86643 (wave 34, 44px touch-floor correction). BLOCKED: the spot rail has no trigger or TP/SL order type - orderTypeVisibility.ts hides them, per the 9775-93615 / 9775-91911 rows. Build waits on a chain order type, not on layout.	1440=n-a 768=n-a 375=partial @2026-09-09/wave39-trade
Frame 1224 [8994-78004]	partial	src/components/trade/order/OrderEntryPanel.tsx	/spot	MEASURED ON THE NODE, first verdict: the spot Scaled ticket at 375. 375x760 = strip Frame 299 375x36 + body Frame 270 375x724 [Frame 355 351x404, CTA/button 351x46, Frame 356 351x74, CTA/button 351x32]. The 375 spot ticket was measured end to end by waves 29, 30 and 35 on 9774-91774 / 9774-83802 / 9774-82207 (strip 36, body pad 16/12/80/12, gap 24); the perps one on 9153-86643 (wave 34, 44px touch-floor correction). Type and control internals not re-measured on this node.	1440=n-a 768=n-a 375=partial @2026-09-09/wave39-trade
Trade panel - Long [9153-118323]	partial	src/components/trade/perp-v2/PerpOrderEntry.tsx	/trade/perps	MEASURED ON THE NODE, first verdict: the perps Long/Short ticket at 375. 375x688 = strip Frame 299 375x36 + body Frame 270 375x652 [Frame 355 351x332, CTA/button 351x46, Frame 356 351x74, CTA/button 351x32]. The 375 spot ticket was measured end to end by waves 29, 30 and 35 on 9774-91774 / 9774-83802 / 9774-82207 (strip 36, body pad 16/12/80/12, gap 24); the perps one on 9153-86643 (wave 34, 44px touch-floor correction). Type and control internals not re-measured on this node.	1440=n-a 768=n-a 375=partial @2026-09-09/wave39-trade
modal - confirm order SHORT [9154-123038]	partial	src/components/trade/perp-v2/PerpConfirmOrderModal.tsx	/trade/perps	MEASURED ON THE NODE, first verdict: the SHORT twin of the confirm modal, 354x378 = the same box as the LONG frames the component documents (3976:40708 564x490 / 9148:80644 448x394 / 9154:121514 354x378). Children: shine 484x484, Frame 480 330x248, You pay no gas. The order will be confirmed within a few seconds. 326x14, Frame 203 330x44. The CTA follows the side (isLong at :72, bg-skai-red/24 at :163), so no SHORT-only code exists to measure. FIXED THIS WAVE for the 375 stop: DialogContent now states w-[calc(100%-21px)] - the 9154:121608 board puts the modal at x=11 in a 375 Overlay, i.e. 354 wide, where the primitive's calc(100% - 2rem) landed 343. Remaining as on the LONG rows (wave 9: part-fixed, type ramp at md).	1440=n-a 768=n-a 375=partial @2026-09-09/wave39-trade
section [9152-92016]	partial	src/components/trade/PortfolioTabs.tsx	/spot	MEASURED ON THE NODE from the page tree, first verdict. section 1010x450: Frame 299 1010x42, Vector 1 67x0, Frame 298 1010x408. A positions/orders SECTION at a width no board carries (1010): a 42-tall tab strip over the body. The strip here is 42 where the 1440 band draws 44 and the 768 band 40 - a third strip height. These sit in the spot cluster beside the 768 boards (canvas x -70447); the likeliest reading is the band at intermediate widths or with the sidebar open, which no code targets. Recorded, not built.	1440=n-a 768=partial 375=n-a @2026-09-09/wave39-trade
section [9152-91623]	partial	src/components/trade/PortfolioTabs.tsx	/spot	MEASURED ON THE NODE from the page tree, first verdict. section 950x390: Frame 299 950x42, Vector 1 95x0, Frame 1280 950x348. A positions/orders SECTION at a width no board carries (950): a 42-tall tab strip over the body. The strip here is 42 where the 1440 band draws 44 and the 768 band 40 - a third strip height. These sit in the spot cluster beside the 768 boards (canvas x -70447); the likeliest reading is the band at intermediate widths or with the sidebar open, which no code targets. Recorded, not built.	1440=n-a 768=partial 375=n-a @2026-09-09/wave39-trade
section [9150-79379]	partial	src/components/trade/PortfolioTabs.tsx	/spot	MEASURED ON THE NODE from the page tree, first verdict. section 1250x288: Frame 299 1250x42, Frame 298 1250x192, Frame 271 1250x54. A positions/orders SECTION at a width no board carries (1250): a 42-tall tab strip over the body plus a 54-tall pager row (Pages / Frame 988 186x42 / '1 - 3 of 3'). The strip here is 42 where the 1440 band draws 44 and the 768 band 40 - a third strip height. These sit in the spot cluster beside the 768 boards (canvas x -70447); the likeliest reading is the band at intermediate widths or with the sidebar open, which no code targets. Recorded, not built.	1440=partial 768=n-a 375=n-a @2026-09-09/wave39-trade
section [9152-85551]	partial	src/components/trade/PortfolioTabs.tsx	/spot	MEASURED ON THE NODE from the page tree, first verdict. section 1000x210: Frame 299 1000x42, Vector 1 36x0, Frame 300 1000x168. A positions/orders SECTION at a width no board carries (1000): a 42-tall tab strip over the body. The strip here is 42 where the 1440 band draws 44 and the 768 band 40 - a third strip height. These sit in the spot cluster beside the 768 boards (canvas x -70447); the likeliest reading is the band at intermediate widths or with the sidebar open, which no code targets. Recorded, not built.	1440=n-a 768=partial 375=n-a @2026-09-09/wave39-trade
section [9150-79555]	partial	src/components/trade/PortfolioTabs.tsx	/spot	MEASURED ON THE NODE from the page tree, first verdict. section 1250x234: Frame 299 1250x42, Frame 298 1250x192. A positions/orders SECTION at a width no board carries (1250): a 42-tall tab strip over the body. The strip here is 42 where the 1440 band draws 44 and the 768 band 40 - a third strip height. These sit in the spot cluster beside the 768 boards (canvas x -70447); the likeliest reading is the band at intermediate widths or with the sidebar open, which no code targets. Recorded, not built.	1440=partial 768=n-a 375=n-a @2026-09-09/wave39-trade
section [9152-87497]	partial	src/components/trade/PortfolioTabs.tsx	/spot	MEASURED ON THE NODE from the page tree, first verdict. section 1350x234: Vector 1 84x0, Frame 299 1350x42, Frame 301 1350x192, dropdown-3 180x44. A positions/orders SECTION at a width no board carries (1350): a 42-tall tab strip over the body with a 180x44 dropdown-3 open. The strip here is 42 where the 1440 band draws 44 and the 768 band 40 - a third strip height. These sit in the spot cluster beside the 768 boards (canvas x -70447); the likeliest reading is the band at intermediate widths or with the sidebar open, which no code targets. Recorded, not built.	1440=partial 768=n-a 375=n-a @2026-09-09/wave39-trade
modal - confirm order SHORT [9148-82240]	partial	src/components/trade/perp-v2/PerpConfirmOrderModal.tsx	/trade/perps	MEASURED ON THE NODE, first verdict: the SHORT twin of the confirm modal, 448x394 = the same box as the LONG frames the component documents (3976:40708 564x490 / 9148:80644 448x394 / 9154:121514 354x378). Children: Frame 480 424x256, shine 484x484, You pay no gas. The order will be confirmed within a few seconds. 326x16, Frame 203 424x50. The CTA follows the side (isLong at :72, bg-skai-red/24 at :163), so no SHORT-only code exists to measure. FIXED THIS WAVE for the 375 stop: DialogContent now states w-[calc(100%-21px)] - the 9154:121608 board puts the modal at x=11 in a 375 Overlay, i.e. 354 wide, where the primitive's calc(100% - 2rem) landed 343. Remaining as on the LONG rows (wave 9: part-fixed, type ramp at md).	1440=n-a 768=partial 375=n-a @2026-09-09/wave39-trade
Frame 1264 [9081-267317]	unknown			MEASURED ON THE NODE from the page tree, first verdict. Frame 1264 910x146: Frame 626 910x146. A three-row list table at 910 wide: Frame 591 header 910x22 (Frame 585 + a rule) over Frame 357 with three 'content' rows (22 tall) on hairlines. Sits at canvas (20637,3813) beside the chart-settings boards (9069 / 9780), at a width no board carries; the columns were not read, so which list this is (Trades, Orders, Assets) is not settled. Recorded so nobody re-discovers it; no file named until the header is read.	1440=n-a 768=partial 375=n-a @2026-09-09/wave39-trade
Frame 1267 [9081-268243]	unknown			MEASURED ON THE NODE from the page tree, first verdict. Frame 1267 490x167: Frame 626 490x166. A three-row list table at 490 wide: Frame 591 header 490x22 (Frame 585 + a rule) over Frame 357 with three 'content' rows (32 tall) on hairlines. Sits at canvas (20637,6241) beside the chart-settings boards (9069 / 9780), at a width no board carries; the columns were not read, so which list this is (Trades, Orders, Assets) is not settled. Recorded so nobody re-discovers it; no file named until the header is read.	1440=n-a 768=n-a 375=partial @2026-09-09/wave39-trade
Frame 1271 [9106-77805]	partial	src/components/trade/perp-v2/PerpOrderEntry.tsx	/trade/perps	MEASURED ON THE NODE, first verdict: the perps Long/Short ticket at 730. 730x752 = strip Frame 299 730x48 + body Frame 270 730x704 [Frame 355 698x352, CTA/button 698x48, Frame 356 698x80, CTA/button 698x40]. Two strip heights coexist on this page at 730: the 9045 series draws Frame 299 730x40 and the 8994 series 730x48 (this one is 48); wave 35 measured the 730 body on 9045-168925 (pad 16/16/96/16). Perps 730 measured on 9137-86763 (wave 34). Type and control internals not re-measured on this node.	1440=n-a 768=partial 375=n-a @2026-09-09/wave39-trade
Trade panel - Long [9105-77267]	partial	src/components/trade/perp-v2/PerpOrderEntry.tsx	/trade/perps	MEASURED ON THE NODE, first verdict: the perps Long/Short ticket at 730. 730x752 = strip Frame 299 730x48 + body Frame 270 730x704 [Frame 355 698x352, CTA/button 698x48, Frame 356 698x80, CTA/button 698x40]. Two strip heights coexist on this page at 730: the 9045 series draws Frame 299 730x40 and the 8994 series 730x48 (this one is 48); wave 35 measured the 730 body on 9045-168925 (pad 16/16/96/16). Perps 730 measured on 9137-86763 (wave 34). Type and control internals not re-measured on this node.	1440=n-a 768=partial 375=n-a @2026-09-09/wave39-trade
Trade panel - Short [9105-77093]	partial	src/components/trade/perp-v2/PerpOrderEntry.tsx	/trade/perps	MEASURED ON THE NODE, first verdict: the perps Long/Short ticket at 730. 730x752 = strip Frame 299 730x48 + body Frame 270 730x704 [Frame 355 698x352, CTA/button 698x48, Frame 356 698x80, CTA/button 698x40]. Two strip heights coexist on this page at 730: the 9045 series draws Frame 299 730x40 and the 8994 series 730x48 (this one is 48); wave 35 measured the 730 body on 9045-168925 (pad 16/16/96/16). Perps 730 measured on 9137-86763 (wave 34). Type and control internals not re-measured on this node.	1440=n-a 768=partial 375=n-a @2026-09-09/wave39-trade
Trade panel - Short with value [9105-77432]	partial	src/components/trade/perp-v2/PerpOrderEntry.tsx	/trade/perps	MEASURED ON THE NODE, first verdict: the perps Long/Short ticket at 730. 730x752 = strip Frame 299 730x48 + body Frame 270 730x704 [Frame 355 698x352, CTA/button 698x48, Frame 356 698x80, CTA/button 698x40]. Two strip heights coexist on this page at 730: the 9045 series draws Frame 299 730x40 and the 8994 series 730x48 (this one is 48); wave 35 measured the 730 body on 9045-168925 (pad 16/16/96/16). Perps 730 measured on 9137-86763 (wave 34). Type and control internals not re-measured on this node.	1440=n-a 768=partial 375=n-a @2026-09-09/wave39-trade
Trade panel - buy [9045-170329]	partial	src/components/trade/order/OrderEntryPanel.tsx	/spot	MEASURED ON THE NODE, first verdict: the spot Market ticket at 730. 730x610 = strip Frame 299 730x40 + body Frame 270 730x570 [Frame 355 698x218, CTA/button 698x48, Frame 356 698x80, CTA/button 698x40]. Two strip heights coexist on this page at 730: the 9045 series draws Frame 299 730x40 and the 8994 series 730x48 (this one is 40); wave 35 measured the 730 body on 9045-168925 (pad 16/16/96/16). Perps 730 measured on 9137-86763 (wave 34). Type and control internals not re-measured on this node.	1440=n-a 768=partial 375=n-a @2026-09-09/wave39-trade
Trade panel - sell [9045-170453]	partial	src/components/trade/order/OrderEntryPanel.tsx	/spot	MEASURED ON THE NODE, first verdict: the spot Market ticket at 730. 730x610 = strip Frame 299 730x40 + body Frame 270 730x570 [Frame 355 698x218, CTA/button 698x48, Frame 356 698x80, CTA/button 698x40]. Two strip heights coexist on this page at 730: the 9045 series draws Frame 299 730x40 and the 8994 series 730x48 (this one is 40); wave 35 measured the 730 body on 9045-168925 (pad 16/16/96/16). Perps 730 measured on 9137-86763 (wave 34). Type and control internals not re-measured on this node.	1440=n-a 768=partial 375=n-a @2026-09-09/wave39-trade
Trade panel - sell with value [9045-170740]	partial	src/components/trade/order/OrderEntryPanel.tsx	/spot	MEASURED ON THE NODE, first verdict: the spot Market ticket at 730. 730x610 = strip Frame 299 730x40 + body Frame 270 730x570 [Frame 355 698x218, CTA/button 698x48, Frame 356 698x80, CTA/button 698x40]. Two strip heights coexist on this page at 730: the 9045 series draws Frame 299 730x40 and the 8994 series 730x48 (this one is 40); wave 35 measured the 730 body on 9045-168925 (pad 16/16/96/16). Perps 730 measured on 9137-86763 (wave 34). Type and control internals not re-measured on this node.	1440=n-a 768=partial 375=n-a @2026-09-09/wave39-trade
Frame 1233 [9045-174613]	blocked-on-backend	src/components/trade/order/OrderEntryPanel.tsx	/spot	MEASURED ON THE NODE, first verdict: the spot Trigger ticket at 730. 730x692 = strip Frame 299 730x40 + body Frame 270 730x652 [Frame 355 698x300, CTA/button 698x48, Frame 356 698x80, CTA/button 698x40]. Two strip heights coexist on this page at 730: the 9045 series draws Frame 299 730x40 and the 8994 series 730x48 (this one is 40); wave 35 measured the 730 body on 9045-168925 (pad 16/16/96/16). Perps 730 measured on 9137-86763 (wave 34). BLOCKED: the spot rail has no trigger or TP/SL order type - orderTypeVisibility.ts hides them, per the 9775-93615 / 9775-91911 rows. Build waits on a chain order type, not on layout.	1440=n-a 768=partial 375=n-a @2026-09-09/wave39-trade
Frame 1234 [9045-174230]	blocked-on-backend	src/components/trade/order/OrderEntryPanel.tsx	/spot	MEASURED ON THE NODE, first verdict: the spot TP/SL ticket at 730. 730x800 = strip Frame 299 730x40 + body Frame 270 730x760 [Frame 355 698x408, CTA/button 698x48, Frame 356 698x80, CTA/button 698x40]. Two strip heights coexist on this page at 730: the 9045 series draws Frame 299 730x40 and the 8994 series 730x48 (this one is 40); wave 35 measured the 730 body on 9045-168925 (pad 16/16/96/16). Perps 730 measured on 9137-86763 (wave 34). BLOCKED: the spot rail has no trigger or TP/SL order type - orderTypeVisibility.ts hides them, per the 9775-93615 / 9775-91911 rows. Build waits on a chain order type, not on layout.	1440=n-a 768=partial 375=n-a @2026-09-09/wave39-trade
Frame 1235 [9045-174360]	partial	src/components/trade/order/OrderEntryPanel.tsx	/spot	MEASURED ON THE NODE, first verdict: the spot Scaled ticket at 730. 730x836 = strip Frame 299 730x40 + body Frame 270 730x796 [Frame 355 698x444, CTA/button 698x48, Frame 356 698x80, CTA/button 698x40]. Two strip heights coexist on this page at 730: the 9045 series draws Frame 299 730x40 and the 8994 series 730x48 (this one is 40); wave 35 measured the 730 body on 9045-168925 (pad 16/16/96/16). Perps 730 measured on 9137-86763 (wave 34). Type and control internals not re-measured on this node.	1440=n-a 768=partial 375=n-a @2026-09-09/wave39-trade
Frame 1238 [9050-210827]	partial	src/components/trade/native-chart/CandleChart.tsx	/spot	MEASURED ON THE NODE from the page tree, first verdict. Frame 1238 708x710: Frame 6 708x58, Frame 11 708x52, Frame 1230 708x584. The tablet chart COLUMN detached: Frame 6 708x58 + Frame 11 708x52 + Frame 1230 708x584 (Frame 299 708x40 tab row over TradingView 708x544) - the 58 / 52 / 40 + 544 the shell already resolves for 9002-157018. Matches the page layer.	1440=n-a 768=partial 375=n-a @2026-09-09/wave39-trade
dropdown-time [9002-161526]	partial	src/components/trade/native-chart/CandleChart.tsx	/spot	MEASURED ON THE NODE from the page tree, first verdict. dropdown-time 180x492: item 160x26, item 160x26, item 160x26, item 160x26, item 160x26, item 160x26, item 160x26, item 160x26, item 160x26, item 160x26, item 160x26, item 160x26, item 160x26, item 160x26, item 160x26, item 160x26, Frame 476 4x141. The timeframe menu at 180: 17 rows of 160x26 on a 180-wide panel - 26-tall rows where the desktop menu 7679-71196 (done, wave 17) draws 183x28 on a 32 pitch. A step down the ramp at both smaller boards; the native chart's timeframe menu carries the desktop row height at every width until measured here.	1440=n-a 768=partial 375=n-a @2026-09-09/wave39-trade
dropdown-time [9061-258382]	partial	src/components/trade/native-chart/CandleChart.tsx	/spot	MEASURED ON THE NODE from the page tree, first verdict. dropdown-time 375x492: Frame 476 4x141, item 355x26, item 355x26, item 355x26, item 355x26, item 355x26, item 355x26, item 355x26, item 355x26, item 355x26, item 355x26, item 355x26, item 355x26, item 355x26, item 355x26, item 355x26, item 355x26. The timeframe menu at 375: 17 rows of 355x26 on a 375-wide edge-to-edge panel with a 4x141 scrollbar (Frame 476) - 26-tall rows where the desktop menu 7679-71196 (done, wave 17) draws 183x28 on a 32 pitch. A step down the ramp at both smaller boards; the native chart's timeframe menu carries the desktop row height at every width until measured here.	1440=n-a 768=n-a 375=partial @2026-09-09/wave39-trade
AI alert types [9002-162080]	partial	src/components/trade/AIConfidenceStrip.tsx	/spot	MEASURED ON THE NODE from the page tree, first verdict. AI alert types 708x112: Frame 1232 708x52, Frame 1231 708x52. Two stacked AI bands (708x52 each, the tablet shell with Frame 1 684x40) = the alert-type variants of the band at 708. AIConfidenceStrip draws one band; the alert variants (which alert types exist and when each shows) are not distinguished in source.	1440=n-a 768=partial 375=n-a @2026-09-09/wave39-trade
Trade panel - Limit [9045-170994]	partial	src/components/trade/order/OrderEntryPanel.tsx	/spot	MEASURED ON THE NODE, first verdict: the spot Limit ticket at 730. 730x638 = strip Frame 299 730x40 + body Frame 270 730x598 [Frame 355 698x246, CTA/button 698x48, Frame 356 698x80, CTA/button 698x40]. Two strip heights coexist on this page at 730: the 9045 series draws Frame 299 730x40 and the 8994 series 730x48 (this one is 40); wave 35 measured the 730 body on 9045-168925 (pad 16/16/96/16). Perps 730 measured on 9137-86763 (wave 34). Type and control internals not re-measured on this node.	1440=n-a 768=partial 375=n-a @2026-09-09/wave39-trade
Frame 1248 [9059-238612]	partial	src/components/trade/MarketSearchModal.tsx	/spot	MEASURED ON THE NODE from the page tree, first verdict. Frame 1248 534x386: input top 534x388. The market-search LIST detached at 534: Header 534x14 (Trading pairs 175 / Last price 56 / 24h change 88 / Volume 75 / Market cap. 124) over Frame 465 534x362 = nine content rows (40, then 32s, then 34). The 534 belongs to the 558 'modal' beside it, a stop no board carries.	1440=n-a 768=partial 375=n-a @2026-09-09/wave39-trade
Frame 1249 [9059-238601]	partial	src/components/trade/MarketSearchModal.tsx	/spot	MEASURED ON THE NODE from the page tree, first verdict. Frame 1249 534x18: nav 534x18. The market-search TAB NAV detached at 534x18: a 67x16 CTA, Frame 404 41x18, a 30x14 CTA, then AI 10 / Gaming 40 / Trending 46 / Stocks 36 on 14px leading. Belongs to the 558 'modal'.	1440=n-a 768=partial 375=n-a @2026-09-09/wave39-trade
Select pair - USDC [9048-192225]	partial	src/components/trade/MarketSearchModal.tsx	/spot	MEASURED ON THE NODE from the page tree, first verdict. Select pair - USDC 680x586: shine 484x484, controls 656x18, Frame 466 656x36, Frame 373 152x32, input top 656x404. The 768 market-search panel, 680x586: controls 656x18 (search hint + 16px close), Frame 466 656x36 tab nav between two rules, Frame 373 152x32 chain chips (four 32px circles + All), input top 656x404 (Header 656x14 + Frame 465 656x378 list). Wave 17 measured and fixed the 680x586 tablet panel on 9050-206715 (r16, pad 24/12, rules #123F3C); the desktop twins 3962-34721 / 34884 and phone twins 9061-240109 / 240254 are wave 27's. Row ramp at 768 recorded on 9148-79309.	1440=n-a 768=partial 375=n-a @2026-09-09/wave39-trade
Select pair - Favorites [9048-192507]	partial	src/components/trade/MarketSearchModal.tsx	/spot	MEASURED ON THE NODE from the page tree, first verdict. Select pair - Favorites 680x586: shine 484x484, controls 656x18, Frame 466 656x36, Frame 373 152x32, input top 656x110. The 768 market-search panel, 680x586: controls 656x18 (search hint + 16px close), Frame 466 656x36 tab nav between two rules, Frame 373 152x32 chain chips (four 32px circles + All), input top 656x110 (Header + an 84-tall two-row list - the Favorites tab). Wave 17 measured and fixed the 680x586 tablet panel on 9050-206715 (r16, pad 24/12, rules #123F3C); the desktop twins 3962-34721 / 34884 and phone twins 9061-240109 / 240254 are wave 27's. Row ramp at 768 recorded on 9148-79309.	1440=n-a 768=partial 375=n-a @2026-09-09/wave39-trade
Frame 1239 [9050-210996]	partial	src/components/trade/native-chart/CandleChart.tsx	/spot	MEASURED ON THE NODE from the page tree, first verdict. Frame 1239 708x584: Frame 300 708x40, TradingView 708x544. The tablet chart SECTION detached: Frame 300 708x40 (bottom menu 684x28 + a 30-wide rule) over TradingView 708x544 = nav 684x27 / Row 2 684x450 / nav 684x27. 40 + 544 = 584, the shell's section; CandleChart's tablet type was closed on 9050-212389 (wave 17). Three near-identical cuts (1239 / 1240 / 1241) differ only in which control is active, which was not read.	1440=n-a 768=partial 375=n-a @2026-09-09/wave39-trade
Frame 1240 [9050-211728]	partial	src/components/trade/native-chart/CandleChart.tsx	/spot	MEASURED ON THE NODE from the page tree, first verdict. Frame 1240 708x584: Frame 300 708x40, TradingView 708x544. The tablet chart SECTION detached: Frame 300 708x40 (bottom menu 684x28 + a 30-wide rule) over TradingView 708x544 = nav 684x27 / Row 2 684x450 / nav 684x27. 40 + 544 = 584, the shell's section; CandleChart's tablet type was closed on 9050-212389 (wave 17). Three near-identical cuts (1239 / 1240 / 1241) differ only in which control is active, which was not read.	1440=n-a 768=partial 375=n-a @2026-09-09/wave39-trade
Frame 1241 [9050-211896]	partial	src/components/trade/native-chart/CandleChart.tsx	/spot	MEASURED ON THE NODE from the page tree, first verdict. Frame 1241 708x584: Frame 300 708x40, TradingView 708x544. The tablet chart SECTION detached: Frame 300 708x40 (bottom menu 684x28 + a 30-wide rule) over TradingView 708x544 = nav 684x27 / Row 2 684x450 / nav 684x27. 40 + 544 = 584, the shell's section; CandleChart's tablet type was closed on 9050-212389 (wave 17). Three near-identical cuts (1239 / 1240 / 1241) differ only in which control is active, which was not read.	1440=n-a 768=partial 375=n-a @2026-09-09/wave39-trade
Tool [9050-211139]	done	src/components/trade/spot/LayoutGrip.tsx	/spot	MEASURED ON THE NODE from the page tree, first verdict. Tool 8x29: icons/action 8x14. The layout grip at 768, 8x29 with an 8x14 icons/action glyph at y=8 - the same node shape measured on 9780-113250 (375) and 7710-92599 (1440): r8 pill, #56C7F3, glyph at 0.64. LayoutGrip.tsx ships h-[29px] w-2 with the 8x14 glyph; source-matched, render not verified this wave.	1440=n-a 768=partial 375=n-a @2026-09-09/wave39-trade
Frame 627 [9081-265513]	unknown			MEASURED ON THE NODE from the page tree, first verdict. Frame 627 966x148: Frame 591 966x24, Frame 357 966x116. A three-row list table at 966 wide: Frame 591 header 966x24 (Frame 585 + a rule) over Frame 357 with three 'content' rows (22 tall) on hairlines. Sits at canvas (18585,3887) beside the chart-settings boards (9069 / 9780), at a width no board carries; the columns were not read, so which list this is (Trades, Orders, Assets) is not settled. Recorded so nobody re-discovers it; no file named until the header is read.	1440=n-a 768=partial 375=n-a @2026-09-09/wave39-trade
sidebar - open [9081-273284]	partial	src/components/layout/LeftSidebar.tsx	/spot	MEASURED ON THE NODE from the page tree, first verdict. sidebar - open 296x812: Frame 1053 280x506, main bottom 280x192. HAND-OFF: the open left sidebar at 296 (Frame 1053 (menu 129x36, Frame 1054 x88, Top main x350) + main bottom x192 (bottom x130, a 276 rule, Frame 219 x42)). src/components/layout/LeftSidebar.tsx is not in this lane's ownership; recorded for whichever lane holds the shell.	1440=partial 768=n-a 375=n-a @2026-09-09/wave39-trade
sidebar - open [9081-273208]	partial	src/components/layout/LeftSidebar.tsx	/spot	MEASURED ON THE NODE from the page tree, first verdict. sidebar - open 318x1024: Frame 1053 302x514, main bottom 302x192. HAND-OFF: the open left sidebar at 318 (Frame 1053 (menu 129x36, Frame 1054 x88, Top main x350) + main bottom x192 (bottom x130, a 276 rule, Frame 219 x42)). src/components/layout/LeftSidebar.tsx is not in this lane's ownership; recorded for whichever lane holds the shell.	1440=n-a 768=partial 375=n-a @2026-09-09/wave39-trade
Frame 1279 [9114-78042]	partial	src/components/trade/perp-v2/PerpOrderEntry.tsx	/trade/perps	MEASURED ON THE NODE, first verdict: the perps Long/Short ticket at 375. 375x688 = strip Frame 299 375x36 + body Frame 270 375x652 [Frame 355 351x332, CTA/button 351x46, Frame 356 351x74, CTA/button 351x32]. The 375 spot ticket was measured end to end by waves 29, 30 and 35 on 9774-91774 / 9774-83802 / 9774-82207 (strip 36, body pad 16/12/80/12, gap 24); the perps one on 9153-86643 (wave 34, 44px touch-floor correction). Type and control internals not re-measured on this node.	1440=n-a 768=n-a 375=partial @2026-09-09/wave39-trade
Trade panel - Short [9114-77711]	partial	src/components/trade/perp-v2/PerpOrderEntry.tsx	/trade/perps	MEASURED ON THE NODE, first verdict: the perps Long/Short ticket at 375. 375x688 = strip Frame 299 375x36 + body Frame 270 375x652 [Frame 355 351x332, CTA/button 351x46, Frame 356 351x74, CTA/button 351x32]. The 375 spot ticket was measured end to end by waves 29, 30 and 35 on 9774-91774 / 9774-83802 / 9774-82207 (strip 36, body pad 16/12/80/12, gap 24); the perps one on 9153-86643 (wave 34, 44px touch-floor correction). Type and control internals not re-measured on this node.	1440=n-a 768=n-a 375=partial @2026-09-09/wave39-trade
Trade panel - Short with value [9114-77881]	partial	src/components/trade/perp-v2/PerpOrderEntry.tsx	/trade/perps	MEASURED ON THE NODE, first verdict: the perps Long/Short ticket at 375. 375x688 = strip Frame 299 375x36 + body Frame 270 375x652 [Frame 355 351x332, CTA/button 351x46, Frame 356 351x74, CTA/button 351x32]. The 375 spot ticket was measured end to end by waves 29, 30 and 35 on 9774-91774 / 9774-83802 / 9774-82207 (strip 36, body pad 16/12/80/12, gap 24); the perps one on 9153-86643 (wave 34, 44px touch-floor correction). Type and control internals not re-measured on this node.	1440=n-a 768=n-a 375=partial @2026-09-09/wave39-trade
Update position modal - on:hover [9152-81212]	partial	src/components/trade/perp-v2/PerpPositionsPanel.tsx	/trade/perps	MEASURED ON THE NODE, first verdict: the Modify TP/SL modal (PerpPositionsPanel docblock 'Update position TP/SL', 2609ff), 448x570. Children: shine 484x484, Frame 480 424x384 [controls 424x16, Frame 200 424x22, Frame 40 424x114, Frame 486 424x104, Frame 484 424x48], Frame 203 424x50, By default, TP/SL orders apply to the entire position and are canceled when the position is closed. A market order is triggered when the stop loss or take profit price is reached. If configured, the TP/SL order will be for that size, regardless of future position changes. 424x64. The 448 and 564 stops are the component's (body 424 / 516 inside them). FIXED THIS WAVE for 375: w-[calc(100%-2rem)] (343) is now w-[calc(100%-21px)] (354), which is where 9154:124670 sits (x=11 on the 9154:128095 board). The additional-position row and the hover state are not verified in source.	1440=n-a 768=partial 375=n-a @2026-09-09/wave39-trade
Update position modal - on:hover - additional position [9152-81278]	partial			MEASURED ON THE NODE from the page tree, first verdict. Update position modal - on:hover - additional position 448x626: shine 484x484, Frame 480 424x440, Frame 203 424x50, By default, TP/SL orders apply to the entire position and are canceled when the position is closed. A market order is triggered when the stop loss or take profit price is reached. If configured, the TP/SL order will be for that size, regardless of future position changes. 424x64. Measured box only; family not classified by this pass.	1440=n-a 768=n-a 375=partial @2026-09-09/wave39-trade
Update position modal - on:hover [9154-124727]	partial	src/components/trade/perp-v2/PerpPositionsPanel.tsx	/trade/perps	MEASURED ON THE NODE, first verdict: the Modify TP/SL modal (PerpPositionsPanel docblock 'Update position TP/SL', 2609ff), 354x560. Children: shine 484x484, Frame 480 330x374 [controls 330x16, Frame 200 330x22, Frame 40 330x108, Frame 486 330x100, Frame 484 330x48], Frame 203 330x44, By default, TP/SL orders apply to the entire position and are canceled when the position is closed. A market order is triggered when the stop loss or take profit price is reached. If configured, the TP/SL order will be for that size, regardless of future position changes. 330x70. The 448 and 564 stops are the component's (body 424 / 516 inside them). FIXED THIS WAVE for 375: w-[calc(100%-2rem)] (343) is now w-[calc(100%-21px)] (354), which is where 9154:124670 sits (x=11 on the 9154:128095 board). The additional-position row and the hover state are not verified in source.	1440=n-a 768=n-a 375=partial @2026-09-09/wave39-trade
Update position modal - on:hover - additional position [9154-124786]	partial			MEASURED ON THE NODE from the page tree, first verdict. Update position modal - on:hover - additional position 354x620: shine 484x484, Frame 480 330x434, Frame 203 330x44, By default, TP/SL orders apply to the entire position and are canceled when the position is closed. A market order is triggered when the stop loss or take profit price is reached. If configured, the TP/SL order will be for that size, regardless of future position changes. 330x70. Measured box only; family not classified by this pass.	1440=n-a 768=n-a 375=partial @2026-09-09/wave39-trade
modal [9154-119745]	partial	src/components/trade/MarketSearchModal.tsx	/spot	MEASURED ON THE NODE from the page tree, first verdict. modal 558x556: shine 484x484, controls 534x16, Frame 466 534x34, Frame 373 120x24, Frame 1248 534x386. A market-search panel at 558x556 - a width NO board carries (desktop 796, tablet 680, phone 354): controls 534x16, Frame 466 534x34 nav (Frame 1249 534x18 between rules), Frame 373 120x24 chain chips (four 24px circles + All), Frame 1248 534x386 list. Sits at canvas (8908,7012) between the 768 and 375 perps columns. Recorded as a fourth stop; not built.	1440=n-a 768=partial 375=n-a @2026-09-09/wave39-trade
Frame 1302 [9432-159649]	partial	src/components/trade/native-chart/CandleChart.tsx	/spot	MEASURED ON THE NODE from the page tree, first verdict. Frame 1302 346x580: Frame 299 346x36, TradingView 346x544. The 346-wide chart section of the earlier inset phone layout: Frame 299 346x36 (bottom menu 322x32) over TradingView 346x544 = nav 322x27 / Row 2 322x450 / nav 322x27. A 544 plot at 346 wide - the desktop plot height on the phone - against the later full-bleed boards' 416. Belongs to the inset family whose governing question is on the 8xxx phone rows.	1440=n-a 768=n-a 375=partial @2026-09-09/wave39-trade
Frame 1301 [9432-158544]	partial	src/components/trade/native-chart/CandleChart.tsx	/spot	MEASURED ON THE NODE from the page tree, first verdict. Frame 1301 346x580: Frame 299 346x36, TradingView 346x544. The 346-wide chart section of the earlier inset phone layout: Frame 299 346x36 (bottom menu 322x32) over TradingView 346x544 = nav 322x27 / Row 2 322x450 / nav 322x27. A 544 plot at 346 wide - the desktop plot height on the phone - against the later full-bleed boards' 416. Belongs to the inset family whose governing question is on the 8xxx phone rows.	1440=n-a 768=n-a 375=partial @2026-09-09/wave39-trade
Frame 444 [9553-132254]	partial	src/components/trade/PortfolioTabs.tsx	/spot	MEASURED ON THE NODE from the page tree, first verdict. Frame 444 375x257: section 375x257. The 375 positions band detached: section 375x257 = Frame 299 375x36 strip (bottom menu 343x36, 48-wide rule) over Frame 298 375x221 - exactly the 257 spotTerminalChrome.figma.test.ts asserts for 9776:97941 and Spot.tsx states as min-h-[257px]. Body internals (the 343x197 empty state) not re-read.	1440=n-a 768=n-a 375=partial @2026-09-09/wave39-trade
Instant trade [9553-132827]	not-started	src/components/trench-redesign/	/spot	MEASURED ON THE NODE from the page tree, first verdict. Instant trade 375x270: Frame 429 375x270. Read with get_design_context: a 375x270 sheet under a -10/40 shadow - a 12/4 strip with P1 / P2 / P3 presets (Manrope 12/14, the active one #56C7F3) and a bordered wallet chip '1 / 37.21' on 10px Mulish; a 16-inset panel with an 'Instant trade' toggle button (r6, 1px #123F3C, 12/14) beside a 120-wide Buy / Sell segmented control (r12, pad 4, Buy filled #17F9B4 on #001615 14/16), four preset-amount buttons 0.1 / 0.2 / 0.5 / 1 (h36, r12, 1px #17F9B4 on #001615, 14/16 #17F9B4, px 40) and a 16-tall settings row (20% slippage, Off, 0.0213, 0.0281 with 12px glyphs on Mulish 12/14 at 84%, an 18px radio 'Adv'); then a 16/4 strip of four 16px token avatars with 0 / 0 / 0 / +0 (+0%) in green, red, white and green. This is the TRENCH one-click trade bar (presets, slippage, priority, bribe) drawn under a spot chart; nothing on /spot implements it, and the trench lane's one-click settings rows (13006-306051 / 326818) are the closest code. DECISION FOR CASEY: does /spot at 375 get the Trench instant-trade sheet, and which rail fills it (the spot CLOB has no priority fee or bribe).	1440=n-a 768=n-a 375=partial @2026-09-09/wave39-trade
date range [9774-89965]	not-started	src/components/trade/PortfolioTabs.tsx	/spot	MEASURED ON THE NODE from the page tree, first verdict. date range 375x246: Frame 228 359x26, Frame 231 359x26, Frame 232 359x26, Frame 233 359x26, Frame 234 359x26, Frame 235 359x26, Frame 236 359x26. A 375x246 menu of seven 359x26 rows (Frame 228 to 236) - a date-range picker for the history tabs at 375, sitting beside the 375 spot ticket frames (canvas x -6415). Neither PortfolioTabs nor PerpPositionsPanel offers a date-range filter on Order history / Trade history; the rows' labels were not read.	1440=n-a 768=n-a 375=partial @2026-09-09/wave39-trade
AI alert types [9776-98249]	partial	src/components/trade/AIConfidenceStrip.tsx	/spot	MEASURED ON THE NODE from the page tree, first verdict. AI alert types 375x196: Frame 11 375x94, Frame 1356 375x94. Two stacked AI bands (375x94 each, the phone shell with Frame 1 343x70 and a full-width Line 1) = the alert-type variants of the band at 375. AIConfidenceStrip draws one band; the alert variants (which alert types exist and when each shows) are not distinguished in source.	1440=n-a 768=n-a 375=partial @2026-09-09/wave39-trade
On:Hover [9776-98250]	partial	src/components/trade/AIConfidenceStrip.tsx	/spot	MEASURED ON THE NODE from the page tree, first verdict. On:Hover 375x94: Ellipse 24 438x439, Frame 1 343x70, Overlay 375x94, Line 1 375x0, CTA/button 160x32. The band's HOVER state at 375: the same shell (Frame 1 343x70) under an Overlay with a 160x32 CTA/button. AIConfidenceStrip has no hover CTA; what the CTA does is not stated on the node.	1440=n-a 768=n-a 375=partial @2026-09-09/wave39-trade
Frame 1355 [9776-97982]	partial	src/components/trade/PortfolioTabs.tsx	/spot	MEASURED ON THE NODE from the page tree, first verdict. Frame 1355 382x36: bottom menu 350x36, Vector 1 48x0. The 375 positions band's tab strip detached: bottom menu 350x36 with a 48-wide white rule under the active label - the 36 the oracle records for 9776:97941 (36 + 221 = 257). Matches the strip height; label ramp not re-read.	1440=n-a 768=n-a 375=partial @2026-09-09/wave39-trade
Chart - Line [9777-105690]	partial	src/components/trade/native-chart/CandleChart.tsx	/spot	MEASURED ON THE NODE from the page tree, first verdict. Chart - Line 375x416: Nav of chart 343x27, Row 2 343x322, Nav of chart 343x27. The Line chart card at 375: nav 343x27 / Row 2 343x322 / nav 343x27 on a 12/16 inset = 416, the shell's own floor (Spot.tsx min-h-[416px]). Top nav = Timeframe 44x27, a 24px graphical icon, Frame 474 24x24, a 131x6 spacing group, another 24px icon; bottom nav = Frame 1230 106x27 + Frame 1229 237x27. The desktop cuts (7746-211720 Line, 7746-212008 Area) are done in wave 17; this 375 cut's type and the 322 plot are not measured against CandleChart.	1440=n-a 768=n-a 375=partial @2026-09-09/wave39-trade
Chart - Area [9777-105846]	partial	src/components/trade/native-chart/CandleChart.tsx	/spot	MEASURED ON THE NODE from the page tree, first verdict. Chart - Area 375x416: Nav of chart 343x27, Row 2 343x322, Nav of chart 343x27. The Area chart card at 375: nav 343x27 / Row 2 343x322 / nav 343x27 on a 12/16 inset = 416, the shell's own floor (Spot.tsx min-h-[416px]). Top nav = Timeframe 44x27, a 24px graphical icon, Frame 474 24x24, a 131x6 spacing group, another 24px icon; bottom nav = Frame 1230 106x27 + Frame 1229 237x27. The desktop cuts (7746-211720 Line, 7746-212008 Area) are done in wave 17; this 375 cut's type and the 322 plot are not measured against CandleChart.	1440=n-a 768=n-a 375=partial @2026-09-09/wave39-trade
Chart - Area [9777-105532]	partial	src/components/trade/native-chart/CandleChart.tsx	/spot	MEASURED ON THE NODE from the page tree, first verdict. Chart - Area 375x416: Nav of chart 343x27, Row 2 343x322, Nav of chart 343x27. The Area chart card at 375: nav 343x27 / Row 2 343x322 / nav 343x27 on a 12/16 inset = 416, the shell's own floor (Spot.tsx min-h-[416px]). Top nav = Timeframe 44x27, a 24px graphical icon, Frame 474 24x24, a 131x6 spacing group, another 24px icon; bottom nav = Frame 1230 106x27 + Frame 1229 237x27. The desktop cuts (7746-211720 Line, 7746-212008 Area) are done in wave 17; this 375 cut's type and the 322 plot are not measured against CandleChart.	1440=n-a 768=n-a 375=partial @2026-09-09/wave39-trade
Frame 267 [10706-128843]	not-started	src/components/trade/SpotInfoSections.tsx	/spot	MEASURED ON THE NODE from the page tree, first verdict. Frame 267 745x226: Frame 285 713x190. A HOLDERS table at 745 (Frame 286 713x190: Frame 283 713x14 header over four 28-tall content rows on hairlines). 1047 is the spot chart column with the book hidden (4020-42901), so this is a top-traders panel drawn at that width in the spot cluster (canvas x -67734) - and its columns are the Trench holders table (a SOL balance on a spot market). Nothing on /spot draws it. DECISION FOR CASEY: does the spot page get a holders / top-traders table, and on which data (the chain has no per-wallet SOL balance).	1440=n-a 768=partial 375=n-a @2026-09-09/wave39-trade
Frame 1356 [10706-128950]	not-started	src/components/trade/SpotInfoSections.tsx	/spot	MEASURED ON THE NODE from the page tree, first verdict. Frame 1356 1047x450: Frame 285 1015x414. A HOLDERS table at 1047 (Frame 286 1015x414: Frame 283 1015x14 header - S/N 20, Wallet 200, SOLbalance (last active) 100, Bought (avg. buy) 100, Sold (avg. sell) 100, uPnL 60, Remaining 100, Funding 120, Held 30 - over 34-tall content rows on hairlines). 1047 is the spot chart column with the book hidden (4020-42901), so this is a top-traders panel drawn at that width in the spot cluster (canvas x -67734) - and its columns are the Trench holders table (a SOL balance on a spot market). Nothing on /spot draws it. DECISION FOR CASEY: does the spot page get a holders / top-traders table, and on which data (the chain has no per-wallet SOL balance).	1440=partial 768=n-a 375=n-a @2026-09-09/wave39-trade
Frame 1357 [10706-129546]	not-started	src/components/trade/SpotInfoSections.tsx	/spot	MEASURED ON THE NODE from the page tree, first verdict. Frame 1357 1047x450: Frame 285 1015x414. A HOLDERS table at 1047 (Frame 286 1015x414: Frame 283 1015x14 header - S/N 20, Wallet 200, SOLbalance (last active) 100, Bought (avg. buy) 100, Sold (avg. sell) 100, uPnL 60, Remaining 100, Funding 120, Held 30 - over 34-tall content rows on hairlines). 1047 is the spot chart column with the book hidden (4020-42901), so this is a top-traders panel drawn at that width in the spot cluster (canvas x -67734) - and its columns are the Trench holders table (a SOL balance on a spot market). Nothing on /spot draws it. DECISION FOR CASEY: does the spot page get a holders / top-traders table, and on which data (the chain has no per-wallet SOL balance).	1440=partial 768=n-a 375=n-a @2026-09-09/wave39-trade
Trench scroller - undocked [14180-115254]	partial	src/components/trench-redesign/	/trench	MEASURED ON THE NODE with get_metadata, first verdict; HAND-OFF to lane trench. 1382x22 strip: scroller 1350 wide at x=16 = Frame 1123 572x18 (Preset 1 with a 12px glyph | a wallet chip '1 / 37.21' | Wallet, Discover, Market pulse, PnL, Friends each a 12px icon + label on 16px leading) and Frame 1124 595x16 at x=755 (three 12px chain chips | $56.98K $200.11 $112.98K | 14.12K 112.46K 43.09K 0.0213 0.0281). The Trench 1440 board 13935-69044 draws this scroller twice, 1382x20 at the top of Frame 1122 and 1382x22 at its bottom; this is the bottom one detached. DiscoverScreen.tsx and PanelTabs.tsx in trench-redesign carry a scroller today; whether it is this one was not measured from this lane.	1440=partial 768=n-a 375=n-a @2026-09-09/wave39-trade
Skai > Trade > Perpetual futures > Order confirmation 1VH (1440 x 900px) [3976-39045]	partial	src/components/trade/perp-v2/PerpConfirmOrderModal.tsx	/trade/perps	CARRIED from wave 9 (part-fixed: 564x490 gap 40 pad 24 r32 over a #001615 @0.44 overlay) and one stop closed this wave at the other end of the ramp: the 375 twin 9154:121514 is 354 wide at x=11 on the 9154:121608 board, and the primitive's w-[calc(100%-2rem)] landed 343 there, so DialogContent now states w-[calc(100%-21px)]. dialogWidthMonotonic.figma.test.ts already names that class as the 375 board's 354. The desktop box is unchanged; render not verified.	1440=partial 768=n-a 375=n-a @2026-09-09/wave39-trade
Skai > Trade > Perpetual Futures > Order confirmation 1VH (768 x 1024px) [9148-80746]	partial	src/components/trade/perp-v2/PerpConfirmOrderModal.tsx	/trade/perps	CARRIED from wave 9 (448x394 at (160,315) - centred on the 768 board - gap 24 pad 12 r16). Unchanged at 768 by this wave's width rule: 768 - 21 = 747 exceeds the 448 max-width, so the new base width only reaches the 375 board. Type ramp remaining as recorded.	1440=n-a 768=partial 375=n-a @2026-09-09/wave39-trade
Skai > Trade > Perpetual futures > Positions > Edit running SL/TP (1440 x 900px) [4020-44966]	partial	src/components/trade/perp-v2/PerpPositionsPanel.tsx	/trade/perps	The Edit running SL/TP board at 1440, carried (wave 9: deferred). This pass measured its modal family on the detached nodes 7890-130783 / 130857 (564x654 / 564x712, body Frame 480 516 wide at 24,24) - the numbers the component's docblock already states - and closed the 375 stop (354 via w-[calc(100%-21px)], see 9154-124727). The 'additional position' variant (Frame 486 166 tall against 108) is not distinguished in source.	1440=partial 768=n-a 375=n-a @2026-09-09/wave39-trade
Skai > Trade > Perpetual Futures > Positions > Edit running SL/TP 1VH (768 x 1024px) [9152-79912]	partial	src/components/trade/perp-v2/PerpPositionsPanel.tsx	/trade/perps	The 768 Edit running SL/TP board, carried (wave 9: deferred). Its modal family on the detached nodes 9152-81212 / 81278 is 448x570 / 448x626 with body 424 at 12,12 - the component's stated 768 stop. No change at 768 from this wave's width rule (747 > 448).	1440=n-a 768=partial 375=n-a @2026-09-09/wave39-trade
Skai > Trade > Perpetual futures > Trade history > share PnL (1440 x 900px) [4207-133479]	partial	src/components/trade/perp-v2/ShareTradeModal.tsx	/trade/perps	CARRIED from wave 35 at 1440 (1260 = 738 + 16 + 506, toggle 60.89x36, three items closed) and the two smaller boards measured and part-fixed this wave off the detached PnL cards and the 768 / 375 screens: 9153:83086 stacks the sheet in a 448-wide Main container at (151,16) - title row 222x28, PnL post 448x448 at y=36, controls panel Frame 347 448x488 at y=492 (pad 12, CTA 424x50); 9156:143117 stacks it 354 wide at (11,64) - card 354x354 at y=36, panel 354x432 at y=398 (pad 8, CTA 338x44). The split now happens at lg: (it was md:, which squeezed 738 + 506 into a 736 dialog at 768), the card is md:w-[448px] lg:w-[506px], and the dialog is w-[calc(100%-21px)] md:w-[448px]. ShareTradeModal.figma.test.tsx reads the 1440 span at lg: and pins 448 at md. REMAINING: card-before-panel order below lg, the panel inset 8 / 12 below lg (ships 16), and the card's scaled internals.	1440=partial 768=partial 375=partial @2026-09-09/wave39-trade
Skai > Trade > Perpetual Futures - Positions - dropdown (375 x 812px) [9804-136992]	partial	src/components/trade/perp-v2/PerpPositionsPanel.tsx	/trade/perps	CARRIED (wave 9: done-deferred; the 375 record menu 9804:138571 160x80 r8 with 144x28 rows on 12/14 is RECORD_MENU_CLASS). Demoted to partial only because nothing here is render-verified. What this pass changed is beside it: the DESKTOP table's menu shared this phone class and now has its own (7890-128681: 200x84, r12, 184x30 rows on 14/18) - the phone card's menu is untouched.	1440=n-a 768=n-a 375=partial @2026-09-09/wave39-trade
Skai > Trade > Spot 1VH (1440 x 900px) [7710-91527]	partial	src/pages/trade/Spot.tsx	/spot	RE-READ THIS PASS on the live page tree (get_metadata on 7710:91527, 825 lines): main 1382x1429 at (58,56) = Frame 443 764x672 at (8,8) [Frame 6 764x58, Frame 11 764x58 at y=64, TradingView 764x544 at y=128], Tool 8x29 at (17,471), Order book 277x674 at (778,8) [Frame 299 277x52 + Order book 277x622], Frame 444 1366x273 at (8,686), Frame 445 313x672 at (1061,8) [Frame 429 313x672; a hidden Frame 400]; Header-desktop 1440x56; Frame 7 1382x16 at (58,884); sidebar 58x844 at (0,56). Every one of those is the number spotTerminalChrome.figma.test.ts resolves from Spot.tsx (inset 8, gutter 6, book 277, ticket 313, chart 544, row 672, band 273) - the wave-30 reading holds against a fresh read. Still partial: the page layer is closed and the panels inside are the component rows (order book 7712-38425, ticket 7712-32496, header 3886-15109, strip 3931-86279), none render-verified.	1440=partial 768=n-a 375=n-a @2026-09-09/wave39-trade
Skai > Trade > Spot (1440 x 900px) [3886-15237]	partial	src/pages/trade/Spot.tsx	/spot	The approved /spot desktop board. Wave 34 left this at unknown because the plugin API was down; this pass read the page tree live and the sibling 7710-91527 (same layer to the pixel - see that row), and 8558-134024 / 8687-99711 carry the identical main (Frame 443 764x672, Tool 8x29, Order book 277x674, Frame 444 1366x273, Frame 445 313x672). Promoted from unknown to partial on that reading: the page layer is closed by the oracle; panels not render-verified.	1440=partial 768=n-a 375=n-a @2026-09-09/wave39-trade
Skai > Trade > Spot 1VH (768 x 1024px) [9002-157018]	partial	src/pages/trade/Spot.tsx	/spot	CARRIED from wave 30 (main 708x987 at (30,76), Frame 444 708x269, the oracle's 987). ONE FACT ADDED from this pass's read of the whole page: thirteen later 768 boards in the 8650-8941 series draw main 708x989 with Frame 444 708x271 - the same 2px perps already states at 768 (md:min-h-[271px] in PerpTrading). Two frames of one page disagree by 2px on the band; the code follows this one. Recorded, not chased.	1440=n-a 768=partial 375=n-a @2026-09-09/wave39-trade
Skai > Trade > Spot 1VH (375 x 812px) [9770-133659]	partial	src/pages/trade/Spot.tsx	/spot	CARRIED from wave 30 (Frame 1341 375x925 on itemSpacing 4, the oracle's 110 + 94 + 452 + 257 + 12). ADDED from the page read: this is the later of TWO phone layouts on the page - twenty-one 8xxx-series boards (8626 to 8941) draw a 346-wide inset column instead, with a 106-tall header, a 580 chart section and a 360x56 bar; the 9490-9803 series and this frame draw full-bleed 375. The app ships this one. Which governs is a decision only Casey can make; the 8xxx rows name it.	1440=n-a 768=n-a 375=partial @2026-09-09/wave39-trade
Skai > Trade > Perpetual futures 1VH (1440 x 900px) [3903-21478]	partial	src/pages/trade/PerpTrading.tsx	/trade/perps	CARRIED (wave 9 geometry: main 1382x1429 at (58,56) on a 900 crop; perpTerminalChrome.figma.test.ts resolves the same skeleton /spot draws - 8 / 6 / 277 at xl / 313 at xl / 544 / 672 / 273). Not re-read this pass; the perps work this wave was inside the positions panel's menus and modals and the share card, all recorded on their own rows.	1440=partial 768=n-a 375=n-a @2026-09-09/wave39-trade
