13006-179860	match	-	Trench > Trackers > Wallet manager 1440, re-read live 2026-09-14 (get_metadata) and compared node by node to ActivityView.tsx with delta zero. Two panels in the 1318 column: Frame 445 864x674 at x=0 and Frame 446 448x674 at x=870, a 6px gutter — lg:flex-row lg:gap-1.5, rail lg:w-[34%] (34% of 1318 = 448.1), manager takes the remaining 864, lg:min-h-[674px]. Manager toolbar 864x54 with the menu 832x50 at (16,4): sub-tabs 308x26, search 119x32 at x=411.5, then 32x28 + 32x28 + 118x30 at x=634. Table 864x620, header track 848x24 at (8,8), rows at (8,40) on a 48px pitch. Columns Date / Name 286 at x=16, Balance 100 at 355.33, Last active 100 at 508.67, actions 170 at 662 — walletCols("trench") = minmax(0,286px) 100px 100px 160px on a justify-between row, the 160 being five 28px hover squares on a 4px gap. Header cluster 19/45/71/97 with "Delete all" at 123; row cluster five 16px glyphs at 50/76/102/128/154 on a 26px pitch plus a hidden slot at 0. Row inset 16 (TABLE_ROW's flat px-4, kept on Trench mounts). Rail: toolbar 448x54 (67x18 title, 181x32 search at 95.5, 124x30 CTA at 292), tabs 308x22 at (8,8), list track 432 at (8,38) on a 40px pitch with 24-tall rows, ordinal 24 at x=16, handle glyph+label at 32/+24, trailing action at x=400. Header type 12/16 ash = HEADER_CELL's md rung. No browser: source-vs-node.
13006-162230	partial	-	Trench > Hotkeys 1440. The board came back over the token ceiling, so it was read from the saved get_metadata dump and its `Right menu` subtree 13006:165048 compared to HotkeysMenu.tsx + rightMenuChrome.tsx: panel 442x884 at (990,8) on a 24 pad giving 394 of content, radius 24; controls row 28 with the title 368 wide and the 16px close at (378,6) = 24 right / 30 top, exactly CLOSE_GLYPH_CLASS's lg stop; title to intro 24; intro 394x36 (two 18s); intro to list 24; three toggle rows 24 tall on a 12 pitch with the switch 40.6x24 at x=353; Pause key 110x34; sections 24 apart with no rule; "Table modifier keys" 147x24 beside two 92x22 pills on a 2 gap; heading to keys 16; captions 394x16 eight above four 97x30 cells on a 2 gap closing on 394; "Row keys" 394x24 then four 394x34 rows on an 8 gap with a 40 label and a 57x34 cap at x=337. About twenty values, delta zero. NOT a match line: the row stays frame-defect because THIS board draws FOUR row-key rows (which is what ships) while the sibling hotkeys panels 13006:191571 / :191680 / :334234 draw SIX — the disagreement is between the boards.
13006-290135	partial	-	Trench > Similar tokens 375. Card 14259:216432 read live 2026-09-14 (get_design_context); two values were wrong and are fixed in 80c34daf0. The card carries NO border-radius at all — it runs the full 375 of the board — against a shipped rounded-b-[12px]; and its rows round 12 (14259:216532, :216574, :216595) with one dissenting 16 (:216553), against a shipped flat 16 taken from the 768 and 1440 rows. Confirmed unchanged at this width: px 16 pt 12 gap 12, the 1px #123F3C hairline (which does not hinge), heading Manrope 12/14 with the Mulish count on a 4 gap, rule then second section on the same 12, row pad 8/16/8/8 with a 36px r8 avatar and the identity pair on 4. Still partial: the Reused-image section needs an image-hash index nothing in the tree has, and the frame's own Similar-tokens list is hidden and left at the 1440 width of 281 inside a 375 card.
13006-320262	partial	-	Trench > Trackers > KOLs 375, re-read live 2026-09-14 (get_metadata). Matches: panel Frame 445 375x582 FULL BLEED (max-md:-mx-4 max-md:min-h-[582px] max-md:rounded-none max-md:border-t); sub-tab bar and nav bar each 375x36 on a 16 inset (max-md:h-9 max-md:px-4) with the tab pair 24 apart; search row 375x40 holding a 343x32 field at (16,4); header track 457x22 at (16,12) with KOL details 325x14 and Actions 100x14 at x=357 = Manrope 12/14 ash, HEADER_CELL's base rung; row action frame 170 wide with six 16px glyphs at 24/50/76/102/128/154 on a 26 pitch, the six kolCols("trench") widens to 190 for. ONE VALUE FIXED in c87e9ddca: the name is 69x14 here and 69x16 on the 768 cut 13006:345991 - one 12px size, two leadings - against a flat text-sm leading-[18px], which is also why the row measured 38 where twelve of the sixteen rows draw a 36px pitch. The last four rows of both frames are 22 over an 18-tall block, the same 12:4 split twice; majority taken, dissent recorded. Gated on the board prop so the whales mount keeps its own 10/12 - 10/14 - 14/18 ladder.
13006-345991	partial	-	Trench > Trackers > KOLs 768, re-read live 2026-09-14 (get_metadata) - the second board the name ramp needed. Panel Frame 445 708x544 at x=30, the tablet inset the shell ramp ships. Sub-tab bar 708x34 on a 16 inset with the pair 24 apart under a 39-wide underline; nav bar 708x40 with the sub-tabs at x=16 and the search+actions cluster right-packed at x=362 (search 132x32, then 32x32 + 32x32 + 118x32 on a 4/8 cluster), which is the ONE-ROW 768 shape ActivityView's toolbar comment records against a two-row 375. Header 684x24 at (12,12), KOL details 325x16 and Actions 100x16 at x=584. Rows 684x20 on a 36px pitch, left 286x16 at (16,2), action frame 170 at x=498 with six 16px glyphs on a 26 pitch. The name is 69x16 - same width as the 375 cut, so one size and only the leading steps.
13006-257186	match	-	Trade > Bridge 768, read live 2026-09-14 (get_metadata) and compared node by node to the ticket built in 343e027f1. Frame 1268 580x672 at (94,76). Tab header Frame 335 556x26 at x=12, which is the 580 card less twice its own 12 padding — TICKET_TABS_ROW_CLASS px-3 resolves to 12 at this width and 580-24 = 556, delta zero; pills px 12 / py 4 / radius 8 with an 18 leading closing the 26-tall row (4+18+4). Bridge screen at y=42 under a 26-tall header = the column's itemSpacing 16, which BRIDGE_COLUMN_STACK_CLASS already ships. Painted body Frame 346 580x630 padding 12 (BRIDGE_CARD_BODY_CLASS p-[11px] plus Card's 1px border). Inner run a flat 24: middle brand 96 ends at 96 and card starts at 120, divider at 272 over a card ending 248, selection at 312 over a divider ending 288 — TICKET_STACK_CLASS md:gap-6. Route strip 13006:257247 at (24,20) in a 96-tall parent = px 24 / py 20. Send leg signals at (16,16) in 556 = padding 16. CTA instance 556x50 at y=568 under a Frame 355 ending at 548, so the body-to-CTA gap is 20 and the CTA is 50 — both the SMALLEST of the three boards while this card is the WIDEST, which is why TICKET_BODY_CLASS and TICKET_CTA_CLASS carry a separate md rung instead of one value. Eleven values, delta zero, all pinned by bridgeTicket.figma.test.ts. No browser: source-vs-node.
13006-254593	match	-	Trade > Bridge - with info > Start bridge 375, read live 2026-09-14 (get_metadata) — the source of every 375 number in status.wave42.bridge.tsv. Frame 1268 346x524 at (15,64). Tab header 322x24 at x=12 = 346 less twice the card's 12; pills 12/4/8 with a 16 leading closing the 24-tall row, and no-min-size on them because index.css:748 forces 44px onto every button at and below 768 and would otherwise render this row 44 tall. Main container at y=40 = 16 under a 24-tall header. Body Frame 346 346x484 padding 12. Frame 355 322x222 at (12,12): route strip 322x86 whose From/To labels break onto their OWN row here (Frame 366 298x14 at y=12, Frame 367 298x40 at y=34, so 8 between and 12 all round) — no other board does this, and it is the one place the ticket changes shape rather than scale; send leg 322x116 at y=106, 20 below the strip, padding 12. Divider 322x14 at y=258 and summary Frame 40 322x108 at y=296, each 24 apart. Summary rows 14 tall (12px type, against 18 at 768 and 1440) at 0/34/64/94 with hairlines at 26/56/86 — a flat 8. CTA 322x44 at y=428, 24 under the summary; 44 is also the touch floor. ONE DIVERGENCE, recorded and not papered over: the inner run is 20 between strip and leg but 24 below Frame 355, and one flex gap cannot be both, so the divider sits 4 tight at this width alone. No browser: source-vs-node.
13006-249115	partial	-	Trade > Bridge - with info > Start bridge > Post wallet interaction 1440, read live 2026-09-14 (get_design_context) and diffed against its parent 13006-248937 with node ids and asset urls normalised away. THE TWO BOARDS ARE IDENTICAL, byte for byte, apart from the frame's own name — every class, every padding, every string, the same 1.2 amount, the same $21.78, the same green ring on the send leg, the same 'Bridge in progress...' CTA. So the board that is supposed to specify the ticket AFTER the wallet has been through specifies nothing its parent did not: no pending, no success, no failure, no explorer link. The live surface has all four and they were kept rather than deleted to match a board that draws none. NOT a match line and NOT a code defect: the screen the catalog asks for does not exist in the file, and the decision is a design one. Same finding carried to 13006-257631 and 13006-254715, neither re-read.
13006-249356	partial	-	Trade > Bridge - with info > Start bridge > Bridge settings 1440, read live 2026-09-14; the response came back over the token ceiling at 66,889 chars and was read from its saved dump. The delta from 13006-248937 is one overlay: 442x884 at x=990, centred, rgba(18,37,36,0.8) on a 2.5px backdrop blur with a 1px #123f3c border, 24 padding, radius 24; a 24px title with a 16px close, a Networks section, a two-row wallet list (Solana / 'Solana compatible wallets' behind a #56c7f3 Connect; Base / 'Skai wallet' behind a Connected outline) and a full-width Save settings CTA. MEASURED, DELIBERATELY NOT BUILT: the rail is EVM-only and an external wallet here is an auth method for the embedded wallet, not a second custody surface to connect and save. The 24px gear the frame parks in the tab header to open it is kept at its measured size and carries the ticket's own flow controls instead. bridgeTicket.figma.test.ts greps the comment-stripped source for a Solana leg so a later parity pass fails rather than adding one.
13006-349299	match	-	Trade nav 375 re-checked in source 2026-09-14: the three glyph corrections are in TradeNav.tsx — the filled four-panel Dashboard mark at 12x12 in a 16px box (:92-93, art 12 at :194), the circle-and-swirl Layout settings mark on a 0.5 0.5 15 15 box (:102-104), and Trench carrying both marks with the lobed phone outline below 768 and the valley notch from 768 up (:112-113, :188-191). Row grid unchanged: 42 row, 2 pitch, 8 corner, 3 pad, 36x36 slot, 10 slot pad, 4 slot corner, 4 slot-to-label, Manrope 14 at -4%, active wash #122524, active glyph #56C7F3. The Swaps row is correct under Casey's wallet-only ruling: /swap is the deep-link redirect into the wallet swap surface, App.tsx:328-331.
13006-352370	match	-	Trade nav 768, same source reading as 13006-349299 and byte-identical to it on the row grid; the only width-dependent piece is the Trench mark, which swaps to the valley notch from 768 up (TradeNav.tsx:191).
13006-250448	match	-	Colour picker - on:click, 1440. Re-read live 2026-09-14 (get_metadata) for wave 43 and compared value by value to TrenchColourPicker.tsx + AdjustTrenchSettings.tsx at HEAD, delta zero. Card 263x251: field Rectangle 34624575 231x158 at (16,16), hue strip Rectangle 34624576 231x11 at (16,184), preview Frame 568 99x30 at (16,205) with a 30x30 swatch and "#F31B2D" starting at x=40. Every seam is 10 (174->184, 195->205) and every inset 16, and the box closes exactly: 16+158+10+11+10+30+16 = 251. Handles are Ellipse 33 13x13 in the field and Ellipse 32 15x15 on the strip. Source: gap-[10px], h-[158px], h-[11px], size-[13px] with a 2px ring, size-[15px] with a 2px ring, size-[30px], a 10px gap to the hex, hex lg:leading-[18px] at 14 and -4%; PICKER_CARD_CLASS gives lg:w-[263px] lg:p-4 rounded-[16px] on #001615 with no stroke. The catalog carried this node as not-started/unknown — the picker the two reports called missing exists and is right. No browser: source-vs-node.
13006-299450	match	-	Transactions card record, 375 (inside 13006:299321). Re-read live 2026-09-14 (get_metadata) for wave 43 against TransactionsPanel.tsx at HEAD (wave 23 commit 90f249132), delta zero on every value the node exposes. Record 343x92 at (16,12) inside a full-bleed 375 list, repeating at 128 and 244 with hairlines at 116 and 232 — 12 above and below each, which is the source's py-3. Row one Frame 1393 343x36: Time 26x32, Type 34x36 carrying a 34x18 labels/tag, Mkt. Cap. 48x32, Amount 42x32 flush right at x=301; row two Frame 1392 343x44 at y=48, so the inner seam is 12 = gap-3. Total USD block Frame 1390 100x36: caption Frame 1203 66x14 (a 50x14 label, a 4px gap, a 12x12 icons/action at x=54) over Frame 1168 100x18 holding Rectangle 2 70x16 BEHIND the figure. Trader block Frame 1391 192x44: caption Frame 1204 54x16 (a 34x14 label, a 4px gap, a 16x16 icons/action at x=38) over Frame 482 192x24 — two 12px glyphs at 0 and 20, the handle chip Frame 289 86x22 with its text at (12,4) = px-3 py-1, an 18x14 count Tag at x=134, and 16px glyphs at x=156 and x=176. The source states 66x14, 54x16, 100x18, 70x16 and 86x22 by node id and ships exactly those. Not a registry frame, so this is a first verdict rather than a move. No browser: source-vs-node.
13006-349050	match	-	Alpha Tracker > Pulse card - Intel ALT (paid-order age), 375. Re-read live 2026-09-14 (get_metadata, inside 13006:349035) against AlphaTrackerModal.tsx at HEAD (wave 23 commit 1482ca2aa), delta zero. Card 328x94 with Frame 3 312x78 at (8,8) — the 8/8 inset and the 78-tall row the source ships as a p-2 list on gap-2 with each row at h-[78px], which also gives the frame's 102px card pitch. Left cluster Frame 511 260x78: a 78x78 image inside an 82x82 ring at (-2,-2) with a 16px chain badge at (68,-6), then the identity column Frame 500 at x=90, 170x78 — name and symbol at y=7 with a 16px copy glyph, the age row Frame 546 at y=33 (a time label then four 12px glyphs on an 18 pitch), the address 80x14 at y=57. Right cluster Frame 501 at x=200, 112x78: "MC:" 17x14 at (57,4) with its value at x=19, and Frame 1159 at y=56 holding the Dex paid chip Frame 547 65x18 (a 12px mark at x=6, the label at x=20) beside "14m ago" 39x14 at x=73. The source names 13006:349087 for that trailing string and dates it from the newest DexScreener listing or boost payment through getTimeAgo, so the age is real rather than the frame's sample. Panel chrome confirmed with it: 354x704, header 354x54 over a 322x50 menu at (16,4) with a 154x32 search. Not a registry frame. No browser: source-vs-node.
13006-353775	match	-	sidebar - open 768: wave 43's live read diffed against the file rather than re-read. 302 column stated at HomeSidebarExpanded.tsx:499 and HomeTopBar.tsx:605-606; 44 pitch = h-[42px] (:481) on gap-[2px] (:2842); three 95.33x40 stat pills at HomeTopBar.tsx:666-677 as flex-1 h-10 in the 302 column; rhythm 36 +20 40 +8 40 +20 puts the tree at 164; sheet 318 = md:w-[318px]
13006-321483	partial	-	Trench > Trackers > X accounts - empty, 375. Read live 2026-09-15 (get_metadata), the first live read this node has had, against XAccountsPanel.tsx at HEAD (wave 23 commit 33d18165b). The chrome matches: Frame 445 375x582 full bleed; Frame 299 375x36 with a 343x20 bottom menu at (16,10), the 58-wide X-accounts tab 24 after the 39-wide Wallets tab and the underline under the second; Frame 1386 375x40 as ONE toolbar with no title - the 132x32 search at (16,4) on an 8 left inset with a 16 glyph and a 10 gutter to the placeholder at x=34, then a right-packed 32 + 32 + 124 on a 4 gutter closing on 359 - which is exactly the phone toolbar XAccountsPanel:211 describes and ships. The empty state's layout matches too: a 36-tall description block with its hint 4 under the title, and a 161x32 CTA 24 below, centred. THE ONE MISS is the type inside it and it sits in a SHARED primitive: whalesShared.tsx WhalesEmptyState draws the title at 18/24 and the hint at 12/16 where this node draws an 18-tall title box and a 14-tall hint. The same component serves the 1440 and 768 mounts, whose nodes were not read, so a flat change would be a guess at two widths to fix one. Needs whalesShared.tsx plus the desktop empty-state node. No browser: source-vs-node.
13006-319762	partial	-	Trench > Trackers > Live trades, 375. Read live 2026-09-15 (get_metadata) and the numbers ActivityView.tsx already states off this node CHECK OUT. Panel 375x582 at y=154, full bleed; Frame 299 375x36 with the pane pair 24 apart and the underline on Wallets at x=16; Frame 1385 375x36 carrying the sub-tabs on their OWN row at (16,9), and only then Frame 1386 375x40 with the search and the action cluster - the two-row 375 toolbar against the one-row 768 the file's toolbar comment describes. The table is a 506-wide grid inside the 375 board and Frame 1387 runs 538, so it scrolls sideways: header Frame 593 506x24 at (16,12) with Name at x=8 behind a 12 glyph, Token at 195.33, Amount at 346.67 and Mkt. Cap. at 448, a rule at y=24, then 28-tall rows from y=44 carrying a terse age, a 16 avatar with the handle 24 after it, and a 20x20 token tile with a 10px chain badge on its corner. Each of those is a value the file names by node id - :288 for the 0.44 header opacity measured on this node against the other five tables' opacity 1, :405 for the "2m" short age and its dash, :955 for the App Green/Red trader, :989 for the chain as a corner badge. NOT a match line, for the reason report 11922375 already ruled: the frame's rows are twitter traders and the row ships the curated whale-wallet feed restyled to the frame's cut, because no trader-identity source exists. A data ruling, not geometry. No browser: source-vs-node.
13006-146465	match	-	Launch > Markets Row, the pump.fun mark at 1440. Node 13006:146581 re-read live 2026-09-15: the frame is 16x16 and its `Base` glyph 12.8x12.8 at (1.6, 1.6), so the 1.6 is the ring and nothing pads inside it. LaunchMarketCard.tsx shipped border-[1.6px] AND p-[1.6px] around size-[12.8px] = 19.2, a fifth too wide on a badge that straddles a clipped corner, and LaunchMarketCard.figma.test.tsx asserted that 19.2 as the node's own width — the oracle was written from the same misreading, so it agreed with the defect. The padding is dropped and the test now asserts ring*2 + glyph = 16 plus the absence of any p-[…] token. Position unchanged and confirmed: left-[113.67px] -top-[6px], i.e. x=1003 y=-6 in the 1318-wide Row. Commit 18de2af41. No browser: source-vs-node.
13006-146276	match	-	Launch > Trending card at 1440, first live read by any wave. card 323.5x300; `Frame 415` image 291.5x156 at (16,16); `Frame 463` text column 285.5x96 at (19,188) — so the image takes the card's own 16 and THE TEXT COLUMN IS INSET 19, symmetric at 19 + 285.5 + 19 = 323.5, which makes it a decision rather than a rounding artefact. Built as lg:px-[3px] on the text column over the card's p-4, so the image does not move with it. Re-measured clean beside it: a 16 image-to-text seam (md:gap-4), the ticker pair 4 apart on an 18 line box, MC: 25x18 with its 61x26 value 6 to the right, the age strip's four 16px glyphs on a 22 pitch, a 285.5x36 two-line blurb, and 16 + 156 + 16 + 96 + 16 = 300. The 768 and 375 rungs were not opened. Commit 5d9a7347f. No browser: source-vs-node.
13006-286941	match	-	Launch > create token > preview at 768, first live read by any wave. `Overlay` is TokenPreviewPanel's half and it matches at every number: `Rectangle 161` 680x680 at (44,172) against w-[min(100%,680px,calc(100vh_-_88px))] with aspect-square and a sm:p-11 scrim, and `Frame 345` 720x24 at (24,24) — a 24px glyph with Back 38x22 at x=34 — against sm:left-6 sm:top-6, size-6, gap-2.5 and an 18/22 Manrope label. The panel's narrow preview row is confirmed with it: `Frame 363` 556x46 at a 12 inset, a 46 thumb and a 166x46 CTA, identical to the 11461:193571 the file records. `Frame 347`, the Your activity whale table, carries hidden=true and is correctly built nowhere. ⛔ Not this row's problem but found on this board: the 13006-family 768 create boards put `Main container` 580 wide at x=94 where the source ships 708 at 30 off the 11461 family — a 128px disagreement between two 768 cuts of one page, recorded against LaunchpadCreate.tsx. No browser: source-vs-node.
13006-148299	match	-	Launch > create token at 1440. Wave 43 measured every figure on this board as matching and held it at partial for one thing only: `Frame 297` 13006:148406 prints 'Add SKAI from your wallet to your vault to earn interest and play games.' inside both dropzones, and get_metadata returns a bounding box, which is not a drawn thing. get_design_context returns it carrying `opacity-0` — the layer is switched off, in either dropzone, at any zoom — so the build drawing nothing there is a match and not an omission. The source had declined it as copy from another product, a reading of the words rather than of the layer; the docblock now records the opacity so the next reader does not add it back as missing helper text. The same parked layer recurs at 768 as 13006:287049 and 13006:287077. Commit c512eb450. No browser: source-vs-node.
13006-216128	match	-	Trench > Trade layout 2 > Instant trade floating card, read live 2026-09-15 (get_metadata) and compared band by band to OrderPanel.tsx. Card 333x316 in three bands: header Frame 299 333x38 over a bottom menu 301x26 at (16,6); body Frame 270 333x244 at y=38 with signals 301x212 at (16,16); footer Frame 300 333x34 at y=282 over a bottom menu 301x26 at (16,4). So the horizontal inset is a flat 16 and the vertical pads are 6 / 16 / 4. Matched at read time: w-[333px], the 0/10/40 shadow at 25%, rounded-[16px] written as a pixel literal because rounded-2xl is 24 on this scale, the body's p-4, and TicketStatBar's h-[34px] px-4 py-1 for the footer. ONE VALUE FIXED in 1b276c5bb: the header shipped px-4 py-2 under its own comment saying "pad 6/16", which stood it at 26+8+8 = 42 against the frame's 38; now py-1.5. Also confirmed from the same node: the header's left run is a 16px glyph then P1/P2/P3 at 28/57/86 then a glyph at 115 - a flat 12 gap, the shipped gap-3 - and the wallet chip Frame 1120 33x22 pads 6/4 round a 21x14 pair on a 2 gap with a 12px glyph, which is the shipped px-1.5 py-1 gap-0.5 size-3. Recorded and not invented: the frame's right cluster holds four slots where the build holds three, because the fourth answers to no wired control on this ticket. No browser: source-vs-node.
13006-349035	match	-	Trench > Alpha Tracker 375, read live 2026-09-15 (get_metadata) and compared to AlphaTrackerModal.tsx. Panel 354x704: header Frame 299 354x54 over a bottom menu 322x50 at (16,4) whose Frame 1 322x40 carries a 79x18 title button at y=11, a 154x32 search at x=95.5 and a 56x16 pair of 16px glyphs 40 apart at (266,12); body Frame 270 354x650 with Frame 357 328x604 at (8,8) stacking six 328x94 rows on a 102 pitch, each row a Frame 3 312x78 at (8,8); an 8px scroll rail at x=350. Matched: w-[calc(100%-21px)] max-w-[432px] puts the phone width on 354 exactly, radius 16, p-0 sm:p-0 with the padding moved onto the sections, gap-0 because the 8 under the header rule is the list's own inset, list p-2 with gap-2 = the frame's 8/8, row p-2 round an h-[78px] block = 8+78+8 = 94, title Manrope 14/18 at this width, search 154 wide. ONE VALUE FIXED in 1b276c5bb: the list capped at max-h-[60vh], which is 487 on an 812-tall board and 540 on a 900-tall one against the frame's 604 on all three; now max-h-[min(604px,calc(100dvh-8rem))], the frame's number with a viewport guard. The shell's own 704 stays measured-and-not-applied, for the reason the file's comment gives. No browser: source-vs-node.
13006-323891	match	-	Trench > Colour picker 768, read live 2026-09-15 (get_metadata) and compared to TrenchColourPicker.tsx plus PICKER_CARD_CLASS in AdjustTrenchSettings.tsx, delta zero. Card 243x243: field Rectangle 34624575 219x158 at (12,12), hue rail Rectangle 34624576 219x11 at (12,180), Frame 568 99x30 at (12,201) holding a 30x30 swatch and the hex 59x16 at x=40. Padding 12 (243-219-12), a 10 seam between all three rows (180-170, 201-191), a 10 gap inside the preview row, and 12+158+10+11+10+30+12 = 243. Handles Ellipse 33 13px in the field and Ellipse 32 15px on the rail. Build: gap-[10px] over h-[158px] / h-[11px] / size-[30px] with gap-[10px] to a hex that steps to md:text-[14px] md:leading-4, all rounded-[4px], handles size-[13px] and size-[15px] with border-2; card md:w-[243px] p-3 md:rounded-[16px]. No browser: source-vs-node.
13006-252081	match	-	Trench > Colour picker 375, read live 2026-09-15 (get_metadata), the narrow rung of the node above. Card 240x243: field 216x158 at (12,12), hue rail 216x11 at (12,180), Frame 568 90x30 at (12,201) with a 30x30 swatch and the hex 50x14 at x=40. The only two values that move between the narrow boards are the card width and the hex type - 12/14 here against 14/16 at 768 - which is the ramp TrenchColourPicker ships as text-[12px] leading-[14px] md:text-[14px] md:leading-4. Padding 12, three rows 10 apart, the same 13px and 15px handles, radius 4 on the rows and 12 on the card. No browser: source-vs-node.
13006-136580	match	-	Trench > Pulse card Intel ALT 1440, read live 2026-09-15 (get_metadata) and compared to TokenCard.tsx. Card 409.33x118: Frame 3 393.33x78 at (8,8), Frame 553 393.33x18 at (8,92), so padding 8 and a 6px seam, and 8+78+6+18+8 = 118. Row A: Frame 511 260x78 with a 78px image inside an 82px ring at (-2,-2) and a 16px chain badge at (68,-6); identity Frame 500 170x78 at x=90; Frame 22 at y=7 (name 23, symbol 30 at x=27, a 16px glyph at x=61); Frame 26 at y=33 with a four-glyph age run on an 18 pitch and the five holder-intel chips 146 wide at x=102; Frame 25 at y=57 with a 41.25-wide stacked-avatar run, the handle and a 1.2k counter. Right column Frame 501 126.8x78 at x=266.53 closing on a 39x4 split bar. Build: size-[68px]/size-16 at 375 stepping to md:size-[82px]/md:size-[78px] with md:-left-0.5 md:-top-0.5 for the ring's -2 and md:left-[68px] md:-top-1.5 for the badge; the file already cites 13006:136583 and :136584 for those two rectangles. Glyph run gap-1.5 = 6 against the frame's 18 pitch on 12px glyphs. No browser: source-vs-node.
13006-260244	partial	-	Trench > Pulse card Intel ALT 768, read live 2026-09-15 (get_metadata) - the node that settles TokenCard's image hinge. Card 682x118 with Frame 3 666x78 at (8,8) and Frame 553 666x18 at (8,92): the same padding 8 and 6px seam as the 1440 and 375 siblings. The decisive value is the logo, 78x78 inside an 82x82 ring at (-2,-2) with the badge at (68,-6) - IDENTICAL to 1440 and not the phone's 64-in-68 - so the build's md hinge is right and an lg hinge would have been wrong at this width. Also matched: identity column at x=90, age run on an 18 pitch, five holder-intel chips 141 wide on a 28 pitch, the 41.25 avatar run, the right column's F/Tx row closing on a 39x4 split bar, row B's five chips on a 2 gap closing on a 55x18 one-click tag. NOT a match line: the intel chips read holder and bundler figures the discovery feed does not carry, so the row cannot reach the frame's populated state on the current source. No browser: source-vs-node.
13006-356801	partial	-	Trench > Pulse card Intel Boost status EXPANDED 375, read live 2026-09-15 (get_metadata). The card box is its collapsed sibling's exactly - 349x126, Frame 3 333x86 at (8,8), Frame 553 333x18 at (8,100), padding 8, a 6px seam, the 64-in-68 ring and a 10px-offset chain badge. The whole expansion is one chip: inside the age run Frame 546 the third glyph 13006:356834 is 37 wide instead of 12 and holds Frame 1368 36x12, a bolt vector beside the text "02:27", so the run widens from 92 to 117 and the trailing glyph moves from x=80 to x=105. NOT a match line and not buildable: that is a boost countdown, and tokenDiscoveryService carries boosts.active and boost.totalAmount and no expiry, so a timer here would be a number this build invented. TokenCard draws the plain BoostGlyph off boostAmount > 0, which is the honest state. No browser: source-vs-node.
13006-260063	match	-	Trench > trench 768 title row, read live 2026-09-15 (get_metadata) and compared to DiscoverScreen.tsx. Frame 1296 708x36: Frame 450 199x32 at y=2 with "Trench" 71x28 at (0,2) and three 32px chain circles at 87/127/167, a 40 pitch so an 8 gap; Frame 405 509 wide at x=199 with a 16px glyph at (94,10), Frame 512 147x32 at (122,2) holding a 24px graphical glyph at (8,4) and "Display settings" 95x18 at (40,7), then five 36x36 controls at 281/329/377/425/473, a 48 pitch so a 12 gap. This closes the open question wave 43 left on the row: index.css forces a 44px minimum on every control under 768 that does not carry no-min-size, and ROUND_CONTROL_CLASS is "inline-flex size-9 no-min-size ..." - all five controls, the help glyph and the chip carry it, so the floor does not fire and the 36 stands. The chip is py-1 pl-2 pr-3 round a size-6 glyph on gap-2 = 24+4+4 = the frame's 32, and it prints the full string from md up, which is what this 768 board draws. Cluster gap-3 = 12. No browser: source-vs-node.
13006-260215	match	-	Trench > trench 768 column header tabs, read live 2026-09-15 (get_metadata) and compared to TrenchColumn.tsx and MarketPulseBoard.tsx - the seat wave 43 recorded as unmeasured. Frame 299 708x50 with a bottom menu 676x46 at (16,4) and Frame 1 676x32 at y=8, so the header nests 4+8 above a 32-tall row and closes 6 below: 4+8+32+6 = 50, which is the px-4 pt-3 md:pb-[6px] the file ships. Frame 336 208x16 at y=8 carries the three feed tabs at 0/74/161 against widths 50/63/47, a 24 gap twice, which is MarketPulseBoard's in-header tablist on gap-6. Frame 1297 350x32 at x=326 packs a 180x32 search (16px glyph at 8,8, caret text at x=34) and a 154x24 pill-and-filter group at x=196, a 16 gap - the shipped flex items-center gap-4 round a w-[180px] shrink-0 field. Vector 1 under the band is 50 wide, the selected tab's own width, which is the after:inset-x-0 after:-bottom-[7px] underline (6 below the row plus its own 1px). Every control in the row carries no-min-size, which a 32-tall row under the 44px floor requires. No browser: source-vs-node.
13006-290304	match	-	Trench > Chart Instant 375, the sentiment card, read live 2026-09-15 (get_metadata) and compared to ChartSentimentBar.tsx. Frame 11 13006:291163 is 343x94 at (16,54) - sitting ON the stat row, not above the chart, the same placement the 768 board draws and the second half of the Casey ruling confirmed from the frame. Frame 1 319x70 at (12,12) is padding 12 on all four edges (343-319 = 24, 94-70 = 24); Frame 1216 319x36 holds "AI Audit" 39x14 beside a 57x14 tag over a 16px warning glyph and a 103x16 verdict with a 16px close at x=303; Frame 1215 319x18 at y=52 makes the two rows 16 apart and carries "Skai sentiment" with a 57x18 pill and the pair with a 48x18 tag. No inner rules at this width - a two-row column, unlike the 768 card's ruled rows. Build: rounded-[12px] border-dashed px-3 py-3 with flex flex-col gap-4 md:flex-row md:gap-8. The glow is tabulated at left -299.5 top 59.5 in a 343x94 card and the node gives Ellipse 24 438x439 at (-299,60). No browser: source-vs-node.
13006-318775	partial	-	Trench > Discover LIVE 375, its sub-nav read live 2026-09-15 (get_metadata) and compared to LiveStreamsView.tsx. Frame 299 13006:318790 is 375x42 with a bottom menu 343x38 at (16,4) - inset 16 - holding Frame 336 177x14 whose two tabs sit at 0 and 92 against widths 68 and 85, a 24 gap, and a 132x32 search at x=211; Vector 1 under it is 68 wide, the first tab's own width. The file's header records that reading and the build ships a tablist on gap-6 with a 68px underline keyed to the selected label. NOT a match line: no stream directory is registered, so the cards below draw the explicit no-source state the ruling requires and the frame's card content cannot be compared. Honest unavailable, not blocked. No browser: source-vs-node.
13006-246718	match	-	Trench > Multi-panel data > Token banner Frame 1157, read live 2026-09-15 (get_metadata) and compared to TokenInfoPanel.tsx, delta zero. The block is 281x104: a caption row Frame 22 281x16 with "Token banner" 70x16 and a 12px glyph at (74,2), then a CTA/button 281x80 at y=24 - so an 8 seam under the caption and an 80-tall image across the card's full width. Build: a hairline, then a flex flex-col gap-2 wrapper whose caption row is gap-1 round a Manrope 12/16 label and a size-3 chevron, over an h-20 w-full rounded-[8px] object-cover image. Drawn ONLY when useTokenBanner returned a banner from DexScreener's info.header, caption and all, because the frame's shape around nothing is the empty box the no-mock rule is about. No browser: source-vs-node.
13006-260062	match	-	Trench > trench 768 header block Frame 445, both halves read live 2026-09-15 (get_metadata) and compared to DiscoverScreen.tsx and TrenchPrimaryNav.tsx. The block is 708 at x=30 y=96 and 82 tall, and it holds exactly two children, so measuring both accounts for the whole node. Child one is the title row 13006:260063 (its own match line above: 708x36, three 32px chain circles on a 40 pitch, a 147x32 chip and five 36x36 controls on a 48 pitch, all carrying no-min-size against the 44px floor). Child two is nav 13006:260083, read this run: 708x22 at y=60, the selected item boxed as Frame 404 94x22 round a 78x18 label at (8,2) - padding 8 across, 2 down - and the two unselected 52x18 at x=118 and x=194, a 24 gap both times. TrenchPrimaryNav ships gap-6 over buttons that are rounded-[4px] py-0.5 with px-2 bg-[#123F3C] selected and px-0 unselected, Manrope 14/18, every one no-min-size because a 22-tall item under the tap floor renders at twice its height on exactly this board. The seam is 60 minus 36 = 24, shipped as md:gap-y-6 over a min-h-9 title row; the shell inset is 768 minus 708 = 60, so 30 a side, the md:px-[30px] the file ships and the same 30 this run's sibling read found on the 768 terminal board 13006:353851 - two frames on two screens agreeing on 30. Casey's d926ef19 ruling does not reach this node: its nav row is the Market pulse / Discover / Trackers switcher, and the market-pulse header's control count matches the frame seven for seven, so there is no extra to move. No browser: source-vs-node.
13006-321483	match	-	Trench > Trackers > X accounts, empty, 375. Re-read live (get_metadata on the board, get_design_context on 13006:321506) and the last open miss is closed. Chrome, re-confirmed: Frame 445 375x582 full bleed; Frame 299 375x36 with the 343x20 bottom menu at (16,10), a 39 and a 58 tab 24 apart and the 58 underline at x=79; Frame 1386 375x40 as ONE toolbar, the 132x32 search at (16,4) with an 8 left inset, a 16 glyph, a 10 gutter and the placeholder at x=34, and a right-packed 32 + 32 + 124 on a 4 gutter closing on 359. The miss was the TYPE inside the empty state, which lives in the shared primitive WhalesEmptyState: 13006:321507 is a 343x36 description holding the title 18 tall at y=0 and the hint 14 tall at y=22, i.e. Manrope 14/18 in Core/White over Manrope 12/14 in App/Ash on the 4 gap the build already had, where the primitive shipped a flat 18/24 over 12/16 whose block is 44 - 8 too tall for this one. Frame 242 at y=60 is the 24 under the block, already correct, and its 161x32 Sky Blue CTA at x=84.5 is centred in the 330 row. Stepped below md ONLY, with the desktop rung untouched because no 768 or 1440 board of the block has been measured and this primitive dresses every Whales panel at every width; pinned as a ramp in whalesEmptyStatePhone.figma.test.tsx so a later phone-only read cannot flatten the constant. Source-vs-node, no browser.
13006-146276	match	-	Launch trending card, all three rungs read live this pass. 1440 off 13006:146266: card 323.5x300, Frame 415 291.5x156 at (16,16), Frame 463 285.5x96 at (19,188), five cards at x = 0, 331.5, 663, 994.5, 1326 so the row pitch is 323.5 + 8. The last open miss is closed -- the card shipped a rounded w-[324px] where 16 + 3 + 285.5 + 3 + 16 closes on 323.5 and nothing else, so lg:w-[323.5px] now, skeleton and test baseline moved with it. 768 (13006:279914): 260x280, p-3, gap-4, radius 12, image 156 full-width on an 8 corner over a #123F3C edge, text column 236 full-width so the 19 inset is 1440-only, ticker Manrope 12/16 at -0.48 on a 4 gap, cap row justify-between with MC: 12/16 beside Mulish 16/20 at -0.64, age Mulish 10/14 at -0.4, glyph strip on 6, blurb 12/16. 375 (13006:280832): 200x250, p-2, gap-2, image 128, the cap stacked over the glyph strip on 8 (13006:280840 is a column), value Mulish 14/16 at -0.56, blurb 12/14. The frame's fourth glyph stays unbuilt by Casey's 2026-09-14 ruling. No browser: source-vs-node. Commits 587cec422, cb19bee5b.
13006-279872	match	-	Launch tablet board at 768, opened as a board -- the three measures wave 43 said it could not check all land. Column: Frame 521 at (30,76) and Main container at (30,504) are both 708, so the board is 30 + 708 + 30; the page ran sm:px-8, which is 32 from 640 up and no board at all, giving a 704 column inside a 32 gutter, and is md:px-[30px] now with lg:px-8 holding the desktop value. Carousel: row 13006:279913 puts 260-wide cards at x = 0, 276, 552, so the 276 pitch is 260 + 16 and md:gap-4 is right -- while the 1440 row's own geometry says 8, which is why the arrows now measure the row instead of scrolling a flat 340. Market grid: 346x124 cards at x = 0 and 362 and rows at y = 0, 140, 280, 420, i.e. 16/16, which is what grid-cols-2 gap-x-4 gap-y-4 draws, with 346 = (708 - 16) / 2 falling out of the column. Not re-derived: LaunchMarketCard's interior, whose 3.2px badge defect 18de2af41 closed. No browser: source-vs-node. Commit cb19bee5b.
13006-182215	match	-	Trench > Wallet manager > Import wallet 1440, wave46-home 2026-09-16: READ LIVE - the first time any wave has opened this node - and wave 43's ASSERTED shell ladder measures true (8b5c7ee3a records it in the file). Modal 13006:182610 is 564x544 centred at x=438; content frame 516 at a 24 inset, which is lg:p-6; its five children 24 apart and the CTA 40 below them, which is exactly why the file writes an inner md:gap-6 inside an outer lg:gap-10 rather than one number; the Wallet type row 72 tall on a 24 side pad and a 16 vertical pad (16 + 40 + 16) carrying three 40px chain discs on an 8 gutter, i.e. gap-2 and lg:size-10; the paste field 62; the CTA the full 516 at 62; and Frame 559, the Add-to-specific-folder row, HIDDEN on this board, which is what showFolderRow already gates. TWO THINGS A METADATA READ CANNOT SETTLE, recorded rather than claimed: the 32px corner the file states for 1440 is not reported, and the helper block sits in ONE 516x90 text node, consistent with either the flush block or the bulleted list - the bullets were established from a SCREENSHOT of 13008:121878 and are not overturned on a weaker read. No browser: source-vs-node.
13006-183651	partial	-	Trench > Trackers > KOLs 1440, wave46-home 2026-09-16: NOT opened as a board, but the pane ladder wave 43 stated and nobody had re-derived is now CORROBORATED LIVE from a sibling in the same family (965ed5e4b). 13006:182215 repeats it value for value: a 1318 content frame at x=32 of the 1382 main, Frame 444 1318x674, Frame 445 864x674 opening on an 864x54 band whose bottom menu is 832x50 at (16,4) over an 864x620 well, an 848x26 header and an 848x136 body of three 32-tall rows on a 48 pitch, and Frame 446 448x674 at x=870 - a 6px gutter. ActivityView.tsx carried that ladder from 13008:115845 in the OTHER file alone; two files drawing the same numbers is what makes it the house rule rather than one frame's accident. PARTIAL for the row-level geometry wave 43 named on this node specifically, and for a CONFLICT this read exposed and did not resolve: 13006:182260 lays the trackers toolbar out as 96 . 8 . 96 . 8 . 118 where 13006:179909 lays it out as 32 . 8 . 32 . 8 . 118. Both are Trade 2 at 1440. The squares ship because report 4130e62b asked for them, so nothing was flipped and the conflict is written into the file for the owner. No browser: source-vs-node.
13006-278955	match	-	Launch tablet board at 768, the TALL (1700) cut, opened as a node for the first time -- wave 45 carried a verdict on it from its shorter sibling and refused to promote it on that basis, which was right. Measured now and the whole ladder lands. Column 30 + 708 + 30 at both containers (md:px-[30px]), 24 under the 52 header (py-6), section seams 32 twice (space-y-8: header row closes 36 / Main container 68, Frame 521 closes 472 / markets 504). Trending: title 32 over a carousel at 48 (space-y-4), five 260x280 cards at x = 0, 276, 552, 828, 1104, so the 276 pitch is 260 + 16. Markets: content 32 over a nav at 48, the header block closing 118 with the grid at 142 (space-y-6), seven 708 rows at a 140 pitch, each TWO 346x124 cards at x=0 and x=362 -- 16 both ways, 346 = (708-16)/2. Card interior 124 + 8 + 214 = 346. No divergence, so no edit for this row; the two page-level repairs it inherits landed in wave 45 and the measurement is what was missing. No browser: source-vs-node.
13006-286299	match	-	Launch create-token at 768. SUPERSEDED BY RULING (Casey 2026-09-16: 11461 governs, the 13006 768 cuts do not), so the page was re-measured against 11461:193561 and this node's 580-at-94 column was used for nothing. Matching there: 24 under the header, the 708x28 title row with a 24 glyph and a 10 gap, 16 to Frame 350, an 8 seam between all three cards, the form card 12/12/24 on a 12 corner with 24 between sections, the name/ticker pair two 338 fields 8 apart in 684, description label 16 over an 8 seam to a 136 field, Social links and Advanced options 18 tall with a 16 chevron flush at 668 and bodies 16 below, the advanced list 684x146 drawn EXPANDED, the media card 12/24 with 32 either side of its rule and two 197-tall dropzones, the foot card 12 inset with 48 to a 50-tall CTA. The one divergence: all four section rules were laid-out 1px boxes in gap columns where the frame draws zero-height line vectors, and 811 and 831 only close at 0, so each seam ran one long and compounded. All four carry -mb-px now, pinned in createFlowNarrowBands.figma.test.ts, which also bans an inline rule. No browser: source-vs-node. Commit 95ba4fcbe.
13006-287246	match	-	Launch create-token at 768, the sibling wave 43 lowered from done because the catalog claimed completion while recording no width at all. This answers that: the width is 768, the board it is measured against is 11461:193561 under Casey's 2026-09-16 ruling, and the numbers are its sibling's -- see 13006-286299. Same four-rule repair, same commit 95ba4fcbe. No browser: source-vs-node.
13006-195423	match	-	Trench > Market pulse board (the frame titled One-click trade settings - modal buy > updated new pairs CTA), read live 2026-09-16 with get_metadata and compared node by node to TrenchColumn.tsx, TokenCard.tsx and DiscoverScreen.tsx. THE BOARD CARRIES NO MODAL: nothing named modal or Overlay exists at any depth of its 2,966 nodes, so the title's first clause describes a state this frame does not draw. What it does draw and what the build matches: Frame 520 1318x764 at (32,24) inside a 1382 main; header Frame 337 1318x36 with the title block 420 at x=0, the nav 246 at x=536 (dead centre of 1318) and Frame 405 420 at x=898; the nav's three items on a flat 24 gap; the control cluster a 16px help glyph at x=5, the 147x32 Display settings chip at x=33 and five 36x36 round buttons at 192/240/288/336/384, a 48 pitch that is 36 plus the cluster's 12 gap. Frame 444 1318x704 holds three columns of 435.33 on a 6px gutter. Column header Frame 299 is 54 = 4 + 4 + 40 + 6, inset 16, and its four children are Frame 336 80x18 at (0,11) wrapping ONE child (the title chip, 59 / 74 / 54 wide for New pairs / Final stretch / Migrated, with no count beside it at any width), search 154x32 at x=87.67, and Frame 513 154x24 at x=249.33 = the 74-wide SOL chip and the 54-wide P1/P2 chip 2 apart with the 16px filter glyph 8 further on. Inside the SOL chip: a 16px mark at (4,4), SOL at x=28, the amount at x=58, closing on 74 with pl-1 pr-2 py-1 gap-2. Cards are 409.33x118 on a 126 pitch at (8,8) inside the 435.33 column, which is the 26px scrollbar lane the file reserves (18 of padding plus an 8px bar). No browser: source-vs-node.
14180-115254	partial	-	Trench scroller - undocked, read live 2026-09-16 (get_metadata on the frame, get_design_context on Frame 1123 14180:115257 and on the trailing chip 15411:182392) and compared to TrenchStripUndocked.tsx, TrenchStripPresets.tsx and trenchStripSources.ts. THE FRAME CHANGED AFTER WAVE 44 READ IT. Its destination run is now SIX: Frame 1123 is 659 wide against the 572 on record, slot 2 was re-pointed from Discover to Social (Frame 1423 14181:115357 keeps its id and its text node 14181:115360, but its glyph instance is the new 15411:182374 logos/social) and Frame 1427 15411:182369 Alpha tracker was inserted after it at x=353. The four glyphs that survived were downloaded and diffed byte for byte against the committed exports and are identical, which is what isolated the two that moved; the Alpha tracker glyph is byte-identical to the magnifier that used to be Discover's, so the asset was renamed rather than re-exported and only the Social mark is a new export. BUILT to the frame in 6f1c9613a: Wallet 50 at x=224, Social 47 at 290, Alpha tracker 85 at 353, Market pulse 82 at 454, PnL 37 at 552, Friends 54 at 605 -- a flat 16 gap, each a 12px glyph 4 off a Mulish 12/16 -0.48 white label. Social routes to /social; Alpha tracker is a panel rather than a page, so it opens AlphaTrackerModal, lazily and only once pressed, because that component calls useTrenchDiscovery unconditionally in its body and this bar is mounted on every /launchpad route; PnL and Friends stay drawn and disabled with their reason, as the frame draws them and the app has no page for either. Box re-confirmed: 1382x22 with scroller 1350 at x=16, the preset chips 4 apart, the readouts 8 apart, group gaps 16. PARTIAL for the one element with no source behind it: Frame 1120 15411:182392, a 63x18 chip on a 1px #56C7F3 ring holding a 10px labels/tag, US-E in Mulish 11/14 -0.44 #56C7F3 and a 12px caret, closing the readout run. It is a region SELECTOR, and the app routes no request by region -- no set of regions to offer, no effect from picking one -- so it is recorded for Casey rather than drawn as a dropdown over an empty set.
13006-260089	partial	-	Trench scroller bottom band at 768, read live 2026-09-16 (get_metadata) and compared to TrenchScroller.tsx, TrenchStripPresets.tsx and ChainPriceChips.tsx. Two gaps found and fixed in 763d92d3f. THE TABLET BAND DRAWS ITS FIVE READOUTS and the build gated them at lg: Frame 1128 13006:260128 is 298 wide at x=253 inside a 551-wide Frame 1124, behind the same rule the desktop band uses, and the frame's arithmetic only closes with them present (left group 185, right group 551, 24 between, 760 = the scroller's width at a 4px inset). The whole 768-1023 band drew a right half that stopped at the prices. AND THE GROUP GAP RAMPS: measured edge to edge across each 1px rule, itemSpacing is 8 here (Frame 28 ends 157, rule 165, gear 173; chain trio 48, rule 56, prices 64 to 237, rule 245, readouts 253) against 16 on the 1440 band 14180:115254, and the build shipped a flat gap-4. Now gap-2 lg:gap-4, scoped to the bottom band so the top band's selector gap -- which no board has been read for -- keeps the value it had. Third fix, from both boards at once: the three price chips sit 8 apart and each mark sits 2 off its figure (0/59/117 against widths 51/50/56 here, 0/62/124 against 54/54/61 at 1440), where ChainPriceChips drew a 16 gap on top of 4px padding, 24 between the printed runs, and a 4px mark gap. PARTIAL for one thing left undrawn on purpose: Frame 1120, the three chain marks in a red-ringed pill ahead of the prices. Every price chip already prints its own chain mark, so a separate trio would duplicate all three, and nothing in the app says what the ring reports.
13006-174265	partial	-	Trench > Discover > DEX Screener 1440, read live 2026-09-16 (get_metadata on the board, get_design_context on its nav 13006:174303 and its control cluster 13006:174284) and compared to DiscoverTabs.tsx, DiscoverScreen.tsx and DiscoverToolbar.tsx. THE BOARD DOES NOT DRAW THE TAB ITS TITLE NAMES. Frame 403 13006:174302 is 1318x22 holding a 1082-wide nav whose four children come back in text as Top, Trending, Hot searches and the LIVE tag, with HOT SEARCHES lit -- so there is no DEX Screener tab on the board named DEX Screener. This was read off the text nodes rather than inferred from the 96x22 selected pill, because Hot searches and DEX Screener are both twelve characters and a width could not have told them apart. The row matches DiscoverTabs class for class: flat 24 gap, unselected labels bare in Manrope Regular 14/18 -0.56 #95A09F, the selected one in a padding-2/8 radius-4 #123F3C pill with a white label, the tag round on a 1px #FF7E50 ring with a 10px glyph 4 off Mulish 11/14. The Timeframe group is 236 at x=1082 with 1m / 5m / 1h / 6h / 24h and only 5m boxed. SECOND FINDING, off Frame 405 13006:174284: the Discover TABLE board has its own control cluster and it is not the pulse board's -- right-packed on a 12 gap, a 16px help glyph, an 80x26 Filters chip (bg #122524, radius 8, pl-2 pr-3 py-1, a 16px glyph 8 off Manrope 14/18 at 74% opacity), two round 36px buttons on a 1px #123F3C ring, and a 126x24 SOL/P1-P2 pill. The pill was drawn nowhere in the build on that surface, so the preset behind every one-click buy there was unreachable; built in 9968c2d8a on the title row where the frame puts it, with the selected size now printing on each row's CTA. PARTIAL: the two round buttons come back as icons/warnings and icons/action with no label on either, and both sheets they could open are already reachable from the tab row, so they are recorded rather than wired to a guess. The lit Hot searches tab renders the explicit no-search-volume-source state where the frame draws a populated table, which is the no-mock rule and not a match.
13006-318264	partial	-	Trench > Discover > DEX Scanner 375, read live 2026-09-16 (get_metadata) and compared to DiscoverTabs.tsx, DiscoverScreen.tsx and TrenchScroller.tsx. Same defect as its 1440 sibling: Frame 1206 13006:318269 is 279x18 at (16,9) with four items on a flat 24 gap -- 20 wide at x=0, 46 at 44, the selected 85x18 pill at 114 carrying a 69-wide label, and the 48x18 LIVE tag at 223 -- so the THIRD tab is lit on a board titled DEX Scanner, exactly as the 1440 board lights Hot searches under the title DEX Screener. No DEX Scanner tab exists. Confirmed alongside it and independently useful: Frame 2 is 346 at x=15 and opens at y=84, which is the 16px top inset the build ramps to at the phone stop against 24 on the two wide boards; the Display chip prints the SHORT label (Frame 512 95x32, a 24px glyph inset 8 and Display 43 wide at x=40), which is the md:hidden / hidden md:inline split already shipped; the primary nav is three items on the same 24 with Discover lit. AND THE 375 BOTTOM BAND SETTLES A HINGE THIS LANE MOVED: 13006:318757 insets its scroller 4 and draws Frame 28 at the left with the gear alone at x=355 -- no rule, no prices, no readouts -- so the five readouts belong from 768 up and not below, which is the md hinge 763d92d3f moved them to. PARTIAL, and recorded rather than built: the frame's table scrolls a 1029-wide track (Frame 357 inside a 1061 Frame 445, five 78-tall rows on an 86 pitch, the CTA 72x40 at x=945) where the build's base track is 709 and its md rung is 1000; reconciling those three numbers means editing columns.ts, which is shared with panels other lanes own.
13006-302848	partial	-	Trench > Tables > Dev tokens expanded 375, read live 2026-09-16 (get_metadata) and compared to DevTokensPanel.tsx. Re-derived end to end -- the catalogue recorded this 375 reading as untouched since wave 23. What holds: the compact table keeps FIVE of the nine columns on a 400px track, Token 146 at x=12, Migrated 51 at 161.75, Mkt. Cap. 80 at 216.5, 1H volume 54 at 300.25 and Bal. 30 at 358, which is DEVTOKENS_COMPACT_MIN_TRACK exactly, with Frame 1101 343x8 under it carrying the horizontal bar; the tab band Frame 299 is 375x36 with bottom menu 343x32 at (16,4) and five tabs on a flat 24 gap (30 at 0, 34 at 54, 53 at 112, 61 at 189, 71 at 274), and Vector 1 under it is 34 wide at x=70, the second tab's own width, so the underline is keyed to the selected label rather than fixed; Frame 1402 below carries a scrolled Frame 1206 on the same 24. WHAT MOVED THE BUILD is the Token statistics section: inside Frame 301, the title row ends at y=26 and the donut Frame 285 343x200 opens at 42, the donut ends at 242 and Frame 1176 343x152 opens at 258, so 16 around the donut -- while the two cards INSIDE Frame 1176 are 78 and 66 tall and 8 apart (13006:303076 at y=0, 13006:303087 at y=86) with their contents inset 8. The build had one flat gap-2 md:gap-4 over all three, drawing 8 where the frame has 16 and, above md, 16 where it has 8; fixed in 0e296effa by grouping the two cards at 8 inside an outer 16. Row geometry re-read and NOT compared against the built row: content 28 tall at y=30/74/118/162 between rules at 22/66/110/154, a 44px pitch, the row inset 12, a 24px logo with a 10px chain badge at (18,19) and the name 8 past it.
14180-115254	partial	-	Trench scroller - undocked 1440, re-read live 2026-09-16 (get_metadata on the frame, get_design_context on the trailing chip 15411:182392) and compared to TrenchStripUndocked.tsx and TrenchStripPresets.tsx. SUPERSEDES the wave 46 line on this key: the region chip it recorded for Casey IS NOW DRAWN, because his ruling is that the frame is the source and the chip is to be drawn disabled with its unavailable state. Chip geometry: Frame 1120 15411:182392, 63x18 on a 1px #56C7F3 ring, radius 4, padding 6/2; inner Frame 1119 51x14 at (6,2) holding a 10px labels/tag disc at 0 (fill #56C7F3 at 34 per cent, a r=1.875 dot), US-E 25 wide at 12 in Mulish 11/14 -0.44 #56C7F3, and a 12px caret at 39 -- a flat 2 gap. Built in d554ae675 with no menu, no press and the reason on the chip, focusable because a disabled button takes no focus and the reason would otherwise reach a pointer and never a keyboard; the caret is its own export because the frame paints it #56C7F3 against the committed caret.svg #95A09F. WHERE it belongs was settled by arithmetic across two boards rather than assumed: the docked band 13006:138248 puts its Frame 1128 13006:138285 at 298 wide with FIVE readouts and this frame puts 14180:115293 at 369 with SIX, and 298 + 8 + 63 = 369 on the run own flat 8 gap, so TrenchStripReadouts takes it as a prop and the docked band is untouched. Re-confirmed unchanged: the six destinations of 6f1c9613a at Wallet 50 x=224, Social 47 x=290, Alpha tracker 85 x=353, Market pulse 82 x=454, PnL 37 x=552, Friends 54 x=605 on a flat 16 inside a 659-wide Frame 1123; readouts 53/60/53/50/50 at 0/61/129/190/248. PARTIAL for the three readouts with no source behind them -- a person, two bolts, a pill, naming nothing the app counts, so each prints its glyph and the unknown mark rather than 14.12K / 112.46K / 43.09K -- and for Frame 1120 14180:115274, the three chain marks in a red-ringed pill, left undrawn because every price chip already prints its own chain mark.
13006-316862	partial	-	Trench > Discover - Top 375, read live 2026-09-16 (get_metadata on the whole board) and compared to TokenTable.tsx, DiscoverScreen.tsx, DiscoverToolbar.tsx and TimeframeRail.tsx. TWO GAPS BUILT AND ONE FALSE CLAIM IN THE CODE CORRECTED. (1) THE PHONE TABLE SCROLLS THE SAME 1029 TRACK EVERY OTHER BOARD DRAWS. Frame 270 13006:316889 is 1061 wide inside a 375 board, its row list Frame 357 13006:316890 is 1029 at x=16, five 1029x78 cards on an 86 pitch, header Frame 283 setting Pairs 385 at 0, a 552 metric group at 384.5 and Action 75 at 936 inside 1011, and Frame 1101 13006:317447 drawing a 343x8 horizontal scrollbar under the rows. The build floored the track at 709 below md, so the phone squeezed every column into the viewport instead of scrolling; columns.ts already closes on 1029 exactly, and the 1000 that sat at md was an estimate of the same number. Now min-w-1029px lg:min-w-709px -- ae5eb71ea. (2) THE HEADER CLUSTER SPREADS AND THE BUILD PACKED IT. Frame 405 13006:317466 is 346x36 at y=40 inside Frame 2 346x106 at (15,84), and its six children are the 95x32 Display chip at x=0 then five 36x36 buttons at 109.2 / 159.4 / 209.6 / 259.8 / 310 -- a 50.2 pitch, a 14.2 gap, the last flush right, which is SPACE_BETWEEN across the row: (346 - 95 - 5*36) / 5 = 14.2. The pulse phone board 13006:296576 gives byte-identical figures, so it is the phone rule and not one board accident, while at 768 Frame 405 13006:340320 right-packs the same six on a flat 12 inside 509 of a 708 row. A flat gap-3 drew the tablet number on a row 163px wider than its contents -- 4ca2bd5e4. (3) CORRECTED, NOT BUILT: Frame 1385 13006:316866 is the 375x36 tab band and carries Frame 1206 279x18 at (16,9) AND Frame 1403 13006:316875 at (321,10), 38x16 -- the current window 1m, 18 wide, beside a 16px caret. TimeframeRail.tsx and DiscoverScreen.tsx both claimed this board draws no timeframe group and cited it by name; it draws the rail COLLAPSED. dff87b886 corrects both. Not built because the frame gives a trigger and no open state, so the menu box, fill and placement have no source. PARTIAL also for a ruling question: at 375 this DISCOVER board draws the PULSE cluster, identical coords to 13006:296576, with the 92x32 Frame 1313 disclosure above it, while the build discover branch is md:flex and the phone draws nothing there -- building it would put Blacklist, Snipe and Hotkeys on the phone twice, because d926ef19 already moved those into the tab row.
13006-292285	partial	-	Trench > Trade > Chart - Market 375, read live 2026-09-16 (get_metadata on the ticket 13006:292286) and re-derived band by band against CompactTicket.tsx with DELTA ZERO -- the first measurement this node has had since wave 23 built the component off one design-context read. Frame 299 13006:292288 375x38, bottom menu 343x30 at (16,4), content row 22 tall at y=8 = px-4 py-2, since 8 + 22 + 8 = 38. Preset run Time 92x16: P1 12 at x=0, P2 14 at 24, P3 14 at 50, the 16px pencil at 76 -- a flat 12 = gap-3. Right group: two 16px glyphs at 0 and 28 then the 89x22 wallet chip at 56, the same 12; the first glyph is the clock the build deliberately leaves out, since there is no Trench order history for it to open. Frame 270 13006:292319 375x172 with signals 343x140 at (16,16) = p-4; Frame 1365 36 tall then Frame 1163 at y=52, a 16 gap = gap-4. Order-type CTA 13006:292322 81x24: label 37 at x=8, caret 16 at 57, so padding 4/8 on a 12 gap = px-2 py-1 gap-3. Market direction 120x36 = the SideToggle w-120px. Amount stack: card 13006:292334 343x40 with content 319x16 at (12,12) = p-3; the five 67x22 cells at 0/69/138/207/276 open at y=42, a 2 gap = gap-0.5; Frame 1134 at y=72, an 8 = gap-2. Frame 300 13006:292385 spreads four 28-wide stat groups and three rules across 327 on a 28.83 free step, which is TicketStatBar justify-between. PARTIAL for the reason no build can close: every order rail on a Trench token resolves to none, so each amount cell is disabled with its stated reason and the frame live state is unreachable -- never a money-path change to make a frame match. ALSO RECORDED, NOT BUILT: this board insets the stat row an extra 8 inside the band own 16 (Frame 230 at x=8 of a 343 content) where TicketStatBar ships a flat px-4, and that bar is shared with the stacked and desktop tickets whose boards were not read.
13006-286595	match	-	Launch > create token > buy test, 768 overlay, read live 2026-09-16 (get_metadata 13006:286892) - the first time this modal has been compared to a board, and it lands at every offset. 448x354 on a 12 inset: controls 424x16 at y=0; Frame 625 at 40, so 24 under it; copy 424x88 as a 44 title over a 36 blurb 8 apart; Frame 504 at 112, 24 again, 424x104 as a 48 amount card over a 56 slider block with no gap between the slabs; Frame 203 at 292, 24 under a block ending at 268, two 208 CTAs on an 8 gutter at 50 tall; 292 + 50 = 342 against 354 closes at 12. The build draws all of it - gap-6 sections, the h-4 row reserving the close control, gap-2 title to blurb, p-3 on a no-min-size field, px-3 pt-4 pb-2 over an h-2.5 track with mt-2 labels, flex-1 CTAs at md:h-[50px] coming to (424-8)/2 = 208 - so the geometry needed nothing and is now pinned rather than re-read. WHAT THE READ FOUND INSTEAD is a ruling breach beside it: the currency chip and seven other user-facing strings on this page said sUSD where the standing ruling is that sUSD READS as USD. All eight go through tokenDisplaySymbol('sUSD') via one QUOTE_LABEL, while SUSD_ADDRESS, SUSD_INPUT_RE and formatSusd keep the on-chain name - a mapping, not a rename - and the guard checks the strings rather than trusting the constant exists. The assertion wave 46 restated is green at HEAD: 52 tests, no type errors. No browser: source-vs-node. Commit c29d6b3d5.
13006-183651	partial	-	Trench > Trackers > KOLs, 1440 - READ LIVE 2026-09-16, the first opening of this node by any wave, and it closes the row-level geometry wave 43 named on it and nobody derived (a2bbcfed2). The pane ladder is now stated by the node it was asserted for: Frame 520 1318 at x=32 of a 1382 main, Frame 444 1318x674 at y=60, Frame 445 864x674 opening on an 864x54 band whose bottom menu is 832x50 at (16,4), Frame 446 448x674 at x=870 - a 6px gutter - which is a third board giving the same figures. The table: Frame 591 848x24 at (8,8), KOL details 325 at x=0 and Actions 100 at x=748 with the rule 8 under the label row; Frame 357 stacking content boxes 848x22 at y=0 / 38 / 76 / 114 with a rule at 30, so a 22 box on a 38 pitch with 8 of clearance either side, and each row's left block 286 wide at (16,2) - 2 + 18 + 2 inside the 22, exactly what py-2.5 on an 18 label pays. The action box is 170 at x=662 with its FIRST slot hidden, so six glyphs span x=24 to 170: 146 of ink on the 26 pitch the file already had right, against a 190 track - recorded, not moved, because a slot hidden on one board is not the same fact as its being absent from the component. AND THE FRAME'S HEADER DOES NOT LINE UP WITH ITS OWN ROWS: Actions sits at 748 over a cluster starting at 662, and the app draws the header on the row's own grid so a label cannot drift from its figures - the identical call the Portfolio social table makes against 5902:145399, which makes it the house rule on two surfaces. Partial for the toolbar conflict, which is an owner decision, and for Frame 446 and Frame 337's toolbar row, not derived. Four whale-directory tests time out at the 5s default under a parallel run and pass alone at 30s; the file's only changes this pass are comments. No browser: source-vs-node.
13006-210579	partial	-	Token-header row 1440, read live 2026-09-16 (get_metadata) and compared node by node to TradeHeader.tsx. Frame 6 1047x58; identity Frame 3 (11,11) 213x36; rule at x=240; stat cluster Frame 1 (256,12) 567x34; safety pills Frame 502 (839,17) 192x24. Frame 500 (44,1) 169x34 = Frame 22 169x18 (symbol 36x18 at x=0, name 57x16 at x=40, glyphs 16px at 105/129/153) over Frame 24 (0,20) 156x14 (age 19x14 at x=0, Frame 546 128x14 at x=27, closing on an icon+count pair 21x14 at x=108). Two deltas found and fixed in e7c89dfef: the row printed a price and a tinted 24h percentage that this block does not draw at all (both live in Frame 1 - the 67x26 $20.72 at 13006:210625 and the Price cell 13006:210627/:210628), and it stacked the symbol over the name where Frame 499 sets them 4px apart on one 18-tall line. Not a match line: the app keeps one icon cluster on one row where the frame splits 3 and 6, and the eye's count has no source. No browser: source-vs-node.
13006-267299	partial	-	Token-header row 768, read live 2026-09-16 (get_metadata). Frame 1301 (12,12) 684x34 carries the identity block and the right cluster only - the stat cluster is the sibling at y=62, which is the reading TradeHeader's stackStats note already rests on. Frame 3 211x34: 34px avatar, chain badge 10x10 at (27,-3), Frame 500 (42,0) 169x34 repeating the 1440's Frame 22 / Frame 24 pair to the pixel (36 at x=0, 57 at x=40, glyphs at 105/129/153; age 18x14, cluster from x=26). Frame 1303 at x=453 231x34 = Frame 502 181x24 plus a 34x34 CTA. Confirms the same two deltas as the 1440 and carries the same partial (icon split, eye count). No browser: source-vs-node.
13006-287600	partial	-	Token-header row 375, read live 2026-09-16 (get_metadata). Frame 6 375x106 = Frame 1301 (16,16) 343x34 over Frame 1302 (16,66) 343x32, the 16px seam the file ships as mt-4. Identity Frame 3 211x34 is the 768's block again, with Frame 500 (42,1) 169x32 and its rows 16 and 14 tall (symbol 36x16 at x=0, name 57x14 at x=40). The phone stat row draws the price twice as the other boards do - $20.72 43x16 in Frame 12 and 0.066 in the Price cell - so all three boards agree the identity block holds neither a price nor a percentage. Third board behind e7c89dfef. Partial: the icon split, and a trailing pair of rounded rectangles at x=327/343 on the stat row was not traced into the build. No browser: source-vs-node.
13006-319525	partial	-	Trackers > Wallets Manager, 375. Read live 2026-09-17 and the open hand-off is closed (e8e31b74a). The question was how this board's table collapses against the 1440 one; it does not collapse. Frame 591 and Frame 357 are 745 wide at x=16 of a 375 artboard - 386 off the board - and each row's left block is the same 286 the 1440 sibling 13006:183651 draws, so the desktop table was pasted onto a phone artboard unchanged. There is no phone column set to take from it, and the 692 track the file carries from 7290:60582 is not contradicted here. Laid to 375 and matching: the 36/36/40/470 shell in a 375x582 stack at y=154; pane tabs 39 and 58 at x=0 and x=63 in a 343 menu at (16,10) with the underline 39 wide at x=16, equal to the active tab; the type row 228x18 at (16,9) with a 97x18 box holding an 81x14 pill at (8,2); the toolbar's 132x32 search at (16,4) and Frame 1404 190x32 at x=169 as 32 + 4 + 32 + 4 + 118. And one phone-only element under the table: Frame 1101, a 343-wide scrollbar at x=16 with a 97x4 thumb - the board asks for sideways scroll, which is what this file ships. No browser: source-vs-node.
13006-210579	partial	-	Token-header identity block 1440, read live 2026-09-17 one level below wave 47's read, and the block is TWO RUNS where four waves had it as one. Frame 500 13006:210584 is a 169x34 column on a 2px seam. Frame 22 169x18: Frame 499 97 wide (symbol 36 at x=0, name 57 at x=40, 4 apart) then three 16px marks at 105 / 129 / 153 — a 24 pitch on a 16 mark is an 8 gap, and 97 to 105 is the same 8. Frame 24 156x14: the age 19 wide at x=0, then Frame 546 at x=27 holding six 12px marks at 0/18/36/54/72/90 — an 18 pitch, a 6 gap — and Frame 551, a 12px mark plus a count 2px after it. get_design_context on the same node gives the faces the metadata cannot: symbol Manrope Regular 14/18 at -0.56 in Core/White, name Manrope 12/16 at -0.48 in App/Ash 300, age Mulish 11/14 at -0.44 in App/GREEN 300. The exported assets identify the marks: copy, share and a heart at 16; link, a #FFBD16 paid-dollar badge, holders, globe, search, pie and an eye-with-count at 12. So the frame's own rule is ACTIONS ON THIS TOKEN up at 16 and DESTINATIONS AND READINGS down at 12. The app drew ONE flat cluster of 16px controls in 28px shells on a 4px gap with the age loose beside it, in Mulish 14/20 and Ash. Built in 8c889af96 with the controls this app actually has — copy and the watchlist heart on row one, website, socials and DexScreener on row two — and the shells carry box-content with an equal negative margin so a pointer gets 24 and 16 to hit while the marks still land on the frame's 24 and 18 pitches. NOT a match line, and the gap is named: the share, holders, search, paid and pie marks are not drawn because each would be a control with nowhere to go, and Frame 551's eye has no watcher source to count. No browser: source-vs-node.
13006-267299	partial	-	Token-header identity block 768, read live 2026-09-17. Frame 500 13006:267304 repeats the 1440's two runs to the pixel — Frame 22 169x18 with the 97-wide symbol/name pair and three 16px marks at 105/129/153, Frame 24 at y=20 with an 18-wide age and Frame 546 from x=26 carrying six 12px marks on the same 18 pitch and the eye pair. Nothing in the block hinges, which is why the split built in 8c889af96 is one build rather than a ramp. What DOES hinge is the avatar, and this is the board that gives its lower rung: Rectangle 34624566 is 34x34 here against the 1440's 36, with the chain badge following to x=27 against x=29, the same 10x10 at y=-3 both times. The file shipped 36 and 29 flat at every width; it now carries size-[34px] lg:size-9 and left-[27px] lg:left-[29px], and TradeHeader.test.tsx asserts the ramp rather than the old flat pair. Partial for the five marks with nowhere to go and the eye with no count.
13006-287600	partial	-	Token-header identity block 375, read live 2026-09-17 inside a whole-board read of 13006:287597. Frame 6 375x106 = Frame 1301 at (16,16) 343x34 over Frame 1302 at (16,66) 343x32, the 16px seam the file ships as mt-4. Frame 500 13006:287606 at (42,1) is 169x32 and holds the same two runs as the other two boards: Frame 22 169x16 with the symbol 36 at x=0, the name 57 at x=40 and the three 16px marks still at 105 / 129 / 153, then Frame 24 at y=18 with an 18-wide age and Frame 546 from x=26 on the same 18px pitch. So the phone shrinks the TYPE (16 and 14 tall against 18 and 16) and not the runs, and the marks do not step at all — the third board behind 8c889af96 and the second behind the 34px avatar. Its stat row draws the price twice as the other two do, so all three agree the identity block holds neither a price nor a percentage. Partial for the five marks with nowhere to go, the eye with no count, and the trailing pair of rounded rectangles at x=327/343 on the stat row, which belongs to TradeStatsStrip.
13006-287597	partial	-	Trench > Trade > Chart - Instant 375, OPENED AS A BOARD FOR THE FIRST TIME 2026-09-17 (get_metadata on the whole frame) and compared to CompactTicket.tsx and ticketParts.tsx. It agrees with its Market sibling band for band — Frame 299 375x38 with a bottom menu 343x30 at (16,4) and a 22-tall content row at y=8, which is the px-4 py-2 shipped; the 92x16 preset run with P1 12 at x=0, P2 14 at 24, P3 14 at 50 and the 16px pencil at 76 on a flat 12; the right group's two 16px glyphs at 0 and 28 then the 89x22 wallet chip at 56, the same 12; signals 343x112 at (16,16) = p-4 with Frame 1365 36 tall and Frame 1163 at y=52, a 16 gap. TWO VALUES ARE THIS BOARD'S OWN AND BOTH ARE NOW BUILT (259feaefe). (1) THE FOUR INSTANT CELLS ARE 36 TALL. Frame 1163 13006:288506 is 343x36 holding four CTA/buttons 79.75 wide at x=0 / 87.75 / 175.5 / 263.25 — four equal quarters of 343 on an 8px gutter — against the 34 that thirty-two cells across the three rail cuts draw. Those cuts are 432 and 842 card widths and this is a 375 board, so it is a ramp and each rung is asserted where it was read. The cell declared NO height at all, so index.css floored it at 44 under 768 and the phone drew neither number, and the touch-floor sweep could not see it because its resolver reads size utilities and a padding is not one; it now carries h-9 and no-min-size on the compact rung while the rail rung keeps its py-[6.5px]. (2) THE STAT BAR INSETS AN EXTRA 8. Frame 230 13006:288539 is 327 wide at x=8 of a 343 content, and 13006:292285 draws the identical offset, while the preset band above puts its own Frame 230 at x=0 — so the inset belongs to the bar, two 375 boards say so, and the three rail cuts keep the flat 16 they were measured at. Also derived and unchanged: the order-type CTA is 126x24 here where Market draws 81x24, the extra 45 being the longer label, on the same padding 4/8 and 12 gap; Market direction is 120x36 with two 52x28 halves 8 apart; Frame 1162 spreads the four-group read-out and the 18px Adv box across 343. NOT a match line: instant resolves to none on a Trench token, so all four cells are disabled with their stated reason and the frame's live state is unreachable. Never a money-path change to make a frame match. No browser: source-vs-node.
13006-319056	partial	-	Trench > Discover - Live - display settings 375, READ LIVE 2026-09-17 (get_metadata on the whole board) — the first opening of this node by any wave, and it moves three values the 1440 alone had settled. (1) THE PHONE CARD IS 354. modal 13006:319338 is 354x314 at x=11 of a 375 board; LiveSettingsModal carried max-w-[448px] at every width below lg, a 768 number standing in for a phone one. Now max-w-[354px] md:max-w-[448px] lg:max-w-[564px], so the width nobody has read for 768 keeps what it had. (2) THE PREVIEW ROW INSETS 8 HORIZONTALLY, NOT 12. active 13006:319351 is 330x64 with Frame 1199 302x40 at (8,12), against the 1440's 16 at 13006:176947 — and the file shipped px-3 py-4, which is neither board's pair. Now px-2 py-3 lg:px-4. (3) THE PREVIEW STACKS AT 375: Frame 22 20 tall over Frame 1193 16 tall, 4 apart, coming to the 40 the 64-tall row leaves, where the 1440 runs the same content on one 28-tall line; the row is now flex-col with an lg:flex-row. Built in 133bcd664. Everything else closed with delta zero: 12 of card padding, a flat 24 between the four sections and again to the 44-tall full-width CTA, a 22-tall title 8 above a 16-tall blurb, and 16 from the toggle label to its 40.59x24 switch. THE BOARD ALSO CARRIES FOUR SIBLINGS FOR FREE, each confirmed: the Discover four-tab nav (Frame 1206 13006:319061, Top 20 at x=0, Trending 46 at 44, Hot searches 67 at 114, the 48-wide LIVE tag at 205 — a flat 24) with the collapsed 1m rail at (321,10); the Live sub-nav of 13006-318775 (Frame 299 375x42, menu 343x38 at (16,4), tabs 68 and 85 wide 24 apart, a 132x32 search at x=211, a 68-wide underline); the phone header cluster of 13006-316862 (Frame 405 346x36, a 95x32 Display chip then five 36x36 buttons at 109.2 / 159.4 / 209.6 / 259.8 / 310, the same 14.2 remainder the pulse phone board gives); and the 375 strip, 375x22 with its scroller inset 4 a side. PARTIAL because the preview's populated state needs a stream directory nothing registers, so the row draws its no-source line and the frame's Zoomer sample cannot be compared.
13006-356662	match	-	Trench > Pulse card - Intel - Boost status 375, READ LIVE 2026-09-17 — the first opening of this node by any wave — and every box it draws closes on TokenCard.tsx. The card is 349x126: Frame 3 333x86 at (8,8) and Frame 553 333x18 at (8,100), so padding 8 all round and a 6px seam, and 8 + 86 + 6 + 18 + 8 = 126 exactly. That is the p-[7px] plus a 1px border (Figma strokes inside, a CSS border does not) and the gap-1.5 the file already ships, with radius 12 at this width. The logo block is Frame 1295 with a 64px square inside a 68px ring at (-2,-2) and the chain badge 16x16 at (55,-4) — the phone's 64-in-68, not the 78-in-82 the 768 and 1440 cards draw, which is what TokenCard's md: hinge pays for. The age run Frame 546 is 92 wide: 35m 20 wide at x=0, then 12px marks at 26 / 44 / 62 / 80 — a 6px gap after the age and an 18px pitch — which is the gap-1.5 over size-3 the file has, and the age is the same App/Green 300 the token header's age turned out to be. THE GAP WAVE 44 LEFT ON THIS ROW IS CLOSED BY MEASUREMENT: the BOOST-STATUS variant's chip is the plain 12px bolt at the run's fourth slot, which is exactly the BoostGlyph TokenCard draws off boostAmount > 0 — there is no boost-specific content to trace, and the expanded sibling is where the difference lives. Two things stay unasserted rather than wrong: the run's glyph ORDER (the frame puts the bolt third, the build second) and Frame 553's five chips, whose flat 2px gaps and 6px leading inset were read but whose glyph identities would need a design-context call. No browser: source-vs-node.
13006-356801	partial	-	Trench > Pulse card - Intel - Boost status EXPANDED 375, read live 2026-09-17 and diffed node by node against its collapsed sibling. The two cards are identical everywhere — the same 349x126 box, the same Frame 3 and Frame 553, the same five bottom chips, the same MC / V / F / Tx cluster, the same 64-in-68 logo — except for ONE run. Frame 546 is 92 wide collapsed and 117 expanded, because the fourth 12px mark becomes a 37x12 chip: icons/action 13006:356834 holding Frame 1368 36x12, a 6x7.5 bolt vector at x=4 and the text 02:27 20 wide at x=12. That is a boost COUNTDOWN. tokenDiscoveryService carries boosts.active and boost.totalAmount and no expiry at all, so a timer here would be a number this build invented, which the no-mock rule forbids — wave 44 said so from a screenshot and this pass says it from the node. NOT a code defect and not closable by building: the geometry is written down here so the day a source appears the chip is already specified. No browser: source-vs-node.
13006-232413	partial	-	Trench > Dev tokens > Token statistics 1440, READ LIVE 2026-09-17 — the first opening of the desktop node, against a 375 reading that had been standing in for both widths — and TWO GAPS WERE BUILT (2572dde34). (1) THE DESKTOP SEAM IS NOT THE PHONE'S 16. Frame 301 is 298x474: Frame 285 opens at y=16 and is 240 tall, Frame 1176 opens at 294, so 38 between the boxes. But the 1440 donut box RESERVES 240 for a 200px ellipse, which sits at (28.5,20) inside it, while the 375 box is exactly 200 and the ellipse fills it — and the app's MigrationDonut IS the ellipse at both widths, a bare size-[200px]. So the seam this element needs is the frame's 38 plus that 20 of slack: 236 to 294, fifty eight. Now gap-4 lg:gap-[58px], written as one number with the decomposition in the comment, because re-measuring Frame 285 alone will read 38 and be right about the frame and wrong about this element. (2) HIGHLIGHTS INSETS 8, LIKE ITS SIBLING. Frame 1175's content Frame 387 sits at (8,8), the same inset Frame 1174's has, and this card alone carried 12; its title is 16 tall at y=0 with the body opening at y=24, an 8 the two lines ran straight into, and the 8 now rides the block so it survives whichever of the two readings has no source. Confirmed unchanged: the two cards 8 apart inside Frame 1176, the Token stats card's 8 inset, its 8 under the title and the 8 between its two rows, and the donut's 200px ring with a 26-tall figure 4 above an 18-tall label. NOT a match line: the donut's segment colours and both cards' fills are fills, which metadata does not carry, and the panel's launch history is a pump.fun read whose unavailable state no source-vs-node pass can exercise.
13006-234863	match	-	Trench > Transactions row 1440, read live 2026-09-17 (get_metadata) and re-derived against TransactionsPanel.tsx and columns.ts with DELTA ZERO — the first time this row has been measured with metadata rather than a design-context read, which matters because the column track is the thing design context cannot state. content is 1015x28 holding Frame 239 991x24 at (12,2), and inside Frame 235 the six cells sit at x = 0 / 103.2 / 246.4 / 439.6 / 607.8 / 761 with widths 50 / 90 / 140 / 115 / 100 / 230. That is TX_GRID_COLS to the pixel, including the fractional step: 725 of track in a 991 box leaves 266 over five gaps, 53.2 each, which is what SPACE_BETWEEN pays and is exactly why the file refuses a gap utility and uses fixed cells on justify-between. Confirmed with it: the 70x16 Rectangle 2 sitting BEHIND the Total USD figure in Frame 1168, and the trader cell Frame 482 230x24 whose two 12px glyphs sit at 0 and 24, whose handle chip Frame 289 is 86x24 with its text at (12,4) — the rounded-[8px] px-3 py-1 shipped — and whose count Tag is 19x14 at x=146. Not a full match line for the bar itself: the per-side gradients and the Buy/Sell fills are fills and stay on the design-context reading wave 43 took. No browser: source-vs-node.
13006-246442	partial	-	Trench > Multi-panel - data 1440, READ LIVE 2026-09-17 (get_metadata) — and the ONE CARD claim TradeTerminal's rail comment has rested on since wave 23's single design-context read is now derived from the node rather than quoted from it. Frame 300 is ONE 313x954 frame, and everything in it sits on a flat 16 inset: Frame 1158 at y=16 holding the flow strip Frame 328 281x56, then Frame 355 at y=64 (the 8px seam the terminal already ships between the strip and the ticket's nav) and a 281x48 CTA at y=296; then Vector 6 at 372, the Bought / Sold / Holding / PnL row Frame 324 281x40 at 384, Vector 5 at 436, the three preset tabs Frame 1151 at 448, Vector 4 at 482, Token information Frame 1153 281x224 at 494, Vector 7 at 730, the CA row at 742, the DA block Frame 1156 at 770, Vector 8 at 822 and the Token banner Frame 1157 281x104 at 834 — closing 938 + 16 = 954. EVERY ONE OF THE FIVE RULES SITS ON A FLAT 12 EITHER SIDE, and the CA row and the DA block are the one adjacent pair with no rule between them, on the same 12. So the card is a single fill with hairline-separated sections, which is what the terminal builds. PARTIAL and not a match: the card's own fill and corners are fills, and Token information's interior — three 88.33 tiles on a 281 track at x = 0 / 96.33 / 192.67, four rows 44 tall on a 52 pitch — belongs to TokenInfoPanel, which this row does not cite. No browser: source-vs-node.
13006-319384	match	-	Trench > Trackers > Wallets - empty, 375. Read live 2026-09-17 (get_metadata) — the first reading at this width; wave 44's verdict had been carried off a sibling. Shell, node by node: pane tabs 36 with `bottom menu` 343 at (16,10), tabs 39 at x=0 and 58 at x=63 and the underline 39 wide at x=16; sub-tabs 36 with `Frame 1206` 228x18 at (16,9), the active pill 97 around an 81 label at x=8, then 56 at x=121 and 27 at x=201; toolbar 40 with 4 above and below, the 132px search at (16,4) and a 190x32 cluster at x=169 holding 32 + 32 + 118 on 4px gaps, ending at 359 for the board's 16px right inset; body 470. Empty state: `middle` 343x92 at (16,189), which is centred in the 470; `description` 343x36 with the title 18 tall centred at 102 wide and the hint 14 tall at y=22 — the 4px seam `gap-1` draws and the 14px leading the phone ramp gives it; `Frame 242` at y=60, i.e. 24 under a 36-tall block, which is `mt-6`; the CTA 161 wide and centred. ONE number moved and is fixed in c74e0a5a1: the CTA is 32 tall here where SKY_BTN_LG paints 34, and the board settles it outright by stacking both variants — the visible 32 (:319419) over a hidden 34 (:319418) — with 8px padding either way, so only the label's line box steps. No browser: source-vs-node.
13006-321307	match	-	Trench > Trackers > Wallets - add wallet, 375. Read live 2026-09-17, the first opening of this node; wave 43's verdict and the file's whole TRENCH_PHONE ladder had stood on bug row b93d2ba7. Every rung measures true and nothing was edited: the sheet 359x796 at (8,8) of a 375 artboard, which `inset-y-2 right-2` under `max-w-[calc(100vw-16px)]` produces exactly; 12 padding all round; a 24-tall controls row with the 24px pencil at x=0, the 18/22 title at x=34 for a 10px gap and the 16px close at x=319; `Background` at y=48, so 24 clear of the controls; `Wallet information` 18 tall with the field stack 20 below it, which is the body's 24 gap less the section's `-mb-1`; three fields at y=0 / 94 / 190, a flat 24 apart, each a 14 label over a 50px `Frame 589` on an 8px seam; the name field's 50px emoji square 8 left of a 277 input; and the CTA 335x44 at y=740, i.e. 12 off the bottom. Delta zero across about fifteen values. Recorded on the file in b078d4940 so the next reader is not told a measured ladder came from a report. No browser: source-vs-node.
13006-356941	match	-	Trench > Trackers > Wallets Manager - import wallet, 375. Read live 2026-09-17, the first opening of this node, and the 375 column of ImportWalletsModal's shell table had never been checked against one. Matching at HEAD: the card 354x424 at (11,194), centred in the board; 12 padding all round; a 16px close row with the X at r12 / t12; 24 between every child of the card AND between the content block and the CTA; title 22 over a 16 subtitle on an 8px seam; the wallet-type row 56 tall on 24/16 padding with three 24px discs on an 8px gutter closing on the content's right inset; the paste field 48; `Frame 559` hidden, which `showFolderRow` gates on Trench; the helper block 70; the CTA 330x44. THREE moved, in 8d8e2e16b and 7952da494. The card width: 354 in a 375 viewport is 21px of gutter and `max-w-[calc(100vw-22px)]` clamped it to 353, a pixel narrow at exactly the width it is drawn at. The shine: 13006:357180 hangs at (-150,-490) where the Home 2 phone cut is (-150,-330), 160px apart, so the y is board-gated now and the x, md and lg rungs are not. The helper: 70 is five flat 14px lines — sentence, one empty line, three format lines with nothing between — where the 2px item spacing made it 74. No browser: source-vs-node.
13006-321618	partial	-	Trench > Trackers > X accounts - Popular, 375. Read live 2026-09-17, the first opening of this node, and it corrects two things the row was being carried on. It draws the POPULATED state — fifteen ranked rows — so there is no empty state on it to measure. And its blocker has moved: Popular stopped reading `public.social_posts` on 2026-09-15 (138a59b93) and now ranks `GET /api/twitter/author-counts` on skai-bot, which proxies X's `GET /2/tweets/counts/recent`, so the ask is that route plus a bearer token on a plan carrying the endpoint. Layout laid to the board in 385f225cc: `Frame 358` is 343 wide at x=16 of the artboard and each `content` row insets another 16, so a handle reads 32 from the edge and the hairlines stop 16 short of either side, against the 8 + 8 the panel carried from the Home 2 phone board; and the nav at (16,12) over an 8px seam puts the first hairline at 40 against Home 2's 36. Confirmed unchanged: rows 24 tall on a 40 pitch, the rank column 24, an 8px gutter to the 16px glyph and another 8 to the handle, the trailing 16px action at the row's right inset, the active pill 20 tall on 8px padding and the two labels 24 apart. NOT a match line: this board draws no search, import, export or Add handle while its own empty sibling 13006:321483 draws all four, and dropping them would leave a populated list with no way to search it or add to it — the two frames disagree and it needs Casey. No browser: source-vs-node.
13006-319762	partial	-	Trench > Trackers > Live trades, 375. Re-read live 2026-09-17, where wave 48 carried wave 44's reading, and it settles two things about the surface rather than about this cut alone. The toolbar's right half is PER SUB-TAB: Live trades drops the 190x32 import / export / Add-wallet cluster the Wallets boards draw for a 182x24 scope group at x=177 — two 16px glyphs at 0 and 28, then a 126px chain-and-preset pair — while the 132px search at (16,4) is common to both. That is the split the file already ships. And its table is pasted from the desktop board exactly as the wallet manager's is: `Frame 1387` is 538 wide inside the 375 artboard, the header track 506 with columns at 8 / 195.33 / 346.67 / 448, rows 28 tall on a 40 pitch. So NEITHER table on this surface has a phone column set, which is the second witness for the conclusion 13006:319525 reached alone, and the sideways scroll is the answer at 375 for both. Still partial for that. The ruled `amountNative` and `marketCapUsd` cells were re-checked at HEAD: both read the API row, neither is derived, each says `--` while the field is absent. No browser: source-vs-node.
13006-182215	partial	-	Trench > Trackers > Wallet manager > Import wallet, 1440. The modal 13006:182610 was read with get_design_context on 2026-09-17, which reports what the metadata pass behind wave 46's reading could not, and it closes BOTH items this row was held open for. The corner: the node's own style block says `rounded-[32px]`, so the 32 the file claimed for 1440 is read rather than asserted. The helper block: 13006:182636 is a 14/18 text of one paragraph, then a paragraph holding a single zero-width space, then a real disc list of three items each carrying `mb-0` — so the bulleted composition that was established from a SCREENSHOT of 13008:121878 is confirmed from node data on a second board, the seam under the helper sentence is one EMPTY LINE rather than a spacing value, and the format lines do not step apart. Both landed in 7952da494. Re-confirmed in the same read: 24 padding, a 40 gap to the CTA over a 24 inner gap, title 24/28 and subtitle 16/22 on #E0E0E0, the wallet-type row r12 on 24/16 with three 40px discs on an 8px gutter, the paste field r16 on 20 at 16/22, the CTA full width r16 on 40/20 at 16/22. NOT a match line for ONE remaining value: Figma's code places the shine `bottom-[429px] left-[-151px]`, which resolves to a top near -371 against the -310 this file ships — but that is arithmetic off an inferred padding-box height, not a reading, so it needs one positional read of 13006:182611 and nothing else on this board is open. No browser: source-vs-node.
13006-234863	partial	-	Trench > Trade > Transactions row 1440, read live 2026-09-18 with get_design_context on THIS node and on its sell sibling 13006:234893 - two rows, so the fills are the table's and not one hovered row's. EVERY FILL WAVE 48 LEFT OPEN MATCHES THE FILE. Buy #17F9B4 / Sell #FF574A on both the side chip's label and the Total USD figure (BUY_COLOR / SELL_COLOR). The side chip is `labels/tag` fully round, padding 8/2, on 24 per cent of App/Green-O for a buy and 34 per cent of App/Red-O for a sell - SIDE_WASH's deliberately unequal pair, confirmed from the two nodes. `Rectangle 2` is a LEFT-TO-RIGHT gradient, 4 to 14 per cent green on a buy and 4 to 24 per cent red on a sell, 16 tall inside the 100x18 cell at left 0.2 with the figure right-aligned over it. Trader chip rgba(0,46,44,0.8), radius 8, padding 12/4, no stroke, handle Mulish 12/16 at -0.48 in #56C7F3 (TRADER_CHIP). Count tag rgba(255,255,255,0.14), radius 4, 6 of side padding, 11/14 white at 64 per cent. Glyph run: two 12px marks on a flat 12, then the 16px external-link and the rotated 16px caret 8 after. Cells Mulish 14/18 at -0.56 on the six-cell track wave 48 derived. NOT A MATCH LINE for one thing it also gives: the row's OWN ground is #122524 on a 12px corner with padding 12/2 and NO stroke on both rows, the board holds fifteen such rows 28 tall on a 44 pitch, and its only rule is 13006:234862 under the header - so the shipped `border-b border-[#123F3C]` paints a divider the frame does not draw over a band it does. Recorded in columns.ts, fc1d4f070.
13006-356662	partial	-	Trench > Pulse card - Intel - Boost status 375, read live 2026-09-18 with get_design_context, which closes both items wave 48 left. THE AGE RUN `Frame 546` 13006:356686 is, glyph by glyph: the age in Mulish 10/14 at -0.4 in #17F9B4, a pencil :356688, a chat logomark :356691 stroked #95A09F, the #FFBD16 ring-and-bolt :356695 whose path is byte-for-byte the one BoostGlyph already draws, and the search magnifier :356698, on the 6px gap the file ships. The card drew the boost FIRST; it now sits last but one, before the search, with the card's two real destinations in the slots the frame gives the pencil and the chat (72d613867, pinned). THE FIVE BOTTOM CHIPS `Frame 553` 13006:356769 - chrome delta zero against UnknownChip: #001615 on a HALF-pixel #123F3C ring, fully round, padding 6/2, a 12px glyph 2 before a Mulish 10/14 at -0.4, the five 2 apart. Identities, the call four waves deferred: :356771 a person carrying a star stroked #FF574A at 17%, :356776 a cloud over a body stroked #FF574A reading 46m with a Mulish SemiBold 8/12 white 1d, :356786 a ringed compass with a plus in #17F9B4, :356790 a notched bookmark in #17F9B4, :356794 three 5x5 squares on a 0.833px #17F9B4 stroke in a triangle, at 0%. Not a match: the second chip prints a DURATION and this strip prints no time, and taking the frame's set would drop the two chips that carry a live figure off the intel batch for three with no source. Also confirmed: card 349x126 on a p-[7px] plus a 1px ring, Frame 3 at (8,8), Frame 553 at (8,100), the 67x68 logo in its #17F9B4 ring with the chain badge at x=55 and a 12.8px mark, the buy/sell split 39 wide at 4 tall on a 2px radius, and the buy tag #17F9B4 padding 8/2 with a 10px plus in #001615.
15402-181831	partial	-	Trench > Right menu - Socials 1440, the 2026-09-18 harvest's new node and the FIRST frame this tab has ever had. Read live with get_metadata on the panel and get_design_context on its body, and BUILT to it (503a2deaa). Panel 442x884, Frame 344 at (24,24) 394 wide, title row 394x28 with the 16px close at (378,6). `Frame 562` 15402:181862 is 394x210: four conditions 18 tall at y = 0 / 34 / 68 / 102 - a 16px gap, which GROUP_BODY_CLASS already carries - each a justify-between row with its 18px `input/selection` at x=376 of 394 and its label Manrope 14/18 at -0.56 in white, which is PANEL_LABEL_CLASS's lg rung; then the Min./Max. pair at y=136, two 193-wide halves on an 8px gap closing 193 + 8 + 193 = 394, the same arithmetic the Audit rows close on. Labels: At least one social :181865, Original socials :182034, Original avatar :182040, Pump live :182046. The first three hang a 16px help glyph 4px after the label (15403:182075 / :182080 / :182084, a circled question mark filled App/Ash 300, committed as discover/assets/help.svg); Pump live hangs none, reproduced rather than evened out. The pair's left label is Alpha group mentions in Manrope 12/16 at -0.48 on Accents/Gray 100 and its right label is the frame's own invisible spacer, `Age` at opacity 0. The app drew ONE left-packed checkbox here, borrowed from the Audit tab's helper. Not a match for two stated things: only At least one social has a source, so three conditions and the pair are drawn and inert with the reason once under the group; and the frame underlines that range label at 64 per cent opacity where this panel's measured ladder does neither, left on the panel's ladder rather than forked for one row.
13006-148687	match	-	Launch > create token, "Token image - with input" — the 680 form column in its filled state, read live 2026-09-18 (get_metadata on the board, get_design_context on the chip 13006:148702) and compared step by step to TokenImageUploader.tsx. The row was pointed at TokenBannerUploader.tsx; this frame is the TOKEN IMAGE field and TokenImageUploader draws it. Every vertical in "groups" 648x466 matched the shipped flex flex-col gap-4, in order: label 24, 16, thumbnail 186x186, 16, filename row 202x18 (name 139x18 + size 53x16 on a 10px gap), 16, Replace CTA 184x34, 16, "File size and type" 62 (18 heading, 8, two 18s), 16, "Resolution and aspect ratio" 62. Delta zero at every step. ONE VALUE FIXED in 41ee64d83: the remove chip. 13006:148702 reads rgba(18,37,36,0.64) on 4px padding round a 24x24 icon — 32x32 at an 8/8 inset, radius 8 — against a 13px glyph in a 21px chip on rounded-lg, which is 12 in this codebase; the fill, the padding and the inset were already right, so only the glyph and the corner moved, and no-min-size stays because 32 is still under the 44px floor. TokenBannerUploader carries the same control and moved with it, saying in the file that no board captures the banner filled state so it follows the measured chip rather than inventing a second size. NOT a silent match on the copy: 13006:148711 prints "Image - max 15mb" / "Video - max 30mb" where the build prints the rail cap (TOKEN_MEDIA_MAX_LABEL, 8MB). A cap is a rail branch, the wave rules forbid moving one to match a design, and on this surface the refusal would land after the on-chain deploy is paid for — so the frame is wrong there and nothing was built on that path. No browser ran: source-vs-node.
13006-234863	match	-	Trench > Trade > Transactions row 1440, 2026-09-18 wave50-trench-trade. SUPERSEDES the partial line above it: that line's one open item was the row's OWN GROUND, and the ground is now built (85be63d9f). The row is a 28-tall band - h-[28px] against the frame's 28 - filled #122524 (Primary/Green Coal 200) on a 12px corner with padding 2/12/2/12 and NO stroke, where it shipped a 44-tall box under a border-b border-[#123F3C] the board draws nowhere. The 44 pitch is the band plus the 16px seam TRENCH_ROW_STACK opens, and the 8 under the header rule is its pt-2; both come off the parent board's own census, fifteen rows at y = 32 / 76 / 120 with one rule at y=24 under the header. The shared build was made safe by reading two MORE tables' rows live the same pass - 13006:223458 (Holders) and 13006:221127 (Positions) both return the identical bg #122524 / rounded 12 / px 12 py 2 / no stroke - so the band is the Trench table row rather than this table's. Everything else on this node was already delta zero and is unchanged: the six-cell track 50 / 90 / 140 / 115 / 100 / 230 at x = 12 / 115.2 / 258.4 / 451.6 / 619.8 / 773; Buy #17F9B4 and Sell #FF574A on the chip and the Total USD figure; the side pill fully round on 24 per cent App/Green-O and 34 per cent App/Red-O; Rectangle 2 a left-to-right gradient 4 to 14 green and 4 to 24 red, 16 tall in a 100x18 cell; the trader chip rgba(0,46,44,0.8) r8 pad 12/4 with its handle Mulish 12/16 in #56C7F3; the count Tag rgba(255,255,255,0.14) r4 pad 6 at 11/14 white 64 per cent. Drawn at 1440 only; 768 and 375 draw a card on other boards. Pinned by trenchTableTracks.figma.test.tsx, which now asserts band plus seam against the board's pitch rather than the pitch alone, and by a case that the band carries no #123F3C token at all. No browser ran: source-vs-node.
13006-155671	partial	-	Trench > Display settings 1440, read live 2026-09-19 and the FIRST first-hand measurement this row has had - every earlier pass carried it as a hand-off to another programme's file. The board came back at 303,894 characters, over the ceiling, so its `Right menu` subtree 13006:158489 was read from the saved dump and compared value by value with AdjustTrenchSettings.tsx + rightMenuChrome.tsx at HEAD. Delta zero on about fifteen values: panel 442x884 at (990,8); `Frame 344` at (24,24) giving 394 of content; `controls` 394x28 with the title 368 wide and the 16px close at (378,6) = 24 right, 30 top; body 24 under it; section heading 24 over an 18-tall description on an 8 gap and 16 down to the first control, which is the section's own gap-4; Metrics two 193x56 tiles on an 8 gutter (grid-cols-2 gap-2, lg:h-[56px]); One-click CTA three 126x64 tiles on the same 8 (grid-cols-3 gap-2, lg:h-[64px]); the Customize-table tab rail four tabs 22 tall at x = 0 / 74 / 152 / 211 over a 394-wide rule, a flat 16 apart = the rail's gap-4; four toggle rows 34 tall on a 42 pitch, which is p-2 round an 18-tall line plus a gap-2 seam, the 16px glyph at x=8 and the label at 32; the Customize-rows tags 18 tall (py-0.5 round a 14 leading) on a 4 gutter and a 30 pitch = gap-x-1 gap-y-3; footer `Frame 1178` at (24,798), two 193x62 CTAs on an 8 gutter. NOT a match line, and for one value only: this board sets its three sections a flat 32 apart (250 to 282, 526 to 558) where the body stack ships gap-6 = 24. That 8px is already ruled and the read does not reopen it - the second 1440 panel 13006:194655 draws 24, the two 768 panels draw 20, and one value out of four contradicted at the width it would step from is authoring drift rather than a ramp. The disagreement is between the boards, not between the board and the build. No browser: source-vs-node.
13006-169068	partial	-	Trench > Discover table `Frame 1358` 1440, read live 2026-09-19 on the row card `Frame 6` 13006:169084 rather than on the table, which is seven copies of it, and BUILT to two of its numbers (4ac290613). THE ACTION TRACK: `13006:169193` is a CTA/button instance 72x40 at x=945, so the action cell is 72 where the build shipped 88. The 72 was already measured and deliberately left out, because the cell was printing the header pill's selected size and 24px of side padding cannot hold '1 SOL' inside 72; a peer lane relabelled the cell 'Buy' the same day (df8418e12), which retired that reason, and the number went in. The row's arithmetic closes on it - 12 + 213 + 8 + 144 + 8 + 552 + 8 + 72 + 12 = the card's 1029 - and TokenTable.figma.test.tsx asserts the SUM rather than the literal, plus w-full on the button because the frame draws it 72 wide in a 72-wide cell. THE CHAIN BADGE: `13006:169121` is 16x16 at x=42, y=-6 over the 52px logo, straddling the corner; the pulse card and the trade header both draw it and this table was the one surface of the three without it. The clip moved to an inner box, because overflow-clip on the positioned shell cuts off exactly the overlap the frame draws, and a control case asserts an ethereum pair draws none rather than a wrong one. NOT a match: `Frame 586` 13006:169126 is the 552 metric group and it holds FIVE cells, not four - 112 / 100 / 100 / 100 and then `Frame 501` 13006:169139 at x=412, 140x62, eleven icon-and-figure chips carrying top-10 holders, dev holding, sniper, insider, bundler, KOLs and pro traders. Every one of those is a field TRENCH_ROW_FIELDS already records as having no source, so the cell is unbuildable rather than unbuilt, and the four metric tracks stay 1fr each to keep the table fluid above lg. No browser: source-vs-node.
13006-148857	match	-	Launch > Live 1440 (1VH), read live 2026-09-19 with get_metadata and compared node by node to LaunchLiveBoard.tsx after da770262e. `main` 1382 at (58,56); content column 1318 at a 32 inset = max-w-[1382px] + xl:px-8. `Trench scroller` 13006:149431 is main's first child at (0,0), 1382x20, `scroller` starting at x=16 - now built as a TrenchScroller mount in a full-bleed xl:block band on pl-4, still and with the source cluster, fed by useTrenchTicker. Content `Frame 521` 1318x470 at y=44, i.e. 24 under the band, which is the container's pt after xl:pt-8 was dropped. `Main container` 1318x1108 at y=546, a flat 32 below the hero. Four rails at y = 0 / 283 / 582 / 865 = a flat 40 = xl:mt-10. Per rail: `content` 36 tall, heading 28 (Manrope 24/28), arrow pair 82 = two 36s on a 10 gutter, `Row` at y=60 = xl:mt-6's 24. Rail column 240 on a 16 gutter; media `Frame 353` 240x135 with the meta row at y=147, a 12 gap = md:gap-3; token tile meta 36, casino tile 52 with the game line at y=36. All twenty-two `Frame 353` nodes are CHILDLESS, which retires the 44x22 market-cap chip this row carried as an open no-mock refusal since wave 19 - the chip is out of the spec, not unfillable. ONE difference recorded and not built: the band's leading gear (`Frame 11`'s first 12px glyph) is not drawn, because onOpenSettings draws it and this route has no display-settings sheet for it to open. No browser: source-vs-node.
13006-147486	match	-	Launch > create token 1440, read live 2026-09-20 (get_metadata, whole board) and compared node by node to LaunchpadCreate.tsx after dc17eb25c. main 13006:147487 1382 at (58,56); Main container 13006:147488 680 at (90,48); active 13006:147742 448 at (786,100) - 680 + 16 + 448 = 1144 of content from x=90 to x=1234 of main, 148 to 1292 of the 1440 viewport. The page is a container mx-auto max-w-[1176px] with lg:px-4 inside a lg:pr-[58px] rail reserve: 1382 - 58 = 1324, less 1176 halves to 74, and 74 + 16 is the frame x=90 and the frame 148 on both sides. Top gap 48 = lg:pt-12 (Main container y=48 inside main). Grid lg:grid-cols-[minmax(0,1fr)_448px] gap-4 = 680 / 16 / 448. Form card Frame 270 680x890 at y=52, a 16 step off the 36-tall title row, pad 16/16/40/16 radius 24; sections 648 wide at y = 16 / 168 / 378 / 664 with rules at 354 and 640; aside on its own 24. launchpadCreate.figma.test.ts pins the reserve, the derived 90 and 148, the 1144 and the 48; 68 tests pass with its 768 sibling. One ruled deviation carried, not a gap: 13006:147596 prints a 15mb/30mb cap the upload rail cannot honour, and a cap is a rail branch. No browser: source-vs-node.
13006-169068	partial	-	Trench > Discover table `Frame 1358` 1440. Read live 2026-09-20 on the row card `Frame 6` 13006:169084 and BUILT (72e91008a, typing follow-up 56380f4f9). MATCHED, five values at the one width this board draws: the metric group `Frame 586` 13006:169126 is 552x62 at x=385 and its five children are FLUSH — 112 at x=0, 100 at 112, 100 at 212, 100 at 312, 140 at 412 — so it is one track of the row, not four, and the row's itemSpacing of 8 separates only its four children (identity 213 at 12, chart 144 at 233, group at 385, CTA 72 at 945, closing 1029 on a 12 pad). columns.ts now emits `minmax(213px,213fr) 144px minmax(552px,552fr) 72px` on gap 8 with a nested zero-gap `112fr 100fr 100fr 100fr 140fr` inside the group; at the 1029 track the free space 1005-216-24 = 765 divides as exactly 213 + 552 and the group's five as exactly 112/100/100/100/140. It shipped identity 192 and metrics 137.2 each. The intel cell's chips are the pulse card's chrome to the value (#001615, inset 0.5px #123F3C ring, round, padding 6/2, 12px glyph 2 before Mulish 10/14 at -0.4, read back off `Frame 547` 13006:169142: glyph at (6,3), text at x=20 in a 47x18 box) and the two readable slots take the SAME viewport-gated batch the pulse cards take, so Top 10 holders and Dev holding print a live share and the rest print the unknown mark. NOT a full match line: `Frame 552` 13006:169171, the third chip row — three Sky Blue 300 #56C7F3 chips reading 5/0/0 on a gap of 8 — is undrawn, because its glyphs export under the generic `icons/action` name and nothing in the node data says which metric each is. 18 of the cell's 62, 3 of its 8 chips, and it is Casey's to rule. No browser ran: source-vs-node.
13006-150329	match	-	Launch > Live preview card on hover 1440. Closed source-side 2026-09-20 on wave 53's same-day get_design_context read of the whole 622x350 card (file hash unchanged since). The one open item, the LIVE chip labels/tag 13006:150335 (52x18: 8/2 pad, 4 gap, 1px #FF7E50 stroke, no fill, a 10px glyph slot beside Mulish 11/14 -4% white), landed in the peer file MarketCard.tsx via 6b2803530 (fill dropped) and 5b76d4e99 (10px slot): 8 + 10 + 4 + 22 + 8 = 52, 2 + 14 + 2 = 18. LaunchLiveBoard.tsx:613 mounts it bare. Card chrome unchanged and matching: 622x350, 16 pad, 1px #123F3C r24, gradient cover, 68px r8 avatar beside a 285.5 column on 8, blurb Manrope 14/18 #95A09F, 144x50 chart right-packed. No browser: source-vs-node.
13006-253481	match	-	Trench > Instant trade - stacked 432x416, read live 2026-09-20 (get_metadata, whole cut) as the witness for the 13006-253171 build and matched node by node after it: header band 54 on pad 4/16/0/16 with bottom menu 400x32 at y=13, its 22-tall row 4 inside and Frame 230 13006:253486 at x=8 (clusters 24 in, 17 down); left cluster command mark, P1 P2 P3, pencil at 0 / 28 / 54 / 82 / 110 on 12; right cluster Timeframe 13006:253496 four controls at 0 / 28 / 56 / 101 (history clock drawn disabled, gear, wallet chip 33x22 on 6/4 with the dash, close only with a mount to close); body pad 16 gap 24; Frame 1134 100 = 34 + 8 + 34 + 8 + 16 so the read-out sits 8 under the last cell row (13006:253542 at y=84), cells 94x34 on 8; sell header % and direction marks 13006:253571 on 12, holdings cluster 13006:253576 105x16 on 12 drawn as symbol plus three dashes; stat bar 34 on 4/16/4/16 with Frame 230 13006:253621 at x=8, inset 24. Oracle instantTicketCards.figma.test.tsx. No browser: source-vs-node.
13006-135613	partial	-	Trench actual 1440, read live 2026-09-20 (get_metadata, whole board, outlined from the saved dump). Shell: Header-desktop 1440x56, sidebar 58x844 at (0,56), Frame 1122 1382x844 at (58,56) stacking the 20 band, main 802 and the 22 band flush - TrenchShell pad 0. Top band: selector 80x12 at (0,4), rule at 96, eleven 16-tall entries from 112 on a 16 gap (pl-4, gap-4, py-[2px]). Bottom band: scroller 1350 at x=16, presets 208x18 at (0,2), Frame 1124 595x16 right-packed at 755. Body: Frame 520 1318x764 at (32,24), 14 above the band (lg:px-8 lg:pt-6 lg:pb-[14px]); Frame 337 1318x36 with the nav 246x22 centred at 536 and the 420 controls cell at 898 (three-track grid, min-h-9); Frame 444 at y=60 (gap-6) with three 435.33 columns on a 6 gutter (gap-1.5), each a 54 header over a 650 list. Not a match line: the lists are Pulse card - Intel instances whose intel figures have no feed source (their own rows). No browser: source-vs-node.
13006-134301	partial	-	Trench 1VH 1440, read live 2026-09-20 (get_metadata, whole board, from the saved dump). Shell and header row identical to 13006:135613 to the pixel: Frame 1122 1382x844 at (58,56), bands 20 and 22 flush, Frame 337 1318x36 with the nav at 536 and Frame 405 at 898 (help 16 at x=5, chip 147x32 at 33, five 36 CTAs at 192/240/288/336/384 = gap-3). Not a match line: Frame 520 is 1318x734 and Frame 444 674 tall here against the three actual boards' 764/704 (a 44 bottom inset against their 14), which is a disagreement between the boards; the build follows the three. No browser: source-vs-node.
13006-248871	partial	-	Bridge screen - error 1440, read live 2026-09-20 (get_design_context) and the tint built: 2px #ff574a ring and 0/10/80 shadow on the send leg, CTA #fb3324 at 18% under #ff574a type with Insufficient funds to bridge and a 24 glyph, the in-leg alert box (not on the board) made sr-only. Card 506x714 r24 p16 gap48 as wave 36 measured. Still draws the Other alternatives block Casey's 2026-08-19 ruling removed, so the status row is frame-defect, not done. Wave 54 lane trade-bridge-deposit-chart.
13006-185060	partial	-	Trench > Adjust filters (Audit) 1440, read live 2026-09-20 (get_metadata, whole 442x1463 panel) against FiltersPanel.tsx. Frame 344 394 at (24,24); controls 394x28, title 368, close 16 at (378,6) = 24/30, built this pass (0c429b403, RIGHT_MENU_CLOSE_GLYPH_CLASS); body at y=52 (mt-6); keyword pair 193 + 8 + 193, 76 tall (18 + 8 + 50); section at y=100 (gap-6); heading 24; rail at +16 with tabs 49/62/74/59 on a flat 16, the chip 33x18 on 8/2, the rule 6 under; body at +16; toggles two 197 halves; eleven 74-tall pairs on a 90 pitch; footer three 126x34 pills on 8 over a 394x62 CTA at +16, on the floor. Not a match line: ten Audit pairs are sourceless and drawn disabled, and the frame draws one save CTA where the build keeps Reset beside it. No browser: source-vs-node.
13006-185323	partial	-	Trench > Adjust filters (Audit) 768, read live 2026-09-20 (get_metadata, whole panel). Frame 344 402 at (20,20) (md:p-5); controls 402x22, close at (386,3) = 20/23 (built, 0c429b403); body at +24; pair 197 + 8 + 197 at 74 (16 + 8 + 50); heading 19 (Manrope 14 auto, held at 14/18); rail tabs 44/56/66/53 on 16, chip 28x16, rule at 26; eleven pairs on 90; footer three 128.67x34 on 8 over a 402x50 CTA. Not a match line for the same two items as the 1440 cut. No browser: source-vs-node.
13006-185256	partial	-	Trench > Adjust filters (Metrics) 1440, read live 2026-09-20 (get_metadata, whole 442x1154 panel). Chrome as the Audit cut: Frame 344 394x940 at (24,24), close at (378,6), pair 193 + 8 + 193, section at y=100, heading 24, rail at +16 with the Metrics chip active (62x22, 46x18 on 8/2) at the same four positions; body at +16 with EIGHT 74-tall pairs on a 90 pitch (704) and the Dex paid toggle hidden; footer three 126x34 on 8 over a 394x62 CTA, 1018 + 112 + 24 = 1154. Not a match line: Global fees and Bonding curve are sourceless and drawn disabled; one save CTA on the frame against Reset + Save. No browser: source-vs-node.
13006-175023	partial	-	Trench > Discover > Live 1440, read live 2026-09-20 (get_metadata, whole board, from the saved dump). Frame 521 1318x780 at (32,44); the header row as the pulse board; Frame 403 at +24 pairing the 1082 tab nav (23/54/80 and the 52x18 LIVE tag) with the 236x22 Timeframe at x=1082; Frame 444 at y=106 with two 656x674 panels on 6, each a 54 header (bottom menu 624x50 at (16,4)) over a 620 list (Frame 357 640x604 at (8,8)). Controls cell built this pass (982660265): help 16 at 11, chip 147x32 at 39, two 36 CTAs at 198/246, the 126x24 SOL/P1 pill at 294, on a flat 12. Not a match line: no stream directory, so both panels draw the no-source state. No browser: source-vs-node.
13006-254987	partial	-	Bridge screen - error 375, read live 2026-09-20 (get_design_context) and built: radius 12 on strip, leg and CTA, 1px #123f3c hairline plus shadow on the leg, 2px #ff574a error ring, tab labels 14/16, captions 12/14, chain pill p-8 gap-4, token pill pr-16 at 12/14, amount 24/28 -0.96, balance 12/14, CTA 44 tall 14/16 with a 24 glyph. Still draws the barred Other alternatives block, and keeps Bridge SOL on the red CTA where the 1440 board writes the message. Wave 54 lane trade-bridge-deposit-chart.
13006-257961	partial	-	Bridge screen - error 768, read live 2026-09-20 (get_design_context) and built: radius 12, leg 16/24/16 (the right inset was pinned 16 off an incomplete read), hairline plus shadow, 40 chain badges, captions 12/16, amount 32/40 -1.28, balance 12/16 label beside 14/16 figures, CTA 50 tall 14/18. Barred block still drawn. Wave 54 lane trade-bridge-deposit-chart.
13006-254357	partial	-	Bridge 375 idle, read live 2026-09-20 (get_design_context): wave 42's geometry holds; the radius 12, hairline, shadow and the Sm type ramp it could not see are built. Barred Other alternatives block still drawn. Wave 54 lane trade-bridge-deposit-chart.
13006-257186	partial	-	Bridge 768 idle, re-read live 2026-09-20 (get_metadata, and the leg 13006:257270 with get_design_context): geometry holds to the pixel; the leg's right inset is 24 not 16, radius 12, hairline, shadow and the Md type ramp are built. Barred block still drawn. Wave 54 lane trade-bridge-deposit-chart.
13006-198981	match	-	One-click trade settings, modal off 1440. Card node 13006:201800 read live 2026-09-20 and compared node by node with delta zero once the shine landed (d8c301673): modal 564x296, Frame 480 516x146 at (24,24), controls 16 tall with the 16x16 close at x=500, Frame 200 at y=40 with a 24/28 title on the full 516, Frame 186 at y=92 516x54 holding three 166.667x46 segments at x=4 / 174.667 / 345.333 on a 4 pad and a 4 gap, Frame 203 at (24,210) 516x62 forty under the body. Shine 13006:201801 484x484 at (-150,-438), now drawn at that top. No browser: source-vs-node.
13006-201820	match	-	One-click trade settings, modal buy 1440. Card node 13006:204639 read live 2026-09-20: modal 564x350, and every shared value of the Off cut holds. The Buy delta is Frame 360 at y=170, 516x30, three 170.667-wide pills at x=0 / 172.667 / 345.333 on a 2 gap inside one shared outline, labels 18 tall at y=6 on a 14/18 run; Frame 203 slides to y=264 and 264+62+24 closes 350. Shine 13006:204640 at (-150,-424). No browser: source-vs-node.
13006-204666	match	-	One-click trade settings, modal sell 1440. Card node 13006:207472 and its input/primary-inputs 13006:207496 read live 2026-09-20: modal 564x610, the subtree at y=224 516x236, three phase blocks 516x68 at y=0 / 84 / 168 on a 16 gap, each an 18-tall label row over a 516x42 sell card 26 below it, the  0x0p+0nd Init caps 42 and 47 wide 2 apart at x=425 with their labels at (16,2), card signals at (12,12) 492x18 and the figure right-packed at x=466. Frame 203 at y=524. Shine 13006:207473 at (-150,-374). No browser: source-vs-node.
13006-207555	match	-	One-click trade settings, Init selected 1440. Read live 2026-09-20 as its own 564x510 node. Radius 32, padding 24 and itemSpacing 40 confirmed and shipped as lg:rounded-[32px] / lg:p-6 / lg:gap-10, which settles the standing flag that 32 is off the token scale. The Init cut hides the New pairs and Final stretch sell cards (13006:207589, :207607), leaving those blocks 18 tall against Migrated 68, input/primary-inputs 136, Frame 203 at y=424. Shine 13006:207556 at (-150,-474), 100 above the all-percentages cut of the same segment. No browser: source-vs-node.
13006-217349	match	-	Trench > Trade > Instant trade settings 1440. Panel 13006:219554 read live 2026-09-20 and compared node by node; two deltas found and built in 28bbb2124, everything else delta zero. Panel 442x884 at (990,8) on a 24 inset with Frame 344 394x734; controls 394x28, title 368 at 24/28, close 16x16 at (378,6) = right 24 / top 30; body at y=44; intro 394x36 then the list 24 below; four rows at y=0 / 36 / 84 / 132 on a 12 seam, text column 337.407 + 16 + a 40.593x24 toggle = 394; Frame 559 at y=260 (a 32 seam) with a 26-tall No/Yes row and the Hotkeys row 24 under it; No/Yes 171 wide at x=223, halves 84.5 on a 2 gap, check 16x16 four after the label, label centred at x=33.25 / 21.75; CTA 394x62 at (24,798). The deltas were the rows own cross-axis alignment (centre, not start) and the 2px between a label and its hint. No browser: source-vs-node.
13006-219610	match	-	Trench > Trade > Positions 1440, table root 13006:221116 read live 2026-09-20 and compared node by node with delta zero once 928bad37a restored the row rule. Frame 286 1015 wide; header 1015x16 with Token 158 at x=12, Bought 100 at 186.286, Sold 115 at 302.571, Remaining 100 at 433.857, PnL 70 at 550.143, PnL% 70 at 636.429, Amount 100 at 722.714, Actions 164 at 839, closing on 1003 inside a 12/12 inset - POSITIONS_GRID_COLS exactly, justify-between, its 877 of tracks plus 24 being the 901 min-track and the seven gaps opening to 16.286 at the board's width. Rule at y=24. Three 36-tall bands at y=32 / 84 / 136 on a 52 pitch, Frame 239 inset 12/2. Lines at 24 / 76 / 128 / 180, each 8 under its band. Footer Frame 470 1015x18 at y=188, a 30 tag plus Export as CSV 84 at x=38 and a 31 tag plus View all 44 at x=142+39. Bought and Sold hold their unavailable markers under the no-mock rule. No browser: source-vs-node.
13006-230793	match	-	Trench > Trade > Dev tokens 1440, table root 13006:232301 read live 2026-09-20 and compared node by node with delta zero once 928bad37a restored the row rule. Frame 1173 713 wide; nine tracks proved off the ROW cells at x=12 / 163.125 / 214.25 / 245.375 / 326.5 / 407.625 / 488.75 / 569.875 / 671 with widths 150 / 50 / 30 / 80 / 80 / 80 / 80 / 100 / 30 - DEVTOKENS_GRID_COLS exactly, justify-between, 680 of tracks plus 24 being the 704 lg:min-track and eight gaps of 1.125 at the board's 713. The header's Migrated text node is 58 against a 50 track, a text box and not a column. Rule at y=24; four 28-tall bands at y=32 / 76 / 120 / 164 on a 44 pitch; lines at 24 / 68 / 112 / 156 and a twelfth at y=200 carrying hidden, which is the reading that settles the whole family - the trailing rule is turned off and the rest are on. No browser: source-vs-node.
13006-248937	partial	-	Trade > Bridge - with info > Start bridge 1440, read live 2026-09-21 (get_metadata 13006:248952 for the body, 13006:248940 for the tab header) — the first whole read of a committed board, and it overturns the divergence wave 42 left standing. Frame 270 506x574 holds Frame 355 474x430 at (16,16) and the CTA 474x64 at (16,494), so the body-to-CTA gap is 48. Inside Frame 355 the run is a flat 24 four times: middle brand 474x80 at y=0, card 474x140 at y=104, Frame 168 474x18 at y=268, Frame 40 474x120 at y=310, and 80+24+140+24+18+24+120 = 430. Wave 42 held that one flex gap could not be 20 and 24 at once at 375 and left the divider 4 tight for four waves; it is not one gap. The boards draw TWO runs — Frame 355 holds the strip and the leg ONLY, and the rule, the summary and the CTA are its siblings — and they ramp opposite ways: strip-to-leg 20/24/24, leg-to-rule and rule-to-summary 24/20/24, summary-to-CTA 24/20/48. Built in 94fb8164a as TICKET_LEG_STACK_CLASS plus a re-pointed TICKET_STACK_CLASS, with Frame 40 cut to the four rows all three boards draw and its heights closing on the row leading alone (18 + 8+8 + 18 + 8+8 + 18 + 8+8 + 18 = 120 here). NOT a match line: the Route row draws one 18px badge beside `Skai Mainnet` (13006:249006) under a header reading Solana to Base, so its value is a chain that is neither end of the route the same board draws. The rail prints the real pair. Three further values are the mock's sample data against a live rail and were recorded rather than built — `~8s` for both legs, `$0` where BridgeFeeRow quotes the live config, `$0.02` where nothing on this page can price gas. No browser: source-vs-node.
13006-257333	partial	-	Trade > Bridge - with info > Start bridge 768, read live 2026-09-21 (get_metadata, whole) — the board that proved the two-run model rather than inheriting it. Frame 1268 580x554 at (94,76); tab header 556x26 at (12,0) with the gear at x=532; Bridge screen at y=42, 580x512. Inside Frame 346: Frame 355 556x248 at (12,12), Frame 168 556x16 at (12,280), Frame 40 556x114 at (12,316), CTA 556x50 at (12,450) — 12+248+20+16+20+114+20+50+12 = 512, so EVERY gap below the leg is 20, the CTA's own, while inside Frame 355 the strip-to-leg run is 24 (middle brand 556x96 at y=0, card 556x128 at y=120). That is the opposite ordering to the 375 board, which is why a single stack gap was 4 wrong at 375 and 4 wrong the other way here, and why no earlier reading caught it: the stack and the body had been read as one run. Frame 40's 114 closes on the 12/16 row ramp — 18 + 8+8 + 16 + 8+8 + 16 + 8+8 + 16 — and the oracle reads that height back out of the leading rather than restating it. Built in 94fb8164a with its 1440 sibling. NOT a match line, on the same single row: Route reads `Skai Mainnet` (13006:257443) under a Solana-to-Base header. No browser: source-vs-node.
13006-248523	partial	-	Trade > Bridge 1440, re-opened live 2026-09-21 (get_metadata, whole board) after fifteen waves of standing on wave 42's numbers. Three of Bridge.tsx's recorded values are confirmed off the node rather than carried: Frame 642 is 506 at x=409 inside a 1382 main that starts at 58, i.e. 467 clear of BOTH viewport edges, which is the centring the page already ships; the column run is 30 + 16 + 714 = 760; and the tab header is 474x30 at (16,0) with Swap 63, Limit 58 at x=71, Bridge 69 at x=137 and a 24px gear at x=450. Frame 355 474x570 holds FIVE children on a flat 24 and the CTA is Frame 336's own child at (16,634), so the last gap is 48. NOT a match line, for a reason a ruling does not remove: this board's route is From Solana TO BASE, and neither end is SKAI Chain, while the page draws the real pair. Its lower 302 - the Other alternatives rule, the Across Protocol and Stargate rows and the redirect disclaimer - is content Casey's 2026-08-19 ruling deleted in favour of the contract bridge, and the module docblock records that. Nothing built. No browser: node-vs-source.
13006-198778	partial	-	CORRECTED 2026-09-21 within wave 58, from match: the geometry below holds, but two elements name something the build does not draw - row B's second chip prints a duration ("46m" + "1d", 13006:198889) where the build prints the dev-holding share, and the age line's first two marks are a pencil and the chat logomark (:198795 / :198798) where the build draws the website and pair links. Both are Casey's call. Trench Pulse card - Intel - Boost status, 419.33x118, read live 2026-09-21 (get_metadata, whole frame) against TokenCard.tsx at HEAD with delta zero. Frame 3 403.33x78 at (8,8) over Frame 553 403.33x18 at (8,92): 8 + 78 + 6 + 18 + 8 = 118 = p-[7px] plus the 1px border, gap-1.5, lg:rounded-[16px]. Logo 78 with the 82 ring at (-2,-2) and chain 16 at (68,-6); identity Frame 500 170x78 at x=90 (md:gap-3). Body rows 16 / 14 / 14 at y=7 / 33 / 57, 10 apart with 7 clear either end (gap-2.5 in md:h-[78px]). Age group Frame 546 94: age 22, four 12px marks at 28 / 46 / 64 / 82 on a 6 gap (gap-1.5), the third the boost ring drawn off DiscoveredToken.boostAmount. Stats Frame 552 146 at x=102 (8 gap), five at 21 / 21 / 21 / 30 / 21 on a 29 pitch, glyph 2 off value. Right column Frame 501 126.8 at x=276.53: MC y=6, V y=32, F: + Tx y=58 with the 39x4 bar in 19 / 18 two apart. Row B: address 80, chips from x=90 (gap-2.5) at 48 / 60 / 42 / 42 / 42 on a 2 gap, labels/tag 60x18 at 343.33. The caller cluster description :198842 is hidden on this frame, so Frame 515 starts at x=0 as the build does. Four stats and three chips have no source and draw the unknown mark with the reason in the title. No browser: source-vs-node.
13006-221940	partial	-	Trench > Trade > Holders 1440, read live 2026-09-21 (get_screenshot on the table root 13006:223446, get_metadata on it, get_design_context on the Wallet cell 13006:223462; the 375 body 13006:299604 and its cell 13006:299619 read the same way). Wallet cell Frame 483, 200 wide on an 8 gap: 16px external-link glyph at x=0, 16px filter glyph at 24, address chip at 48 - rgba(0,46,44,0.8) r8 pad 12/4, Mulish 12 #56C7F3 tracking -0.48, 12/16 on a 24 chip at 1440 and 12/14 on a 22 chip at 375 - then a count Tag and two 12px actor glyphs. Built in 5ff4b1805: HolderWalletCell draws the glyph (to explorerWalletUrl, omitted where it returns null) and the chip on gap-2, in HoldersPanel and TopHoldersPanel. Not a match: the filter glyph, count Tag and actor glyphs have no source on a balance list and are not drawn, so the chip sits at x=24 not 48; and seven of the nine columns need a per-wallet trade history the holder index does not carry (Casey call on the row). 768 by get_metadata on 13006:300408: chip 86x22, run 62x14 at (12,4), 12/14 as at 375, so the leading steps at lg. No browser: source-vs-node.
13006-285749	match	-	Launch > create token > Token image - with input 375 (346x786), read live 2026-09-21 (get_metadata whole, get_design_context on the banner group 13006:285777) - the first board to capture the banner's filled state. Card 24 + 388 + 32 + 0 + 32 + 286 + 24 = 786 on TokenMediaCard's py-6 / gap-8 / zero-height rule, 322 column. Image half: 14/18 label, 144 preview r8, 24 chip at (114,6) r4, Mulish 12/14 file line 10 apart, Replace image 160x32 r8 with a 16 glyph, hints Mulish on an 18 (1.5em) indent. Banner half: label 14/16 in two runs (white, Ash), group on 16, preview 216x72 r8 no shadow, the same chip / file line / CTA, hints 'max 4.3mb' and '3:1 aspect ratio, 1500x500px recommended'. Built in TokenImageUploader.tsx and TokenBannerUploader.tsx (phone band); the image cap copy differs by Casey's ruling. No browser: source-vs-node.
13006-158618	match	-	Trench Adjust-settings Text size group label, wave 59: closed at d0d15a510 on a flat leading-4 (12/16) after the trench-discover-shell-launch lane landed the ramp exemption at 96e8128e8. The verdict rests on the drawn boxes, not the node style name - inside panel 13006:158618 at its one tier, Text size :158665 is 335x16 while its siblings Metrics :158631 and One-click CTA :158642 are 335x14. The style reads Lg/Paragraph 3 300 but Lg/Sm are tier names and the 375 tab band elsewhere binds Sm/Paragraph 2 300 at 12/14, so the name alone would not have carried it. The peer oracle keeps both siblings pinned at [12,14] as controls; 43 of 43 green.
13006-191789	match	-	Trench > Blacklist 1440, re-read live 2026-09-21 (get_design_context + get_metadata on `modal` 13006:194608) and built to it in 42ba0039c + 2be8c8a6d: 796x624 r32 with the stroke inside (lg:px-[15px] lg:py-[23px] + border = 16/24, decided on `Frame 570` at (16,24) and `Frame 470` closing at 600 = 624-24), stack 38/46/76/92/120, lit row 48 on 16 with the red glyph and white type, rest rows 32 on 8/16, the count tag on All only, the exported ringed-cross path, three 144x34 buttons on the 448 track, and the shine's 2.1% tail at lg. Scrim carried from TRENCH_MODAL_OVERLAY_CLASS.
13006-303655	match	-	Trench One-click settings, Init-selected Sell card at 375 (354x438), read live 2026-09-21 (get_design_context + get_metadata) and built at e9c75a5c1: card r16 pad 12 gap 24 with the stroke inside (12+346+24+44+12 = 438) drawn as an inset ring; drop shadow 0 10 80 (1:1, was halved to 40); shine at 500 from the bottom (13006:303656); pills 108.67x26 stroke inside on a bare row; labels Manrope 12/14, toggles Mulish 10/14, sell card 330x40 with its caption 12/14 and the amount Mulish 12/16 at 44% opacity; segments, title and CTA unchanged and matching. Local main, not pushed, not deployed.
13006-323808	match	-	Trench One-click settings, Init-selected Sell card at 768 (448x448), read live 2026-09-21 (get_design_context + get_metadata) and built at e9c75a5c1: card sum 12+350+24+50+12 = 448 stroke inside; shadow 0 10 80; shine 500 from the bottom (13006:323809); pills 140x28; labels Manrope 12/16, toggles Mulish 10/14, sell caption 12/16, amount Mulish 14/16 at 44% opacity; segments 136x46, title 18/22 and CTA 424x50 unchanged and matching. Local main, not pushed, not deployed.
13006-248871	match	-	Bridge screen - error 1440 (506x714), RE-OPENED LIVE 2026-09-22 with get_metadata on the full subtree and measured against the code at HEAD. Supersedes the wave-54 partial above, which refused on the Other alternatives block and on the wave-59 family blocker. Both are answered. The block is BARRED by Casey 2026-08-19 and a ruling-removed element counts the row done (wave-54 ruling); the barred-blocks oracle proves the code ships no across.to or stargate.finance and is green. The family blocker - a Route row reading Skai Mainnet (13006:257443) under a From Solana TO BASE header - is NOT ON THIS CARD: the whole subtree was read and the header is From, Solana, wallet slot, Base, To, with no Route row and no Skai Mainnet string. It had been applied to the error cards by family, never read on them. ARITHMETIC: Frame 355 (13006:248872) at (16,16) 474x570, and its children sum 80+24+140+24+18+24+200+24+36 = 570 against the 570 Figma reports, so every 24 gap is declared by the children and none is inferred from a tail. Route strip pads 16 across and 20 down (13006:248875 at (16,20) 442x40) radius 16 fill #052d2d; send leg 13006:248898 pads 16/24/16 around signals 434x108; strip-to-leg 24; CTA 13006:248936 at (16,634) 474x64, bottom inset 16. All match ROUTE_STRIP_CLASS, SEND_LEG_CLASS, TICKET_LEG_STACK_CLASS (gap-5 md:gap-6 = 20/24/24) and TICKET_CTA_CLASS lg:h-16. Error tint TICKET_CTA_ERROR_CLASS #fb3324/[0.18] on #ff574a and SEND_LEG_ERROR_CLASS 2px #ff574a are both MOUNTED (Bridge.tsx:859, :2062, :2152) and fire off one exceedsWithdrawBalance helper, so ring and CTA cannot disagree as the board draws them together. Oracles green at HEAD: 61 across bridgeTicket/bridgeColumn/bridgeFrameRouting. Wave 61 lane trade-bridge-deposit-chart.
13006-257961	match	-	Bridge screen - error 768 (580x630), RE-OPENED LIVE 2026-09-22 with get_metadata on the full subtree. Supersedes the wave-54 partial above. No Route row and no Skai Mainnet string in the subtree, so the wave-59 family blocker does not reach this card either; Other alternatives is BARRED (Casey 2026-08-19) and counts done under the wave-54 ruling. ARITHMETIC: Frame 355 (13006:257963) at (12,12) 556x536, children sum 96+24+128+24+16+24+184+24+16 = 536 against the 536 Figma reports, so the 24 gap is declared and not a leftover. Route strip 556x96 pads 24 across and 20 down (13006:257971 at (24,20) 508x56) radius 12; send leg 13006:257994 556x128 with signals 516 wide at x=16, giving the asymmetric right inset of 24 against a left of 16 and 16 top and bottom; strip-to-leg 24; CTA 13006:258031 at (12,568) 556x50, bottom inset 12. All match HEAD: md:px-6 md:py-5, md:pl-4 md:pr-6 md:py-4, TICKET_LEG_STACK_CLASS md:gap-6 = 24, md:h-[50px], rounded-[12px]. Frame 334 (13006:257964) and Frame 269 (13006:258032) are hidden=true and were not built. Error tint and ring mounted as on the 1440 card. Oracles green at HEAD: 61. Wave 61 lane trade-bridge-deposit-chart.
13006-254987	match	-	Bridge screen - error 375 (346x552), RE-OPENED LIVE 2026-09-22 with get_metadata on the full subtree. Supersedes the wave-54 partial above. No Route row and no Skai Mainnet string; Other alternatives BARRED (Casey 2026-08-19), done under the wave-54 ruling. ARITHMETIC: Frame 355 (13006:254989) at (12,12) 322x460, children sum 86+20+116+20+14+20+136+20+28 = 460 against the 460 Figma reports. The four inter-block gaps are each 20 here against 24 on both wider boards - the one rung of this run that does not climb with the board - and TICKET_LEG_STACK_CLASS (gap-5 md:gap-6) already draws 20 at base and 24 from md up. An earlier reading this pass compared that run against TICKET_STACK_CLASS (24/20/24, the run BELOW the leg on the committed boards) and reported a swapped rung that is not there; two different constants, caught before any edit, nothing shipped. Route strip 322x86 breaks the From/To labels onto their own 298x14 row at y=12, 8 above the 298x40 chain row at y=34, which HEAD draws with mb-2 md:hidden; pad 12, radius 12. Send leg 13006:255024 322x116 pads a flat 12 around signals 298x92. CTA 13006:255063 at (12,496) 322x44, bottom inset 12, and 44 is also the touch floor so this rung cannot be wrong quietly. Reverse slot is 24x24 (13006:255011) against 40 at 768 and 1440, carried with no-min-size at the call site so index.css does not inflate it. Oracles green at HEAD: 61. Wave 61 lane trade-bridge-deposit-chart.
13006-176080	partial	-	Trench Discover > Live - display settings 1440, wave 63: read live 2026-09-22 (get_design_context + get_metadata on modal 13006:176934), built in 90f067faa. Card 564x384 on a declared 24: 24+16+24+58+24+52+24+36+40+62+24 = 384 = reported, stroke inside, lg:p-[23px] + border; close 16 at (524,24), right/top 23 inside the border. active 13006:176947 516x52: pl 12 / pr 16 / py 16, r12, filled #122524, 16+20+16 = 52 = reported, lg:pl-[11px] lg:pr-[15px] lg:py-[15px] + border. Run 20 tall (Frame 1199 472x20 at (12,16), not the carried 28): chain 20 as the network mark (fill 45e51 matches no shipped launchpad logo), token image 20 square r2 on 0.5 #17F9B4, name Manrope Bold, Live Mulish 12/16 #17F9B4 on the 8 gap, cap + Mkt. cap on 4; one-click tag 74x18 (bolt 10 at (8,4), 11/14 at x=22, 8/2 padding) printing the column preset and buying the stream. input/toggle 60.889x36: 2 ring, 56.889 track, 26 knob 2.889 in, travel 28. Shine 484 at (-150,-350), centre (91,-109) inside the border, on the Blacklist ef4e9 stops. Not a match line: the SOL coin + 2.0 (no label names the quantity) and the row close (nothing to dismiss) are Casey calls, and the dialog close glyph is the library X (skai-ui dialog.tsx). No browser: source-vs-node.
13006-194925	partial	-	Trench > Adjust trench settings (Metrics tab) 1440, 442x997, read live 2026-09-22 (get_metadata whole panel; get_design_context on band cell 13006:194996, rail Frame 558 13006:194978, 375 body 13006:158981) against AdjustTrenchSettings.tsx at b08117cb4. Built: band cell p-[7px] + border = 62 (was 64; stroke inside, 8+18+12+16+8), rail pb-[5px] = 28 (was 29; gap 6 over a 0-height centred line), both mutation-tested. Everything else matched: chrome 442/24, title 24/28, close (378,6), Display settings 18/24 over 14/18, Metrics 2x193x56, One-click 3x126x64, tabs 58/62/43/55 on 16, four 394x86 groups on 102, cells 126x62 on 8, tints = DEFAULT_METRIC_BAND_TINTS, Holders and Tweet age disabled with their reason, footer 2x193x62. Not a match line for two items: the base board draws no Text size group (the panel draws the ALT cuts' group on every tab, +100), and the board's margin sentence is not printed. No browser: source against node.
13006-185323	partial	-	Trench > Adjust filters (Audit) 768, rail re-read live 2026-09-22 (get_design_context on Frame 561 13006:185340): column on gap 6 over 2 + 16 + 2 = 20 pills and a 0-tall centred rule, 26; FiltersPanel GROUP_RAIL_CLASS pb-[5px] at 34c830d73 composes 20 + 5 + 1 = 26 (was 27). Not a match line: the single 402x50 CTA against Reset + Apply, and the radius 12 against 16, both standing. No browser: source against node.
13006-150329	match	-	Launch > Live preview card on hover 1440, re-checked 2026-09-22 (wave 65) and CORRECTED on one element: the match line above listed 'the 144x50 chart right-packed' as drawn, and the build drew nothing there until 721f0d51b. It is now the explicit unavailable state at xl (streams carry no time series): 144x50, shrink-0, the avatar row's last child after the flex-1 column, hidden below xl where the cards are rasterised. Basis: wave 53's get_design_context read of the whole 622x350 card, 2026-09-20 (status.wave53.trench-discover-shell-launch.tsv:28); not re-read, the connector being down. Pinned by launchLiveSpotlightChart.test.tsx (a0df9ea78), eight mutations red. No browser: source-vs-node.
13006-246173	partial	-	InsightX dashboard 1440 (reports bd7e72d7, w2-intel 2026-09-23), re-read live with get_screenshot + get_metadata and cross-checked against InsightXScreen.tsx classNames. Card row (Frame270) 1144x113 at y=85, four 274-wide cards on 16px gaps (4x274+3x16=1144, lg:gap-4); tab section opens 16px under it at y=214; tab row (Frame268) 1144x44 with a 16px side inset, selected-tab underline on the row's own bottom edge; tab panel (Frame267) 1144x539 (TAB_PANEL's lg:min-h-[539px]). All match. Prior InsightXScreen.figma.test.tsx "W7" block (2026-08-18) already pinned this same family; re-confirmed rather than newly discovered. 70/70 tests green across figma/tablet768/sentimentPlaceholder/offline suites, unmodified. Held at partial, not match: the sentiment/verdict/bubble-density content is vendor-gated (LUNARCRUSH_API_KEY absent) and correctly shows an offline state rather than the frame's populated mock numbers, which is a real divergence from the static design even though it is the honest behaviour. No browser beyond the existing dev-server component checks: source-vs-node plus a fresh Figma screenshot.
# wave 68 (2026-09-24), lane p025: live reads.
13006-175023	partial	-	wave 68 lane p025, 2026-09-24: READ LIVE 2026-09-24 (w68-p025, use_figma): stream card 13006:175090, the body 13006:175077 (both panels, all twelve cards), controls 13006:175042. BUILT d25c92100 + 914e0c3e1: card closes 94 on p-[7px] + border (shipped 96); copy glyph 16 (shipped 12); LIVE tag 18 with its #FF7E50 ring inset (border made 20, dot at 9); glyph-to-label gap 2 below lg / 4 at lg (Size=Small / Large, label x=20 / 22); buy tag glyph is icons/action Type=Add drawn as FigmaPlusIcon 8.75 in a 10 box (was a text +); from lg the cards rest on the panel (11 of 12 carry no fill) and darken to #001615 on hover (shipped dark at rest, lighter on hover). Body matches: 656 panels on 6, 54 header (4+4+4+32+4+6), search 154x32 p8/16/8/8 g10, list p8, 640x94 cards on a 102 pitch, r16/16 + 0/0/24/24 with the seam rule. Oracles streamCard.figma.test.tsx (5) + liveStreams.test.tsx; 9 mutations red then restored byte-identical. STILL PARTIAL: the two round CTA/button 36x36 (:175047 icons/warnings Type=Error, :175048 icons/action Type=Sell, no label) in DiscoverScreen.tsx (P038) stay unbuilt; the pencil :175106 after the age stays omitted per the file's standing note (WAVE63 Casey call); chain :175151 is a 12.8 image on #001615 p1.6 with a 1.6 OUTSIDE #122524 stroke where the family (TokenCard too) draws the 16 network mark on ring-2 - not changed, family-wide.
13006-198364	partial	-	wave 68 lane p025, 2026-09-24: READ LIVE 2026-09-24 (w68-p025, use_figma, labels/tag instances only): buy tag 13006:198499 60x18 Size=Large p2/8 g4, glyph icons/action Type=Add 10x10 at (8,4), label 0 SOL at x=22 Mulish 11/14. BUILT d25c92100: the tag drew a text + there; it now draws FigmaPlusIcon 8.75 in a 10 box (the frame's 0.625 bars), gap-1 kept. Oracle TokenCard.figma.test.tsx (Add glyph case), mutation red then restored. Rest of the card not re-read; still partial for the recorded Casey items (avatar cluster :198428, pencil + second mark on the age run).
13006-356662	partial	-	wave 68 lane p025, 2026-09-24: READ LIVE 2026-09-24 (w68-p025, use_figma, labels/tag instances only): buy tag 13006:356800 57x18 is Size=Large on gap 4 at 375 too (label x=22, 10/14), glyph icons/action Type=Add 10x10 at (8,4). BUILT d25c92100: text + -> FigmaPlusIcon 8.75 in a 10 box; gap-1 confirmed at this width. Rest of the card not re-read; still partial for the three recorded identity items (caller avatars :356734, duration chip :356776, pencil :356688 + chat mark :356691).
13006-259555	partial	-	wave 68 lane p025, 2026-09-24: READ LIVE 2026-09-24 (w68-p025, use_figma): 13006:259555 is a top-level page child (no board parent). Header Frame 299 13006:259557 346x54 p4/12/0/12 r12/12/0/0; bottom menu :259558 p4/0/6/0; title New pairs Manrope 12/14 (14/18 on the 435 column); search :259562 119x32 p8/12/8/6 g4 (154x32 p8/16/8/8 g10 on the 435); pill Frame 304 66 + Frame 305 50 on g4 paddings with the filter on g4; body Frame 270 :259577 p8/4/8/8 r0/0/24/24; list 320 wide, i.e. the 320 pulse card (13006:259277 family, the 126 narrow composition). So the 346 variant is a column-width density change of the whole header AND its cards, not a radius fix; nothing built (needs container queries across TrenchColumn + TokenCard, and no frame draws the width at which it switches). Footer Frame 400 HIDDEN, non-defect as recorded.
# wave 68 (2026-09-24), lane p029: live reads.
13006-236560	partial	-	wave 68 lane p029, 2026-09-24: READ LIVE 2026-09-23 (w68-p029, use_figma) on the panel 13006:239225, the whole delta over the Transactions board: 442x884 pad 24 SPACE_BETWEEN, #122524@0.8, 1px #123F3C inside, r24, background blur 5 + DS 0/10/80 at 25%; controls = Edit 24 at 0.44, title Manrope 24/28, Close 16 at (378,6); label 'Name' 14/18 white; field 394x62 pad 20 r16 #001615, placeholder Manrope 16/22 #95A09F; footer 2x193x62 on 8, Reset #001615 + 1.5 #56C7F3 inside + Rerun 16, Apply #56C7F3. The code matches every value. Left: the board's placeholder is 'Maker address...' (three dots) and content.ts (not this packet's file) says 'Maker address…' (one glyph); the panel's md tier is still derived, not read.
13006-252907	partial	-	wave 68 lane p029, 2026-09-24: READ LIVE 2026-09-23 (w68-p029) on 13006:252907 and its header and list nodes. BUILT (93f96d404): the list card's bottom radius is 24 at lg (Frame 270 0/0/24/24; top stays 16); DS 0/10/80 at 25%; the header is a row of three on space-between with Frame 513 (Filter + Close, 16px Ash, the frame's own SVG exports), so the search lands centred; the real close sits in that row, replacing the primitive's corner close; the list has pad 8/4/8/8 and the 8px Frame 1100 track; the chain badge ring is outside; and a market cap the feed never reported shows the dash (it printed $0). Pinned by alphaTrackerHeader.figma.test.tsx, 11 mutations red. Left: the Filter glyph is disabled (this list has no filter source); the search glyph sits 12 in, not 8 (SearchInput's own size table in @skai/ui); card internals Frame 22/26 were not re-opened this pass.
13006-348162	partial	-	wave 68 lane p029, 2026-09-24: READ LIVE 2026-09-23 (w68-p029) on 13006:348162: header Frame 299 pad 4/16/0/16 r16/16/0/0; Frame 513 101x16 at x299 (Filter at 45, Close at 85); Frame 270 r0/0/12/12 + DS 0/10/80. BUILT with its 1440 sibling (93f96d404): bottom radius 12 below lg, the header pair and close, the shadow, the track, the badge ring and the market-cap dash. Title 14/18 and meta 10/14 confirmed as coded. Left: as 13006-252907 (Filter disabled, SearchInput glyph at 12, card internals not re-opened).
13006-344161	deferred	-	wave 68 lane p029, 2026-09-24: NOT READ by w68-p029 (the Figma budget went to frames this packet can build). The board, Trackers > Wallets - empty, is drawn by home-redesign/whales/ActivityView.tsx through TrenchTrackers, not by AlphaTrackerModal.tsx, and that file is outside this packet's Files line (rule 18). Re-route to the whales packet (P039).
13006-346820	deferred	-	wave 68 lane p029, 2026-09-24: NOT READ by w68-p029. Trackers > Wallets - add wallet is AddWalletSheet.tsx (home-redesign/whales), not AlphaTrackerModal.tsx, and is outside this packet's Files line. Re-route to the whales packet (P039).
13006-357209	deferred	-	wave 68 lane p029, 2026-09-24: NOT READ by w68-p029. Wallets Manager - import wallet is ImportWalletsModal.tsx (home-redesign/whales), not AlphaTrackerModal.tsx, and is outside this packet's Files line. Re-route to the whales packet (P039).
13006-239242	partial	-	wave 68 lane p029, 2026-09-24: READ LIVE 2026-09-23 (w68-p029) on the legend 13006:240726. BUILT (d94fe8298): Frame 499 runs symbol, name and the copy/search pair on ONE 4 gap (the pair at x66, after a name ending at 62); the row set the pair 8 off. Pinned by bubbleLegendNameRow.figma.test.tsx, mutation red. Confirmed as coded: 78 logo r8, age 12/16 #17F9B4, address chip #001615@0.8 r8 pad 4/8 12/16 #56C7F3 + copy 12, Tx 12/16 and the 20/99 bar on 2. Left: the chain badge keyline is 1px OUTSIDE at 1440 (13006:240752), but the code draws a 1.6 border at every width (the 375/768 badges were not read); the two filters stay disabled (one snapshot, no edges); the field is BubbleMap.tsx, not in this packet.
13006-221940	deferred	-	wave 68 lane p029, 2026-09-24: NOT RE-READ by w68-p029. The wave-67 measurement of the nine-column header stands. Left as recorded: Funding prints the funder's address where the board names an exchange (no label source), and uPnL prints only when every buy was read.
13006-224897	deferred	-	wave 68 lane p029, 2026-09-24: NOT RE-READ by w68-p029. Still owes the full-screen table mode that nothing mounts (the tables section grown to 602), which is a mount question for Casey, plus the 13006-221940 content gaps.
13006-325359	match	-	wave 68 lane p029, 2026-09-24: READ LIVE 2026-09-23 (w68-p029) on the whole modal 13006:326791 (768 Buy). Card: 448x290 pad 12 gap 24, #122524, 1px #123F3C INSIDE, r16, DS 0/10/80 at 25%. Shine: 484 at (-150,-484), o0.19, layer blur 272, 290 from the bottom. Frame 480 424x192. Title Manrope 18/22 -4% centred. Segmented pill #000 pad 4 gap 4; segments 136x46 pad 14/24 at 14/18: Off r24/8/8/24, Buy #56C7F3 r8 + Check-enclosed 16 on 8, Sell r8/24/24/8. Phases 3x140x28 on 2, Mulish 14/16; the selected one is 6/8 with a #56C7F3@0.14 fill and a 1px inside stroke. CTA 424x50 pad 16/24 r12 14/18. Every value matches the code. This is the first read of the 768 Buy card; its shine had been derived. One split inside the frame, not a code gap: the two unselected pills colour their labels differently in the same state (Final stretch #95A09F, Migrated white at node opacity 0.64; same on 13006:306024). The code draws both white/64.
13006-304891	match	-	wave 68 lane p029, 2026-09-24: READ LIVE 2026-09-23 (w68-p029) on the modal 13006:306024 (375 Buy), covering the fills, strokes and type the wave-60 row had not read: #122524, 1px #123F3C INSIDE, r16, DS 0/10/80 at 25%, shine top -494 = 290 from the bottom; segments 104.67x44 Manrope 14/16, Buy #56C7F3 r8 + Check-enclosed; pills 108.67x26 Mulish 12/14, the selected one 6/8 with an inside stroke; CTA 330x44 pad 14/16 r12 14/16, #001615 on #56C7F3. Every value matches the code. The unselected-pill split noted on 13006-325359 applies here too.
13006-253326	deferred	-	wave 68 lane p029, 2026-09-24: NOT RE-READ by w68-p029. Unchanged: nothing mounts the one-row 842 Instant cut (PanelTabs mounts only the floating InstantTicket). Needs Casey's call on where the stacked ticket mounts.
13006-246442	partial	-	wave 68 lane p029, 2026-09-24: READ LIVE 2026-09-23 (w68-p029) on the card Frame 300 13006:246444: 313x954 pad 16 gap 12 #122524, corners 16/16/8/8, DS 0/10/80 at 25%, no stroke; children at 16/372/384/436/448/482/494/730/742/770/822/834, as the wave-48 row recorded. BUILT (4c1273c93): the panel-one wrapper now has the 8px bottom pair and the shadow, and TokenInfoPanel joined closes on 8 instead of the derived 16. Left: Token information adds a Boost status block and three footnotes the board does not draw (owner question, report ca56e802) plus the 13th Sellable tile (ruled keep); the Frame 1158 ticket internals were not re-read this pass.
13006-246910	partial	-	wave 68 lane p029, 2026-09-24: READ LIVE 2026-09-23 (w68-p029) at card level: Frame 300 13006:246912 313x486 pad 16 gap 12 r16/16/8/8 + DS 0/10/80 at 25%, which MarketTicket.tsx already draws. The reason is unchanged: every Trench order rail resolves to none, so the CTA is disabled with a stated reason and the live state cannot be reached (no money-path change).
13006-253171	deferred	-	wave 68 lane p029, 2026-09-24: NOT RE-READ by w68-p029. Unchanged: nothing mounts the one-row 432 shape, and the holdings cluster has no reader for a Trench coin. Needs Casey's call on the stacked ticket's mount.
13006-253481	deferred	-	wave 68 lane p029, 2026-09-24: NOT RE-READ by w68-p029. The geometry matched on the wave-54 read; the row is partial only because nothing mounts the stacked layout (Casey's call, wave 65).
13006-247576	partial	-	wave 68 lane p029, 2026-09-24: READ LIVE 2026-09-23 (w68-p029). This is NOT an annotation overlay: Frame 300 13006:247578 is the rail's panel-one card (313x1164, 16/16/8/8 + DS) in a ticket state. Frame 1152 281x554 = Frame 1149 280 + Frame 486 136 + a 42 input + a 281x48 #17F9B4 r12 CTA on 16, followed by the same tiles/presets/Token information/CA/DA/banner run as 13006:246442. The card outline now matches (4c1273c93). Left: the ticket state inside Frame 1152 was not opened, and the real owner is TradeTerminal/MarketTicket, not PanelTabs.
13006-246726	match	-	wave 68 lane p029, 2026-09-24: READ LIVE 2026-09-23 (w68-p029) on the whole card: 313x336 pad 16 gap 12 #122524, r8/8/24/24, no stroke, DS 0/10/80 at 25%. Frame 511 (Similar tokens 12/16, (16) in Mulish 12/16, a 12px chevron, list hidden) and Frame 510 (Reused image tokens (4), open) are each a column on gap 16, with the list 16 under its heading and Vector 8 between them. Rows are 281x52 pad 8/16/8/8 r16 with a 1px #123F3C stroke: 36 avatar r8, name pair 12/16 on 4, age 11/14 #17F9B4, MC 12/16, Last tx 11/14 #95A09F. 336 = 16+16+12+12+264+16. BUILT (d139f2ae3): the 16 heading-to-list gap in both sections and the shadow. Every element now matches, and Similar tokens opens collapsed as every board draws it (Casey ruling 2026-09-14). Pinned by similarTokensSections.figma.test.tsx, mutations red.
13006-272165	partial	-	wave 68 lane p029, 2026-09-24: READ LIVE 2026-09-23 (w68-p029) on the tab card Frame 1219 13006:272254 and the body 13006:272268. Band: 708x40 pad 8/12 r12/12/0/0 with a full-width bottom stroke. Body: 708x328 pad 12 r0/0/12/12 with a TOP-only stroke on the same line, DS 0/10/80. Sections on gap 16; rows 684x52 r16, age 10/14, MC 12/14. BUILT (d139f2ae3): at md the rule now spans the whole band row (it was only under the w-max tabs), the body's box border is gone at 768, and the 16 section gap and the shadow are in. Left: the board's header card (TradeHeader, not in this packet) was not re-read this pass.
13006-290135	partial	-	wave 68 lane p029, 2026-09-24: READ LIVE 2026-09-23 (w68-p029) on the card 14259:216432: 375x618 pad 12/16 gap 12, 1px #123F3C on all four sides, r0, DS 0/10/80; headings 12/14; sections on gap 16 (the Reused list at y30 under a 14 heading); rows 343x52 r12, name 12/14, age 10/14, MC 12/14, Last tx 10/14. BUILT (d139f2ae3): the 16 section gap and the shadow; the four-sided hairline and square corners already matched. The Reused-image section uses the exact-URL match (report 682fdcc7), so the old image-index gap no longer applies. Left: the 375 tab band and the board header were not re-read this pass.
13006-271691	partial	-	wave 68 lane p029, 2026-09-24: READ LIVE 2026-09-23 (w68-p029) on the tab card 13006:271780 and the body 13006:271794: 708x564 pad 12 gap 12, a top-only stroke on the band's stroke, r0/0/12/12, no shadow; tiles 4x165x44 on 8 (52 pitch), the CA row, the DA block, and the banner caption 12/16 over a 684x228 image. BUILT: the seam across the full band (d139f2ae3, PanelTabs) and the 228 image at md (4c1273c93). Left: the Boost status block and three footnotes, which the board does not draw (owner question, report ca56e802); the 13th Sellable tile (ruled keep); the DA label row stays Unavailable (no label or score source).
13006-289591	partial	-	wave 68 lane p029, 2026-09-24: READ LIVE 2026-09-23 (w68-p029) on 13006:289703: 375x618 pad 12/16 gap 12, no stroke, radius or shadow (the code matches); tiles 3x109x44; DA rows only (CA kept by ruling); the banner caption 12/14 over a 343x80 image. BUILT (4c1273c93): the caption is 12/14 below md. Left: the same extras as 13006-271691 (Boost status, the footnotes, the Sellable tile, DA label unavailable).
# wave 71 (2026-09-24..26), lane P023: live reads and design-store specs.
13006-169068	partial	-	wave 71 lane P023, 2026-09-24..26: READ LIVE 2026-09-25 w71 P023 use_figma call 1 (lanes/P023/call1.full.js, intel cell :169139 and its three chip rows) and call 3 (call3.full.js, the 1061 set's band/body/card/CTA text styles), both ledgered record-kind parity. The 1061 set is the 375 cut: every text node is an Sm/* style and the phone board 13006:316862 draws it value for value. BUILT d8e025b32 (w71/P023): band 38 pad 16 with its top rule, labels Manrope 12/14 (text-para-2-mobile); "Token info" printed over the intel track (was blank since ad3827582); body pad 8/16/24/16, square (was py-2 and r24, eabba50b2); logo ring 56 at (-2,-2) r10 1px Alien Green (was none); chain badge as Green Coal 300 disc p-0.5 round a size-3 mark on ring-2 Green Coal 200 (was the 16 icon on ring #001615, 4ac290613); CTA default step 72x40 on leading 16 (was 42 at every width, fe3d76690); identity para-2-mobile 12/14, age and chips label-2-mobile 10/14. Track floor computed from the row's own minimums plus the widest cut surround = 1063 (was min-w-[1029px] on the box that also carried the 16 inset, so every card was 997 with 1005 of tracks and the Buy CTA stood across the card edge; ae5eb71ea). BUILT e8e1f888a: row line 2 as Frame 26 :173351 (:169883 / :170672) draws it, H g8 over Frame 546 g6 (age, then the boost mark only on a boosted pair and search only with an address) and Frame 552 g8 (the website globe only for a URL safeExternalUrl accepts, then Frame 551 g2: viewers eye plus the presence count in white on the age's Label 2 step, the unknown dash until the channel syncs); the marks open their pages without opening the row. Pinned by 10 cases, all red on the old row (OLD1). Left: line 2's gold pencil and chat logomark (no source on a discovered token; Casey's WAVE63 call); row 3 held on the naming ruling (frame draws the pulse card's Holders/Pro traders/KOLs glyphs, R13 and 09-22 3ff5e095 say Top holders, which has no source); the 8-track/4-thumb scrollbars Frame 1100/1101 (src/index.css skai-scrollbar, token lane's file); Frame 270 drop shadow (DROP80, colour and offset unread). Pinned by TokenTable.figma.test.tsx, TokenTable.test.tsx, trenchTapFloor.figma.test.tsx; Mutations (lane mut.mjs, one command each, restored by sha256): TT1-TT12, TR1-TR14, TC1/TC7/TC8 through the shared badge and ring, L1-L11 on line 2: all KILLED (45 of 45 lane-wide).
13006-169857	partial	-	wave 71 lane P023, 2026-09-24..26: READ LIVE 2026-09-25 w71 P023 use_figma call 3 (call3.full.js, ledgered): band Frame 300 :169860 38 p8/16/8/16 top rule, labels Sm/Paragraph 2 12/14; body Frame 270 :169871 p8/16/24/16 r0; card Frame 6 :169873 1029x78 p8/12/8/12 g8; CTA :169982 CTA/button Size=Small 72x40 Sm/Paragraph 1 Manrope 14/16. Same 375 cut as 169068 and built by the same commit d8e025b32 (band, Token info, body pad, ring, badge, CTA 40, type steps, floor). BUILT e8e1f888a: row line 2 as Frame 26 :173351 (:169883 / :170672) draws it, H g8 over Frame 546 g6 (age, then the boost mark only on a boosted pair and search only with an address) and Frame 552 g8 (the website globe only for a URL safeExternalUrl accepts, then Frame 551 g2: viewers eye plus the presence count in white on the age's Label 2 step, the unknown dash until the channel syncs); the marks open their pages without opening the row. Pinned by 10 cases, all red on the old row (OLD1). Left: as 169068 (line 2's pencil and chat, row 3 naming ruling, scrollbars, drop shadow). Mutations (lane mut.mjs, one command each, restored by sha256): TT1-TT12, TR1-TR14, TC1/TC7/TC8 through the shared badge and ring, L1-L11 on line 2: all KILLED (45 of 45 lane-wide).
13006-172747	partial	-	wave 71 lane P023, 2026-09-24..26: READ LIVE 2026-09-25 w71 P023 use_figma call 1 (call1.full.js, ledgered): Token info cell Frame 584 :172818 140x62, one chip per row (Top 10 holders 100% red, Snipers 100% green, Dex paid "Paid" green); scrollbar Frame 1100 :173268 8 wide, thumb 97x4 r6. The 1061 set, i.e. the 375 cut: d8e025b32 builds it as for 169068. BUILT e8e1f888a: row line 2 as Frame 26 :173351 (:169883 / :170672) draws it, H g8 over Frame 546 g6 (age, then the boost mark only on a boosted pair and search only with an address) and Frame 552 g8 (the website globe only for a URL safeExternalUrl accepts, then Frame 551 g2: viewers eye plus the presence count in white on the age's Label 2 step, the unknown dash until the channel syncs); the marks open their pages without opening the row. Pinned by 10 cases, all red on the old row (OLD1). Left: as 169068, plus a Casey call: this frame's Token info cell draws Top 10 holders / Sniper / Dex paid as chips (the Customize-rows tag names), where the build ships Dex paid as its own hidden column (columns.ts). Mutations (lane mut.mjs, one command each, restored by sha256): TT1-TT12, TR1-TR14, TC1/TC7/TC8 through the shared badge and ring, L1-L11 on line 2: all KILLED (45 of 45 lane-wide).
13006-170646	partial	-	wave 71 lane P023, 2026-09-24..26: READ LIVE 2026-09-25 w71 P023 use_figma call 3 (call3.full.js, ledgered): band Frame 300 :170649 40 p8/12/8/12 top rule, labels Md/Paragraph 2 12/16; body :170660 p8/12/24/12 (768 board 13006:340306 body :340495 r0/0/12/12); card :170662 p8/12/8/12; identity Md/Paragraph 2 12/16 (:170669); CTA :170771 Size=Medium 72x42 Md/Paragraph 1 14/18. The 1053 set is the 768 cut (Md/* styles; the 768 board draws it value for value). BUILT d8e025b32: band md:h-10 md:px-3 md:text-para-2-tablet, body md:px-3 pb-6 md:rounded-b-xl, identity md:text-para-2-tablet 12/16 (was 12/14), CTA default md:leading-[18px] = 42, Token info, ring, badge, floor. BUILT e8e1f888a: row line 2 as Frame 26 :173351 (:169883 / :170672) draws it, H g8 over Frame 546 g6 (age, then the boost mark only on a boosted pair and search only with an address) and Frame 552 g8 (the website globe only for a URL safeExternalUrl accepts, then Frame 551 g2: viewers eye plus the presence count in white on the age's Label 2 step, the unknown dash until the channel syncs); the marks open their pages without opening the row. Pinned by 10 cases, all red on the old row (OLD1). Left: line 2's pencil and chat, row 3 naming ruling, scrollbars, drop shadow. Mutations (lane mut.mjs, one command each, restored by sha256): TT1-TT12, TR1-TR14, TC1/TC7/TC8 through the shared badge and ring, L1-L11 on line 2: all KILLED (45 of 45 lane-wide).
13006-171435	partial	-	wave 71 lane P023, 2026-09-24..26: NOT READ this wave. Same 1053 component family as 170646 (wave 63 read 171435 value for value with 170646), so the 768 cut built in d8e025b32 and the row line 2 built in e8e1f888a for 170646 apply unchanged. Verdict carried, not re-measured: partial for the same remainder as 170646 (line 2's pencil and chat, row 3 naming ruling, scrollbars, drop shadow).
13006-172224	partial	-	wave 71 lane P023, 2026-09-24..26: NOT READ this wave. The 1053 family (768 cut) as 170646; d8e025b32 and e8e1f888a apply. Verdict carried: partial for the same remainder as 170646 (line 2's pencil and chat, row 3 naming ruling, scrollbars, drop shadow).
13006-173270	partial	-	wave 71 lane P023, 2026-09-24..26: READ LIVE 2026-09-25 w71 P023 use_figma call 1 (call1.full.js, ledgered): header Frame 299 :173328 42 p8/16/8/16 r16/16/0/0 bottom stroke only, labels Lg/Paragraph 2 14/18; body Frame 270 :173339 p8/8/8/8 r0/0/24/24; row card :173341 1302x78 p8/20/8/14 jcSP; identity Lg/Paragraph 2 14/18 (:173348); age Lg/Label 2 11/14 (:173353); figures Lg/Numbers 4 14/18 (:173385/:173388/:173389/:173391), second lines Lg/Numbers 5 12/16 (:173387, :173393-:173395); CTA :173441 Size=Large 76x40 Lg/Label 1 Mulish 16/16. BUILT d8e025b32 and 336e85000: band lg:h-[42px] lg:px-4 lg:rounded-t-2xl with ONE seam (the band's border-b over the body's border-t drew two lines), labels lg:text-para-2, body lg:pb-2 lg:px-2 lg:rounded-b-3xl, card lg:pl-3.5 lg:pr-5, identity lg:text-para-2, age and chips lg:text-label-2, figures lg:text-number-4, second lines lg:leading-4, CTA default lg:font-mulish lg:text-base lg:leading-4 (40 tall). BUILT e8e1f888a: row line 2 as Frame 26 :173351 (:169883 / :170672) draws it, H g8 over Frame 546 g6 (age, then the boost mark only on a boosted pair and search only with an address) and Frame 552 g8 (the website globe only for a URL safeExternalUrl accepts, then Frame 551 g2: viewers eye plus the presence count in white on the age's Label 2 step, the unknown dash until the channel syncs); the marks open their pages without opening the row. Pinned by 10 cases, all red on the old row (OLD1). Left: line 2's pencil and chat (WAVE63); row 3 on the naming ruling; the metric group 712 on g40 (header labels 708 on g39) and the row's space-between spread (items ~41 apart): the grid keeps its fr tracks, so at 1440 identity is ~286 and the group ~740 with no inner gap, chart at x~309 against the frame's 268; the CTA's 76 width (track 72); scrollbar and drop shadow; Frame 337 toolbar (P039), Trench scroller bands :174083/:174144 (P036) and the sidebar (shell) are other packets'. Mutations (lane mut.mjs, one command each, restored by sha256): TT1-TT12, TR1-TR14, TC1/TC7/TC8 through the shared badge and ring, L1-L11 on line 2: all KILLED (45 of 45 lane-wide).
13006-198364	partial	-	wave 71 lane P023, 2026-09-24..26: READ LIVE 2026-09-25 w71 P023 use_figma call 2 (call2.full.js, ledgered): chain :198369 16 disc Green Coal 300 p1.6, 12.8 mark, 1.6 outside #122524 stroke; copy icons/action Size=16px :198377; Frame 25 :198427 H g8 (callouts, then Frame 515 :198433 g10 handle + followers). BUILT 29c19e18a (w71/P023): CHAIN_BADGE_CLASS disc bg-green-coal-300 p-0.5 ring-2 ring-green-coal-200 with a size-3 mark (was the 16 icon full bleed on ring-2 #122524, c9ba2767d); copy glyph size-4 (was size-3, c56e5c802); Frame 25 as callouts gap-2 then a gap-2.5 handle group (was one gap-2.5). Everything else on the card matched the read (shell 419.33x118, 82 ring/78 logo, Frame 500 rows 7/33/57, stats g8 / g2, right column, row B). Left, Casey's: gold pencil / chat logomark / caller avatars (WAVE63; the callout dash stands, 09-23), row B second chip Funding time vs Dev holding. Pinned by TokenCard.figma.test.tsx 11 -> 17 cases; Mutations TC1-TC8 (lane mut.mjs, restored by sha256): all KILLED.
13006-356662	partial	-	wave 71 lane P023, 2026-09-24..26: READ LIVE 2026-09-25 w71 P023 use_figma call 2 (ledgered): chain :356668, copy :356678 16x16, Frame 25 :356733 H g8. BUILT 29c19e18a: badge disc, copy 16, Frame 25 split, as 198364. Logo column 67 / 68 ring / 64 logo, 12/14 identity, heart 16, Frame 26 V g8 and Frame 25 at y=72 matched. Left: the same Casey items as 198364. Mutations TC1-TC8 (lane mut.mjs, restored by sha256): all KILLED.
13006-347417	partial	-	wave 71 lane P023, 2026-09-24..26: READ LIVE 2026-09-25 w71 P023 use_figma call 2 (ledgered): identity pair :347427/:347428 Md/Paragraph 2 Manrope 12/16; chain :347422; copy :347430 16. BUILT 29c19e18a: name and symbol md:leading-4 (12/16 from 768; IDENTITY left them 14 until lg), badge disc, copy 16. Left: the logo ring on this frame is #FF7E50 (:347420) where 198364 and 356662 draw Alien Green, meaning unstated (design or Casey); the Casey items as 198364. Mutations TC1-TC8 (lane mut.mjs, restored by sha256): all KILLED.
13006-198778	partial	-	wave 71 lane P023, 2026-09-24..26: NOT READ this wave (ALT family, 419). The shared TokenCard fixes in 29c19e18a (chain badge disc, copy glyph 16, Frame 25 split) apply through the component. Verdict carried: partial on the identity items held for Casey (pencil / chat / caller avatars).
13006-356801	partial	-	wave 71 lane P023, 2026-09-24..26: NOT READ this wave (Boost status expanded 349). 29c19e18a's card fixes apply. Still blocked on a boost expiry for the countdown chip (read on its 682 sibling 347281: it takes the BOOST mark's slot); tokenDiscoveryService carries boosts.active / totalAmount and no end time.
13006-198500	partial	-	wave 71 lane P023, 2026-09-24..26: READ LIVE 2026-09-25 w71 P023 use_figma call 2 (ledgered): Frame 22 :198508 is the ALT name row plus one icons/action :198514 16x16 whose vector (12.33x11.32 at (2,2), #F075B4) is the watchlist heart 13006:356679. TokenCard already draws that heart (WatchlistHeartGlyph, 16, #F075B4) when the token is on the /trench watchlist, so the frame is drawable; "no per-token cashback source" (wave 58) is not what holds it. Open for Casey: is the heart "watchlisted" or a cashback mark. Card fixes 29c19e18a apply. No build of the cashback meaning this pass.
13006-259277	partial	-	wave 71 lane P023, 2026-09-24..26: READ LIVE 2026-09-25 w71 P023 use_figma call 2 (ledgered), top boxes: Frame 1294 67, Frame 500 157 at 75, right column 64 at 240; row B Frame 553 V over Frame 1293 H g11 jcSP. implFiles moves to TokenCard.tsx: IntelPanel.tsx is mounted nowhere (its own header, 355bd3582) and no frame draws it. The 320 width exists only inside the 346 column 13006:259555, and no frame names the viewport it applies at, so it stays unbuilt (design question). Heart = cashback question as 198500. 29c19e18a's card fixes apply at the shared breakpoints.
13006-259417	partial	-	wave 71 lane P023, 2026-09-24..26: NOT READ this wave. implFiles moves to TokenCard.tsx (IntelPanel.tsx is unmounted, 355bd3582). Heart = cashback question as 198500. 29c19e18a's card fixes apply.
13006-198241	deferred	-	wave 71 lane P023, 2026-09-24..26: RULED, no build: Casey 2026-09-20 ruling 14, "keep the 118px board card; the 94px spec frame is not the target" (casey-rulings-2026-09-20.md row 14, report 2dbe5ced). Wave 65 held this as "a decision, not a gap"; the decision exists. Not re-read. Proposed for the orchestrator to retire as ruled out.
13006-347281	partial	-	wave 71 lane P023, 2026-09-24..26: READ LIVE 2026-09-25 w71 P023 use_figma call 2 (ledgered): Frame 546 :347296 117x14: age, gold pencil at 26, chat at 44, the countdown chip :347305 at 62 (37x12, #17F9B4), search at 105. Settles wave 49's question: the countdown takes the BOOST mark's slot, not the search. Still blocked on a boost expiry source (tokenDiscoveryService: boosts.active / totalAmount, no end time); pencil/chat under the Casey call. 29c19e18a's card fixes apply.
13006-159412	partial	-	wave 71 lane P023, 2026-09-24..26: READ LIVE 2026-09-25 w71 P023 use_figma call 1 (ledgered), skeleton to depth 3: Trench scroller top :159414 1382x20, main :159474 with Frame 520 1318x764, bottom scroller :162044/:162109 1382x22, sidebar :162173 58x844. The three nodes wave 65 carried for are read and belong to TrenchScroller / TrenchShell (P036 / P039), not this packet. Its cards are ALT instances: 29c19e18a applies; the Casey card items carry.
# wave 71 (2026-09-24..26), lane P028: live reads and design-store specs.
13006-236560	partial	-	wave 71 lane P028, 2026-09-24..26: READ 2026-09-25 (w71-P028 use_figma call 4, 13006:239225 at depth 3 plus a text search of 13006:236560). Shell Frame 338 442x884 p24 SB r24 #122524@0.8 1px #123F3C BG blur 5, header (Edit 24 @0.44, title Manrope 24/28, Close 16) and footer Frame 1205 (two 193x62 CTAs r16 p20/40) all match the code, as w68 found. NO CODE CHANGE. Left: the one input instance on the board now carries a skin picker's copy ("Change skin" 18/24, "Select any of the backgrounds that fit your..." 12/16) and no "Name" label or "Maker address..." placeholder anywhere on the node; the code keeps content.ts's maker-filter copy. Frame defect for design, not a build target.
13006-252907	partial	-	wave 71 lane P028, 2026-09-24..26: READ 2026-09-25 (w71-P028 use_figma call 3, card 13006:252922). Pulse card 406x94 V p8 r16, Frame 511 g12 (outline 82 r10 #17F9B4, image 78 r8, chain badge 16 at 68,-6 ring 1.6 OUTSIDE, Frame 500 170 g10), Frame 501 120 right-aligned MC 11/14 + $42.1k 12/16, age chip 69x18 p2/6: every value matches AlphaTrackerModal Row (187-333) and networkBadge. NO CODE CHANGE. Left: the header Filter glyph is drawn disabled because no filter for this list is defined anywhere (needs a ruling); the search glyph sits 12 in rather than 8, set by @skai/ui SearchInput's size table (modules/skai-ui, another owner).
13006-348162	partial	-	wave 71 lane P028, 2026-09-24..26: READ 2026-09-25 (w71-P028 use_figma call 3, 768 card 13006:348177): name 12/16, age/meta 10/14, MC value 12/14 (Md/Numbers 5 300), matching the md leading ramps in AlphaTrackerModal. NO CODE CHANGE. Left: same two as 13006-252907 (Filter glyph has no defined filter; SearchInput glyph inset lives in @skai/ui).
13006-346820	partial	-	wave 71 lane P028, 2026-09-24..26: READ 2026-09-25 (w71-P028 use_figma calls 3+4, Frame 1306 incl. footer). BUILT app 8691e4ee2: TRENCH_TABLET (md only, every rung put back at lg): shell r16 (was 12), controls->section 24 (was 28), "Wallet information" 14/18 (was 16/19), address + Groups fields r12 / 16 in / 14-18 (were r16 / 20 / 16-22), name field r12 keeping its 20 and 16/22 as drawn, emoji square r12, Complete r12 and 20 off the bottom (was 32). Whales sheet unchanged. Pinned by addWalletSheetTrench768.figma.test.tsx (6 cases; mutations A1-A6 all killed). Left: the Groups chevron (board: a 16 glyph box; code: FigmaChevronDownIcon at size-2) was not compared at the vector level.
13006-357209	partial	-	wave 71 lane P028, 2026-09-24..26: READ 2026-09-25 (w71-P028 use_figma call 3, modal 13006:357494 on 13006:357209). BUILT app 9fe6305da, trench-gated md: card 448 (was 468), padding 12 (was 16), corners 16 (was 24), close X 12 in / 12 down (was 16/16), shine at (-150,-462) (was the Home 2 768 cut's -160/-404), Wallet type box 64 on 16/24 (was 56 on 12/16). Overlay, title, subtitle, pt-10, field 50, helper and CTA already matched. Pinned by the "Trench's 768 rung" block in ImportWalletsModal.figma.test.tsx (4 cases; mutations I1-I6 killed). Left: the selected badge ring is 1px inset in code against the board's 2px (a deliberate choice for report 513e2303, recorded in the file); index.css forces textarea font-size 16 at <=768, so the paste field's 14/18 placeholder draws at 16 at exactly 768.
13006-239242	partial	-	wave 71 lane P028, 2026-09-24..26: READ 2026-09-25 (w71-P028 use_figma call 2 for 13006:240752 at 1440, call 3 for 13006:271263 / :302788). BUILT app 7af9cc787: the legend's chain badge is a 16 disc of Green Coal 300 at -6/-6 past the logo corner with its Green Coal 200 keyline OUTSIDE (ring 1.6 below lg, 1 at lg) round a 12.8 mark; it was a border-box 19.4 with the ring inside, 1.6 at every width, round a 13 mark. Pinned by bubbleLegendBadge.figma.test.tsx (3 cases; mutations B1-B5 killed). Left: the two filters stay disabled (one holder snapshot, no edges: a data source); the field itself is BubbleMap.tsx, outside this packet. TOKENS 2026-09-26 (app 4889b01ff, review low, rule C): no token carries 1.6 or 12.8, so the keyline is ring-2 and the mark size-3, the nearest tokens (0.4 over, 0.4 a side under), instead of the literals ring-[1.6px] / size-[12.8px]; both values stay listed as missing tokens. Pinned by bubbleLegendBadge.figma.test.tsx, mutations G5-G7 killed.
13006-221940	partial	-	wave 71 lane P028, 2026-09-24..26: Header measured live by wave 67 (13006:223446); w71-P028 use_figma call 4 depth-9 skeleton of `main` unchanged. NO CHANGE at 1440 (the new body chrome is reset at lg because the 1440 tables chrome was not read). Left: Funding prints the funder's address where the board names an exchange ("Binance") - no exchange-label source (backend); uPnL only when every buy was read; the Wallet cell's 16 filter glyph at x=24 is not drawn (the table names no filter - needs a ruling).
13006-224897	partial	-	wave 71 lane P028, 2026-09-24..26: READ 2026-09-25 (w71-P028 use_figma calls 2+4, depth-9 diff of `main` against 13006:221940): identical except that this board drops the page footer (logos/skai-short, Frame 417 nav + socials) and moves the background Ellipse 24; `main` 1241 tall against 1452; nothing grows and no expand/maximise control exists (name search empty). The "full-screen table mode nothing mounts" gap earlier rows carried is not on today's board: RETIRED. What it owes is 13006-221940's list; the missing footer is page chrome owned elsewhere. NO CODE CHANGE.
13006-253326	deferred	-	wave 71 lane P028, 2026-09-24..26: Not re-read by w71-P028. InstantTicket (OrderPanel.tsx:115) has one mount, PanelTabs' floating card (layout="floating"); the one-row 842 cut renders on no screen. Blocker: Casey's call on where, if anywhere, the one-row / stacked Instant ticket mounts; the holdings cluster also has no reader for a Trench coin's wallet balance.
13006-253171	deferred	-	wave 71 lane P028, 2026-09-24..26: Not re-read by w71-P028. Same as 13006-253326: the one-row 432 cut has no mount (InstantTicket is only the floating card). Blocker: Casey's call on the mount.
13006-253481	deferred	-	wave 71 lane P028, 2026-09-24..26: Not re-read by w71-P028. Same as 13006-253326: the stacked 432 cut has no mount. Blocker: Casey's call on the mount.
13006-246442	partial	-	wave 71 lane P028, 2026-09-24..26: READ 2026-09-25 (w71-P028 use_figma call 4, Frame 1158 in 13006:246444): Frame 1149 281x280 g8 = Frame 328 281x56 p8/10 r8 #001615 holding one 261x32 SPACE_BETWEEN row, then Frame 355 281x216 g16; CTA 281x48 p12/40 r12 #17F9B4 "Buy Colon" 14/18 with a 24 `icons/wallet` instance on 8. NO CODE CHANGE. Left: Frame 328 (a 56-tall #001615 card heading the ticket) is not built and its content was not read (the lane's 4 calls ran out one level short); the CTA glyph layer is named icons/wallet where the code draws a candle (main component not read). Carried: Boost status + 3 footnotes above the banner are a lane default (wave-23 answers 2026-09-14), not a ruling; 13th Sellable tile ruled keep.
13006-246910	partial	-	wave 71 lane P028, 2026-09-24..26: READ 2026-09-25 (w71-P028 use_figma call 4, 13006:246912): Frame 300 313x486 p16 g12 r16/16/8/8, Frame 1153 = Frame 1149 (281x280) + CTA 281x48 at 296, rule at 372, four tiles 67.25x40 p4/16 r8 at 384, rule at 436, three presets 91x22 p4/6 r4 at 448: all match MarketTicket.tsx (116, 173-191, 194-200, 205-224). NO CODE CHANGE. Correction to w68: the rail is not "none" - since 2026-09-22 the ticket arms a buy on a curve token and on a Solana coin (MarketTicket.tsx:17-26/96-110). Left: Frame 1149's 280 is 64 more than the code's stack if Frame 328 is here too (it heads Frame 1149 on the other two cuts); Frame 1149's children were not opened on this cut.
13006-247576	partial	-	wave 71 lane P028, 2026-09-24..26: READ 2026-09-25 (w71-P028 use_figma call 4, Frame 1152 in 13006:247578, 281x554): Frame 1149 (Frame 328 56 + Frame 355 216), Frame 486 281x136 = three 40-tall rows on 8 (two Frame 1154 rows and a search field p12 r12), each with a 16 action glyph at 265, then a 281x42 field p12 r12, then the CTA. NO CODE CHANGE. Left: the expanded strategy block (Frame 486 + the 42 field) and Frame 328; the rows' texts were not read (depth), and Limit/Pro/strategy orders have no venue (MarketTicket.tsx:27-28), so they would render as stated-unavailable controls - backend.
13006-272165	deferred	-	wave 71 lane P028, 2026-09-24..26: Not re-read today (read 2026-09-23 by w68-p029). BUILT with the 375 band (app 444ad4215): the tab strip's fade plates now paint Green Coal 200, the 768 card's own fill, where they painted the page's #001615. Left: the board's header card is TradeHeader (another packet); nothing new read for the body. Verdict deferred (was partial): no live comparison of this frame this wave (review 2026-09-26). The 03d8eb425 chevron fix applies to the 768 card as well, unread here.
13006-290135	partial	-	wave 71 lane P028, 2026-09-24..26: READ 2026-09-25 (w71-P028 use_figma call 3, the 375 band Frame 299). BUILT app 444ad4215: the band runs full-bleed #122524 (-mx-4 px-4, was on the #001615 page), its 1px #123F3C rule spans the row (was only under the w-max tabs), both fades are #122524 (were #001615), and a scrolled strip gets the left chevron at x=0 plus a left fade (was none), scrolling back by a visible width less 32 (superseded below). Pinned by panelTabsPhoneBand.figma.test.tsx (7 cases) and the re-pointed panelTabsBandRule.figma.test.tsx (mutations P1-P8 killed). Left: the band is 36 on the board (4+4+22+6) but each tab is a <button> that index.css floors at 44 below 769, so it draws 60 and the mark sits correspondingly lower - the touch floor is not moved; the Similar tokens body was not re-read. FIXED 2026-09-26 (app 03d8eb425, review medium): the chevrons were flex items beside the strip, so one mounting or unmounting took 24 off the scroller and every tab lurched 24 mid-swipe; they now sit ON the strip at each edge as the boards draw them (a 16 chevron on 16 of solid #122524, then the fade, w-8 as the token nearest 30), the scroller keeps one width (real-layout check at 375: first tab 6 -> 6 and last tab 359 -> 359 across the chevron changes, was 6 -> 30 and 335 -> 359; max scroll 26 = the board's x=-26), and a step is a visible width less both 48 plates. Pinned by panelTabsPhoneBand.figma.test.tsx (row children fixed at scroll 0/48/300/0 on both rows, plate classes), mutations F1-F8 killed. Chevron glyphs now come from the icon set (lucide ChevronLeft/ChevronRight via @skai/ui/icons at size-4) instead of two hand-drawn paths (app 4889b01ff, review low; pinned in panelTabsPhoneBand, mutations G1-G4 killed). The chevron's own geometry was not read on any frame.
13006-271691	deferred	-	wave 71 lane P028, 2026-09-24..26: Not re-read today (read 2026-09-23 by w68-p029). The fade colour on the 768 card changed with the 375 band build (app 444ad4215). Left, carried: Boost status + 3 footnotes above the banner are a lane default, not a ruling (for Casey); 13th Sellable tile ruled keep; DA label unavailable (no label/score source). Verdict deferred (was partial): no live comparison of this frame this wave (review 2026-09-26).
13006-289591	partial	-	wave 71 lane P028, 2026-09-24..26: READ 2026-09-25 (w71-P028 use_figma call 3): the 375 band on 13006:289591 is identical to 13006:290135's (strip at x=-26, both ends faded). BUILT app 444ad4215 (same band build as 13006-290135; TokenInfoPanel's body was already full-bleed at 375). Left: the band's 36 height (touch floor, see 13006-290135) and the carried Token info items (Boost footnotes lane default, Sellable tile ruled keep, DA label unavailable). FIXED 2026-09-26 (app 03d8eb425, review medium): the chevrons were flex items beside the strip, so one mounting or unmounting took 24 off the scroller and every tab lurched 24 mid-swipe; they now sit ON the strip at each edge as the boards draw them (a 16 chevron on 16 of solid #122524, then the fade, w-8 as the token nearest 30), the scroller keeps one width (real-layout check at 375: first tab 6 -> 6 and last tab 359 -> 359 across the chevron changes, was 6 -> 30 and 335 -> 359; max scroll 26 = the board's x=-26), and a step is a visible width less both 48 plates. Pinned by panelTabsPhoneBand.figma.test.tsx (row children fixed at scroll 0/48/300/0 on both rows, plate classes), mutations F1-F8 killed. Chevron glyphs now come from the icon set (lucide ChevronLeft/ChevronRight via @skai/ui/icons at size-4) instead of two hand-drawn paths (app 4889b01ff, review low; pinned in panelTabsPhoneBand, mutations G1-G4 killed). The chevron's own geometry was not read on any frame.
13006-300408	partial	-	wave 71 lane P028, 2026-09-24..26: READ 2026-09-25 (w71-P028 use_figma call 2 on the body, call 3 on the 768 board 13006:269297). BUILT app e9bd6211b: body inset 12 each side inside the tab card (was the card edge), top 12, bottom 24 as table 8 + 8px bar + 8, bottom corners 12, and Frame 1101's scrollbar (#001615 pill, thumb 4 tall held 2 and 12 in; was a transparent track); the body's top stroke is drawn once as the sub-row's full-width rule and the sub-row's trailing cluster now ends 12 in (app 444ad4215). Header, nine columns, rows and seams already matched. Pinned by holdersBody.figma.test.tsx (mutations M1-M10 killed). Left: the body's drop shadow 0/10/80 @25% (no shadow token carries it; clipped by the card at 768 anyway); the board's "SOLbalance (last active)" label is a typo, code keeps "SOL balance (last active)". Not verified against any read frame (review low, 2026-09-26; Figma budget spent): (a) the 375 Green Coal 200 sub-row and the 768 full-width sub-row rule are one row shared by all five Tables tabs, read only on the Holders chrome, so Positions / Transactions / Dev tokens / Bubblemaps take it unread; (b) the export footer and the unsourced note render inside the body slab above its last 8, where the body frames read (Frame 1364 / 1374) hold only the table and the scrollbar.
13006-299604	partial	-	wave 71 lane P028, 2026-09-24..26: READ 2026-09-25 (w71-P028 use_figma call 2 on the body, call 4 on Frame 1340 of 13006:299940). BUILT app e9bd6211b + 444ad4215: body full-bleed #122524 on 12/16/24/16 (was no fill, so each row band read as a card on #001615), the 343-wide scrollbar pill, and the band / sub-row / body as one Green Coal 200 slab with one hairline between each. Five columns, header and rows already matched. Pinned by holdersBody.figma.test.tsx and panelTabsPhoneBand.figma.test.tsx. Left: the drop shadow (no token); the sub-row is 36 on the board and draws taller because its tab buttons take the 44 touch floor. Not verified against any read frame (review low, 2026-09-26; Figma budget spent): (a) the 375 Green Coal 200 sub-row and the 768 full-width sub-row rule are one row shared by all five Tables tabs, read only on the Holders chrome, so Positions / Transactions / Dev tokens / Bubblemaps take it unread; (b) the export footer and the unsourced note render inside the body slab above its last 8, where the body frames read (Frame 1364 / 1374) hold only the table and the scrollbar.
13006-301004	partial	-	wave 71 lane P028, 2026-09-24..26: READ 2026-09-25 (w71-P028 use_figma call 2): the same body as 13006:300408 to the pixel, with the same NINE columns and the same first row. BUILT app e9bd6211b: Top holders now draws the Holders nine-column table off trench-holder-intel (HeliusHolders top=10: sorted by the table's rank, first ten, wallet chips narrow within the ten without renumbering), with the four-column table kept while the read is in flight or fails, and the body chrome of 13006-300408. Pinned by topHoldersHelius.test.tsx (7 cases) and holdersBody.figma.test.tsx (mutations M1, M7-M9 killed). Left: the drop shadow (no token); the "Top 10 hold" headline is not on the body frame and stays from the shipped panel (the 768/375 Top holders boards were not read); the tab keeps the label "Top holders" (report a23fbb85). FIXED 2026-09-26 (app 64d1f961e, review low): on the Helius path the "Top 10 hold" headline is the sum of the ten drawn rows' own pct (firstByRank, before the chips), not solana-token-holders' token-account top10Pct, which could read 42% over ten owner rows holding 75%; no rows, no headline; the four-column fallback keeps top10Pct. Pinned by topHoldersHelius.test.tsx, mutations T1-T5 killed. The headline itself is still not on any read frame. Headline rule and label now on green-coal-100 / ash, not the hex (app 4889b01ff, mutations G8-G10 killed).
13006-302319	partial	-	wave 71 lane P028, 2026-09-24..26: READ 2026-09-25 (w71-P028 use_figma call 2): the 375 body of 13006:299604 with five compact columns; its header reads S/N / Wallet / uPnL / Funding / Held but every row prints the Remaining cell under "Funding" ("$16.21" + "79%", "$0" + "0%") - a frame slip. BUILT app e9bd6211b: the five compact cells S/N / Wallet / uPnL / Remaining / Held (matching the cells, headed as the cells are) over the Helius rows, and the 375 body. Left: row 2's wallet prints a name ("Laura Shin") - there is no client reader of the curated trench_kol_wallets list (shipped empty 09-23), so named wallets are not built; the drop shadow (no token). Headline over the rows fixed as on 13006-301004 (app 64d1f961e). Headline tokens as on 13006-301004 (app 4889b01ff).
13006-227835	deferred	-	wave 71 lane P028, 2026-09-24..26: Not re-read by w71-P028. Ruled off the page: Casey 2026-09-14 on report 383e513d ("KOLs panel leaves the token page"), recorded at PanelTabs.tsx (the Community note). Its table is the Holders nine with R. PnL for uPnL. Blocker: a ruling to bring it back; the 09-23 curated KOL list is a card-field source, empty, with no reader.
# wave 71 (2026-09-24..26), lane P031: live reads and design-store specs.
13006-246173	partial	-	wave 71 lane P031, 2026-09-24..26: w71 P031 use_figma call 3 (read3.js, Trade 2 1440 boards deduped pos/neg). Built: G1, G2, G5 (per-side stroke weights read: tab row bottom only, panel top only). Left: H3 Trade 2 differs from the Trade 1 base the code follows: the three solid cards carry a 1px #123F3C edge, token-row age/chip/Tx at Mulish 11/14, filter labels Manrope 14/18; D4 this cut alone tints the name white and the symbol ash; shared 1440 chrome left: H1 CTA word (code keeps 'Advanced AI', the instance 4437:112769 that paints over the buried 'AI Analysis' 4437:112659, against the 09-14 call), H4 chip casing 'Insightx' vs code 'InsightX', H5 filter labels white vs the honest disabled tint, K1 sentiment/verdict/bubble density vendor-gated (ruling 09-19 keeps them open). Held partial on vendor-gated content as vverify trade-2 09-23 did. pinned by InsightXScreen.parityW71.figma.test.tsx (26 cases; 48 targeted mutations all killed, the pre-lane file fails 26/26)
13006-245903	partial	-	wave 71 lane P031, 2026-09-24..26: w71 P031 use_figma call 3 (read3.js, deduped against 13006:246173). Built: G1, G2, G5. The negative states (Bearish, #FF574A edge, 'Very risky', 'Similar name tokens (5)', 'Reports (16)') are data-driven and depend on K1. Left: H3 as on 13006:246173; shared 1440 chrome left: H1 CTA word (code keeps 'Advanced AI', the instance 4437:112769 that paints over the buried 'AI Analysis' 4437:112659, against the 09-14 call), H4 chip casing 'Insightx' vs code 'InsightX', H5 filter labels white vs the honest disabled tint, K1 sentiment/verdict/bubble density vendor-gated (ruling 09-19 keeps them open). pinned by InsightXScreen.parityW71.figma.test.tsx (26 cases; 48 targeted mutations all killed, the pre-lane file fails 26/26)
13006-286114	partial	-	wave 71 lane P031, 2026-09-24..26: w71 P031 use_figma call 3 (read3.js, Trade 2 768 boards). Built: G1, G2, G5; token row as code at md (78 image, filters right-aligned 8 apart, Mulish 14/16). Left: H3 tabs 12 apart vs the code's 24 (Trade 1), tab row 42 vs 40, panel top inset 24 vs 12; shared chrome left: H4 chip casing, H5 filter ink, K1 vendor-gated cards. pinned by InsightXScreen.parityW71.figma.test.tsx (26 cases; 48 targeted mutations all killed, the pre-lane file fails 26/26)
13006-285929	partial	-	wave 71 lane P031, 2026-09-24..26: w71 P031 use_figma call 3 (read3.js, deduped against 13006:286114). Built: G1, G2, G5. Left: H3 as on 13006:286114; negative states depend on K1; shared chrome left: H4 chip casing, H5 filter ink, K1 vendor-gated cards. pinned by InsightXScreen.parityW71.figma.test.tsx (26 cases; 48 targeted mutations all killed, the pre-lane file fails 26/26)
13006-284221	partial	-	wave 71 lane P031, 2026-09-24..26: w71 P031 use_figma call 3 (read3.js, Trade 2 375 boards; the deep bubble-panel finder matched nothing, 354x496 was outside its height window, so the panel's inner geometry is known from texts only). Built: G3, G4, G5, G7 (filters above the token info at x=135, Mulish 12/14). Left: H3 tabs 12 apart and no chip row (the code keeps Trade 1's 36px chip row), panel 496 p24 top (code 24, matches); inner panel geometry unread; shared chrome left: O1 AI-home container 354 at x=11 vs the ruled 343 and its vertical inset (a seven-screen literal, not this packet), K1 vendor-gated cards. pinned by InsightXScreen.parityW71.figma.test.tsx (26 cases; 48 targeted mutations all killed, the pre-lane file fails 26/26)
13006-285797	partial	-	wave 71 lane P031, 2026-09-24..26: w71 P031 use_figma call 3 (read3.js, deduped against 13006:284221). Built: G3, G4, G5, G7. Left: H3 as on 13006:284221; negative states depend on K1; inner panel geometry unread; shared chrome left: O1 AI-home container 354 at x=11 vs the ruled 343 and its vertical inset (a seven-screen literal, not this packet), K1 vendor-gated cards. pinned by InsightXScreen.parityW71.figma.test.tsx (26 cases; 48 targeted mutations all killed, the pre-lane file fails 26/26)
# wave 71 (2026-09-24..26), lane P042: live reads and design-store specs.
13006-250456	match	-	wave 71 lane P042, 2026-09-24..26: STORE SPEC read 2026-09-25 (figma:spec, synced 2026-09-25T01:09:33Z, hash b0c8b5660c923c0a; stored by the w71 P042 extract, nonce 80542b2292c0). BUILT dcc798b92 (w71/P042): Ellipse 32 hue handle = 15px white disc + 2px OUTSIDE Primary/Green Coal 300 -> ring-2 ring-green-coal-300 (was border-2 border-[#001615], an inside stroke: 11px of white); Ellipse 33 field handle = 13px white disc + 2px OUTSIDE #FFFFFF@0.24 -> ring-2 ring-white/[0.24] (was an inside border in the PICKED colour, 9px of white). Pinned by trenchColourPicker.handles.figma.test.tsx (3 of 4 cases fail on the old code; 6/6 mutations killed). Rest measured against the spec: card 263x251 p16 r16 Green Coal 300 (PICKER_CARD_CLASS lg:w-[263px] lg:p-4 md:rounded-[16px]; bg-[#001615] is raw hex in P023's file), field 231x158 r4, strip 11 r4, Frame 568 30px preview r4 + hex, all 10 apart, hex Lg/Numbers 4 Mulish 14/18 w400 -4% (lg:leading-[18px]). Recorded, not built: the hue strip paints an even 0-360 ramp, not the frame's seven hand-placed stops (TrenchColourPicker.tsx header, deliberate: painting them would show one hue under the handle and emit another); the field is an HSV gradient where the frame has an image fill.
13006-323899	match	-	wave 71 lane P042, 2026-09-24..26: STORE SPEC read 2026-09-25 (figma:spec, hash 4c74dfd836c60008). BUILT dcc798b92 (w71/P042): Ellipse 32 hue handle = 15px white disc + 2px OUTSIDE Primary/Green Coal 300 -> ring-2 ring-green-coal-300 (was border-2 border-[#001615], an inside stroke: 11px of white); Ellipse 33 field handle = 13px white disc + 2px OUTSIDE #FFFFFF@0.24 -> ring-2 ring-white/[0.24] (was an inside border in the PICKED colour, 9px of white). Pinned by trenchColourPicker.handles.figma.test.tsx (3 of 4 cases fail on the old code; 6/6 mutations killed). Card 243x243 p12 r16 (md:w-[243px] p-3 md:rounded-[16px]), field 158 r4, strip 11 r4, preview 30, gaps 10, hex Md/Numbers 4 Mulish 14/16 (md:text-[14px] md:leading-4). The frame's Ellipse 32 keeps the 1440 cut's absolute y=182 although the strip sits at y=180 here, so it hangs 4px below the strip's centre; the code centres it (recorded). Recorded, not built: the hue strip paints an even 0-360 ramp, not the frame's seven hand-placed stops (TrenchColourPicker.tsx header, deliberate: painting them would show one hue under the handle and emit another); the field is an HSV gradient where the frame has an image fill.
13006-252089	match	-	wave 71 lane P042, 2026-09-24..26: STORE SPEC read 2026-09-25 (figma:spec, hash b425329654c6ec26). BUILT dcc798b92 (w71/P042): Ellipse 32 hue handle = 15px white disc + 2px OUTSIDE Primary/Green Coal 300 -> ring-2 ring-green-coal-300 (was border-2 border-[#001615], an inside stroke: 11px of white); Ellipse 33 field handle = 13px white disc + 2px OUTSIDE #FFFFFF@0.24 -> ring-2 ring-white/[0.24] (was an inside border in the PICKED colour, 9px of white). Pinned by trenchColourPicker.handles.figma.test.tsx (3 of 4 cases fail on the old code; 6/6 mutations killed). Card 240x243 p12 r12 (w-[240px] p-3 rounded-[12px]), field 158 r4, strip 11 r4, preview 30, gaps 10, hex Sm/Numbers 4 Mulish 12/14 (text-[12px] leading-[14px]). Same 4px Ellipse 32 offset as 323899, recorded. Recorded, not built: the hue strip paints an even 0-360 ramp, not the frame's seven hand-placed stops (TrenchColourPicker.tsx header, deliberate: painting them would show one hue under the handle and emit another); the field is an HSV gradient where the frame has an image fill.
13006-344352	partial	-	wave 71 lane P042, 2026-09-24..26: READ LIVE 2026-09-25 w71 P042 (use_figma lane scripts xaccounts-read.js / xaccounts-read2.js, Frame 445 = 13006:344506). NOT BUILT: XAccountsPanel.tsx is P038's and was not assigned to P042. The implementing file is XAccountsPanel.tsx (the wave41 rows cite KOLsPanel.tsx). Left at 768 on board=trench: toolbar 708x40 pad 4/16 right-packed (code 54 tall), search 132 (code 181), Import/Export 32x32 shown at 768 (code md:hidden), gaps 8/4, Add handle 32 tall (code 30), no outer aside border, empty CTA 32 tall 14/16 (code 34), empty hint 12/16 in 330 and CTA 24 below (whalesShared WhalesEmptyState, P122: code 10/14 in 257, 20). Frames disagree, to rule: the 768 CTA reads Add handle, the 375 cut (321483) Add X handle.
13006-346515	partial	-	wave 71 lane P042, 2026-09-24..26: READ LIVE 2026-09-25 w71 P042 (use_figma, Frame 445 = 13006:346669 found by position; list truncated after 3 rows, pitch from the list summary). NOT BUILT (XAccountsPanel.tsx is P038's). Left at 768 on board=trench: the toolbar items of 344352, tab row at x=12 with 12 above / 8 below (code x=8, 10/12), list inset 12 (code 8), Popular row pitch 40 (code 41: py-3 plus its own border-b). Recorded dissent: pane 728 tall against ActivityView's fixed 694 (one-box rule).
13006-347046	partial	-	wave 71 lane P042, 2026-09-24..26: READ LIVE 2026-09-25 w71 P042 (use_figma, Frame 445 = 13006:347200, truncated after 2 rows). NOT BUILT (XAccountsPanel.tsx is P038's). Left at 768 on board=trench: the toolbar items of 344352, tab row and list inset as 346515, My list and entry row pitch 44 (code MY_LIST_ROW_Y 40 below lg), entry-row Add tag at x=72 inside the gap-12 disc group Frame 594 (code puts it outside the group on gap-2, x=68). Recorded dissent: pane 260 tall against the fixed 694.
13006-321865	partial	-	wave 71 lane P042, 2026-09-24..26: READ LIVE 2026-09-25 w71 P042 (use_figma, Frame 445 = 13006:321867). NOT BUILT (XAccountsPanel.tsx is P038's). Left at 375 on board=trench: row pitch 44 (code 40), entry tag 47x22 Size=Small Mulish 10/14 gap 2 (321901; code 12/16 gap 0.5), handle 12/14 (321909; code skips max-md:leading-[14px] on trench), tag x=72 inside the disc group. The board draws no toolbar: covered by Casey 2026-09-10 (X-accounts Popular keeps its toolbar), recorded not built.
13006-233224	partial	-	wave 71 lane P042, 2026-09-24..26: STORE SPEC read 2026-09-25 (figma:spec, hash dfd3430f9be266e8). Status correction, no code changed by P042 (DevTokensPanel.tsx is P041's). The not-started row (wave7, 2026-08-31) is stale: the nine-column track 150/50/30/80x4/100/30 and the 12/14->12/16 ramps are built (columns.ts). Left: the Token cell's 24x24 r4 image with a 1px Alien Green inside ring and the 10px chain badge at (18,19); a Deployer line the crop does not draw; raw hex (text-[#95A09F], border-[#123F3C]) where tokens exist. Fees and Bal. render the unknown dash (no source), correct under the no-mock rule.
13006-233145	partial	-	wave 71 lane P042, 2026-09-24..26: STORE SPEC read 2026-09-25 (figma:spec, hash ddd9d2a0687361e5). Status correction, no code changed by P042 (P041's file). The five-column track 150/50/80/55/30 at 12/14 is built (columns.ts). Left: the same Token-cell image, 1px Alien Green ring and 10px chain badge as 233224, the extra Deployer line, raw hex.
13006-233331	partial	-	wave 71 lane P042, 2026-09-24..26: STORE SPEC read 2026-09-25 (figma:spec, hash 0ee8f45b79847ad6). Status correction, no code changed by P042 (P041's file). The statistics rail is built (MigrationDonut, Token stats and Highlights cards). Left, pending a ruling: this ALT is named Percentage bigger and draws the donut centre at Lg/Numbers 2 Mulish 32/38 w300, where the code draws 22/26 at md taken from the main board 232418; the ALT's Highlights card has no stroke, the code's has border-[#123F3C].
13006-252423	deferred	-	wave 71 lane P042, 2026-09-24..26: STORE SPEC read 2026-09-25 (stored by the w71 P042 extract). Nothing renders the X-community Token preview card. Missing source: an X Community lookup (banner image, created-at date, member count, creator handle and wallet, follower and following counts); neither skai-bot nor the app has one and the token record carries only socials. Ruling needed: what Follow creator follows (an X follow needs user OAuth; a SKAI follow needs the creator to be a SKAI user). The host files are P056's and P023's.
13006-347864	deferred	-	wave 71 lane P042, 2026-09-24..26: STORE SPEC read 2026-09-25. 768 cut of 252423 (400x453, r12): the same missing X Community source and the same Follow creator ruling.
13006-348615	deferred	-	wave 71 lane P042, 2026-09-24..26: STORE SPEC read 2026-09-25. 375 cut of 252423 (354x482, CTAs stacked 322x32): the same missing X Community source and the same Follow creator ruling.
13006-252891	deferred	-	wave 71 lane P042, 2026-09-24..26: STORE SPEC read 2026-09-25. The dropdown-add menu (Take profit / Stop loss / Trailing stop loss / Dev sell / Migration) has no order type behind it: no take-profit, stop-loss, trailing or trigger order exists for Trench DEX tokens (advancedOrdersService is keyed on a perp position), and Dev sell / Migration are alert triggers with no server. MarketTicket.tsx:125-134 keeps the + aria-disabled with M.addUnavailable as its reason. P028's file.
# wave 71 (2026-09-24..26), lane P052: live reads and design-store specs.
13006-252220	partial	-	wave 71 lane P052, 2026-09-24..26: READ LIVE 2026-09-24 (w71 P052 use_figma call 3, read-mhf3.js on mhF3, saved read-mhf3.result.txt): Top main 232x486 = New chat, Perps (Tag hidden), Spot, Swaps, Trench open (#052D2D, caret), internal 232x134 #122524 with Alpha / PnL / Market Pulse whose icons/games are at opacity 0, Launch, Dashboard, Layout settings (Frame 226, a plain 232x42 row, label 14/18 #FFFFFF); main bottom 232x192 at (8,643) = Messages, Games, Wallet, Upgrade to Pro; every label Manrope 14/18. Code on /trench draws that list, less Swaps, which is off by Casey's ruling of 2026-09-07 ("Swap is a wallet only feature", casey-rulings-2026-09-07.md:94, recorded on TRADE_NAV). PINNED w71 74a5a7d81 + 5ad8ed404: HomeSidebarExpanded.surfaces.test.tsx "draws the frame's column on /trench, top to bottom, less Swaps (13006:252220)" asserts the unfiltered button list by full name, no Swaps, the three sub-rows' 36 slots empty, and names the one departure below (mutations: glyph planted, Swaps re-added, rows reversed, Layout settings drawn plain on /trench, all killed). The 248 column is the only width the board covers. LEFT: off /spot the Layout settings row is drawn unavailable (a421b40a2, report 00ce21bd), because /trench has no layout customiser: glyph and label at 40% opacity, the Ash 11/14 line "Layout settings are only available on Spot." under the label, aria-disabled, and the row grown past 42 (h-auto min-h-[42px]); the board draws a plain full-white 42px row. No ruling covers it (grep of casey-rulings-* for Layout settings / 00ce21bd / a421b40a2: none), so it is Casey's call: a customiser on /trench, the plain row, or the honest unavailable row as intended.
# wave 71 (2026-09-24..26), lane P055: live reads and design-store specs.
13006-252687	partial	-	wave 71 lane P055, 2026-09-24..26: store spec mhF3BkzlTaGiLzJ7kvpmVc:13006:252687 hash 8ba948fca42dfe96 (0 Figma calls). w71 P055 app 88feec93f: heading/note on text-para-2-mobile/-tablet/para-2 (12/14,12/16,14/18 Manrope -4%), More info on text-number-4-* (12/14,14/16,14/18 Mulish -4%), ash/green-coal-100/verdict colours from tokens, chevron in the 12x12 icons/action slot; pinned by boostStatusRamps.figma.test + BoostStatus.test, 8/8 mutations killed. LEFT: the BOOST Mode buyback meter (percentage, 6px gradient rail, x / y SOL burned readout, More info on the readout row) has no buyback/burn feed (B1) and no ruling on what BOOST Mode is (R1); card fill/radius/shadow/padding belong to the mount in TokenInfoPanel (P028, R2). Base 1440: amber #FFBD16 percentage and rail have no token.
13006-348006	partial	-	wave 71 lane P055, 2026-09-24..26: store spec mhF3BkzlTaGiLzJ7kvpmVc:13006:348006 hash 9b0de935daaaeac5 (0 Figma calls). w71 P055 app 88feec93f: heading/note on text-para-2-mobile/-tablet/para-2 (12/14,12/16,14/18 Manrope -4%), More info on text-number-4-* (12/14,14/16,14/18 Mulish -4%), ash/green-coal-100/verdict colours from tokens, chevron in the 12x12 icons/action slot; pinned by boostStatusRamps.figma.test + BoostStatus.test, 8/8 mutations killed. LEFT: the BOOST Mode buyback meter (percentage, 6px gradient rail, x / y SOL burned readout, More info on the readout row) has no buyback/burn feed (B1) and no ruling on what BOOST Mode is (R1); card fill/radius/shadow/padding belong to the mount in TokenInfoPanel (P028, R2). Base 768.
13006-348879	partial	-	wave 71 lane P055, 2026-09-24..26: store spec mhF3BkzlTaGiLzJ7kvpmVc:13006:348879 hash 3263adafeefa2483 (0 Figma calls). w71 P055 app 88feec93f: heading/note on text-para-2-mobile/-tablet/para-2 (12/14,12/16,14/18 Manrope -4%), More info on text-number-4-* (12/14,14/16,14/18 Mulish -4%), ash/green-coal-100/verdict colours from tokens, chevron in the 12x12 icons/action slot; pinned by boostStatusRamps.figma.test + BoostStatus.test, 8/8 mutations killed. LEFT: the BOOST Mode buyback meter (percentage, 6px gradient rail, x / y SOL burned readout, More info on the readout row) has no buyback/burn feed (B1) and no ruling on what BOOST Mode is (R1); card fill/radius/shadow/padding belong to the mount in TokenInfoPanel (P028, R2). Base 375.
13006-252664	partial	-	wave 71 lane P055, 2026-09-24..26: store spec mhF3BkzlTaGiLzJ7kvpmVc:13006:252664 hash b2fc16a2105a5b0c (0 Figma calls). w71 P055 app 88feec93f: heading/note on text-para-2-mobile/-tablet/para-2 (12/14,12/16,14/18 Manrope -4%), More info on text-number-4-* (12/14,14/16,14/18 Mulish -4%), ash/green-coal-100/verdict colours from tokens, chevron in the 12x12 icons/action slot; pinned by boostStatusRamps.figma.test + BoostStatus.test, 8/8 mutations killed. LEFT: the BOOST Mode buyback meter (percentage, 6px gradient rail, x / y SOL burned readout, More info on the readout row) has no buyback/burn feed (B1) and no ruling on what BOOST Mode is (R1); card fill/radius/shadow/padding belong to the mount in TokenInfoPanel (P028, R2). ALT 1440: CORRECTS wave 36: the rail gradient is sky too (13006:252678 [0.71 #56C7F3, 1 #FFFFFF]), not only the percentage; what ALT encodes is unknown (R1).
13006-347983	partial	-	wave 71 lane P055, 2026-09-24..26: store spec mhF3BkzlTaGiLzJ7kvpmVc:13006:347983 hash a0a0b715b08cd17a (0 Figma calls). w71 P055 app 88feec93f: heading/note on text-para-2-mobile/-tablet/para-2 (12/14,12/16,14/18 Manrope -4%), More info on text-number-4-* (12/14,14/16,14/18 Mulish -4%), ash/green-coal-100/verdict colours from tokens, chevron in the 12x12 icons/action slot; pinned by boostStatusRamps.figma.test + BoostStatus.test, 8/8 mutations killed. LEFT: the BOOST Mode buyback meter (percentage, 6px gradient rail, x / y SOL burned readout, More info on the readout row) has no buyback/burn feed (B1) and no ruling on what BOOST Mode is (R1); card fill/radius/shadow/padding belong to the mount in TokenInfoPanel (P028, R2). ALT 768: rail gradient sky too (13006:347997), correcting wave 36.
13006-348856	partial	-	wave 71 lane P055, 2026-09-24..26: store spec mhF3BkzlTaGiLzJ7kvpmVc:13006:348856 hash cbc6a5e488230e66 (0 Figma calls). w71 P055 app 88feec93f: heading/note on text-para-2-mobile/-tablet/para-2 (12/14,12/16,14/18 Manrope -4%), More info on text-number-4-* (12/14,14/16,14/18 Mulish -4%), ash/green-coal-100/verdict colours from tokens, chevron in the 12x12 icons/action slot; pinned by boostStatusRamps.figma.test + BoostStatus.test, 8/8 mutations killed. LEFT: the BOOST Mode buyback meter (percentage, 6px gradient rail, x / y SOL burned readout, More info on the readout row) has no buyback/burn feed (B1) and no ruling on what BOOST Mode is (R1); card fill/radius/shadow/padding belong to the mount in TokenInfoPanel (P028, R2). ALT 375: rail gradient sky too (13006:348870), correcting wave 36.
13006-252710	partial	-	wave 71 lane P055, 2026-09-24..26: store spec mhF3BkzlTaGiLzJ7kvpmVc:13006:252710 hash 5d443d5c3f5c6fb7 (0 Figma calls). w71 P055 app 88feec93f: heading/note on text-para-2-mobile/-tablet/para-2 (12/14,12/16,14/18 Manrope -4%), More info on text-number-4-* (12/14,14/16,14/18 Mulish -4%), ash/green-coal-100/verdict colours from tokens, chevron in the 12x12 icons/action slot; pinned by boostStatusRamps.figma.test + BoostStatus.test, 8/8 mutations killed. LEFT: the BOOST Mode buyback meter (percentage, 6px gradient rail, x / y SOL burned readout, More info on the readout row) has no buyback/burn feed (B1) and no ruling on what BOOST Mode is (R1); card fill/radius/shadow/padding belong to the mount in TokenInfoPanel (P028, R2). 50% 1440: two-layer rail (Green Coal 100 track + partial gradient) needs a progress value (B1).
13006-348029	partial	-	wave 71 lane P055, 2026-09-24..26: store spec mhF3BkzlTaGiLzJ7kvpmVc:13006:348029 hash 3bc90adfcde6eabc (0 Figma calls). w71 P055 app 88feec93f: heading/note on text-para-2-mobile/-tablet/para-2 (12/14,12/16,14/18 Manrope -4%), More info on text-number-4-* (12/14,14/16,14/18 Mulish -4%), ash/green-coal-100/verdict colours from tokens, chevron in the 12x12 icons/action slot; pinned by boostStatusRamps.figma.test + BoostStatus.test, 8/8 mutations killed. LEFT: the BOOST Mode buyback meter (percentage, 6px gradient rail, x / y SOL burned readout, More info on the readout row) has no buyback/burn feed (B1) and no ruling on what BOOST Mode is (R1); card fill/radius/shadow/padding belong to the mount in TokenInfoPanel (P028, R2). 50% 768: two-layer rail needs a progress value (B1).
13006-348902	partial	-	wave 71 lane P055, 2026-09-24..26: store spec mhF3BkzlTaGiLzJ7kvpmVc:13006:348902 hash ba6e657f6733eb68 (0 Figma calls). w71 P055 app 88feec93f: heading/note on text-para-2-mobile/-tablet/para-2 (12/14,12/16,14/18 Manrope -4%), More info on text-number-4-* (12/14,14/16,14/18 Mulish -4%), ash/green-coal-100/verdict colours from tokens, chevron in the 12x12 icons/action slot; pinned by boostStatusRamps.figma.test + BoostStatus.test, 8/8 mutations killed. LEFT: the BOOST Mode buyback meter (percentage, 6px gradient rail, x / y SOL burned readout, More info on the readout row) has no buyback/burn feed (B1) and no ruling on what BOOST Mode is (R1); card fill/radius/shadow/padding belong to the mount in TokenInfoPanel (P028, R2). 50% 375: two-layer rail needs a progress value (B1); template defects not copied (Md 12/16 heading 13006:348905, 359 track in a 322 frame).
13006-252735	partial	-	wave 71 lane P055, 2026-09-24..26: store spec mhF3BkzlTaGiLzJ7kvpmVc:13006:252735 hash 6ef3409f713db79e (0 Figma calls). w71 P055 app 88feec93f: heading/note on text-para-2-mobile/-tablet/para-2 (12/14,12/16,14/18 Manrope -4%), More info on text-number-4-* (12/14,14/16,14/18 Mulish -4%), ash/green-coal-100/verdict colours from tokens, chevron in the 12x12 icons/action slot; pinned by boostStatusRamps.figma.test + BoostStatus.test, 8/8 mutations killed. LEFT: the BOOST Mode buyback meter (percentage, 6px gradient rail, x / y SOL burned readout, More info on the readout row) has no buyback/burn feed (B1) and no ruling on what BOOST Mode is (R1); card fill/radius/shadow/padding belong to the mount in TokenInfoPanel (P028, R2). More info 1440: explainer paragraph ramp built (BOOST_NOTE_TYPE para-2); NOT built: Boost mode header (amber glyph, Sub-headline 2 title 18/24, Close), nested r16 card with Green Coal 100 stroke, verbatim explainer copy and bold Note line (R1: the copy claims a buyback SKAI does not run).
13006-348054	partial	-	wave 71 lane P055, 2026-09-24..26: store spec mhF3BkzlTaGiLzJ7kvpmVc:13006:348054 hash d7541b96dc4e1268 (0 Figma calls). w71 P055 app 88feec93f: heading/note on text-para-2-mobile/-tablet/para-2 (12/14,12/16,14/18 Manrope -4%), More info on text-number-4-* (12/14,14/16,14/18 Mulish -4%), ash/green-coal-100/verdict colours from tokens, chevron in the 12x12 icons/action slot; pinned by boostStatusRamps.figma.test + BoostStatus.test, 8/8 mutations killed. LEFT: the BOOST Mode buyback meter (percentage, 6px gradient rail, x / y SOL burned readout, More info on the readout row) has no buyback/burn feed (B1) and no ruling on what BOOST Mode is (R1); card fill/radius/shadow/padding belong to the mount in TokenInfoPanel (P028, R2). More info 768: as 1440; title is 18/24 here (Lg style), not sub-2-tablet.
13006-348927	partial	-	wave 71 lane P055, 2026-09-24..26: store spec mhF3BkzlTaGiLzJ7kvpmVc:13006:348927 hash 5156517f7f6ce51a (0 Figma calls). w71 P055 app 88feec93f: heading/note on text-para-2-mobile/-tablet/para-2 (12/14,12/16,14/18 Manrope -4%), More info on text-number-4-* (12/14,14/16,14/18 Mulish -4%), ash/green-coal-100/verdict colours from tokens, chevron in the 12x12 icons/action slot; pinned by boostStatusRamps.figma.test + BoostStatus.test, 8/8 mutations killed. LEFT: the BOOST Mode buyback meter (percentage, 6px gradient rail, x / y SOL burned readout, More info on the readout row) has no buyback/burn feed (B1) and no ruling on what BOOST Mode is (R1); card fill/radius/shadow/padding belong to the mount in TokenInfoPanel (P028, R2). More info 375: as 1440; title 14/18.
# wave 71 (2026-09-24..26), lane P056: live reads and design-store specs.
13006-243693	partial	-	wave 71 lane P056, 2026-09-24..26: READ LIVE 2026-09-25 w71 P056 use_figma P056-CALL1 (rail 13006:245198, presets Frame 1151 13006:245330) + P056-CALL3 (ticket Frame 1158 13006:245202, tiles Frame 324 13006:245307), both ledgered record-kind parity. Built this wave: header card corners 0/12/16 by token (rounded-none / md:rounded-xl / lg:rounded-2xl) and the chart-nav active halves by text-sky-blue (d11e5f063; pinned by tokenTradeDetailChrome and tokenTradeDetailTokens figma tests, mutations killed). LEFT (READ.md G1-G7): the rail as ONE card with no stroke and gap 12 with the token-info tiles inside it; presets gap 4, 22 tall, sky-blue labels, glyph on the active cell only; tiles r8 GC300 with label over value; nav wallet chip, white Limit/Pro and the + button; 5m vol and per-side USD flow; the five base-unit amount cells (product values: Casey). Frame 1158 tail and Frame 1134/1156/1157 unread. RETARGET: this file is the REDESIGN_TRENCH flag-off branch (TradeRouteBranch.tsx:16); production renders TradeTerminal.tsx / MarketTicket.tsx (P028) and CompactTicket.tsx (P032).
13006-355256	partial	-	wave 71 lane P056, 2026-09-24..26: READ LIVE 2026-09-25 w71 P056 use_figma P056-CALL1 (skeleton and the docked Frame 1363 13006:356432), ledgered. The 768 header corner 12 is now by token rounded-xl (d11e5f063). LEFT: the docked Instant trade panel (G9) is not built on the flag-off page; it is live in CompactTicket.tsx (P032). Frame 1231 13006:356603 unread (G10). RETARGET to the live terminal files.
13006-351379	partial	-	wave 71 lane P056, 2026-09-24..26: READ LIVE 2026-09-25 w71 P056 use_figma P056-CALL1 (sheet 13006:352261 375x270 at y=542; below y=182 only Frame 300 375x88 p4/16/58/16 with four coin read-outs and NO action button, which closes the wave65 unread item). The 375 header stays square, now by token rounded-none (d11e5f063). LEFT: the 375 sheet (G11) is not built on the flag-off page; it is live in CompactTicket.tsx (P032), where a tap on an amount is the order. RETARGET to the live terminal files.
13006-135613	partial	-	wave 71 lane P056, 2026-09-24..26: Not re-read by P056 (standing get_metadata read 2026-09-20, status.wave54 and vverify.trade-2); the board fill Primary/Green Coal 300 is confirmed in P056-CALL1 and CALL2. Built this wave: the TrenchShell surface fill by token bg-green-coal-300 instead of bg-[#001615] (6762d5d00; TrenchShell.figma.test.tsx resolves the token to #001615 through the shipping config; 3 mutations killed). Shell pad 0, no width cap, 100dvh-84 at lg all match. LEFT: every card is Pulse card - Intel under the wave-63 Casey call (TokenCard.tsx, P023); the bottom band is trimmed on purpose (report f8613808).
13006-138367	partial	-	wave 71 lane P056, 2026-09-24..26: READ LIVE 2026-09-25 w71 P056 use_figma P056-CALL2 (Frame 446 13006:138431 skeleton) + P056-CALL3 (tab strip 13006:138433: a Main chip, tabs Trades (active GC100 r4 p2/8) / Manager / KOLs in Manrope 12/16, then P1 and a 0.0 pill), ledgered. The tab labels close one of the wave54 reasons. LEFT: the whole left-float panel (G14). It sits between the bands beside the pulse columns drawn by DiscoverScreen.tsx / MarketPulseBoard.tsx (P039 / P036, not in this wave), and no board names its trigger (a ruling for Casey). The shell fill is now by token (6762d5d00).
13006-141502	partial	-	wave 71 lane P056, 2026-09-24..26: READ LIVE 2026-09-25 w71 P056 use_figma P056-CALL3 (the ALT 13006:141566 texts: Main, P1, 0.0; the nav labels are unexpanded instance text), ledgered. Same gap and blockers as 13006-138367 (the left float, P039 / P036 files, the trigger ruling). The ALT's 286 column shrink stays governed by the base board until Casey rules.
13006-207638	partial	-	wave 71 lane P056, 2026-09-24..26: READ LIVE 2026-09-25 w71 P056 use_figma P056-CALL2 (hover Frame 521 232x494 at (13.33,154) in the Migrated column Frame 446; Frame 510 224x246 with Reused image tokens (4) in Manrope 12/16 at 0.64), ledgered. Nothing in P056 files: the popover is TokenImagePopover.tsx (P032 dir) and Last tx has no feed; the cards are under the wave-63 call (P023). RETARGET the implFile to src/components/trench-redesign/discover/TokenImagePopover.tsx.
13935-69044	partial	-	wave 71 lane P056, 2026-09-24..26: READ LIVE 2026-09-25 w71 P056 use_figma P056-CALL2 (skeleton) + P056-CALL3 (Frame 1122 13935:69046 1382x844: a 20 band, main 1382x802 holding Frame 520 1318x734 at (32,24), a 22 band at y=822; Vector 396 is an off-board annotation), ledgered. The shell box matches Frame 1122 and its fill is now by token (6762d5d00). LEFT: 734 against the three actual boards' 764 is a board disagreement (the build follows the three, as vverify.trade-2 13006-134301 says); the cards are under the wave-63 call (P023).
13006-261490	partial	-	wave 71 lane P056, 2026-09-24..26: READ LIVE 2026-09-25 w71 P056 use_figma P056-CALL2 (Header-tablet 768x52, toolbar Frame 445 708x82 at (30,96), the column at y=202, bottom band 768x22 at y=950, hover Frame 521 232x494 at (100,64) in Md/Paragraph 2 12/16), ledgered. LEFT: the popover geometry is in TokenImagePopover.tsx (P032 dir); the site's tablet header is 56 against the board's 52 (HomeTopBar.tsx, P036), so the Trench box is 916 against 920. Nothing in P056 files.
13006-326818	partial	-	wave 71 lane P056, 2026-09-24..26: READ LIVE 2026-09-25 w71 P056 use_figma P056-CALL3 (modal 13006:328250 448x544 at (160,240), p12 g24 r16, GC200 with a 1px #123F3C inset and DROP80; scrim #001615 at 0.44 with BACK5; segmented group 424x54, pills 140x28, three rows 424x66, CTA row Frame 203 424x50), ledgered. The row is stale: OneClickTradeModal.tsx was rebuilt against 13006:328251 on 09-21 (9333e69de). RETARGET the implFile to src/components/trench-redesign/OneClickTradeModal.tsx (P032 dir, not in this wave) for the owner's comparison; the reads above are its input. Nothing in P056 files.
13006-297805	partial	-	wave 71 lane P056, 2026-09-24..26: READ LIVE 2026-09-25 w71 P056 use_figma P056-CALL2 (Header-mobile 48, toolbar Frame 2 346x106 at (15,84), column Frame 445 375x538 at y=198 ending at 736, bottom nav 375x54 at 758, hover Frame 521 232x491 at (88,5) in Sm/Paragraph 2 12/14), ledgered. LEFT: the popover is in TokenImagePopover.tsx (P032 dir). G18: the 375 boards pin the screen to the viewport (a 538 column, the band at 736), against DiscoverScreen.tsx:500 (no 375 board pins the band) and TrenchShell's deliberate lack of a base height. It needs DiscoverScreen.tsx (P039) and TrenchShell together, plus a ruling on which 375 board governs.
13006-306051	partial	-	wave 71 lane P056, 2026-09-24..26: READ LIVE 2026-09-25 w71 P056 use_figma P056-CALL2 + P056-CALL3 (modal 13006:307184 354x534 at (11,139), p12 g24 r16; segmented 330x52 of 104.67x44 segments; pills 108.67x26 in Mulish 12/14; rows 330x66; CTA row 330x44; the Trench scroller 375x22 at y=736 above the 54 nav), ledgered. LEFT: the modal is OneClickTradeModal.tsx (P032 dir; RETARGET the implFile, 9333e69de rebuilt it against 13006:307185). G18: the 375 pin, as 13006-297805.
# wave 71 (2026-09-24..26), lane P058: live reads and design-store specs.
13006-284353	match	-	wave 71 lane P058, 2026-09-24..26: READ LIVE 2026-09-25 (w71 P058 use_figma call 4 fold positions; call 2 hash equal to 13006:285189 / 11461:192352 outside the toggles): toggles 60.89x36 at absY 1026/1086 of an 812 crop, Advanced options at 990, below the fold. Built to the full 375 frame: 40.59x24 via size="stepped" (pinned by src/pages/launchpadCreateBoxes.figma.test.tsx (rendered @skai/ui Switch with the page's props, px through the resolved Tailwind config; mutations M1/M2 red), app 063aebd2b). Same fold caveat as 11461:191825.
13006-284880	match	-	wave 71 lane P058, 2026-09-24..26: READ LIVE 2026-09-25 (w71 P058 use_figma call 4, call4.out.txt): modal 13006:285140 354x396 at (11,208), p12 g24 r16 #122524, #123F3C 1px inside, DS 0/10/80 25%, Frame 480 330 wide, two stacked 330x44 CTAs p14/16 r12. The panel drew the primitive's w-[calc(100%-2rem)] = 343 (319 inside); now w-[calc(100%-21px)] = 354 with 330 inside, and 448/424 at 768, 564/516 at 1440 (pinned by src/pages/launchpadCreateBoxes.figma.test.tsx rendering DialogContent with the page's class list; mutations M3/M4 red), app 063aebd2b. Inside the panel already built to 285141-285188. Ruled/standing: sUSD pill in place of the SOL chip, annotation lines kept (keep-and-restyle), so the panel runs taller than 396.
# wave 73 (2026-09-27..28), lane P032: live reads and design-store specs.
13006-247883	partial	-	wave 73 lane P032, 2026-09-27..28: w73 P032 read LIVE 2026-09-27 by use_figma (read-only) call 1, page Trade 2 13006:134300, column 13006:247903 dumped. card built to this board: both legs cast the 0 10 80 black 25% shadow, the flip disc strokes 1.5 OUTSIDE a full 40 (ring, was an inside border), the Sell card and pill stroke 2 INSIDE (ring-inset) when focused or over balance, the Sell pill plate is black 14% in both marked states. left: the retired page chrome (Swap|Limit|Bridge ticket header, the routed /swap page; Casey 2026-09-07 swap is wallet-only), the Trade 2 card family r24 flat and 506 column (wallet boards govern, wave 37), and the Fees "Zero" (fee fence: PLATFORM_FEE_BPS 100). Pinned by SwapModal.wave73Boards.test.tsx (skai-wallet e53d4dc)
13006-248078	partial	-	wave 73 lane P032, 2026-09-27..28: w73 P032 read LIVE 2026-09-27 by use_figma (read-only) call 1, page Trade 2 13006:134300, column 13006:248080 diffed vs 247883. card built to this board: both legs cast the 0 10 80 black 25% shadow, the flip disc strokes 1.5 OUTSIDE a full 40 (ring, was an inside border), the Sell card and pill stroke 2 INSIDE (ring-inset) when focused or over balance, the Sell pill plate is black 14% in both marked states; summary rows and CTA inks already matched. left: the retired page chrome (Swap|Limit|Bridge ticket header, the routed /swap page; Casey 2026-09-07 swap is wallet-only), the Trade 2 card family r24 flat and 506 column (wallet boards govern, wave 37), and the Fees "Zero" (fee fence: PLATFORM_FEE_BPS 100). Pinned by SwapModal.wave73Boards.test.tsx (skai-wallet e53d4dc)
13006-250040	partial	-	wave 73 lane P032, 2026-09-27..28: w73 P032 read LIVE 2026-09-27 by use_figma (read-only) call 1, page Trade 2 13006:134300, column 13006:250042 diffed. card built to this board: both legs cast the 0 10 80 black 25% shadow, the flip disc strokes 1.5 OUTSIDE a full 40 (ring, was an inside border), the Sell card and pill stroke 2 INSIDE (ring-inset) when focused or over balance, the Sell pill plate is black 14% in both marked states; the SOL symbol turns #17F9B4 at lg only while focused (wallet 3089:18101 green, 7804:77085 white). left: the retired page chrome (Swap|Limit|Bridge ticket header, the routed /swap page; Casey 2026-09-07 swap is wallet-only), the Trade 2 card family r24 flat and 506 column (wallet boards govern, wave 37), and the Fees "Zero" (fee fence: PLATFORM_FEE_BPS 100). Pinned by SwapModal.wave73Boards.test.tsx (skai-wallet e53d4dc)
13006-250217	partial	-	wave 73 lane P032, 2026-09-27..28: w73 P032 read LIVE 2026-09-27 by use_figma (read-only) call 1, page Trade 2 13006:134300, column 13006:250219 diffed; its picker overlay 13006:250394 unchanged. card built to this board: both legs cast the 0 10 80 black 25% shadow, the flip disc strokes 1.5 OUTSIDE a full 40 (ring, was an inside border), the Sell card and pill stroke 2 INSIDE (ring-inset) when focused or over balance, the Sell pill plate is black 14% in both marked states; the symbol green at lg while focused. left: the retired page chrome (Swap|Limit|Bridge ticket header, the routed /swap page; Casey 2026-09-07 swap is wallet-only), the Trade 2 card family r24 flat and 506 column (wallet boards govern, wave 37), and the Fees "Zero" (fee fence: PLATFORM_FEE_BPS 100). Pinned by SwapModal.wave73Boards.test.tsx (skai-wallet e53d4dc)
13006-256623	partial	-	wave 73 lane P032, 2026-09-27..28: w73 P032 read LIVE 2026-09-27 by use_figma (read-only) call 1, page Trade 2 13006:134300, column 13006:256661 diffed vs 258282. card built to this board: both legs cast the 0 10 80 black 25% shadow, the flip disc strokes 1.5 OUTSIDE a full 40 (ring, was an inside border), the Sell card and pill stroke 2 INSIDE (ring-inset) when focused or over balance, the Sell pill plate is black 14% in both marked states; the symbol stays white at md per 7804:77085 (split, wallet board governs). left: the retired page chrome (Swap|Limit|Bridge ticket header, the routed /swap page; Casey 2026-09-07 swap is wallet-only), the Trade 2 card family r24 flat and 506 column (wallet boards govern, wave 37), and the Fees "Zero" (fee fence: PLATFORM_FEE_BPS 100); CTA 16/22 vs 14/18 is the settled wallet split. Pinned by SwapModal.wave73Boards.test.tsx (skai-wallet e53d4dc)
13006-258282	partial	-	wave 73 lane P032, 2026-09-27..28: w73 P032 read LIVE 2026-09-27 by use_figma (read-only) call 1, page Trade 2 13006:134300, column 13006:258320 (580, legs 556, r12). card built to this board: both legs cast the 0 10 80 black 25% shadow, the flip disc strokes 1.5 OUTSIDE a full 40 (ring, was an inside border), the Sell card and pill stroke 2 INSIDE (ring-inset) when focused or over balance, the Sell pill plate is black 14% in both marked states. left: the retired page chrome (Swap|Limit|Bridge ticket header, the routed /swap page; Casey 2026-09-07 swap is wallet-only), the Trade 2 card family r24 flat and 506 column (wallet boards govern, wave 37), and the Fees "Zero" (fee fence: PLATFORM_FEE_BPS 100). Pinned by SwapModal.wave73Boards.test.tsx (skai-wallet e53d4dc)
13006-258402	partial	-	wave 73 lane P032, 2026-09-27..28: w73 P032 read LIVE 2026-09-27 by use_figma (read-only) call 1, page Trade 2 13006:134300, column 13006:258440 diffed. card built to this board: both legs cast the 0 10 80 black 25% shadow, the flip disc strokes 1.5 OUTSIDE a full 40 (ring, was an inside border), the Sell card and pill stroke 2 INSIDE (ring-inset) when focused or over balance, the Sell pill plate is black 14% in both marked states; summary at 768 12/16 over 14/16 already matched. left: the retired page chrome (Swap|Limit|Bridge ticket header, the routed /swap page; Casey 2026-09-07 swap is wallet-only), the Trade 2 card family r24 flat and 506 column (wallet boards govern, wave 37), and the Fees "Zero" (fee fence: PLATFORM_FEE_BPS 100). Pinned by SwapModal.wave73Boards.test.tsx (skai-wallet e53d4dc)
13006-253670	partial	-	wave 73 lane P032, 2026-09-27..28: w73 P032 read LIVE 2026-09-27 by use_figma (read-only) call 1, page Trade 2 13006:134300, column 13006:253673 (346, legs 322). card built to this board: both legs cast the 0 10 80 black 25% shadow, the flip disc strokes 1.5 OUTSIDE a full 40 (ring, was an inside border), the Sell card and pill stroke 2 INSIDE (ring-inset) when focused or over balance, the Sell pill plate is black 14% in both marked states. left: the retired page chrome (Swap|Limit|Bridge ticket header, the routed /swap page; Casey 2026-09-07 swap is wallet-only), the Trade 2 card family r24 flat and 506 column (wallet boards govern, wave 37), and the Fees "Zero" (fee fence: PLATFORM_FEE_BPS 100); CTA 14/16 vs 16/22 is the settled wallet split. Pinned by SwapModal.wave73Boards.test.tsx (skai-wallet e53d4dc)
13006-253745	partial	-	wave 73 lane P032, 2026-09-27..28: w73 P032 read LIVE 2026-09-27 by use_figma (read-only) call 1, page Trade 2 13006:134300, settings panel 13006:253820 dumped whole. Panel built to it: no scrim (the board has no overlay node; nor 7805:80831 or 13008:29693, call 4), auto and tolerance 20 apart (Frame 17 13006:253825), the selected chip 24 and the rest 22, the Custom field 20 under the chips, 335x48 on 16 over Manrope 14/16 with a 12/14 label, r12 (13006:253853). Left: the page shell (retired chrome ruling); frame state for the designer (On highlighted while the chips show, the check on 0.5% while Custom shows); the 32 min gap to the CTA shows only on overflow. Pinned by SwapModal.wave73Boards.test.tsx (skai-wallet e53d4dc)
13006-253855	partial	-	wave 73 lane P032, 2026-09-27..28: w73 P032 read LIVE 2026-09-27 by use_figma (read-only) call 1, page Trade 2 13006:134300, column 13006:253858 diffed. card built to this board: both legs cast the 0 10 80 black 25% shadow, the flip disc strokes 1.5 OUTSIDE a full 40 (ring, was an inside border), the Sell card and pill stroke 2 INSIDE (ring-inset) when focused or over balance, the Sell pill plate is black 14% in both marked states. left: the retired page chrome (Swap|Limit|Bridge ticket header, the routed /swap page; Casey 2026-09-07 swap is wallet-only), the Trade 2 card family r24 flat and 506 column (wallet boards govern, wave 37), and the Fees "Zero" (fee fence: PLATFORM_FEE_BPS 100). Pinned by SwapModal.wave73Boards.test.tsx (skai-wallet e53d4dc)
13006-254042	partial	-	wave 73 lane P032, 2026-09-27..28: w73 P032 read LIVE 2026-09-27 by use_figma (read-only) call 1, page Trade 2 13006:134300, column 13006:254045 diffed; r24 on this read (the wave 41 r12 note does not hold). card built to this board: both legs cast the 0 10 80 black 25% shadow, the flip disc strokes 1.5 OUTSIDE a full 40 (ring, was an inside border), the Sell card and pill stroke 2 INSIDE (ring-inset) when focused or over balance, the Sell pill plate is black 14% in both marked states; the symbol white below lg per the wallet boards. left: the retired page chrome (Swap|Limit|Bridge ticket header, the routed /swap page; Casey 2026-09-07 swap is wallet-only), the Trade 2 card family r24 flat and 506 column (wallet boards govern, wave 37), and the Fees "Zero" (fee fence: PLATFORM_FEE_BPS 100). Pinned by SwapModal.wave73Boards.test.tsx (skai-wallet e53d4dc)
# wave 73 (2026-09-27..28), lane P038: live reads and design-store specs.
13006-268680	partial	-	wave 73 lane P038, 2026-09-27..28: READ 2026-09-27 (w73-P038 use_figma calls 1 and 4, card 13006:268810 deep). BUILT (8bcdee587): the grid on the frame's tracks, md:grid-cols-[200px_100px_1fr_auto] with no gap (Amount at x=200, Remaining centred where SPACE_BETWEEN puts it, x=419.5; Sold across cols 2-3); token mark 24 r4 with the 1px skai-green inside stroke; Bought/Sold figures 14/16 (Md/Numbers 4); PnL green is App/Green 300 #17F9B4 (was #2DEDAD); hex to tokens. Pinned in positionsCardType.figma.test.tsx, 14 mutations caught. FIX (31e227c4d): the board's 10px chain badge at (18,19) is NOT drawn on a position: every row is a SKAI Chain perp (tokenPositions.ts) and the page token's chain badged a chain the position is not on; the loading, empty and offline states now sit on the card slab below lg; 6 mutations caught. LEFT: the chain badge (the trench has no SKAI Chain mark; frame vs data, for Casey); the action is "Manage" on SkaiButton secondary small (46 tall, sky-blue outline) where the board draws CTA/button Secondary 64x26 p4/12 r8 Green Coal 300 BB20 "Sell" plus a Tridot overflow (B3: no sell path, no overflow content); images/circle before Remaining and PnL unread (B5); Bought/Sold have no lifetime-fill source (B4); the export footer is not on the board (B2).
13006-299059	partial	-	wave 73 lane P038, 2026-09-27..28: READ 2026-09-27 (w73-P038 use_figma calls 3 and 4, card 13006:299188). BUILT (8bcdee587): the list is the full-bleed Green Coal 200 body Frame 1384 (-mx-4 px-4, cards back at x=16; they sat at 32 on the page); token mark r4 + inside stroke (no chain badge: see 13006-268680, 31e227c4d); the slab now also carries the loading, empty and offline states (31e227c4d); the expand control is the icon set's 16 chevron (was a hand-drawn 10x6 path). Pinned in positionsCardType.figma.test.tsx. LEFT: as 13006-268680 (the chain badge; Sell CTA 64x24 with its Arrow-up and overflow glyphs, B3; circle images, B5; Bought/Sold, B4; footer, B2).
13006-303393	partial	-	wave 73 lane P038, 2026-09-27..28: READ 2026-09-27 (w73-P038 use_figma call 3 diff vs 299059 + call 4, Frame 1381 16,12 343x30). Collapsed = rows 2 and 3 hidden, which the open state already matched. Same body, mark and chevron build as 13006-299059 (8bcdee587). LEFT: as 13006-299059; the collapsed glyph's component name was not reached (built as the turned chevron).
13006-268978	partial	-	wave 73 lane P038, 2026-09-27..28: READ 2026-09-27 (w73-P038 use_figma call 1, record 13006:269108). BUILT (c48da701a): captions Manrope 12/16, values Mulish 12/14 (were skai-para-3 Manrope 12/16), the Type tag on 2/8 in Mulish 12/14, the Total USD figure 14/16, the trader chip Mulish 12/14; hex and radii to tokens. Pinned in transactionsCardType.figma.test.tsx (6 cases, 8 mutations caught). LEFT: the footnote and the export footer are not on the board (B2); the two 12px actor glyphs before the trader have no labels in the feed (B6).
13006-271355	partial	-	wave 73 lane P038, 2026-09-27..28: READ 2026-09-27 (w73-P038 use_figma call 1: diffed against 13006:268978, 161 nodes, zero changes). Same build and same residuals as 13006-268978 (c48da701a).
13006-299321	partial	-	wave 73 lane P038, 2026-09-27..28: READ 2026-09-27 (w73-P038 use_figma call 3, body Frame 1395, record 13006:299450). BUILT (c48da701a): the list is the full-bleed Green Coal 200 slab (-mx-4 px-4, records at 16); captions Manrope 12/14 (were 12/16); values Mulish 12/14; the tag Mulish 10/14 on 2/8; the figure 12/14; the chip Mulish 12/14. Pinned in transactionsCardType.figma.test.tsx. LEFT: footnote and export footer not on the board (B2); actor glyphs (B6).
13006-303093	partial	-	wave 73 lane P038, 2026-09-27..28: READ 2026-09-27 (w73-P038 use_figma call 3 diff vs 13006:299321, 159 nodes). This second 375 board sets its text boxes on the 16 leading (the Md ramp) where 299321 and every other 375 board read today use the Sm 12/14 ramp; built to 299321 (c48da701a). LEFT: the two 375 boards disagree (a question for design); B2; B6.
13006-233358	partial	-	wave 73 lane P038, 2026-09-27..28: READ 2026-09-27 (w73-P038 use_figma call 4: section 13006:234795; band Frame 300 1047x48 p4/16 r16 top with a bottom rule; body Frame 267 1047x622 p16 r16 bottom #122524 with a drop shadow, holding one child, the 1015 table). Only tokens changed at 1440 (c48da701a). LEFT: the section card (band + p16 body) spans PanelTabs.tsx (P027, not this packet) and the table's lg rung (B1), so the table still runs 1047 edge to edge where the board insets it 16; footnote and footer not on the board (B2).
13006-269297	partial	-	wave 73 lane P038, 2026-09-27..28: READ 2026-09-27 (w73-P038 use_figma call 1, shallow: card = band + sub-row + body of Frame 285 table and Frame 1101 bar, nothing else); the body was built by w71 P028. This lane: header rule, greys and chip radius to tokens (27fa6fa76). LEFT: the Reading caption, stale note, unsourced note and export footer inside the body are not on the board (B2); the body drop shadow (no token); the Funding exchange label (backend).
13006-299940	partial	-	wave 73 lane P038, 2026-09-27..28: READ 2026-09-27 (w73-P038 use_figma call 3, shallow; body kids Frame 285 343x382 + Frame 1101 343x8). Tokens only this lane (27fa6fa76). LEFT: as 13006-269297 (B2, shadow, Funding label).
13006-270061	partial	-	wave 73 lane P038, 2026-09-27..28: READ 2026-09-27 (w73-P038 use_figma call 1: the body begins at the nine-column table, with NO "Top 10 hold" headline). Tokens only this lane (27fa6fa76). LEFT: the headline drawn above the table is on no current board, but an older frame (9917-95043) led with it and a prior lane kept it on purpose, so it is for Casey and was not removed; footer and notes (B2); shadow.
13006-301601	partial	-	wave 73 lane P038, 2026-09-27..28: READ 2026-09-27 (w73-P038 use_figma call 3: five-column header, no headline). Tokens only (27fa6fa76). LEFT: the headline (for Casey); B2; the Funding header over Remaining cells (frame defect, P028); shadow.
13006-270826	partial	-	wave 73 lane P038, 2026-09-27..28: READ 2026-09-27 (w73-P038 use_figma calls 1 and 4: 13006:270956 header and row, 13006:271066 stats). BUILT (75c9f9c3c): the table box on p12/12/24/12 with the holder tables' pill bar; the token mark in each row; the Token statistics box on its own 4px Green Coal 300 seam (was a 1px rule), its heading Manrope 12/16 white with the 12 chevron box and 16 to the donut; the donut's 25% Mulish 14/16 and Migrated 12/14 (the 1440 22/26 and 14/18 had been landing at 768); the counts label 12/14 and count 14/16; both card titles Manrope 12/16; Highlights with no stroke. Pinned in devTokensBody.figma.test.tsx and devTokenStatistics.test.tsx, 16 mutations caught. FIX (b3788c1bb): the token name link opts out of the 44 touch floor, which had grown every row past its 28 band and sat its content 10 low; the table no longer scrolls on y (Chromium: 183/173 before, 173/173 after); 6 mutations caught. LEFT: the Deployer line inside the track, the export footer and the unsourced note are not on the board (B2, and the footer sits between the two boxes); the Highlights lines were not read; drop shadows (no token).
13006-302846	partial	-	wave 73 lane P038, 2026-09-27..28: READ 2026-09-27 (w73-P038 use_figma calls 3 and 4: Frame 1373 375x226 p12/16/24/16, row 13006:302978, stats 13006:303060). BUILT (75c9f9c3c): the full-bleed table box (-mx-4 px-4) with the pill bar; the mark per row; Bal. right-aligned, header and figure; the row content back in its 28 band and no vertical scroll (b3788c1bb: the name link was lifted to 44 by the touch floor; Chromium 181/171 before, 171/171 after); the full-bleed statistics box on 12/16; heading Manrope 12/14 white; donut 14/16 and 12/14; count 12/16; titles 12/14. Pinned in devTokensBody.figma.test.tsx. LEFT: as 13006-270826 (B2: Deployer line, footer, note; shadows).
13006-302072	partial	-	wave 73 lane P038, 2026-09-27..28: READ 2026-09-27 (w73-P038 use_figma call 3 diff + call 4: Frame 1401 V g4; Frame 1373 as the full board; Frame 301 375x38, heading only). The collapsed state already drew the heading alone; the box, the seam and the heading type now match (75c9f9c3c). LEFT: as 13006-302846 (B2, shadows).
13006-271134	partial	-	wave 73 lane P038, 2026-09-27..28: READ 2026-09-27 (w73-P038 use_figma call 1: Frame 267 708x625 p24/12/12/12, fill #021615, drop shadow + inner shadow). BUILT (3c6873e09): the body carries its own dark ground at 768 (Green Coal 300, 2/255 off #021615; it lay on the tab card's Green Coal 200); the legend's hex and radii to tokens. Pinned in BubblemapsPanel.test.tsx, 6 mutations caught. LEFT: the two filters stay disabled (one snapshot, no wallet edges: data); the inner and drop shadows have no token.
13006-302656	partial	-	wave 73 lane P038, 2026-09-27..28: READ 2026-09-27 (w73-P038 use_figma call 3: Frame 267 375x496 FULL-BLEED p24/12/12/12, legend at x=12, field 351x360). BUILT (3c6873e09): the body runs full-bleed (-mx-4), so the legend opens at 12 (was 28) and the field is 351 wide (was 319). Pinned in BubblemapsPanel.test.tsx. LEFT: filters disabled (data); shadows (no token).
# wave 73 (2026-09-27..28), lane P042: live reads and design-store specs.
13006-295541	partial	-	wave 73 lane P042, 2026-09-27..28: w73 P042 call 2/4 use_figma (column :295542, card body :295575): title/badges step down, disclosure pill Frame 512 filled Green Coal 200 in its Green Coal 100 ring (:317463 / :318956 same master), text-ash; pinned by src/components/trench-redesign/discover/discoverNarrowCard.figma.test.tsx (27 cases; 60 mutations killed, 40 at build and 20 at fix), app commits 4e56ff660 + 01bb7c383 on w73/P042. Left: the disclosure pill's Green Coal 200 fill and the Display chip's 74% label reach the pulse board from the Discover boards' reads (:317463 / :318956, :340324 / :317467); the pulse's own nodes (chip 13006:135696, pills :296575 / :297707) were not re-read (Figma budget spent, not in the design store), so both are unverified there; tab band Frame 299 :295544 top rule vs the built 9419 bottom rule (family call, Casey), card dashes (backend, usePulseCardIntel/TokenCard), bottom-nav active fill (MobileBottomNav), the card body's DROP80 effect (fx read as type+radius only, no token carries an 80-radius shadow) is not built.
13006-296673	partial	-	wave 73 lane P042, 2026-09-27..28: w73 P042: not re-read (same shell as :295541). Title/badges/pill fill reach it; pinned by src/components/trench-redesign/discover/discoverNarrowCard.figma.test.tsx (27 cases; 60 mutations killed, 40 at build and 20 at fix), app commits 4e56ff660 + 01bb7c383 on w73/P042. Left: as 13006-295541, including the disclosure pill's Green Coal 200 fill and the Display chip's 74% label reach the pulse board from the Discover boards' reads (:317463 / :318956, :340324 / :317467); the pulse's own nodes (chip 13006:135696, pills :296575 / :297707) were not re-read (Figma budget spent, not in the design store), so both are unverified there.
13006-168043	partial	-	wave 73 lane P042, 2026-09-27..28: w73 P042 call 3/4 use_figma (Frame 521 :168164, header :168165, tab row :168199, table :168217) + call 4/4 (round buttons :168186 warnings/Error, :168187 action/Sell): header cell now help, 80x26 Filters chip (p4/12/4/8 r8, 16 glyph, label 74%), Blacklist (with the deny-list count), One-click, SOL/P1-P2 pill (the only copy at lg; below lg it rides the tab row); tab row bare 24 above the card; toolbar keeps Hotkeys/Snipe/Display only (each door once); pinned by src/components/trench-redesign/discover/discoverNarrowCard.figma.test.tsx (27 cases; 60 mutations killed, 40 at build and 20 at fix), app commits 4e56ff660 + 01bb7c383 on w73/P042. Left: drawn scrollbars Frame 1100/1101 (src/index.css, token file), the card body's DROP80 effect (fx read as type+radius only, no token carries an 80-radius shadow) is not built, line-2 pencil/chat (Casey).
13006-340306	partial	-	wave 73 lane P042, 2026-09-27..28: w73 P042 call 1/4 use_figma (header :340309, card :340461, band :340462) + call 4/4 (Frame 405 :340320): tab row is the card's header band, tab line 46 tall, p12, r12 on top, Green Coal 200, seam = the table band's border-t; header = pulse cluster (help, Display settings chip label 74%, Blacklist, Alerts, Snipe, Hotkeys, One-click), toolbar keeps Filters and ends on the SOL/P1-P2 pill, which the 768 header has no room for (94 free on :340320 against 138); title 24, badges 32; pinned by src/components/trench-redesign/discover/discoverNarrowCard.figma.test.tsx (27 cases; 60 mutations killed, 40 at build and 20 at fix), app commits 4e56ff660 + 01bb7c383 on w73/P042. Left: the band's TAB LINE is the frame's (pad, radius, fill and rule match), but below lg the band also wraps the controls line Casey's d926ef19 ruling keeps in this row, 8 under the tab line: the toolbar ending on the SOL/P1-P2 pill on Top/Trending, the pill alone on Hot searches/LIVE. No narrow board draws that line, so the band as built is taller than the frame (at 768 at least 46 + 8 + 32 = 86 on Top/Trending and 46 + 8 + 24 = 78 on Hot/LIVE; at 375 36 + 8 + the line, more where the toolbar wraps in 343): a ruling cost for Casey to confirm; the table's 809 track in 708 with scrollbar Frame 1100 :342936 684x8 (src/index.css, token file), the card body's DROP80 effect (fx read as type+radius only, no token carries an 80-radius shadow) is not built.
13006-341272	partial	-	wave 73 lane P042, 2026-09-27..28: w73 P042 call 1/4 use_figma (band :341428): same band and cluster as 13006-340306, Trending read as a 70x22 selected box (the existing trigger, not re-measured here); pinned by src/components/trench-redesign/discover/discoverNarrowCard.figma.test.tsx (27 cases; 60 mutations killed, 40 at build and 20 at fix), app commits 4e56ff660 + 01bb7c383 on w73/P042. Left: the band's TAB LINE is the frame's (pad, radius, fill and rule match), but below lg the band also wraps the controls line Casey's d926ef19 ruling keeps in this row, 8 under the tab line: the toolbar ending on the SOL/P1-P2 pill on Top/Trending, the pill alone on Hot searches/LIVE. No narrow board draws that line, so the band as built is taller than the frame (at 768 at least 46 + 8 + 32 = 86 on Top/Trending and 46 + 8 + 24 = 78 on Hot/LIVE; at 375 36 + 8 + the line, more where the toolbar wraps in 343): a ruling cost for Casey to confirm; scrollbar Frame 1100 :341266 (src/index.css), the card body's DROP80 effect (fx read as type+radius only, no token carries an 80-radius shadow) is not built.
13006-342238	partial	-	wave 73 lane P042, 2026-09-27..28: w73 P042 call 1/4 use_figma (band :342394, card :342393) + call 4/4 (Frame 405 :342252): band + pulse cluster; no Filters door on this tab at any width (the panel does not reach this list); card = band then table flush, the source caption (kept: it names whose ranking it is) moves after the table below lg and before it at lg; unsourced state is the card body below lg; pinned by src/components/trench-redesign/discover/discoverNarrowCard.figma.test.tsx (27 cases; 60 mutations killed, 40 at build and 20 at fix), app commits 4e56ff660 + 01bb7c383 on w73/P042. Left: the band's TAB LINE is the frame's (pad, radius, fill and rule match), but below lg the band also wraps the controls line Casey's d926ef19 ruling keeps in this row, 8 under the tab line: the toolbar ending on the SOL/P1-P2 pill on Top/Trending, the pill alone on Hot searches/LIVE. No narrow board draws that line, so the band as built is taller than the frame (at 768 at least 46 + 8 + 32 = 86 on Top/Trending and 46 + 8 + 24 = 78 on Hot/LIVE; at 375 36 + 8 + the line, more where the toolbar wraps in 343): a ruling cost for Casey to confirm; drawn scrollbar (src/index.css), the card body's DROP80 effect (fx read as type+radius only, no token carries an 80-radius shadow) is not built.
13006-342940	partial	-	wave 73 lane P042, 2026-09-27..28: w73 P042 call 1/4 use_figma (LIVE card :343095, band :343096, sub-nav :343114, body :343127) + call 4/4 (Frame 405 :342954): band tab line 46; header = pulse cluster, Display chip opens Live settings; sub-nav px 12, labels 12/16, search 176; body Frame 1372 filled Green Coal 200 on a top rule, p12, cards on 8, r0/0/12/12, no extra inset; pinned by src/components/trench-redesign/discover/discoverNarrowCard.figma.test.tsx (27 cases; 60 mutations killed, 40 at build and 20 at fix), app commits 4e56ff660 + 01bb7c383 on w73/P042. Left: the band's TAB LINE is the frame's (pad, radius, fill and rule match), but below lg the band also wraps the controls line Casey's d926ef19 ruling keeps in this row, 8 under the tab line: the toolbar ending on the SOL/P1-P2 pill on Top/Trending, the pill alone on Hot searches/LIVE. No narrow board draws that line, so the band as built is taller than the frame (at 768 at least 46 + 8 + 32 = 86 on Top/Trending and 46 + 8 + 24 = 78 on Hot/LIVE; at 375 36 + 8 + the line, more where the toolbar wraps in 343): a ruling cost for Casey to confirm; stream cards need a registered live-stream directory (backend; honest unavailable state meanwhile), the card body's DROP80 effect (fx read as type+radius only, no token carries an 80-radius shadow) is not built.
13006-343527	partial	-	wave 73 lane P042, 2026-09-27..28: w73 P042 call 1/4 use_figma (modal :344115 448x310 r16 p12 g24, active :344128, toggle :344157): card radius 16 from md, preview on one filled Green Coal 200 line at r12 pl12/pr16/py16 from md, 60.89x36 toggle from md; pinned by src/components/trench-redesign/discover/discoverNarrowCard.figma.test.tsx (27 cases; 60 mutations killed, 40 at build and 20 at fix), app commits 4e56ff660 + 01bb7c383 on w73/P042. Left: the populated preview needs the live-stream directory (backend); the LIVE card behind it as 13006-342940.
13006-316862	partial	-	wave 73 lane P042, 2026-09-27..28: w73 P042 call 2/4 use_figma (column :316863, band :316866, tabs :316867, rail :316875, LIVE tag :316874) + call 4/4 (Frame 2 :317451): card full-bleed (-mx-4), band tab line Frame 1385 36 tall with its own top rule, tabs 9 down; timeframe collapsed to Frame 1403 (current window Mulish 12/14 white + 16 ash caret on 4) opening an @skai/ui DropdownMenu of the same windows (no board draws the open state: judgment, flagged); Frame 1313 disclosure + pulse cluster (Display 95x32 label 74%, five round doors), arriving open as the board draws Frame 405 (no Discover board draws it shut); title 20/24 row 32, badges 24; LIVE tag Size=Small 10/14 gap 2; pinned by src/components/trench-redesign/discover/discoverNarrowCard.figma.test.tsx (27 cases; 60 mutations killed, 40 at build and 20 at fix), app commits 4e56ff660 + 01bb7c383 on w73/P042. Left: the band's TAB LINE is the frame's (pad, radius, fill and rule match), but below lg the band also wraps the controls line Casey's d926ef19 ruling keeps in this row, 8 under the tab line: the toolbar ending on the SOL/P1-P2 pill on Top/Trending, the pill alone on Hot searches/LIVE. No narrow board draws that line, so the band as built is taller than the frame (at 768 at least 46 + 8 + 32 = 86 on Top/Trending and 46 + 8 + 24 = 78 on Hot/LIVE; at 375 36 + 8 + the line, more where the toolbar wraps in 343): a ruling cost for Casey to confirm; the card body's DROP80 effect (fx read as type+radius only, no token carries an 80-radius shadow) is not built (Frame 270 :316889); the table rows are TokenTable's wave 71 P023 reading, not re-verified here.
13006-317563	partial	-	wave 73 lane P042, 2026-09-27..28: w73 P042 call 2/4 use_figma (band :317567): same as 13006-316862 (band, collapsed rail, cluster, title/badges), Trending read as a 62x18 selected box (the existing trigger, not re-measured here); pinned by src/components/trench-redesign/discover/discoverNarrowCard.figma.test.tsx (27 cases; 60 mutations killed, 40 at build and 20 at fix), app commits 4e56ff660 + 01bb7c383 on w73/P042. Left: the band's TAB LINE is the frame's (pad, radius, fill and rule match), but below lg the band also wraps the controls line Casey's d926ef19 ruling keeps in this row, 8 under the tab line: the toolbar ending on the SOL/P1-P2 pill on Top/Trending, the pill alone on Hot searches/LIVE. No narrow board draws that line, so the band as built is taller than the frame (at 768 at least 46 + 8 + 32 = 86 on Top/Trending and 46 + 8 + 24 = 78 on Hot/LIVE; at 375 36 + 8 + the line, more where the toolbar wraps in 343): a ruling cost for Casey to confirm; the card body's DROP80 effect (fx read as type+radius only, no token carries an 80-radius shadow) is not built.
13006-318775	partial	-	wave 73 lane P042, 2026-09-27..28: w73 P042 call 2/4 use_figma (column :318776, sub-nav :318790, list :318803) + call 4/4 (Frame 2 :318944): LIVE card full-bleed under the band (tab line 36); header cluster arrives open, so its Display chip (the one Live settings door) shows at rest; sub-nav p4/16/0/16, labels 12/14, search 132, no settings glyph (the header's Display chip opens Live settings); list Frame 270 filled Green Coal 200 on a top rule, p12/16, cards 12 apart, flush under the sub-nav; pinned by src/components/trench-redesign/discover/discoverNarrowCard.figma.test.tsx (27 cases; 60 mutations killed, 40 at build and 20 at fix), app commits 4e56ff660 + 01bb7c383 on w73/P042. Left: the band's TAB LINE is the frame's (pad, radius, fill and rule match), but below lg the band also wraps the controls line Casey's d926ef19 ruling keeps in this row, 8 under the tab line: the toolbar ending on the SOL/P1-P2 pill on Top/Trending, the pill alone on Hot searches/LIVE. No narrow board draws that line, so the band as built is taller than the frame (at 768 at least 46 + 8 + 32 = 86 on Top/Trending and 46 + 8 + 24 = 78 on Hot/LIVE; at 375 36 + 8 + the line, more where the toolbar wraps in 343): a ruling cost for Casey to confirm; stream cards need the live-stream directory (backend), the card body's DROP80 effect (fx read as type+radius only, no token carries an 80-radius shadow) is not built.
13006-319056	partial	-	wave 73 lane P042, 2026-09-27..28: w73 P042 call 2/4 use_figma (column :319058, list :319084) + call 4/4 (Frame 2 :319225): column = the LIVE card of 13006-318775 with the header cluster, open at rest as drawn; modal (wave 48 phone build) unchanged; pinned by src/components/trench-redesign/discover/discoverNarrowCard.figma.test.tsx (27 cases; 60 mutations killed, 40 at build and 20 at fix), app commits 4e56ff660 + 01bb7c383 on w73/P042. Left: the band's TAB LINE is the frame's (pad, radius, fill and rule match), but below lg the band also wraps the controls line Casey's d926ef19 ruling keeps in this row, 8 under the tab line: the toolbar ending on the SOL/P1-P2 pill on Top/Trending, the pill alone on Hot searches/LIVE. No narrow board draws that line, so the band as built is taller than the frame (at 768 at least 46 + 8 + 32 = 86 on Top/Trending and 46 + 8 + 24 = 78 on Hot/LIVE; at 375 36 + 8 + the line, more where the toolbar wraps in 343): a ruling cost for Casey to confirm; populated preview and stream cards need the live-stream directory (backend), the card body's DROP80 effect (fx read as type+radius only, no token carries an 80-radius shadow) is not built.
13006-320736	partial	-	wave 73 lane P042, 2026-09-27..28: w73 P042 call 2/4 use_figma (column :320737, Frame 1407 :321207, right menu :321210): title 20/24 and 24 badges reach it (pinned by src/components/trench-redesign/discover/discoverNarrowCard.figma.test.tsx (27 cases; 60 mutations killed, 40 at build and 20 at fix), app commits 4e56ff660 + 01bb7c383 on w73/P042). Left: Frame 1407 375x16 scrollbar strip under the tracker table (ActivityView.tsx, not in packet; look in src/index.css), sheet :321210 is TrackerSettingsMenu.tsx (not in packet).
# wave 73 (2026-09-27..28), lane P050: live reads and design-store specs.
13006-287597	partial	-	wave 73 lane P050, 2026-09-27..28: READ LIVE 2026-09-27 w73 P050 use_figma (ledgered record-kind parity, page 13006:134300) calls 1+3: card TradingView 13006:287706 375x344 at x=0 r0 stroke top only; sheet Instant trade 13006:288457 375 at x=0, no radius; CTA 13006:288493 126x24 (bolt 14 + 2); quick cell 13006:288507 79.75x36 Manrope 14/16 1px INSIDE; Timeframe 13006:288474 clock/gear/chip. BUILT app 7baf12611 + 29fba81fd, pinned in TradeChart.test.tsx / marketTicket.test.tsx (40 of 40 mutations killed across the lane): card bleeds -mx-4 to the board's 375 at x=0, square, no rule under it (the top hairline is PanelTabs' band rule), 344 rung; sheet bleeds to 375 at x=0 square on every band, opens on Instant trade, CTA leads with the 14px bolt, disabled history clock before the gear, quick cells Manrope 14/16 on a 1px stroke at 36. LEFT: stat values 12/14 (ticketParts.tsx StatCell ships 12/16; shared file, not in packet); the board puts the sheet directly under the chart where TradeTerminal puts 16 + TradeFlowStrip + 16 (P042's file); wallet figures (chip, balance, holdings) are dashes because the ticket takes no wallet context.
13006-288566	partial	-	wave 73 lane P050, 2026-09-27..28: READ LIVE 2026-09-27 w73 P050 use_figma (ledgered record-kind parity, page 13006:134300) calls 1+2: settings panel Right menu 13006:289535 359x796 pad 12 r12, gaps 32/24/12, CTA 335x44 all match InstantTradeSettingsModal.tsx as shipped; chart card 13006:288675 375x344 and the Instant sheet behind it as on 287597. BUILT app 7baf12611 + 29fba81fd, pinned in TradeChart.test.tsx / marketTicket.test.tsx (40 of 40 mutations killed across the lane): the chart and sheet as 287597. The modal's three raw hexes are now skai-gray-100 / green-coal-300 / sky-blue (app 07c11af18, same colours, pinned in instantTradeSettingsRamps.figma.test.tsx through skaiColors). LEFT: as 287597.
13006-290303	partial	-	wave 73 lane P050, 2026-09-27..28: READ LIVE 2026-09-27 w73 P050 use_figma (ledgered record-kind parity, page 13006:134300) call 1: card 13006:290412 375x344, Instant sheet as 287597; the AI reading is the header's sentiment card (Frame 11 343x94), TradeHeader's, not this packet. BUILT app 7baf12611 + 29fba81fd, pinned in TradeChart.test.tsx / marketTicket.test.tsx (40 of 40 mutations killed across the lane): chart and sheet as 287597. LEFT: as 287597.
13006-291294	partial	-	wave 73 lane P050, 2026-09-27..28: READ LIVE 2026-09-27 w73 P050 use_figma (ledgered record-kind parity, page 13006:134300) call 1: card 13006:291403 375x344, Instant sheet as 287597; AI card is the header's. BUILT app 7baf12611 + 29fba81fd, pinned in TradeChart.test.tsx / marketTicket.test.tsx (40 of 40 mutations killed across the lane): chart and sheet as 287597. LEFT: as 287597.
13006-292285	partial	-	wave 73 lane P050, 2026-09-27..28: READ LIVE 2026-09-27 w73 P050 use_figma (ledgered record-kind parity, page 13006:134300) calls 1+3: card 13006:292521 375x316 r0 top stroke only; sheet Market 13006:292286 375 at x=0, bands 13006:292287 square. BUILT app 7baf12611 + 29fba81fd, pinned in TradeChart.test.tsx / marketTicket.test.tsx (40 of 40 mutations killed across the lane): card bleeds -mx-4 to the board's 375 at x=0, square, no rule under it (the top hairline is PanelTabs' band rule); the chart takes the 316 rung while the ticket is on Market (compactOrderType store, ticket publishes, chart subscribes); Market CTA without the bolt. LEFT: stat values 12/14 (ticketParts.tsx StatCell ships 12/16; shared file, not in packet); the board puts the sheet directly under the chart where TradeTerminal puts 16 + TradeFlowStrip + 16 (P042's file).
13006-293274	deferred	-	wave 73 lane P050, 2026-09-27..28: READ LIVE 2026-09-27 w73 P050 use_figma (ledgered record-kind parity, page 13006:134300) call 1: card 13006:293538 375x252, sheet Limit 13006:293275. Nothing accepts a limit price for a Trench token, so the menu lists Limit aria-disabled and the 252 rung is unreachable and not built. The card edges built for 287597 would apply unchanged.
13006-267296	partial	-	wave 73 lane P050, 2026-09-27..28: READ LIVE 2026-09-27 w73 P050 use_figma (ledgered record-kind parity, page 13006:134300) calls 1+2: card 13006:267399 708x490 r0/0/12/12 top stroke only; ticket Frame 1363 13006:268472: body Frame 301 13006:268514 pad 12/16, buy row 13006:268518 + balance Frame 1119 13006:268534 + Market direction 13006:268537 120x38 (halves 52x30, 14/18), cells 13006:268542 163x40 Manrope 14/18 1px INSIDE, Adv 12/16 13006:268570. BUILT app 7baf12611 + 29fba81fd, pinned in TradeChart.test.tsx / marketTicket.test.tsx (40 of 40 mutations killed across the lane): card r0/0/12/12 with no rule under it (top hairline = PanelTabs' band rule), 490 rung; body pad 12/16, cells 40 tall Manrope 14/18 on a 1px stroke, direction toggle 38 on a 14/18 label, balance read-out as a dash 16 before the toggle, disabled history clock, words on para-2-tablet. LEFT: stat values 14/16 (ticketParts.tsx StatCell ships 12/16; shared file, not in packet); wallet figures (chip, balance, holdings) are dashes because the ticket takes no wallet context.
13006-275283	partial	-	wave 73 lane P050, 2026-09-27..28: READ LIVE 2026-09-27 w73 P050 use_figma (ledgered record-kind parity, page 13006:134300) calls 1-3: card 13006:275386 708x490; sell layer Frame 1164 13006:276558: Sell + % + direction marks (Frame 1166 13006:276562), holdings Frame 1165 13006:276568, red cells 13006:276580, Sell Init. 13006:276607 Manrope 12/16 #FF574A. BUILT app 7baf12611 + 29fba81fd, pinned in TradeChart.test.tsx / marketTicket.test.tsx (40 of 40 mutations killed across the lane): the 768 card and body as 267296, plus the sell row: Sell + marks with no currency toggle, holdings as dashes, Sell Init. on para-2-tablet in skai-red in place of Adv. LEFT: every sell still resolves to rail none (cells disabled with the stated reason; backend); stat values 14/16 (ticketParts.tsx StatCell ships 12/16; shared file, not in packet).
13006-263046	partial	-	wave 73 lane P050, 2026-09-27..28: READ LIVE 2026-09-27 w73 P050 use_figma (ledgered record-kind parity, page 13006:134300) calls 1+2: settings panel Right menu 13006:264430 442x1008 pad 20 r16, CTA 402x50, all match InstantTradeSettingsModal.tsx as shipped; chart card 13006:263149 708x490 and the Instant ticket as 267296. BUILT app 7baf12611 + 29fba81fd, pinned in TradeChart.test.tsx / marketTicket.test.tsx (40 of 40 mutations killed across the lane): chart and ticket as 267296. Modal hexes swapped to tokens in 07c11af18. LEFT: as 267296.
13006-265891	partial	-	wave 73 lane P050, 2026-09-27..28: READ LIVE 2026-09-27 w73 P050 use_figma (ledgered record-kind parity, page 13006:134300) call 1: card 13006:265994 708x490, Instant ticket as 267296; AI card Frame 1231 584x52 is the header's. FRAME NOTE for the header owner: this AI Bullish board prints "Bearish" (13006:267253), the same word as the AI Bearish board. BUILT app 7baf12611 + 29fba81fd, pinned in TradeChart.test.tsx / marketTicket.test.tsx (40 of 40 mutations killed across the lane): chart and ticket as 267296. LEFT: as 267296.
13006-264486	partial	-	wave 73 lane P050, 2026-09-27..28: READ LIVE 2026-09-27 w73 P050 use_figma (ledgered record-kind parity, page 13006:134300) call 1: card 13006:264589 708x490, Instant ticket as 267296; AI card is the header's. BUILT app 7baf12611 + 29fba81fd, pinned in TradeChart.test.tsx / marketTicket.test.tsx (40 of 40 mutations killed across the lane): chart and ticket as 267296. LEFT: as 267296.
13006-272489	partial	-	wave 73 lane P050, 2026-09-27..28: READ LIVE 2026-09-27 w73 P050 use_figma (ledgered record-kind parity, page 13006:134300) calls 1-3: card 13006:272592 708x466; Market ticket 13006:273665 243 tall, Market direction 13006:273712 676x38 (halves 330x30, 14/18) with nothing on its left. BUILT app 7baf12611 + 29fba81fd, pinned in TradeChart.test.tsx / marketTicket.test.tsx (40 of 40 mutations killed across the lane): card r0/0/12/12 with no rule under it (top hairline = PanelTabs' band rule); the chart takes the 466 rung on the Market tab; the toggle runs the full row with no left slot; body pad and toggle rung as 267296. The wave2 blocked-on-backend row is stale: the Market ticket is built and its buys route (solana/curve rails). LEFT: stat values 14/16 (ticketParts.tsx StatCell ships 12/16; shared file, not in packet).
13006-273876	deferred	-	wave 73 lane P050, 2026-09-27..28: READ LIVE 2026-09-27 w73 P050 use_figma (ledgered record-kind parity, page 13006:134300) calls 1+2: card 13006:273979 708x412; Limit ticket 13006:275044 299 tall (body 222). No venue takes a limit price for a Trench token: the Limit tab is refused, its ticket and the 412 rung are not built.
# wave 73 (2026-09-27..28), lane P053: live reads and design-store specs.
13006-185060	partial	-	wave 73 lane P053, 2026-09-27..28: Read live 2026-09-27 (w73 P053 use_figma call 1 full walk of 13006:185060; call 3 footer 13006:185134; call 4 range-pair instance 13006:185102). Closed in app 293b6ebcd: every Min./Max. label at the frame's 0.64 (185102's TEXT opacity), both Audit toggles as a Core/Black well in a Green Coal 100 stroke. Colours and corners named by token in app 5a0c8b207. Left: the frame draws ONE full-width Save where the panel keeps Reset beside it (FiltersPanel.tsx:1045 onReset, Casey's call); the Import pill's glyph (frame icons/action Type=Download, code FigmaUploadIcon :650) waits on one read of the Export/Share glyph types (w73 call 4 returned no icon list). Ten Audit pairs have no field on the discovery payload and stay drawn-disabled with the reason (backend). Drop AdjustTrenchSettings.tsx from implFiles: it draws none of this frame.
13006-185256	partial	-	wave 73 lane P053, 2026-09-27..28: Read live 2026-09-27 (w73 P053 use_figma call 1, diffed against 13006:185060). Closed in app 293b6ebcd: the eight Metrics range labels at 0.64. Colours and corners named by token in app 5a0c8b207. Left: the frame draws ONE full-width Save where the panel keeps Reset beside it (FiltersPanel.tsx:1045 onReset, Casey's call); the Import pill's glyph (frame icons/action Type=Download, code FigmaUploadIcon :650) waits on one read of the Export/Share glyph types (w73 call 4 returned no icon list). Global fees and Bonding curve have no source field and stay drawn-disabled (backend).
15402-181831	partial	-	wave 73 lane P053, 2026-09-27..28: Read live 2026-09-27 (w73 P053 use_figma call 1, diffed against 13006:185060). Closed in app 293b6ebcd: the four Socials boxes as the black well in a Green Coal 100 stroke; the Alpha group mentions label keeps its underline and takes the 0.64 from the shared ladder. Colours and corners named by token in app 5a0c8b207. Left: the frame draws ONE full-width Save where the panel keeps Reset beside it (FiltersPanel.tsx:1045 onReset, Casey's call); the Import pill's glyph (frame icons/action Type=Download, code FigmaUploadIcon :650) waits on one read of the Export/Share glyph types (w73 call 4 returned no icon list). Original socials / Original avatar / Pump live and the Alpha group mentions pair have no source field and stay drawn-disabled (backend).
13006-185323	partial	-	wave 73 lane P053, 2026-09-27..28: Read live 2026-09-27 (w73 P053 use_figma call 2 full walk; call 3 footer 13006:185397). Closed in app 293b6ebcd: the 768 panel corner is 12 (was the shell's 16; md:rounded-xl on the panel), the toggles' black well, the range labels at 0.64 (witnessed on 185102 at 1440, same instance and overrides here, not walked separately). Colours and corners named by token in app 5a0c8b207. Left: the frame draws ONE full-width Save where the panel keeps Reset beside it (FiltersPanel.tsx:1045 onReset, Casey's call); the Import pill's glyph (frame icons/action Type=Download, code FigmaUploadIcon :650) waits on one read of the Export/Share glyph types (w73 call 4 returned no icon list). Ten sourceless Audit pairs stay drawn-disabled (backend).
13006-185519	partial	-	wave 73 lane P053, 2026-09-27..28: Read live 2026-09-27 (w73 P053 use_figma call 2, diffed against 13006:185323). Closed in app 293b6ebcd: 768 corner 12, range labels at 0.64 (inferred from 185102, same instance). Colours and corners named by token in app 5a0c8b207. Left: the frame draws ONE full-width Save where the panel keeps Reset beside it (FiltersPanel.tsx:1045 onReset, Casey's call); the Import pill's glyph (frame icons/action Type=Download, code FigmaUploadIcon :650) waits on one read of the Export/Share glyph types (w73 call 4 returned no icon list). Global fees and Bonding curve sourceless (backend).
13006-185403	partial	-	wave 73 lane P053, 2026-09-27..28: Read live 2026-09-27 (w73 P053 use_figma call 2 diff + call 3 body 13006:185434). Closed in app 293b6ebcd: 768 corner 12; Protocols / Quote tokens headings ramp 12/14, 12/16, 14/18 (Md/Paragraph 2 at 768); Unselect all 24 tall on a 14/16 label below lg, 26 on 14/18 from lg, r8 Green Coal 300 with an Ash label; the selected chip pads 12 on the right under the file's Input hint (dark) shadow (shadow-inputHint, 0 4 12 @0.24) where it drew a 6px blur. Colours and corners named by token in app 5a0c8b207. Left: the frame draws ONE full-width Save where the panel keeps Reset beside it (FiltersPanel.tsx:1045 onReset, Casey's call); the Import pill's glyph (frame icons/action Type=Download, code FigmaUploadIcon :650) waits on one read of the Export/Share glyph types (w73 call 4 returned no icon list). The frame's twelve launchpad chips (and three round glyph chips beside Skai) vs the feed's dexIds needs Casey's ruling on whether the 2026-09-14 launchpad ruling reaches this group, and the filter clause lives in useTrenchDiscovery.ts (outside the packet). The quote-token chip row was not read (cut).
13006-338795	partial	-	wave 73 lane P053, 2026-09-27..28: Read live 2026-09-27 (w73 P053 use_figma call 2 board mode: children + panel 13006:340226 diffed against 13006:185323). Closed in app 293b6ebcd: the board's panel reads corner 12 at padding 20, now drawn 12 (rightMenuChrome.tsx:98 cites this board for its 16, which its panel does not draw; the shared shell is left for its other panels); black checkbox well; 0.64 range labels. Colours and corners named by token in app 5a0c8b207. Left: the frame draws ONE full-width Save where the panel keeps Reset beside it (FiltersPanel.tsx:1045 onReset, Casey's call); the Import pill's glyph (frame icons/action Type=Download, code FigmaUploadIcon :650) waits on one read of the Export/Share glyph types (w73 call 4 returned no icon list).
13006-185586	partial	-	wave 73 lane P053, 2026-09-27..28: Read live 2026-09-27 (w73 P053 use_figma call 3 full walk). Closed in app 293b6ebcd: the toggles' black well in a Green Coal 100 stroke; the range labels at 0.64 (witnessed at 1440 on 185102, the 375 pair instance was not walked). 375 corner and padding 12/12 already matched. Colours and corners named by token in app 5a0c8b207. Left: the frame draws ONE full-width Save where the panel keeps Reset beside it (FiltersPanel.tsx:1045 onReset, Casey's call); the Import pill's glyph (frame icons/action Type=Download, code FigmaUploadIcon :650) waits on one read of the Export/Share glyph types (w73 call 4 returned no icon list). Ten sourceless Audit pairs (backend).
13006-185781	partial	-	wave 73 lane P053, 2026-09-27..28: Read live 2026-09-27 (w73 P053 use_figma call 3, rail + first pair; eight pairs by arithmetic 672 = 8x86-16). Closed in app 293b6ebcd: range labels at 0.64 (inferred from 185102). Colours and corners named by token in app 5a0c8b207. Left: the frame draws ONE full-width Save where the panel keeps Reset beside it (FiltersPanel.tsx:1045 onReset, Casey's call); the Import pill's glyph (frame icons/action Type=Download, code FigmaUploadIcon :650) waits on one read of the Export/Share glyph types (w73 call 4 returned no icon list). Global fees and Bonding curve sourceless (backend).
13006-155570	partial	-	wave 73 lane P053, 2026-09-27..28: Read live 2026-09-27 (w73 P053 use_figma call 1, diffed against 13006:185060): p24 r24, body Market cap and 24h volume, each a Minimum/Maximum pair over a two-thumb range slider with a live readout, and one Save settings CTA. This is the LAUNCH page's Adjust-filters drawer, not the Trench FiltersPanel: src/pages/Launchpad.tsx:576-578 cites this node and :1820 builds the drawer (the pairs, not the slider). Re-point implFiles to Launchpad.tsx and the route to /launchpad. Left: the slider, whose domain is the frame's literals ($1.00K - $50.0M+) and no feed publishes (ruling); no wave-73 packet owns Launchpad.tsx. Not built here.
13006-284111	partial	-	wave 73 lane P053, 2026-09-27..28: Read live 2026-09-27 (w73 P053 use_figma call 2, root + first group): p12 r16 at 768, the Launch ramp (the Trench panels read p20 r12 at 768). Launchpad.tsx:577 cites this node; the drawer is built there without the two-thumb slider. Re-point implFiles to Launchpad.tsx, route /launchpad. Left: the slider (domain ruling, no wave-73 owner).
13006-284164	partial	-	wave 73 lane P053, 2026-09-27..28: Read live 2026-09-27 (w73 P053 use_figma call 3, root + first group): p12 r16 at 375, the Launch ramp (the Trench panels read p12 r12 at 375). Launchpad.tsx:576 cites this node; the drawer is built there without the two-thumb slider. Re-point implFiles to Launchpad.tsx, route /launchpad. Left: the slider (domain ruling, no wave-73 owner).
# wave 74 (2026-09-28..29), lane P026: live reads and design-store specs.
13006-322042	match	-	wave 74 lane P026, 2026-09-28..29: wave 74 lane P026, 2026-09-28 (was partial): READ LIVE use_figma call 2 (read2.js: the 777 crop at scroll width) + call 4 (read4.js: row 13006:322060). Built fa21afa6d: 745 phone track (min-w) in the 16 pad; header 278/100/89/219 on a 9 gap with labels at 32, rows packed 286/100/100/196 at 32 (max-lg:justify-start); 48 pitch (pt-[7px] pb-2 + rule); 62 time box; 22 emoji box and 8 gaps; name 12/14; address and last active 12/14; Last active right-set, header too; copy and trash white; row glyphs 16 on the 26 pitch. Pinned in trenchTrackerTables.figma.test.tsx (T1-T5, T9); mutations T1 T2w T3pad T3row T3head T3vert T4w T4head T9time T9gap T9emoji T9name T9last T9lasthead T9copy T9trash all killed. Well shadow = shadow-modal, whose value X3 is moving this wave (site named). FIX 2026-10-01: the 375 row was already 48; 5ab59f21a re-pins the pitch from the laid-out cells (value cell 32, pitch 48 at every width) and closes the 52 / 56 the same row drew at 768 / 1440.
13006-183297	partial	-	wave 74 lane P026, 2026-09-28..29: wave 74 lane P026, 2026-09-28 (was partial): READ LIVE call 2 (the 538 crop) + call 4 (header 13006:183299, row 13006:183309). Built fa21afa6d: 506 track in the 16 pad; header and rows at 24; tracks 156/120/70/50; 40 pitch; 24 time box; 16 disc ringed GC200; handle Manrope 12/14; no address, no copy; coin 20 r2 with the 0.5 Alien Green ring; chain badge 10 at (13.5,14); symbol Manrope Bold 12/14; Amount and Mkt. Cap. Mulish 12/14, Amount left-packed, both labels left-set. Mutations T3pad T3row T4t T5 T2t T8* T7spacer killed. LEFT: T18: every cut draws the Amount cell as ONE line (mark + native figure); the code keeps a USD sub-line under it, citing Casey 2026-09-19, which ruled the Instant Trade TICKET's units (row d837c829), not this cell. Needs Casey; T19: the token age after the symbol (dot + '4m') is not drawn: the whale feed carries no launch time (backend; no figure made up). FIX 2026-10-01 (review M2): the 40 pitch was NOT true at HEAD fa21afa6d for a row with a native leg: its first Amount line holds the 16 chain mark, so the stack was 32 and the row drew 42 at 375 and 768; a text-only row sat on 14 and drew 40. 5ab59f21a sets both first lines to the 16 box Frame 592 draws (13006:183322 / :345027 / :182729) and pays 3 + 4 at every width; measured 40 / 40 / 40 for both kinds (fixmeasure/ in the lane folder: the rendered rows' classes compiled with the worktree tailwind.config and measured in headless Chromium). Pinned from the laid-out cells, a native and a text-only fixture (mutations F2 F3 F4 killed).
13006-322144	match	-	wave 74 lane P026, 2026-09-28..29: wave 74 lane P026, 2026-09-28 (was partial): READ LIVE call 2 (the 489 crop). Built fa21afa6d: 457 phone track in the 16 pad; header at 16, rows at 32 (T3head/T3row); tracks 286/170; 36 pitch (pt-[9px] pb-2.5 + rule); six 16 glyphs on the 26 pitch; address Manrope 12/14. Mutations T3head T3row T4k T2k T1 T10 killed. Well shadow = shadow-modal, whose value X3 is moving this wave (site named).
13006-184491	partial	-	wave 74 lane P026, 2026-09-28..29: wave 74 lane P026, 2026-09-28 (was partial): READ LIVE call 1 (read1.js: panel 13006:184521 in Frame 444). Built fa21afa6d: Trench wallets search 119 at 1440 (lg:w-[119px], wallets only; Live trades keeps 181), manager well bottom corners 24 (lg:rounded-b-3xl), Import/Export 32x28 squares (lg:w-8 lg:h-7), placeholder Ash@0.74, well pad 8. Mutations T15search T15sq T11 T12 T14ph killed. Well shadow = shadow-modal, whose value X3 is moving this wave (site named). FIX 2026-10-01 (review L1): demoted to partial. read1 was cut before the board's X accounts half (read1-result.txt: 'cut: Frame 446 / X accounts half not reached'), so only the wallets half was compared live; the X rail at 1440 matches on 13006:184365 / :184420, but this board's own X half was not read. LEFT: compare Frame 446 of 13006:184491 (no Figma calls left this wave).
13006-183651	match	-	wave 74 lane P026, 2026-09-28..29: wave 74 lane P026, 2026-09-28 (was partial): READ LIVE call 3 (read3.js: panels 13006:183681 / :183700, the KOL well, the X rail on Popular 13006:184042). Built fa21afa6d + 225dda686: well pad 8; KOL header at 8, rows at 24; 286/170 with six glyphs on the 26 pitch ending 16 short; 38 pitch; Manrope address; well bottom 24; X Popular rows on a 40 pitch (md:pt-[11px]); no outer X aside stroke. Pane 674 matches. Well shadow = shadow-modal, whose value X3 is moving this wave (site named).
13006-345991	partial	-	wave 74 lane P026, 2026-09-28..29: wave 74 lane P026, 2026-09-28 (was partial): READ LIVE call 2 (KOL well 13006:346171, 708x470). Built fa21afa6d: well pad 12; header at 12, rows at 28; 36 pitch; glyphs on the 26 pitch; address Manrope 12/16; panel corners 12; 40 tablet bar. LEFT: T20: the board draws this pane 544 (a 470 well) against the one 694 box (13006:344161) the code keeps for every 768 sub-tab (the shell docblock's recorded dissent, not a ruling). Needs Casey: one box or per-board heights.
13006-320262	match	-	wave 74 lane P026, 2026-09-28..29: wave 74 lane P026, 2026-09-28 (was partial): Board NOT re-read this wave: it pastes the desktop KOL table, which is 13006:322144, READ LIVE call 2; its 36/36/40/470 shell was read live on three boards in wave 49. Built as 322144 (457 track, 16/32 insets, 36 pitch, 26 glyph pitch, Manrope 12/14 address), fa21afa6d.
13006-182640	partial	-	wave 74 lane P026, 2026-09-28..29: wave 74 lane P026, 2026-09-28 (was partial): READ LIVE call 3 (toolbar 13006:182673, well 13006:182704) + call 4 (header 13006:182706). Built fa21afa6d: well pad 8; header and rows at 16; 156/120/70/50; 40 pitch (pt-[3px] pb-1 round the 32 stack); Name at 32 over the 24 time box (T7); 16 disc; handle 12/16; coin 20, badge 10; Amount and Mkt. Cap. Mulish 12/16; both labels left-set; well 16 over 24. LEFT: T18: every cut draws the Amount cell as ONE line (mark + native figure); the code keeps a USD sub-line under it, citing Casey 2026-09-19, which ruled the Instant Trade TICKET's units (row d837c829), not this cell. Needs Casey; T19: the token age after the symbol (dot + '4m') is not drawn: the whale feed carries no launch time (backend; no figure made up). FIX 2026-10-01: 1440 was already 40; 5ab59f21a moves the row to pb-1 pt-[3px] at every width (one stack of 32 for a native or a text-only Amount) and pins the 40 from the laid-out cells.
13006-344822	partial	-	wave 74 lane P026, 2026-09-28..29: wave 74 lane P026, 2026-09-28 (was partial): READ LIVE call 2 (panel 13006:344976 708x722, well 13006:345002) + call 4 (header 13006:345004, row 13006:345014). Built fa21afa6d: well pad 12; header and rows at 20; 156/120/70/50; 40 pitch; handle 12/16; values Mulish 12/14; 40 bar round 32 controls; corners 12. LEFT: T18: every cut draws the Amount cell as ONE line (mark + native figure); the code keeps a USD sub-line under it, citing Casey 2026-09-19, which ruled the Instant Trade TICKET's units (row d837c829), not this cell. Needs Casey; T19: the token age after the symbol (dot + '4m') is not drawn: the whale feed carries no launch time (backend; no figure made up); T20: the board draws this pane 722 (648 over 714) against the one 694 box (13006:344161) the code keeps for every 768 sub-tab (the shell docblock's recorded dissent, not a ruling). Needs Casey: one box or per-board heights. FIX 2026-10-01 (review M2): the 40 pitch was NOT true at HEAD fa21afa6d for a row with a native leg: its first Amount line holds the 16 chain mark, so the stack was 32 and the row drew 42 at 768; a text-only row sat on 14 and drew 40. 5ab59f21a sets both first lines to the 16 box Frame 592 draws (13006:183322 / :345027 / :182729) and pays 3 + 4 at every width; measured 40 / 40 / 40 for both kinds (fixmeasure/ in the lane folder: the rendered rows' classes compiled with the worktree tailwind.config and measured in headless Chromium). Pinned from the laid-out cells, a native and a text-only fixture (mutations F2 F3 F4 killed).
13006-319762	partial	-	wave 74 lane P026, 2026-09-28..29: wave 74 lane P026, 2026-09-28 (was partial): Board NOT re-read this wave (wave 49 read it live 2026-09-17: the table is the pasted desktop crop); that crop is 13006:183297, READ LIVE call 2 + call 4 this wave. Built as 183297 (506 track, 24 insets, 156/120/70/50, 40 pitch, trade cells), fa21afa6d. LEFT: T18: every cut draws the Amount cell as ONE line (mark + native figure); the code keeps a USD sub-line under it, citing Casey 2026-09-19, which ruled the Instant Trade TICKET's units (row d837c829), not this cell. Needs Casey; T19: the token age after the symbol (dot + '4m') is not drawn: the whale feed carries no launch time (backend; no figure made up). FIX 2026-10-01 (review M2): the 40 pitch was NOT true at HEAD fa21afa6d for a row with a native leg: its first Amount line holds the 16 chain mark, so the stack was 32 and the row drew 42 at 375; a text-only row sat on 14 and drew 40. 5ab59f21a sets both first lines to the 16 box Frame 592 draws (13006:183322 / :345027 / :182729) and pays 3 + 4 at every width; measured 40 / 40 / 40 for both kinds (fixmeasure/ in the lane folder: the rendered rows' classes compiled with the worktree tailwind.config and measured in headless Chromium). Pinned from the laid-out cells, a native and a text-only fixture (mutations F2 F3 F4 killed).
13006-344161	partial	-	wave 74 lane P026, 2026-09-28..29: wave 74 lane P026, 2026-09-28 (was partial): READ LIVE call 1 (panel 13006:344315) + call 2 (middle 13006:344343). Built fa21afa6d: 768 bar 40 (md:max-lg:py-1, the 34 floor dropped below lg); Import/Export 1px ring; Add wallet 32; placeholder 12/14 Ash@0.74; panel corners 12; empty CTA 32 on 14/16. LEFT: T17, the empty hint 12/16 in 330 (code 10/14 in 257) and the CTA 24 below it (code 20): WhalesEmptyState in whalesShared.tsx, which is on wave-72 P116's Files line (live worktree), so not edited here.
13006-344538	partial	-	wave 74 lane P026, 2026-09-28..29: wave 74 lane P026, 2026-09-28 (was partial): READ LIVE call 3 (well 13006:344718, 708x192 at (30,276), r0/0/2/12). Built fa21afa6d: well pad 12 with the 690 table 9 in (md:max-lg:px-[9px]); header labels at 21 on 274/100/92/178 with a 9 gap; rows at 17, packed 286/100/100/158; 48 pitch; name 12/16; value 14/16 over 10/14; corners 12 (BR 2 beside BL 12 is a frame defect, T21). LEFT: T20: the well hugs its rows (192) against the 620 well of the one 694 box the code keeps for every 768 sub-tab. Needs Casey. FIX 2026-10-01 (review M1): the 48 pitch and the 14/16 value were NOT true at HEAD fa21afa6d: ROW_VALUE's md:text-sm carries a 20 line that beat the bare leading-4, so the value read 14/20 and the row drew 52 (1440: 56). 5ab59f21a keeps the 16 line in the md and lg steps on Trench; measured 48 / 48 / 48 at 375 / 768 / 1440 (fixmeasure/ in the lane folder: the rendered rows' classes compiled with the worktree tailwind.config and measured in headless Chromium). The pitch pin now lays the rendered cells out against the theme instead of passing a fixed 32 (mutations F1 F1b F7 F8 killed).
13006-319525	match	-	wave 74 lane P026, 2026-09-28..29: wave 74 lane P026, 2026-09-28 (was partial): Board NOT re-read this wave (wave 48 read it live; wave 49 corroborated the shell on three boards). The table it pastes is 13006:322042, READ LIVE call 2 + call 4 (row 13006:322060) this wave. Built as 322042 (745 track, 32 insets, packed header and rows, 48 pitch, row cells), fa21afa6d. FIX 2026-10-01: pitch re-pinned from the laid-out cells (5ab59f21a); 48 at 375 unchanged.
13006-184758	match	-	wave 74 lane P026, 2026-09-28..29: wave 74 lane P026, 2026-09-28 (was partial): READ LIVE call 1 (sheet 13006:185025). Built e3919c2d8 on the Trench 1440 rung: sheet 8 off the bottom (lg:bottom-2, 884 in 900, drawn over the Trench ticker band), Complete 24 off the sheet (lg:pb-6), 'Wallet information' 18/24 (lg:text-lg lg:leading-6). Everything else matched (442 r24 p24, 80% GC200 + blur, fields at 0/112/224, 62 fields, CTA 394x62). Pinned in addWalletSheetTrench.figma.test.tsx; mutations A1 A2a A2b A2c killed.
13006-182215	match	-	wave 74 lane P026, 2026-09-28..29: wave 74 lane P026, 2026-09-28 (was partial): READ LIVE call 1 (modal 13006:182610, shine 13006:182611 at (-150,-370)). Built 4f61c9bcd: the Trench branch hangs the shine at lg:top-[-370px] (it inherited the Home 2 -310); x keeps -151. The frame's only open item. Pinned in ImportWalletsModal.figma.test.tsx; mutation I1a killed.
13006-184365	match	-	wave 74 lane P026, 2026-09-28..29: wave 74 lane P026, 2026-09-28 (was partial): READ LIVE call 1 (13006:184365). Band, title box, 181 search, 124x30 Add handle, nav, list, 44 pitch, ranks and discs matched. Built 225dda686 + fa21afa6d: placeholder Ash@0.74 (X18), no outer aside stroke (X19), Popular pitch 40 (X20), header plus in its 16 slot (X21), X body shadow-modal (T12, pinned 424b9559c; X3 site). Mutations X6 X9 X18 X21 X12s killed.
13006-184420	match	-	wave 74 lane P026, 2026-09-28..29: wave 74 lane P026, 2026-09-28 (was partial): READ LIVE call 1 (13006:184420) + call 3 (entry-row group 13006:184445). Built 225dda686: the Add tag moved INTO the gap-3 disc group, landing at 72 (X11, every board), with X18-X21 as on 184365. Mutations X11 X21 killed.
13006-344352	partial	-	wave 74 lane P026, 2026-09-28..29: wave 74 lane P026, 2026-09-28 (was partial): NOT re-read this wave: built from the live read w71 P042 made 2026-09-25 (Frame 445 = 13006:344506), every gap confirmed against HEAD source first. Built 225dda686: one right-packed 40 toolbar (X1), search 132 with pr-2 and a 12/14 Ash@0.74 placeholder (X2, X18), Import/Export shown as squares at 768 (X3) on a 1px ring (X17), 8 / 4 spacing (X4), Add handle 32 (X5), no outer border (X6), empty CTA 32 on 14/16 (X14). LEFT: X15, the empty CTA reads 'Add handle' here, 'Add X handle' on the 375 board 13006:321483, and 'Add X handle' in code (Casey); X16, the empty hint 12/16 in 330 with the CTA 24 below, is WhalesEmptyState in whalesShared.tsx, wave-72 P116's file.
13006-346515	partial	-	wave 74 lane P026, 2026-09-28..29: wave 74 lane P026, 2026-09-28 (was partial): NOT re-read this wave: built from w71 P042's live read of 2026-09-25 (Frame 445 = 13006:346669). Built 225dda686: X1-X6 and X17 toolbar as on 344352, tab row at 12 with 12 above / 8 below (X7), list inset 12 (X8), Popular pitch 40 (X9). LEFT: T20: the board draws this pane 728 against the one 694 box (13006:344161) the code keeps for every 768 sub-tab (the shell docblock's recorded dissent, not a ruling). Needs Casey: one box or per-board heights.
13006-347046	partial	-	wave 74 lane P026, 2026-09-28..29: wave 74 lane P026, 2026-09-28 (was partial): NOT re-read this wave: built from w71 P042's live read of 2026-09-25 (Frame 445 = 13006:347200). Built 225dda686: X1-X8 as on 346515, My list and entry rows every 44 (X10), Add tag in the disc group at 72 (X11). LEFT: T20: the board draws this pane 260 against the one 694 box (13006:344161) the code keeps for every 768 sub-tab (the shell docblock's recorded dissent, not a ruling). Needs Casey: one box or per-board heights.
13006-321865	partial	-	wave 74 lane P026, 2026-09-28..29: wave 74 lane P026, 2026-09-28 (was partial): NOT re-read this wave: built from w71 P042's live read of 2026-09-25 (Frame 445 = 13006:321867). Built 225dda686: My list and entry rows every 44 at every width (X10), Add tag third in the disc group (X11), handle 12/14 (X12), entry tag Small Mulish 10/14 gap 2 (X13). The board omits the toolbar; the code keeps it. Mutations X10 X10w X11 X12 X13 killed. FIX 2026-10-01 (review L2): demoted to partial. 'X-accounts Popular keeps its toolbar' is a WAVE49 lane recommendation that rides until Casey says otherwise (casey-rulings-2026-09-10.md:1198-1200), not a ruling, and it names Popular only; P042 extended it to My list. LEFT: the toolbar over My list at 375, which this board does not draw. Needs Casey: keep it on My list (current) or drop it to match the board.
# wave 74 (2026-09-28..29), lane P030: live reads and design-store specs.
13006-246173	partial	-	wave 74 lane P030, 2026-09-28..29: w74 P030 use_figma read 2 (read2.js) on the bubble panels 4437:112714 (T1 1440), 9069:262616 (T1 768), 9069:263157 (T1 375), 13006:246264 (T2 1440), 13006:286206 (T2 768), 13006:284296 (T2 375): the map sits flush under the token row on all six, 278 / 477 / 429 tall on Trade 1 (T2 1440 agrees), and the 130x24 logo slot is flush in the map's bottom-right corner. Built f5a13ee4b: map box h-[278px] md:h-[477px] lg:h-[429px] with no mt-4, BubbleMap filling it in its drawn, loading and empty states (!h-full !min-h-0 [&>svg]:h-full), the provenance line at bottom-0 right-0 in a 24 slot; panel sums 591 (768) and 539 (1440). Token hygiene ed1629e54 (no pixel moves): title super-4 ramp, captions, provider chips para-2, direction tones skai-green / skai-red, native bars green-coal, Sky Blue by class. Left: H1, H3 (Trade 2 ALT deltas: 1px card edge, token-row 11/14, Manrope filter labels, name tint), H4, H5, K1.
13006-245903	partial	-	wave 74 lane P030, 2026-09-28..29: w74 P030 use_figma read 2 (read2.js) on the bubble panels 4437:112714 (T1 1440), 9069:262616 (T1 768), 9069:263157 (T1 375), 13006:246264 (T2 1440), 13006:286206 (T2 768), 13006:284296 (T2 375): the map sits flush under the token row on all six, 278 / 477 / 429 tall on Trade 1 (T2 1440 agrees), and the 130x24 logo slot is flush in the map's bottom-right corner. Built f5a13ee4b: map box h-[278px] md:h-[477px] lg:h-[429px] with no mt-4, BubbleMap filling it in its drawn, loading and empty states (!h-full !min-h-0 [&>svg]:h-full), the provenance line at bottom-0 right-0 in a 24 slot; panel sums 591 (768) and 539 (1440). This negative cut was not re-read this lane (its panel 13006:245995 agrees with 13006:246264 per the wave 71 reads). Token hygiene ed1629e54 (no pixel moves): title super-4 ramp, captions, provider chips para-2, direction tones skai-green / skai-red, native bars green-coal, Sky Blue by class. Left: H1, H3, H4, H5, K1 (the negative states are data-driven).
13006-286114	partial	-	wave 74 lane P030, 2026-09-28..29: w74 P030 use_figma read 2 (read2.js) on the bubble panels 4437:112714 (T1 1440), 9069:262616 (T1 768), 9069:263157 (T1 375), 13006:246264 (T2 1440), 13006:286206 (T2 768), 13006:284296 (T2 375): the map sits flush under the token row on all six, 278 / 477 / 429 tall on Trade 1 (T2 1440 agrees), and the 130x24 logo slot is flush in the map's bottom-right corner. Built f5a13ee4b: map box h-[278px] md:h-[477px] lg:h-[429px] with no mt-4, BubbleMap filling it in its drawn, loading and empty states (!h-full !min-h-0 [&>svg]:h-full), the provenance line at bottom-0 right-0 in a 24 slot; panel sums 591 (768) and 539 (1440). Token hygiene ed1629e54 (no pixel moves): title super-4 ramp, captions, provider chips para-2, direction tones skai-green / skai-red, native bars green-coal, Sky Blue by class. Left: H3 (this Trade 2 board draws a 682x511 map in a 706x625 panel, tab gap 12, tab row 42; the code follows Trade 1's 477 / 591), H4, H5, K1.
13006-285929	partial	-	wave 74 lane P030, 2026-09-28..29: w74 P030 use_figma read 2 (read2.js) on the bubble panels 4437:112714 (T1 1440), 9069:262616 (T1 768), 9069:263157 (T1 375), 13006:246264 (T2 1440), 13006:286206 (T2 768), 13006:284296 (T2 375): the map sits flush under the token row on all six, 278 / 477 / 429 tall on Trade 1 (T2 1440 agrees), and the 130x24 logo slot is flush in the map's bottom-right corner. Built f5a13ee4b: map box h-[278px] md:h-[477px] lg:h-[429px] with no mt-4, BubbleMap filling it in its drawn, loading and empty states (!h-full !min-h-0 [&>svg]:h-full), the provenance line at bottom-0 right-0 in a 24 slot; panel sums 591 (768) and 539 (1440). This negative cut was not re-read this lane (its panel 13006:286021 agrees with 13006:286206 per wave 71). Token hygiene ed1629e54 (no pixel moves): title super-4 ramp, captions, provider chips para-2, direction tones skai-green / skai-red, native bars green-coal, Sky Blue by class. Left: H3 (511 map, 625 panel, tab gap 12, tab row 42), H4, H5, K1.
13006-284221	partial	-	wave 74 lane P030, 2026-09-28..29: w74 P030 use_figma read 2 (read2.js) on the bubble panels 4437:112714 (T1 1440), 9069:262616 (T1 768), 9069:263157 (T1 375), 13006:246264 (T2 1440), 13006:286206 (T2 768), 13006:284296 (T2 375): the map sits flush under the token row on all six, 278 / 477 / 429 tall on Trade 1 (T2 1440 agrees), and the 130x24 logo slot is flush in the map's bottom-right corner. Built f5a13ee4b: map box h-[278px] md:h-[477px] lg:h-[429px] with no mt-4, BubbleMap filling it in its drawn, loading and empty states (!h-full !min-h-0 [&>svg]:h-full), the provenance line at bottom-0 right-0 in a 24 slot; panel sums 591 (768) and 539 (1440). This Trade 2 phone panel pads 24/12/12/12 around a 330x360 map in a 354x496 panel; the code follows Trade 1's 12 all round and 278 (6101bc6d6), the H3 default. Token hygiene ed1629e54 (no pixel moves): title super-4 ramp, captions, provider chips para-2, direction tones skai-green / skai-red, native bars green-coal, Sky Blue by class. Left: H3, H4, H5, K1, O1, R4.
13006-285797	partial	-	wave 74 lane P030, 2026-09-28..29: w74 P030 use_figma read 2 (read2.js) on the bubble panels 4437:112714 (T1 1440), 9069:262616 (T1 768), 9069:263157 (T1 375), 13006:246264 (T2 1440), 13006:286206 (T2 768), 13006:284296 (T2 375): the map sits flush under the token row on all six, 278 / 477 / 429 tall on Trade 1 (T2 1440 agrees), and the 130x24 logo slot is flush in the map's bottom-right corner. Built f5a13ee4b: map box h-[278px] md:h-[477px] lg:h-[429px] with no mt-4, BubbleMap filling it in its drawn, loading and empty states (!h-full !min-h-0 [&>svg]:h-full), the provenance line at bottom-0 right-0 in a 24 slot; panel sums 591 (768) and 539 (1440). This negative cut was not re-read this lane (its panel 13006:285872 agrees with 13006:284296 per wave 71). Token hygiene ed1629e54 (no pixel moves): title super-4 ramp, captions, provider chips para-2, direction tones skai-green / skai-red, native bars green-coal, Sky Blue by class. Left: H3 (24 inset, 360 map, tab gap 12, no chip row on this cut), H4, H5, K1, O1, R4.
# wave 74 (2026-09-28..29), lane P044: live reads and design-store specs.
13006-252687	partial	-	wave 74 lane P044, 2026-09-28..29: No feed serves BOOST Mode's buyback percent, SOL burned or target for any trench token, so the percentage, rail and readout stay unbuilt. Grepped 2026-09-28 in src/, supabase/ and every submodule: the only buyback code is skai-command's revenue panel for SKAI-chain's own SKAIBuyback, and drawing the meter without a source would be a made-up number. READ 2026-09-28 w74-P044: store spec mhF3BkzlTaGiLzJ7kvpmVc:13006:252687 hash 8ba948fca42dfe96 (figma:spec, 0 calls), byte-identical to w71 P055's, and use_figma call 1 checked the live root against it (base 1440 cut, 391x94; size and visible texts equal the store; a top-level component that no board places). Everything the frame draws that needs no feed is already built (w71 P055, 2579a0982: the Paragraph 2 and Numbers 4 ramps, ash, Green Coal 100 and the verdict colours, the 12x12 chevron slot), so BoostStatus.tsx is unchanged this wave. Also open, for Casey: what BOOST Mode is and whether its meter ships beside the DexScreener paid-listing block that carries the name today (More info at the right of the readout row, drawn always; no footnote paragraph on the collapsed card), and where the card goes: its chrome (#122524, padding 16, r16, DS 0/10/80) is drawn by the mount in TokenInfoPanel.tsx. Missing tokens: the amber #FFBD16, the rail gradient, and the verdict pill's #052d2d.
13006-348006	partial	-	wave 74 lane P044, 2026-09-28..29: No feed serves BOOST Mode's buyback percent, SOL burned or target for any trench token, so the percentage, rail and readout stay unbuilt. Grepped 2026-09-28 in src/, supabase/ and every submodule: the only buyback code is skai-command's revenue panel for SKAI-chain's own SKAIBuyback, and drawing the meter without a source would be a made-up number. READ 2026-09-28 w74-P044: store spec mhF3BkzlTaGiLzJ7kvpmVc:13006:348006 hash 9b0de935daaaeac5 (figma:spec, 0 calls), byte-identical to w71 P055's, and use_figma call 1 checked the live root against it (base 768 cut, 391x90; size and visible texts equal the store; a top-level component that no board places). Everything the frame draws that needs no feed is already built (w71 P055, 2579a0982: the Paragraph 2 and Numbers 4 ramps, ash, Green Coal 100 and the verdict colours, the 12x12 chevron slot), so BoostStatus.tsx is unchanged this wave. Also open, for Casey: what BOOST Mode is and whether its meter ships beside the DexScreener paid-listing block that carries the name today (More info at the right of the readout row, drawn always; no footnote paragraph on the collapsed card), and where the card goes: its chrome (#122524, padding 16, r16, DS 0/10/80) is drawn by the mount in TokenInfoPanel.tsx. Missing tokens: the amber #FFBD16, the rail gradient, and the verdict pill's #052d2d.
13006-348879	partial	-	wave 74 lane P044, 2026-09-28..29: No feed serves BOOST Mode's buyback percent, SOL burned or target for any trench token, so the percentage, rail and readout stay unbuilt. Grepped 2026-09-28 in src/, supabase/ and every submodule: the only buyback code is skai-command's revenue panel for SKAI-chain's own SKAIBuyback, and drawing the meter without a source would be a made-up number. READ 2026-09-28 w74-P044: store spec mhF3BkzlTaGiLzJ7kvpmVc:13006:348879 hash 3263adafeefa2483 (figma:spec, 0 calls), byte-identical to w71 P055's, and use_figma call 1 checked the live root against it (base 375 cut, 354x86; size and visible texts equal the store; a top-level component that no board places). Everything the frame draws that needs no feed is already built (w71 P055, 2579a0982: the Paragraph 2 and Numbers 4 ramps, ash, Green Coal 100 and the verdict colours, the 12x12 chevron slot), so BoostStatus.tsx is unchanged this wave. Also open, for Casey: what BOOST Mode is and whether its meter ships beside the DexScreener paid-listing block that carries the name today (More info at the right of the readout row, drawn always; no footnote paragraph on the collapsed card), and where the card goes: its chrome (#122524, padding 16, r16, DS 0/10/80) is drawn by the mount in TokenInfoPanel.tsx. Missing tokens: the amber #FFBD16, the rail gradient, and the verdict pill's #052d2d.
13006-252664	partial	-	wave 74 lane P044, 2026-09-28..29: No feed serves BOOST Mode's buyback percent, SOL burned or target for any trench token, so the percentage, rail and readout stay unbuilt. Grepped 2026-09-28 in src/, supabase/ and every submodule: the only buyback code is skai-command's revenue panel for SKAI-chain's own SKAIBuyback, and drawing the meter without a source would be a made-up number. READ 2026-09-28 w74-P044: store spec mhF3BkzlTaGiLzJ7kvpmVc:13006:252664 hash b2fc16a2105a5b0c (figma:spec, 0 calls), byte-identical to w71 P055's, and use_figma call 1 checked the live root against it (ALT 1440 cut (sky percentage and rail), 391x94; size and visible texts equal the store; a top-level component that no board places). Everything the frame draws that needs no feed is already built (w71 P055, 2579a0982: the Paragraph 2 and Numbers 4 ramps, ash, Green Coal 100 and the verdict colours, the 12x12 chevron slot), so BoostStatus.tsx is unchanged this wave. Also open, for Casey: what BOOST Mode is and whether its meter ships beside the DexScreener paid-listing block that carries the name today (More info at the right of the readout row, drawn always; no footnote paragraph on the collapsed card), and where the card goes: its chrome (#122524, padding 16, r16, DS 0/10/80) is drawn by the mount in TokenInfoPanel.tsx. Missing tokens: the amber #FFBD16, the rail gradient, and the verdict pill's #052d2d.
13006-347983	partial	-	wave 74 lane P044, 2026-09-28..29: No feed serves BOOST Mode's buyback percent, SOL burned or target for any trench token, so the percentage, rail and readout stay unbuilt. Grepped 2026-09-28 in src/, supabase/ and every submodule: the only buyback code is skai-command's revenue panel for SKAI-chain's own SKAIBuyback, and drawing the meter without a source would be a made-up number. READ 2026-09-28 w74-P044: store spec mhF3BkzlTaGiLzJ7kvpmVc:13006:347983 hash a0a0b715b08cd17a (figma:spec, 0 calls), byte-identical to w71 P055's, and use_figma call 1 checked the live root against it (ALT 768 cut (sky percentage and rail), 391x90; size and visible texts equal the store; a top-level component that no board places). Everything the frame draws that needs no feed is already built (w71 P055, 2579a0982: the Paragraph 2 and Numbers 4 ramps, ash, Green Coal 100 and the verdict colours, the 12x12 chevron slot), so BoostStatus.tsx is unchanged this wave. Also open, for Casey: what BOOST Mode is and whether its meter ships beside the DexScreener paid-listing block that carries the name today (More info at the right of the readout row, drawn always; no footnote paragraph on the collapsed card), and where the card goes: its chrome (#122524, padding 16, r16, DS 0/10/80) is drawn by the mount in TokenInfoPanel.tsx. Missing tokens: the amber #FFBD16, the rail gradient, and the verdict pill's #052d2d.
13006-348856	partial	-	wave 74 lane P044, 2026-09-28..29: No feed serves BOOST Mode's buyback percent, SOL burned or target for any trench token, so the percentage, rail and readout stay unbuilt. Grepped 2026-09-28 in src/, supabase/ and every submodule: the only buyback code is skai-command's revenue panel for SKAI-chain's own SKAIBuyback, and drawing the meter without a source would be a made-up number. READ 2026-09-28 w74-P044: store spec mhF3BkzlTaGiLzJ7kvpmVc:13006:348856 hash cbc6a5e488230e66 (figma:spec, 0 calls), byte-identical to w71 P055's, and use_figma call 1 checked the live root against it (ALT 375 cut (sky percentage and rail), 354x86; size and visible texts equal the store; a top-level component that no board places). Everything the frame draws that needs no feed is already built (w71 P055, 2579a0982: the Paragraph 2 and Numbers 4 ramps, ash, Green Coal 100 and the verdict colours, the 12x12 chevron slot), so BoostStatus.tsx is unchanged this wave. Also open, for Casey: what BOOST Mode is and whether its meter ships beside the DexScreener paid-listing block that carries the name today (More info at the right of the readout row, drawn always; no footnote paragraph on the collapsed card), and where the card goes: its chrome (#122524, padding 16, r16, DS 0/10/80) is drawn by the mount in TokenInfoPanel.tsx. Missing tokens: the amber #FFBD16, the rail gradient, and the verdict pill's #052d2d.
13006-252710	partial	-	wave 74 lane P044, 2026-09-28..29: No feed serves BOOST Mode's buyback percent, SOL burned or target for any trench token, so the percentage, rail and readout stay unbuilt. Grepped 2026-09-28 in src/, supabase/ and every submodule: the only buyback code is skai-command's revenue panel for SKAI-chain's own SKAIBuyback, and drawing the meter without a source would be a made-up number. READ 2026-09-28 w74-P044: store spec mhF3BkzlTaGiLzJ7kvpmVc:13006:252710 hash 5d443d5c3f5c6fb7 (figma:spec, 0 calls), byte-identical to w71 P055's, and use_figma call 1 checked the live root against it (50% 1440 cut (Green Coal 100 track under a half rail), 391x94; size and visible texts equal the store; a top-level component that no board places). Everything the frame draws that needs no feed is already built (w71 P055, 2579a0982: the Paragraph 2 and Numbers 4 ramps, ash, Green Coal 100 and the verdict colours, the 12x12 chevron slot), so BoostStatus.tsx is unchanged this wave. Also open, for Casey: what BOOST Mode is and whether its meter ships beside the DexScreener paid-listing block that carries the name today (More info at the right of the readout row, drawn always; no footnote paragraph on the collapsed card), and where the card goes: its chrome (#122524, padding 16, r16, DS 0/10/80) is drawn by the mount in TokenInfoPanel.tsx. Missing tokens: the amber #FFBD16, the rail gradient, and the verdict pill's #052d2d.
13006-348029	partial	-	wave 74 lane P044, 2026-09-28..29: No feed serves BOOST Mode's buyback percent, SOL burned or target for any trench token, so the percentage, rail and readout stay unbuilt. Grepped 2026-09-28 in src/, supabase/ and every submodule: the only buyback code is skai-command's revenue panel for SKAI-chain's own SKAIBuyback, and drawing the meter without a source would be a made-up number. READ 2026-09-28 w74-P044: store spec mhF3BkzlTaGiLzJ7kvpmVc:13006:348029 hash 3bc90adfcde6eabc (figma:spec, 0 calls), byte-identical to w71 P055's, and use_figma call 1 checked the live root against it (50% 768 cut (Green Coal 100 track under a half rail), 391x90; size and visible texts equal the store; a top-level component that no board places). Everything the frame draws that needs no feed is already built (w71 P055, 2579a0982: the Paragraph 2 and Numbers 4 ramps, ash, Green Coal 100 and the verdict colours, the 12x12 chevron slot), so BoostStatus.tsx is unchanged this wave. Also open, for Casey: what BOOST Mode is and whether its meter ships beside the DexScreener paid-listing block that carries the name today (More info at the right of the readout row, drawn always; no footnote paragraph on the collapsed card), and where the card goes: its chrome (#122524, padding 16, r16, DS 0/10/80) is drawn by the mount in TokenInfoPanel.tsx. Missing tokens: the amber #FFBD16, the rail gradient, and the verdict pill's #052d2d.
13006-348902	partial	-	wave 74 lane P044, 2026-09-28..29: No feed serves BOOST Mode's buyback percent, SOL burned or target for any trench token, so the percentage, rail and readout stay unbuilt. Grepped 2026-09-28 in src/, supabase/ and every submodule: the only buyback code is skai-command's revenue panel for SKAI-chain's own SKAIBuyback, and drawing the meter without a source would be a made-up number. READ 2026-09-28 w74-P044: store spec mhF3BkzlTaGiLzJ7kvpmVc:13006:348902 hash ba6e657f6733eb68 (figma:spec, 0 calls), byte-identical to w71 P055's, and use_figma call 1 checked the live root against it (50% 375 cut (Green Coal 100 track under a half rail), 354x88; size and visible texts equal the store; a top-level component that no board places). Everything the frame draws that needs no feed is already built (w71 P055, 2579a0982: the Paragraph 2 and Numbers 4 ramps, ash, Green Coal 100 and the verdict colours, the 12x12 chevron slot), so BoostStatus.tsx is unchanged this wave. Also open, for Casey: what BOOST Mode is and whether its meter ships beside the DexScreener paid-listing block that carries the name today (More info at the right of the readout row, drawn always; no footnote paragraph on the collapsed card), and where the card goes: its chrome (#122524, padding 16, r16, DS 0/10/80) is drawn by the mount in TokenInfoPanel.tsx. Missing tokens: the amber #FFBD16, the rail gradient, and the verdict pill's #052d2d.
13006-252735	partial	-	wave 74 lane P044, 2026-09-28..29: No feed serves BOOST Mode's buyback percent, SOL burned or target for any trench token, so the percentage, rail and readout stay unbuilt. Grepped 2026-09-28 in src/, supabase/ and every submodule: the only buyback code is skai-command's revenue panel for SKAI-chain's own SKAIBuyback, and drawing the meter without a source would be a made-up number. READ 2026-09-28 w74-P044: store spec mhF3BkzlTaGiLzJ7kvpmVc:13006:252735 hash 6ef3409f713db79e (figma:spec, 0 calls), byte-identical to w71 P055's, and use_figma call 1 checked the live root against it (more-info 1440 cut (Boost mode header, nested stroked card, explainer and bold Note), 391x254; size and visible texts equal the store; a top-level component that no board places). Everything the frame draws that needs no feed is already built (w71 P055, 2579a0982: the Paragraph 2 and Numbers 4 ramps, ash, Green Coal 100 and the verdict colours, the 12x12 chevron slot), so BoostStatus.tsx is unchanged this wave. This cut's explainer says the token executes a buyback and the bought tokens are permanently burned, which SKAI does not do for any trench token, so its header, nested card and copy wait on the same ruling. Also open, for Casey: what BOOST Mode is and whether its meter ships beside the DexScreener paid-listing block that carries the name today (More info at the right of the readout row, drawn always; no footnote paragraph on the collapsed card), and where the card goes: its chrome (#122524, padding 16, r16, DS 0/10/80) is drawn by the mount in TokenInfoPanel.tsx. Missing tokens: the amber #FFBD16, the rail gradient, and the verdict pill's #052d2d.
13006-348054	partial	-	wave 74 lane P044, 2026-09-28..29: No feed serves BOOST Mode's buyback percent, SOL burned or target for any trench token, so the percentage, rail and readout stay unbuilt. Grepped 2026-09-28 in src/, supabase/ and every submodule: the only buyback code is skai-command's revenue panel for SKAI-chain's own SKAIBuyback, and drawing the meter without a source would be a made-up number. READ 2026-09-28 w74-P044: store spec mhF3BkzlTaGiLzJ7kvpmVc:13006:348054 hash d7541b96dc4e1268 (figma:spec, 0 calls), byte-identical to w71 P055's, and use_figma call 1 checked the live root against it (more-info 768 cut (Boost mode header, nested stroked card, explainer and bold Note), 391x242; size and visible texts equal the store; a top-level component that no board places). Everything the frame draws that needs no feed is already built (w71 P055, 2579a0982: the Paragraph 2 and Numbers 4 ramps, ash, Green Coal 100 and the verdict colours, the 12x12 chevron slot), so BoostStatus.tsx is unchanged this wave. This cut's explainer says the token executes a buyback and the bought tokens are permanently burned, which SKAI does not do for any trench token, so its header, nested card and copy wait on the same ruling. Also open, for Casey: what BOOST Mode is and whether its meter ships beside the DexScreener paid-listing block that carries the name today (More info at the right of the readout row, drawn always; no footnote paragraph on the collapsed card), and where the card goes: its chrome (#122524, padding 16, r16, DS 0/10/80) is drawn by the mount in TokenInfoPanel.tsx. Missing tokens: the amber #FFBD16, the rail gradient, and the verdict pill's #052d2d.
13006-348927	partial	-	wave 74 lane P044, 2026-09-28..29: No feed serves BOOST Mode's buyback percent, SOL burned or target for any trench token, so the percentage, rail and readout stay unbuilt. Grepped 2026-09-28 in src/, supabase/ and every submodule: the only buyback code is skai-command's revenue panel for SKAI-chain's own SKAIBuyback, and drawing the meter without a source would be a made-up number. READ 2026-09-28 w74-P044: store spec mhF3BkzlTaGiLzJ7kvpmVc:13006:348927 hash 5156517f7f6ce51a (figma:spec, 0 calls), byte-identical to w71 P055's, and use_figma call 1 checked the live root against it (more-info 375 cut (Boost mode header, nested stroked card, explainer and bold Note), 354x224; size and visible texts equal the store; a top-level component that no board places). Everything the frame draws that needs no feed is already built (w71 P055, 2579a0982: the Paragraph 2 and Numbers 4 ramps, ash, Green Coal 100 and the verdict colours, the 12x12 chevron slot), so BoostStatus.tsx is unchanged this wave. This cut's explainer says the token executes a buyback and the bought tokens are permanently burned, which SKAI does not do for any trench token, so its header, nested card and copy wait on the same ruling. Also open, for Casey: what BOOST Mode is and whether its meter ships beside the DexScreener paid-listing block that carries the name today (More info at the right of the readout row, drawn always; no footnote paragraph on the collapsed card), and where the card goes: its chrome (#122524, padding 16, r16, DS 0/10/80) is drawn by the mount in TokenInfoPanel.tsx. Missing tokens: the amber #FFBD16, the rail gradient, and the verdict pill's #052d2d.
13006-300408	partial	-	wave 74 lane P044, 2026-09-28..29: READ 2026-09-28 w74-P044 use_figma call 1 on the body: Frame 1364, 1047x450, top-level, unchanged since w71 P028's 09-25 read: V p12/12/24/12, r0/0/12/12, #122524, a top rule, DS 0/10/80/0 black at 25%, clip; nothing drawn beside it. The Tables board at 768 places a body with the same DS (13006:270061 Frame 1366, w73 P038 call 1). BUILT app 69e644817 (w74/P044): HOLDERS_BODY, which both holder panels share, casts the drop shadow by the token that names it, shadow-modal at 375 and 768 and shadow-none at lg (1440 not read); pinned in holdersBody.figma.test.tsx over the four panel/path cases and the outage slab, with the class required to resolve in the theme, 6/6 mutations killed. Tailwind's shadow-modal paints 0 16 48 at 24% until X3 moves design-tokens.ts:1281 to the frame's 0 10 80 at 25% (the value @skai/ui shadows.modal already carries). At 768 the tab card's md:overflow-hidden (PanelTabs.tsx:771, no wave 74 owner) clips it, so this cut does not show it yet. LEFT for Casey (w73 P038, still open): keep or remove the export footer, the unsourced note and the stale and Reading captions the code draws inside the body, which no body frame or Tables board draws. The frame's 'SOLbalance (last active)' header is a frame slip; the code keeps 'SOL balance (last active)'.
13006-301004	partial	-	wave 74 lane P044, 2026-09-28..29: READ 2026-09-28 w74-P044 use_figma call 1 on the body: Frame 1366, 1047x450, top-level, identical to 13006:300408 (same padding, fill, top rule, DS 0/10/80/0 black at 25%, children and texts) and unchanged since w71 P028's 09-25 read. The Tables board at 768 places it with the same DS (13006:270061 Frame 1366, w73 P038 call 1). BUILT app 69e644817 (w74/P044): HOLDERS_BODY, which both holder panels share, casts the drop shadow by the token that names it, shadow-modal at 375 and 768 and shadow-none at lg (1440 not read); pinned in holdersBody.figma.test.tsx over the four panel/path cases and the outage slab, with the class required to resolve in the theme, 6/6 mutations killed. Tailwind's shadow-modal paints 0 16 48 at 24% until X3 moves design-tokens.ts:1281 to the frame's 0 10 80 at 25% (the value @skai/ui shadows.modal already carries). At 768 the tab card's md:overflow-hidden (PanelTabs.tsx:771, no wave 74 owner) clips it, so this cut does not show it yet. LEFT for Casey (w73 P038, still open): keep or remove the export footer, the unsourced note and the stale and Reading captions the code draws inside the body, which no body frame or Tables board draws. Also for Casey: the 'Top 10 hold ... % of supply' headline the panel draws over both paths is on no frame or board. The 'SOLbalance (last active)' header is a frame slip; the code keeps 'SOL balance (last active)'.
13006-299604	partial	-	wave 74 lane P044, 2026-09-28..29: READ 2026-09-28 w74-P044 use_figma call 1 on the body: Frame 1374, 562x418, top-level, unchanged since w71 P028's 09-25 read: V p12/16/24/16, no radius, #122524, a top rule, DS 0/10/80/0 black at 25%, clip; rows 530x30 on a 46 pitch; nothing drawn beside it. The Tables board at 375 places a body with the same DS (13006:301601 Frame 1372, w73 P038 call 3). BUILT app 69e644817 (w74/P044): HOLDERS_BODY, which both holder panels share, casts the drop shadow by the token that names it, shadow-modal at 375 and 768 and shadow-none at lg (1440 not read); pinned in holdersBody.figma.test.tsx over the four panel/path cases and the outage slab, with the class required to resolve in the theme, 6/6 mutations killed. Tailwind's shadow-modal paints 0 16 48 at 24% until X3 moves design-tokens.ts:1281 to the frame's 0 10 80 at 25% (the value @skai/ui shadows.modal already carries). At 375 it shows below the full-bleed body. LEFT for Casey (w73 P038, still open): keep or remove the export footer, the unsourced note and the stale and Reading captions the code draws inside the body, which no body frame or Tables board draws.
13006-302319	partial	-	wave 74 lane P044, 2026-09-28..29: READ 2026-09-28 w74-P044 use_figma call 1 on the body: Frame 1372, 562x418, top-level, the chrome of 13006:299604 (p12/16/24/16, #122524, top rule, DS 0/10/80/0 black at 25%, clip), unchanged since w71 P028's 09-25 read; the Tables board at 375 places it with the same DS (13006:301601, w73 P038 call 3). BUILT app 69e644817 (w74/P044): HOLDERS_BODY, which both holder panels share, casts the drop shadow by the token that names it, shadow-modal at 375 and 768 and shadow-none at lg (1440 not read); pinned in holdersBody.figma.test.tsx over the four panel/path cases and the outage slab, with the class required to resolve in the theme, 6/6 mutations killed. Tailwind's shadow-modal paints 0 16 48 at 24% until X3 moves design-tokens.ts:1281 to the frame's 0 10 80 at 25% (the value @skai/ui shadows.modal already carries). At 375 it shows below the full-bleed body. LEFT for Casey (w73 P038, still open): keep or remove the export footer, the unsourced note and the stale and Reading captions the code draws inside the body, which no body frame or Tables board draws. Also for Casey: the 'Top 10 hold ... % of supply' headline is on no frame or board. Backend: row 2's named wallet 'Laura Shin' needs a client reader of trench_kol_wallets, which has none and shipped empty. Frame slip: the fourth header reads 'Funding' over the Remaining cells ('$16.21' and '79%'); the code heads it 'Remaining', as the cells read.
# wave 74 (2026-09-28..29), lane P052: live reads and design-store specs.
13006-243693	partial	-	wave 74 lane P052, 2026-09-28..29: READ LIVE 2026-09-28 w74 P052 use_figma P052-CALL1 (rail Frame 300 13006:245201: Frame 1158 13006:245202 ends in a Buy CTA 281x48 r12 App/Green 300 with a 24 chart glyph and 'Buy ...' Manrope 14/18 #001615; Frame 634 row 2 'Advanced trading strategy' radio; Frame 324 tile 4 PnL in Ash; Token information Frame 1153 281x224 of 88.33x44 r8 GC300 tiles, row 1 printed (Top 10 H. 6.22% red, Dev holding 0% green); Frame 1134 CA row, Frame 1156 DA row, Frame 1157 Token banner over a 281x80 image), ledgered record-kind parity; plus W71 P056-CALL1/3. Nothing built: the file renders only with REDESIGN_TRENCH off (TradeRouteBranch.tsx:16). LEFT: W71 G1-G7, plus G19 (the CA / DA / Token banner blocks and their order) and G20 (the green Buy CTA as the ticket's last row); token-info rows 2-4 still unread. Blocked on a Casey ruling: keep the REDESIGN_TRENCH flag-off TokenTradeDetail at parity with the three Launch boards, or RETARGET these rows to the live TradeTerminal / MarketTicket / CompactTicket (P048 / P027 / P054, none running). G7 (the amount cells) also needs Casey's product values.
13006-355256	partial	-	wave 74 lane P052, 2026-09-28..29: READ LIVE 2026-09-28 w74 P052 use_figma P052-CALL1 (Frame 1231 13006:356603 708x52 at y=116, r12, GC300, 1px #FB3324@0.34 stroke, DROP12, Ellipse 24 #C94F44@0.44 glow, an 'AI Audit' label with a GC200 tag and a warning-glyph row: the AI-audit risk strip, W71's unread G10), ledgered; skeleton from W71 P056-CALL1. Nothing built on the flag-off page. LEFT: G9, the docked Instant trade panel Frame 1363 (live in CompactTicket.tsx, P054), and G10 (the live terminal's risk and audit strip is P048's). Blocked on a Casey ruling: keep the REDESIGN_TRENCH flag-off TokenTradeDetail at parity with the three Launch boards, or RETARGET these rows to the live TradeTerminal / MarketTicket / CompactTicket (P048 / P027 / P054, none running).
13006-351379	partial	-	wave 74 lane P052, 2026-09-28..29: Not re-read this wave: W71 P056-CALL1 of 2026-09-25 (sheet 13006:352261 375x270 at y=542; Frame 300 375x88 with four read-outs and no action button). Nothing built on the flag-off page. LEFT: G11, the 375 sheet, live in CompactTicket.tsx (P054). Blocked on a Casey ruling: keep the REDESIGN_TRENCH flag-off TokenTradeDetail at parity with the three Launch boards, or RETARGET these rows to the live TradeTerminal / MarketTicket / CompactTicket (P048 / P027 / P054, none running).
13006-135613	partial	-	wave 74 lane P052, 2026-09-28..29: Not re-read this wave (get_metadata 2026-09-20, status.wave54 / vverify.trade-2; fill confirmed by W71 P056-CALL1/2). The shell parts match Frame 1122 at 1440: pad 0, no width cap, fill bg-green-coal-300 by token. Height: a92d0befa put 1440 on its own min-[1160px] stop with the top inset (0 on desktop); 9410502da subtracts the shell's ticker reserve through --shell-ticker-reserve, the property <main> pads by, instead of a fixed 28. With the ticker on (the default) the box is 100dvh-84 as before, 816 at 1440x900; with it off it is 100dvh-56, 844, which is Frame 1122 to the viewport foot (it used to stop 28 short). TrenchShell.figma.test.tsx pins both; 7 mutations killed. The board draws no ticker: the 28 under the band with it on is the app shell's HomeBottomTicker (HomeShellLayout / HomeBottomTicker, outside this packet), not this frame's. LEFT: every card is TokenCard.tsx (P053, running); the bottom band is trimmed on purpose (report f8613808).
13006-138367	partial	-	wave 74 lane P052, 2026-09-28..29: Not re-read this wave (W71 P056-CALL2 Frame 446 13006:138431, CALL3 tab strip 13006:138433: Main chip, Trades / Manager / KOLs, P1, 0.0 pill). LEFT (G14): the whole left-float Trackers panel between the bands. It needs DiscoverScreen.tsx / MarketPulseBoard.tsx (P047, not running this wave) and a Casey ruling on its trigger: no board names the control that opens it. The shell is unchanged at 1440 by a92d0befa and, with the ticker on, by 9410502da; with the ticker off it now runs to the viewport foot (844) as the board draws, instead of stopping 28 short.
13006-141502	partial	-	wave 74 lane P052, 2026-09-28..29: Not re-read this wave (W71 P056-CALL3, the ALT 13006:141566: Main, P1, 0.0). Same gap and blockers as 13006-138367: the left float (G14) needs P047's DiscoverScreen.tsx / MarketPulseBoard.tsx and Casey's ruling on its trigger. The shell is unchanged at 1440 by a92d0befa and, with the ticker on, by 9410502da; with the ticker off it now runs to the viewport foot (844) as the board draws, instead of stopping 28 short.
13006-207638	partial	-	wave 74 lane P052, 2026-09-28..29: Not re-read this wave (W71 P056-CALL2: hover Frame 521 232x494, Frame 510 224x246, Manrope 12/16 at 0.64). The popover is built and pinned at 1440 and 375 (tokenImagePopover.figma.test.tsx: 232 wide, r16, p4, g16, a 224 preview, 48 rows, the heading); 'Last tx' is omitted because no feed supplies it (a decision under the no-mock-data policy). The shell matches at 1440 (9410502da: 100dvh-84 with the ticker on, and 844, Frame 1122 to the foot, with it off). LEFT: the Pulse cards (TokenCard.tsx, P053). RETARGETED the primary file to TokenImagePopover.tsx, as W71 asked (no wave-74 owner).
13935-69044	partial	-	wave 74 lane P052, 2026-09-28..29: Not re-read this wave (W71 P056-CALL2/3: Frame 1122 13935:69046 1382x844, a 20 band, main 802 holding Frame 520 1318x734 at (32,24), a 22 band at 822). The shell box matches Frame 1122 and is unchanged at 1440 by a92d0befa and, with the ticker on, by 9410502da; with the ticker off it now runs to the foot (844) as Frame 1122 does. LEFT: Frame 520's 734 against the three actual boards' 764 is a board disagreement (the build follows the three, vverify.trade-2 13006-134301); the cards are TokenCard.tsx (P053).
13006-261490	partial	-	wave 74 lane P052, 2026-09-28..29: READ LIVE 2026-09-28 w74 P052 use_figma P052-CALL1 (top level of 13006:261490, :326818 and :260059, all identical: Header-tablet 768x52, top band at 52, toolbar Frame 445 708x82 at (30,96), column 708x724 at (30,202), bottom band 768x22 at 950, Bottom-navigation-tablet 768x52 at 972, so the Trench box runs 52 to 972 = 920), ledgered record-kind parity. BUILT a92d0befa (w74/P052): TrenchShell md 100dvh-104 (was 108), lg 80 (was 84), 84 from min-[1160px], each less both safe-area insets, so the site box at 768x1024 is 920 (was 916) and the bottom band sits on the tablet nav. Pinned by TrenchShell.figma.test.tsx: per-width stops, a 10-width sweep that reads each number from HomeTopBar's min-h rungs, <main>'s pb rungs and TICKER_CLEARANCE, the 768 board's 1024-52-52=920, and the compiled CSS order; 11 mutations killed. W71 put the 916 down to a 56 tablet header. The header was 56 only at exactly 768, where index.css floored its search input at 44 until c7f88383a (2026-09-24) opted it out; from 769 to 1159 it was already 52 (md:min-h-[52px] predates both commits) when 22a07d680 (2026-09-17) wrote the 108, so there the 4px was TrenchShell's from the day it was written, and at 768 too from c7f88383a on (TrenchShell's doc block says so since 9410502da). The popover (Frame 521 232x494 at (100,64), Md/Paragraph 2 12/16) is built and pinned. LEFT: the Pulse cards (TokenCard.tsx, P053). RETARGETED the primary file to TokenImagePopover.tsx, as W71 asked.
13006-326818	partial	-	wave 74 lane P052, 2026-09-28..29: READ LIVE 2026-09-28 w74 P052 use_figma P052-CALL1 (card 13006:328250: segmented 13006:328263, the three % rows 13006:328274 and the CTA row 13006:328330 that W71 never read) plus W71 P056-CALL3 (card and pills), ledgered. The modal matches OneClickTradeModal.tsx source against node as of fb209b984 (w74/P052): card 448 p12 g24 r16 GC200, #123F3C inset, DROP80 (:277, :87-91); segmented 424x54 black p4 g4 of 136x46 segments at p14/24 Manrope 14/18, corners 24/8/8/24 / 8 / 8/24/24/8, Sell selected in Sky Blue 300 with a #001615 label and a 16 Check-enclosed (:44-48, :318, :336-344); pills 140x28 (:373-413); % rows with 12/16 Ash labels, %/Init 42x18 / 46x18 at p2/16 r8 Mulish 10/14, each over a 40 r12 GC300 card, p12 with the stroke inside (:437-528); 'Apply changes' 424x50 p16/24 r12 Sky Blue 14/18 (:549); the column sums to the board's 544. The first read left out index.css's 44px touch floor (button:not(.no-min-size) 44x44 and input:not(.no-min-size) 44 tall inside @media (max-width: 768px), which covers this board): the pills stood 44 against 28, each toggle at least 44x44, each sell input 44 so each % card was 68 against 40, and the column about 722. FIXED fb209b984: the pills, the six %/Init toggles and the three sell inputs carry no-min-size at the call site (Casey 2026-09-07: the floor yields to the frame; index.css untouched). Pinned by oneClickTouchFloor.figma.test.tsx, which reads the floor rules out of index.css and min-height / min-width off the rendered Sell card; only Off / Buy / Sell (46 here) and Apply changes (50) keep the floor; 6 mutations planted, all caught (5 by a case, 1 by the file's floor guard). Shell: BUILT a92d0befa (w74/P052): TrenchShell md 100dvh-104 (was 108), lg 80 (was 84), 84 from min-[1160px], each less both safe-area insets, so the site box at 768x1024 is 920 (was 916) and the bottom band sits on the tablet nav. Pinned by TrenchShell.figma.test.tsx: per-width stops, a 10-width sweep that reads each number from HomeTopBar's min-h rungs, <main>'s pb rungs and TICKER_CLEARANCE, the 768 board's 1024-52-52=920, and the compiled CSS order; 11 mutations killed. LEFT: the Pulse cards behind the scrim (TokenCard.tsx, P053). The modal file writes raw hex where tokens name the colours (bg-[#122524], bg-[#001615], text-[#95A09F], border-[#123F3C]); not a visual gap, left for its owner. RETARGETED the primary file to OneClickTradeModal.tsx (no wave-74 owner).
13006-297805	partial	-	wave 74 lane P052, 2026-09-28..29: READ LIVE 2026-09-28 w74 P052 use_figma P052-CALL1 (top level of 13006:297805 and :306051: column Frame 445 375x538 at y=198, bottom band 375x22 at 736, nav 375x54 at 758), ledgered. The popover is built and pinned at 375 (tokenImagePopover.figma.test.tsx). G18 needs no ruling now: seven 375 boards agree the column ends at y=736 with the band docked on the 54 nav (297805 and 306051 today; 295541, 296673, 307267 in status.wave7 / wave17 / wave8; 9419:151234 and 9419:149915 cited at DiscoverScreen.tsx:765-768). LEFT (G18): the pinned 375 screen needs DiscoverScreen.tsx (md:h-full md:min-h-[506px] at :700, md:flex-1 md:overflow-hidden at :779) and MarketPulseBoard.tsx (h-[70vh] at :251), P047, not running, together with a TrenchShell base height; a height in TrenchShell alone would scroll the page inside the shell. TrenchShell's doc now says so (a92d0befa). The cards are P053's. RETARGETED the primary file to TokenImagePopover.tsx, as W71 asked.
13006-306051	partial	-	wave 74 lane P052, 2026-09-28..29: READ LIVE 2026-09-28 w74 P052 use_figma P052-CALL1 (card 13006:307184: segmented 13006:307197, % rows 13006:307208, CTA row 13006:307264) plus W71 P056-CALL2/3, ledgered. The modal matches OneClickTradeModal.tsx as of fb209b984 (w74/P052): 354 card p12 g24 r16; segmented 330x52 of 104.67x44 segments in Manrope 14/16, Sell selected; pills 108.67x26; rows with 12/14 labels, 10/14 toggles and 40 cards (:455, :482); CTA 330x44 p14/16 r12 14/16 (:549); the column sums to the board's 534. The first read left out index.css's 44px touch floor below 769: the pills stood 44 against 26, each toggle at least 44x44 against 46x18, each % card 68 against 40 (column about 714). FIXED fb209b984: no-min-size on the pills, toggles and sell inputs (Casey 2026-09-07 ruling; index.css untouched), pinned by oneClickTouchFloor.figma.test.tsx (only Off / Buy / Sell at 44 and Apply changes at 44 keep the floor); 6 mutations planted, all caught (5 by a case, 1 by the file's floor guard). LEFT: G18, the 375 pin, as 13006-297805 (P047's DiscoverScreen.tsx + MarketPulseBoard.tsx with a TrenchShell base height; no ruling needed); the cards are P053's. RETARGETED the primary file to OneClickTradeModal.tsx (no wave-74 owner).
# wave 74 (2026-09-28..29), lane P053: live reads and design-store specs.
13006-198241	ruled-out	-	wave 74 lane P053, 2026-09-28..29: RULED, no build: Casey 2026-09-20 R14 (casey-rulings-2026-09-20.md row 14) keep the 118px board card; the 94px spec frame is not the target. Not read this wave. Old status repeated (wave 74 rule D).
13006-198364	partial	-	wave 74 lane P053, 2026-09-28..29: READ LIVE 2026-09-28 w74 P053 use_figma call 1 as the baseline of the 198778 diff. A diff prints only differences, so of this frame it printed the shell (V g6 p8/8/8/8 r16, Green Coal 200 fill, #123F3C 1px stroke), which the code matches; the rest rests on wave 71 P023 live read 2026-09-25 (its call2.result.txt), re-checked against TokenCard.tsx at 37455220e, where wave 71 build (36f3c223e, 53d7ae732) holds. Left: the gold pencil, chat logomark and caller avatars (WAVE63 Casey call, open); row B chip 2 draws Funding time where the code prints Dev holding (Casey).
13006-198778	partial	-	wave 74 lane P053, 2026-09-28..29: READ LIVE 2026-09-28 w74 P053 use_figma call 1, node diff against 198364: the ALT with Frame 511 renamed Frame 512 and the logo ring coral #FF7E50 (:198781); the printed values match the ALT and the code (name Lg/Paragraph 3 12/16, copy 16, Frame 546 94 g6, age Lg/Label 2 11/14). The rename broke the path-keyed diff after 16 lines. Coral ring: frame variation (61 of 61 board cards on 135613/159412/207638/296673 ring #17F9B4, boosted or not), no build. Left: the WAVE63 Casey items (gold pencil at 28, chat logomark, caller avatars).
13006-259277	partial	-	wave 74 lane P053, 2026-09-28..29: READ LIVE 2026-09-28 w74 P053 use_figma call 1, node diff against 356662 (10 differences): 356662 narrowed by 29 (Frame 3 304, Frame 500 157, Frame 501 at 240, tag at 247) with a globe (:259310, E9x9 + E4.5x9 + V9x0 #95A09F) in the boost slot at 62. Left: the 320 width lives only in the 346 column 13006:259555 with no board naming a viewport (design); the globe-before-boost order is tied to the WAVE63 Casey call (the code fills slots 1-2 with web and pair); the heart (B4).
13006-259417	partial	-	wave 74 lane P053, 2026-09-28..29: READ LIVE 2026-09-28 w74 P053 use_figma call 1, node diff against 347417: ring #17F9B4 (:259420), name Md/Paragraph 2 12/16 (the code's md:leading-4 matches), heart 16 at 81 (:259431), Frame 546 92 g6, age Md/Label 2 10/14, a 241 text column that the code's flex-1 column absorbs. The Frame 511/512 rename broke the diff after 16 lines. Left: the heart (B4, Casey) and the WAVE63 Casey items.
13006-347281	partial	-	wave 74 lane P053, 2026-09-28..29: READ LIVE 2026-09-28 w74 P053 use_figma call 1, node diff against 347417: the countdown chip :347305 (37x12, #17F9B4) takes the boost glyph's slot at 62 and search moves to 105; that chip is the frame's only addition. No boost expiry exists: DiscoveredToken carries only boostAmount off boosts.active (tokenDiscoveryService.ts:113/:348/:494), grepped src and supabase/functions 2026-09-28. The rest is 347417 (partial on the WAVE63 Casey items).
13006-347417	partial	-	wave 74 lane P053, 2026-09-28..29: READ LIVE 2026-09-28 w74 P053 use_figma call 1 as the baseline of the 259417 and 347281 diffs; it printed the shell (V g6 p8 r12, Green Coal 200, #123F3C 1px), which the code matches. The rest rests on wave 71 P023 live read 2026-09-25 and holds in the code (12/16 identity, chain badge disc, copy 16). The coral logo ring :347420 is a frame variation: all 61 cards on boards 135613/159412/207638/296673 ring #17F9B4 (no build). Left: the WAVE63 Casey items (gold pencil, chat logomark, caller avatars).
13006-356662	partial	-	wave 74 lane P053, 2026-09-28..29: READ LIVE 2026-09-28 w74 P053 use_figma call 1 as the baseline of the 356801 and 259277 diffs; it printed the shell (349x126, V g6 p8 r12, Green Coal 200, #123F3C 1px), which the code matches, and two age-run nodes (boost icon #FFBD16 at 62, search at 80). The rest rests on wave 71 P023 live read 2026-09-25 and holds in TokenCard.tsx at 37455220e. Left: the WAVE63 Casey items and the heart :356679 (B4).
13006-356801	partial	-	wave 74 lane P053, 2026-09-28..29: READ LIVE 2026-09-28 w74 P053 use_figma call 1, node diff against 356662 (5 differences): Frame 546 widens 92 to 117 because the countdown chip :356834 (37x12, #17F9B4) replaces the boost glyph at 62 and search moves to 105 (:356838); nothing else differs. No boost expiry source exists (DiscoveredToken has boostAmount only). The rest is 356662 (partial on the WAVE63 Casey items).
13006-159412	partial	-	wave 74 lane P053, 2026-09-28..29: READ LIVE 2026-09-28 w74 P053 use_figma call 1: survey of all 18 cards on the board plus card 161222 at depth 3, against 135613/207638. BUILT in app c026521aa (w74/P053): a tinted card draws no hairline (all 18 s:-; border-transparent, 1px kept), its chain badge's outside ring is the card's own wash (:161227 #6C40BE@0.12 on a #6C40BE@0.12 card; inline --tw-ring-color), and the hovered tinted card is plain #001615 (:159806; hover:!bg-none); logo ring stays #17F9B4. Pinned by TokenCard.colourRow.figma.test.tsx (9 cases; 4 fail on the old code; 10 of 10 mutations killed). Left: the board washes green and red at 0.08 and purple at 0.12 with no stated rule while the code applies ROW_TINT_ALPHA 0.12 to all (trenchDisplayPrefs.ts, design); the scroller bands :159414/:162044 and sidebar :162173 (TrenchScroller, TrenchShell = P052); the callout avatars and the WAVE63 card items (Casey).
