2005-4492	partial	/tmp/ob-shots/2005-4492.png	GROUND TRUTH this flow is BUILT, in modules/skai-landing not the main app. Route is skai.trade / LandingWaitlist.tsx. Desktop 1440 verified numerically vs 2005-4492: logo 162x64, h1 42/48 ls-1.68 w547, sub 18/24 ls-0.72 w621 #E0E0E0, CTA 332x66 r16 16/22 ls-0.64 #56C7F3 on #001615, CRO fire+count+suffix, legal nav at 32,32. MISSING none. SURPLUS social icons from the shared skai-ui LandingHeader - cross-lane, so partial not match. 2026-08-05 re-measured at 1440 after the mobile CTA ramp fix: unchanged at 332x66, logo 162x64 at 630,166
2005-12956	partial	/tmp/ob-shots/2005-12956.png	skai-landing / at 768. Two tablet deltas fixed in the earlier pass: logo now medium 116-122x48 matching Figma 3879-45797, CTA now 332x54 at 14/18 matching Figma 2005-13641. 2026-08-05 re-measured: logo 122x48 at 317,256 and CTA 332x54 at 218,584 - both hold after the mobile step was added. MISSING none. SURPLUS the shared LandingHeader now draws FOUR socials at 576/624/672/720 where 2005-5173 draws THREE, cross-lane in modules/skai-ui
2005-9301	partial	/tmp/ob-shots/2005-9301.png	WaitlistModal over /. Modal 448x526 at 496,187 vs Figma 2005-9995 448x520 at 496,190. Title 32/36 ls-1.28, desc 18/24 ls-0.72 w398, Email address label 14/18, input 398x68 r16, Continue 398x62 r16, OR divider, Google+Apple 195x66 each, close 16x16 at 903,212. MISSING the in-field enter affordance Figma 2005-10011 icon-enter plus enter label at the input right edge. 2026-08-05 re-confirmed absent at 1440/768/375 - the wrapper div is already position:relative in modules/skai-ui/src/components/overlays/waitlist-modal.tsx:294 but nothing is rendered inside it DECLINED THIS PASS, not deferred silently: the fix lives in modules/skai-ui and skai-landing resolves @skai-trade/ui through a node_modules symlink to that package's dist, so nothing lands without a skai-ui library rebuild. That rebuild republishes a dist the main app, skai-landing and skai-wallet all consume, from whatever src every other live lane has committed, and the coordinator runs one main-app build at the end off it. Geometry is recorded here so a skai-ui lane can land it cheaply.
2005-10032	partial	/tmp/ob-shots/2005-10032.png	Same modal with the email filled. Geometry matches 2005-10032 but Figma draws the filled state with the enter-key affordance visible in the field, node 2005-10011, which is not implemented. 2026-08-05 re-confirmed by filling input type=email at all three widths: geometry is byte-identical to the empty state, so the affordance is unconditionally absent, not state-gated DECLINED THIS PASS, not deferred silently: the fix lives in modules/skai-ui and skai-landing resolves @skai-trade/ui through a node_modules symlink to that package's dist, so nothing lands without a skai-ui library rebuild. That rebuild republishes a dist the main app, skai-landing and skai-wallet all consume, from whatever src every other live lane has committed, and the coordinator runs one main-app build at the end off it. Geometry is recorded here so a skai-ui lane can land it cheaply.
2005-5185	partial	/tmp/ob-shots/2005-5185.png	skai-landing /external-wallet at 1440 vs Figma 2005-5185. Heading Link external wallet 42/48 ls-1.68, subtitle from content.ts, 4 wallet rows 472x72 r16 using real exported icon svgs, Skip for now plus forward arrow. 2026-08-05 re-measured: rows still 472x72 at x484 and logo 162x64 - the mobile-logo fix this pass did not disturb lg. MISSING none. SURPLUS 4-vs-3 shared-header socials, cross-lane
2005-13649	partial	/tmp/ob-shots/2005-13649.png	/external-wallet at 768 vs Figma 2005-13649. Logo 122x48 at y249, exactly the Figma instance y=249 h=48. Heading 32/40, wallet rows 368x54 at x200 matching the frame 368-wide list, skip row present. 2026-08-05 re-measured after the mobile-logo fix: 768 unchanged. MISSING none. SURPLUS 4-vs-3 shared-header socials
2005-5908	partial	/tmp/ob-shots/2005-5908.png	skai-landing /username at 1440 vs Figma 2005-5908. Heading Reserve your username 42/48 ls-1.68, subtitle 18/24 ls-0.72, open-bottom-rule username field with skai.trade/ prefix and 32/36 input, Claim @username 332x66 r16, availability tick and note wired. 2026-08-05 re-measured after the button ramp fix: still 332x66 at lg. MISSING none. SURPLUS 4-vs-3 shared-header socials
2005-14372	partial	/tmp/ob-shots/2005-14372.png	/username at 768 vs Figma 2005-14372. Logo 122x48 size-correct; its y is 427 where Figma has 249 because the tablet column is vertically centred by main-content-container rather than top-anchored - a deliberate earlier fix for bug 55642bd9, left alone. FIXED 2026-08-05: Claim was 332x52 and is now 332x54, the frame value; the button had a flat h-52 below lg and now steps 44 -> 54 -> 66. MISSING none. SURPLUS 4-vs-3 socials
2005-8588	partial	/tmp/ob-shots/2005-8588.png	Congratulations Slide 1 1440. CORRECTION to the 2026-08-05 surplus finding, which measured one animation phase and read it as the whole screen. CompletionPage.tsx renders TWO stacked blocks: the default one (small mark plus the points row) and the revealed one (large mark, tier label, points row, We gifted you). Those are the frames' Slide 1 and Slide 2, not app surplus. Re-rendered every Congratulations frame this pass: Slide 2 at 1440 (2422-2075), 768 (2005-15790) and 375 (2005-24244) ALL draw the We gifted you note over a large circular skai-token mark, so the note is NOT surplus at any width and the earlier note retracting it was wrong. Slide 1 at 1440 (2005-8588) equally does NOT draw a badge image or tier label, so that surplus is not a tablet/mobile problem either. The two real deltas, and they hold at ALL THREE widths: the app's Slide 2 mark is the DB badge icon from getActiveOnboardingBadge where the frames draw the skai-token circle, and the app adds a tier-name line in #2DEDAD between the mark and the points that no frame at any width contains. Both are live DB-driven product content; deleting the tier line to match a May frame is the same class of call as deleting the Telegram social link, so it is reported, not built.
2422-2075	partial	/tmp/ob-shots/2005-8588.png	Congratulations Slide 2 1440. CORRECTION to the 2026-08-05 surplus finding, which measured one animation phase and read it as the whole screen. CompletionPage.tsx renders TWO stacked blocks: the default one (small mark plus the points row) and the revealed one (large mark, tier label, points row, We gifted you). Those are the frames' Slide 1 and Slide 2, not app surplus. Re-rendered every Congratulations frame this pass: Slide 2 at 1440 (2422-2075), 768 (2005-15790) and 375 (2005-24244) ALL draw the We gifted you note over a large circular skai-token mark, so the note is NOT surplus at any width and the earlier note retracting it was wrong. Slide 1 at 1440 (2005-8588) equally does NOT draw a badge image or tier label, so that surplus is not a tablet/mobile problem either. The two real deltas, and they hold at ALL THREE widths: the app's Slide 2 mark is the DB badge icon from getActiveOnboardingBadge where the frames draw the skai-token circle, and the app adds a tier-name line in #2DEDAD between the mark and the points that no frame at any width contains. Both are live DB-driven product content; deleting the tier line to match a May frame is the same class of call as deleting the Telegram social link, so it is reported, not built.
2005-7482	partial	ob-shots/dash-1440.png	BUILT THIS PASS the header-right stat, Figma Frame 183. Re-measured live at 1440 on /dashboard: block 52 tall (frame 2422:4021 is 239x52), label Manrope 14px/18px tracking -0.56px Core/White, value Mulish 22px/26px tracking -0.88px Core/White, gap 8, text-right, right edge 1206 against a 1028 max-width column - every one of those is the frame value. DATA: the two frame states share this one slot. Days to launch 2422:4022 now renders a real ticking countdown, verified end to end by stubbing site_config to return a future launch_date and watching it render 2 days - 05h 59m 40s in the frame's exact format against the frame's 2 days - 05h 59m 54s. No launch_date row exists in site_config and no launch timestamp exists anywhere else in the stack (the only other hit is prelaunch-page.tsx, whose launchDate prop is explicitly unused), so the countdown stays dormant and the slot shows the OTHER labelled state the frames draw - Total rewards 2422:4077 over users.skai_points, a real balance that read 1,331 live. Nothing is synthesised: with no real value for either state the block is not drawn at all. CORRECTION to the earlier grep-based verdict: Coming soon and Pioneer badge greppig 0 in DashboardPage.tsx did not mean unbuilt. Credited is badge-card.tsx statusLabel, Early adopter status is badgeSubtitle, and the badge name is DB-driven through getUserOnboardingBadge - the live dashboard renders Pioneer / Early adopter during platform beta phase / +500 SKAI Points / Credited exactly as the frame draws. Those strings live in @skai-trade/ui, not in the page file. REMAINING: the app draws cards these frames do not - DailyStreakMini, the tier ladder, the AI/Predict/Play tabs, the chat composer and the leaderboard - which is product built since the frame, not a fidelity miss.
2422-2943	partial	ob-shots/dash-1440.png	Pre-launch dashboard Live 1440. BUILT THIS PASS the header-right stat, Figma Frame 183. Re-measured live at 1440 on /dashboard: block 52 tall (frame 2422:4021 is 239x52), label Manrope 14px/18px tracking -0.56px Core/White, value Mulish 22px/26px tracking -0.88px Core/White, gap 8, text-right, right edge 1206 against a 1028 max-width column - every one of those is the frame value. DATA: the two frame states share this one slot. Days to launch 2422:4022 now renders a real ticking countdown, verified end to end by stubbing site_config to return a future launch_date and watching it render 2 days - 05h 59m 40s in the frame's exact format against the frame's 2 days - 05h 59m 54s. No launch_date row exists in site_config and no launch timestamp exists anywhere else in the stack (the only other hit is prelaunch-page.tsx, whose launchDate prop is explicitly unused), so the countdown stays dormant and the slot shows the OTHER labelled state the frames draw - Total rewards 2422:4077 over users.skai_points, a real balance that read 1,331 live. Nothing is synthesised: with no real value for either state the block is not drawn at all. This frame's defining node IS the Total rewards state, and that is now the state the app renders by default, with a real balance rather than the frame's static 500. CORRECTION to the earlier grep-based verdict: Coming soon and Pioneer badge greppig 0 in DashboardPage.tsx did not mean unbuilt. Credited is badge-card.tsx statusLabel, Early adopter status is badgeSubtitle, and the badge name is DB-driven through getUserOnboardingBadge - the live dashboard renders Pioneer / Early adopter during platform beta phase / +500 SKAI Points / Credited exactly as the frame draws. Those strings live in @skai-trade/ui, not in the page file. REMAINING: the app draws cards these frames do not - DailyStreakMini, the tier ladder, the AI/Predict/Play tabs, the chat composer and the leaderboard - which is product built since the frame, not a fidelity miss.
2481-11481	partial	ob-shots/dash-1440.png	Pre-launch dashboard Tooltip 1440. BUILT THIS PASS the header-right stat, Figma Frame 183. Re-measured live at 1440 on /dashboard: block 52 tall (frame 2422:4021 is 239x52), label Manrope 14px/18px tracking -0.56px Core/White, value Mulish 22px/26px tracking -0.88px Core/White, gap 8, text-right, right edge 1206 against a 1028 max-width column - every one of those is the frame value. DATA: the two frame states share this one slot. Days to launch 2422:4022 now renders a real ticking countdown, verified end to end by stubbing site_config to return a future launch_date and watching it render 2 days - 05h 59m 40s in the frame's exact format against the frame's 2 days - 05h 59m 54s. No launch_date row exists in site_config and no launch timestamp exists anywhere else in the stack (the only other hit is prelaunch-page.tsx, whose launchDate prop is explicitly unused), so the countdown stays dormant and the slot shows the OTHER labelled state the frames draw - Total rewards 2422:4077 over users.skai_points, a real balance that read 1,331 live. Nothing is synthesised: with no real value for either state the block is not drawn at all. STILL UNBUILT the coachmark this frame exists to show: Figma 2481:14734 is a 250x218 tool-tip anchored to a help icon on the badge card's subtitle line, and both the icon and the bubble belong to badge-card.tsx in modules/skai-ui. skai-landing consumes @skai-trade/ui from dist, so it cannot pick that up without a skai-ui library rebuild - declined this pass, see the status row.
2005-10763	partial	ob-shots/ver-1440.png	UPGRADED FROM deferred. The OTP modal IS reachable locally: only the thirdweb OTP-send endpoint embedded-wallet.thirdweb.com/api/2024-05-05/login/email needs stubbing 200, after which LandingWaitlist opens the real EmailVerificationModal - no Supabase involvement. Measured at 1440: Back 53x18 at 521,277, close 16x16 at 903,278, six OTP boxes at x 522/590/657/725/793/860, Continue 398x62 at 521,519, Resend line at y604. Against the desktop frame geometry the x-grid and the 62px Continue MATCH; DELTA the OTP box renders 58x58 where the frame draws 60x78, and the stack sits about 13px low DECLINED THIS PASS, not deferred silently: the fix lives in modules/skai-ui and skai-landing resolves @skai-trade/ui through a node_modules symlink to that package's dist, so nothing lands without a skai-ui library rebuild. That rebuild republishes a dist the main app, skai-landing and skai-wallet all consume, from whatever src every other live lane has committed, and the coordinator runs one main-app build at the end off it. Geometry is recorded here so a skai-ui lane can land it cheaply.
2005-12217	partial	ob-shots/ver-1440.png	UPGRADED FROM deferred. Same modal driven to the with-input state. Typing does not change box geometry, so the 58x58-vs-60x78 OTP delta recorded on 2005-10763 is the whole finding here too DECLINED THIS PASS, not deferred silently: the fix lives in modules/skai-ui and skai-landing resolves @skai-trade/ui through a node_modules symlink to that package's dist, so nothing lands without a skai-ui library rebuild. That rebuild republishes a dist the main app, skai-landing and skai-wallet all consume, from whatever src every other live lane has committed, and the coordinator runs one main-app build at the end off it. Geometry is recorded here so a skai-ui lane can land it cheaply.
2005-19956	partial	ob-shots/ver-768.png	UPGRADED FROM deferred. Verification with input at 768, reached the same way. Measured: six OTP boxes 64x54 at x 168/242/315/389/463/536 vs frame 2005-19935 66x76 at x 166/240/314/388/462/536 - the x-grid MATCHES to 2px, the box is 22px short. Continue 434x62 vs frame 436x54. Resend line at y660 vs frame y662 DECLINED THIS PASS, not deferred silently: the fix lives in modules/skai-ui and skai-landing resolves @skai-trade/ui through a node_modules symlink to that package's dist, so nothing lands without a skai-ui library rebuild. That rebuild republishes a dist the main app, skai-landing and skai-wallet all consume, from whatever src every other live lane has committed, and the coordinator runs one main-app build at the end off it. Geometry is recorded here so a skai-ui lane can land it cheaply.
2005-11493	partial	ob-shots/wc-1440.png	UPGRADED FROM deferred. WalletChoiceModal cannot be reached through the funnel without a real OTP verify, so it was mounted directly in a throwaway probe entry against the running dev server and the probe deleted afterwards. Measured at 1440: title 398x36 32/36 at 521,309, desc 398x24 18/24, two option rows 398x90 and 398x108. DELTA the frame draws a MATCHED pair of 400x88 rows; the app row 2 is 18px taller because Add Metamask, Coinbase, etc., to your account wraps to two lines in its 271px text box. Fix is in modules/skai-ui wallet-choice-modal.tsx DECLINED THIS PASS, not deferred silently: the fix lives in modules/skai-ui and skai-landing resolves @skai-trade/ui through a node_modules symlink to that package's dist, so nothing lands without a skai-ui library rebuild. That rebuild republishes a dist the main app, skai-landing and skai-wallet all consume, from whatever src every other live lane has committed, and the coordinator runs one main-app build at the end off it. Geometry is recorded here so a skai-ui lane can land it cheaply.
2086-39242	partial	ob-shots/extwallet-1440b.png	Link wallet 1440, the Temporary-landing twin of 2005-5185 - same /external-wallet route and component, and the fingerprint of the two frames differs only in canvas position. Re-rendered at 1440: heading 42/48, 4 wallet rows 472x72 at x484 exactly the frame list, Skip for now plus forward arrow. MISSING none. SURPLUS the shared skai-ui LandingHeader draws four socials (Discord X Telegram Instagram) where the frame draws three - cross-lane, and removing a live Telegram link to match a May frame would delete a working product link, so it is reported not built
2517-22923	partial	ob-shots/username-1440b.png	Reserve name 1440, twin of 2005-5908. closed off in the layer name is stale - get_metadata enumerates only the ordinary reserve-name flow, no closed-waitlist copy exists in the frame. /username at 1440 renders heading 42/48, skai.trade/ prefix field, Claim 332x66 r16. MISSING none. SURPLUS the shared skai-ui LandingHeader draws four socials (Discord X Telegram Instagram) where the frame draws three - cross-lane, and removing a live Telegram link to match a May frame would delete a working product link, so it is reported not built
2065-2229	partial	ob-shots/complete-1440b.png	Congratulations Slide 2 1440, Temporary-landing twin of 2422-2075. CORRECTION to the 2026-08-05 surplus finding, which measured one animation phase and read it as the whole screen. CompletionPage.tsx renders TWO stacked blocks: the default one (small mark plus the points row) and the revealed one (large mark, tier label, points row, We gifted you). Those are the frames' Slide 1 and Slide 2, not app surplus. Re-rendered every Congratulations frame this pass: Slide 2 at 1440 (2422-2075), 768 (2005-15790) and 375 (2005-24244) ALL draw the We gifted you note over a large circular skai-token mark, so the note is NOT surplus at any width and the earlier note retracting it was wrong. Slide 1 at 1440 (2005-8588) equally does NOT draw a badge image or tier label, so that surplus is not a tablet/mobile problem either. The two real deltas, and they hold at ALL THREE widths: the app's Slide 2 mark is the DB badge icon from getActiveOnboardingBadge where the frames draw the skai-token circle, and the app adds a tier-name line in #2DEDAD between the mark and the points that no frame at any width contains. Both are live DB-driven product content; deleting the tier line to match a May frame is the same class of call as deleting the Telegram social link, so it is reported, not built.
2065-4181	partial	ob-shots/complete-1440b.png	Congratulations Slide 1 1440, twin of 2005-8588. CORRECTION to the 2026-08-05 surplus finding, which measured one animation phase and read it as the whole screen. CompletionPage.tsx renders TWO stacked blocks: the default one (small mark plus the points row) and the revealed one (large mark, tier label, points row, We gifted you). Those are the frames' Slide 1 and Slide 2, not app surplus. Re-rendered every Congratulations frame this pass: Slide 2 at 1440 (2422-2075), 768 (2005-15790) and 375 (2005-24244) ALL draw the We gifted you note over a large circular skai-token mark, so the note is NOT surplus at any width and the earlier note retracting it was wrong. Slide 1 at 1440 (2005-8588) equally does NOT draw a badge image or tier label, so that surplus is not a tablet/mobile problem either. The two real deltas, and they hold at ALL THREE widths: the app's Slide 2 mark is the DB badge icon from getActiveOnboardingBadge where the frames draw the skai-token circle, and the app adds a tier-name line in #2DEDAD between the mark and the points that no frame at any width contains. Both are live DB-driven product content; deleting the tier line to match a May frame is the same class of call as deleting the Telegram social link, so it is reported, not built.
2459-9389	partial	ob-shots/dash-1440.png	Pre-launch dashboard Live - video 1440, sibling of 2422-2943. BUILT THIS PASS the header-right stat, Figma Frame 183. Re-measured live at 1440 on /dashboard: block 52 tall (frame 2422:4021 is 239x52), label Manrope 14px/18px tracking -0.56px Core/White, value Mulish 22px/26px tracking -0.88px Core/White, gap 8, text-right, right edge 1206 against a 1028 max-width column - every one of those is the frame value. DATA: the two frame states share this one slot. Days to launch 2422:4022 now renders a real ticking countdown, verified end to end by stubbing site_config to return a future launch_date and watching it render 2 days - 05h 59m 40s in the frame's exact format against the frame's 2 days - 05h 59m 54s. No launch_date row exists in site_config and no launch timestamp exists anywhere else in the stack (the only other hit is prelaunch-page.tsx, whose launchDate prop is explicitly unused), so the countdown stays dormant and the slot shows the OTHER labelled state the frames draw - Total rewards 2422:4077 over users.skai_points, a real balance that read 1,331 live. Nothing is synthesised: with no real value for either state the block is not drawn at all. The video slot was never the gap - DashboardPage.tsx already carries the media slide. REMAINING: the app draws cards these frames do not - DailyStreakMini, the tier ladder, the AI/Predict/Play tabs, the chat composer and the leaderboard - which is product built since the frame, not a fidelity miss.
2086-32903	partial	ob-shots/ver-1440.png	Verification 1440, twin of 2005-10763 - and NOT previously verifiable. Reached this pass by stubbing only the thirdweb OTP-send endpoint. Numeric vs 2086-32903: Back 53x18 at 521,277 vs frame 54x18 at 520,264; close 16x16 at 903 vs the frame 904; six OTP boxes at x 522/590/657/725/793/860 vs frame 520/588/656/724/792/860 - the x-grid MATCHES; Continue 398x62 vs frame 400x62 MATCHES. DELTA the OTP box is 58x58 where the frame draws 60x78, and the whole stack sits about 13px low DECLINED THIS PASS, not deferred silently: the fix lives in modules/skai-ui and skai-landing resolves @skai-trade/ui through a node_modules symlink to that package's dist, so nothing lands without a skai-ui library rebuild. That rebuild republishes a dist the main app, skai-landing and skai-wallet all consume, from whatever src every other live lane has committed, and the coordinator runs one main-app build at the end off it. Geometry is recorded here so a skai-ui lane can land it cheaply.
2086-36048	partial	ob-shots/ver-1440.png	Verification - with input 1440, twin of 2005-12217. Same modal with digits present; typing changes no box geometry, so the 58x58-vs-60x78 OTP delta from 2086-32903 is the whole finding. Everything else - Back row, close, x-grid, 398x62 Continue, resend line - matches DECLINED THIS PASS, not deferred silently: the fix lives in modules/skai-ui and skai-landing resolves @skai-trade/ui through a node_modules symlink to that package's dist, so nothing lands without a skai-ui library rebuild. That rebuild republishes a dist the main app, skai-landing and skai-wallet all consume, from whatever src every other live lane has committed, and the coordinator runs one main-app build at the end off it. Geometry is recorded here so a skai-ui lane can land it cheaply.
2086-37672	partial	ob-shots/wc-1440.png	Choose wallet 1440, twin of 2005-11493, reached by mounting the shipped WalletChoiceModal in a throwaway probe entry (deleted after the pass). Title 398x36 32/36 at 521,309 vs frame 400x36 at 520,320; desc 398x24 18/24 vs frame 400x24; close at 903 vs frame 904. DELTA the frame draws a MATCHED pair of 400x88 option rows; the app renders 398x90 then 398x108 because the second subtitle wraps to two lines in its 271px box. Cross-lane fix in modules/skai-ui wallet-choice-modal.tsx DECLINED THIS PASS, not deferred silently: the fix lives in modules/skai-ui and skai-landing resolves @skai-trade/ui through a node_modules symlink to that package's dist, so nothing lands without a skai-ui library rebuild. That rebuild republishes a dist the main app, skai-landing and skai-wallet all consume, from whatever src every other live lane has committed, and the coordinator runs one main-app build at the end off it. Geometry is recorded here so a skai-ui lane can land it cheaply.
10734-78750	deferred	-	v2 frame (node id >= 10700) from the 2026-08-04 Authentication (v2) directory. Casey has explicitly put the v2 set ON HOLD and it is desktop-only - 0 tablet, 0 mobile members. Deliberately NOT verified and NOT built by this pass. It is stamped deferred rather than left as an unstamped done, because the done it carried was an assertion no one had checked
10734-79425	deferred	-	v2 frame (node id >= 10700) from the 2026-08-04 Authentication (v2) directory. Casey has explicitly put the v2 set ON HOLD and it is desktop-only - 0 tablet, 0 mobile members. Deliberately NOT verified and NOT built by this pass. It is stamped deferred rather than left as an unstamped done, because the done it carried was an assertion no one had checked
10734-80273	deferred	-	v2 frame (node id >= 10700) from the 2026-08-04 Authentication (v2) directory. Casey has explicitly put the v2 set ON HOLD and it is desktop-only - 0 tablet, 0 mobile members. Deliberately NOT verified and NOT built by this pass. It is stamped deferred rather than left as an unstamped done, because the done it carried was an assertion no one had checked
10734-77246	deferred	-	v2 frame (node id >= 10700) from the 2026-08-04 Authentication (v2) directory. Casey has explicitly put the v2 set ON HOLD and it is desktop-only - 0 tablet, 0 mobile members. Deliberately NOT verified and NOT built by this pass. It is stamped deferred rather than left as an unstamped done, because the done it carried was an assertion no one had checked
10734-77935	deferred	-	v2 frame (node id >= 10700) from the 2026-08-04 Authentication (v2) directory. Casey has explicitly put the v2 set ON HOLD and it is desktop-only - 0 tablet, 0 mobile members. Deliberately NOT verified and NOT built by this pass. It is stamped deferred rather than left as an unstamped done, because the done it carried was an assertion no one had checked
2065-9242	partial	ob-shots/extwallet-768b.png	Link wallet 768, twin of 2005-13649. Re-measured: logo 122x48 at y249 exactly the frame instance, heading 32/40, wallet rows 368x54 at x200 matching the frame 368-wide list, Skip row present. MISSING none. SURPLUS the shared skai-ui LandingHeader draws four socials (Discord X Telegram Instagram) where the frame draws three - cross-lane, and removing a live Telegram link to match a May frame would delete a working product link, so it is reported not built
2065-9965	partial	ob-shots/username-768b.png	Reserve name 768, twin of 2005-14372. FIXED this pass: Claim was 332x52 and is now 332x54, the frame value. Remaining delta is the deliberate vertical centring from bug 55642bd9 - logo y 427 vs the frame 249. SURPLUS the shared skai-ui LandingHeader draws four socials (Discord X Telegram Instagram) where the frame draws three - cross-lane, and removing a live Telegram link to match a May frame would delete a working product link, so it is reported not built
2005-15075	partial	ob-shots/complete-768.png	Congratulations Slide 1 768. CORRECTION to the 2026-08-05 surplus finding, which measured one animation phase and read it as the whole screen. CompletionPage.tsx renders TWO stacked blocks: the default one (small mark plus the points row) and the revealed one (large mark, tier label, points row, We gifted you). Those are the frames' Slide 1 and Slide 2, not app surplus. Re-rendered every Congratulations frame this pass: Slide 2 at 1440 (2422-2075), 768 (2005-15790) and 375 (2005-24244) ALL draw the We gifted you note over a large circular skai-token mark, so the note is NOT surplus at any width and the earlier note retracting it was wrong. Slide 1 at 1440 (2005-8588) equally does NOT draw a badge image or tier label, so that surplus is not a tablet/mobile problem either. The two real deltas, and they hold at ALL THREE widths: the app's Slide 2 mark is the DB badge icon from getActiveOnboardingBadge where the frames draw the skai-token circle, and the app adds a tier-name line in #2DEDAD between the mark and the points that no frame at any width contains. Both are live DB-driven product content; deleting the tier line to match a May frame is the same class of call as deleting the Telegram social link, so it is reported, not built.
2065-10668	partial	ob-shots/complete-768.png	Congratulations Slide 1 768, twin of 2005-15075. CORRECTION to the 2026-08-05 surplus finding, which measured one animation phase and read it as the whole screen. CompletionPage.tsx renders TWO stacked blocks: the default one (small mark plus the points row) and the revealed one (large mark, tier label, points row, We gifted you). Those are the frames' Slide 1 and Slide 2, not app surplus. Re-rendered every Congratulations frame this pass: Slide 2 at 1440 (2422-2075), 768 (2005-15790) and 375 (2005-24244) ALL draw the We gifted you note over a large circular skai-token mark, so the note is NOT surplus at any width and the earlier note retracting it was wrong. Slide 1 at 1440 (2005-8588) equally does NOT draw a badge image or tier label, so that surplus is not a tablet/mobile problem either. The two real deltas, and they hold at ALL THREE widths: the app's Slide 2 mark is the DB badge icon from getActiveOnboardingBadge where the frames draw the skai-token circle, and the app adds a tier-name line in #2DEDAD between the mark and the points that no frame at any width contains. Both are live DB-driven product content; deleting the tier line to match a May frame is the same class of call as deleting the Telegram social link, so it is reported, not built.
2005-15790	partial	ob-shots/complete-768.png	Congratulations Slide 2 768. CORRECTION to the 2026-08-05 surplus finding, which measured one animation phase and read it as the whole screen. CompletionPage.tsx renders TWO stacked blocks: the default one (small mark plus the points row) and the revealed one (large mark, tier label, points row, We gifted you). Those are the frames' Slide 1 and Slide 2, not app surplus. Re-rendered every Congratulations frame this pass: Slide 2 at 1440 (2422-2075), 768 (2005-15790) and 375 (2005-24244) ALL draw the We gifted you note over a large circular skai-token mark, so the note is NOT surplus at any width and the earlier note retracting it was wrong. Slide 1 at 1440 (2005-8588) equally does NOT draw a badge image or tier label, so that surplus is not a tablet/mobile problem either. The two real deltas, and they hold at ALL THREE widths: the app's Slide 2 mark is the DB badge icon from getActiveOnboardingBadge where the frames draw the skai-token circle, and the app adds a tier-name line in #2DEDAD between the mark and the points that no frame at any width contains. Both are live DB-driven product content; deleting the tier line to match a May frame is the same class of call as deleting the Telegram social link, so it is reported, not built.
2065-11383	partial	ob-shots/complete-768.png	Congratulations Slide 2 768, twin of 2005-15790. CORRECTION to the 2026-08-05 surplus finding, which measured one animation phase and read it as the whole screen. CompletionPage.tsx renders TWO stacked blocks: the default one (small mark plus the points row) and the revealed one (large mark, tier label, points row, We gifted you). Those are the frames' Slide 1 and Slide 2, not app surplus. Re-rendered every Congratulations frame this pass: Slide 2 at 1440 (2422-2075), 768 (2005-15790) and 375 (2005-24244) ALL draw the We gifted you note over a large circular skai-token mark, so the note is NOT surplus at any width and the earlier note retracting it was wrong. Slide 1 at 1440 (2005-8588) equally does NOT draw a badge image or tier label, so that surplus is not a tablet/mobile problem either. The two real deltas, and they hold at ALL THREE widths: the app's Slide 2 mark is the DB badge icon from getActiveOnboardingBadge where the frames draw the skai-token circle, and the app adds a tier-name line in #2DEDAD between the mark and the points that no frame at any width contains. Both are live DB-driven product content; deleting the tier line to match a May frame is the same class of call as deleting the Telegram social link, so it is reported, not built.
2005-16658	partial	ob-shots/dash-768.png	Pre-launch dashboard 768. BUILT THIS PASS the header-right stat, Figma Frame 183. Re-measured live at 768 on /dashboard: block 42 tall (frame 2005:17015 is 180x42.03), label Manrope 12px/16px tracking -0.48px, value Mulish 16px/20px tracking -0.64px, gap 6, text-right - all frame values. The block sits 22px further right than the frame draws it because the app header is padded px-6 where the frame insets the stat 54 from the canvas edge. DATA: the two frame states share this one slot. Days to launch 2422:4022 now renders a real ticking countdown, verified end to end by stubbing site_config to return a future launch_date and watching it render 2 days - 05h 59m 40s in the frame's exact format against the frame's 2 days - 05h 59m 54s. No launch_date row exists in site_config and no launch timestamp exists anywhere else in the stack (the only other hit is prelaunch-page.tsx, whose launchDate prop is explicitly unused), so the countdown stays dormant and the slot shows the OTHER labelled state the frames draw - Total rewards 2422:4077 over users.skai_points, a real balance that read 1,331 live. Nothing is synthesised: with no real value for either state the block is not drawn at all. CORRECTION to the earlier grep-based verdict: Coming soon and Pioneer badge greppig 0 in DashboardPage.tsx did not mean unbuilt. Credited is badge-card.tsx statusLabel, Early adopter status is badgeSubtitle, and the badge name is DB-driven through getUserOnboardingBadge - the live dashboard renders Pioneer / Early adopter during platform beta phase / +500 SKAI Points / Credited exactly as the frame draws. Those strings live in @skai-trade/ui, not in the page file. REMAINING: the app draws cards these frames do not - DailyStreakMini, the tier ladder, the AI/Predict/Play tabs, the chat composer and the leaderboard - which is product built since the frame, not a fidelity miss.
2424-4081	partial	ob-shots/dash-768.png	Pre-launch dashboard Live 768. BUILT THIS PASS the header-right stat, Figma Frame 183. Re-measured live at 768 on /dashboard: block 42 tall (frame 2005:17015 is 180x42.03), label Manrope 12px/16px tracking -0.48px, value Mulish 16px/20px tracking -0.64px, gap 6, text-right - all frame values. The block sits 22px further right than the frame draws it because the app header is padded px-6 where the frame insets the stat 54 from the canvas edge. DATA: the two frame states share this one slot. Days to launch 2422:4022 now renders a real ticking countdown, verified end to end by stubbing site_config to return a future launch_date and watching it render 2 days - 05h 59m 40s in the frame's exact format against the frame's 2 days - 05h 59m 54s. No launch_date row exists in site_config and no launch timestamp exists anywhere else in the stack (the only other hit is prelaunch-page.tsx, whose launchDate prop is explicitly unused), so the countdown stays dormant and the slot shows the OTHER labelled state the frames draw - Total rewards 2422:4077 over users.skai_points, a real balance that read 1,331 live. Nothing is synthesised: with no real value for either state the block is not drawn at all. The tile that defines the Live variant is now built and measured at this breakpoint. REMAINING: the app draws cards these frames do not - DailyStreakMini, the tier ladder, the AI/Predict/Play tabs, the chat composer and the leaderboard - which is product built since the frame, not a fidelity miss.
2481-14785	partial	ob-shots/dash-768.png	Pre-launch dashboard Live - Tooltip 768. BUILT THIS PASS the header-right stat, Figma Frame 183. Re-measured live at 768 on /dashboard: block 42 tall (frame 2005:17015 is 180x42.03), label Manrope 12px/16px tracking -0.48px, value Mulish 16px/20px tracking -0.64px, gap 6, text-right - all frame values. The block sits 22px further right than the frame draws it because the app header is padded px-6 where the frame insets the stat 54 from the canvas edge. DATA: the two frame states share this one slot. Days to launch 2422:4022 now renders a real ticking countdown, verified end to end by stubbing site_config to return a future launch_date and watching it render 2 days - 05h 59m 40s in the frame's exact format against the frame's 2 days - 05h 59m 54s. No launch_date row exists in site_config and no launch timestamp exists anywhere else in the stack (the only other hit is prelaunch-page.tsx, whose launchDate prop is explicitly unused), so the countdown stays dormant and the slot shows the OTHER labelled state the frames draw - Total rewards 2422:4077 over users.skai_points, a real balance that read 1,331 live. Nothing is synthesised: with no real value for either state the block is not drawn at all. STILL UNBUILT the coachmark this frame exists to show: Figma 2481:14734 is a 250x218 tool-tip anchored to a help icon on the badge card's subtitle line, and both the icon and the bubble belong to badge-card.tsx in modules/skai-ui. skai-landing consumes @skai-trade/ui from dist, so it cannot pick that up without a skai-ui library rebuild - declined this pass, see the status row.
2005-17764	partial	ob-shots/ea-768.png	Get early access 768. Modal measured against frame 2005-18458 468x437 at 150,294: close 16x16 at 585,310 vs frame 586,310 MATCH; input 434x55 r14 at 167,468 vs frame 436x58 at 166,461; Continue 434x53 vs frame 436x54; Google 213x56 at 167,658 and Apple 213x56 at 388,658 vs frame 214x54 at 166,661 and 388,661 - the two-up grid MATCHES. Underlying page CTA 332x54 and logo 122x48 both match the tablet frame. MISSING the in-field enter affordance, frame 2005-18474: icon/enter 16x16 plus an enter label 71px wide pinned to the input right edge DECLINED THIS PASS, not deferred silently: the fix lives in modules/skai-ui and skai-landing resolves @skai-trade/ui through a node_modules symlink to that package's dist, so nothing lands without a skai-ui library rebuild. That rebuild republishes a dist the main app, skai-landing and skai-wallet all consume, from whatever src every other live lane has committed, and the coordinator runs one main-app build at the end off it. Geometry is recorded here so a skai-ui lane can land it cheaply.
2005-18495	partial	ob-shots/eainput-768.png	Get early access - with input 768. Filled the field and re-measured: geometry is identical to the empty state, so the missing enter affordance from 2005-17764 is unconditional rather than a state the app simply had not entered DECLINED THIS PASS, not deferred silently: the fix lives in modules/skai-ui and skai-landing resolves @skai-trade/ui through a node_modules symlink to that package's dist, so nothing lands without a skai-ui library rebuild. That rebuild republishes a dist the main app, skai-landing and skai-wallet all consume, from whatever src every other live lane has committed, and the coordinator runs one main-app build at the end off it. Geometry is recorded here so a skai-ui lane can land it cheaply.
2005-19226	partial	ob-shots/ver-768.png	Verification 768. Reached by stubbing only the thirdweb OTP-send endpoint. Measured vs frame 2005-19920 468x379 at 150,323: Back 53x18 at 167,345 and close at 585,346 vs frame 166,339 and 586,339; six OTP boxes at x 168/242/315/389/463/536 vs frame 166/240/314/388/462/536 - the x-grid MATCHES to 2px. DELTA the box is 64x54 where the frame draws 66x76, and Continue is 434x62 where the frame draws 436x54 DECLINED THIS PASS, not deferred silently: the fix lives in modules/skai-ui and skai-landing resolves @skai-trade/ui through a node_modules symlink to that package's dist, so nothing lands without a skai-ui library rebuild. That rebuild republishes a dist the main app, skai-landing and skai-wallet all consume, from whatever src every other live lane has committed, and the coordinator runs one main-app build at the end off it. Geometry is recorded here so a skai-ui lane can land it cheaply.
2598-2383	partial	ob-shots/ver-768.png	Verification 768, Temporary-landing twin of 2005-19226 - same modal, same component, same measurements and the same 64x54-vs-66x76 OTP delta DECLINED THIS PASS, not deferred silently: the fix lives in modules/skai-ui and skai-landing resolves @skai-trade/ui through a node_modules symlink to that package's dist, so nothing lands without a skai-ui library rebuild. That rebuild republishes a dist the main app, skai-landing and skai-wallet all consume, from whatever src every other live lane has committed, and the coordinator runs one main-app build at the end off it. Geometry is recorded here so a skai-ui lane can land it cheaply.
2598-3863	partial	ob-shots/ver-768.png	Verification - with input 768, twin of 2005-19956. Digits present do not change box geometry, so the OTP box height and the 62-vs-54 Continue are the whole finding DECLINED THIS PASS, not deferred silently: the fix lives in modules/skai-ui and skai-landing resolves @skai-trade/ui through a node_modules symlink to that package's dist, so nothing lands without a skai-ui library rebuild. That rebuild republishes a dist the main app, skai-landing and skai-wallet all consume, from whatever src every other live lane has committed, and the coordinator runs one main-app build at the end off it. Geometry is recorded here so a skai-ui lane can land it cheaply.
2005-20686	partial	ob-shots/wc-768.png	Choose wallet 768, mounted through a throwaway probe entry (deleted after the pass). Measured vs frame 2005-21380 468x317 at 150,354: title 434x28 24/28 at 167,389 vs frame 436x28 at 166,410; desc 434x22 vs frame 436x19; close at 585,353 vs frame 586,370. DELTA both option rows render 434x90 where the frame draws 436x70 - 20px too tall each, which also lifts the modal 17px DECLINED THIS PASS, not deferred silently: the fix lives in modules/skai-ui and skai-landing resolves @skai-trade/ui through a node_modules symlink to that package's dist, so nothing lands without a skai-ui library rebuild. That rebuild republishes a dist the main app, skai-landing and skai-wallet all consume, from whatever src every other live lane has committed, and the coordinator runs one main-app build at the end off it. Geometry is recorded here so a skai-ui lane can land it cheaply.
2065-16254	partial	ob-shots/wc-768.png	Choose wallet 768, twin of 2005-20686 - same component, same measurements, same 90-vs-70 row height DECLINED THIS PASS, not deferred silently: the fix lives in modules/skai-ui and skai-landing resolves @skai-trade/ui through a node_modules symlink to that package's dist, so nothing lands without a skai-ui library rebuild. That rebuild republishes a dist the main app, skai-landing and skai-wallet all consume, from whatever src every other live lane has committed, and the coordinator runs one main-app build at the end off it. Geometry is recorded here so a skai-ui lane can land it cheaply.
2005-21410	partial	ob-shots/landing-375b.png	Onboarding 375 - the first mobile verdict this screen has ever carried. Measured vs frame 2005-21410: h1 24/30 ls-0.96 MATCHES the frame 329x61 two-line block; subhead 12/18 MATCHES; counter row present with the live get_waitlist_count value. FIXED this pass: the CTA was 332x54 (the tablet height) and is now 332x44, the frame Button/large 2005-22095 height - the ramp is now 44 -> 54 -> 66 across the three frames. DELTA every 375 frame instances logos/skai-short at 87x36, the smallest of the three breakpoints; the app renders the 48px medium mark (122x48). SkaiLogo has no 36px step (24/32/48/64), so picking 32 vs 48 is a design call and is reported not built DELTA at 375 the header renders only TWO socials (Discord 303, X 343) because Telegram and Instagram are display:none, where the frame draws THREE at 240/288/336 - cross-lane in modules/skai-ui landing-header.tsx
2005-22103	partial	ob-shots/extwallet-375b.png	Link wallet 375. FIXED this pass: the page was rendering the 162x64 LARGE lockup at mobile because ExternalWallet.tsx used md:hidden lg:block on the large mark, which also shows it below md - every sibling page steps down to 48. Now 122x48, matching UsernamePage and CompletionPage. Remaining vs the frame: rows render 311x50 at x32 where the frame draws 328x46 at x24, and DELTA every 375 frame instances logos/skai-short at 87x36, the smallest of the three breakpoints; the app renders the 48px medium mark (122x48). SkaiLogo has no 36px step (24/32/48/64), so picking 32 vs 48 is a design call and is reported not built Frame copy note: the frame subtitle reads Connect your external wallet where content.ts ships Connect your existing wallet - a one-word copy delta on curated approved copy, reported not changed. DELTA at 375 the header renders only TWO socials (Discord 303, X 343) because Telegram and Instagram are display:none, where the frame draws THREE at 240/288/336 - cross-lane in modules/skai-ui landing-header.tsx
2065-17671	partial	ob-shots/extwallet-375b.png	Link wallet 375, Temporary-landing twin of 2005-22103 - fingerprint diff shows the same screen with the wallet rows drawn as CTA/button instances 328x44 on a 56px pitch rather than 328x46 on 58, and the content block 8px higher. Same route, same component, so the same verdict and the same mobile-logo fix applies
2005-22826	partial	ob-shots/username-375b.png	Reserve name 375. FIXED this pass: Claim was 311x52 and is now 311x44, the frame Button/large 2005-23527 height. Measured: h1 24/30 MATCHES the frame 329x30; subhead 12/18 MATCHES; the skai.trade/ prefix field renders 20/24 against the frame 24px line box. Remaining: the app content column is 311 wide at x32 where the frame draws 328 at x24, and DELTA every 375 frame instances logos/skai-short at 87x36, the smallest of the three breakpoints; the app renders the 48px medium mark (122x48). SkaiLogo has no 36px step (24/32/48/64), so picking 32 vs 48 is a design call and is reported not built
2065-18394	partial	ob-shots/username-375b.png	Reserve name 375, twin of 2005-22826 - fingerprint diff shows the same screen with a 328x48 field instead of 328x37 and the button 11px lower. Same route and component, so the same verdict and the same Claim-height fix applies
2005-23529	partial	ob-shots/complete-375.png	Congratulations Slide 1 375. CORRECTION to the 2026-08-05 surplus finding, which measured one animation phase and read it as the whole screen. CompletionPage.tsx renders TWO stacked blocks: the default one (small mark plus the points row) and the revealed one (large mark, tier label, points row, We gifted you). Those are the frames' Slide 1 and Slide 2, not app surplus. Re-rendered every Congratulations frame this pass: Slide 2 at 1440 (2422-2075), 768 (2005-15790) and 375 (2005-24244) ALL draw the We gifted you note over a large circular skai-token mark, so the note is NOT surplus at any width and the earlier note retracting it was wrong. Slide 1 at 1440 (2005-8588) equally does NOT draw a badge image or tier label, so that surplus is not a tablet/mobile problem either. The two real deltas, and they hold at ALL THREE widths: the app's Slide 2 mark is the DB badge icon from getActiveOnboardingBadge where the frames draw the skai-token circle, and the app adds a tier-name line in #2DEDAD between the mark and the points that no frame at any width contains. Both are live DB-driven product content; deleting the tier line to match a May frame is the same class of call as deleting the Telegram social link, so it is reported, not built.
2065-19097	partial	ob-shots/complete-375.png	Congratulations Slide 1 375, twin of 2005-23529. CORRECTION to the 2026-08-05 surplus finding, which measured one animation phase and read it as the whole screen. CompletionPage.tsx renders TWO stacked blocks: the default one (small mark plus the points row) and the revealed one (large mark, tier label, points row, We gifted you). Those are the frames' Slide 1 and Slide 2, not app surplus. Re-rendered every Congratulations frame this pass: Slide 2 at 1440 (2422-2075), 768 (2005-15790) and 375 (2005-24244) ALL draw the We gifted you note over a large circular skai-token mark, so the note is NOT surplus at any width and the earlier note retracting it was wrong. Slide 1 at 1440 (2005-8588) equally does NOT draw a badge image or tier label, so that surplus is not a tablet/mobile problem either. The two real deltas, and they hold at ALL THREE widths: the app's Slide 2 mark is the DB badge icon from getActiveOnboardingBadge where the frames draw the skai-token circle, and the app adds a tier-name line in #2DEDAD between the mark and the points that no frame at any width contains. Both are live DB-driven product content; deleting the tier line to match a May frame is the same class of call as deleting the Telegram social link, so it is reported, not built.
2005-24244	partial	ob-shots/complete-375.png	Congratulations Slide 2 375. CORRECTION to the 2026-08-05 surplus finding, which measured one animation phase and read it as the whole screen. CompletionPage.tsx renders TWO stacked blocks: the default one (small mark plus the points row) and the revealed one (large mark, tier label, points row, We gifted you). Those are the frames' Slide 1 and Slide 2, not app surplus. Re-rendered every Congratulations frame this pass: Slide 2 at 1440 (2422-2075), 768 (2005-15790) and 375 (2005-24244) ALL draw the We gifted you note over a large circular skai-token mark, so the note is NOT surplus at any width and the earlier note retracting it was wrong. Slide 1 at 1440 (2005-8588) equally does NOT draw a badge image or tier label, so that surplus is not a tablet/mobile problem either. The two real deltas, and they hold at ALL THREE widths: the app's Slide 2 mark is the DB badge icon from getActiveOnboardingBadge where the frames draw the skai-token circle, and the app adds a tier-name line in #2DEDAD between the mark and the points that no frame at any width contains. Both are live DB-driven product content; deleting the tier line to match a May frame is the same class of call as deleting the Telegram social link, so it is reported, not built.
2065-19812	partial	ob-shots/complete-375.png	Congratulations Slide 2 375, twin of 2005-24244. CORRECTION to the 2026-08-05 surplus finding, which measured one animation phase and read it as the whole screen. CompletionPage.tsx renders TWO stacked blocks: the default one (small mark plus the points row) and the revealed one (large mark, tier label, points row, We gifted you). Those are the frames' Slide 1 and Slide 2, not app surplus. Re-rendered every Congratulations frame this pass: Slide 2 at 1440 (2422-2075), 768 (2005-15790) and 375 (2005-24244) ALL draw the We gifted you note over a large circular skai-token mark, so the note is NOT surplus at any width and the earlier note retracting it was wrong. Slide 1 at 1440 (2005-8588) equally does NOT draw a badge image or tier label, so that surplus is not a tablet/mobile problem either. The two real deltas, and they hold at ALL THREE widths: the app's Slide 2 mark is the DB badge icon from getActiveOnboardingBadge where the frames draw the skai-token circle, and the app adds a tier-name line in #2DEDAD between the mark and the points that no frame at any width contains. Both are live DB-driven product content; deleting the tier line to match a May frame is the same class of call as deleting the Telegram social link, so it is reported, not built.
2005-25112	partial	ob-shots/dash-375.png	Pre-launch dashboard 375. BUILT THIS PASS the header-right stat, Figma Frame 183. Re-measured live at 375 on /dashboard: block 36 tall at y=24 (frame 2005:27206 is 180x36.03 at y=24 - exact), label Manrope 12px/14px tracking -0.48px, value Mulish 14px/16px tracking -0.56px, gap 6, text-right - all frame values. DATA: the two frame states share this one slot. Days to launch 2422:4022 now renders a real ticking countdown, verified end to end by stubbing site_config to return a future launch_date and watching it render 2 days - 05h 59m 40s in the frame's exact format against the frame's 2 days - 05h 59m 54s. No launch_date row exists in site_config and no launch timestamp exists anywhere else in the stack (the only other hit is prelaunch-page.tsx, whose launchDate prop is explicitly unused), so the countdown stays dormant and the slot shows the OTHER labelled state the frames draw - Total rewards 2422:4077 over users.skai_points, a real balance that read 1,331 live. Nothing is synthesised: with no real value for either state the block is not drawn at all. CORRECTION to the earlier grep-based verdict: Coming soon and Pioneer badge greppig 0 in DashboardPage.tsx did not mean unbuilt. Credited is badge-card.tsx statusLabel, Early adopter status is badgeSubtitle, and the badge name is DB-driven through getUserOnboardingBadge - the live dashboard renders Pioneer / Early adopter during platform beta phase / +500 SKAI Points / Credited exactly as the frame draws. Those strings live in @skai-trade/ui, not in the page file. REMAINING: the app draws cards these frames do not - DailyStreakMini, the tier ladder, the AI/Predict/Play tabs, the chat composer and the leaderboard - which is product built since the frame, not a fidelity miss.
2424-7715	partial	ob-shots/dash-375.png	Pre-launch dashboard - Live 375. BUILT THIS PASS the header-right stat, Figma Frame 183. Re-measured live at 375 on /dashboard: block 36 tall at y=24 (frame 2005:27206 is 180x36.03 at y=24 - exact), label Manrope 12px/14px tracking -0.48px, value Mulish 14px/16px tracking -0.56px, gap 6, text-right - all frame values. DATA: the two frame states share this one slot. Days to launch 2422:4022 now renders a real ticking countdown, verified end to end by stubbing site_config to return a future launch_date and watching it render 2 days - 05h 59m 40s in the frame's exact format against the frame's 2 days - 05h 59m 54s. No launch_date row exists in site_config and no launch timestamp exists anywhere else in the stack (the only other hit is prelaunch-page.tsx, whose launchDate prop is explicitly unused), so the countdown stays dormant and the slot shows the OTHER labelled state the frames draw - Total rewards 2422:4077 over users.skai_points, a real balance that read 1,331 live. Nothing is synthesised: with no real value for either state the block is not drawn at all. The tile that defines the Live variant is now built and measured at this breakpoint. REMAINING: the app draws cards these frames do not - DailyStreakMini, the tier ladder, the AI/Predict/Play tabs, the chat composer and the leaderboard - which is product built since the frame, not a fidelity miss.
2481-15918	partial	ob-shots/dash-375.png	Pre-launch dashboard Live - Tooltip 375. BUILT THIS PASS the header-right stat, Figma Frame 183. Re-measured live at 375 on /dashboard: block 36 tall at y=24 (frame 2005:27206 is 180x36.03 at y=24 - exact), label Manrope 12px/14px tracking -0.48px, value Mulish 14px/16px tracking -0.56px, gap 6, text-right - all frame values. DATA: the two frame states share this one slot. Days to launch 2422:4022 now renders a real ticking countdown, verified end to end by stubbing site_config to return a future launch_date and watching it render 2 days - 05h 59m 40s in the frame's exact format against the frame's 2 days - 05h 59m 54s. No launch_date row exists in site_config and no launch timestamp exists anywhere else in the stack (the only other hit is prelaunch-page.tsx, whose launchDate prop is explicitly unused), so the countdown stays dormant and the slot shows the OTHER labelled state the frames draw - Total rewards 2422:4077 over users.skai_points, a real balance that read 1,331 live. Nothing is synthesised: with no real value for either state the block is not drawn at all. STILL UNBUILT the coachmark this frame exists to show: Figma 2481:14734 is a 250x218 tool-tip anchored to a help icon on the badge card's subtitle line, and both the icon and the bubble belong to badge-card.tsx in modules/skai-ui. skai-landing consumes @skai-trade/ui from dist, so it cannot pick that up without a skai-ui library rebuild - declined this pass, see the status row.
2005-26526	partial	ob-shots/dash-375.png	Pre-launch dashboard 375 at 1006px tall - the scrolling variant, and the frame that spells the gap out in text. BUILT THIS PASS the header-right stat, Figma Frame 183. Re-measured live at 375 on /dashboard: block 36 tall at y=24 (frame 2005:27206 is 180x36.03 at y=24 - exact), label Manrope 12px/14px tracking -0.48px, value Mulish 14px/16px tracking -0.56px, gap 6, text-right - all frame values. DATA: the two frame states share this one slot. Days to launch 2422:4022 now renders a real ticking countdown, verified end to end by stubbing site_config to return a future launch_date and watching it render 2 days - 05h 59m 40s in the frame's exact format against the frame's 2 days - 05h 59m 54s. No launch_date row exists in site_config and no launch timestamp exists anywhere else in the stack (the only other hit is prelaunch-page.tsx, whose launchDate prop is explicitly unused), so the countdown stays dormant and the slot shows the OTHER labelled state the frames draw - Total rewards 2422:4077 over users.skai_points, a real balance that read 1,331 live. Nothing is synthesised: with no real value for either state the block is not drawn at all. Its Days to launch block is Frame 182 at x=172 y=24 w=180 h=36.03 in the header row beside the logo, not a bento tile, and the app now draws that block at y=24 with the same 36 height. CORRECTION to the earlier grep-based verdict: Coming soon and Pioneer badge greppig 0 in DashboardPage.tsx did not mean unbuilt. Credited is badge-card.tsx statusLabel, Early adopter status is badgeSubtitle, and the badge name is DB-driven through getUserOnboardingBadge - the live dashboard renders Pioneer / Early adopter during platform beta phase / +500 SKAI Points / Credited exactly as the frame draws. Those strings live in @skai-trade/ui, not in the page file. Referral link, COPY, Share to X, Share to Instagram and Join Skai on Discord were already built.
2005-27956	partial	ob-shots/ea-375.png	Get early access 375. Modal measured vs frame 2005-28650 358x378 at 8,217.5: the outer box matches - app content 309 wide at x33 implies a 357-wide modal at x9. DELTA the app uses 24px internal padding where the frame uses 8, so every control is 33px narrower than drawn; Continue renders 309x52 vs the frame 342x44; Google/Apple render 151x54 each vs the frame 167x46. MISSING the in-field enter affordance, frame 2005-28666: icon/enter 16x16 plus an ENTER label 66px wide at the input right edge DECLINED THIS PASS, not deferred silently: the fix lives in modules/skai-ui and skai-landing resolves @skai-trade/ui through a node_modules symlink to that package's dist, so nothing lands without a skai-ui library rebuild. That rebuild republishes a dist the main app, skai-landing and skai-wallet all consume, from whatever src every other live lane has committed, and the coordinator runs one main-app build at the end off it. Geometry is recorded here so a skai-ui lane can land it cheaply.
2005-28687	partial	ob-shots/eainput-375.png	Get early access - with input 375. Filled the field and re-measured: identical geometry to the empty state, confirming the enter affordance is unconditionally absent rather than state-gated DECLINED THIS PASS, not deferred silently: the fix lives in modules/skai-ui and skai-landing resolves @skai-trade/ui through a node_modules symlink to that package's dist, so nothing lands without a skai-ui library rebuild. That rebuild republishes a dist the main app, skai-landing and skai-wallet all consume, from whatever src every other live lane has committed, and the coordinator runs one main-app build at the end off it. Geometry is recorded here so a skai-ui lane can land it cheaply.
2005-29418	partial	ob-shots/ver-375.png	Verification 375. Reached by stubbing only the thirdweb OTP-send endpoint. Measured vs frame 2005-30112 358x326 at 8,243.5: Back at 33,258 and close at 326,259 vs frame 24,259.5 and 334,259.5. DELTA six OTP boxes render 42x46 at x 38/90/141/193/244/296 where the frame draws 50x72 at x 16/74/133/191/249/308 - both narrower and 26px shorter; Continue 309x52 vs the frame 342x44, again from the 24-vs-8 modal padding DECLINED THIS PASS, not deferred silently: the fix lives in modules/skai-ui and skai-landing resolves @skai-trade/ui through a node_modules symlink to that package's dist, so nothing lands without a skai-ui library rebuild. That rebuild republishes a dist the main app, skai-landing and skai-wallet all consume, from whatever src every other live lane has committed, and the coordinator runs one main-app build at the end off it. Geometry is recorded here so a skai-ui lane can land it cheaply.
2065-24936	partial	ob-shots/ver-375.png	Verification 375, Temporary-landing twin of 2005-29418 - same modal and component, same measurements, same OTP-box and padding deltas DECLINED THIS PASS, not deferred silently: the fix lives in modules/skai-ui and skai-landing resolves @skai-trade/ui through a node_modules symlink to that package's dist, so nothing lands without a skai-ui library rebuild. That rebuild republishes a dist the main app, skai-landing and skai-wallet all consume, from whatever src every other live lane has committed, and the coordinator runs one main-app build at the end off it. Geometry is recorded here so a skai-ui lane can land it cheaply.
2005-30148	partial	ob-shots/ver-375.png	Verification 375 - the title is a duplicate of 2005-29418 but the CONTENT is the with-input state: the fingerprint diff is exactly the six OTP glyphs, 1 5 7 4 1 9 against 0 0 0 0 0 0, and the modal 1px higher. Same geometry, so the same verdict DECLINED THIS PASS, not deferred silently: the fix lives in modules/skai-ui and skai-landing resolves @skai-trade/ui through a node_modules symlink to that package's dist, so nothing lands without a skai-ui library rebuild. That rebuild republishes a dist the main app, skai-landing and skai-wallet all consume, from whatever src every other live lane has committed, and the coordinator runs one main-app build at the end off it. Geometry is recorded here so a skai-ui lane can land it cheaply.
2065-25666	partial	ob-shots/ver-375.png	Verification - with input 375, twin of 2005-30148. Same modal, same measurements, same OTP-box delta DECLINED THIS PASS, not deferred silently: the fix lives in modules/skai-ui and skai-landing resolves @skai-trade/ui through a node_modules symlink to that package's dist, so nothing lands without a skai-ui library rebuild. That rebuild republishes a dist the main app, skai-landing and skai-wallet all consume, from whatever src every other live lane has committed, and the coordinator runs one main-app build at the end off it. Geometry is recorded here so a skai-ui lane can land it cheaply.
2005-30878	partial	ob-shots/wc-375.png	Choose wallet 375, mounted through a throwaway probe entry (deleted after the pass). Measured vs frame 2005-31572 358x266 at 8,273: title 309x24 20/24 at 33,302 vs frame 342x24 at 16,325; close at 326,270 vs frame 334,289. DELTA the option rows render 309x74 and 309x82 where the frame draws a matched pair of 342x60 - both too tall and unequal, the second because its subtitle wraps DECLINED THIS PASS, not deferred silently: the fix lives in modules/skai-ui and skai-landing resolves @skai-trade/ui through a node_modules symlink to that package's dist, so nothing lands without a skai-ui library rebuild. That rebuild republishes a dist the main app, skai-landing and skai-wallet all consume, from whatever src every other live lane has committed, and the coordinator runs one main-app build at the end off it. Geometry is recorded here so a skai-ui lane can land it cheaply.
2065-26396	partial	ob-shots/wc-375.png	Choose wallet 375, twin of 2005-30878 - same component, same measurements, same 74/82-vs-60/60 row delta DECLINED THIS PASS, not deferred silently: the fix lives in modules/skai-ui and skai-landing resolves @skai-trade/ui through a node_modules symlink to that package's dist, so nothing lands without a skai-ui library rebuild. That rebuild republishes a dist the main app, skai-landing and skai-wallet all consume, from whatever src every other live lane has committed, and the coordinator runs one main-app build at the end off it. Geometry is recorded here so a skai-ui lane can land it cheaply.
2065-110	partial	-	Temporary landing 1440, node read live 2026-09-14 (get_metadata, whole tree) - wave 39 could not open it when the seat burst cap closed. Mark 154x64 at 643,100; content 621 at 409,244 with the headline 547x98 inset 37 and the sub 621x48 at +124; navs at 32,32 and x1291 with THREE socials. These all equal Onboarding 1440 (2005-4492). DELTA the CTA: frame 2065:779 at 554,464 draws CTA/button 332x70 with the CRO row 32 below, where 2005-4492 draws 66 and LandingWaitlist ships h-[66px]; the counter reads 200k over Traders are already winning with us, where the page draws the live get_waitlist_count. This corrects the wave 39 reading that attributed the 70-tall button and the 200k line to the August v2 set alone - the MAY Temporary-landing branch, same route, draws both. Two frames of one route disagree, so the height stays a Casey ruling. SURPLUS the shared skai-ui LandingHeader still draws four socials.
2065-8549	partial	-	Temporary landing 768, node read live 2026-09-14. Mark 116x48 at 326,280; content 467 at 150,376 with the headline 415x81 inset 26 and the sub 467x37 at +105 - identical to Onboarding 768 (2005-12956). DELTA CTA frame 2065:9233 at 218,558 draws the button 332x50 with the CRO row 24 below, where 2005-12956 draws 54 and the page ships 54; counter 200k Users are already winning with us. Navs at 30,30 and x621, three socials. Same ruling as 2065-110.
2065-16978	partial	-	Temporary landing 375, node read live 2026-09-14. Mark 87x36 centred at 144,246; content 329 at 23,314 with the headline 329x61 and the sub 295 wide at +77 inset 17; CTA 328x76 at 24,477 - button 328x44, CRO at +60. The 44 button matches both the shipped value and Onboarding 375 (2005-21410), so the two branches agree at mobile; the stack sits 10px higher than 2005-21410 (mark 246 vs 248, content 314 vs 324, CTA 477 vs 487) and the page is built to the Onboarding board. MISSING none in this file. SURPLUS/DEFICIT the frame draws three socials at x235 where LandingHeader hides Telegram and Instagram under 640 and renders two - skai-ui.
10734-73582	match	-	wave50 skai-ui-primitives 2026-09-18: measured against the board node named in status.wave50.skai-ui-primitives.tsv and built to it in modules/skai-ui auth-modal.tsx (73b3495, d589754). No browser ran; this is a source-vs-node match, not a DOM render.
11220-175352	match	-	wave50 skai-ui-primitives 2026-09-18: measured against the board node named in status.wave50.skai-ui-primitives.tsv and built to it in modules/skai-ui auth-modal.tsx (73b3495, d589754). No browser ran; this is a source-vs-node match, not a DOM render.
11225-182385	match	-	wave50 skai-ui-primitives 2026-09-18: measured against the board node named in status.wave50.skai-ui-primitives.tsv and built to it in modules/skai-ui auth-modal.tsx (73b3495, d589754). No browser ran; this is a source-vs-node match, not a DOM render.
11225-183314	match	-	wave50 skai-ui-primitives 2026-09-18: measured against the board node named in status.wave50.skai-ui-primitives.tsv and built to it in modules/skai-ui auth-modal.tsx (73b3495, d589754). No browser ran; this is a source-vs-node match, not a DOM render.
11220-176042	match	-	wave50 skai-ui-primitives 2026-09-18: measured against the board node named in status.wave50.skai-ui-primitives.tsv and built to it in modules/skai-ui auth-modal.tsx (73b3495, d589754). No browser ran; this is a source-vs-node match, not a DOM render.
10734-75560	match	-	wave50 skai-ui-primitives 2026-09-18: measured against the board node named in status.wave50.skai-ui-primitives.tsv and built to it in modules/skai-ui auth-modal.tsx (73b3495, d589754). No browser ran; this is a source-vs-node match, not a DOM render.
10734-77246	match	-	Email verification 1440, node read live 2026-09-18 (get_metadata whole-board). Source-resolved, NO browser: the match is the frame's own node geometry against email-verification-modal.tsx at lg, not a screenshot. Modal 448x420 at 496,240, 24 padding all round; controls 400x18, title 400x36 at 32/36 -1.28, sub 400x48 at 18/24, six 60x78 OTP boxes on an 8 gutter across 400 with r16 and Mulish Light 32 -1.28, CTA 400x62 r16, resend 400x18 at 14/18, and four block gaps of 24 with 16 between title and sub. The column sums to 420, the frame's height. Scope is the modal; the Temporary-landing hero behind it belongs to 10767-307473. SUPERSEDES the 2026-08-05 deferred line for this node, which was written under a v2 hold the 09-08 AuthModal work lifted.
10734-77935	match	-	Email verification - with input 1440, node read live 2026-09-18. Identical geometry to 10734-77246 (modal 448x420 at 496,240; controls 24,24; content 24,66; input group 24,190; CTA 24,292; resend 24,378), differing only in that the six inputs carry digits, which the component draws from the same boxes with the filled border at #2DEDAD. Matched on the same thirteen terms at lg; no screenshot, source-resolved. SUPERSEDES the 2026-08-05 deferred line for this node, written under a v2 hold that has since been lifted.
10734-76366	match	-	wave51 skai-ui-primitives 2026-09-19: board re-read live and the standing Axiom-screenshot reason retracted - the board has no pane, 0 rectangles and 0 image nodes, its Overlay holding only modal 10734:77035 at 448x690. Matched node for node against modules/skai-ui auth-modal.tsx at lg (radius 32, px 24, pt 24, pb 40, gap 24, title 32/36, groups 88, Continue 62, OR rules 171.5 on a 19 gap, socials 2x196x48, wallets 4x94x48, terms 314 centred; sum 690). Source-vs-node, NO browser.
11229-189692	match	-	wave51 skai-ui-primitives 2026-09-19: modal 468x604 matched at md, and the sheet the board draws below it (11229:191700, 768x288 at 0,736 - Skai components, not an Axiom capture) BUILT in modules/skai-ui auth-modal.tsx (73e64b1) at px 16 / pt 16 / pb 48 / gap 24, title 24/28, mark boxed 100 on a 2px white stroke, 18/22 over 14/18 Ash 300. Source-vs-node, NO browser.
11229-190494	match	-	wave51 skai-ui-primitives 2026-09-19: modal 358x550 matched at base, including the 70-vs-72 the email and referral groups differ by, and the sheet (11229:192093, 374x262) BUILT in modules/skai-ui auth-modal.tsx (73e64b1) at px 12 / pt 12 / pb 32 / gap 24, title 20/24, mark boxed 100 at x=137. Its text block 11229:192104 is the 768 board's pasted in unresized (x=-181, w=736) and was deliberately not reproduced. Source-vs-node, NO browser.
11220-173094	partial	-	skai-landing /username at 768, source-resolved against 11220:173094 and its May twin 2005:14372, NO browser. MATCHED THIS PASS: the form is 468 wide, the width both sets draw for Frame 173, where it had claimed 564 from 768 up and ran the field rule 96 wider than the frame; and the availability line renders Manrope Regular 12/16 at -0.48, the Md/Paragraph 2 300 token on 11220:173765, where it had been a flat 14/18. Already matching: mark 116x48 clearing the content by 48, content to form 64, field to line 16, line to button 24. NOT MATCHED, and all three are the May-versus-August question rather than a defect: the field is a 44.5 open rule in May and a 60 box in August; the button is 332x54 in May and 223x50 in August; the tick is 24 across in May and 16 in August, and the page ships 20, which is neither
11225-184126	partial	-	skai-landing /username at 375, source-resolved against 11225:184126 and its May twin 2005:22826, NO browser. MATCHED THIS PASS: field to availability line is 8, which both sets draw, where the form had a flat 16 - the button's own top margin now carries line to button at 24 at every width; the tick is 16 across and 4 from the URL, both sets' numbers, where it had been 20 and 8; and the line renders Manrope Regular 14/16 at -0.56, the Sm/Paragraph 1 300 token on 11225:184797, where its box had been 18. Already matching: the column 328 wide at x=24, title to sub 16, the button 328x44. NOT MATCHED: the mark clears the content by 32 in August and 40 in May; the content clears the form by 26.25 in August and 32 in May; the field is 36.5 in May, 48 in August and 40.5 as built
11220-173769	partial	-	skai-landing /complete at 768, slide 1, source-resolved against the May twin 2005:15075 read live this pass, NO browser. MATCHED: the row is the skai token 48x48 with +500 SKAI Points 16 to its right and vertically centred, which the page draws at this rung, and Button/large is hidden in the frame and undrawn. MATCHED THIS PASS: the mark clears the title block by 48, the number both sets draw, where the page had shipped 65. NOT MATCHED: the tier-name line the app inserts that no frame draws, and the badge icon standing in for the frame's skai-token disc - both recorded decisions
11220-174461	partial	-	skai-landing /complete at 768, slide 2, source-resolved against 11220:174461 and its May twin 2005:15790, which draw the same numbers to the pixel, NO browser. MATCHED THIS PASS: the mark clears the title block by 48 where the page shipped 65, and the reward block starts 64 under the title block where the page shipped a flat 40. Already matching: the skai token 80x80, the 18 column gap, the amount in Mulish Light 32/40 at -1.28 and the gift line at 16. NOT MATCHED: the tier line and the badge icon, and the shared content module's We gifted you against the frame's We gifted you!
11225-184801	partial	-	skai-landing /complete at 375, slide 1, FIRST MEASUREMENT, source-resolved against 11225:184801 and its May twin 2005:23529 - identical - NO browser. Frame 174 220x32 at 77.5,390.25 holds the skai token 32x32 at x=0 and the amount 176x28 at x=44. MATCHED THIS PASS: the row's gap steps to 12 at this rung where it had been a flat 16; the 32 mark already matched. NOT MATCHED: the mark clears the content by 32 in August and 40 in May where the page ships 50, which is neither; and the tier line and badge icon
11225-185493	partial	-	skai-landing /complete at 375, slide 2, FIRST MEASUREMENT, source-resolved against 11225:185493 and its May twin 2005:24244 - identical - NO browser. Frame 172 176x138 at 99.5,390.25 is a 16 column of the skai token 64x64, the amount in Mulish Light 24/28 at -0.96 and the We gifted you! line in Manrope Regular 12/14 at -0.48. MATCHED THIS PASS: the reward block starts 48 under the title block where it had started 40 (the frames draw 48.25), the amount tracks -0.96 where it tracked -0.8, and the gift line is a 14 box where it was 16. Already matching: the 64 mark and the 16 column gap. NOT MATCHED: the mark clearance, 32 in August and 40 in May against the page's 50, and the tier line and badge icon
10734-78750	match	-	skai-landing /username at 1440, source-resolved against 10734:79411 read live in full on 2026-09-19, NO browser. Casey's ruling of the same day takes the August set over May and closes the three terms wave 51 held. MATCHED THIS PASS: the field is the August closed box, 76 tall as 20 + 36 + 20, Green Coal fill on a 2px App/Green 300 border at radius 16 under the Input hint (dark) shadow, replacing the May 24.5 open Sky Blue rule; line to button is 32, Frame 173's own gap, where it had been 24; the button is 332x70, which is cta/button Massive at px 40 / py 24 / radius 16 on Manrope 16/22 at -0.64, where it had been the May 332x66. Already matching: mark 154x64 at 643,100, content 621x98 at 409,244, Frame 173 564 wide, subtitle to form 64, field to line 16, the line box 18 at 14/18 with a 4 gap, the tick 24 hanging from a 30-tall message box 8 from the URL. SUPERSEDES the 2026-08-05 deferred line for this node: the v2 hold it cited was lifted by the 09-08 AuthModal work and the ruling settles the set.
11220-173094	match	-	skai-landing /username at 768, source-resolved against 11220:173755 read live in full on 2026-09-19, NO browser. The three terms this file's earlier line left as the May-versus-August question are settled by Casey's ruling of the same day. MATCHED THIS PASS: the closed box 60 tall as 16 + 28 + 16 at radius 12 on the same fill, border and shadow; the button 223x50, cta/button Medium at px 24 / py 16 / radius 12 on Manrope 14/18 at -0.56, where the page shipped the May 332x54. ONE TERM TAKEN FROM THE RULING RATHER THAN THE BOARD, and said plainly: the ruling sets the availability tick to 24 here, and the August board 11220:173763 draws it 16 in a 20-tall message box; 24 is what is built, and the message box is scaled to 28 so it has room to hang. Already matching: Frame 173 468 wide with a 24 gap, mark clearance 48, content to form 64, field to line 16, the line at 12/16 -0.48.
11225-184126	match	-	skai-landing /username at 375, source-resolved against 11225:184787 read live in full on 2026-09-19, NO browser. The three terms this file's earlier line left unmatched are all settled by Casey's ruling of the same day, which takes August. MATCHED THIS PASS: the closed box 48 tall as 12 + 24 + 12 at radius 12, replacing the May 36.5 rule whose overlapping construction gave the page 40.5 and matched neither set; the mark clears the content by 32 where the page shipped 40; the content clears the form by 26.25 where the page shipped 32; and the button carries radius 12 and the Manrope 14/16 at -0.56 face that px 16 / py 14 makes 44 tall, where it had carried radius 16 and no base leading. Already matching: the column 328 wide at x=24, Frame 173 gap 24, field to line 8, the text row gap 4, the tick 16 in a 20-tall message box 4 from the URL, the line at 14/16 -0.56.
11225-180817	match	-	skai-landing verification modal at 768, source-resolved against 11225:181606 read live in full on 2026-09-19, NO browser. MATCHED THIS PASS: px 16 / pt 16 / pb 24 on a 24 gap where the file had a flat p-4; the title Manrope Light 24/28 at -0.96 in a 28 box against a rendered 28/32; the two-line block Manrope Regular 14 at -0.56 on the face's own 18.048 leading with the address Bold, against a rendered 16/22 semibold; the CTA 50 as cta/button Medium (px 24, py 16, radius 12, 14/18) against a rendered 54 at radius 14; Back and the resend line 12/16 at -0.48 in Gray 100 against a rendered 14/18 in white. The column sums 374.1 against the frame's 375, the tenth being Figma's ceil of two 18.048 lines to 37. The six 66x76 boxes, the 8 gutter and the three 24 gaps already matched.
11229-188122	match	-	skai-landing verification modal at 375, source-resolved against 11229:188072 read live in full on 2026-09-19, NO browser. The board is its own rhythm, not a scaled 768. MATCHED THIS PASS: px 8 / pt 24 / pb 24 on a 20 gap where the file shipped the May board's flat 16; the title Manrope Light 20/24 at -0.8 against a rendered 24/28, over an 8 gap to the block, not 16; the block Manrope Regular 14/18 at -0.56 with the address Bold against a rendered 14/20 semibold; Back at 14/16, a size larger than the same control at 768; the resend line 12/14 at -0.48 against a rendered 14/18. The column sums 342, the frame's own height. The six 50.333x72 boxes, the 8 gutter and the 44 CTA already matched.
11225-180028	match	-	skai-landing verification modal at 768, code entered. Source-resolved against 11225:179977 read live on 2026-09-19, NO browser. Identical to 11225:181606 term for term - the filled state changes only the digits - so the five terms built this pass land here too: px 16 / pt 16 / pb 24 on a 24 gap, the title 24/28 at -0.96, the block 14 at -0.56 on Manrope's own 18.048 leading with the address Bold, the CTA 50 as cta/button Medium at radius 12, Back and the resend line 12/16 at -0.48 in Gray 100.
11229-188907	match	-	skai-landing verification modal at 375, code entered. Source-resolved against 11229:188039 read live on 2026-09-19, NO browser. Identical to 11229:188072, and it pins the two interior gaps the empty board left implicit: the input group starts at y=148, 20 under the content block, and the CTA at y=240, 20 under the group. Built terms as on 11229-188122; the column sums the frame's 342.
10730-80518	match	-	skai-landing login modal at 1440, source-resolved against 10730:81187 read live in full on 2026-09-19, NO browser. Both standing items are retracted rather than built: Frame 195 is 400x112 = 48 + 16 + 48 and the wrapper is gap-4 at HEAD, closed in skai-ui 73e64b1's pass; and the left-hand 16 in the title row is the close mark at opacity 0, a balancing slot, so centring the heading is the same pixels. Everything else matched on the read: modal 448x518, px 24 / pt 24 / pb 40 on a 24 gap, title content 400x36, input group 400x88 = 18 + 8 + 62, CTA 400x62, Frame 168 400x18 with 171.5 rules and a 19 gap, footer 400x18, the consent row hidden.
11225-178320	match	-	skai-landing login modal at 768, source-resolved against 11225:178218 read live in full on 2026-09-19, NO browser. All seven gaps this file's earlier line carried were already built at HEAD: modal 468x450 with px 16 / pt 16 / pb 32 on a 24 gap, title content 436x28 on 24/28 at -0.96, input group 436x74 = 16 + 8 + 50, CTA 436x50, Frame 194 436x98 = 42 + 16 + 40, Frame 168 436x16, footer 436x16, and the left-hand control is the opacity-0 balancer. Closed on a measurement, not an edit.
11225-186385	match	-	skai-landing login modal at 375, source-resolved against 11225:187054 read live in full on 2026-09-19, NO browser, and it corrects the base numbers carried since wave 39: the modal is 358x412 with px 8 / pt 24 / pb 24 on a 20 gap and a 20/24 title, not px 16 / pt 16 / 24 / 28. MATCHED THIS PASS: the OR row now carries the 16 line box the frame draws, where Paragraph 2's 14 at this width left the column two short; it sums 412. Title content 342x24, input group 342x70 = 14 + 8 + 48, CTA 342x44, Frame 194 342x96 = 40 + 16 + 40 and footer 342x14 already matched.
2005-10032	match	-	skai-landing auth modal at 1440, email filled. Source-resolved against 2005:10011 read live on 2026-09-19, NO browser, and the standing item on this key is RETRACTED: Frame 166 carries opacity 0 in the board itself, so the frame draws nothing in that slot and the affordance was never missing. The node is still the only spec for it - 16 icon/enter on an 8 gap beside the word in Manrope Regular 16/22 at -0.64, uppercase, Sky Blue 300 - and MATCHED THIS PASS: the file drew it in App Green, which belongs to the Sign up focus ring, and now draws #56C7F3, with the word taking its case from CSS. Geometry is the August set's under Casey's ruling of the same day; its 1440 member 10730:81187 was read live and matched term for term.
10734-79425	match	-	skai-landing /complete at 1440, slide 2. The copy half, handed off to the skai-ui lane. MATCHED THIS PASS in modules/skai-ui/src/lib/content.ts: subtitle now reads the board's Welcome to Skai! where it read Welcome Skai Early Adopter!, and giftMessage reads We gifted you! where it read We gifted you. Both render verbatim from CompletionPage.tsx at :395 and :445. The geometry was closed by the wave 52 landing lane on its own live reading.
10734-80273	match	-	skai-landing /complete at 1440, slide 1. MATCHED THIS PASS: subtitle, the header line every completion board shares, now reads Welcome to Skai!. The wave 52 landing lane records the geometry as already matching at this width, with the tier line and the badge-icon substitution removed.
11220-173769	match	-	skai-landing /complete at 768, slide 1. MATCHED THIS PASS: subtitle now reads Welcome to Skai!, the one term the wave 52 landing lane left on this frame. Its geometry - Frame 174 299x48 at 234.5,484, the token 48x48 at x=0 and the amount at x=64 on a 16 gap, the 48 clearance - was closed there.
11220-174461	match	-	skai-landing /complete at 768, slide 2. MATCHED THIS PASS: subtitle and giftMessage now read Welcome to Skai! and We gifted you!, the two terms the wave 52 landing lane handed off. Its geometry - Frame 172 235x172 at 266,484 with the token 80x80 on an 18 column gap, the amount 32/40, the gift line at 16, the art 768x251 at 0,524 - was closed there.
2005-12956	match	-	skai-landing / at 768, the May hero. SUPERSEDES the earlier partial line above, whose only two findings were the four-vs-three socials and the missing Sign up / Login pair. Casey ruled on 2026-09-19 that the August set governs: 11189:2629 draws no social row and the pair 183x34 at 555,21, which is what the page ships after wave 52. The header inset is now the board's 30,30 (skai-landing 2aff762). Wave 41's stack - mark 116x48, content 467 at x150, the 32/40 headline, the 14/18 sub, CTA 332x54, counter +78, stepping 48/24/40/24 - is unchanged. No browser ran; source-resolved against a live read of the board's sibling navs.
2005-14372	match	-	skai-landing /username at 768, the May twin of 11220:173094. SUPERSEDES the earlier partial line, whose one surplus was the four-vs-three socials: read live on 2026-09-20 this board's right nav is 117x16 at 621,30 with icon16/discord, icon16/twitter and icon16/instagram 32 apart, and the header now draws exactly those three (skai-landing eb412fc) at the board's 30,30 inset (2aff762). The form is the August closed box and stepped button wave 52 built. The y=427 anchor stays as that line describes it - deliberate, bug 55642bd9 - and it is the same anchor the governing August board's done row was closed over. No browser ran.
2005-15075	match	-	skai-landing /complete at 768, slide 1, read live in full on 2026-09-20 and identical to its August twin 11220:173769. Frame 174 299x48 at 234.5,484, the token 48x48 at x=0 and the amount 235x40 at x=64 on a 16 gap, mark 116x48 at 326,249 clearing the content by 48, content 469x75 at 149,345. BUILT: the three socials, the 30,30 header inset, and the slide anchor - this slide had hung off the bottom of a block sized by slide 2 and rendered at 560 for a frame that draws 484. Copy is the governing August wording, landed in skai-ui ef2c472. No browser ran.
2005-15790	match	-	skai-landing /complete at 768, slide 2. Draws the same numbers as its August twin 11220:174461 to the pixel - Frame 172 235x172 at 266,484 as an 18 column of the 80 token, the 32/40 amount and the 16 gift line, art 768x251 at 0,524 - and already sat at the frame's 484 as the flow child of the reward wrapper. BUILT: the three socials and the 30,30 header inset; its partner no longer walks out from under it. subtitle and giftMessage now read the August strings (skai-ui ef2c472). No browser ran.
2005-13649	match	-	/external-wallet at 768. Closed on the source 2026-09-20 (wave 54, skai-ui ca6fb7e): the one copy term left after wave 53, externalWallet.subtitle, now reads the board's "Connect your external wallet to your Skai account." (content.ts:248); every geometry term is wave 53's live reading of the same night, unchanged on disk since skai-landing 2aff762. Reaches the page after dist is rebuilt. No browser.
11225-184801	match	-	/complete slide 1 at 375. Closed on the source 2026-09-20 (wave 54, skai-ui e85e9dc): landing-header.tsx now draws the legal pair on 24 (Terms 40 at x=0, Privacy 47 at x=64 inside the 111x16 nav at 24,24) and three 16px socials on 32 (x=5, 53, 101 inside the 117x16 nav at 235,25), the Instagram slot no longer hidden below 640; wave 53's live reading of both navs the same night, and its 24/23/24 inset at skai-landing 2aff762. Every other term is wave 51/52's. Reaches the page after dist is rebuilt. No browser.
11225-185493	match	-	/complete slide 2 at 375. Header identical to 11225-184801 and closed with it (skai-ui e85e9dc); the gift line's exclamation mark landed at ef2c472. Slide geometry is wave 51's live reading (Frame 172 176x138 at 99.5,390.25), anchored by skai-landing 60809b0. Reaches the page after dist is rebuilt. No browser.
2005-10763	match	-	Email verification modal at 1440. Closed on the source 2026-09-20 (wave 54): the 58x58 OTP box the 08-05 record measured is the render a8a6669 (08-05 23:26) replaced with lg:h-[78px]; at HEAD the box is (448 - 48 - 40) / 6 = 60 wide and 78 tall, the frame's 60x78 (2005:11472), Continue 62. No edit this pass; no browser.
2005-12217	match	-	Email verification modal, code entered, 1440. Same component and geometry as 2005-10763, closed on the same finding (a8a6669): 60x78 boxes, the filled hairline #2DEDAD and the Mulish Light 32 digit. No edit this pass; no browser.
2005-11493	match	-	Wallet choice modal at 1440. Closed on the source 2026-09-20 (wave 54): the 398x90 + 398x108 rows wave 52 carried are the before-state a8a6669 (08-05 23:26) fixed; at HEAD each row is 400 wide and 20 + max(48 icon, 22 + 8 + 18 text) + 20 = 88, a matched 400x88 pair on 24, subtitles whitespace-nowrap in a 276.89 column. No edit this pass; no browser.
2005-16658	match	-	/dashboard at 768. Closed on the source 2026-09-20 (wave 54, skai-ui e2b0157): landing-footer.tsx now draws Discord / X / Instagram on 32 (x=5, 53, 101 inside the 117x16 nav at 621,978), the legal pair on 32 (Terms 33 at x=0, Privacy 37 at x=65 at 30,978) and a 30 inset at 768, wave 53's live reading of both navs the same night; the bento and header stat stand on wave 52 (skai-landing 7125ef3). Reaches the page after dist is rebuilt. No browser.
2005-10032	match	-	wave56 skai-ui-primitives 2026-09-21: SUPERSEDES the standing partial line for this node, which recorded the in-field enter affordance as absent and then as Sky Blue. The August in-context Sign up modal 10734:74251 was read live with get_design_context and its field 10734:74378 draws the filled state opaquely - address left, a 16 icons/action and ENTER 8 apart right, Manrope Regular 16/22 -0.64, App Green 300 #17F9B4 on a 1.5px #17F9B4 ring. auth-modal.tsx drew it Sky Blue since 0d83a20 and is corrected in b2de9a1. Source-vs-node, NO browser, and DONE ON THE SOURCE until dist is rebuilt.
10734-73582	match	-	wave56 skai-ui-primitives 2026-09-21: SUPERSEDES the wave50 line, which was written without reading the board's FILLED field and so could not have caught what this pass did. Modal 10734:74251 was read live with get_design_context and re-matched at lg on every term - radius 32, px 24, pt 24, pb 40, gap 24, title 32/36 -1.28 between two 16 glyphs, input group 8 with its label inset 20, the collapsed referral block on a 16 gap between two hairlines with its content inset 20, Continue px 40 py 20 r16 on #56C7F3, the OR row at gap 19 with OR in #95A09F, two flex-1 socials 8 apart reading Google and Apple, four icon-only wallets 8 apart, the footer, and the 314 terms line. The one divergence was the filled field's action group: the board draws a 16 icons/action and ENTER 8 apart in App Green 300 #17F9B4, and the file had drawn it Sky Blue since 0d83a20. Fixed in b2de9a1. Source-vs-node, NO browser, and DONE ON THE SOURCE until dist is rebuilt.
2005-22103	match	-	Link wallet 375, wave 56. SOURCE-TO-BOARD, NOT A RENDER: no browser ran this wave, so this line is a term-by-term reconciliation of ExternalWallet.tsx at HEAD against 2005:22103 read live with get_metadata, plus get_design_context on the row 2005:22789 and the skip row 2005:22817 for the two type styles. Every term now agrees: mark 87x36 at y202 (16 main padding + 8 card + pt-178), content at y278 on a 40 clearance, title 24/30 at -0.96, subtitle 12/18 at -0.72 in #E0E0E0, list at y358, four rows 328x46 on a 58 step with a 300x18 content box at 14,14, an 18-tall logo 4 from a Manrope Bold 14/16 label at -0.56, the skip row 16 under the list in the same Bold over #E0E0E0 with its arrow 8 away, the column 328 wide ending at 352, and the header drawing the board own two navs - legal 111x16 at 24,24 on a 24 gap and three socials 117x16 at 235,25 on a 32 gap. The wave 39 line above it is superseded on all three of its deltas: the mark is 36 not 122x48, the rows are 328x46 at x24 not 311x50 at x32, and the third social icon is back.
10767-307473	partial	-	Temporary landing hero 1440, wave 57. SOURCE-TO-BOARD, no browser ran: 10767:307473 read live with get_metadata and the CRO 10767:308129 with get_design_context. Every geometry term reconciles against modules/skai-landing/src/LandingWaitlist.tsx at HEAD - mark 154x64 at 643,100 so the headline clears 80 (lg:mb-[80px]); content 621x172 at 409,244, headline 547x98 with the sub frame at +124, a 26 gap (lg:mb-[26px]); the CTA at y=464, a 48 gap (lg:mb-[48px]); button 332x70 (lg:h-[70px]); CRO 262x18 at 35,102, so 32 under the button (lg:gap-8) and centred in the 332; the count line 49x18 with a 2 gap to 200k and 6 to the suffix; legal nav 117x18 at 32,32 with Terms 38 and Privacy 43 at x=70; pair nav 193x38 at 1215,22, right edge 1408, drawn by HeaderNavigation at lg:right-8 lg:top-[22px]. NO social row on this board, confirmed off the node list. BUILT this pass, skai-landing 242b2f5: the CRO type, which had shipped flat at this board's own rung and so was right here and wrong at the other two - count Mulish Regular 14/18 at -0.56, suffix Manrope Regular 14/18 at -0.56, both read off the nodes, and styles.css now reaches them on the lg step alone. PARTIAL for ONE string, not a number: this board's suffix reads Traders are already winning with us (10767:308133) where 11189:3296 and 11225:182317 both read Users are already winning with us and the app ships Users are already on this list. Three readings, no two alike, and the shipped one is on no August board at all. The fix is one string at modules/skai-ui/src/lib/content.ts:217 - not this lane's file - and the comment above it there asserts that 11189-2629 and 11225-181650 read the shipped string, which they do not. HAND-OFF to the skai-ui lane; the wording is Casey's, because one constant cannot be two boards. The count is NOT a gap: 200k is a design literal and useWaitlistCount (LandingWaitlist.tsx:127) draws the live figure.
11189-2629	partial	-	Temporary landing hero 768, wave 57. SOURCE-TO-BOARD, no browser: 11189:2629 read live with get_metadata and the CRO 11189:3292 with get_design_context. Board against LandingWaitlist.tsx at HEAD: legal nav 117x16 at 30,30 (Terms 33, Privacy 37 at x=65) as px-[30px] py-[30px]; pair nav 183x34 at 555,21, right edge 738, as HeaderNavigation md:right-[30px] md:top-[21px]; NO social row, confirmed off the node list; mark 116x48 at 326,280 clearing 48 (md:mb-12); content 467x142 at 150,376, headline 415x81 with the sub at +105, a 24 gap (md:mb-6); CTA 332x90 at 218,558, a 40 gap (md:mb-10); button 332x50 (md:h-[50px]); CRO 222x16 at 55,74, so 24 under the button (md:gap-6) and centred in the 332; line 49x16 with a 2 gap to 200k, suffix 169x16 at x=53, a 4 gap. BUILT this pass, skai-landing 242b2f5: the CRO type, and this rung is where the flat shipped value was most wrong - the board SPLITS the two halves, count Mulish Regular 14/16 at -0.56 and suffix Manrope Regular 12/16 at -0.48, so the count reaches 14px a rung before the suffix does; styles.css now carries that split in a 768 query. PARTIAL for the same single string as 10767-307473: 11189:3296 reads Users are already winning with us, the 1440 board reads Traders..., and the app ships Users are already on this list. HAND-OFF, modules/skai-ui/src/lib/content.ts:217; wording is Casey's.
11225-181650	partial	-	Temporary landing hero 375, wave 57. SOURCE-TO-BOARD, no browser: 11225:181650 read live with get_metadata and the CRO 11225:182313 with get_design_context. Board against LandingWaitlist.tsx at HEAD: legal nav 111x16 at 24,24 (Terms 40, Privacy 47 at x=64, a 24 gap); NO social row - the August board DROPS the three-icon row its May twin 2005-21410 draws; pair nav 153x32 at 199,16, right edge 352, so the right inset is 23 and not 24, which is what HeaderNavigation's right-[23px] pr-[23px] ships and is deliberate; mark 87x36 at 144,246; content 329x131 at 23,314, so the mark clears 32 (mb-8); headline 329x61 with the sub at +77, a 16 gap (mb-4); CTA 328x76 at 24,477, a 32 gap (mb-8); button 328x44 (h-[44px]); CRO 218x16 at 55,60, so 16 under the button (gap-4) and centred in the 328; line 45x16 with a 2 gap to a 27x14 200k, suffix 169x14 at x=49, a 4 gap. BUILT this pass, skai-landing 242b2f5: the CRO type. This is the smallest rung - Mulish Regular 12/14 at -0.48 and Manrope Regular 12/14 at -0.48 for both halves - and the page had been drawing 14/18 at -0.56, which ran the line 2px over the frame's 14px box on the narrowest screen. The 44px touch floor reaches neither run; neither is a control. PARTIAL for the same single string, quoted off 11225:182317 as Users are already winning with us. HAND-OFF, modules/skai-ui/src/lib/content.ts:217; wording is Casey's.
2005-19226	match	-	wave57 onboarding-landing 2026-09-21: SUPERSEDES the standing partial line for this node. SOURCE-TO-BOARD, no browser ran. Read live with get_metadata and reconciled against modules/skai-ui/src/components/overlays/email-verification-modal.tsx at HEAD: 468 box on a 436 column (md:max-w-[468px], md:px-4); md:pt-4 puts controls at 16,16, 16 tall, Back pair 50x16 (16 glyph, 26-wide md:text-[12px] label at x=24 on gap-2) and close at x=420; md:mb-6 to the content block at 56, 436x81 - a 28-tall md:text-[24px]/28 title, md:mb-4, and a two-line 37 box at Manrope's natural 18.048 which :330 ships as md:leading-[18.05px]; md:mb-6 to the input group at 161, 436x76, six cells flex-1 min-w-0 on gap-2 at md:h-[76px], so (436 - 40) / 6 = 66 on a 74 step; md:mb-6 to Button/large at 261; md:mb-6 to the resend line; pb-6 closing 24 under it. The cell's 34x28 content box at 16,24 is centring stated as insets (16+34+16, 24+28+24) and the component centres with items-center justify-center over a full-size text-center input, so it agrees. TWO TERMS SUPERSEDED, not owed: the May button is 54 (18 of padding on an 18 face) and the modal 379, where August's 11225:181636 is py 16 on 14/18 for 50 and a 375 modal, which is what :409 ships under Casey's ruling of 2026-09-19. ★ RETRACTS the wave 56 line's one remaining term, which read the cell's 16/24 inset as a gap against a component that centres - the inset IS the centring. This node is the empty-state twin, modal 2005:19920, geometrically identical to 2005:20650. Its six cells each draw a literal 0; the component leaves an unfilled box empty, which is deliberate - six zeros in an untouched code field is a frame literal standing in for a value the user has not typed.
2005-19956	match	-	wave57 onboarding-landing 2026-09-21: SUPERSEDES the standing partial line for this node. SOURCE-TO-BOARD, no browser ran. Read live with get_metadata and reconciled against modules/skai-ui/src/components/overlays/email-verification-modal.tsx at HEAD: 468 box on a 436 column (md:max-w-[468px], md:px-4); md:pt-4 puts controls at 16,16, 16 tall, Back pair 50x16 (16 glyph, 26-wide md:text-[12px] label at x=24 on gap-2) and close at x=420; md:mb-6 to the content block at 56, 436x81 - a 28-tall md:text-[24px]/28 title, md:mb-4, and a two-line 37 box at Manrope's natural 18.048 which :330 ships as md:leading-[18.05px]; md:mb-6 to the input group at 161, 436x76, six cells flex-1 min-w-0 on gap-2 at md:h-[76px], so (436 - 40) / 6 = 66 on a 74 step; md:mb-6 to Button/large at 261; md:mb-6 to the resend line; pb-6 closing 24 under it. The cell's 34x28 content box at 16,24 is centring stated as insets (16+34+16, 24+28+24) and the component centres with items-center justify-center over a full-size text-center input, so it agrees. TWO TERMS SUPERSEDED, not owed: the May button is 54 (18 of padding on an 18 face) and the modal 379, where August's 11225:181636 is py 16 on 14/18 for 50 and a 375 modal, which is what :409 ships under Casey's ruling of 2026-09-19. ★ RETRACTS the wave 56 line's one remaining term, which read the cell's 16/24 inset as a gap against a component that centres - the inset IS the centring. This node is the filled twin, modal 2005:20650, read directly.
2005-20686	match	-	wave58 onboarding-landing 2026-09-21: SUPERSEDES the standing partial line for this node. SOURCE-TO-BOARD, no browser ran. get_design_context on the content block 2005:21385 returns the title 2005:21386 Manrope Light 24/28 -0.96 over a 16 gap and the subtitle 2005:21388 Manrope Regular 14/18.048309 -0.56, so the block is 28+16+19 = 63 and Frame 167 opens at the board:s 143. wallet-choice-modal.tsx:162 now ships md:leading-[18.05px] md:tracking-[-0.56px] with the redundant md:text-[16px] dropped; it had shipped 16/22, standing the block 66 and putting the list at 146. skai-ui 886f565. Base and lg rungs untouched - not measured this pass.
11225-182385	match	-	wave58 onboarding-landing 2026-09-21: SUPERSEDES the standing match line. Re-measured on modal 11225:183084 (read live): the referral row stood 50 on border-y and the OR 16 off the login board, so the column summed 530 against 526. Both built; sums 526. SOURCE-TO-BOARD, no browser ran.
11220-175352	match	-	wave58 onboarding-landing 2026-09-21: SUPERSEDES the standing match line. Re-measured on modal 11189:4066 (read live): the referral row stood 50 on border-y against the board's 48; built, the column sums the frame's 578. SOURCE-TO-BOARD, no browser ran.
10734-73582	match	-	wave58 onboarding-landing 2026-09-21: SUPERSEDES the standing match line. Re-measured on modal 10734:74251 (read live): the referral row stood 52 on border-y against the board's 50; built, the column sums the frame's 652. SOURCE-TO-BOARD, no browser ran.
11225-183314	match	-	wave58 onboarding-landing 2026-09-21: SUPERSEDES the standing match line. Re-measured on modal 11225:183983 (read live): OR 342x14 on sign up; with the login-only 16 the column sums the frame's 550 (552 before). SOURCE-TO-BOARD, no browser ran.
2005-20686	match	-	wave58 onboarding-landing 2026-09-21: SUPERSEDES this lane's own earlier wave58 match line, which was wrong by the box border: the box drew a real 1px border, so the md column was 434 and the box 319. Now an inset ring; the column is the board's 436 and the box sums 317. SOURCE-TO-BOARD, no browser ran.
11229-188122	match	-	wave58 onboarding-landing 2026-09-21: Re-read live on modal 11229:188072 (358x342, 342 column at x=8). The box's real 1px border left 340 for the cells and stood it 344; now an inset ring, the column sums 342. SOURCE-TO-BOARD, no browser ran.
2005-30878	match	-	wave58 onboarding-landing 2026-09-21: SUPERSEDES the standing partial line. Modal 2005:31572 read live, 358x266: the subtitle is now 14/18 at -0.56 and the floor 8 (pt-4 pb-2), so the column sums 266. SOURCE-TO-BOARD, no browser ran.
2065-26396	match	-	wave58 onboarding-landing 2026-09-21: Modal 2065:27090 read live, 358x290: base pt-6 pb-6 and the 14/18 subtitle sum 290. SUPERSEDES the wave58 match line on 2005-30878, which counted the app against the older 266 board. SOURCE-TO-BOARD, no browser ran.
2065-16254	match	-	wave58 onboarding-landing 2026-09-21: Modal 2065:16948 read live, 468x317, identical to 2005:21380; the component sums 317 on a 436 column. SOURCE-TO-BOARD, no browser ran.
2086-37672	match	-	wave58 onboarding-landing 2026-09-21: Modal 2086:38341 read live, 448x388; the component sums 388 on a 400 column. SOURCE-TO-BOARD, no browser ran.
2005-30878	partial	-	wave58 onboarding-landing 2026-09-21: SUPERSEDES this lane's own earlier wave58 match line. That line counted the app against this board's 16 top and 8 floor; the governing board is the later 2065:27090 (24 / 24, 290 tall) and the app now follows it, so against THIS board the insets differ by design. Row closed by supersession. SOURCE-TO-BOARD, no browser ran.
2065-24936	match	-	wave58 onboarding-landing 2026-09-21: Modal 2065:25630 read live, 358x342, identical to 11229:188072; the component sums 342 on a 342 column. SOURCE-TO-BOARD, no browser ran.
2065-25666	match	-	wave58 onboarding-landing 2026-09-21: Modal 2065:26360 read live, 358x342, the filled twin of 2065:25630; the component sums 342. SOURCE-TO-BOARD, no browser ran.
2086-32903	match	-	wave58 onboarding-landing 2026-09-21: Modal 2086:33572 read live, 448x420; the component sums 420 on a 400 column since the inset ring (1204aa6). SOURCE-TO-BOARD, no browser ran.
2086-36048	match	-	wave58 onboarding-landing 2026-09-21: Modal 2086:36717 read live, 448x420, the filled twin of 2086:33572; the component sums 420. SOURCE-TO-BOARD, no browser ran.
10734-77246	match	-	wave59 onboarding-landing 2026-09-21: RE-VERIFICATION, not a fresh build, and it OVERTURNS THE BASIS of the standing match line for this node while keeping its verdict. Modal 10734:77915 re-read live (448x420 at 496,240, 400 column at x=24, controls 400x18, title 400x36, sub 400x48, six 60x78 cells on a 68 step, CTA 400x62, resend 400x18, four 24 gaps and a 16 title-to-sub) and reconciled against email-verification-modal.tsx at lg, which sums 420 on a 400 column. The earlier line asserted both numbers while the box carried border border-[#123f3c]: under box-sizing:border-box that column was 398, the cells 59.667, every anchor 1 lower and the box 422. skai-ui 1204aa6 moved the stroke to an inset ring, which costs no layout, and overlay-hairline.test.tsx pins it. SOURCE-TO-BOARD, no browser. No code owed; the file is not this lane's.
11225-180817	match	-	wave59 onboarding-landing 2026-09-21: RE-VERIFICATION. Modal 11225:181606 re-read live (468x375 at 150,325, 436 column, controls at 16,16, content at 56, input group at 161 with six 66x76 cells on a 74 step, CTA 436x50 at 261, resend at 335) and reconciled anchor for anchor against email-verification-modal.tsx at md, which lands 16/56/100/161/261/335/375 exactly. The earlier line's 436 column and 374.1 sum were true of the board and false of the code: the border made the column 434, the cells 65.667 on a 73.667 step, and the box 377. ★ A BROWSER HAD ALREADY MEASURED IT AND THE RECORD READ IT AS NOISE - lines 16 and 42 of this file report Continue 434x62 against the frame's 436, and the OTP grid at 168/242/315/389/463/536 against 166/240/314/388/462/536, and called it matching to 2px. Fixed by 1204aa6; SOURCE-TO-BOARD, no browser this pass.
2005-11493	match	-	wave59 onboarding-landing 2026-09-21: RE-VERIFICATION. Modal 2005:12187 re-read live under Overlay 2005:12186 (448x388 at 496,256, 400 column at x=24, controls at 24,24, content 400x76 at 64, Frame 167 400x200 at 164 with a matched pair of 400x88 on a 24 gap, row content 356x48 at 22,20, icon run 0 / 63.108 / 79.108) and reconciled against wallet-choice-modal.tsx at lg, which sums 24+16+24+76+24+200+24 = 388 on a 400 column with 1.5+20.5 = 22 and 1.5+18.5 = 20 insets. ★ THIS SETTLES A TWO-WAVE DISAGREEMENT IN THIS FILE: waves 52 and 53 OBSERVED 398-wide rows, wave 54 derived 400 by arithmetic that omitted the modal's border and called it done. Both were half right - the board draws 400, the code drew 398, and only 1204aa6 made them one number. SOURCE-TO-BOARD, no browser. No code owed.
2005-19226	match	-	wave59 onboarding-landing 2026-09-21: RE-VERIFICATION of the empty May 768 twin. Modal 2005:19920 re-read live (468x379 at 150,323, 436 column, controls at 16,16, content 436x81 at 56, six 66x76 cells on a 74 step at 161, Button/large 436x54 at 261, resend at 339) and reconciled against email-verification-modal.tsx at md. The May 54 CTA and 379 box stay SUPERSEDED by August's 50 and 375 under Casey's ruling of 2026-09-19, re-derived here from 11225:181636 rather than carried; :414 ships md:py-4 md:leading-[18px] (the earlier line cited :409, which has moved). The border made the column 434 and the cells 65.667, so the earlier line's (436-40)/6 = 66 described the board, not the code. The six literal 0s the board draws stay unbuilt: a frame literal standing in for a value the user has not typed. SOURCE-TO-BOARD, no browser.
2005-19956	match	-	wave59 onboarding-landing 2026-09-21: RE-VERIFICATION of the filled May 768 twin. Modal 2005:20650 re-read live (468x379 at 150,323, 436 column, six 66x76 cells on a 74 step each holding a 34x28 box at 16,24 with a 15-wide digit at x=9.5 reading 1 5 7 4 1 9, Button/large 436x54 at 261 with Continue 57x18 at y=18, resend at 339) and reconciled against email-verification-modal.tsx at md, with May's 54/379 superseded by August's 50/375. The border made the column 434 and the cells 65.667 on a 73.667 step. The cell's 16/24 content inset is centring stated as insets and the component centres over a full-size text-center input, so it agrees - this re-affirms wave 57's retraction of the wave-56 term rather than reopening it. Digits are the Numbers ramp, font-mulish font-light md:text-[24px] md:tracking-[-0.96px] at :385. SOURCE-TO-BOARD, no browser.
11225-184126	match	-	wave60 onboarding-landing 2026-09-21: SUPERSEDES the standing match line, which was resolved against Frame 173 alone and so could not see the mark's y. Whole board read live: mark 229, content 297, form 387.25, field 48, line 443.25 (16), button 483.25 (44), close 527.25. Built skai-landing c2295c1: the column anchored (it was centred by a class shared with the waitlist hero), the field's 2px stroke paid inside its 12 inset (p-[10px]; it stood 52), and the hint line's strut set on its wrapper (it stood 24). SOURCE-TO-BOARD, no browser ran.
11220-173094	match	-	wave60 onboarding-landing 2026-09-21: SUPERSEDES the standing match line (Frame 173 only). Whole board read live: mark 249, content 345 with a 19 sub box, form 484, field 60, line 560 (16), button 600 (223x50), close 650. Built skai-landing c2295c1: anchored column (the 08-05 browser record had the mark at 427), field md:p-[14px] (it stood 64), hint line 16 (it stood 24), sub md:leading-[19px] (the form opened at 483). SOURCE-TO-BOARD, no browser ran.
10734-78750	match	-	wave60 onboarding-landing 2026-09-21: SUPERSEDES the standing match line (Frame 173 only). Whole board read live: mark 100, content 244, form 406, field 76, line 498 (18), button 548 (332x70), close 618. Built skai-landing c2295c1: anchored at lg:pt-[84px] (centred it sat near 212; top-aligned at the old pt-100 it would have sat at 116), field lg:p-[18px] (it stood 80), hint line 18 (it stood 24). SOURCE-TO-BOARD, no browser ran.
2005-22826	match	-	wave60 onboarding-landing 2026-09-21: SUPERSEDES the 09-09 partial line, which measured a page that no longer exists (Claim 311 wide, the pre-ruling input). May board re-read live in full. Every term it shares with the governing August board 11225:184126 matches at HEAD - navs, 328 column at x=24, title 30 over sub 18 on 16, field-to-line 8, line 16, line-to-button 24, button 328x44 - and the terms where it differs (mark 202, content 278, form 374, the 36.5 open rule, clearances 40 and 32) are SUPERSEDED by August's 229, 297, 387.25, closed 48 box, 32 and 26.25 under Casey's 2026-09-19 ruling, as the 2005-19226 line of wave 59 records for its pair. The centred-or-anchored hold is built (c2295c1), not ruled. SOURCE-TO-BOARD, no browser ran.
11225-184801	match	-	wave60 onboarding-landing 2026-09-21: SUPERSEDES the standing match line, which read the header and never the column's y. Whole board read live: mark 210, content 278, row 220x32 on 390.25. Built skai-landing eb77eb1: the column anchored at pt-[194px] (centred it sat near 253 by arithmetic). SOURCE-TO-BOARD, no browser ran.
11225-185493	match	-	wave60 onboarding-landing 2026-09-21: SUPERSEDES the standing match line. Whole board read live: mark 210, content 278, column 176x138 on 390.25 (64, 16, 28, 16, 14). Built skai-landing eb77eb1: the column anchored (centred it sat near 253). SOURCE-TO-BOARD, no browser ran.
11220-173769	match	-	wave60 onboarding-landing 2026-09-21: SUPERSEDES the standing match line. Whole board read live: mark 249, content 469x75 at 345, row 299x48 on 484. Built skai-landing eb77eb1: anchored at md:pt-[233px] (centred near 325) and the sub at md:leading-[19px] (it stood 18, opening the row at 483). SOURCE-TO-BOARD, no browser ran.
11220-174461	match	-	wave60 onboarding-landing 2026-09-21: SUPERSEDES the standing match line. Whole board read live: mark 249, content 75 at 345, column 235x172 on 484 (80, 18, 40, 18, 16). Built skai-landing eb77eb1 as on 11220-173769. SOURCE-TO-BOARD, no browser ran.
10734-79425	match	-	wave60 onboarding-landing 2026-09-21: SUPERSEDES the standing match line. Whole board read live: mark 100, content 244, stack 564x198 on 382 (100, 16, 48, 16, 18). Built skai-landing eb77eb1: anchored at lg:pt-[84px] (centred near 236). SOURCE-TO-BOARD, no browser ran.
10734-80273	match	-	wave60 onboarding-landing 2026-09-21: SUPERSEDES the standing match line, which carried 'geometry already matching' without a y. Whole board read live: mark 100, content 244, row 372x48 at 534,463. Built skai-landing eb77eb1: anchored (mark near 236 before) and slide 1 at lg:top-[121px], where it had ridden slide 2's 382. SOURCE-TO-BOARD, no browser ran.
2005-23529	match	-	wave60 onboarding-landing 2026-09-21: SUPERSEDES the 09-09 partial line, which measured a pre-ruling page. May board re-read live in full; every term it shares with the governing 11225:184801 matches at HEAD (content 278, the row on 390.25, 32 token, 12 gap, navs) and the two it does not - mark 202 clearing 40, sub Welcome Skai Pioneer! - are SUPERSEDED by August's 210/32 and Welcome to Skai! under Casey's 2026-09-19 ruling, on the 2005-19226 precedent. The centred-or-anchored hold is built (eb77eb1), not ruled. SOURCE-TO-BOARD, no browser ran.
2005-24244	match	-	wave60 onboarding-landing 2026-09-21: SUPERSEDES the 09-09 partial line. May board re-read live in full; shared terms match at HEAD (content 278, column 176x138 on 390.25), and mark 202/40 and We gifted you are SUPERSEDED by August's 210/32 and We gifted you!, on the terms of 2005-23529. SOURCE-TO-BOARD, no browser ran.
2005-17764	ruled-out	-	wave63 onboarding-landing 2026-09-22: SUPERSEDED, not matched, and not to be built as drawn. Casey ruled 2026-09-19 that the landing's August frame set governs over May and the May boards are marked superseded (WAVE51-INTEGRITY.md section 3). The app draws the August Sign up modal of 11220-175352 (match, line 124), which REPLACES this May Get early access modal - header bar, 50 field, referral row, wallet row, login and terms lines, 32 floor - rather than adjusting it, so a match here would claim a board nobody may build. Supersedes the pre-ruling partial at line 40. Modal 2005:18458 re-read live 2026-09-22, unchanged from wave 57. SOURCE-TO-BOARD, no browser ran.
2005-27956	ruled-out	-	wave63 onboarding-landing 2026-09-22: SUPERSEDED, not matched, on the terms of 2005-17764 under Casey's ruling of 2026-09-19 (WAVE51-INTEGRITY.md section 3). The app draws the August Sign up modal of 11225-182385 (match, line 123), which replaces this May 375 modal - header bar, 48 field, referral row, wallet row, login and terms lines, 24/24 insets where May draws 16 and 8. Supersedes the pre-ruling partial at line 60. Modal 2005:28650 re-read live 2026-09-22, unchanged from wave 58. SOURCE-TO-BOARD, no browser ran.
2005-18495	ruled-out	-	wave63 onboarding-landing 2026-09-22: SUPERSEDED, not matched, on the terms of 2005-17764 under Casey's ruling of 2026-09-19 (WAVE51-INTEGRITY.md section 3). The filled twin of the May Get early access modal; the app draws the August Sign up modal of 11220-175352 (match, line 124), which replaces it. Supersedes the pre-ruling partial at line 41. Modal 2005:19189 re-read live 2026-09-22. SOURCE-TO-BOARD, no browser ran.
2005-28687	ruled-out	-	wave63 onboarding-landing 2026-09-22: SUPERSEDED, not matched, on the terms of 2005-27956 under Casey's ruling of 2026-09-19 (WAVE51-INTEGRITY.md section 3). The filled twin of the May 375 modal; the app draws the August Sign up modal of 11225-182385 (match, line 123), which replaces it. Supersedes the pre-ruling partial at line 61. Modal 2005:29381 re-read live 2026-09-22. SOURCE-TO-BOARD, no browser ran.
2005-29418	match	-	wave63 onboarding-landing 2026-09-22: SUPERSEDES the 08-05 partial at line 62, which measured a component that no longer exists (24px padding, 42x46 boxes, Continue 309x52). Modal 2005:30112 re-read live; every term it shares with the governing 11229-188122 matches the base rung at HEAD - 342 column, back at 16 and close at 326, 68 content block, six 50.333x72 cells on 8, 44 CTA, 14 resend line, 20 seams - and the two it does not, controls 16 and floor 16, are August's 24 and 24 under Casey's ruling of 2026-09-19, so the app draws 342 where this board draws 326. SOURCE-TO-BOARD, no browser ran.
2005-30148	match	-	wave63 onboarding-landing 2026-09-22: SUPERSEDES the 08-05 partial at line 64, on the terms of 2005-29418. Modal 2005:30842 re-read live, 2005:30112's column with the digits 1 5 7 4 1 9; shared terms match the base rung at HEAD and the 16/16 insets are August's 24/24 (11229-188907) under Casey's ruling of 2026-09-19. SOURCE-TO-BOARD, no browser ran.
10767-307473	partial	-	wave63 onboarding-landing 2026-09-22: re-read live, whole board. Now partial on ONE term, the counter suffix (Traders are already winning with us, 10767:308133, against the shipped Users are already on this list) - Casey's wording. BUILT this pass: the mark's y, which no earlier line compared (168 by arithmetic under the centred container, 100 now, skai-landing dd1cf18 lg:pb-[216px]), and the count's fabricated 8700 fallback (skai-landing b689182: ellipsis while loading, dash on failure). Committed, not deployed. SOURCE-TO-BOARD, no browser ran.
11189-2629	partial	-	wave63 onboarding-landing 2026-09-22: re-read live, whole board. Partial on the counter suffix alone (Users are already winning with us, 11189:3296) - Casey's wording. BUILT: the mark 288.45 -> 279.95 against 280 (dd1cf18 md:pb-[97px]); the 8700 fallback (b689182). Residual 0.9 on the CTA's y from the subhead's 37 board box against a 36.1 line pair. SOURCE-TO-BOARD, no browser ran.
11225-181650	partial	-	wave63 onboarding-landing 2026-09-22: re-read live, whole board. Partial on the counter suffix alone (Users are already winning with us, 11225:182317) - Casey's wording. BUILT: the mark 212.5 -> 246 (dd1cf18 pb-[13px]), content 314, CTA 477; the 8700 fallback (b689182). SOURCE-TO-BOARD, no browser ran.
2005-4492	match	-	wave63 onboarding-landing 2026-09-22: SUPERSEDES the 08-05 partial at line 1. Board re-read live in full. Every term it shares with the governing 10767-307473 matches at HEAD - mark at 100 (built this pass, dd1cf18; it sat at 168), 80 / 26 / 48 / 32 rhythm, legal nav at 32,32, CRO gaps 2 and 6 at 14/18, and this board's own suffix string - and the terms where it differs (button 66, the Tap into subhead, three socials, no header pair) are SUPERSEDED by August's 70, Discover subhead, no socials and pair nav under Casey's ruling of 2026-09-19. SOURCE-TO-BOARD, no browser ran.
2005-21410	match	-	wave63 onboarding-landing 2026-09-22: SUPERSEDES the 09-09 partial at line 47 (its 48-tall mark delta no longer holds; the base logo is 36). Board re-read live in full; shared terms match at HEAD (legal nav, 87x36 mark, headline 61 / subhead 54 on 16, CTA 32 under, button 328x44, CRO 16 under on gaps 2 and 4, this board's own suffix string) and the mark 248 / clearance 40 / content 324 / CTA 487, the Tap into subhead and the three socials are SUPERSEDED by August's 246 / 32 / 314 / 477, Discover and none under Casey's ruling of 2026-09-19 - with the mark now landing on 246 (dd1cf18; it sat at 212.5). SOURCE-TO-BOARD, no browser ran.
2005-30878	match	-	wave63 onboarding-landing 2026-09-22: SUPERSEDES the partial at line 133. Modal 2005:31572 re-read live, 358x266; the 342 column, 50 content block, 20 seams and 60/16/60 rows match the base rung at HEAD, and the 16 top and 8 floor are the governing 2065-26396's 24 and 24 (match, line 130) - the Temporary-landing board the August flow continues into, taken over this May board under Casey's ruling of 2026-09-19. SOURCE-TO-BOARD, no browser ran.
# wave 71 (2026-09-24..26), lane P059: live reads and design-store specs.
2086-39242	partial	-	wave 71 lane P059, 2026-09-24..26: w71 P059 store spec 3sSzw1KewMtUbeLAv7uW0r:2086:39242 (hash be78d96882d6cc11, fill extract nonce 6a1c128e53a1, 2026-09-25) + live read-only use_figma instance walk (call 4, 2026-09-25, ledgered record-kind parity), re-read from the store 2026-09-26 for the review fix. Built: rows are CTA/button Secondary Large 448x64 (pad 20/40 = py-5 px-10, gap 10, rounded-2xl 16, inset ring 1.5, fill green-coal #001615, ring sky-blue #56C7F3, logo size-6, label Lg/Paragraph 1 300 white via text-para-1), list lg:max-w-md (28rem = 448) centred at x496, mark at y100 (16 + 24 + lg:pt-[60px]) with 80 to the title (lg:mb-20), title Lg/Super-headline 3 (text-super-3), subtitle Lg/Sub-headline 2 (text-sub-2), 26/38/16/32 chain, Skip = CTA/button Link Lg/Paragraph 2 white, arrow 10 away. Was 12px high, rows 472x73, logo 18, gap 16, label -0.8, skip #E0E0E0 gap 8. Header legal 14/18 #E0E0E0 at 32,32 matches. Logo mark 154.67x64 from SkaiLogo short (09-19 ratio fix). LEFT: header socials: the board draws logos/social Discord, X and Instagram (2086:39907, 2086:39909, 2086:39908) in Core/White at full opacity (store spec: fill "Core/White", no @alpha, no op), and LandingHeader paints every social link text-white/60 (modules/skai-ui/src/components/layout/landing-header.tsx:201,212,223,234, icons fill=currentColor), so they render at 60% white. Count, order, 16 box and 32 gap match. The file is packet P125's, not in wave 71 or 72. Was marked done/match at 479573f on "three socials match", which checked the count and not the paint; corrected after review. skai-landing 479573f + 31e5d1c (w71/P059, on fad9354; not pushed, pointer not bumped). pinned by tests/unit/ExternalWallet.parity.test.tsx (18 cases, classes resolved through the landing tailwind theme; 22 build mutations + 9 fix-phase mutations + the fad9354 page all killed). SOURCE-TO-BOARD, NO RENDER: no browser ran this wave
2005-5185	partial	-	wave 71 lane P059, 2026-09-24..26: w71 P059 store spec 3sSzw1KewMtUbeLAv7uW0r:2005:5185 (hash 1e0793ff4589b783, nonce 6a1c128e53a1, 2026-09-25). The page is built to its Temporary-landing twin 2086:39242 (READ.md twin decision: the newer re-cut drawn with CTA/button 801:1062). Everything else now equals this board (y100 mark, 448x64 rows at x496 pad 20, stroke 1.5 r16, 24 logo, Lg/Paragraph 1 labels, chain). LEFT: by construction, this board draws raw input rows with an 8 icon gap (built 10) and a #E0E0E0 Skip with its arrow 8 away (built white, 10); and the header socials: the board draws logos/social Discord, X and Instagram (icon16/discord 2005:5897, icon16/twitter 2005:5901, icon16/instagram 2005:5899) in Core/White at full opacity (store spec: fill "Core/White", no @alpha, no op), and LandingHeader paints every social link text-white/60 (modules/skai-ui/src/components/layout/landing-header.tsx:201,212,223,234, icons fill=currentColor), so they render at 60% white. Count, order, 16 box and 32 gap match. The file is packet P125's, not in wave 71 or 72. skai-landing 479573f + 31e5d1c (w71/P059, on fad9354; not pushed, pointer not bumped). pinned by tests/unit/ExternalWallet.parity.test.tsx (18 cases, classes resolved through the landing tailwind theme; 22 build mutations + 9 fix-phase mutations + the fad9354 page all killed). SOURCE-TO-BOARD, NO RENDER: no browser ran this wave
2065-9242	partial	-	wave 71 lane P059, 2026-09-24..26: w71 P059 store spec 3sSzw1KewMtUbeLAv7uW0r:2065:9242 (hash 849d1c48b60136d3, nonce 6a1c128e53a1) + live instance walk (call 4, 2026-09-25). Built: CTA/button Secondary Medium rows 368x50 (py-4 px-6 = 16/24, gap-2.5, rounded-xl 12, inset ring 1, fill #001615, ring #56C7F3, logo size-4, Md/Paragraph 1 300 white via text-para-1-tablet), title Md/Super-headline 3 (text-super-3-tablet, -1.28 where it had shipped -0.96), subtitle Md/Sub-headline 2 (text-sub-2-tablet), Skip Md/Paragraph 1 white arrow 10. Was 54-tall rows, stroke 1.5, r14, logo 18, gap 8. LEFT (both in P125's files, HeaderNavigation.tsx / skai-ui landing-header.tsx): the header legal links draw Md/Paragraph 2 300 (12/16, Terms 33 wide) and LandingHeader sets 14/18 at every width; and the header socials: the board draws logos/social Discord, X and Instagram (2598:4794, 2598:4796, 2598:4795) in Core/White at full opacity (store spec: fill "Core/White", no @alpha, no op), and LandingHeader paints every social link text-white/60 (modules/skai-ui/src/components/layout/landing-header.tsx:201,212,223,234, icons fill=currentColor), so they render at 60% white. Count, order, 16 box and 32 gap match. The file is packet P125's, not in wave 71 or 72. skai-landing 479573f + 31e5d1c (w71/P059, on fad9354; not pushed, pointer not bumped). pinned by tests/unit/ExternalWallet.parity.test.tsx (18 cases, classes resolved through the landing tailwind theme; 22 build mutations + 9 fix-phase mutations + the fad9354 page all killed). SOURCE-TO-BOARD, NO RENDER: no browser ran this wave
2065-17671	partial	-	wave 71 lane P059, 2026-09-24..26: w71 P059 store spec 3sSzw1KewMtUbeLAv7uW0r:2065:17671 (hash 2adb1e376bd6ca27, nonce 6a1c128e53a1) + live instance walk (call 4, 2026-09-25). Built: CTA/button Secondary Small rows 328x44 on a 56 pitch (py-3.5 px-4 = 14/16, gap-3, rounded-xl, inset ring 1, fill #001615, ring #56C7F3, logo size-4, Sm/Paragraph 1 300 REGULAR white via text-para-1-mobile), content at y270 (mb-8 under the y202 mark), subtitle Sm/Sub-headline 2 14/18 (was 12/18), list at y354 (mb-5), Skip Sm/Paragraph 1 Regular white, arrow 12. Was 46-tall rows, Bold labels and Skip, stroke 1.5, logo 18, gap 4. LEFT (both in P125's files): header legal links draw Sm/Paragraph 1 600 (Manrope Bold 14/16) and LandingHeader sets 14/18 Regular; and the header socials: the board draws logos/social Discord, X and Instagram (2600:10960, 2600:10961, 2600:10962) in Core/White at full opacity (store spec: fill "Core/White", no @alpha, no op), and LandingHeader paints every social link text-white/60 (modules/skai-ui/src/components/layout/landing-header.tsx:201,212,223,234, icons fill=currentColor), so they render at 60% white. Count, order, 16 box and 32 gap match. The file is packet P125's, not in wave 71 or 72. skai-landing 479573f + 31e5d1c (w71/P059, on fad9354; not pushed, pointer not bumped). pinned by tests/unit/ExternalWallet.parity.test.tsx (18 cases, classes resolved through the landing tailwind theme; 22 build mutations + 9 fix-phase mutations + the fad9354 page all killed). SOURCE-TO-BOARD, NO RENDER: no browser ran this wave
2005-13649	partial	-	wave 71 lane P059, 2026-09-24..26: w71 P059 store spec 3sSzw1KewMtUbeLAv7uW0r:2005:13649 (hash 31a282f0e8e32e66, fill extract nonce 2d2d613c9895, 2026-09-25; stored in skai-ui 1776362). This Onboarding twin draws raw input rows 368x54 (pad 18, stroke 1, r12, logo 17.5x18, gap 8) and Skip in Md/Paragraph 2 12/16 #E0E0E0 with the arrow 8 away; the page is now built to its Temporary-landing twin 2065:9242 (CTA/button Medium: rows 368x50, logo 16, gap 10, Skip Md/Paragraph 1 14/18 white, arrow 10), per READ.md twin decision, so this frame moves match -> partial on those terms. Shared terms now match both twins (stroke 1 and r12 where the code had 1.5 and 14, -4% tracking). Also LEFT, whichever twin wins: the header socials: the board draws logos/social Discord, X and Instagram (icon16/discord 2445:9293, icon16/twitter 2445:9295, icon16/instagram 2445:9302) in Core/White at full opacity (store spec: fill "Core/White", no @alpha, no op), and LandingHeader paints every social link text-white/60 (modules/skai-ui/src/components/layout/landing-header.tsx:201,212,223,234, icons fill=currentColor), so they render at 60% white. Count, order, 16 box and 32 gap match. The file is packet P125's, not in wave 71 or 72. The twin choice has no Casey ruling (grep of casey-rulings-*.md, 2026-09-26) and needs his confirmation before the fold; reversible if the Onboarding boards win. skai-landing 479573f + 31e5d1c (w71/P059, on fad9354; not pushed, pointer not bumped)
2005-22103	partial	-	wave 71 lane P059, 2026-09-24..26: w71 P059 live custom read-only use_figma (call 3, 2026-09-25, ledgered record-kind parity; not stored: the call-2 extract ran past the job limit). This Onboarding twin draws rows 328x46 (pad 14, stroke 1, logo 17.67x18), labels and Skip in Sm/Paragraph 1 600 Bold #E0E0E0, content at y278 and the list at y358; the page is now built to its Temporary-landing twin 2065:17671 (rows 328x44, Regular labels, white Regular Skip, content y270, list y354), per READ.md twin decision, so this frame moves match -> partial. Wave 56 recorded its subtitle as 12/18 -0.72; both 375 twins draw 14/18 -4%, which the page now ships. This board's header socials were not re-read (not stored); every stored board of the flow draws them full white, which LandingHeader paints at 60% (P125). The twin choice has no Casey ruling (grep of casey-rulings-*.md, 2026-09-26) and needs his confirmation before the fold; reversible if the Onboarding boards win. skai-landing 479573f + 31e5d1c (w71/P059, on fad9354; not pushed, pointer not bumped)
# wave 73 (2026-09-27..28), lane P114: live reads and design-store specs.
2662-2597	deferred	-	wave 73 lane P114, 2026-09-27..28: i2 1440. READ LIVE 2026-09-27 w73 P114 use_figma call 1 of 2 (ledgered record-kind parity 11:02:35Z): path-by-path diff against the May base, texts from layer names; the result was cut at 20 KB by the 24 background strokes that sit 0.1px off the base. Differs from May base 2005:4492 in two texts only: subhead layer 'One Platform - All in One - You can Trade Crypto, Stocks, FX, Commodities, Enjoy Prediction Markets and Play Your Favorite Casino Games.' 621x48 at 409,368; CTA label 'Get early access - get rewarded' 214x22. All 24 geometry changes are the 0.1px strokes. Gaps S C. Code at HEAD (w73/SUB/skai-landing 4e6f7c2, w73/UI 7ed0d18) ships only the governing August hero: content.ts:203-207 headline 'Join the global AI-powered trading ecosystem', :215-216 subhead 'Discover the new world of perpetual trading...', :217 cta 'Get early access'; LandingWaitlist.tsx:1901-1982; no variant switcher and no string of this iteration anywhere in src. Superseded on the terms of Casey's 2026-09-19 ruling 'Landing: the AUGUST frame set governs over May ... RESTORE the hero subhead Discover the new world' (casey-rulings-2026-09-10.md:1141-1145; WAVE51-INTEGRITY.md s3 items 7-9). PROPOSE verdict ruled-out citing 2026-09-19 (figma-catalog README.md:164-170) once Casey confirms the ruling reaches the iteration columns (P114 B1): it names the subhead, not the 'get rewarded' CTA labels, the 'One platform—All in one' headline or the i6 collage. Not built: P114's Files line is empty and every render file is P122's. Not done: SCHEMA.md done = measured parity with the rendered DOM, and the page renders no iteration.
2662-3299	deferred	-	wave 73 lane P114, 2026-09-27..28: i2 768. READ LIVE 2026-09-27 w73 P114 use_figma call 1 of 2 (ledgered record-kind parity 11:02:35Z): path-by-path diff against the May base, texts from layer names; the result was cut at 20 KB by the 24 background strokes that sit 0.1px off the base. Differs from May base 2005:12956 in the same two texts: subhead 467x37 at 150,481, CTA label 187x18. Residual: 18 of 22 geometry changes shown, all the 0.1px strokes; the other 4 went unseen (call 1 had no tolerance), so one real geometry change here cannot be excluded without a re-read. Gaps S C. Code at HEAD (w73/SUB/skai-landing 4e6f7c2, w73/UI 7ed0d18) ships only the governing August hero: content.ts:203-207 headline 'Join the global AI-powered trading ecosystem', :215-216 subhead 'Discover the new world of perpetual trading...', :217 cta 'Get early access'; LandingWaitlist.tsx:1901-1982; no variant switcher and no string of this iteration anywhere in src. Superseded on the terms of Casey's 2026-09-19 ruling 'Landing: the AUGUST frame set governs over May ... RESTORE the hero subhead Discover the new world' (casey-rulings-2026-09-10.md:1141-1145; WAVE51-INTEGRITY.md s3 items 7-9). PROPOSE verdict ruled-out citing 2026-09-19 (figma-catalog README.md:164-170) once Casey confirms the ruling reaches the iteration columns (P114 B1): it names the subhead, not the 'get rewarded' CTA labels, the 'One platform—All in one' headline or the i6 collage. Not built: P114's Files line is empty and every render file is P122's. Not done: SCHEMA.md done = measured parity with the rendered DOM, and the page renders no iteration.
2662-3992	deferred	-	wave 73 lane P114, 2026-09-27..28: i2 375. READ LIVE 2026-09-27 w73 P114 use_figma call 1 of 2 (ledgered record-kind parity 11:02:35Z): path-by-path diff against the May base, texts from layer names; the result was cut at 20 KB by the 24 background strokes that sit 0.1px off the base. Differs from May base 2005:21410 in the same two texts: subhead 295x54 at 40,401, CTA label 187x16. The other 12 geometry changes are all the 0.1px strokes. Gaps S C. Code at HEAD (w73/SUB/skai-landing 4e6f7c2, w73/UI 7ed0d18) ships only the governing August hero: content.ts:203-207 headline 'Join the global AI-powered trading ecosystem', :215-216 subhead 'Discover the new world of perpetual trading...', :217 cta 'Get early access'; LandingWaitlist.tsx:1901-1982; no variant switcher and no string of this iteration anywhere in src. Superseded on the terms of Casey's 2026-09-19 ruling 'Landing: the AUGUST frame set governs over May ... RESTORE the hero subhead Discover the new world' (casey-rulings-2026-09-10.md:1141-1145; WAVE51-INTEGRITY.md s3 items 7-9). PROPOSE verdict ruled-out citing 2026-09-19 (figma-catalog README.md:164-170) once Casey confirms the ruling reaches the iteration columns (P114 B1): it names the subhead, not the 'get rewarded' CTA labels, the 'One platform—All in one' headline or the i6 collage. Not built: P114's Files line is empty and every render file is P122's. Not done: SCHEMA.md done = measured parity with the rendered DOM, and the page renders no iteration.
2664-4685	deferred	-	wave 73 lane P114, 2026-09-27..28: i3 1440. READ LIVE 2026-09-27 w73 P114 use_figma call 1 of 2 (ledgered record-kind parity 11:02:35Z): path-by-path diff against the May base, texts from layer names; the result was cut at 20 KB by the 24 background strokes that sit 0.1px off the base. Differs from May base 2005:4492: subhead 'Hyperliquid, Polymarket, Stake & Pump.fun all in one! No more cross platform difficulties' in a box narrowed 621 to 411 (x+105); CTA layer 'Get Early Access - Get Rewarded' 221x22. The other 24 changes are the 0.1px strokes. Gaps S C G. Code at HEAD (w73/SUB/skai-landing 4e6f7c2, w73/UI 7ed0d18) ships only the governing August hero: content.ts:203-207 headline 'Join the global AI-powered trading ecosystem', :215-216 subhead 'Discover the new world of perpetual trading...', :217 cta 'Get early access'; LandingWaitlist.tsx:1901-1982; no variant switcher and no string of this iteration anywhere in src. Superseded on the terms of Casey's 2026-09-19 ruling 'Landing: the AUGUST frame set governs over May ... RESTORE the hero subhead Discover the new world' (casey-rulings-2026-09-10.md:1141-1145; WAVE51-INTEGRITY.md s3 items 7-9). PROPOSE verdict ruled-out citing 2026-09-19 (figma-catalog README.md:164-170) once Casey confirms the ruling reaches the iteration columns (P114 B1): it names the subhead, not the 'get rewarded' CTA labels, the 'One platform—All in one' headline or the i6 collage. Not built: P114's Files line is empty and every render file is P122's. Not done: SCHEMA.md done = measured parity with the rendered DOM, and the page renders no iteration.
2664-5378	deferred	-	wave 73 lane P114, 2026-09-27..28: i3 768. READ LIVE 2026-09-27 w73 P114 use_figma call 1 of 2 (ledgered record-kind parity 11:02:35Z): path-by-path diff against the May base, texts from layer names; the result was cut at 20 KB by the 24 background strokes that sit 0.1px off the base. Differs from May base 2005:12956 in the same two texts: subhead 467x37, CTA label 194x18. Residual: 18 of 22 geometry changes shown, all the 0.1px strokes; the other 4 went unseen (call 1 had no tolerance), so one real geometry change here cannot be excluded without a re-read. Gaps S C. Code at HEAD (w73/SUB/skai-landing 4e6f7c2, w73/UI 7ed0d18) ships only the governing August hero: content.ts:203-207 headline 'Join the global AI-powered trading ecosystem', :215-216 subhead 'Discover the new world of perpetual trading...', :217 cta 'Get early access'; LandingWaitlist.tsx:1901-1982; no variant switcher and no string of this iteration anywhere in src. Superseded on the terms of Casey's 2026-09-19 ruling 'Landing: the AUGUST frame set governs over May ... RESTORE the hero subhead Discover the new world' (casey-rulings-2026-09-10.md:1141-1145; WAVE51-INTEGRITY.md s3 items 7-9). PROPOSE verdict ruled-out citing 2026-09-19 (figma-catalog README.md:164-170) once Casey confirms the ruling reaches the iteration columns (P114 B1): it names the subhead, not the 'get rewarded' CTA labels, the 'One platform—All in one' headline or the i6 collage. Not built: P114's Files line is empty and every render file is P122's. Not done: SCHEMA.md done = measured parity with the rendered DOM, and the page renders no iteration.
2664-6071	deferred	-	wave 73 lane P114, 2026-09-27..28: i3 375. READ LIVE 2026-09-27 w73 P114 use_figma call 1 of 2 (ledgered record-kind parity 11:02:35Z): path-by-path diff against the May base, texts from layer names; the result was cut at 20 KB by the 24 background strokes that sit 0.1px off the base. Differs from May base 2005:21410 in the same two texts, and the block moves: mark 248 to 257, content 324 to 333, CTA 487 to 478 (mark clearance 40 where the ruling says 32 at 375; content-to-CTA 14). Code: mark 246 / content 314 / CTA 477, the August values (LandingWaitlist.tsx:1901). Gaps S C G. Code at HEAD (w73/SUB/skai-landing 4e6f7c2, w73/UI 7ed0d18) ships only the governing August hero: content.ts:203-207 headline 'Join the global AI-powered trading ecosystem', :215-216 subhead 'Discover the new world of perpetual trading...', :217 cta 'Get early access'; LandingWaitlist.tsx:1901-1982; no variant switcher and no string of this iteration anywhere in src. Superseded on the terms of Casey's 2026-09-19 ruling 'Landing: the AUGUST frame set governs over May ... RESTORE the hero subhead Discover the new world' (casey-rulings-2026-09-10.md:1141-1145; WAVE51-INTEGRITY.md s3 items 7-9). PROPOSE verdict ruled-out citing 2026-09-19 (figma-catalog README.md:164-170) once Casey confirms the ruling reaches the iteration columns (P114 B1): it names the subhead, not the 'get rewarded' CTA labels, the 'One platform—All in one' headline or the i6 collage. Not built: P114's Files line is empty and every render file is P122's. Not done: SCHEMA.md done = measured parity with the rendered DOM, and the page renders no iteration.
2664-6764	deferred	-	wave 73 lane P114, 2026-09-27..28: i4 1440. READ LIVE 2026-09-27 w73 P114 use_figma call 2 of 2 (ledgered record-kind parity 11:06:33Z): path-by-path diff at 0.5px tolerance, 14.2 KB, complete; instrument check 10767:307473 vs 2005:4492 reproduced every delta wave 63 recorded on 09-22. Differs from May base 2005:4492: headline 'One platform—All in one' on one line 547x48 at 446,294; subhead 'You can Trade Crypto, Stocks, FX, Commodities, Enjoy Prediction Markets and Play Your Favorite Casino Games.' 621x48 at 409,368; CTA 'Get early access - get rewarded'; content 172 to 122 tall at y 294 while the mark stays at 100. 687 nodes = base. Corrects the catalog's 'content-only' note, which named nothing. Gaps H S C G. Code at HEAD (w73/SUB/skai-landing 4e6f7c2, w73/UI 7ed0d18) ships only the governing August hero: content.ts:203-207 headline 'Join the global AI-powered trading ecosystem', :215-216 subhead 'Discover the new world of perpetual trading...', :217 cta 'Get early access'; LandingWaitlist.tsx:1901-1982; no variant switcher and no string of this iteration anywhere in src. Superseded on the terms of Casey's 2026-09-19 ruling 'Landing: the AUGUST frame set governs over May ... RESTORE the hero subhead Discover the new world' (casey-rulings-2026-09-10.md:1141-1145; WAVE51-INTEGRITY.md s3 items 7-9). PROPOSE verdict ruled-out citing 2026-09-19 (figma-catalog README.md:164-170) once Casey confirms the ruling reaches the iteration columns (P114 B1): it names the subhead, not the 'get rewarded' CTA labels, the 'One platform—All in one' headline or the i6 collage. Not built: P114's Files line is empty and every render file is P122's. Not done: SCHEMA.md done = measured parity with the rendered DOM, and the page renders no iteration.
2664-7457	deferred	-	wave 73 lane P114, 2026-09-27..28: i4 768. READ LIVE 2026-09-27 w73 P114 use_figma call 2 of 2 (ledgered record-kind parity 11:06:33Z): path-by-path diff at 0.5px tolerance, 14.2 KB, complete; instrument check 10767:307473 vs 2005:4492 reproduced every delta wave 63 recorded on 09-22. Same texts as 2664-6764 against May base 2005:12956: headline 415x40; mark 280 to 313, content 376 to 409 (101 tall). 687 nodes = base. Gaps H S C G. Code at HEAD (w73/SUB/skai-landing 4e6f7c2, w73/UI 7ed0d18) ships only the governing August hero: content.ts:203-207 headline 'Join the global AI-powered trading ecosystem', :215-216 subhead 'Discover the new world of perpetual trading...', :217 cta 'Get early access'; LandingWaitlist.tsx:1901-1982; no variant switcher and no string of this iteration anywhere in src. Superseded on the terms of Casey's 2026-09-19 ruling 'Landing: the AUGUST frame set governs over May ... RESTORE the hero subhead Discover the new world' (casey-rulings-2026-09-10.md:1141-1145; WAVE51-INTEGRITY.md s3 items 7-9). PROPOSE verdict ruled-out citing 2026-09-19 (figma-catalog README.md:164-170) once Casey confirms the ruling reaches the iteration columns (P114 B1): it names the subhead, not the 'get rewarded' CTA labels, the 'One platform—All in one' headline or the i6 collage. Not built: P114's Files line is empty and every render file is P122's. Not done: SCHEMA.md done = measured parity with the rendered DOM, and the page renders no iteration.
2664-8150	deferred	-	wave 73 lane P114, 2026-09-27..28: i4 375. READ LIVE 2026-09-27 w73 P114 use_figma call 2 of 2 (ledgered record-kind parity 11:06:33Z): path-by-path diff at 0.5px tolerance, 14.2 KB, complete; instrument check 10767:307473 vs 2005:4492 reproduced every delta wave 63 recorded on 09-22. Same texts as 2664-6764 against May base 2005:21410: headline 329x30; mark 248 to 273, content 324 to 349 (100 tall), CTA 487 to 463. 687 nodes = base. Gaps H S C G. Code at HEAD (w73/SUB/skai-landing 4e6f7c2, w73/UI 7ed0d18) ships only the governing August hero: content.ts:203-207 headline 'Join the global AI-powered trading ecosystem', :215-216 subhead 'Discover the new world of perpetual trading...', :217 cta 'Get early access'; LandingWaitlist.tsx:1901-1982; no variant switcher and no string of this iteration anywhere in src. Superseded on the terms of Casey's 2026-09-19 ruling 'Landing: the AUGUST frame set governs over May ... RESTORE the hero subhead Discover the new world' (casey-rulings-2026-09-10.md:1141-1145; WAVE51-INTEGRITY.md s3 items 7-9). PROPOSE verdict ruled-out citing 2026-09-19 (figma-catalog README.md:164-170) once Casey confirms the ruling reaches the iteration columns (P114 B1): it names the subhead, not the 'get rewarded' CTA labels, the 'One platform—All in one' headline or the i6 collage. Not built: P114's Files line is empty and every render file is P122's. Not done: SCHEMA.md done = measured parity with the rendered DOM, and the page renders no iteration.
2667-11004	deferred	-	wave 73 lane P114, 2026-09-27..28: i6 1440. READ LIVE 2026-09-27 w73 P114 use_figma call 2 of 2 (ledgered record-kind parity 11:06:33Z): path-by-path diff at 0.5px tolerance, 14.2 KB, complete; instrument check 10767:307473 vs 2005:4492 reproduced every delta wave 63 recorded on 09-22. Carries i4's headline and subhead (not the base hero, as wave 39 wrote) and a third CTA label 'Get Early Access — Get Rewarded' (em dash, title case), plus FRAME 'key offerings' (738 nodes, 32 texts) at 100,628 1239x418, running past the 900 fold; 1426 nodes = 687 + 739. Every collage figure is invented (218/111/427 Playing; Germany 18% / Portugal 83% / Draw, $18k Volume; 'Will Bitcoin rise above $100K on Friday, 13 February?' 64% Chance, $271.4k Volume; +56.1 USDC, 2,689.10 USDC, +349 SKAI; Leverage 10x slider): under the no-mock policy it could ship only as a labelled illustration or wired to live sources (P114 B3). Gaps H S C G K. Code at HEAD (w73/SUB/skai-landing 4e6f7c2, w73/UI 7ed0d18) ships only the governing August hero: content.ts:203-207 headline 'Join the global AI-powered trading ecosystem', :215-216 subhead 'Discover the new world of perpetual trading...', :217 cta 'Get early access'; LandingWaitlist.tsx:1901-1982; no variant switcher and no string of this iteration anywhere in src. Superseded on the terms of Casey's 2026-09-19 ruling 'Landing: the AUGUST frame set governs over May ... RESTORE the hero subhead Discover the new world' (casey-rulings-2026-09-10.md:1141-1145; WAVE51-INTEGRITY.md s3 items 7-9). PROPOSE verdict ruled-out citing 2026-09-19 (figma-catalog README.md:164-170) once Casey confirms the ruling reaches the iteration columns (P114 B1): it names the subhead, not the 'get rewarded' CTA labels, the 'One platform—All in one' headline or the i6 collage. Not built: P114's Files line is empty and every render file is P122's. Not done: SCHEMA.md done = measured parity with the rendered DOM, and the page renders no iteration.
2667-11697	deferred	-	wave 73 lane P114, 2026-09-27..28: i6 768. READ LIVE 2026-09-27 w73 P114 use_figma call 2 of 2 (ledgered record-kind parity 11:06:33Z): path-by-path diff at 0.5px tolerance, 14.2 KB, complete; instrument check 10767:307473 vs 2005:4492 reproduced every delta wave 63 recorded on 09-22. Same hero texts as 2667-11004; collage 'key offerings' at -88,803 944x318. Invented collage figures as 2667-11004 (P114 B3). Gaps H S C G K. Code at HEAD (w73/SUB/skai-landing 4e6f7c2, w73/UI 7ed0d18) ships only the governing August hero: content.ts:203-207 headline 'Join the global AI-powered trading ecosystem', :215-216 subhead 'Discover the new world of perpetual trading...', :217 cta 'Get early access'; LandingWaitlist.tsx:1901-1982; no variant switcher and no string of this iteration anywhere in src. Superseded on the terms of Casey's 2026-09-19 ruling 'Landing: the AUGUST frame set governs over May ... RESTORE the hero subhead Discover the new world' (casey-rulings-2026-09-10.md:1141-1145; WAVE51-INTEGRITY.md s3 items 7-9). PROPOSE verdict ruled-out citing 2026-09-19 (figma-catalog README.md:164-170) once Casey confirms the ruling reaches the iteration columns (P114 B1): it names the subhead, not the 'get rewarded' CTA labels, the 'One platform—All in one' headline or the i6 collage. Not built: P114's Files line is empty and every render file is P122's. Not done: SCHEMA.md done = measured parity with the rendered DOM, and the page renders no iteration.
2667-12390	deferred	-	wave 73 lane P114, 2026-09-27..28: i6 375. READ LIVE 2026-09-27 w73 P114 use_figma call 2 of 2 (ledgered record-kind parity 11:06:33Z): path-by-path diff at 0.5px tolerance, 14.2 KB, complete; instrument check 10767:307473 vs 2005:4492 reproduced every delta wave 63 recorded on 09-22. Same hero texts as 2667-11004; hero lifted (mark 194, content 270, CTA 384) over the collage at -24,524 433x311. Invented collage figures as 2667-11004 (P114 B3). Gaps H S C G K. Code at HEAD (w73/SUB/skai-landing 4e6f7c2, w73/UI 7ed0d18) ships only the governing August hero: content.ts:203-207 headline 'Join the global AI-powered trading ecosystem', :215-216 subhead 'Discover the new world of perpetual trading...', :217 cta 'Get early access'; LandingWaitlist.tsx:1901-1982; no variant switcher and no string of this iteration anywhere in src. Superseded on the terms of Casey's 2026-09-19 ruling 'Landing: the AUGUST frame set governs over May ... RESTORE the hero subhead Discover the new world' (casey-rulings-2026-09-10.md:1141-1145; WAVE51-INTEGRITY.md s3 items 7-9). PROPOSE verdict ruled-out citing 2026-09-19 (figma-catalog README.md:164-170) once Casey confirms the ruling reaches the iteration columns (P114 B1): it names the subhead, not the 'get rewarded' CTA labels, the 'One platform—All in one' headline or the i6 collage. Not built: P114's Files line is empty and every render file is P122's. Not done: SCHEMA.md done = measured parity with the rendered DOM, and the page renders no iteration.
2113-5498	deferred	-	wave 73 lane P114, 2026-09-27..28: Share card ALT. READ LIVE 2026-09-27 w73 P114 use_figma call 2 of 2 (ledgered record-kind parity 11:06:33Z): path-by-path diff at 0.5px tolerance, 14.2 KB, complete; instrument check 10767:307473 vs 2005:4492 reproduced every delta wave 63 recorded on 09-22. The base card 2113:4662's layout made light: glow #ffffff, logo text and headline #001615; planet (Ellipse 23), ring (Subtract) and mask group removed; logo 267x64 at 80,80; headline 'Global AI-powered trading ecosystem' 717x209 at 80,339. Gap O. Shipped og:image = skai-landing public/og-image.jpg, structurally the BASE card 2113:4662 (logo 267x64 at 80,80, headline 'Global AI-powered trading ecosystem' 717x209 at 80,339, planet Ellipse 23 + ring Subtract upper right, bar-chart backdrop, #17f9b4 glow); structural comparison, not pixel. The jpg is 1198x627 by its JPEG SOF while index.html:142-143 declares 1200x630 (hand-off H1 to P122). Only one og:image can ship. Casey picks which card ships (P114 B2); no ruling picks an ALT. Preference on file, not a ruling: workflow-preferences.md:1705 (2026-08-11) Casey 'I like the image it shows when you share skai.trade', i.e. the shipped base card. Not built: og-image.jpg and index.html are P122's; P114's Files line is empty.
3879-44798	deferred	-	wave 73 lane P114, 2026-09-27..28: Share card ALT duplicate. READ LIVE 2026-09-27 w73 P114 use_figma call 2 of 2 (ledgered record-kind parity 11:06:33Z): path-by-path diff at 0.5px tolerance, 14.2 KB, complete; instrument check 10767:307473 vs 2005:4492 reproduced every delta wave 63 recorded on 09-22. Path-identical to 2113:5498 (0 changed / 0 added / 0 removed). The pair's node counts differ by 6, which the path diff does not explain: it does not list an added or removed subtree whose root layer name contains '/'. Gap O. Shipped og:image = skai-landing public/og-image.jpg, structurally the BASE card 2113:4662 (logo 267x64 at 80,80, headline 'Global AI-powered trading ecosystem' 717x209 at 80,339, planet Ellipse 23 + ring Subtract upper right, bar-chart backdrop, #17f9b4 glow); structural comparison, not pixel. The jpg is 1198x627 by its JPEG SOF while index.html:142-143 declares 1200x630 (hand-off H1 to P122). Only one og:image can ship. Casey picks which card ships (P114 B2); no ruling picks an ALT. Preference on file, not a ruling: workflow-preferences.md:1705 (2026-08-11) Casey 'I like the image it shows when you share skai.trade', i.e. the shipped base card. Not built: og-image.jpg and index.html are P122's; P114's Files line is empty.
2113-6165	deferred	-	wave 73 lane P114, 2026-09-27..28: Share card ALT 2. READ LIVE 2026-09-27 w73 P114 use_figma call 2 of 2 (ledgered record-kind parity 11:06:33Z): path-by-path diff at 0.5px tolerance, 14.2 KB, complete; instrument check 10767:307473 vs 2005:4492 reproduced every delta wave 63 recorded on 09-22. Centred logo 367x88 at 415,80; one-line 40px Light headline 628x29 at 285,217; a raster product screenshot 'Skai _ Trade 1VH (1440 x 900px) 1' 846x528 at 176,294; glow #003950; 22 nodes. Gap O. Shipped og:image = skai-landing public/og-image.jpg, structurally the BASE card 2113:4662 (logo 267x64 at 80,80, headline 'Global AI-powered trading ecosystem' 717x209 at 80,339, planet Ellipse 23 + ring Subtract upper right, bar-chart backdrop, #17f9b4 glow); structural comparison, not pixel. The jpg is 1198x627 by its JPEG SOF while index.html:142-143 declares 1200x630 (hand-off H1 to P122). Only one og:image can ship. Casey picks which card ships (P114 B2); no ruling picks an ALT. Preference on file, not a ruling: workflow-preferences.md:1705 (2026-08-11) Casey 'I like the image it shows when you share skai.trade', i.e. the shipped base card. Not built: og-image.jpg and index.html are P122's; P114's Files line is empty.
3879-45450	deferred	-	wave 73 lane P114, 2026-09-27..28: Share card ALT 2 duplicate. READ LIVE 2026-09-27 w73 P114 use_figma call 2 of 2 (ledgered record-kind parity 11:06:33Z): path-by-path diff at 0.5px tolerance, 14.2 KB, complete; instrument check 10767:307473 vs 2005:4492 reproduced every delta wave 63 recorded on 09-22. Path-identical to 2113:6165 (0 changed / 0 added / 0 removed). The pair's node counts differ by 6, which the path diff does not explain: it does not list an added or removed subtree whose root layer name contains '/'. Gap O. Shipped og:image = skai-landing public/og-image.jpg, structurally the BASE card 2113:4662 (logo 267x64 at 80,80, headline 'Global AI-powered trading ecosystem' 717x209 at 80,339, planet Ellipse 23 + ring Subtract upper right, bar-chart backdrop, #17f9b4 glow); structural comparison, not pixel. The jpg is 1198x627 by its JPEG SOF while index.html:142-143 declares 1200x630 (hand-off H1 to P122). Only one og:image can ship. Casey picks which card ships (P114 B2); no ruling picks an ALT. Preference on file, not a ruling: workflow-preferences.md:1705 (2026-08-11) Casey 'I like the image it shows when you share skai.trade', i.e. the shipped base card. Not built: og-image.jpg and index.html are P122's; P114's Files line is empty.
# wave 73 (2026-09-27..28), lane P122: live reads and design-store specs.
2113-4662	match	-	wave 73 lane P122, 2026-09-27..28: READ LIVE 2026-09-27 w73 P122 use_figma call 2 (ledgered record-kind parity): tree of 2113:4662 (1198x627 on #001615: glow ellipse, Sky Blue bar unions, planet with ring, logos/skai 'Skai.trade' wordmark 267x64 at 80,80, headline Manrope Light 90/103 with AI-powered in Cormorant Light Italic #56c7f3) and an inline node.screenshot at 1x. og-image.jpg (skai-landing fd0a45b) is a 1198x627 JPEG, the frame's own size, and draws the same picture element for element, compared BY EYE at 1x; no numeric pixel diff was run (the call that would have exported the frame was not spent). No code change. Out of packet and not edited: index.html:142-143 declares og:image 1200x630 for the 1198x627 file.
3879-43977	partial	-	wave 73 lane P122, 2026-09-27..28: READ LIVE 2026-09-27 w73 P122 use_figma call 2: node for node the same as 2113:4662 except the logo instance, logos/skai-short Large 154x64 (bolt and 'Skai') where 2113:4662 and the shipped og-image.jpg draw the 'Skai.trade' wordmark (the structural identity check returned identical:false with the logo the only listed difference). One og:image cannot be both cards: HELD for Casey (which link card ships); the default keeps the shipped 2113 card. No code change.
10767-307473	partial	-	wave 73 lane P122, 2026-09-27..28: READ LIVE 2026-09-27 w73 P122 use_figma calls 1 and 3 (ledgered): whole 1440 board. Built (skai-landing e438dcf, skai-ui ce69433): the subheading ends 'gaming.' as the board does; the CTA has no resting glow (call 3: no effect on 10767:308128); Sign up's 1.5 Sky Blue stroke is INSIDE its 99x38 box (ring-inset lg:ring-[1.5px]; the border had stood it 102 wide); type on the super-3 / headline-3-italic / sub-2 / para-1 tokens. Already matching: mark, h1 547, sub 621 at 18/24 #E0E0E0, CTA 332x70 r16, CRO, legal nav 14/18 at 32,32, pair at 1215,22. Pinned by skai-landing tests/unit/LandingWaitlist.heroParity.test.tsx (at lg) and skai-ui landing-header.test.tsx and content.landingHero.test.ts; red on the old code (OLD-hero 10 of 16, OLD-pair 5 of 16); 22 landing and 9 header/content mutations killed. HELD for Casey, copy only: the CTA label (August draws 'Start trading'; the site ships 'Get early access' on the waitlist) and the counter suffix ('Traders are already winning with us' at 1440, 'Users are already winning with us' at 768/375, against the shipped 'Users are already on this list' beside a sign-up count). No ruling covers either (casey-rulings-* grepped 2026-09-27; open since WAVE56:89, WAVE63:171, WAVE64:90).
11189-2629	partial	-	wave 73 lane P122, 2026-09-27..28: READ LIVE 2026-09-27 w73 P122 use_figma calls 1 and 3: whole 768 board. Built: h1 box 415 (was 547, which let 'trading' climb onto line 1), sub box 467 (was 621) on sub-2-tablet 14/18; CTA 332x50 rounds 12 (was 16) on para-1-tablet with no resting glow; legal nav Regular 12/16 on para-2-tablet (was 14/18); Sign up 93x34 with its 1px stroke inside (the border had made it 95); the subheading full stop. Pinned by LandingWaitlist.heroParity.test.tsx (at md) and landing-header.test.tsx; mutations L1, L8, L9, P7 and H3 killed. HELD for Casey, copy only: the CTA label (August draws 'Start trading'; the site ships 'Get early access' on the waitlist) and the counter suffix ('Traders are already winning with us' at 1440, 'Users are already winning with us' at 768/375, against the shipped 'Users are already on this list' beside a sign-up count). No ruling covers either (casey-rulings-* grepped 2026-09-27; open since WAVE56:89, WAVE63:171, WAVE64:90).
11225-181650	partial	-	wave 73 lane P122, 2026-09-27..28: READ LIVE 2026-09-27 w73 P122 use_figma calls 1 and 3: whole 375 board. Built: h1 box 329 (was 343); sub Manrope 14/18 on sub-2-mobile in a 295 box (was 12px on 343; still three lines, 54 tall); the CTA column and button 328 wide (was 332) by 44, radius 12 (was 16), label para-1-mobile 14/16 (was 14/18), no resting glow; legal nav Manrope Bold 14/16 (para-1-mobile font-bold, was Regular 14/18); Sign up a fixed 75 with its label centred and the 1px stroke inside (min-w 75 plus 18 pads plus a border had made it about 83 and pushed the pair to about x=191 against 199); Login 70 on 18 pads; the full stop. Pinned by LandingWaitlist.heroParity.test.tsx (at base) and landing-header.test.tsx; mutations L2, L4, L5, L7, P4, P5 and H1 killed. HELD for Casey, copy only: the CTA label (August draws 'Start trading'; the site ships 'Get early access' on the waitlist) and the counter suffix ('Traders are already winning with us' at 1440, 'Users are already winning with us' at 768/375, against the shipped 'Users are already on this list' beside a sign-up count). No ruling covers either (casey-rulings-* grepped 2026-09-27; open since WAVE56:89, WAVE63:171, WAVE64:90).
2065-110	partial	-	wave 73 lane P122, 2026-09-27..28: READ LIVE 2026-09-27 w73 P122 use_figma call 1: May 1440 board, node for node the geometry, type and colours of its August twin 10767:307473, including the full '...casino-style gaming.' subheading. Every shared term is now built as on 10767-307473 (the full stop and the resting glow were its only shared-term gaps; e438dcf, ce69433). SUPERSEDED, not gaps, under Casey's ruling of 2026-09-19 that the August landing set governs (casey-rulings-2026-09-10.md:1141): the three-icon social row (August draws the Sign up / Login pair) and the label 'Log in or Sign up'. It cannot take the precedent match line (2005-4492, 2005-12956, 2005-21410) while the counter suffix it shares with August is held. HELD for Casey, copy only: the CTA label (August draws 'Start trading'; the site ships 'Get early access' on the waitlist) and the counter suffix ('Traders are already winning with us' at 1440, 'Users are already winning with us' at 768/375, against the shipped 'Users are already on this list' beside a sign-up count). No ruling covers either (casey-rulings-* grepped 2026-09-27; open since WAVE56:89, WAVE63:171, WAVE64:90).
2065-8549	partial	-	wave 73 lane P122, 2026-09-27..28: READ LIVE 2026-09-27 w73 P122 use_figma call 1: May 768 board, the same geometry and type as 11189:2629. Its shared-term gaps are built as there: h1 415, sub 467, CTA radius 12, legal nav Regular 12/16, the full stop, no resting glow. SUPERSEDED under Casey's ruling of 2026-09-19 (August governs): the social row at 621,30 and 'Log in or Sign up'. HELD for Casey, copy only: the CTA label (August draws 'Start trading'; the site ships 'Get early access' on the waitlist) and the counter suffix ('Traders are already winning with us' at 1440, 'Users are already winning with us' at 768/375, against the shipped 'Users are already on this list' beside a sign-up count). No ruling covers either (casey-rulings-* grepped 2026-09-27; open since WAVE56:89, WAVE63:171, WAVE64:90).
2065-16978	partial	-	wave 73 lane P122, 2026-09-27..28: READ LIVE 2026-09-27 w73 P122 use_figma call 1: May 375 board, the same geometry and type as 11225:181650 (the Bold 14/16 legal nav included). Its shared-term gaps are built as there: h1 329, sub 14/18 on 295, CTA 328x44 r12 with a 14/16 label, legal nav Bold 14/16, the full stop, no resting glow. SUPERSEDED under Casey's ruling of 2026-09-19 (August governs): the social row at 235,25 and 'Log in or Sign up'. HELD for Casey, copy only: the CTA label (August draws 'Start trading'; the site ships 'Get early access' on the waitlist) and the counter suffix ('Traders are already winning with us' at 1440, 'Users are already winning with us' at 768/375, against the shipped 'Users are already on this list' beside a sign-up count). No ruling covers either (casey-rulings-* grepped 2026-09-27; open since WAVE56:89, WAVE63:171, WAVE64:90).
2598-2383	match	-	wave 73 lane P122, 2026-09-27..28: READ LIVE 2026-09-27 w73 P122 use_figma calls 2 and 3 (ledgered): modal 2598:3052 down to the cell text, and its effects. Built (skai-ui c656e97, c724adf): radius 26 at 768 (was 28); the address Bold in the line's #E0E0E0 (was white); the resend line draws only the count in Sky Blue Mulish (label-2-mobile, 12/16, number-4 by rung) with 'Resend code in ' and ' seconds' on the #E0E0E0 Manrope line (was one Sky Blue Medium run '23 seconds'); each empty cell shows an Ash '0' placeholder (placeholder:text-ash, never a value); box fill green-coal-200. Already matching and re-checked: the 468 box, p 16/16/24, gap 24, controls and Back 12/16, title 24/28, description 14/18.05 with its break, six 66x76 cells r12 on green-coal with the #123f3c inset stroke, Continue 436x50 r12, the shadow. Pinned by skai-ui src/components/overlays/email-verification-modal.test.tsx (7 cases; OLD-evm 6 of 7 red); mutations M1 to M11 killed.
2598-3863	match	-	wave 73 lane P122, 2026-09-27..28: READ LIVE 2026-09-27 w73 P122 use_figma call 2: modal 2598:4532 is 2598:3052 with the digits 1 5 7 4 1 9 (Mulish Light 24/28 white). Built as 2598-2383, plus: filled cells keep the Green Coal 100 #123f3c stroke and only the focused cell strokes App/Green 300 #17F9B4 (skai-green), where every filled cell had gone to the retired Alien Green #2DEDAD and focus drew #2DEDAD; the error branch keeps red on every cell. The governing August 11225:180028 and the 375 11229:188907 draw the same. Pinned by email-verification-modal.test.tsx ('keeps a filled cell on Green Coal 100 and strokes only the focused one App/Green 300', 'keeps the red stroke on every cell when the code is refused'); mutations M5, M6 and M9 killed.
2005-9301	ruled-out	-	wave 73 lane P122, 2026-09-27..28: SUPERSEDED, not matched, on the terms of 2005-17764 (vverify.onboarding.tsv:155) under Casey's ruling of 2026-09-19 that the landing's August frame set governs over May (casey-rulings-2026-09-10.md:1141, WAVE51-INTEGRITY.md section 3). READ LIVE 2026-09-27 w73 P122 use_figma call 1: modal 2005:9995 448x520 at 496,190, r32, #122524 with the #123f3c stroke; its children and texts ('Get early access to Skai', Email address, enter, Continue, OR, Google, Apple) are unchanged from waves 58 and 59. The site serves this step with AuthModal, built to the August Sign up modal 10734-73582 (match, vverify.onboarding.tsv:125), which replaces this May modal. This line supersedes the 08-05 partial at vverify.onboarding.tsv:3, which demotes the wave 58/59 done. waitlist-modal.tsx (which draws this board) is mounted nowhere; keeping, deleting or mounting it stays a Casey call and does not block the frame. No code change. new_status keeps the wave 58 done-by-supersession; ruled-out leaves status alone in apply-verify.mjs.
