14178-151580	partial	-	Intelligent support hub, base 375 board — RE-MEASURED LIVE off its own card run 14178:144069 and FIXED (commit 966b57576). Matching after the fix: content column 343 at x=16 (was 311 under a flat px-8); grid TWO columns of 168 on an 8 gutter (card at x=0, x=176); card pitch preview 168x70 + 2 + label 167.5x70 = 142; label pane inner 143.5x46 at (12,12) with a 40x40 tile carrying a 16 glyph at y=3, a 10 gap, a 93.5 text column, title box 18 tall at y=0 and the tier block at y=22 as a 24px icons/tiers at x=0 with the word at x=28; top inset 16 under the 48 header. NOT matching, deliberately: the tier WORDS (frame says Gold on four of five cards, SCREEN_TIERS — the map ScreenGate reads — says bronze/silver/bronze/silver/bronze; a badge is an entitlement claim) and the preview pane (both hub variants bake fabricated numbers into it, so it ships as the frame's Green Coal 100 wash carrying the destination glyph).
14316-248325	partial	-	Intelligent support hub, ALT 2 375 board — READ LIVE and it CONTRADICTS the base 375 board 14178-151580 at the same width, so neither side was built. Matching: content column 343 at (16,64); hero 343x144 = title 30 at y=0, subtitle 36 at y=40, search input 343x44 at y=100; Models row 36 high with a 22-high label at y=7. Departing: this board's Frame 1000003854 stacks ONE 343-wide, 209-tall card per position (rows at y=0/434/868, cards at y=0 and y=217 within each) where the base board puts two 168-wide cards side by side; and its Models header carries two 36x36 CTAs at x=261 and x=307 (14316:255759 / :255760) the base board does not draw. DECISION: which 375 board governs the hub.
13436-180687	partial	-	Sentiment 'View all topics' overlay — READ LIVE (get_metadata on the frame, get_design_context on 13436:181796 and 13436:181811) and BUILT (commit fba761d5e). Matching: 680-wide card over the dimmed board; header Frame 299 680x52, 24px top corners, 16 side inset, 4 top pad, bottom menu padding 8/6 round a 34-high row; tab strip on a 24 gutter, Manrope 14/18 tracking -0.04em, open tab white over a 28px rule on the header's bottom edge, rest #95A09F; post band px16/py4 with a 75-wide left column (24-wide Mulish 12/16 rank, 32px r8 tile, 24px circle, 10 apart) beside a 1px #123F3C card r8 p16 gap8; head row 24 avatar + Manrope Bold 12/16 handle against Mulish 12/16 white @64% time, #56C7F3 'Jump to post' and two 16px glyphs on an 8 gutter; 1px row rules; 54-high pager. NOT matching, and it cannot: no posts source exists — social_posts has no migration, getSocialPosts filters an always-empty in-memory stream, fetchAssetSentiment returns topBullishPosts/topBearishPosts as [] — so the body renders its explicit empty state and the tab strip derives its tabs from the platforms real posts carry rather than the frame's Skai/Instagram/X/Facebook, which SocialPlatform has no members for.
13008-122995	partial	-	Home 2 whales flow bento, 375. Re-read live 2026-09-15 (get_metadata) and the row internals wave 43 held it on were diffed value by value against WhalesScreen.tsx at HEAD (wave 23 commit 036150868), delta zero: header track Frame 284 331x14 on an 8 inset with two 165.5 halves at 10/14 and the rule 8 below; rows 60 tall with 8 of air on each side of every rule; the row card at (8,8) = p-2, 315 wide, its first line 26 and its second 16 with a 2 seam (8+26+2+16+8 = 60); a 24 avatar, the name 8 clear, the buys/sells 8 after it and the volume right-packed; five 6-tall bars on a 4 gutter filling 209 with a 106 percent column hard against them, 315 less 106 exactly; section head 18 tall with a 16 glyph 4 away and 24 to the table; NFA card 331x72 at (8,8) with its inner 297x48 at (14,12) = py-3 pl-[14px] pr-5, a 16 glyph 6 from a 16-tall title over a 4 seam and two 14-tall lines; card-to-section and section-to-section both 24. NOT a match line because the read found a NEW gap wave 43 did not state: Frame 270, the bento's own 76-tall header, draws two 169.5-wide toggles 8 apart across the full 347 with a 147x28 CTA centred 48 under them, where the build draws a title with a select pill beside it - and the file cites the OTHER 375 whales board (7298:71664/71665) for that. Two boards, two headers; a ruling, not a fix. No browser: source-vs-node.
13401-171586	partial	-	Market signals 1440. Wave 43's miss (2) is BUILT (commit 708524dea): Frame 373, the scope run beside the title - four 32px discs on a 40 pitch, the first labelled All, 152 wide - replaces the LIVE/Offline pill the screen used to put there. size-8 on gap-2 gives the 40 pitch and the third token disc is hidden below lg because the 375 cut draws three slots to this board's four. The discs are the live feed's own first three markets in feed order and clicking one scopes the list, so no disc asserts a market the source never reported; with no signals it is the All disc alone and the list states the offline read in full. Confirmed unchanged from wave 43's reading: H1 32/36, CTA 158x36, subtitle 8 under the title wrapped at 622, the filter bar 25 under the header, the DirToggle run on 24 with a 54x22 selected chip, search 200x34 and a 140x34 select 8 right of it, body 680 + 16 + 448 with rows 126 open and 50 collapsed on 8. STILL OPEN: the 1144 content column against the build's 1220, which is aiHomeContainer.test.ts's pinned literal and not this lane's file; and the back control, a bare 24x24 glyph with the heading 10 clear in the frame against a size-8 box on gap-3 that backControlTouchFloor.test.ts argues for in writing. No browser: source-vs-node.
14160-137998	partial	-	Market signals 375, read live 2026-09-15 (get_metadata) for the first time and BUILT (708524dea). Matching: Frame 345 32 tall with a 24 back glyph at (0,4) and the heading 34 in; subtitle 8 under it at 303x48; Frame 1137 24 under an 88-tall header; Frame 403 68 tall as a 20-tall chip run over a 32-tall search row 16 below, the search filling 231 and the order select 104 hard right on an 8 gutter; search 16 left inset, 16 glyph, 10 gutter to a placeholder at x=34; body 16 under the bar with the At-a-glance panel 16 under the list. Built: Frame 373 14160:137606, 112 wide, three 32px discs on the same 40 pitch as the 1440 board's four - which is why the third is hidden below lg. TWO OPEN, both NEW measurements. The content column is 343 at x=16 here and the shared container's px-6 gives 327: wave 43 only ever weighed the 1440 column, and the phone inset is 16. And the rows cut 120 open / 46 collapsed on 8 where 1440 draws 126 / 50; the accordion lives in feed/AiSignalsCards.tsx, outside this lane. No browser: source-vs-node.
13425-174581	partial	-	News 1440, read live 2026-09-15 (get_metadata) - wave 43 recorded this board node as cited nowhere in src/, so this is its first reading - and BUILT (8b555cc79). Matching: header Frame 1139 1144x36, a 24 back glyph with the title 34 in, and Frame 1016 right-packed as a 36x36 round button 12 clear of a 158x36 CTA; filter bar 25 under the header with the order select HIDDEN on this board and the 200x34 search alone at the right; body 680 feed + 16 + 448 rail. Built this run: Frame 346, the prompt row - each labels/tag 28 tall on a 12 left inset with a 16 glyph and the label opening at x=32 (a 4 gutter), closing 12 short of its right edge, the four at 188 / 223 / 212 / 132 and 8 apart, 16 clear above and below. The build shipped 26 tall with a 14 glyph on a 6 gutter. NOT a match line, and the reason is structural rather than a number: Frame 686 draws a magazine grid - a 680x196 hero of a 324 text block beside a 332x196 image, a rule at 228, then paired 332-wide cards - where the build renders a single-column NewsCard list. That is a rebuild with a per-item image requirement. No browser: source-vs-node.
13431-179336	partial	-	Sentiment 1440, read live 2026-09-15 (get_metadata) - only its title child was cited in src/ before this - and BUILT (a5b8b97d3). Confirmed value for value: Frame 1183 1144 wide as a 680 main column at x=0 and a 448 rail at x=696, a 16 gutter; the main column Social sentiment 321, Trending topics 500 at y=337 and the heat map 500 at y=853, both on 16; the rail Fear & greed 100 over Platform breakdown 422 at y=124. SentimentScreen states all of those by node id and ships them, including the phone order it re-deals. Built this run: the subtitle seam - Frame 345 is 36 tall with the subtitle at y=44, an 8 seam, where the build shipped 4. STILL PARTIAL on two, both reasoned in the file: the shared content column, and the rail's own 24 seam, which a grid cannot hold because a row is as tall as its tallest member. The two-flex-column form that closes it was built here and REVERTED - grouping the columns in the DOM moves the visual-versus-tab-order mismatch off the desktop rail and onto the phone's linear stack, which is the worse trade. No browser: source-vs-node.
13438-182088	partial	-	Analysis 1440, read live 2026-09-15 (get_metadata) for its own body - wave 43 found it cited only in cross-screen ramps - and BUILT (8b555cc79, a5b8b97d3). Matching: header Frame 1138 1144x66 with a 24 back glyph, the title 34 in, and Frame 1016's run of a 36x36 round button, a 147x32 Display settings pill and a 92.59x32 Live pill on a 12 gutter, in that order; body Frame 1183 as a 448x520 orb at x=0 and a 680 card stack at x=464, 16 apart, four cards 124 tall on a 132 pitch with a 100px tile at (12,12). Built: the consensus chip, Frame 1000003822, 188x38 as a 118 identity pill and a 68 figure pill 2 apart - identity 6 / 24 glyph / 8 / symbol / 8 / tag / 12 closing on 118, figure a flat 12 round a 44-wide number closing on 68 - against a shipped 36 tall with 12/16 padding; and the subtitle, 8 under the heading rather than 4. Open: the shared content column, which on this screen also stretches the 448+16+680 body. No browser: source-vs-node.
14113-76027	partial	-	Analysis 768, read live 2026-09-15 (get_metadata) for the first time, and it is the board that turned the 1440 consensus-chip fix into a RAMP instead of a flat value - the failure a one-board read would have shipped. The chip is 176x36 here (117 + 2 + 57) against 1440's 188x38 (118 + 2 + 68), its figure is 16/20 against 22/26 and its symbol 14/16 against 14/18; AnalysisScreen now steps all three at lg, skeleton included (a5b8b97d3). Also confirmed: header Frame 1138 708x54 with a 24 back glyph at (0,2), a 28-tall title 34 in, the subtitle 8 under it, and Frame 1016 as 32 + 133 + 88.59 on a 12 gutter; body Frame 1183 stacking a full-width 708x450 orb over a 708 card stack 16 below, cards 122 tall on a 130 pitch with a 100x98 tile. Open: the content column is 708 at x=30 where the build's px-6 gives 720 at x=24 - the shared fence, measured at 768 for the first time; and the chip row sits 32 under the header here against 1440's 25, which the two boards disagree on, so it is recorded rather than stepped. No browser: source-vs-node.
13447-186055	partial	-	Create AI agent, step 2 - choose personality, 1440. Read live 2026-09-15 (get_metadata plus get_design_context on 13447:186308, :186316, :186323 and :186059) and BUILT (a099affdc). All four of wave 43's misses are closed: card padding is a flat 20, and the node proves the right inset too (the control column sits at x=230 in a 274 card, so 274-230-24 = 20); the title is Lg/Sub-headline 1 300, Manrope 24/28, over a 16/22 Ash body 4 below, not 16/22; the selection control is 24, not 16; and the grid is 16 across with 24 down, capped at 1144 so 4x274 + 3x16 closes exactly rather than stretching to the page well's 1202. Reading the card's two STATES found three more the metadata could not show: the selected card is a 2px App Green ring with a 0/4/12 black-24 shadow and NO fill change (13447:186308 against :186316) where the build painted a sky-blue tint; the control is a sky-blue-ringed green-coal well with a filled sky-blue square, not a check glyph; and the risk tags are Mulish 11/14 on the label colour at 24% - #FFA300, #17F9B4, and #FF574A over #FB3324 at 34% - where the build had Manrope on an earth-tone #CAAD7E. The step heading took its own numbers: Mulish 22/26 counter, Manrope 24/28 label, 10 between, 12 to a 14/18 Accents-Gray-100 subtitle, 44 to the grid. NOT a match line: the selected card's `shine` (13447:186309, a 234px blurred disc bled off the bottom-left corner) is an exported asset and is not drawn, and the wizard's own chrome was not re-derived. Frame defect recorded: the tags read "Moderate Risk", "Aggressive Risk" and "Conservative risk" on one board. No browser: source-vs-node.
13008-122995	match	-	RULED 2026-09-15 and re-read live (get_metadata on the board, get_design_context on Frame 270): the 375 whales flow header matches the board value for value, and the wave 44 line above it compared the WRONG PAIR OF ROWS. Frame 270 13008:122996 is 347x76, not a title row: Frame 1117 13008:122997 is 347x32 holding CTA/buttons at x=0 and x=177.5 at 169.5 each (2*169.5 + 8 = 347, equal halves on an 8 gutter), and those two are the flow FILTERS, 13008:122998 "All types" and 13008:122999 "All sizes" - Green Coal 300 pills on a 1px Green Coal 100 stroke at radius 8, 16/8 padding, a Manrope 14/16 white label with the 16px caret right-packed, and 7 + 16 + 7 + 2 of border is the frame 32. Under them 13008:123000, 147x28 at (100,48): centred, since (347-147)/2 = 100, and 16 under the 32 row; borderless, a Sky Blue Manrope 14/16 label with a 16px trend glyph, 6 + 16 + 6 = 28. FlowPanel already ships all three on those numbers. The title with a select pill beside it is Frame 418, the heading ABOVE the bento, which the sibling board 13008:122582 draws at (24,16) as a 64x24 title with a 79x22 select slot at x=72 - 8 after it - and a 133x32 Display settings at x=195; the build draws that too, at Manrope Light 20/24. So the ruling was already satisfied by geometry and the defect was the CITATION: the file named the superseded Home-1 nodes 7298:71664 / :71656 / :72604 / :72606 / :72608 for all of it. Re-cited to the Home-2 board and pinned in whalesFlowCard375.figma.test.tsx. Source-vs-node, no browser.
13425-174581	partial	-	News 1440 rebuilt to the magazine grid (rule, 2026-09-15). Read live: get_metadata on the board, get_design_context on 13425:175681 and 13425:176035. Frame 686 13425:175679 is a 680 column alternating a LEAD block (680x196: a 324 text column, 24, a 332x196 image at radius 8; headline Manrope 24/28 Accents/Gray 100 over two lines = 324x56, body Manrope 16/22 ash over three = 324x66, the three rows on a 14 rhythm) and a PAIR row (680x291: two 332 columns 16 apart, the second at x=348; each a 332x167 image card at radius 16 over a 2px seam, then a Green Coal 200 body card on a 16 inset with a Manrope 18/24 Gray 100 title over two lines = 300x48 and 24 to the data row, both halves on a 0 1 4 rgba(0,0,0,.75) shadow), parted by a 680 hairline with 32 clear on each side (Vector 3 at y=228 under a block ending at 196; the next block opens at y=260). Data row 13425:175701: the tag 12 from the source, and right-packed the age then two 16px icons/action on a 10 gutter; the tag is now the outline pill the board draws - 1px in the sentiment colour at radius full on 8/2, Mulish 11/14, no leading glyph. PARTIAL, not match, for what the feed cannot fill and this lane would not fabricate: the three overlapping source avatars and the "N sources" count have no source (skaiBot carries one source per item and no avatar for it), the two unlabelled glyphs carry the real trade and open-at-source affordances rather than a save and a share with nowhere to go, and the rail Altcoin season and Gas fees blocks stay unsourced from wave 23. The no-image state is explicit per item - a Green Coal 200 panel at the frame box and radius carrying a glyph and "No image" - and never a stock picture; it also catches a load failure, which previously hid the img and left the slot reading as art still loading. Below lg the lead stacks and the pair collapses to one column: a degradation, stated as one, because this board draws 1440 only. Source-vs-node, no browser.
13008-118798	match	-	Backtest fullscreen chart 1440, wave46-ai-chat 2026-09-16: read live this pass and it agrees with what was already pinned. Full-bleed 1440x900 - chart Center 1432x862 at x=4, a 55-wide price axis at x=1377 with 50-wide labels at a 5 inset on 16, a date strip at y=872 16 tall, the exit Link 13008:119798 at (1226,12) 135x24 around a 103x16 run at (16,4), and the current-price chip 13008:119795 76x20 at x=26 around a 68x16 run at a 4/2 inset. CandlestickFullscreen.exitPill/priceChip/header.figma.test.ts assert those same child nodes as pixel numbers per viewport, 21 assertions green this pass.
13438-182088	match	-	Analysis 1440, wave46-home 2026-09-16: RE-READ as the BOARD (13438:182088) rather than the artboard 13445:183506 the file had been measured against, and every number AnalysisScreen states holds - so wave 45's partial line above closes on its own terms. Content frame 1144 at x=90 of the 1382 main, which is ruling 1's arithmetic seen from the frame side on a screen that is not InsightX. Body 448 at x=0 and 680 at x=464, i.e. 448 + 16 + 680, against lg:w-[448px] lg:shrink-0 + gap-4 + lg:max-w-[680px] - the shared-column item wave 45 left open. Four cards 680x124 at y=0 / 132 / 264 / 396, the 8 space-y-2 draws; each a 100x100 tile at a 12 inset with a 24 glyph centred, text column at x=126 running 542, on 14px seams between name row, verdict pair and tag row. Header run 36 CTA, 12, Display settings 147x32, 12, Live 92.59x32 - gap-3, in that order. Subtitle 8 under a 36-leading title. Chips 8 apart, each 118 + 2 + 68 with the figure at 26 leading. MEASURED AND NOT BUILT: header-to-chips and chips-to-body both read 25 on a board whose every other number is even, left as auto-layout rounding and written into the file. No browser: source-vs-node.
13447-186055	match	-	Create AI agent step 2 1440, wave46-home 2026-09-16: RE-READ LIVE and the page measures true on every value, closing what wave 45's partial line held open on geometry. Heading block stacks 28 / 12 / 36. Card run 1144 laying four 274x156 fields at x=0 / 290 / 580 / 870 on a 16 gutter that closes exactly, second row 24 below at y=180 with three fields, seven cards. Each field a flat 20 inset round a 190 text column and, 20 further right, a 24x116 control column - selection at the top, glyph bottom-aligned at y=92. Title 28 leading over a 22-leading subtitle 4 below, and the risk tag rides the text column's FOOT at y=98 of 116 rather than flowing after the subtitle. Step rail: 18 box, 8, a 16-leading Step N, 8, a 22-leading label, then a 61px rule, three times. NEW: this board's own 13447:186070 / :186071 are 278x62 at x=0 and x=286, the same footer pair the file cites from 13447:185804 - a second witness, so the 8px gutter is the rule and not one frame's rounding. The state and colour items wave 45 recorded from get_design_context are unchanged and not re-asserted. No browser: source-vs-node.
13008-114473	partial	-	Add whale > conversation 5, 1440, wave46-home 2026-09-16: READ LIVE, and the half this lane owns is closed (31667f72c). The whale TURN chip 13008:114479 is 628x52 with a 40 tile at (6,6), its label column starting at x=56 and its last line ending at 612 - 6 left, 6 top and bottom, 16 right, a 10 tile gutter, the name at 18 leading, the address at 16, 8px inner gaps. That is WhaleContextChip's turn variant at lg to the pixel, and it had been measured only off 2939:10488 in a different flow; two unrelated flows agreeing is worth more than re-reading the frame it came from. The node is now cited in whalesShared.tsx, where it appeared nowhere in src/ before. PARTIAL because the rest of the board is peer-owned: the response body and 6-glyph action row are ConversationView.tsx, the follow-up composer and its 20/54 inner box are AskComposer.tsx, the 1382x16 ticker is HomeBottomTicker.tsx and the 58 rail is HomeSidebarRail.tsx. For that lane: the conversation column is 680 at x=322 of the main, i.e. 380 clear on each side of the 1440 viewport once the rail is counted. No browser: source-vs-node.
13008-125682	partial	-	Add whale > conversation 5, 375, wave46-home 2026-09-16: READ LIVE, and it settles a doubt the work order raised about its own citation - ConversationView.dockedFade.figma.test.ts names this node and a wrong-file id resolves silently, but it is not wrong: the node lives in mhF3BkzlTaGiLzJ7kvpmVc and is the 375 conversation-5 board. Chip 13008:125691 is a 296x48 box holding a 276 content row at (10,8) with a 32 tile and the label starting at x=40 - 10 left, 8 top and bottom, 10 right, an 8 tile gutter - on a 2px row split with 6px inner gaps and 12/14 type on both rows, which is the base column of WhaleContextChip's turn table exactly. Recorded in whalesShared.tsx (31667f72c). PARTIAL for the same peer files as its 1440 sibling, plus the mobile header and bottom nav. No browser: source-vs-node.
14178-143359	deferred	-	Filed as Agentic support > Backtesting > conversation 6, 375, wave46-home 2026-09-16: THE NAME IS WRONG AND THE WORK ORDER FOLLOWED IT. Read live, the node draws no backtest - it is the Sentiment screen at 375, with the Sentiment header and subtitle, the Fear and greed gauge, Social sentiment, Trending topics, the Heat map, Platform breakdown and a social-post overlay - and it sits in the same 14178:14xxxx run as the Sentiment stops SentimentScreen already cites (142971, 142975, 142976, 142978, 142962). So BacktestScreen.tsx, which the brief names as its primary file, owes this node nothing, and the rule about reading the measured width rather than the title turns out to cover the SUBJECT too. TAKEN AS A SENTIMENT SOURCE AND BUILT (31667f72c): the column is 343 at (16,64), the 375 rung of the width ruling, and the stack is header, Fear and greed, one 1060-tall box of Social sentiment plus Trending plus Heat map, then Platform breakdown - 24 between those four and 16 inside the box. SentimentScreen drew a flat gap-4, so both group boundaries read as ordinary panel boundaries; the two 24s ship as mt-2 lg:mt-0, reset at lg where the grid re-deals into two columns. NOT measured: the header's 259/76 split and the overlay feed. No browser: source-vs-node. VERDICT WORD CORRECTED 2026-09-22 (wave62 catalog-integrity): column 2 read `frame-defect`, which is outside the valid set {match, partial, deferred, not-wired, ruled-out}. coverage.mjs and apply-verify.mjs both skip an unknown word with a bare `continue`, so this line has been carrying NO verdict since it was written and nobody was told. Rewritten `deferred`. Line 25 keys this frame `partial` later in the file and governed. The correction removes the silent skip; the resolved verdict is unmoved.
13008-130123	match	-	All backtests, 768 - READ LIVE 2026-09-16 at its own modal node and it matches value for value, where the row had been carried on a transfer from the desktop parent. 13008:130171 is 708x518 at x=30 and y=253, both exactly centred. Padding 16; search run at x=24 on an 18 line, its row 24 deep with 16 to the rule at y=58; rule x=16..692; close glyph 16 square with its right edge 24 in; New backtest at y=74, 50 tall, glyph at 32 and label at 62 on a 14 gap; group labels 16 tall at x=24, 8 above the first row and 16 below the group before; rows 50 tall with a 402 title then 90 at x=462 and 94 at x=566, each 14 apart and ending 16 short; bottom padding 24. SearchStrategiesModal.tsx ships all of it at md and the overlay's md:px-[30px] resolves to exactly 708. Sums: 58, 124, 214, 404, 494, 518. No browser: source-vs-node.
13008-130217	match	-	All backtests, 375 - READ LIVE 2026-09-16 at its own modal node and it matches value for value. 13008:130908 is 360x462 at x=8, y=175, centred. Padding 12; search run at x=20 on a 16 line, its row 16 deep with 12 to the rule at y=44; rule x=12..348; close glyph 16 square with its right edge 20 in; New backtest at y=56, 40 tall, glyph at 24 and label at 54 on a 14 gap; group labels 14 tall at x=20, 8 above the first row and 12 below the group before; rows 48 tall as 8 of padding round a 32-tall block - title 16 over a 12 meta line on a 4 seam, count and date 8 apart - glyph at 24 and block at 54; bottom padding 16. SearchStrategiesModal.tsx ships all of it at base. Sums: 44, 96, 178, 356, 446, 462. Stated: the frame's rule has zero height against a 1px build rule, and p-2 gives 359 against a 360 card at x=8, which is the frame's own 1px asymmetry. No browser: source-vs-node.
13008-128626	partial	-	Full-screen chart, 375 - READ LIVE 2026-09-16 and the composition question is answered: the LEAVES are at phone scale and only the containers are stale. Candle image 302 wide, price axis 55 at x=310 with 42-wide labels at a 13 inset on 12-tall runs, date strip 373x12 sitting 10 under the chart with its first label at x=16 on a 33.5 pitch, current-price chip 76x18 at x=24 with a 68x14 run. Stale with no visible consequence: Center 764 wide in a 373 column, Frame 160 888 tall in a 711 Row 2 in a 709 main, main 374 on a 375 board. The one rung this lane's files express - the chip - ships and is green at eight viewports. NAMED, NOT EDITED: the axis width, its label inset and the date strip are lightweight-charts options in src/lib/chart/lightweightChartsTheme.ts, outside this lane's owns list. No browser: source-vs-node.
13008-118798	match	-	Full-screen chart, 1440 - the frame is wave 46's live read and is unchanged; the file that draws it moved. CandlestickFullscreen.tsx built its candle, area and volume arrays straight from the props and called setData three times, and lightweight-charts' production bundle compiles setData's ordering guard out, so a series that is not strictly ascending throws Value is null from inside a paint for users only. Three series on one time scale here, and the Area is the one whose style getter runs the lookup through ensureNotNull. All three arrays now come from one engineBars list (11a72bb50), the crosshair readout reads the painted bars, and a window where no bar survives states the data is unavailable instead of painting a blank canvas that reads as a flat market. engineBars.ts is session 5f's and was imported, never edited. Pinned by a render test that reads the array each series was handed. No browser: source-vs-node.
13449-187103	partial	-	Create AI agent, step 2, Build Your Own, 1440 - READ CHILD BY CHILD 2026-09-16 (get_metadata on 13449:187103, get_design_context on 13449:188502, 13449:188596 and 13449:188541) AND BUILT (5d270c69b). The wave-46 hand-off said this body was unverifiable because CustomAgentBuilder.tsx sat outside that lane; it is inside this one. The column is 680, which the build had no width for at all, and Main container 13449:187469 holds THREE cards 16 apart where the file's docblock said four: Frame 270 668 tall carries Start from a template AND Craft your agent's identity split by a 648 rule 24 either side, Frame 267 866 and Frame 346 650 inset 16 / 32 and close exactly. Card rhythm: a 24 line box over an 18 one on a 6 gap, 16 to the first field, 24 between blocks after it, label 18 then 8 then the box. Type corrected against the source, not the component: title 18/24 (was 16/24), subtitle 14/18 white at 64% (was a 12/16 Ash caption), field text 16/22 (was 14/18), helper 12/16 white at 60%. Fields are 12px radius on a 16 inset at 54 tall, with the emoji/name pair its own 62 on a 20 inset and an 8 gutter, 136 for the two short textareas and 250 for the prompt - against a flat 48 on an 8 corner. The risk plate is a 12px two-part slab, head App/Green at 14% over a Green Coal 100 hairline padded 12 with the value Mulish 14/18, well on Green Coal 300 padded 12 / 16 / 8, ticks 11/14 white at 44% except the one the knob stands on. The tag is an OUTLINE in both states and never a fill: Sky Blue with the frame's own 10px dot ahead of the label when on (pad 4/8), Ash when off (pad 8/8), 18 tall on a 4 gutter and a 12 row gap, and therefore no-min-size under the 44px floor per this wave's ruling. `compact` is gone - a second unmeasured rhythm on a component with one caller. Partial for four named residuals: Frame 270's 40 of foot slack (ships as its own 16), the 4000 counter against the frame's 1000, the preset row and rule lists that are ours, and the panel radius and fill, not re-derived. 36 tests across src/components/ai green. No browser: source-vs-node.
14178-143359	partial	-	Sentiment at 375 - the board titled Backtesting, read live again 2026-09-16 to close wave 46's one NOT MEASURED item (26bdde9e4). Frame 1138 is 343x64: the title block Frame 450 259 wide - a 24 glyph at x=0, the title 225 wide at x=34 on a 24 line, the subtitle 259x32 as two 16 lines 8 under it - an 8 seam, then Frame 1016 76 wide flush at 343 holding two 32x32 on a 12 gutter. The build lands the pair exactly (gap-3, size-8, an h-8 w-8 CTA, all already no-min-size) and the title ramp with its 8 seam. RECORDED NOT FLIPPED: the board opens the title at x=34 after a 24 glyph where the build centres a 14px chevron in a 32 box and opens at 44, and the file cites two 375 Sentiment boards of which only this one was read. AND THE PLATFORM PANEL IS NOT THE FRAME'S PANEL, for a data reason: Frame 1000003795 is a ranked table - a 343x14 header reading Platform at 0 and Mentions (24H change) at 208, six 54-tall rows on a 62 pitch, each a rank numeral 8 wide, a 42x42 logo at 22, a name over its parent company at 78, and a mentions figure over a 24h percentage in an 80 block flush right - while the panel has platformScores and nothing else. Drawing it would mean inventing the count and the delta, so the bars stay, the geometry is written into the file, and the no-mock rule holds. 199 tests across the screens directory green. No browser: source-vs-node.
13008-114473	partial	-	Add whale - input, conversation 5, 1440. Read live 2026-09-17 and it carries this lane's whole desktop conversation ladder. Matching: turn chip 13008:114479 628x52, a 40 tile at (6,6), label column at x=56 - WhaleContextChip's turn variant at lg; column Frame 262 680 at x=322 of a 1382 main; assistant blocks 24 apart (paragraph 0..88, rule 112, content 136, follow-up 262); the content box title 0..24 with its body at y=36, which is AssistantBody's md:gap-3 12; the stamp at +16 and the six-glyph row at +16 on a 28 pitch; turn to turn 48. BUILT FROM IT: the follow-up composer Frame 41 is 680x106 - 20 pad, a 22 prompt, a 12 seam, a 32 control row, 20 - so the seam closes HERE and nowhere else, and AskComposer's flat gap-3 became gap-8 lg:gap-3 (08cbbe9ad). Still partial for the 1382x16 ticker and the 58 rail, which are HomeBottomTicker and HomeSidebarRail, not this lane's. No browser: source-vs-node.
13008-125612	partial	-	Add whale - input, conversation 5, 768. First live opening by any wave, 2026-09-17, and it settles three rungs that were resting on other boards. The chip: Frame 248 532 wide at x=8 with a 508 content row at (8,8) and the 36 avatar at x=552 of a 588 column, so the 8-left / 16-right asymmetry re-measured off 7303:77710 in August now has its own board. The column: 588 at x=90, a third witness beside 6715:34557 and 13008:126991. The composer: Frame 41 588x114, prompt at y=16 and control row at y=66, a 32 seam - the middle rung of the composer ladder, which was an interpolation until this read (a285ed325) - with the footnote 16 under the card here against 8 at both other widths, which md:mt-4 already pays. Body blocks 16 apart, content title 0..19 with its body at y=31. Still partial for the tablet header and bottom nav. No browser: source-vs-node.
13008-128626	partial	-	Backtest chart sample, 375. Re-read live 2026-09-17 and there is nothing further this lane's files can move. Laid to 375 and matching: candle image 302 wide, price axis 55 at x=310 on an 8 gutter with 42-wide labels at a 13 inset on 12-tall runs, date strip 373x12 sitting 10 under the plot with its first label at x=16 on a 33.5 pitch, current-price chip 13008:129626 76x18 at x=24 with a 68x14 run. The chip is exact and its arithmetic is worth writing down because the source reads wrong: px-[3px] py-px plus a 1px stroke is 76 across and 18 down on a 14 line, and the frame's 4/2 inset is measured from the box edge, stroke included. The axis and date strip are drawn by lightweight-charts from the data, not by classes. CORRECTION to the carried note that called this the 768 cut's disease half-cured: the WIDTHS here are re-laid throughout - Frame 160 is 373, not 1432 - and only the container heights are stale. No browser: source-vs-node.
14113-76027	partial	-	Intelligent support - Analysis, 768. First live read at this width, 2026-09-17, and BUILT (2fb139e96). The 708 column is measured rather than computed: Frame 1000003785 708 wide at x=30. Three things the 1440 read could not settle. The card's tile gutter and its two internal seams are 14, stated as arithmetic that closes on a different card width at each board - 12+100+14+570+12 = 708 here against 12+100+14+542+12 = 680 at 1440 - so 14 is the frame's number and not a rounding of the 16 and 12 that shipped. Header to chips and chips to body are a clean 32 twice (header 54 tall, chips at 86; chips end 122, body at 154) against 25 twice at 1440, so they are a step; built md:mt-8 lg:mt-6, keyed only where a board exists, since no 375 Analysis board does. Tag chips sit 4 apart on all five rows and shipped as 6. Also matching: orb 708x450 with the signal list 16 under it, four 122-tall boxes on a 130 pitch, and the header's three-control right group. Measured and NOT built: the text column is flush with the tile at y=12 on both boards where this file pays pt-1, but the name row is 16 in the frame against leading-5 here, so the 4 may be paying for the line. No browser: source-vs-node.
14160-137998	partial	-	Market signals 375 — re-read live 2026-09-17 by wave49 home-screens-portfolio and BUILT (94fbf6121). The 2026-09-15 line already recorded the select as 104 hard right on an 8 gutter; what is new is that it was never built that way and now is. The code shipped a flat 103x34, a size no board draws. Read this pass: `Frame 711` is 104x32 here and 100x34 at 768 (14094:67473, a board read this pass for the purpose) against 140x34 at 1440 — so the width FALLS at the tablet cut, widest on the phone where the row stacks and the select owns its line, narrowest at 768 where it shares `Frame 405`'s 232 with a 124 search. Built as h-8 w-[104px] md:h-[34px] md:w-[100px] lg:w-[140px]. ALSO BUILT: the search box stood 34 against the 32 both narrow boards draw, because Figma draws the hairline INSIDE the box while a CSS border sits outside the padding — `py-[7px]` gives that pixel back each way, 7 + 16 + 7 + 2 = 32, with `lg:py-2` holding the desktop cut where no board has been read. AND THE COLUMN ITEM THIS FRAME CARRIED OPEN IS NOT A GAP: `Frame 1000003785` measures 343 at x=16 on this board's own tree, exactly what `px-4` draws on a 375 board, so it is now witnessed here rather than corroborated off the sibling 14178:143359. Note the board measures 375x1235, not the 812 its title claims. STILL OPEN AND NOT THIS LANE'S FILE: the accordion row cut is 120 open / 46 closed on a 54 pitch here against 126 / 50 at 1440, and that component is src/components/home-redesign/feed/AiSignalsCards.tsx. No browser: source-vs-node.
13008-125682	partial	-	Home > Add > Add whale - input > conversation 5, 375. FIRST opening of this node as a board by any wave (get_metadata, live 2026-09-17); wave 46 read the chip alone and wave 48 recorded it NOT REACHED. This lane owns the turn chip and it matches with delta zero: 13008:125691 is a 296x48 box holding a 276 content row at (10,8) — 10 left, 10 right, 8 above and below — with a 32 tile, an 8 gutter to a 202 label column, that column split 16 over 14 on a 2px seam, 6px inner gaps in row one (emoji at 0, name at 20, address at 59, the 16px copy slot at 126) and 4px between the two stats in row two. WhaleContextChip's turn variant at base draws all of it. NOT a match line for the board: the 328 column at x=24 of a 375 main, the response body (blocks 12 apart here against 1440's 24 — paragraph 0..96, rule 108, content 120, follow-up 211, stamp +16, six actions +16 on a 28 pitch) and the 360x112 composer at x=8 with its 32 seam and an 8px footnote all live in src/components/ai/**, which session 5f holds this wave. The 112 is the seam wave 48 fixed in 08cbbe9ad without this board being open, and this board confirms it. No browser: source-vs-node.
13008-122995	match	-	Home > Whales, the 375 flow bento. Re-read live 2026-09-17 to check the 2026-09-15 ruling against its own node rather than carry it, and WhalesScreen.tsx matches every number: the bento 347 wide at x=15 of a 375 board, `Frame 270` (13008:122996) 347x76, `Frame 1117` (:122997) 347x32 holding two 169.5 buttons at x=0 and x=177.5 — equal halves on an 8px gutter, 2*169.5 + 8 = 347 — and the Market-technicals CTA (:123000) 147x28 at x=100, which is (347-147)/2 for a centred control, on y=48, i.e. 16 under the 32-tall row. That is the column-to-row flip and the 16px seam the file already draws and cites. Also confirmed: `Frame 269` at y=84 for an 8px seam, its cards inset 8 for a 331 track, the NFA card 331x72 with content at (14,12), and the two flow tables on a 76px row pitch with a hairline between. Delta zero, no edit. So the ruling that this board supersedes the Home-1 frame 7298:72604 stands measured rather than asserted. No browser: source-vs-node.
13008-110870	match	-	Whales > Flow at 1440 — READ LIVE 2026-09-17 and MATCHED end to end after commits d02857b0b, 2f2473ac9 and 25432d2fc. Column 1318 at x=32 of a 1382 main, 24 down; header row 36 (title 32/36; tab row 45 + 24 + 44 = 113 centred at 602.5, the 1fr/auto/1fr grid on a 12 gutter landing it there exactly; right group 420 at x=898 = Display settings 147x32 with its 24 glyph at x=8 and label at x=40, then 12, then AI Analysis 158x36); 24 to two 120x34 filter pills 8 apart; 24 to the body, 854 + 16 + 448. Left card pads 16 and stacks 32. NFA callout 822x68 = 16/12 padding, a 16 glyph 6 from a 16/22 title, an 18px body 4 below, caret at x=786 (16 clear of the 754 text column, 20 from the edge). Section head 18/24 with a 16px help disc 4 away, 24 to the table; table header on the 16 inset, two equal 395 columns at 12/16, rule 8 below. Rows 78 on 12 of padding: a 26 avatar slot round the 24 mark, 8, label column at x=34 (instrument 14/18, buys/sells 12/16 8 apart, value 16/16 right), 2, then five 127.2 bars on 4px gaps filling 652 beside a 146x26 percent at 22/26; the last row drops its rule and trailing 8 to close the section at 298. Technicals card 448x445 = 16 padding, a 408 header row inset a further 8 (24-line title, 18-high tag 8 away, 120x34 picker flush right), 16, a 225 gauge, 8, two 61-high rows of three 133.33 cells on 8px gutters. No browser ran; source-vs-node. verdict word `done` converted to `match` at the wave 55 close (Casey ruled 2026-09-20); the measurement is the original one, unchanged.
13008-111263	match	-	Whales > Flow at 1440, the second of the identical pair — READ LIVE 2026-09-17 and MATCHED. This node is geometrically identical to 13008-110870, node for node: 13008:111266 the 1318x1256.0006 column, :111288 the 822x68 callout with its caret at (786,26), :111309 the 26x26 avatar slot round a 24 mark, :111314 the 176-wide instrument pair, :111325 the 127.2 bars, :111330 the 146x26 percent, :111548 the 448x445 technicals card and :111559 its 120x34 picker. The full ladder recorded on the 110870 line applies unchanged, and the same three commits close it (d02857b0b, 2f2473ac9, 25432d2fc). Opened on its own rather than carried from its sibling. No browser ran; source-vs-node. verdict word `done` converted to `match` at the wave 55 close (Casey ruled 2026-09-20); the measurement is the original one, unchanged.
13447-185120	partial	-	Create AI agent step 1, 1440 base. Read live 2026-09-19 (get_metadata) and built (77f2e03e6, 28400d2b6). Matching: main 1382 with the column 90 in; header block 680 wide, a 36 title row with a 24 back glyph and the title 34 in at 36/36, the rail 16 below on a 22 line; rail group 18 box / 8 / a 16-leading eyebrow / 8 / a 22-leading label, the filler between groups 61; Group 14 564, the heading on a 28 line over a 14/18 sentence at a 12 gap, the 76 field 44 under it on a 20 inset at 28/36, the confirmation line 16 under the field on an 18; Frame 203 two 278x62 on an 8 closing the 564; the orb 448x520 at a 190 gap. Departing: the board draws this as a page inside the app chrome and the app draws a full-bleed dialog over it, and the well is centred where the board hangs it off the 58 sidebar.
13447-185789	partial	-	Create AI agent step 1 'no data', 1440. Read live 2026-09-19. Identical to 13447-185120 except that 13447:185803 'Great name!' is hidden; the field still prints Rhizome, so the state is the missing confirmation line alone. One component draws both, the line rendering only on a non-empty name. Same numbers, same shell departure.
14123-77740	partial	-	Create AI agent step 1, 768. First real measurement; read live 2026-09-19 and built (77f2e03e6, 28400d2b6). Matching: column 708 at x=30, 24 under the 52 header; header block 708x98 as a 36 title row at 28/28 then a 46-tall rail 16 below; the rail STACKED - 18 box, 8, a 14-leading eyebrow, 4, an 18-leading label, all three labels shown; header left column 504 with a 98x98 orb flush right; body 32 under; heading 22 over a 16-line sentence at a 12 gap; field 32 under, 60 tall on a 16 inset at a 28 line; confirmation 16 under on a 16 line; footer two 248x50 on an 8. The orb was absent at this width before the build. Departing: the shell.
14179-158963	partial	-	Create AI agent step 1, 375. First real measurement; read live 2026-09-19 and built (77f2e03e6, 28400d2b6). Matching: column 343 at x=16, 16 under the 48 header; the title on a 24 line with the 36x36 orb INSIDE the title row, right-aligned; rail 46 tall and stacked, with both inactive steps dropping their label; body 24 under; heading 22 over a two-line 14 at a 12 gap; field 56 tall on a 16 inset at a 24 line; confirmation 16 under on a 14; footer two 167.5x44 on an 8 splitting the 343, where the build used to stack them. Departing: the shell.
14179-163655	deferred	-	Create AI agent step 1 'no data' - the frame is named (1440 x 900px) and is 375x812. Read live 2026-09-19. It is the real 375 no-data cut and equals 14179-158963 node for node with 14179:163706 hidden, so the built 375 component covers it. The defect is the title; design owns the rename. VERDICT WORD CORRECTED 2026-09-22 (wave62 catalog-integrity): column 2 read `frame-defect`, which is outside the valid set {match, partial, deferred, not-wired, ruled-out}. coverage.mjs and apply-verify.mjs both skip an unknown word with a bare `continue`, so this line has been carrying NO verdict since it was written and nobody was told. Rewritten `deferred`. No other line keys this frame, so it carried no verdict. NOTE FOR THE NEXT LANE, recorded rather than acted on: this line's own live read of 2026-09-19 says the frame equals 14179-158963 node for node and the built 375 component covers it, and locates the defect in the frame's TITLE, which design owns. That reads as a `match` its author had no word for. This lane did not re-read the node, so it is written `deferred` and not promoted; one read of 14179:163655 against 14179-158963 settles it.
14179-163502	deferred	-	Create AI agent step 1 'no data' at 768 - the frame draws data. Read live 2026-09-19: 14317:261251 prints Rhizome and 14317:261252 'Great name!' is visible. Otherwise it equals 14123-77740 at a 1px column offset (x=29 against x=30), so it adds no state and the 768 build covers it. VERDICT WORD CORRECTED 2026-09-22 (wave62 catalog-integrity): column 2 read `frame-defect`, which is outside the valid set {match, partial, deferred, not-wired, ruled-out}. coverage.mjs and apply-verify.mjs both skip an unknown word with a bare `continue`, so this line has been carrying NO verdict since it was written and nobody was told. Rewritten `deferred`. No other line keys this frame, so it carried no verdict. Same shape as the 14179-163655 line above: the text says the frame adds no state and the 768 build covers it, which reads as a `match` its author had no word for. Not re-read by this lane, so `deferred` and not promoted.
14123-78540	partial	-	Create AI agent step 2 page 1, 768. First real measurement; read live 2026-09-19 and built (77f2e03e6, 28400d2b6). Matching: the body column capped at 504 of the 708 well; heading block 66 = a 20-line counter, 10, a 22-line heading, then a 16-line sentence 12 below; the card run 16 under it, not the 1440 board's 44; cards 244x132 two up on 16 with 16 between rows, a 20 inset, a 180 text column and a 24 control column with nothing between them; name 22 over description 18 on a 4; the 74x18 risk tag on a 6/2 inset riding the foot with the Most popular outline 4 after it; an 18 selection at the top of the control column and a 24 glyph on its foot; footer two 248x50 on an 8 filling the 504. Departing: the shell.
14179-159153	partial	-	Create AI agent step 2 page 1, 375. First real measurement; read live 2026-09-19 and built (28400d2b6). Matching: the 343 column; the rail showing only the active step's label, which is why its filler reads 24.5 where the step-1 board's reads 30.5; heading block 62 = a 14-line counter, 10, a 22-line heading, a two-line 14 sentence 12 below; the run 16 under; cards 167x130 two up on an 8 with 8 between rows, a 12 inset, a 24 control column, nothing between; name 22 over description 16 on a 4; the Most popular outline hidden at this width, which the build now honours; footer two 167.5x44 on an 8. Departing: the shell.
14123-80001	partial	-	Create AI agent step 2 page 2 (Build Your Own), 768. First real measurement; read live 2026-09-19. Confirms wave 47's 1440 structure - three cards 16 apart, Frame 270 carrying both sections split by a rule 24 under and 24 over, Frames 267 and 346 inset 16/32, blocks 24 apart, a field as label / 8 / box - and moves every figure: container 504 not 680, the rule 472 not 648, a card heading a 19 line over a 16 on a 6, a field label 16, the field inset 16, and boxes of 50 / 50 / 120 / 136 / 200 against 1440's 54 / 62 / 136 / 250. Built: the column alone, 504 below lg and 680 above (7cff35c09). The type and inset ladder is the remaining gap.
14123-81330	partial	-	Create AI agent step 3, 768. First real measurement; read live 2026-09-19. Built: the chrome at this width plus the 504 cap on the configure column (0fcdde006). Measured, not built: one 504 card on a 16 inset with NO page heading above it; blocks 24 apart where the app uses 16; a labelled block as a 19-line label over a 16-line sentence on a 6 with the control 16 below; a 74-tall select; Market as 18-tall tag chips 4 apart against the app's 28-tall pill buttons; a slider as a 40-tall head card over a 56-tall body with five tick labels 18 below the track; a 472 rule 24 above a stop-loss row of a 16-line title over a 16-line subtitle at +18 beside a 61x36 toggle. Block order matches the app exactly.
14094-55845	match	-	Sidebar, Intelligent support open, 318 tablet drawer. Built to Casey's 2026-09-19 three-entry ruling (9faefbfc5): internal 232x134 over Market intel, Trading, Analysis at y=0/44/88 with gap-[2px] pb-[4px], Trading routed to /spot on the frame's own three-fader glyph (5810:111264, 11.001 x 14). Shell carried from wave 52's live read: Frame 1053 (8,9) 302x606, menu 0..36, Frame 1054 y=56 for 88, Top main y=164 for 442 on the 20 rhythm, eight rows on the 44 pitch, Agentic 356, Your chats 400, main bottom (8,823) 302x192 with the 276 rule at x=13.
14160-133074	match	-	Sidebar, Intelligent support open, 296 phone drawer. Re-read live 2026-09-20 and matched after the three-entry build: Frame 1053 (8,9) 280x598 on the 16 rhythm, menu 0..36 with the 77x32 short logomark at x=52, Frame 1054 y=52 for 88, Top main y=156 for 442, internal 14160:133595 at y=220 for 134 over Frame 216 Market intel / 214 Trading / 215 Analysis, Agentic 356, Your chats 400 with chats hidden, main bottom (8,759) 280x192, rule 276 at x=2, labels 16-leading, padlocks 4 after each label at 118/92/97.
13008-110742	match	-	Whales Activity empty, 1440. Read live 2026-09-20 (get_metadata, whole tree) and matched after the band build (672da7126, a1614d7c1). Chrome: main 1382x828 at (58,56); Frame 337 (32,24) 1318x36 with the title 102x36, nav 113 at x=602.5 and Display settings alone at 147x32 inside a 420 group at x=898; Frame 444 (32,84) 1318x674 splitting 864 + 6 + 448 with Frame 446 at x=870. Bands: Frame 299 864x54 and Frame 300 448x54, each one 40-tall control row opening 8 under the card edge and closing on 6, which centres the 32 search at y=12, the 30 action group at y=13 and the 22 nav labels at y=17. Manager toolbar: a fixed 308 nav box, search 181 at x=316.5, actions 326 at x=506 flush at 832, inside it 96 / 96 / 118 at 0 / 104 / 208. X toolbar: an 80 title, search 181 at x=95.5, the 124x30 Add handle at x=292, flush at 416. Empty state, one primitive both sides: middle 330x102 centred on both axes, a 24 title over a 4 gap over a 16 hint, Frame 242 24 below with a 161x34 CTA centred at x=84.5. The shine ellipse 13008:110744 is hidden, which is the lg:hidden already on the glow. A 1.5px Figma stroke is centred and so sits outside the 54 and the 30, as XAccountsPanel.bandGeometry.figma.test.tsx already reads it. No browser: source-vs-node.
13008-116574	match	-	X accounts rail, My list with the Add-handle row, 448x674 unplaced fragment. Read live 2026-09-20 (get_metadata) for the first time and matched against XAccountsPanel.tsx at HEAD with no edit needed. Band Frame 300 448x54 = an 80 title, a 181 search at x=95.5, a 124x30 CTA at x=292, flush at 416. nav (8,8) 308x22, labels 24 apart, active in an 8px pill. Frame 358 (8,38) 432 wide, first hairline at 38 = 8 + 22 + 8. A rule every 44 with 28 of content 8 clear either side, which lg:py-2.5 round a 24-tall group pays identically, landing the 24 group at y=10 and the 16 text at y=14. Row inset 16, rank 24, 8 to a 16 glyph, 8 to the handle; trailing two 24 discs at 0 and 36 on a 12 pitch with 12px glyphs, then a 51x22 tag on the entry row or a 16 glyph at x=400 on a populated one. No browser: source-vs-node.
13008-115137	match	-	Whales Activity populated, 1440. Measured 2026-09-20 against the node data wave 50 recorded from its live read of 2026-09-17 (unchanged per tonight's hash check; not re-opened). Chrome as 13008-110742 closed it: Frame 299 864x54 over a 40-tall row, fixed 308 nav, search 181 at x=316.5, actions 326 at x=506 flush at 832, 864 + 6 + 448 with Frame 446 at x=870, the table pinned by activityTableGeometry.figma.test.tsx. The ladder wave 53 left open is the Popular tab (13008:115263: rank, sparkline, handle, plus): Frame 358 at x=8, rows inset a further 16, 24-tall rows on a 40 pitch, a 24 rank, a 16 glyph 8 away, the handle 8 on, the trailing 16 glyph at x=400. XAccountsPanel.tsx pays it: container px-2, ROW md:px-4, the Popular row py-3 round a 16-tall line = 40 with the hairline outside, RANK_CELL w-6, gap-2 twice, ROW_ACTION a bare 16 slot at 432 - 32 = 400. No edit needed. No browser: source-vs-node.
13008-122389	match	-	X accounts My list with the Add-handle row, 708x717 tablet fragment. Read live 2026-09-20 (get_metadata, whole tree) and matched against XAccountsPanel.tsx at HEAD with no edit. Band Frame 300 708x54: an 80 title box, the 181 search at x=225.5, the 124x30 CTA at x=552 flush at 676. nav (8,10) 308x22, labels 24 apart, active in a 55 pill. Frame 359 at (8,44) 692 wide with a hairline at 0 and every 40 (0/40/80/120), the 28 content 6 clear of each = MY_LIST_ROW_Y py-2 round the 24 disc group. Row at the 16 inset: rank 24x14 (12/14), a 16 glyph 8 on, the handle 12/16 8 after; the trailing group two 24 discs at 0 and 36 with 12 glyphs, the 53x22 tag at x=72 on the entry row and a 16 glyph on the populated ones, 88 wide at x=588 flush at 676. No browser: source-vs-node.
13008-119988	match	-	Whales Activity empty, 768. Read live 2026-09-20 (get_metadata whole tree; get_design_context on the empty block 13008:120012) and matched after fe5d61faa and c46b5910e. Header Frame 337 (30,24) 708x36: the 121 title box, the nav at 291.5 = (708 - 121 - 113 - 133) / 2 a side, Display settings 133x32 with its 12/16 label at x=40. bento at (30,84): Frame 445 a fixed 708x403 (54 band, 349 well), 8, Frame 446 708x407. Bands as 13008-110742 closed them: 128 nav pill, search 181 at 148.5, actions 326 at 350 flush at 676; the X band 80 / 181 at 225.5 / 124x30 at 552. Empty block middle 330x91 centred both axes: title Manrope 14/18.048, hint Manrope 10/14 Ash 4 under, Frame 242 20 under; CTAs 150x34 Add wallet and 166x34 Add X handle, 32 a side, 14/18, an 8 gap to a 16 glyph, r8. No browser: source-vs-node.
13008-111656	match	-	Whales Flow with the custom size-range drawer open, 1440. Read live 2026-09-20 (get_metadata whole tree; get_design_context on Right menu 13008:112049) and built (c46b5910e): a 442x884 drawer at (990,8) - 8 from the top, right and bottom edges - Green Coal 200 at 80% on a 2.5px blur, r24, p24, a Green Coal 100 hairline, a 0/10/80 shadow, portalled over the page with the technicals card left in place at x=870. Inside: title 24/28 with the 16 close at x=378; 32 to the section; 18/24 over 12/16 on 8; 24 to two 193x88 inputs on 8 (14/18 label, 8, a 62 field on 20 pad round 16/22, r16); 8 to six 64x18 segments on 2 holding Mulish 11/14, end pads 8, middle 4, outer corners 8; the 394x62 CTA at y=798 pinned to the 24 bottom inset. Page behind: 1318 at (32,24), the 420 side boxes, the 120/120 filter pills 8 apart at y=60, 24 to the cards, 854 + 16 + 448, rows 78 on 94 at the 12 inset. No browser: source-vs-node.
13008-120275	match	-	Whales Flow, 768. Measured 2026-09-20 against wave 50's live read of 2026-09-17 (unchanged per tonight's hash check) and tonight's read of its 1VH crop 13008-120579; the one open number is built (c46b5910e). Page inset 30, top 24, title 24/28 in a 171 box, nav 113 at 297.5, the squared 32 Display settings and the 131x34 AI Analysis pill in a 171 group at x=537, 8 to the filter row, two 120x34 pills 8 apart with the 147x30 link at 561, 8 to the card, 16 padding, sections 24 apart, the NFA 676x62 with no caret, the head 24 to its table, two 322 columns at 10/14 with the rule 8 below, rows 64 on 8 with five 99.6 bars filling 514 against a 146x20 percent; the distributing rows on the 12 the board draws (md:max-lg:px-3), 652 wide with 506 of bars. The head's 19 is 14/18.048 rounded. No browser: source-vs-node.
13008-120579	match	-	Whales Flow 1VH, 768. Read live 2026-09-20 (get_metadata, whole tree): the 1VH crop of 13008-120275 with the footer and logo past the 1024 fold. Frame 337 (30,24) 708x36 with the 171 title box, the nav at 297.5 and Frame 1116 171x34 at x=537; bento at (30,84): the filter row 708x34 (120 pills at 0 and 128, the 147x30 link at 561), Frame 269 at y=42, the NFA card (16,16) 676x62 with no caret, the section head 194x19 at y=102, the table at +43 with the 676x14 header on the 16 inset, the rule at 22, rows 64 at 30/110/190 on the 8 (accumulating) and the 12 (distributing, built c46b5910e), five 99.6 bars on 4 against the 146x20 percent. No browser: source-vs-node.
13444-182982	match	-	Analysis > display settings, 1440 - READ LIVE 2026-09-20 (get_metadata on the board) and matched end to end without an edit; this cut had no measurement recorded anywhere before. Page: header 1144x66 with Frame 1016 299.59x36 running round CTA 36 / Display settings 147x32 / Live 92.59x32 on a 12 gutter twice; the consensus strip 1144x38 at y=91 as five chips 188/188/193/190/187 on an 8; body at y=154 as the 448x520 orb beside a 680 card column, a 16 gutter, four 680x124 rows on an 8 seam, each a 100x100 tile at (12,12) beside a 542 block at x=126 (12+100+14+542+12 = 680). Drawer `Right menu` 13445:183747 442x884 at (990,8), Frame 344 394x742 at (24,24), a 28 title row, the blurb at +24, a five-row list on a 12 gutter with input/toggle 40.59x24 at x=353.41, and a 394x62 footer at (24,798) as two 193 on an 8. 34 tests green across displaySettingsPanel.figma, AnalysisScreen.body.figma and AnalysisScreen.header.figma.
13447-185120	match	-	Create AI agent step 1, 1440 base - the two items that held this key partial are both closed. Casey's shell ruling is built (82cc84139): WIZARD_PAGE insets DialogContent to main (lg left 58, lg bottom 28, the top on the bar's 48/52/56 rungs) and `modal={isReviewStep}` takes the page steps non-modal so no scrim covers the header or rail. The footer is built (cfc86c69c): re-read live 2026-09-20, Group 14 is 564x610 at (90,154) with Frame 203 at local y=548, closing at 764 in an 828-tall main - 64 clear, where the well paid the header's 48. Everything else re-measured and matching: the 680x74 header block at (90,48), the 36-over-16-over-22 stack, the step rail's 18/8/34/8 run with its 61 fillers, Group 14 at 32 under the block, the 564x230 name block and the 448x520 orb at (844,154). 18 wizard tests green.
13447-185789	match	-	Create AI agent step 1 'no data', 1440 - closes on 13447-185120's build, which is this board's build. Wave 51 established the one-node difference (13447:185803 'Great name!' hidden) and this pass re-read 13447-185120 live with nothing moved, so the equivalence holds. The app draws both states from one component: the confirmation line renders only on a non-empty name field, and the board still prints 'Rhizome', so its 'no data' is the missing line alone. Shell ruling built in 82cc84139; footer's 64 built in cfc86c69c. 18 wizard tests green.
13447-186054	match	-	Create AI agent step 2 page 1, 1440 - READ LIVE 2026-09-20, the first measurement of this cut recorded anywhere, and matched. Heading Frame 1000003830 516x76 = a 48-wide '1 / 2' counter 10 clear of the heading over a two-line 516 sentence on a 12 gap; the card run Frame 1000003831 13447:186306 opens 44 under it and is 1144 WIDE, four then three - 274x156 fields at x=0/290/580/870 on a 16 gutter and the second row at y=180, a 24. Each card is a 20 inset holding a 190 text column and a 24 control column at x=230 (selection on top, glyph at y=92), the text stacking a 28 title over a 22 line and riding its tag row at y=98. Built here: the corner orb Technicals - Buy 13447:186094 is 171x171 at (1122,48) where the file shipped 168x180 with no node behind it, now lg:size-[171px] (5a30153cc); the footer's 64 (cfc86c69c). 18 wizard tests green.
13449-187102	match	-	Create AI agent step 2 page 2 (Build Your Own), 1440 - READ LIVE 2026-09-20 and matched. NOTE FOR THE CATALOGUE: 13449-187103 is this board's `main`, not a sibling board, so the two keys are one measurement. Group 14 is 680 wide here; Main container 13449:187469 680x2216 opens 44 under a 516-wide heading block and carries three cards 16 apart - Frame 270 668 (Start from a template and Craft your agent's identity split by a 648 rule with 24 under it, then an 88 Emoji row of 62 + 8 + 578, a 162 Description and an 82 Color), Frame 267 866 inset 16/32 with blocks 24 apart, Frame 346 650 inset 16/32 with two rules. CustomAgentBuilder.tsx already caps the column at lg:max-w-[680px] and wave 47's build (5d270c69b) is unchanged. Frame 203 at (90,2727) closes 64 clear of a 2853 main - the third board to say 64. Built here: the 171 orb (5a30153cc) and the strapline's 516 measure (463d58bc7). 25 tests green.
13449-187103	match	-	Create AI agent step 2 page 2, 1440 - this key IS the `main` of board 13449-187102 (1382x2853 at (58,56)), read live 2026-09-20; every figure on the 13449-187102 line was taken inside it. Wave 47's child-by-child read of 13449:187469 and its build (5d270c69b) matched line for line. What moved: the shell ruling (82cc84139), the footer's 64 (cfc86c69c), the corner orb's 171 square (5a30153cc) and the strapline's 516 measure (463d58bc7). 25 tests green.
14191-164317	match	-	296x960 phone menu drawer, Agentic support open. READ LIVE 2026-09-21 (get_metadata, whole board), first reading. Frame 1053 (8,9) 280 wide; menu 0..36; Frame 1054 y=52 for 88 (search 40, nav 40 at y=48, three 88 list cells at 0/96/192); Top main y=156 for 442 with rows at 0/44/88/132/176/220, internal y=264 280x134 over AI master/AI advisor/Backtest at 0/44/88, Your chats y=400; carets 16 at x=256; main bottom (8,759) 280x192 with the 276 line at x=2 and Upgrade to Pro at y=150. Build matches value for value at HEAD (HomeTopBar.tsx:712 w-[296px] md:w-[318px], brand row px-2 pb-4 pt-[9px] md:pb-5, search px-2 pb-2, stats mx-2 mb-4 gap-2 md:mb-5 three flex-1; ROW h-[42px] on gap-[2px]; panel gap-[2px] pb-[4px]; RULE_BOTTOM w-[276px]; AGENTIC_TOOLS in frame order). No edit needed.
14179-163988	match	-	318x1024 tablet menu drawer, Agentic support open, the twin of 14191:164317. READ LIVE 2026-09-21 (get_metadata). Frame 1053 (8,9) 302 wide; Frame 1054 y=56 for 88 with three 95.333 cells at 0/103.333/206.667; Top main y=164 for 442; internal y=264 302x134; Your chats y=400; carets at x=278; main bottom (8,823) 302x192 with the 276 line at x=13. Labels 18 tall here against 16 at 296, which is LABEL's leading-4 md:leading-[18px]. Geometrically identical to 6419:47130, closed in wave 53, so the two agree independently. No edit needed.
14160-133304	match	-	296x960 phone menu drawer, Intelligent support open. READ LIVE 2026-09-21 (get_metadata), first reading. Same shell as 14191:164317 to the pixel; Top main 530 because internal at y=220 is 222 over five rows (Market intel, Market signals, News, Sentiment, Analysis) where the build draws the ruled three in 134. Closed on Casey's 2026-09-19 three-entry ruling and the wave 54 precedent that a ruling settling a frame element counts the row done. Also the third 296 board to draw the stat row as three 88 pills and every label 16 tall.
13389-161703	match	-	248x844 docked column, Intelligent support open. READ LIVE 2026-09-21 (get_metadata), first reading, and it draws the RULED THREE: internal at y=220 is 134 over Market intel, Trading, Analysis at 0/44/88, which is INTELLIGENT_TOOLS at HEAD entry for entry and order for order. Top main (8,9) 232x442 with New chat 42 and its pin CTA at x=193, Portfolio 44, Whales 88, Skai agent 132, Intelligent support 176 (caret x=208), Agentic support 356, Your chats 400; main bottom (8,643) 232x192 with the 200 rule at x=16 and Upgrade to Pro at y=150. Each row's trailing 16 padlock sits 4 after the label closes (118/92/97). Exact match, no edit.
13389-161486	match	-	248x1188 docked column. Wave 52's measurement carried; the only open item was the five-row 222 panel against the build's 134, which is Casey's 2026-09-19 ruling and closes on the wave 54 precedent. Corroborated this pass by 13389:161703, the same 248 column in the same state drawing the ruled three in the build's order.
14094-56305	match	-	318 tablet drawer, the twin of 13389:161486, closed on the same ruling and precedent. Wave 52's read carried: Frame 1053 (8,9) 302 wide, Frame 1054 y=56 for 88, Top main y=164 for 530 because internal at y=220 is 222, Agentic support 444, Your chats 488, main bottom (8,823) 302x192 with the 276 rule at x=13.
13008-122979	match	-	Home 2 whales Flow, 375, populated. READ LIVE 2026-09-21 (get_metadata, whole board) and diffed against WhalesScreen.tsx at HEAD. Matching after c0dc7cf41: heading 328x36 at (24,16), the Flow header's 32x32 display box at x=252 and 36 CTA at x=292; bento 347 at (15,70), Frame 270 347x76 with two 169.5 toggles 8 apart and the 147x28 CTA centred at (100,48); flow card on an 8 inset with 24 between NFA card, sections and tables; NFA 331x72 with its 297x48 body at (14,12), no caret; table header two 157.5 halves from x=8 at 10/14 with the rule 8 under; rows 60 on a 76 pitch; accumulating rows inset 8 (Frame 239 x=8 w315, bars 209) and distributing rows inset 12 (x=12 w307, bars 201) - the 12 was keyed md: and now runs below lg. No browser: source-vs-node.
13008-123503	match	-	Home 2 whales Activity, 375, both panels empty. READ LIVE 2026-09-21 (get_metadata, whole board). Matching after dc2ddf954: Activity header with Frame 512 133x32 at x=195 and its label drawn; bento Frame 445 347x497 and Frame 446 347x439 8 apart; manager band 347x148 (nav 128x22, 315x36 search, 88/88/123 action row on 8); X band 347x90. Both empty blocks are description 257x37 with Frame 242 at y=57 - the 257 column and 20 seam WhalesEmptyState now draws on the whales board from the base (Trench keeps 343 and 24). No browser: source-vs-node.
13008-123798	match	-	Home 2 whales Activity, 375, both panels POPULATED (the frame's own name says no data; it is not). READ LIVE 2026-09-21 (get_metadata, get_design_context on 13008:123837). Matching after d77365fe9: the 692 wallet track scrolling inside 331 with the 331x8 bar; rows on 286/100/100/80 space-between from x=8 (balance 330.67, last active 467.33, actions 604); header on its own 325/100/100/140 with Balance and Last active right-set and the 140 cluster at itemSpacing 10 round a 16-gap glyph pair; X Popular rows on a 40 pitch with a 20 rank column and the handle 8 after its 16 glyph. No browser: source-vs-node.
13008-122676	match	-	Home 2 whales Flow, 375, one viewport - the 1VH cut of 13008:122979, READ LIVE 2026-09-21 (get_metadata) and node-for-node the same numbers under main, bottom bar pinned at y=758. Closes on the same measurement and the same c0dc7cf41 distributing-row fix (Frame 239 x=12 w307 on 13008:122804). No browser: source-vs-node.
13008-123282	match	-	Home 2 whales Flow with technicals open, 375. READ LIVE 2026-09-21 (get_metadata; get_design_context on 13008:123305, :123320, :123332). Matching after ce49fd6c1: card 347x431, r12, pad 16/8/8/8, gap 12; header 32 tall with the 14/18 title, a 10/14 tag and the 120x32 picker on a 14/16 label; gauge 225 with the arc at 148.5 from top 48 and the needle and 12 cap unscaled on the 146 pivot, flank labels 10/12 at the board's offsets, reading 12/14 at 164 and Today 10/14 at 188; grid two rows of three 105x61 cells, 14/16 over 12/14 on a 4 gap. Figures are the live reads or an em-dash, never the board's. No browser: source-vs-node.
13008-122582	match	-	Home 2 whales Activity, 375, both panels empty, one viewport - the 1VH cut of 13008:123503, READ LIVE 2026-09-21 (get_metadata) node for node. Matching after dc2ddf954 and cc0571f18: heading at y=16 of main and bento at y=70 (16 / 36 / 18); the empty blocks 257x37 with a 10/14 hint (face read off 13008:123544) and Frame 242 20 under; wallet CTA 150x32 and X CTA 166x34 on 32 a side. No browser: source-vs-node.
13008-121237	match	-	Home 2 whales Activity, 768, both panels populated. READ LIVE 2026-09-21 (get_metadata, whole board). Matching after the wave 58 builds: heading 708x36 at (30,24), bento at y=84; Frame 445 708x403 and Frame 446 708x717 8 apart; wallet header on 325/100/100/140 with Balance and Last active right-set, a 24 box (labels 1 down, rule 8 under) and the first row 12 past the rule; rows on 286/100/100/80 over the 12 inset; the balance cell 16 over a flush 14 in a 30, or one `--` centred in a 32; X nav at (8,10) and list at (8,44) with Popular rows on a 40 pitch. No browser: source-vs-node.
13447-185120	match	-	Create AI agent step 1, 1440 - re-read live 2026-09-21 and REBUILT in 83193a21b: the page is a section portalled into <main id=main-content> instead of a fixed DialogContent inset by copied shell numbers (82cc84139), which went under the rail once it opened to 248. Matching inside main: header block 680x74 at (90,48), title 36/36, rail at y=52, Group 14 at y=154, the 564x230 name block, the 448x520 orb at (844,154), and Frame 203 two 278x62 closing 64 above main's foot. Shell-level, not this surface: ticker 28 vs 16, so main is 816 vs 828.
14123-77740	match	-	Create AI agent step 1, 768 - the shell half is closed in 83193a21b. Re-read live 2026-09-21: column 708x872 at (30,76) between the 52 header and the 52 nav at y=972; the page now pays main's 52 nav reserve, so the 248x50 pair closes at 948 (was 1000, inside the nav). Interior matching as the earlier line lists: 28/28 title, stacked 46 rail at y=52, 98 orb at x=610, body at 130, field 708x60 at 82 on a 16 inset, Great name! 16 under.
14179-158963	match	-	Create AI agent step 1, 375 - the shell half is closed in 83193a21b. Re-read live 2026-09-21: column 343x678 at (16,64) between the 48 header and the 54 nav at y=758; the page now pays main's 54 nav reserve, so the two 167.5x44 close at 742 (was 796, inside the nav). Interior matching: 24/24 title with the 36 orb in its row at x=307, 46 rail at 52 with inactive labels hidden, body at 122, field 343x56 at 94 on a 16 inset, Great name! 16 under on 14.
13008-125362	match	-	Select whale, 375. Read live 2026-09-22 (modal 13008:125427) and built in 61a759f27: card 360x218 counting its inside stroke (padding pays 11/15 + border), close 20/16 from the outer edge, the rule under the search at y=44, tab band 36, rows 16 on a 36 pitch with a line after the last (98), name 12/14, address Mulish 12/14, emoji 14/16, copy at +6, link glyph 4 from the inner edge. Footer kept as WAVE54 section 3's decided default. Oracles resolve every value from the tokens against the board and were mutation-tested. No browser: source-vs-node.
13008-125156	partial	-	Select whale, 768. Read live 2026-09-22 (modal 13008:125220) and built in 61a759f27: card 708x262 counting its inside stroke, close 24/25, the rule under the search (not a frame defect: the 375 board draws it too), tab band 38, rows 30 on a 38 pitch with a trailing line (110), justify-between over 286/100/100/80 so the columns sit on 34 gaps, name 12/16, address Mulish 10/14. Open: the value column's '12.04 SKAI' sub-line needs a SKAI price (2026-09-20 ruling), so it is not drawn and the column holds its 30. No browser: source-vs-node.
13008-116983	partial	-	Select whale, 1440. Read live 2026-09-22 (modal 13008:117730) and built in 61a759f27: tab band 38 (Frame 466 declares no padding, so py-[7px] + border-y), card 796x268 counting its inside stroke, close 24/27 from the outer edge, address Manrope 12/16, figure box 103 centred on the 100 column; rows 32 on the 48 pitch re-read unchanged. Open: the '12.04 SKAI' sub-line needs a SKAI price (2026-09-20 ruling). Footer kept as WAVE54 section 3's decided default. No browser: source-vs-node.
13008-122389	match	-	X accounts My list with the Add-handle row, 708x717 tablet fragment. SUPERSEDES vverify.home-2.tsv:50, whose match was false on the pitch: it summed MY_LIST_ROW_Y py-2 as 8 + 24 + 8 = 40 without the row's own border-b, which is the hairline and drew 41 (rules 0/41/82, discs 9 under). Fixed d18e3aa5e + b312937d4: pt-[7px] pb-2, so 1 + 7 + 24 + 8 = 40, rules on the board's 0/40/80/120 and the disc group 8 under each, as the 2026-09-20 live read (status.wave54.home-whales-screens-ai.tsv:20) draws. Every other number of that read re-checked at HEAD b312937d4, unchanged. Not re-read this wave (Figma connector down). Witness XAccountsPanel.myListRow.figma.test.tsx, mutation-tested. Source vs node, no browser; landed on local main, not deployed.
13008-116574	match	-	X accounts rail, My list with the Add-handle row, 448x674 fragment. SUPERSEDES vverify.home-2.tsv:48, whose match was false on the pitch: lg:py-2.5 was taken as 44 without the row's own border-b, which is the rule and drew 45 (group 11 under). Fixed d18e3aa5e + b312937d4: lg:pt-[9px] lg:pb-2.5, so 1 + 9 + 24 + 10 = 44, rules on 0/44/88 and the 24 group 10 under each, as the 2026-09-20 live read (status.wave53.home-whales-screens-ai.tsv:40) draws. Every other number of that read re-checked at HEAD b312937d4, unchanged. Not re-read this wave (Figma connector down). Witness XAccountsPanel.myListRow.figma.test.tsx, mutation-tested. Source vs node, no browser; landed on local main, not deployed.
14113-74132	partial	-	Sentiment 768 (report dfc733af, w2-intel 2026-09-23), NEVER MEASURED before this pass (verifiedAt was null). get_metadata live: title block (Frame1138) 708x54 at (0,0); Fear&greed panel at y=86 (a 32px gap, not the code's 24); Social/Trending/Heatmap group at y=205, height 1280; Platform breakdown at y=1517 (32px gap). Controls 14178-143359 (375) and 13431-179336 (1440) both measure 24 for the equivalent seams, so 768 genuinely steps to 32 rather than being a rounding artefact - a real per-breakpoint value the code never drew (one flat mt-6/mt-2 combo, correct at 375, 8px short at 768). FIXED, commit 55a760abe (this repo, main, not pushed): panel-grid mt-6 -> mt-6 md:mt-8 lg:mt-6; Social-sentiment/Platform-breakdown wrapper mt-2 -> mt-2 md:mt-4 lg:mt-0 (both land on 32 at 768 via the existing grid gap-4, unchanged at 375/1440). New SentimentScreen.tabletSeams.test.tsx (2 checks); 24/24 targeted vitest green; mutation-proved (all 3 class edits reverted by hand -> red, restored from a sha256-verified byte copy, green again). Held at partial, not match: the four vendor-gated panels (Social sentiment, Platform breakdown, Trending topics content, Heat map) still correctly show offline states, blocked on skai/env/skai-bot/LUNARCRUSH_API_KEY; and the 2026-09-17 rail-gap seam decision (Fear&greed vs Platform breakdown row alignment) is still Casey's, unpicked. No browser: source-vs-node.
# wave 71 (2026-09-24..26), lane P035: live reads and design-store specs.
13008-113803	partial	-	wave 71 lane P035, 2026-09-24..26: READ LIVE 2026-09-25 w71 P035 use_figma p035-call1-mug8jqlx (modal 13008:113877 / 13008:126255 / 13008:126861) + p035-call2-mug8nd4o (768 CTA 13008:126326, 375 Frame 1001 13008:126895) + p035-call3-mug8pvqf (375 modal top) + p035-call4-mug8tg3c (1440 totals rows 13008:113912, 375 invoice row 13008:126918). BUILT ad637ed00: scrim, controls row and close offsets, 375 inner gap 20 with the CTA 32 below, centred header and its ramps, bordered plan row with the black tier card and coral glow, unboxed benefits and ramps, totals card with a white-14 zero-height rule, ramps and the spaced dash, receipt card in Green Coal 300 with the label+link / value row shape, one-line payment row, CTA 62/50/44 with a 16 arrow. FIX 4f1bfeb3a: the close glyph under the app's 44px touch floor, which made the close button 44 at 768 and below and left the glyph at the box's left edge (Chromium on the compiled index.css, lanes/P035/fix/closeprobe.cjs: glyph at 36/38 at 375 and 44/30 at 768 against the frame's 8/24 and 16/16); now a 44 box flush right at 375 with the glyph at 8/24, the glyph centred in a 44 box at 2/2 from 768, and the 16 box at 24/24 from 1280, measured the same in Chromium at 375, 767, 768, 769, 1279, 1280 and 1440, with no sideways overflow of the scrolling shell. FIX 66937cb30: an sUSD payment reads USD on the receipt. Oracle welcomeModal.figma.test.tsx, 25 cases: the pre-lane code fails 21 of the first 22; a floor-aware close model, calibrated against the pre-fix Chromium numbers, is red on the ad637ed00 classes; mutations W1-W3 and FW1-FW4 each turn only their case red. LEFT: shell drop shadow 0/10/80 at 25% (no shadow token; shadow-modal is 0/16/48 at 24%); the 484 shine at layer blur 272 (off the blur scale); receipt and invoice numbers with their download links (no backend, B004); 'via Send tokens' reads 'via SKAI Subscription' (ruling: no verify step, 2026-05-26).
13008-126152	partial	-	wave 71 lane P035, 2026-09-24..26: READ LIVE 2026-09-25 w71 P035 use_figma p035-call1-mug8jqlx (modal 13008:113877 / 13008:126255 / 13008:126861) + p035-call2-mug8nd4o (768 CTA 13008:126326, 375 Frame 1001 13008:126895) + p035-call3-mug8pvqf (375 modal top) + p035-call4-mug8tg3c (1440 totals rows 13008:113912, 375 invoice row 13008:126918). BUILT ad637ed00: scrim, controls row and close offsets, 375 inner gap 20 with the CTA 32 below, centred header and its ramps, bordered plan row with the black tier card and coral glow, unboxed benefits and ramps, totals card with a white-14 zero-height rule, ramps and the spaced dash, receipt card in Green Coal 300 with the label+link / value row shape, one-line payment row, CTA 62/50/44 with a 16 arrow. FIX 4f1bfeb3a: the close glyph under the app's 44px touch floor, which made the close button 44 at 768 and below and left the glyph at the box's left edge (Chromium on the compiled index.css, lanes/P035/fix/closeprobe.cjs: glyph at 36/38 at 375 and 44/30 at 768 against the frame's 8/24 and 16/16); now a 44 box flush right at 375 with the glyph at 8/24, the glyph centred in a 44 box at 2/2 from 768, and the 16 box at 24/24 from 1280, measured the same in Chromium at 375, 767, 768, 769, 1279, 1280 and 1440, with no sideways overflow of the scrolling shell. FIX 66937cb30: an sUSD payment reads USD on the receipt. Oracle welcomeModal.figma.test.tsx, 25 cases: the pre-lane code fails 21 of the first 22; a floor-aware close model, calibrated against the pre-fix Chromium numbers, is red on the ad637ed00 classes; mutations W1-W3 and FW1-FW4 each turn only their case red. LEFT: shell drop shadow 0/10/80 at 25% (no shadow token; shadow-modal is 0/16/48 at 24%); the 484 shine at layer blur 272 (off the blur scale); receipt and invoice numbers with their download links (no backend, B004); 'via Send tokens' reads 'via SKAI Subscription' (ruling: no verify step, 2026-05-26).
13008-126758	partial	-	wave 71 lane P035, 2026-09-24..26: READ LIVE 2026-09-25 w71 P035 use_figma p035-call1-mug8jqlx (modal 13008:113877 / 13008:126255 / 13008:126861) + p035-call2-mug8nd4o (768 CTA 13008:126326, 375 Frame 1001 13008:126895) + p035-call3-mug8pvqf (375 modal top) + p035-call4-mug8tg3c (1440 totals rows 13008:113912, 375 invoice row 13008:126918). BUILT ad637ed00: scrim, controls row and close offsets, 375 inner gap 20 with the CTA 32 below, centred header and its ramps, bordered plan row with the black tier card and coral glow, unboxed benefits and ramps, totals card with a white-14 zero-height rule, ramps and the spaced dash, receipt card in Green Coal 300 with the label+link / value row shape, one-line payment row, CTA 62/50/44 with a 16 arrow. FIX 4f1bfeb3a: the close glyph under the app's 44px touch floor, which made the close button 44 at 768 and below and left the glyph at the box's left edge (Chromium on the compiled index.css, lanes/P035/fix/closeprobe.cjs: glyph at 36/38 at 375 and 44/30 at 768 against the frame's 8/24 and 16/16); now a 44 box flush right at 375 with the glyph at 8/24, the glyph centred in a 44 box at 2/2 from 768, and the 16 box at 24/24 from 1280, measured the same in Chromium at 375, 767, 768, 769, 1279, 1280 and 1440, with no sideways overflow of the scrolling shell. FIX 66937cb30: an sUSD payment reads USD on the receipt. Oracle welcomeModal.figma.test.tsx, 25 cases: the pre-lane code fails 21 of the first 22; a floor-aware close model, calibrated against the pre-fix Chromium numbers, is red on the ad637ed00 classes; mutations W1-W3 and FW1-FW4 each turn only their case red. LEFT: shell drop shadow 0/10/80 at 25% (no shadow token; shadow-modal is 0/16/48 at 24%); the 484 shine at layer blur 272 (off the blur scale); receipt and invoice numbers with their download links (no backend, B004); 'via Send tokens' reads 'via SKAI Subscription' (ruling: no verify step, 2026-05-26).
13008-113481	partial	-	wave 71 lane P035, 2026-09-24..26: READ LIVE 2026-09-25 w71 P035 use_figma p035-call2-mug8nd4o (1440 heading 13008:113484, body 13008:113489) + p035-call3-mug8pvqf (768 bento 13008:125758, 375 bento 13008:126368) + p035-call4-mug8tg3c (totals 13008:125839 / 13008:126451 with divider vectors). BUILT: payment card 2397a3121 (corners 12/12/24, padding 16-8-24-8 / 12 / 16, gaps 16/24/32, no stroke, shadow at 1440 only; label row inset 12 at 375; the Small/Medium/Large search input 48/50/62; rows with a 32 icon on an 8 gutter and a filling icon group at 375; symbol/address/balance ramps; Large/Small tag with the App/Green 300 fill and Sky Blue outline; amount in Ash; toggle h-9 / 46 at 14/16 and 14/18, drawn 44 below 769 by the touch floor; sUSD prints USD on its row, balance, confirmed field and chosen row, 66937cb30); summary a4b6d745b (no stroke, corners and padding/gap ramps, heading, row and Total ramps, white-14 zero-height rules, Small CTA at 375, Sky Blue fee tag, the dash for an unreadable amount); heading 57779e0b9 (caption 14/16, 14/18, 16/22 as the ash token; heading inset 24 at 375), caption on the named Paragraph 1 tokens 3dc5cfaf3. Oracles: paymentMethodPicker.figma.test.tsx (23 cases; old code 18 of the first 21 red; mutations P1-P5, FP1-FP4), planSummary.figma.test.tsx (+16; old code 15 red; mutations S1-S4), checkoutColumn.figma.test.ts (+3 and one re-pointed; mutations C1-C2, FC1-FC3). LEFT, ruled: Send tokens tab disabled (verify-crypto-payment answers 410; ruling no verify step 2026-05-26); roster sUSD/USDC/ETH/BTC, not the frame's USDC/ETH/SKAI (bridge-as-source-tokens 2026-05-26); fee row $0.00 / Sponsored, not Slow / 0.0012 USDC (ruling 2026-09-05, row 84d6ff6f). LEFT, missing token: the summary's 1440 drop shadow 0/10/80 at 25%. LEFT, the 44px touch floor (src/index.css, not editable): at 375 the method toggle renders 44 tall against the frame's 36, and touch devices force a 16px input type.
13008-125755	partial	-	wave 71 lane P035, 2026-09-24..26: READ LIVE 2026-09-25 w71 P035 use_figma p035-call2-mug8nd4o (1440 heading 13008:113484, body 13008:113489) + p035-call3-mug8pvqf (768 bento 13008:125758, 375 bento 13008:126368) + p035-call4-mug8tg3c (totals 13008:125839 / 13008:126451 with divider vectors). BUILT: payment card 2397a3121 (corners 12/12/24, padding 16-8-24-8 / 12 / 16, gaps 16/24/32, no stroke, shadow at 1440 only; label row inset 12 at 375; the Small/Medium/Large search input 48/50/62; rows with a 32 icon on an 8 gutter and a filling icon group at 375; symbol/address/balance ramps; Large/Small tag with the App/Green 300 fill and Sky Blue outline; amount in Ash; toggle h-9 / 46 at 14/16 and 14/18, drawn 44 below 769 by the touch floor; sUSD prints USD on its row, balance, confirmed field and chosen row, 66937cb30); summary a4b6d745b (no stroke, corners and padding/gap ramps, heading, row and Total ramps, white-14 zero-height rules, Small CTA at 375, Sky Blue fee tag, the dash for an unreadable amount); heading 57779e0b9 (caption 14/16, 14/18, 16/22 as the ash token; heading inset 24 at 375), caption on the named Paragraph 1 tokens 3dc5cfaf3. Oracles: paymentMethodPicker.figma.test.tsx (23 cases; old code 18 of the first 21 red; mutations P1-P5, FP1-FP4), planSummary.figma.test.tsx (+16; old code 15 red; mutations S1-S4), checkoutColumn.figma.test.ts (+3 and one re-pointed; mutations C1-C2, FC1-FC3). LEFT, ruled: Send tokens tab disabled (verify-crypto-payment answers 410; ruling no verify step 2026-05-26); roster sUSD/USDC/ETH/BTC, not the frame's USDC/ETH/SKAI (bridge-as-source-tokens 2026-05-26); fee row $0.00 / Sponsored, not Slow / 0.0012 USDC (ruling 2026-09-05, row 84d6ff6f). LEFT, missing token: the summary's 1440 drop shadow 0/10/80 at 25%. LEFT, the 44px touch floor (src/index.css, not editable): at 375 the method toggle renders 44 tall against the frame's 36, and touch devices force a 16px input type.
13008-126358	partial	-	wave 71 lane P035, 2026-09-24..26: READ LIVE 2026-09-25 w71 P035 use_figma p035-call2-mug8nd4o (1440 heading 13008:113484, body 13008:113489) + p035-call3-mug8pvqf (768 bento 13008:125758, 375 bento 13008:126368) + p035-call4-mug8tg3c (totals 13008:125839 / 13008:126451 with divider vectors). BUILT: payment card 2397a3121 (corners 12/12/24, padding 16-8-24-8 / 12 / 16, gaps 16/24/32, no stroke, shadow at 1440 only; label row inset 12 at 375; the Small/Medium/Large search input 48/50/62; rows with a 32 icon on an 8 gutter and a filling icon group at 375; symbol/address/balance ramps; Large/Small tag with the App/Green 300 fill and Sky Blue outline; amount in Ash; toggle h-9 / 46 at 14/16 and 14/18, drawn 44 below 769 by the touch floor; sUSD prints USD on its row, balance, confirmed field and chosen row, 66937cb30); summary a4b6d745b (no stroke, corners and padding/gap ramps, heading, row and Total ramps, white-14 zero-height rules, Small CTA at 375, Sky Blue fee tag, the dash for an unreadable amount); heading 57779e0b9 (caption 14/16, 14/18, 16/22 as the ash token; heading inset 24 at 375), caption on the named Paragraph 1 tokens 3dc5cfaf3. Oracles: paymentMethodPicker.figma.test.tsx (23 cases; old code 18 of the first 21 red; mutations P1-P5, FP1-FP4), planSummary.figma.test.tsx (+16; old code 15 red; mutations S1-S4), checkoutColumn.figma.test.ts (+3 and one re-pointed; mutations C1-C2, FC1-FC3). LEFT, ruled: Send tokens tab disabled (verify-crypto-payment answers 410; ruling no verify step 2026-05-26); roster sUSD/USDC/ETH/BTC, not the frame's USDC/ETH/SKAI (bridge-as-source-tokens 2026-05-26); fee row $0.00 / Sponsored, not Slow / 0.0012 USDC (ruling 2026-09-05, row 84d6ff6f). LEFT, missing token: the summary's 1440 drop shadow 0/10/80 at 25%. LEFT, the 44px touch floor (src/index.css, not editable): at 375 the method toggle renders 44 tall against the frame's 36, and touch devices force a 16px input type.
13008-113980	partial	-	wave 71 lane P035, 2026-09-24..26: READ LIVE 2026-09-25 w71 P035 use_figma p035-call3-mug8pvqf (13008:113980, complete). BUILT 2397a3121 in the mounted PaymentMethodPicker (the Files line's PaymentMethodScreen is mounted nowhere): picking a token folds the list to 'Select payment token' over the field, with the symbol in Ash and an Edit 16 + 'Change' in App/Green 300 on an 8 gutter, above the chosen row in Green Coal 300 with the filled tag at the far right and no balance column; Change opens the list again; focus follows; picking the marked token confirms without a change. FIX 66937cb30: an sUSD pick reads USD in the field and the chosen row, and the Change control's name opens with its visible text ('USDC Change payment token'). Oracle: the five 'Token selected (13008:113980)' cases, red on the old code and under mutation P3, plus the two sUSD cases. LEFT: this frame's card is corner 16 with a 1px Green Coal 100 stroke, while the step 1 boards (13008:113489 / 125758 / 126368) draw corner 24/12/12 and no stroke; the one card follows the step 1 boards (the frames disagree; product call). The chosen row has no balance, as the frame draws it, so after a USDC, ETH or BTC pick no balance shows until Change is pressed (the insufficient-balance notice is sUSD only, CheckoutPage.tsx); frame-faithful, not confirmed by Casey. Send tokens tab disabled (ruled; verifier 410). Only a 1440 cut exists; 768 and 375 take the step 1 input and row ramps.
13008-113591	partial	-	wave 71 lane P035, 2026-09-24..26: READ LIVE 2026-09-25 w71 P035 use_figma p035-call4-mug8tg3c (step 2 body 13008:113599: Frame 269 680x600 + Frame 342, the summary, identical to step 1). Summary column BUILT a4b6d745b (same component as step 1; see the 13008-113481 row). NOT BUILT, blocked: the QR / treasury send card is the Send tokens path; Casey ruled no verify step (2026-05-26) and verify-crypto-payment answers 410, so /upgrade/checkout renders TxStatusPanel in its place.
13008-125890	partial	-	wave 71 lane P035, 2026-09-24..26: READ LIVE 2026-09-25 w71 P035 use_figma p035-call4-mug8tg3c (step 2 body 13008:113599: Frame 269 680x600 + Frame 342, the summary, identical to step 1). Summary column BUILT a4b6d745b (same component as step 1; see the 13008-113481 row). NOT BUILT, blocked: the QR / treasury send card is the Send tokens path; Casey ruled no verify step (2026-05-26) and verify-crypto-payment answers 410, so /upgrade/checkout renders TxStatusPanel in its place.
13008-126494	partial	-	wave 71 lane P035, 2026-09-24..26: READ LIVE 2026-09-25 w71 P035 use_figma p035-call4-mug8tg3c (step 2 body 13008:113599: Frame 269 680x600 + Frame 342, the summary, identical to step 1). Summary column BUILT a4b6d745b (same component as step 1; see the 13008-113481 row). NOT BUILT, blocked: the QR / treasury send card is the Send tokens path; Casey ruled no verify step (2026-05-26) and verify-crypto-payment answers 410, so /upgrade/checkout renders TxStatusPanel in its place.
13008-113728	partial	-	wave 71 lane P035, 2026-09-24..26: READ LIVE 2026-09-25 w71 P035 use_figma p035-call4-mug8tg3c (step 3 body 13008:113736: Frame 341 680x402 + Frame 340, the summary, identical to step 1). Summary column BUILT a4b6d745b. NOT BUILT, blocked: the tx-hash verify card (ruling no verify step 2026-05-26; verify-crypto-payment 410); TxStatusPanel stands in.
13008-126050	partial	-	wave 71 lane P035, 2026-09-24..26: READ LIVE 2026-09-25 w71 P035 use_figma p035-call4-mug8tg3c (step 3 body 13008:113736: Frame 341 680x402 + Frame 340, the summary, identical to step 1). Summary column BUILT a4b6d745b. NOT BUILT, blocked: the tx-hash verify card (ruling no verify step 2026-05-26; verify-crypto-payment 410); TxStatusPanel stands in.
13008-126656	partial	-	wave 71 lane P035, 2026-09-24..26: READ LIVE 2026-09-25 w71 P035 use_figma p035-call4-mug8tg3c (step 3 body 13008:113736: Frame 341 680x402 + Frame 340, the summary, identical to step 1). Summary column BUILT a4b6d745b. NOT BUILT, blocked: the tx-hash verify card (ruling no verify step 2026-05-26; verify-crypto-payment 410); TxStatusPanel stands in.
13008-114000	partial	-	wave 71 lane P035, 2026-09-24..26: READ LIVE 2026-09-25 w71 P035 use_figma p035-call2-mug8nd4o (13008:114006: the Send tokens form + the summary with a 1px stroke on its top card). Summary BUILT a4b6d745b to the step 1 boards (no stroke; this ALT's stroke disagrees with 13008:113489). NOT BUILT, blocked: the Send tokens form (token dropdown, 'Treasury address (Base)' + COPY, info banner, 'Verify payment' tx-hash field): ruling no verify step 2026-05-26, verifier 410.
13008-112676	partial	-	wave 71 lane P035, 2026-09-24..26: READ LIVE 2026-09-25 w71 P035 use_figma p035-call3-mug8pvqf (768 main 13008:120077, 375 main 13008:123600, depth 3) + p035-call4-mug8tg3c (1440 ALT main 13008:112677; Frame 417 13008:120247 / 13008:123777). Heading, billing toggle position and segments, card column, logo and footer positions agree with UpgradePlanScreen.tsx:190,208,288-346,437,474-495; no edit this wave. LEFT, outside this packet: the header band and billing toggle under the global 44px floor (src/index.css, not editable); the shared MobileBottomNav; Frame 417 + logo are the shared footer (ruling 2026-09-05, row 50ae6650: do not restyle); the 1440 ALT's clipped six-card strip (product call); the 768/375 cuts draw no 'Show all' link and no terms line while the code shows both (question for Casey; kept, else Bronze and Silver are unreachable on a phone). TierCard interiors not re-read (wave 37 read them live 2026-09-08).
13008-120075	partial	-	wave 71 lane P035, 2026-09-24..26: READ LIVE 2026-09-25 w71 P035 use_figma p035-call3-mug8pvqf (768 main 13008:120077, 375 main 13008:123600, depth 3) + p035-call4-mug8tg3c (1440 ALT main 13008:112677; Frame 417 13008:120247 / 13008:123777). Heading, billing toggle position and segments, card column, logo and footer positions agree with UpgradePlanScreen.tsx:190,208,288-346,437,474-495; no edit this wave. LEFT, outside this packet: the header band and billing toggle under the global 44px floor (src/index.css, not editable); the shared MobileBottomNav; Frame 417 + logo are the shared footer (ruling 2026-09-05, row 50ae6650: do not restyle); the 1440 ALT's clipped six-card strip (product call); the 768/375 cuts draw no 'Show all' link and no terms line while the code shows both (question for Casey; kept, else Bronze and Silver are unreachable on a phone). TierCard interiors not re-read (wave 37 read them live 2026-09-08).
13008-123597	partial	-	wave 71 lane P035, 2026-09-24..26: READ LIVE 2026-09-25 w71 P035 use_figma p035-call3-mug8pvqf (768 main 13008:120077, 375 main 13008:123600, depth 3) + p035-call4-mug8tg3c (1440 ALT main 13008:112677; Frame 417 13008:120247 / 13008:123777). Heading, billing toggle position and segments, card column, logo and footer positions agree with UpgradePlanScreen.tsx:190,208,288-346,437,474-495; no edit this wave. LEFT, outside this packet: the header band and billing toggle under the global 44px floor (src/index.css, not editable); the shared MobileBottomNav; Frame 417 + logo are the shared footer (ruling 2026-09-05, row 50ae6650: do not restyle); the 1440 ALT's clipped six-card strip (product call); the 768/375 cuts draw no 'Show all' link and no terms line while the code shows both (question for Casey; kept, else Bronze and Silver are unreachable on a phone). TierCard interiors not re-read (wave 37 read them live 2026-09-08).
13008-114086	deferred	-	wave 71 lane P035, 2026-09-24..26: NOT RE-READ this wave (w71 P035 spent its 4 calls on the checkout boards; this 1440 cut's main was not visited). Carried: wave 37 read the Pro page stops and card ladder live 2026-09-08 and oracled them; the 768 / 375 / 1440-ALT cuts read live 2026-09-25 (13008:120077, 13008:123600, 13008:112677) agree with UpgradePlanScreen, no edit this wave. Residuals as the 13008-112676 row: global 44px floor, shared bottom nav, shared footer (ruled), the 'Show all' + terms question.
13008-112937	deferred	-	wave 71 lane P035, 2026-09-24..26: NOT RE-READ this wave (w71 P035 spent its 4 calls on the checkout boards; this 1440 cut's main was not visited). Carried: wave 37 read the Pro page stops and card ladder live 2026-09-08 and oracled them; the 768 / 375 / 1440-ALT cuts read live 2026-09-25 (13008:120077, 13008:123600, 13008:112677) agree with UpgradePlanScreen, no edit this wave. Residuals as the 13008-112676 row: global 44px floor, shared bottom nav, shared footer (ruled), the 'Show all' + terms question.
# wave 73 (2026-09-27..28), lane P105: live reads and design-store specs.
14113-76027	match	-	wave 73 lane P105, 2026-09-27..28: READ LIVE 2026-09-27 lane P105 (use_figma call2 header+chips 14113:75597 / 14113:75616, call4 body 14113:75655 / 14113:75666). Built f05c57946 + 758528712: Frame 1138 one row H g8, the 422.41 title block flex-1 beside the 277.59 run, top-aligned; back = bare 24 glyph with the title at x=34 (32 box, -m-1, gap-2.5) and the strap under the glyph at x=0; Display settings label Ash 74%; Live pill is toggle + label only (88.59 closes on them, no dot); chips White 8% 117 + 2 + 57, ETH Man 12/16, tag Mulish 12/14 in an 18 outline, figure 16/20; orb 708x450 r12 with DROP 0 10 80 @25, Sky Blue rings o12 at 376 / 308, sphere 242; cards 708x122 on the 130 pitch (tile 100x98 #052D2D r8, name Man-Bold 12/16, time Mulish 12/14, pair 12/16, tags Mulish 12). Pinned AnalysisScreen.header/body.figma tests: 9 of 17 red on HEAD 952da1586, 13 mutations killed. The sphere is the CSS stand-in for the Orb IMG, as on the done 1440 board. FIX 2026-09-28 (6b9332af6): the card tags painted 12/16 at 768 (md:text-xs brings a 16 line), a 20 pill that closed the card at 124 on a 132 pitch; md:leading-[14px] restores the 18 tag and the 122 card. The 768 text column is now summed from the rendered classes against the 98 tile (the build asserted a constant), and boardPx is checked against Tailwind's generated CSS.
14113-76606	match	-	wave 73 lane P105, 2026-09-27..28: READ LIVE 2026-09-27 (call2 Right menu 14113:76930, call3 row 14113:76943, call4 footer 14113:76975). The screen under the drawer is 14113:75596, the 768 Analysis column (row above). Drawer built d9585a147: 442 cap with the 8 inset, p20 r12, title Man 18/22, blurb and row labels 12/16 (blurb Gray 100), list g12, rows g16, footer 197x50 CTAs at py16 r12 with a 14/18 label and a 10 glyph gap, Save Sky Blue. Blur stays CSS 20 (Figma 40 on all three boards). Pinned displaySettingsPanel.figma.test.tsx: 7 red on HEAD, 5 mutations killed. FIX 2026-09-28 (6b9332af6): the card tags painted 12/16 at 768 (md:text-xs brings a 16 line), a 20 pill that closed the card at 124 on a 132 pitch; md:leading-[14px] restores the 18 tag and the 122 card. The 768 text column is now summed from the rendered classes against the 98 tile (the build asserted a constant), and boardPx is checked against Tailwind's generated CSS.
14179-157892	partial	-	wave 73 lane P105, 2026-09-27..28: READ LIVE 2026-09-27 (call2 screen 14179:157893, call3 drawer 14179:158206, call4 footer 14179:158249 and card 14179:157963). Built: drawer 359x796 p12 r12, title 18/22, blurb and labels 12/14, footer 163.5x44 at py14 r12 with a 14/16 label and a 12 glyph gap (d9585a147); header on one row (158.41 + 176.59, the strap wrapping in 158); chips 172 (ETH Man 12/14, figure Mulish 14/16); orb 343 square r12 with rings 290 / 238 and a 186 sphere; card 343x132 centred, tile 100 #052D2D, name Man-Bold 12/14, time and memo Mulish 12/14 Ash, neutral verdict Ash, tags Mulish 10/14 on a full-Ash edge (f05c57946). LEFT: the column opens 16 under the 48 header (14179:157893 at y=64), but the shared AI-home container pays py-8 (32) and aiHomeContainer.test.ts pins it for seven screens, so it is not this packet's to step.
14094-69692	partial	-	wave 73 lane P105, 2026-09-27..28: READ LIVE 2026-09-27 (call2 14094:69692 and 14094:70342; the label half is the base 768 card 14094:58052, call4). The label half now matches 14094:58052 (3995d8df4): title Man 14/18.05, tier word Mulish 14/16, DROP 0 1 4 @75 on both panes. LEFT: the preview pane is a fabricated 0.59-scale ETH/USDT ticker (14094:70342 bakes $3,977.34 (1.40%)), kept as the claim-free wash per the hub docblock; the highlighted first-card state (a 2px Sky Blue top edge and a Sky Blue tile) is not built; the tier word is SCREEN_TIERS (RULED 2026-09-14). FIX 2026-09-28 (6b9332af6): the label title painted Man 14/20 at 768 (md:text-sm brings a 20 line); md:leading-[18px] makes it the frame's 14/18.
14178-155931	partial	-	wave 73 lane P105, 2026-09-27..28: READ LIVE 2026-09-27 (call2 14178:155931). A 168x142 card: a 168x70 r12 preview with the chart silhouette, a glow and a scaled mini ticker, over the base 375 label card. Built 3995d8df4: both panes carry DROP 0 1 4 @75, radii by token (12). LEFT: the preview is a fabricated widget, kept as the claim-free wash; the tier word is ruled (SCREEN_TIERS).
13449-191068	partial	-	wave 73 lane P105, 2026-09-27..28: READ LIVE 2026-09-27 (call3 13449:191068 main 13458:191839, call4 field 13458:191850 and footer 13458:193413). Built 3995d8df4: the search field is input/primary-inputs, r16 on Green Coal 300 in a Green Coal 100 hairline, pad 14/20, placeholder Man 16/22 (738x50); Models sits in its 36 row (13458:191862) with the grid 16 under the row; DROP 0 1 4 @75 on both card panes; the site footer Frame 642 is mounted 1260 wide, its logo 128 under the grid and 32 above the end of main (SiteFooter hidden lg:block). The arrow pair on the Models row is opacity 0 and is correctly not built. LEFT: the preview panes (fabricated mini-widgets; the claim-free wash stands); the 1440 label-pane internals were not re-read this lane; the tier words are ruled. FIX 2026-09-28 (6b9332af6): the footer nav takes Accents/Gray 100 #E0E0E0 (neutralColors.gray[100]) as Frame 417 13458:193413 draws it (Man 14/18); it painted white.
14094-56626	partial	-	wave 73 lane P105, 2026-09-27..28: READ LIVE 2026-09-27 (call3 14094:56626, call4 label 14094:58052). Built 3995d8df4: field 708x46 r16 on Green Coal 300, pad 14/16, placeholder Man 14/18; the Models row is 36 (14094:57289, Models at y=7) and the grid opens at 52; the label is 350x80 p16 with a 48 r8 tile, title Man 14/18.05 in Gray 100, tier word Mulish 14/16 Ash, and both panes carry DROP 0 1 4 @75. The hero already matched (32/40, 14/18 at 400). LEFT: the fabricated preview panes (claim-free wash); the first card's highlighted state (2px Sky Blue top edge, Sky Blue tile) is not built; the tier words are ruled. FIX 2026-09-28 (6b9332af6): the label title painted Man 14/20 at 768 (md:text-sm brings a 20 line); md:leading-[18px] makes it the frame's 14/18.
14178-151580	partial	-	wave 73 lane P105, 2026-09-27..28: READ LIVE 2026-09-27 (call3 14178:151580; its hero = 14316:248330, field 343x44 p14/16 r16 on Green Coal 300, placeholder Man 14/16). Built 3995d8df4: the field radius, fill, pad and placeholder ramp, the 36 Models row, the card shadows. The grid (2 x 168 / 167.5 on 8, three rows) and the 16 top inset (the hub container's own pt-4) already matched. LEFT: the fabricated preview panes (claim-free wash); the tier words are ruled; the 375 label title and tier word were not re-read and are kept as shipped.
13458-193331	partial	-	wave 73 lane P105, 2026-09-27..28: READ LIVE 2026-09-27 (call3 13458:193331). The hero, Models row and grid are the base board's (13458:191841 / 13458:191862), and it has the same footer Frame 642 13458:193413, which the hub now mounts at 1440 (3995d8df4). The previews are flat screenshots of whole screens with baked numbers ($112,076.07, a headline) at a 0.298 scale: art rather than a spec, and a fabrication if transcribed. Everything buildable is covered by the base row 13449-191068. FIX 2026-09-28 (6b9332af6): the footer nav takes Accents/Gray 100 #E0E0E0 (neutralColors.gray[100]) as Frame 417 13458:193413 draws it (Man 14/18); it painted white.
14094-63614	partial	-	wave 73 lane P105, 2026-09-27..28: READ LIVE 2026-09-27 (call3 14094:63614). The hero is 14094:57280 (the base 768), Models is 140x36 with the opacity-0 arrow pair, and the label panes are 350x80 p16 with a 318x48 row, all as the base. The previews are image 1 IMG screenshots (14094:67341, 411.51x257.19) with fabricated figures. The buildable parts are the base row 14094-56626 (built 3995d8df4).
14178-152219	partial	-	wave 73 lane P105, 2026-09-27..28: READ LIVE 2026-09-27 (call3 14178:152219). The hero is 14316:248330, the grid 2 columns of 168 on 8 (agreeing with the base, not ALT 2), the label cards 167.5x70 p12 with DROP 0 1 4 @75. The previews are image 1 screenshots (14178:152244). The buildable parts are the base row 14178-151580 (built 3995d8df4).
14316-248325	partial	-	wave 73 lane P105, 2026-09-27..28: READ LIVE 2026-09-27 (call3 14316:248325). ONE column: row 14316:255762 is V g8 of 343x209 cards (a 135 preview plus a scaled screen fragment). The base 14178:151580 and the ALT 14178:152219 both draw two 168 columns, and 768 and 1440 agree with them; the code keeps two. The header CTAs once cited as ALT-2-only are the opacity-0 arrow pair every board carries (14094:57294), so that half of the old conflict is gone. BLOCKED ON A RULING: which 375 grid governs. The field, Models row and shadows are built with the base (3995d8df4).
13428-178117	match	-	wave 73 lane P105, 2026-09-27..28: READ LIVE 2026-09-27 (call1 13428:178117 > Frame 228 13428:178118). Built e2bd3a008: the Share CTA is a @skai/ui DropdownMenu trigger; the content is 250 wide, V p8 r12 on Green Coal 200 (bg-card) in a 1px Green Coal 100 hairline with shadow-inputHint (0 4 12 @24); one row, r4 on Green Coal 100, pad 6/8, gap 8: a 16 Copy glyph and Copy this link in Man 14/18 white (row 30, panel 46). Choosing it writes the page URL to the clipboard and toasts the result. Pinned in NewsScreen.header.figma (opens the menu; widths, inset, radii, row box, glyph, the clipboard call), red on HEAD; mutations N2 and N3 killed. FIX 2026-09-28 (6b9332af6): the hairline is an inside stroke (Frame 228 at 8,8 counting it); the CSS border set the row at 9 and closed the panel 2 taller (44 / 46 / 48). It is now an inset ring on border-0, so the row sits at 8 and the panel closes 42 / 44 / 46, measured from the classes in NewsScreen.header.figma.
14106-72540	match	-	wave 73 lane P105, 2026-09-27..28: READ LIVE 2026-09-27 (call1 14106:72540). Built e2bd3a008: md:w-[200px] on the same p8 r12 panel; the row label is Man 12/16 (row 28, panel 44) with the 16 Copy glyph at 8,6. Same test as 13428-178117. FIX 2026-09-28 (6b9332af6): the hairline is an inside stroke (Frame 228 at 8,8 counting it); the CSS border set the row at 9 and closed the panel 2 taller (44 / 46 / 48). It is now an inset ring on border-0, so the row sits at 8 and the panel closes 42 / 44 / 46, measured from the classes in NewsScreen.header.figma.
14178-156951	match	-	wave 73 lane P105, 2026-09-27..28: READ LIVE 2026-09-27 (call1 14178:156951). Built e2bd3a008: w-[180px]; the row label is Man 12/14 (row 26, panel 42), and the Copy glyph is hidden at 375 (14178:156953 visible=false), built as hidden md:block. The menu replaces navigator.share at every width, because the frames draw it at 375 too. Same test. FIX 2026-09-28 (6b9332af6): the hairline is an inside stroke (Frame 228 at 8,8 counting it); the CSS border set the row at 9 and closed the panel 2 taller (44 / 46 / 48). It is now an inset ring on border-0, so the row sits at 8 and the panel closes 42 / 44 / 46, measured from the classes in NewsScreen.header.figma.
13421-173033	partial	-	wave 73 lane P105, 2026-09-27..28: READ LIVE 2026-09-27 (call2 filter row 13421:173048; the rest of the board from wave55's live read). Built e2bd3a008: the chip count Tag is hidden (13421:173053 visible=false, the All box 31 = 8 + 15 + 8), so no count renders; Show more reports is Mulish (16/16 at 1440, 40 under the column); the 448 rail beside a 680 feed is now a lg grid with one DOM copy of each card. LEFT, no source: the Altcoin season gauge, the 3-avatar N sources cluster (one source per item), Gas fees. FIX 2026-09-28 (6b9332af6): the build regressed two 1440 line boxes it had shipped right: Show more painted 16/24 (lg:text-base brings a 24 line) and the sentiment tag 11/16; both are 16/16 and 11/14 again (lg:leading-4, md:leading-[14px] carried up).
13425-174581	partial	-	wave 73 lane P105, 2026-09-27..28: Not opened itself this lane; its feed twin 13421-173033's filter row was re-read live 2026-09-27 (call2 13421:173048). The same two fixes (count tags removed, Show more in Mulish) are in e2bd3a008, and the 1440 layout is held. LEFT, no source: Altcoin season, N sources, Gas fees. FIX 2026-09-28 (6b9332af6): the build regressed two 1440 line boxes it had shipped right: Show more painted 16/24 (lg:text-base brings a 24 line) and the sentiment tag 11/16; both are 16/16 and 11/14 again (lg:leading-4, md:leading-[14px] carried up).
14106-70649	partial	-	wave 73 lane P105, 2026-09-27..28: READ LIVE 2026-09-27 (call1 14106:70649, call2 14106:71132, call4 14106:71135 / 14106:71422 / 14106:71492 and 14178:140381). Built e2bd3a008: no side rail at 768 (the gauges between the header and the filters, 32 either side; Market outlook and Trending 32 under the feed, g32); the header draws the CTA only (Refresh is 1440-only) and the back is 24 + 10; the placeholder is Ash 74%; the count tags are gone; the prompts are White 8% at 12/16 and scroll their 779 to the screen edge; the lead is 708x170, text 403 beside a 289x170 r8 art on 16, headline 18/22, body 14/18 over two; the pair is 2 x 350 on 8, art 150 r12, body p16 g24 r12, title 14/18; the hairline is 16; the tag Mulish 12/14; Show more Mulish 14/16, 16 under; Market outlook's title is 14/18 over FOUR 171x110 cards (p8 r12 with the drop; pair 12/16 over $price (change) in Mulish 12/14 in the direction's colour; a 50 chart); Trending takes a 346 column. Pinned in the header / magazine / marketOutlook / rail tests (18 red on HEAD), 25 mutations killed. LEFT: the Fear & greed card internals at 768 (350x87 p16/24/16/16, gauge 98x52, text 12/16 and 14/16) and the Trending rows are NewsRail.tsx, out of packet and shared with SentimentScreen; Altcoin season, N sources and the second 346 column (Gas fees) have no source. FIX 2026-09-28 (6b9332af6): the tag painted Mulish 12/16 and Show more 14/20 at 768 (a named size brings its own line); both now paint the frame's 12/14 and 14/16, and the sentiment pill closes at the frame's 18 (50x18 14106:71145; py-px inside the 1px border). LEFT as well: Fear & greed takes column 1 of the 768 pair, where Frame 1000003794 draws Altcoin season at x=0 and Fear & greed at x=358; with no Altcoin season source that card is not drawn, and Fear & greed moves to column 2 in frame order once it exists.
14106-71752	partial	-	wave 73 lane P105, 2026-09-27..28: READ LIVE 2026-09-27 (call1 14106:71752): its column is the full board's (= 14106:71050 / 71060 / 71088 / 71115, the same lead / pair / hairline cadence at 186 / 202 / 481 / 497). The same build and residue as 14106-70649 (e2bd3a008). FIX 2026-09-28 (6b9332af6): the tag painted Mulish 12/16 and Show more 14/20 at 768 (a named size brings its own line); both now paint the frame's 12/14 and 14/16, and the sentiment pill closes at the frame's 18 (50x18 14106:71145; py-px inside the 1px border).
14160-139741	partial	-	wave 73 lane P105, 2026-09-27..28: READ LIVE 2026-09-27 (call1 14160:139741): the column is 14178:141210, identical to the full 375 board. The same build as 14178-141206 (e2bd3a008). LEFT: the shared container top inset (16 under the header against py-8), the NewsRail internals (Fear & greed 343x78 p12, the Trending rows), Altcoin season (no source). FIX 2026-09-28 (6b9332af6): the sentiment pill closes at the frame's 18 (45x18 14178:141337: 2 + 14 + 2 with the stroke inside; py-px inside the 1px border), where it was 20.
14178-141206	partial	-	wave 73 lane P105, 2026-09-27..28: READ LIVE 2026-09-27 (call1 14178:141206, call2 14178:141293 / 14178:141326, call4 14178:141329 / 14178:141499 / 14178:141557). Built e2bd3a008: the gauges stack between the header and the filters (24 either side); the filters are vertical with no count tags; the prompts are 12/14 on White 8%; the lead is 343x286 with the art ON TOP at 343x170 r8, headline 18/22 on one line, body 14/16 over two; the pair is STILL 2 x 167.5 on 8, art 100 r12, body p12 g8 r12, title 14/18, tag Mulish 10/14; the hairline is 16; Show more is Mulish 12/16, 16 under (no-min-size with a 44 ::before); Market outlook is a sideways strip of 150x108 p8 r12 cards with Trending stacked under it; the back is 24 + 10 and the CTA 32 icon-only. The hook-order throw in MarketOutlookSection is fixed (useNavigate now runs before the offline return; introduced e5bd22751). LEFT: the shared container top inset (the column at y=64 under a 48 header = 16, the container py-8 = 32, pinned for seven screens by aiHomeContainer.test.ts); the NewsRail internals (Fear & greed 343x78 p12, the Trending rows) are out of packet; the 375 pair data row was not reached, so the meta row wraps in the 143.5 column rather than overflow; Altcoin season has no source. FIX 2026-09-28 (6b9332af6): the sentiment pill closes at the frame's 18 (45x18 14178:141337: 2 + 14 + 2 with the stroke inside; py-px inside the 1px border), where it was 20.
# wave 73 (2026-09-27..28), lane P124: live reads and design-store specs.
13445-184106	partial	-	wave 73 lane P124, 2026-09-27..28: w73 P124 BUILD app (branch w73/P124: f5f565e65, 2f630356f, 5a67a4837, d95b1a4be, f64292a46). Read live: use_figma 2026-09-27 lane call 2/4 (1440 board, toggle node 13445:184890, CTA read; content column under main, figma-read-2.txt). Built: no back mark, title or blurb (sr-only h1 kept); Frame 186 toggle centred, bg-black p-1 gap-2 rounded-full; pills px-8 py-1 rounded-3xl, no icon, active bg-sky-blue text-green-coal-300, other bg-green-coal-200 text-white, labels AI Master / AI Advisor on font-manrope text-para-1-mobile md:text-para-1-tablet lg:text-para-2; no card round the manager; toggle-to-hero seam mt-10 md:mt-[103px] lg:mt-10 (64 / 127 / 64 with the CardHeader's 24). Pinned by AgentAutomationsScreen.aiMaster.figma.test.tsx (11 cases, 8 mutations A0-A7 all killed). Left, all in src/components/ai/AIAgentManager.tsx (packet P100, off limits here): hero title ramp 32/36-24/28-20/24 (ships a fixed 32), subtitle ramp, tier row fill #052D2D (no token) and its r16/r12 + p16/p12, the 461/343 stack with 80/96/80 rows, the USD/$10.00 tag pair, the CTA.
14123-77342	partial	-	wave 73 lane P124, 2026-09-27..28: w73 P124 BUILD app (branch w73/P124: f5f565e65, 2f630356f, 5a67a4837, d95b1a4be, f64292a46). Read live: use_figma 2026-09-27 lane call 2/4 (768 board; content column under main, figma-read-2.txt); the dump stopped at the cost tag so the 768 CTA went unread. Built: no back mark, title or blurb (sr-only h1 kept); Frame 186 toggle centred, bg-black p-1 gap-2 rounded-full; pills px-8 py-1 rounded-3xl, no icon, active bg-sky-blue text-green-coal-300, other bg-green-coal-200 text-white, labels AI Master / AI Advisor on font-manrope text-para-1-mobile md:text-para-1-tablet lg:text-para-2; no card round the manager; toggle-to-hero seam mt-10 md:mt-[103px] lg:mt-10 (64 / 127 / 64 with the CardHeader's 24). Pinned by AgentAutomationsScreen.aiMaster.figma.test.tsx (11 cases, 8 mutations A0-A7 all killed). Left, all in src/components/ai/AIAgentManager.tsx (packet P100, off limits here): hero title ramp 32/36-24/28-20/24 (ships a fixed 32), subtitle ramp, tier row fill #052D2D (no token) and its r16/r12 + p16/p12, the 461/343 stack with 80/96/80 rows, the USD/$10.00 tag pair, the CTA.
14179-158300	partial	-	wave 73 lane P124, 2026-09-27..28: w73 P124 BUILD app (branch w73/P124: f5f565e65, 2f630356f, 5a67a4837, d95b1a4be, f64292a46). Read live: use_figma 2026-09-27 lane call 2/4 (375 board; content column under main, figma-read-2.txt); the dump stopped at the cost tag so the 375 CTA went unread. Built: no back mark, title or blurb (sr-only h1 kept); Frame 186 toggle centred, bg-black p-1 gap-2 rounded-full; pills px-8 py-1 rounded-3xl, no icon, active bg-sky-blue text-green-coal-300, other bg-green-coal-200 text-white, labels AI Master / AI Advisor on font-manrope text-para-1-mobile md:text-para-1-tablet lg:text-para-2; no card round the manager; toggle-to-hero seam mt-10 md:mt-[103px] lg:mt-10 (64 / 127 / 64 with the CardHeader's 24). Pinned by AgentAutomationsScreen.aiMaster.figma.test.tsx (11 cases, 8 mutations A0-A7 all killed). Left, all in src/components/ai/AIAgentManager.tsx (packet P100, off limits here): hero title ramp 32/36-24/28-20/24 (ships a fixed 32), subtitle ramp, tier row fill #052D2D (no token) and its r16/r12 + p16/p12, the 461/343 stack with 80/96/80 rows, the USD/$10.00 tag pair, the CTA.
13432-179891	partial	-	wave 73 lane P124, 2026-09-27..28: w73 P124 BUILD app (branch w73/P124: f5f565e65, 2f630356f, 5a67a4837, d95b1a4be, f64292a46). Read live: use_figma 2026-09-27 lane call 2/4 (13432:179891 whole state, figma-read-2.txt) plus the same card on 13431:179336 (call 3). Trending topics is a bubble map: six rank slots per board as % of the plot box (648x406 / 676x348 / 319x238, aspect per breakpoint), top six measured topics by 24h mentionCount (placeholders and zero counts dropped), Sky Blue count tag = sum of the drawn counts, subtitle 'Trending topics related to specific tokens.', hub label 'Bitcoin (BTC)' from spotMarkets, hub hover/focus 'View all BTC topics' + link-out, click opens TrendingTopicsModal, the two decorative dots. Pinned by SentimentScreen.bubbles.test.tsx (14). Left: the bubbles' inner shadow (44 / 24) and the hub's hover drop shadow (radius 40) were not read for colour or offset (Figma budget spent), so neither is drawn. Missing tokens used as arbitrary values: SOL #2AAAAB, ETH #967ACF, LINK #4D7CFF, ARB #12AAFF, dot #BA9F33. Live data: the social vendor is offline until LunarCrush is upgraded (rulings 09-23 / 09-24), so production draws the honest offline state.
13431-179336	partial	-	wave 73 lane P124, 2026-09-27..28: w73 P124 BUILD app (branch w73/P124: f5f565e65, 2f630356f, 5a67a4837, d95b1a4be, f64292a46). Read live: use_figma 2026-09-27 lane call 3/4, full content column with all five panels, untruncated (figma-read-3.txt). Built: header row (back inside a gap-2.5 title row, subtitle 8 under it at x=0, items-start gap-2 no wrap, title block min-w-0 flex-1); Panel chrome rounded-xl bg-card p-3 md:p-4 lg:rounded-2xl with no border; PanelTitle on the sub-2 ramp with tag and para-2 subtitle slots, action under the title below md; Social sentiment nav BTC/ETH/SKAI/TRX/Market flat gap-4 with a rounded bg-muted px-2 py-0.5 chip (Manrope below lg, Mulish number-4 at lg), score row on the number-3/para-2/number-4 ramps with trend glyph, track card on bg-background with a from-skai-red via-[#FACA16] to-alien-green bar, ringed white marker, 24% guide and centre tick, two stat cards (border-border bg-card, 90 / 113 min height); Trending as the bubble map; Heat map titled 'Heat map' + 'Token sentiment heat map.', no head refresh (page Refresh refetches it), nine-slot treemap BTC ETH SOL PEPE ADA XLM TRX ICP NEAR (226 row, then h-28 / 185 / 178 with a two-over-three column) on the frame's seven fills; Platform breakdown with no card; offline F&G panel on the same chrome with the Bold title. Pinned by SentimentScreen.chrome/social/bubbles/treemap tests (42 cases, 32 mutations S0-S30 + S20b all killed). Left: (R2, open ruling) the heat-map cells carry the sentiment score, not the frame's price and 24h change, because getTokenSentiment has neither; Platform breakdown's ranked table is blocked-on-backend (platformScores has no per-platform mentions or 24h delta), and the bars stay; 'Likes from mentions' reads the unknown dash (no likes field in AssetSocialSentiment); the bubble shadows went unread; every social panel is offline in production until LunarCrush is upgraded. The 24 between Fear & greed and Platform breakdown is ruled (Sentiment rail level start, casey-rulings-2026-09-10:1200) and is not a gap.
13427-177219	partial	-	wave 73 lane P124, 2026-09-27..28: w73 P124 BUILD app (branch w73/P124: f5f565e65, 2f630356f, 5a67a4837, d95b1a4be, f64292a46). Read live: use_figma 2026-09-27 lane call 3/4, depth 4, confirmed a crop of 13431:179336 (header, Social sentiment, Trending, rail) (figma-read-3.txt). Built: header row (back inside a gap-2.5 title row, subtitle 8 under it at x=0, items-start gap-2 no wrap, title block min-w-0 flex-1); Panel chrome rounded-xl bg-card p-3 md:p-4 lg:rounded-2xl with no border; PanelTitle on the sub-2 ramp with tag and para-2 subtitle slots, action under the title below md; Social sentiment nav BTC/ETH/SKAI/TRX/Market flat gap-4 with a rounded bg-muted px-2 py-0.5 chip (Manrope below lg, Mulish number-4 at lg), score row on the number-3/para-2/number-4 ramps with trend glyph, track card on bg-background with a from-skai-red via-[#FACA16] to-alien-green bar, ringed white marker, 24% guide and centre tick, two stat cards (border-border bg-card, 90 / 113 min height); Trending as the bubble map; Heat map titled 'Heat map' + 'Token sentiment heat map.', no head refresh (page Refresh refetches it), nine-slot treemap BTC ETH SOL PEPE ADA XLM TRX ICP NEAR (226 row, then h-28 / 185 / 178 with a two-over-three column) on the frame's seven fills; Platform breakdown with no card; offline F&G panel on the same chrome with the Bold title. Pinned by SentimentScreen.chrome/social/bubbles/treemap tests (42 cases, 32 mutations S0-S30 + S20b all killed). Left: (R2, open ruling) the heat-map cells carry the sentiment score, not the frame's price and 24h change, because getTokenSentiment has neither; Platform breakdown's ranked table is blocked-on-backend (platformScores has no per-platform mentions or 24h delta), and the bars stay; 'Likes from mentions' reads the unknown dash (no likes field in AssetSocialSentiment); the bubble shadows went unread; every social panel is offline in production until LunarCrush is upgraded. The heat map sits below this crop's cut.
14113-74132	partial	-	wave 73 lane P124, 2026-09-27..28: w73 P124 BUILD app (branch w73/P124: f5f565e65, 2f630356f, 5a67a4837, d95b1a4be, f64292a46). Read live: use_figma 2026-09-27 lane call 4/4, full content (768 ramps, bubble geometry, treemap rows); only Platform breakdown's rows were truncated (figma-read-4.txt). Built: header row (back inside a gap-2.5 title row, subtitle 8 under it at x=0, items-start gap-2 no wrap, title block min-w-0 flex-1); Panel chrome rounded-xl bg-card p-3 md:p-4 lg:rounded-2xl with no border; PanelTitle on the sub-2 ramp with tag and para-2 subtitle slots, action under the title below md; Social sentiment nav BTC/ETH/SKAI/TRX/Market flat gap-4 with a rounded bg-muted px-2 py-0.5 chip (Manrope below lg, Mulish number-4 at lg), score row on the number-3/para-2/number-4 ramps with trend glyph, track card on bg-background with a from-skai-red via-[#FACA16] to-alien-green bar, ringed white marker, 24% guide and centre tick, two stat cards (border-border bg-card, 90 / 113 min height); Trending as the bubble map; Heat map titled 'Heat map' + 'Token sentiment heat map.', no head refresh (page Refresh refetches it), nine-slot treemap BTC ETH SOL PEPE ADA XLM TRX ICP NEAR (226 row, then h-28 / 185 / 178 with a two-over-three column) on the frame's seven fills; Platform breakdown with no card; offline F&G panel on the same chrome with the Bold title. Pinned by SentimentScreen.chrome/social/bubbles/treemap tests (42 cases, 32 mutations S0-S30 + S20b all killed). Left: (R2, open ruling) the heat-map cells carry the sentiment score, not the frame's price and 24h change, because getTokenSentiment has neither; Platform breakdown's ranked table is blocked-on-backend (platformScores has no per-platform mentions or 24h delta), and the bars stay; 'Likes from mentions' reads the unknown dash (no likes field in AssetSocialSentiment); the bubble shadows went unread; every social panel is offline in production until LunarCrush is upgraded. The live Fear & greed card is FearGreedCard in src/components/home-redesign/screens/NewsRail.tsx (no wave-73 packet owns it): its 768 ramps (value 16/20, Bold 14/18 title, 14/16 change line, r12) are unbuilt there.
14113-73205	partial	-	wave 73 lane P124, 2026-09-27..28: w73 P124 BUILD app (branch w73/P124: f5f565e65, 2f630356f, 5a67a4837, d95b1a4be, f64292a46). Read live: use_figma 2026-09-27 lane call 4/4, shallow, confirmed a crop of 14113:74132 (same 708 column, header, F&G at y=86) (figma-read-4.txt). Built: header row (back inside a gap-2.5 title row, subtitle 8 under it at x=0, items-start gap-2 no wrap, title block min-w-0 flex-1); Panel chrome rounded-xl bg-card p-3 md:p-4 lg:rounded-2xl with no border; PanelTitle on the sub-2 ramp with tag and para-2 subtitle slots, action under the title below md; Social sentiment nav BTC/ETH/SKAI/TRX/Market flat gap-4 with a rounded bg-muted px-2 py-0.5 chip (Manrope below lg, Mulish number-4 at lg), score row on the number-3/para-2/number-4 ramps with trend glyph, track card on bg-background with a from-skai-red via-[#FACA16] to-alien-green bar, ringed white marker, 24% guide and centre tick, two stat cards (border-border bg-card, 90 / 113 min height); Trending as the bubble map; Heat map titled 'Heat map' + 'Token sentiment heat map.', no head refresh (page Refresh refetches it), nine-slot treemap BTC ETH SOL PEPE ADA XLM TRX ICP NEAR (226 row, then h-28 / 185 / 178 with a two-over-three column) on the frame's seven fills; Platform breakdown with no card; offline F&G panel on the same chrome with the Bold title. Pinned by SentimentScreen.chrome/social/bubbles/treemap tests (42 cases, 32 mutations S0-S30 + S20b all killed). Left: (R2, open ruling) the heat-map cells carry the sentiment score, not the frame's price and 24h change, because getTokenSentiment has neither; Platform breakdown's ranked table is blocked-on-backend (platformScores has no per-platform mentions or 24h delta), and the bars stay; 'Likes from mentions' reads the unknown dash (no likes field in AssetSocialSentiment); the bubble shadows went unread; every social panel is offline in production until LunarCrush is upgraded. The live Fear & greed card is FearGreedCard in src/components/home-redesign/screens/NewsRail.tsx (no wave-73 packet owns it): its 768 ramps (value 16/20, Bold 14/18 title, 14/16 change line, r12) are unbuilt there.
14178-142300	partial	-	wave 73 lane P124, 2026-09-27..28: w73 P124 BUILD app (branch w73/P124: f5f565e65, 2f630356f, 5a67a4837, d95b1a4be, f64292a46). Read live: use_figma 2026-09-27 lane call 4/4, full content (375 ramps, nav under the title, bubble geometry, treemap rows); only Platform breakdown's rows were truncated (figma-read-4.txt). Built: header row (back inside a gap-2.5 title row, subtitle 8 under it at x=0, items-start gap-2 no wrap, title block min-w-0 flex-1); Panel chrome rounded-xl bg-card p-3 md:p-4 lg:rounded-2xl with no border; PanelTitle on the sub-2 ramp with tag and para-2 subtitle slots, action under the title below md; Social sentiment nav BTC/ETH/SKAI/TRX/Market flat gap-4 with a rounded bg-muted px-2 py-0.5 chip (Manrope below lg, Mulish number-4 at lg), score row on the number-3/para-2/number-4 ramps with trend glyph, track card on bg-background with a from-skai-red via-[#FACA16] to-alien-green bar, ringed white marker, 24% guide and centre tick, two stat cards (border-border bg-card, 90 / 113 min height); Trending as the bubble map; Heat map titled 'Heat map' + 'Token sentiment heat map.', no head refresh (page Refresh refetches it), nine-slot treemap BTC ETH SOL PEPE ADA XLM TRX ICP NEAR (226 row, then h-28 / 185 / 178 with a two-over-three column) on the frame's seven fills; Platform breakdown with no card; offline F&G panel on the same chrome with the Bold title. Pinned by SentimentScreen.chrome/social/bubbles/treemap tests (42 cases, 32 mutations S0-S30 + S20b all killed). Left: (R2, open ruling) the heat-map cells carry the sentiment score, not the frame's price and 24h change, because getTokenSentiment has neither; Platform breakdown's ranked table is blocked-on-backend (platformScores has no per-platform mentions or 24h delta), and the bars stay; 'Likes from mentions' reads the unknown dash (no likes field in AssetSocialSentiment); the bubble shadows went unread; every social panel is offline in production until LunarCrush is upgraded. The live Fear & greed card is FearGreedCard in src/components/home-redesign/screens/NewsRail.tsx (no wave-73 packet owns it): its 375 ramps (value 14/16, Bold 14/18 title, 12/14 change line, p12 r12) are unbuilt there. The frame's 87-wide label blocks overflow the 51.5 and 33.7 cells (a frame defect at the smallest treemap cells), so those labels truncate.
14178-142962	partial	-	wave 73 lane P124, 2026-09-27..28: w73 P124 BUILD app (branch w73/P124: f5f565e65, 2f630356f, 5a67a4837, d95b1a4be, f64292a46). Read live: use_figma 2026-09-27 lane call 4/4, shallow, confirmed a crop of 14178:142300 (same 343 column, header, F&G at y=88) (figma-read-4.txt). Built: header row (back inside a gap-2.5 title row, subtitle 8 under it at x=0, items-start gap-2 no wrap, title block min-w-0 flex-1); Panel chrome rounded-xl bg-card p-3 md:p-4 lg:rounded-2xl with no border; PanelTitle on the sub-2 ramp with tag and para-2 subtitle slots, action under the title below md; Social sentiment nav BTC/ETH/SKAI/TRX/Market flat gap-4 with a rounded bg-muted px-2 py-0.5 chip (Manrope below lg, Mulish number-4 at lg), score row on the number-3/para-2/number-4 ramps with trend glyph, track card on bg-background with a from-skai-red via-[#FACA16] to-alien-green bar, ringed white marker, 24% guide and centre tick, two stat cards (border-border bg-card, 90 / 113 min height); Trending as the bubble map; Heat map titled 'Heat map' + 'Token sentiment heat map.', no head refresh (page Refresh refetches it), nine-slot treemap BTC ETH SOL PEPE ADA XLM TRX ICP NEAR (226 row, then h-28 / 185 / 178 with a two-over-three column) on the frame's seven fills; Platform breakdown with no card; offline F&G panel on the same chrome with the Bold title. Pinned by SentimentScreen.chrome/social/bubbles/treemap tests (42 cases, 32 mutations S0-S30 + S20b all killed). Left: (R2, open ruling) the heat-map cells carry the sentiment score, not the frame's price and 24h change, because getTokenSentiment has neither; Platform breakdown's ranked table is blocked-on-backend (platformScores has no per-platform mentions or 24h delta), and the bars stay; 'Likes from mentions' reads the unknown dash (no likes field in AssetSocialSentiment); the bubble shadows went unread; every social panel is offline in production until LunarCrush is upgraded. The live Fear & greed card is FearGreedCard in src/components/home-redesign/screens/NewsRail.tsx (no wave-73 packet owns it): its 375 ramps (value 14/16, Bold 14/18 title, 12/14 change line, p12 r12) are unbuilt there. The frame's 87-wide label blocks overflow the 51.5 and 33.7 cells (a frame defect at the smallest treemap cells), so those labels truncate.
# wave 74 (2026-09-28..29), lane P026: live reads and design-store specs.
13008-125017	partial	-	wave 74 lane P026, 2026-09-28..29: wave 74 lane P026, 2026-09-28 (was partial): READ LIVE call 1 (CTA 13008:125031: a 16 slot round a 14x14 plus at (1,1), label 'Add X handle' Manrope 14/16). Built 225dda686: the header plus sits in its 16 slot on every board (X21, mutation killed), which was this fragment's open item. LEFT: X22, the fragment's header CTA reads 'Add X handle' where the code's header CTA says 'Add handle' on every board; the placed Home 2 375 board's CTA was not read (13008:124976, read in call 4, is the My-list pill). Needs Casey or a later read.
# wave 74 (2026-09-28..29), lane P033: live reads and design-store specs.
13008-113481	match	-	wave 74 lane P033, 2026-09-28..29: HEADER (C3, 6fc890abe): back chevron 18 / gap 8 at 375 and 768, 24 / gap 10 at 1440, glyph on x=0, h1 at 26 / 26 / 34; below lg the button keeps the 44 floor as its hit box with -13 margins so the heading block closes on 48 / 54 / 66 (was 68 / 70 under the floor, and glyph x=-4, h1 x=30 at 1440); read live 13008:126497 / 126021 / 113594 / 113731 / 126123 / 126659 / 125861 / 126361 (use_figma p033-call1-mukyq4py, p033-call2-mukyvfuf), measured in Chromium on the compiled index.css (lanes/P033/headerprobe.cjs), oracle src/pages/upgrade/checkoutHeader.figma.test.ts (6 cases, old code red, mutations C0-C3). FIX de931d2b2: below lg that 44 box hangs off the glyph 18 left / 15 above / 8 right / 11 below, so it stops at the h1's edge and the caption's top (centred it covered the h1's first 5px and 2px of the caption: Chromium, lanes/P033/headerprobe2.cjs) and its focus ring is inset; glyph, h1 and block unchanged (oracle +2 cases, mutations H0-H4). SUMMARY 1440 SHADOW (S15, d0644ec75): both summary cards draw 0/10/80 black at 25% at lg only, the value the bottom card carries on 13008:113707 / 113782 (read live, calls 1-3) and the top card by wave 71; none on the 768 / 375 cards 13008:126101 / 125999 / 126715 / 126613; written as the value until shadow-modal holds it (X3); oracle planSummary.figma.test.tsx 'the 1440 drop shadow' (mutations S15a-c). Wave 71 built the payment card, summary and caption (read live 2026-09-25, p035-call2/3/4); the board draws My wallet selected and Send tokens as a live option. Every element is built at 1440; the one difference on prod is the Send tokens tab, shut with a reason line until the verifier is deployed. The Send tokens path opens only when verify-plan-payment says it is available; it answered 404 on prod 2026-09-27 and Casey's live sequence deploys it from 2026-09-29T22:19Z, so on prod today the tab shows shut with the server's reason (built and tested with availability mocked, 6477b9d13). Ruled, not gaps: roster sUSD/USDC/ETH/BTC (2026-05-26), fee row $0.00 Sponsored (2026-09-05, 84d6ff6f), sUSD reads USD.
13008-125755	partial	-	wave 74 lane P033, 2026-09-28..29: HEADER (C3, 6fc890abe): back chevron 18 / gap 8 at 375 and 768, 24 / gap 10 at 1440, glyph on x=0, h1 at 26 / 26 / 34; below lg the button keeps the 44 floor as its hit box with -13 margins so the heading block closes on 48 / 54 / 66 (was 68 / 70 under the floor, and glyph x=-4, h1 x=30 at 1440); read live 13008:126497 / 126021 / 113594 / 113731 / 126123 / 126659 / 125861 / 126361 (use_figma p033-call1-mukyq4py, p033-call2-mukyvfuf), measured in Chromium on the compiled index.css (lanes/P033/headerprobe.cjs), oracle src/pages/upgrade/checkoutHeader.figma.test.ts (6 cases, old code red, mutations C0-C3). FIX de931d2b2: below lg that 44 box hangs off the glyph 18 left / 15 above / 8 right / 11 below, so it stops at the h1's edge and the caption's top (centred it covered the h1's first 5px and 2px of the caption: Chromium, lanes/P033/headerprobe2.cjs) and its focus ring is inset; glyph, h1 and block unchanged (oracle +2 cases, mutations H0-H4). Wave 71 built the 768 card and summary (2026-09-25). LEFT: the search field's text is forced to 16px on touch devices (index.css pointer: coarse, global, not editable); the Send tokens tab is shut on prod until the verifier is deployed. The Send tokens path opens only when verify-plan-payment says it is available; it answered 404 on prod 2026-09-27 and Casey's live sequence deploys it from 2026-09-29T22:19Z, so on prod today the tab shows shut with the server's reason (built and tested with availability mocked, 6477b9d13). Ruled, not gaps: roster sUSD/USDC/ETH/BTC (2026-05-26), fee row $0.00 Sponsored (2026-09-05, 84d6ff6f), sUSD reads USD.
13008-126358	partial	-	wave 74 lane P033, 2026-09-28..29: HEADER (C3, 6fc890abe): back chevron 18 / gap 8 at 375 and 768, 24 / gap 10 at 1440, glyph on x=0, h1 at 26 / 26 / 34; below lg the button keeps the 44 floor as its hit box with -13 margins so the heading block closes on 48 / 54 / 66 (was 68 / 70 under the floor, and glyph x=-4, h1 x=30 at 1440); read live 13008:126497 / 126021 / 113594 / 113731 / 126123 / 126659 / 125861 / 126361 (use_figma p033-call1-mukyq4py, p033-call2-mukyvfuf), measured in Chromium on the compiled index.css (lanes/P033/headerprobe.cjs), oracle src/pages/upgrade/checkoutHeader.figma.test.ts (6 cases, old code red, mutations C0-C3). FIX de931d2b2: below lg that 44 box hangs off the glyph 18 left / 15 above / 8 right / 11 below, so it stops at the h1's edge and the caption's top (centred it covered the h1's first 5px and 2px of the caption: Chromium, lanes/P033/headerprobe2.cjs) and its focus ring is inset; glyph, h1 and block unchanged (oracle +2 cases, mutations H0-H4). Wave 71 built the 375 card and summary (2026-09-25). LEFT, global and not editable: the method toggle renders 44 tall under the touch floor against the frame's 36, and the search field's text is 16px on touch devices; the Send tokens tab is shut on prod until the verifier is deployed. The Send tokens path opens only when verify-plan-payment says it is available; it answered 404 on prod 2026-09-27 and Casey's live sequence deploys it from 2026-09-29T22:19Z, so on prod today the tab shows shut with the server's reason (built and tested with availability mocked, 6477b9d13). Ruled, not gaps: roster sUSD/USDC/ETH/BTC (2026-05-26), fee row $0.00 Sponsored (2026-09-05, 84d6ff6f), sUSD reads USD.
13008-113591	match	-	wave 74 lane P033, 2026-09-28..29: Step 2 card read live 13008:113600 (use_figma p033-call1-mukyq4py): 680x600 p16/16/32/16 r24 + 0/10/80 shadow, banner, chips, QR 266/250/224, address, buttons; SendTokensPanel.tsx matches every number (wave 23's measured ladder; oracle sendTokens.figma.test.tsx). Content follows the send-tokens rulings (2026-09-26 build as designed; 2026-09-27 payer is the account's own wallet, sUSD on SKAI Chain reads USD, USDC on Base shut). Summary CTA 'Yes, I have made payment' Large Primary (13008:113707). SUMMARY 1440 SHADOW (S15, d0644ec75): both summary cards draw 0/10/80 black at 25% at lg only, the value the bottom card carries on 13008:113707 / 113782 (read live, calls 1-3) and the top card by wave 71; none on the 768 / 375 cards 13008:126101 / 125999 / 126715 / 126613; written as the value until shadow-modal holds it (X3); oracle planSummary.figma.test.tsx 'the 1440 drop shadow' (mutations S15a-c). HEADER (C3, 6fc890abe): back chevron 18 / gap 8 at 375 and 768, 24 / gap 10 at 1440, glyph on x=0, h1 at 26 / 26 / 34; below lg the button keeps the 44 floor as its hit box with -13 margins so the heading block closes on 48 / 54 / 66 (was 68 / 70 under the floor, and glyph x=-4, h1 x=30 at 1440); read live 13008:126497 / 126021 / 113594 / 113731 / 126123 / 126659 / 125861 / 126361 (use_figma p033-call1-mukyq4py, p033-call2-mukyvfuf), measured in Chromium on the compiled index.css (lanes/P033/headerprobe.cjs), oracle src/pages/upgrade/checkoutHeader.figma.test.ts (6 cases, old code red, mutations C0-C3). FIX de931d2b2: below lg that 44 box hangs off the glyph 18 left / 15 above / 8 right / 11 below, so it stops at the h1's edge and the caption's top (centred it covered the h1's first 5px and 2px of the caption: Chromium, lanes/P033/headerprobe2.cjs) and its focus ring is inset; glyph, h1 and block unchanged (oracle +2 cases, mutations H0-H4). The Send tokens path opens only when verify-plan-payment says it is available; it answered 404 on prod 2026-09-27 and Casey's live sequence deploys it from 2026-09-29T22:19Z, so on prod today the tab shows shut with the server's reason (built and tested with availability mocked, 6477b9d13).
13008-125890	match	-	wave 74 lane P033, 2026-09-28..29: Step 2 card read live 13008:125895 (call 1): 708x566 p12/12/40/12 r12, no shadow, banner 684x62, QR, address r12 14/16, buttons 218x50; SendTokensPanel.tsx matches (sendTokens.figma.test.tsx). Summary bottom card 13008:125999 Medium Primary, no shadow. HEADER (C3, 6fc890abe): back chevron 18 / gap 8 at 375 and 768, 24 / gap 10 at 1440, glyph on x=0, h1 at 26 / 26 / 34; below lg the button keeps the 44 floor as its hit box with -13 margins so the heading block closes on 48 / 54 / 66 (was 68 / 70 under the floor, and glyph x=-4, h1 x=30 at 1440); read live 13008:126497 / 126021 / 113594 / 113731 / 126123 / 126659 / 125861 / 126361 (use_figma p033-call1-mukyq4py, p033-call2-mukyvfuf), measured in Chromium on the compiled index.css (lanes/P033/headerprobe.cjs), oracle src/pages/upgrade/checkoutHeader.figma.test.ts (6 cases, old code red, mutations C0-C3). FIX de931d2b2: below lg that 44 box hangs off the glyph 18 left / 15 above / 8 right / 11 below, so it stops at the h1's edge and the caption's top (centred it covered the h1's first 5px and 2px of the caption: Chromium, lanes/P033/headerprobe2.cjs) and its focus ring is inset; glyph, h1 and block unchanged (oracle +2 cases, mutations H0-H4). The Send tokens path opens only when verify-plan-payment says it is available; it answered 404 on prod 2026-09-27 and Casey's live sequence deploys it from 2026-09-29T22:19Z, so on prod today the tab shows shut with the server's reason (built and tested with availability mocked, 6477b9d13). Content per the send-tokens rulings.
13008-126494	match	-	wave 74 lane P033, 2026-09-28..29: Step 2 card read live 13008:126506 (call 1): 347x423.6 p8/8/24/8 r12, banner 331x74 pl14, QR 149.6/140.6/126, address 283x32, buttons 159.5x48; SendTokensPanel.tsx matches (sendTokens.figma.test.tsx). Summary bottom card 13008:126613 Small Primary. HEADER (C3, 6fc890abe): back chevron 18 / gap 8 at 375 and 768, 24 / gap 10 at 1440, glyph on x=0, h1 at 26 / 26 / 34; below lg the button keeps the 44 floor as its hit box with -13 margins so the heading block closes on 48 / 54 / 66 (was 68 / 70 under the floor, and glyph x=-4, h1 x=30 at 1440); read live 13008:126497 / 126021 / 113594 / 113731 / 126123 / 126659 / 125861 / 126361 (use_figma p033-call1-mukyq4py, p033-call2-mukyvfuf), measured in Chromium on the compiled index.css (lanes/P033/headerprobe.cjs), oracle src/pages/upgrade/checkoutHeader.figma.test.ts (6 cases, old code red, mutations C0-C3). FIX de931d2b2: below lg that 44 box hangs off the glyph 18 left / 15 above / 8 right / 11 below, so it stops at the h1's edge and the caption's top (centred it covered the h1's first 5px and 2px of the caption: Chromium, lanes/P033/headerprobe2.cjs) and its focus ring is inset; glyph, h1 and block unchanged (oracle +2 cases, mutations H0-H4). The Send tokens path opens only when verify-plan-payment says it is available; it answered 404 on prod 2026-09-27 and Casey's live sequence deploys it from 2026-09-29T22:19Z, so on prod today the tab shows shut with the server's reason (built and tested with availability mocked, 6477b9d13). Content per the send-tokens rulings.
13008-113728	match	-	wave 74 lane P033, 2026-09-28..29: Step 3 read live 13008:113737 (call 2) and the hash field in its three states (use_figma p033-call4-mul25v94: State=Normal here, no effect and none hidden, 1px #123F3C; Active on the Awaiting cut 13008:113950 with Input hint (dark) and 1.5 #17F9B4; Completed on 13008:113961 with neither). BUILT 78d1c15d4: the field's shadow and green stroke only in the Active state (it had drawn Input hint at rest since d98fc99da), and the 1440 card's 0/10/80 shadow its page board draws. BUILT 7fc70d15b: the waiting summary CTA is the frame's dark CTA/button, Green Coal 300 fill under a Green Coal 100 label at full opacity (13008:113782, calls 2-3), not Sky Blue at 50%. The waiting look is the hash step's alone (b968d91fe): the wallet path's 'Processing…', a short sUSD balance, a missing price and a blocked step 1 are drawn on no board and keep the primitive's Sky Blue at 50% (mutations L1Ar, L1Br, L1C, L1D). SUMMARY 1440 SHADOW (S15, d0644ec75): both summary cards draw 0/10/80 black at 25% at lg only, the value the bottom card carries on 13008:113707 / 113782 (read live, calls 1-3) and the top card by wave 71; none on the 768 / 375 cards 13008:126101 / 125999 / 126715 / 126613; written as the value until shadow-modal holds it (X3); oracle planSummary.figma.test.tsx 'the 1440 drop shadow' (mutations S15a-c). HEADER (C3, 6fc890abe): back chevron 18 / gap 8 at 375 and 768, 24 / gap 10 at 1440, glyph on x=0, h1 at 26 / 26 / 34; below lg the button keeps the 44 floor as its hit box with -13 margins so the heading block closes on 48 / 54 / 66 (was 68 / 70 under the floor, and glyph x=-4, h1 x=30 at 1440); read live 13008:126497 / 126021 / 113594 / 113731 / 126123 / 126659 / 125861 / 126361 (use_figma p033-call1-mukyq4py, p033-call2-mukyvfuf), measured in Chromium on the compiled index.css (lanes/P033/headerprobe.cjs), oracle src/pages/upgrade/checkoutHeader.figma.test.ts (6 cases, old code red, mutations C0-C3). FIX de931d2b2: below lg that 44 box hangs off the glyph 18 left / 15 above / 8 right / 11 below, so it stops at the h1's edge and the caption's top (centred it covered the h1's first 5px and 2px of the caption: Chromium, lanes/P033/headerprobe2.cjs) and its focus ring is inset; glyph, h1 and block unchanged (oracle +2 cases, mutations H0-H4). The Send tokens path opens only when verify-plan-payment says it is available; it answered 404 on prod 2026-09-27 and Casey's live sequence deploys it from 2026-09-29T22:19Z, so on prod today the tab shows shut with the server's reason (built and tested with availability mocked, 6477b9d13). Note: the Awaiting / Confirmed specimens (13008:113950 / 113961, recorded 2026-09-01 without a card shadow, not re-read) now show the page's 1440 shadow.
13008-126050	partial	-	wave 74 lane P033, 2026-09-28..29: Step 3 read live 13008:126054 (call 2) + field states (call 4: Normal, no effect). BUILT 78d1c15d4 (no resting field shadow; Active only) and 7fc70d15b (waiting CTA dark, 13008:126101 Medium Secondary Green Coal 300 / Green Coal 100). The waiting look is the hash step's alone (b968d91fe): the wallet path's 'Processing…', a short sUSD balance, a missing price and a blocked step 1 are drawn on no board and keep the primitive's Sky Blue at 50% (mutations L1Ar, L1Br, L1C, L1D). HEADER (C3, 6fc890abe): back chevron 18 / gap 8 at 375 and 768, 24 / gap 10 at 1440, glyph on x=0, h1 at 26 / 26 / 34; below lg the button keeps the 44 floor as its hit box with -13 margins so the heading block closes on 48 / 54 / 66 (was 68 / 70 under the floor, and glyph x=-4, h1 x=30 at 1440); read live 13008:126497 / 126021 / 113594 / 113731 / 126123 / 126659 / 125861 / 126361 (use_figma p033-call1-mukyq4py, p033-call2-mukyvfuf), measured in Chromium on the compiled index.css (lanes/P033/headerprobe.cjs), oracle src/pages/upgrade/checkoutHeader.figma.test.ts (6 cases, old code red, mutations C0-C3). FIX de931d2b2: below lg that 44 box hangs off the glyph 18 left / 15 above / 8 right / 11 below, so it stops at the h1's edge and the caption's top (centred it covered the h1's first 5px and 2px of the caption: Chromium, lanes/P033/headerprobe2.cjs) and its focus ring is inset; glyph, h1 and block unchanged (oracle +2 cases, mutations H0-H4). LEFT, global: the hash field's text is 16px on touch devices against the frame's 14/18. The Send tokens path opens only when verify-plan-payment says it is available; it answered 404 on prod 2026-09-27 and Casey's live sequence deploys it from 2026-09-29T22:19Z, so on prod today the tab shows shut with the server's reason (built and tested with availability mocked, 6477b9d13).
13008-126656	partial	-	wave 74 lane P033, 2026-09-28..29: Step 3 read live 13008:126667 (call 2) + field states (call 4: Normal, no effect). BUILT 78d1c15d4 and 7fc70d15b (13008:126715 Small Secondary Green Coal 300 / Green Coal 100; its label 'Yes, I have made payment' is the step 2 string, a slip against 1440 and 768's 'Continue to Skai', which the code keeps). The waiting look is the hash step's alone (b968d91fe): the wallet path's 'Processing…', a short sUSD balance, a missing price and a blocked step 1 are drawn on no board and keep the primitive's Sky Blue at 50% (mutations L1Ar, L1Br, L1C, L1D). HEADER (C3, 6fc890abe): back chevron 18 / gap 8 at 375 and 768, 24 / gap 10 at 1440, glyph on x=0, h1 at 26 / 26 / 34; below lg the button keeps the 44 floor as its hit box with -13 margins so the heading block closes on 48 / 54 / 66 (was 68 / 70 under the floor, and glyph x=-4, h1 x=30 at 1440); read live 13008:126497 / 126021 / 113594 / 113731 / 126123 / 126659 / 125861 / 126361 (use_figma p033-call1-mukyq4py, p033-call2-mukyvfuf), measured in Chromium on the compiled index.css (lanes/P033/headerprobe.cjs), oracle src/pages/upgrade/checkoutHeader.figma.test.ts (6 cases, old code red, mutations C0-C3). FIX de931d2b2: below lg that 44 box hangs off the glyph 18 left / 15 above / 8 right / 11 below, so it stops at the h1's edge and the caption's top (centred it covered the h1's first 5px and 2px of the caption: Chromium, lanes/P033/headerprobe2.cjs) and its focus ring is inset; glyph, h1 and block unchanged (oracle +2 cases, mutations H0-H4). LEFT, global: the hash field's text is 16px on touch devices against the frame's 14/16. The Send tokens path opens only when verify-plan-payment says it is available; it answered 404 on prod 2026-09-27 and Casey's live sequence deploys it from 2026-09-29T22:19Z, so on prod today the tab shows shut with the server's reason (built and tested with availability mocked, 6477b9d13).
13008-113980	partial	-	wave 74 lane P033, 2026-09-28..29: Not re-read this wave and nothing on its path changed (wave 71 read it live 2026-09-25, p035-call3). Stays partial for wave 71's reason: this frame's card is r16 with a 1px Green Coal 100 stroke while the step 1 boards draw r24/12/12 and no stroke (the frames disagree; product call); 1440 only.
13008-114000	partial	-	wave 74 lane P033, 2026-09-28..29: Not re-read (wave 71 read 13008:114006 live 2026-09-25). Its heading row takes C3's 1440 fix (6fc890abe) and its summary S15's shadow (d0644ec75). Stays partial: this ALT draws the Send tokens tab first and selected, a single card with a token dropdown, 'Treasury address (Base)' + COPY and the hash field, and a stroked summary top card, while the three step boards the 2026-09-26 build follows draw three screens, no stroke and the wallet tab first (two designs of one flow; product call). The Send tokens path opens only when verify-plan-payment says it is available; it answered 404 on prod 2026-09-27 and Casey's live sequence deploys it from 2026-09-29T22:19Z, so on prod today the tab shows shut with the server's reason (built and tested with availability mocked, 6477b9d13).
13008-113803	partial	-	wave 74 lane P033, 2026-09-28..29: Wave 71 read the shell live 2026-09-25 (13008:113877, p035-call1-mug8jqlx). BUILT 5f47f3daa: a payment verified on the Send tokens path prints the boards' 'via Send tokens' (the wallet route keeps 'via SKAI Subscription'); BUILT d19eddfa8: the shell's 0/10/80 black-at-25% shadow replaces the primitive's shadow-lg (oracle welcomeModal.figma.test.tsx, mutations W1-W3, W2a-b). LEFT: the 484 Alien Green shine at layer blur 272 (CSS 136, off the blur scale: missing token); receipt and invoice numbers with their download links (no backend, B004).
13008-126152	partial	-	wave 74 lane P033, 2026-09-28..29: Wave 71 read the shell live 2026-09-25 (13008:126255). BUILT 5f47f3daa ('via Send tokens' on the send path) and d19eddfa8 (0/10/80 shell shadow at every board). LEFT: the shine (layer blur 272, missing token); receipt / invoice numbers and downloads (B004).
13008-126758	partial	-	wave 74 lane P033, 2026-09-28..29: Wave 71 read the shell live 2026-09-25 (13008:126861). BUILT 5f47f3daa ('via Send tokens' on the send path) and d19eddfa8 (0/10/80 shell shadow at every board). LEFT: the shine (layer blur 272, missing token); receipt / invoice numbers and downloads (B004).
13008-114086	match	-	wave 74 lane P033, 2026-09-28..29: First live read since 09-08 (use_figma p033-call2-mukyvfuf: main 13008:114087, heading 13008:114335, Gold 13008:114089, Diamond 13008:114131). BUILT ec6e71d05: 'Hide other plans/tiers' is Lg/Label 1, Mulish 16/16 white at 64% (was 16/24 muted-foreground), terms App/Ash, active segment bg-sky-blue; BUILT 085051af1: the price divider is the frame's 0-tall line, #17F9B4 at 24% on a 44% node, taking no height (was a 1px #123F3C border adding a pixel). Oracles upgradePlanFooter.figma.test.tsx (mutations U1a-c, U2, U3) and tierCardBoardRamp.figma.test.ts (T1a-c). BUILT 4305ed728 (review fix): the footer sits 124 under the 4+2 wrap at xl, as main 13008:114087 draws it (Frame 321 ends y=1202, 'Hide other plans/tiers' at 1326; the code drew the single-row 62), and keeps 62 under one row (oracle upgradePlanFooter.figma 'leaves 124 under the expanded 4+2 wrap', mutations F1-F3). Page stops, grid, 4+2 wrap, toggle and card ladder match (waves 35/37 oracles). Recorded, not gaps: hidden shine; 'Show all (7)' vs six buyable plans (bug f3cd5a5c, not a defect 09-06); header is global chrome.
13008-112937	partial	-	wave 74 lane P033, 2026-09-28..29: Live read 2026-09-28 (call 2: main 13008:112938, row 13008:112939): six 303x500 cards at a 319 pitch in a 1898 Frame 320, heading at x=872, 'Show all (7) plans/tiers' 16/16 white at 64%, terms 12/16. BUILT ec6e71d05 (toggle type and colour, terms Ash), 085051af1 (green zero-height divider) and 4305ed728 (62 under a single six-across row). LEFT (review, 2026-09-28; frames disagree, product call, as 112676): this is the ALT 13008:112676 strip stretched to 2046: six cards in ladder order with the Diamond gradient 4th (x=957; the ALT's first card 13008:112717 is $1.99 Bronze) under the COLLAPSED label 'Show all (7) plans/tiers'. The app goes six-across only when expanded, in the order 13008:114086 draws (Gold, Diamond, Platinum, Legend, Bronze, Silver; report c004cc0f off 13008:114087, Diamond 2nd), labelled 'Hide other plans/tiers', and only from min-[2100px] (at the frame's own 2046 with a classic scrollbar the row wraps 4+2). Count '(7)' is bug f3cd5a5c, recorded not a defect 09-06. No ruling names this frame (grep casey-rulings-*).
13008-112676	partial	-	wave 74 lane P033, 2026-09-28..29: Read live 2026-09-28 (call 3: 'Show all (7) plans/tiers' 13008:112935 16/16 white at 64%; card Frame 333 13008:112717 with the #17F9B4 24%/44% line). BUILT ec6e71d05 and 085051af1. LEFT as wave 71 found it: this ALT's clipped six-card strip (the other Show-all frames wrap; product call); the shared footer is ruled (2026-09-05, 50ae6650).
13008-120075	partial	-	wave 74 lane P033, 2026-09-28..29: Read live 2026-09-28 (call 3: Frame 333 13008:120096 with the #17F9B4 24%/44% line, 12/14 stake). BUILT 085051af1 (divider). LEFT (wave 71, 13008:120077): the header band and billing toggle under the global 44px floor (index.css, not editable); shared MobileBottomNav; shared footer ruled (2026-09-05, 50ae6650); this cut draws no 'Show all' and no terms while the code shows both (question for Casey; kept so Bronze and Silver stay reachable on a phone).
13008-123597	partial	-	wave 74 lane P033, 2026-09-28..29: Read live 2026-09-28 (call 3: Frame 333 13008:123629 with the #17F9B4 24%/44% line, 12/14 stake). BUILT 085051af1 (divider). LEFT (wave 71, 13008:123600): header band and billing toggle under the global 44px floor; shared MobileBottomNav; shared footer ruled (2026-09-05, 50ae6650); no 'Show all' / terms on this cut while the code shows both (question for Casey).
# wave 75 (2026-10-03..04), lane P101: live reads and design-store specs.
14179-157892	partial	-	wave 75 lane P101, 2026-10-03..04: wave 75 lane P101, 2026-10-04 (was partial): NOT re-read this wave: nothing in it is buildable in this packet (wave 73 P105 read it live 2026-09-27: 14179:157893, 14179:158206, 14179:158249). The lane's one change to AnalysisScreen.tsx is behaviour-neutral: the orb panel moved to analysisOrb.tsx (8a8c62c2d) for the hub to draw; AnalysisScreen.body.figma.test.tsx re-pointed to the moved file and green, H08 killed. LEFT: the column opens 16 under the 48 header (14179:157893 at y=64) against the shared AI-home container's py-8 (32), pinned across the AI-home screens by aiHomeContainer.test.ts: cross-cutting, not this packet's.
14094-69692	partial	-	wave 75 lane P101, 2026-10-03..04: wave 75 lane P101, 2026-10-04 (was partial): READ LIVE 2026-10-04 (w75 P101 use_figma call 3: grid 14094:63197 with this first card in depth plus an inline screenshot; call 4: its label pane 14094:58052 carries a 2px Sky Blue top stroke, card 2's 14094:58759 none). BUILT 8a8c62c2d: every pane carries the clipped #008651 glow (Ellipse 24: 438 at 261,-53 blur 272 at 1440; 358 blur 222 at 768; 171 blur 106 at 375; the CSS blur is half the Figma radius); the Analysis pane draws the Analysis screen's own orb panel (13458:193106 'Technicals - Buy' 448x247 at 40,0, r16, 0 10 80 @25, clipped by the pane) at x1 / x0.8165 / x0.3919, moved to analysisOrb.tsx so the hub does not import the Analysis screen; a card lights on hover and keyboard focus as the boards draw the first card: a Sky Blue tile under a Green Coal 300 glyph and a 2px Sky Blue top edge on the label pane (an inside stroke, no height). Pinned in IntelligentSupportHub.boards.figma.test.tsx (+3 cases), mutations H01-H07 killed. At 768 the glow is 358 at x0.8165 of the 1440 offset. LEFT: the four data previews the frames draw (Market intel: a scaled TickerCard ETH/USDT beside a slice of the insight feed; Market signals: the At a glance gauge; News: the Altcoin season and Fear & greed cards; Sentiment: the Trending bubbles with the BTC mark), Signals and Sentiment gated and the insight feed gated too, so each pane keeps the destination glyph as art until a gating default is ruled; and the decorative chart silhouette Frame 1000003850 (two Sky Blue booleans at 8% / 34%, placed per card), whose 32 KB vector came back over the read cap and was not exported. No frame names what lights the first card; built as hover/focus (default for Casey). Tier words ruled (SCREEN_TIERS, 2026-09-14). This card's preview is the Market intel one: TickerCard at x0.593, feed slice at x0.4225. FIX 2026-10-04 (review): 2ff99f421 draws the orb's drop as shadow-modal by name and pins that the hub's orb still paints none under the stage (tailwind-merge keeps shadow-modal beside shadow-none; the stylesheet writes shadow-none later); the glow-blur and stage-offset pins now read the rendered classes instead of arithmetic on constants.
14178-155931	partial	-	wave 75 lane P101, 2026-10-03..04: wave 75 lane P101, 2026-10-04 (was partial): READ LIVE 2026-10-04 (call 3: 375 grid 14178:144069, first card in depth; call 4: label pane 14178:144824 carries the 2px Sky Blue top stroke, card 2's 14178:145531 none). BUILT 8a8c62c2d: every pane carries the clipped #008651 glow (Ellipse 24: 438 at 261,-53 blur 272 at 1440; 358 blur 222 at 768; 171 blur 106 at 375; the CSS blur is half the Figma radius); the Analysis pane draws the Analysis screen's own orb panel (13458:193106 'Technicals - Buy' 448x247 at 40,0, r16, 0 10 80 @25, clipped by the pane) at x1 / x0.8165 / x0.3919, moved to analysisOrb.tsx so the hub does not import the Analysis screen; a card lights on hover and keyboard focus as the boards draw the first card: a Sky Blue tile under a Green Coal 300 glyph and a 2px Sky Blue top edge on the label pane (an inside stroke, no height). Pinned in IntelligentSupportHub.boards.figma.test.tsx (+3 cases), mutations H01-H07 killed. At 375 the glow is 171 under a 106 blur. LEFT: the four data previews the frames draw (Market intel: a scaled TickerCard ETH/USDT beside a slice of the insight feed; Market signals: the At a glance gauge; News: the Altcoin season and Fear & greed cards; Sentiment: the Trending bubbles with the BTC mark), Signals and Sentiment gated and the insight feed gated too, so each pane keeps the destination glyph as art until a gating default is ruled; and the decorative chart silhouette Frame 1000003850 (two Sky Blue booleans at 8% / 34%, placed per card), whose 32 KB vector came back over the read cap and was not exported. No frame names what lights the first card; built as hover/focus (default for Casey). Tier words ruled (SCREEN_TIERS, 2026-09-14). This card's preview is the Market intel one: TickerCard at x0.284, feed slice at x0.2022. FIX 2026-10-04 (review): 2ff99f421 draws the orb's drop as shadow-modal by name and pins that the hub's orb still paints none under the stage (tailwind-merge keeps shadow-modal beside shadow-none; the stylesheet writes shadow-none later); the glow-blur and stage-offset pins now read the rendered classes instead of arithmetic on constants. CAVEAT at 375: the glow's position (102,-21) and the Analysis stage's left 15.68 are the 1440 values x0.3919, INFERRED, not read. The 375 pane is not a uniform scale (168x70, not 168x65.4; its ticker sits at x=0.48, not 9.4), and no 375 read of the Analysis pane or the glow position exists. Read at 375: the glow's size 171 and blur 106.
13449-191068	partial	-	wave 75 lane P101, 2026-10-03..04: wave 75 lane P101, 2026-10-04 (was partial): READ LIVE 2026-10-04 (call 3: grid 13458:191861 plus an inline screenshot; call 4: row 2's cards 13458:193097 and 13458:193106, their label panes and the Analysis pane's 'Technicals - Buy'). BUILT 8a8c62c2d: every pane carries the clipped #008651 glow (Ellipse 24: 438 at 261,-53 blur 272 at 1440; 358 blur 222 at 768; 171 blur 106 at 375; the CSS blur is half the Figma radius); the Analysis pane draws the Analysis screen's own orb panel (13458:193106 'Technicals - Buy' 448x247 at 40,0, r16, 0 10 80 @25, clipped by the pane) at x1 / x0.8165 / x0.3919, moved to analysisOrb.tsx so the hub does not import the Analysis screen; a card lights on hover and keyboard focus as the boards draw the first card: a Sky Blue tile under a Green Coal 300 glyph and a 2px Sky Blue top edge on the label pane (an inside stroke, no height). Pinned in IntelligentSupportHub.boards.figma.test.tsx (+3 cases), mutations H01-H07 killed. Also BUILT 95a3d85e2: the tier word is Mulish 14/18 at 1440 (Lg/Numbers 4 on both read label panes), where wave 73 had kept Manrope unread; H09/H10 killed. Title Man 18/24 Gray 100, tile 48 r8 Green Coal 100, p16 and row g10 already matched. LEFT: the four data previews the frames draw (Market intel: a scaled TickerCard ETH/USDT beside a slice of the insight feed; Market signals: the At a glance gauge; News: the Altcoin season and Fear & greed cards; Sentiment: the Trending bubbles with the BTC mark), Signals and Sentiment gated and the insight feed gated too, so each pane keeps the destination glyph as art until a gating default is ruled; and the decorative chart silhouette Frame 1000003850 (two Sky Blue booleans at 8% / 34%, placed per card), whose 32 KB vector came back over the read cap and was not exported. No frame names what lights the first card; built as hover/focus (default for Casey). Tier words ruled (SCREEN_TIERS, 2026-09-14). Row 1 of the 1440 grid was not matched by call 4's finder, so its preview geometry is unread. FIX 2026-10-04 (review): 2ff99f421 draws the orb's drop as shadow-modal by name and pins that the hub's orb still paints none under the stage (tailwind-merge keeps shadow-modal beside shadow-none; the stylesheet writes shadow-none later); the glow-blur and stage-offset pins now read the rendered classes instead of arithmetic on constants.
14094-56626	partial	-	wave 75 lane P101, 2026-10-03..04: wave 75 lane P101, 2026-10-04 (was partial): READ LIVE 2026-10-04 (call 3: grid 14094:63197 plus an inline screenshot; call 4: label panes 14094:58052 / 14094:58759). BUILT 8a8c62c2d: every pane carries the clipped #008651 glow (Ellipse 24: 438 at 261,-53 blur 272 at 1440; 358 blur 222 at 768; 171 blur 106 at 375; the CSS blur is half the Figma radius); the Analysis pane draws the Analysis screen's own orb panel (13458:193106 'Technicals - Buy' 448x247 at 40,0, r16, 0 10 80 @25, clipped by the pane) at x1 / x0.8165 / x0.3919, moved to analysisOrb.tsx so the hub does not import the Analysis screen; a card lights on hover and keyboard focus as the boards draw the first card: a Sky Blue tile under a Green Coal 300 glyph and a 2px Sky Blue top edge on the label pane (an inside stroke, no height). Pinned in IntelligentSupportHub.boards.figma.test.tsx (+3 cases), mutations H01-H07 killed. LEFT: the four data previews the frames draw (Market intel: a scaled TickerCard ETH/USDT beside a slice of the insight feed; Market signals: the At a glance gauge; News: the Altcoin season and Fear & greed cards; Sentiment: the Trending bubbles with the BTC mark), Signals and Sentiment gated and the insight feed gated too, so each pane keeps the destination glyph as art until a gating default is ruled; and the decorative chart silhouette Frame 1000003850 (two Sky Blue booleans at 8% / 34%, placed per card), whose 32 KB vector came back over the read cap and was not exported. No frame names what lights the first card; built as hover/focus (default for Casey). Tier words ruled (SCREEN_TIERS, 2026-09-14). FIX 2026-10-04 (review): 2ff99f421 draws the orb's drop as shadow-modal by name and pins that the hub's orb still paints none under the stage (tailwind-merge keeps shadow-modal beside shadow-none; the stylesheet writes shadow-none later); the glow-blur and stage-offset pins now read the rendered classes instead of arithmetic on constants.
14178-151580	partial	-	wave 75 lane P101, 2026-10-03..04: wave 75 lane P101, 2026-10-04 (was partial): READ LIVE 2026-10-04 (call 3: grid 14178:144069; call 4: label panes 14178:144824 / 14178:145531, the Sky Blue edge confirmed at 375). BUILT 8a8c62c2d: every pane carries the clipped #008651 glow (Ellipse 24: 438 at 261,-53 blur 272 at 1440; 358 blur 222 at 768; 171 blur 106 at 375; the CSS blur is half the Figma radius); the Analysis pane draws the Analysis screen's own orb panel (13458:193106 'Technicals - Buy' 448x247 at 40,0, r16, 0 10 80 @25, clipped by the pane) at x1 / x0.8165 / x0.3919, moved to analysisOrb.tsx so the hub does not import the Analysis screen; a card lights on hover and keyboard focus as the boards draw the first card: a Sky Blue tile under a Green Coal 300 glyph and a 2px Sky Blue top edge on the label pane (an inside stroke, no height). Pinned in IntelligentSupportHub.boards.figma.test.tsx (+3 cases), mutations H01-H07 killed. LEFT: the four data previews the frames draw (Market intel: a scaled TickerCard ETH/USDT beside a slice of the insight feed; Market signals: the At a glance gauge; News: the Altcoin season and Fear & greed cards; Sentiment: the Trending bubbles with the BTC mark), Signals and Sentiment gated and the insight feed gated too, so each pane keeps the destination glyph as art until a gating default is ruled; and the decorative chart silhouette Frame 1000003850 (two Sky Blue booleans at 8% / 34%, placed per card), whose 32 KB vector came back over the read cap and was not exported. No frame names what lights the first card; built as hover/focus (default for Casey). Tier words ruled (SCREEN_TIERS, 2026-09-14). The 375 label title and tier word were not re-read and stay as shipped. FIX 2026-10-04 (review): 2ff99f421 draws the orb's drop as shadow-modal by name and pins that the hub's orb still paints none under the stage (tailwind-merge keeps shadow-modal beside shadow-none; the stylesheet writes shadow-none later); the glow-blur and stage-offset pins now read the rendered classes instead of arithmetic on constants. CAVEAT at 375: the glow's position (102,-21) and the Analysis stage's left 15.68 are the 1440 values x0.3919, INFERRED, not read. The 375 pane is not a uniform scale (168x70, not 168x65.4; its ticker sits at x=0.48, not 9.4), and no 375 read of the Analysis pane or the glow position exists. Read at 375: the glow's size 171 and blur 106.
14316-248325	partial	-	wave 75 lane P101, 2026-10-03..04: wave 75 lane P101, 2026-10-04 (was partial): NOT re-read this wave. BLOCKED ON A RULING open since wave 73: ALT 2 draws ONE 343 column of 343x209 cards, while the base 14178:151580 and ALT 14178:152219 draw two 168 columns (768 and 1440 agree with them); the code keeps two. The glow, the Analysis orb and the lit state built for the base 375 board (8a8c62c2d) render on these cards too.
14106-70649	partial	-	wave 75 lane P101, 2026-10-03..04: wave 75 lane P101, 2026-10-04 (was partial): READ LIVE 2026-10-04 (call 1: gauges 14106:71060 with arc data, Trending 14106:71492, lead data row 14106:71159; call 2: Gas fees column 14106:71561; call 3: Gas cards 14106:71572). At 768: two 350 gauge cards on 8 (Fear & greed 350x87 p16/24/16/16, value Mulish 16/20, class Man 12/16, title Man Bold 14/18, 24h line Mulish 14/16 Gray 100 @64); Trending and Gas fees side by side as the frame's 346 pair on 16. BUILT d72a03c33 + 7ff44f204: the gauge pair Altcoin season then Fear & greed; Fear & greed is the frame's 98-wide TOP-SEMICIRCLE ring (the value arc from 180 deg in the reading's colour, a 2 deg gap, the track to 360 at 34% on App/Red-O) under the clipped #008651 glow, height by padding, r12 (r16 at 1440), no gradient wash; Altcoin season drawn as the explicit unknown (the dash over / 100, the red-yellow-green scale with no marker, the reason for screen readers; no source publishes the index); Trending tokens rows in Mulish on the frame's ramps, four 54-tall rows on 8 at 6/12/6/6, rank white@64 right-aligned, the 42 mark in a 1px Green Coal 100 ring, SYM + the 6px Dot glyph + CoinGecko (the honest source, not the frame's per-token names); the Gas fees column: Skai Gas = SKAI Chain's live base fee on every tier in rei (gas-tracker ruling 2026-09-18, no tier premium), ETH Gas = Ethereum eth_feeHistory, the next base fee plus the median 10th / 50th / 90th percentile tip of the last 10 blocks, read from ethereum.publicnode.com then 1rpc.io/eth (both in the live CSP), each with the Coral LIVE tag only while its last read succeeded, an info glyph saying what the figure is, and the dash for every confirmation time. Pinned by NewsRail.figma.test.tsx (19 cases, one of which compiles every rendered class through the app's Tailwind config), gasFees.test.ts (7), NewsScreen.rail / magazine re-pointed; mutations N01-N18 killed. LEFT, no source in the app: the Altcoin season reading and its marker; the N-sources avatar cluster (each item carries one source); the confirmation-time column (the dash on both cards). FIX 2026-10-04 (review): as first built (d72a03c33) the ETH Gas card could never go live: it read cloudflare-eth.com, which refused every call (-32047 'Max range: 10' on the 20-block window, -32046 on eth_blockNumber, -32603 on 10 blocks), then rpc.ankr.com/eth, which now answers 'Unauthorized' without an API key; the card only ever drew the dash. c7b4d6367 reads the two keyless RPCs that answered eth_feeHistory from a browser origin on 2026-10-04 over 10 blocks (live probe through the same viem client: 10 reward rows, 0.12 / 0.19 / 2.12 gwei), so 'live' in the build above holds from that commit, not d72a03c33. e1956e16d: the Label 2 lines by token (no raw 10/14) and a 44 hit area on the 18-tall Trending / Gas fees headers. a3814ea0c: below 1440 the sentiment pill's stroke is an inset ring, so it is the frames' 45x18 / 50x18 (the border with px-2 drew it 2 wider); 1440 keeps its border.
14106-71752	partial	-	wave 75 lane P101, 2026-10-03..04: wave 75 lane P101, 2026-10-04 (was partial): The 1VH board's column is the full 768 board's (wave 73 proved the same nodes; this lane read 14106:71060 / 14106:71492 / 14106:71561 / 14106:71572 live in calls 1-3). Same build as 14106-70649. BUILT d72a03c33 + 7ff44f204: the gauge pair Altcoin season then Fear & greed; Fear & greed is the frame's 98-wide TOP-SEMICIRCLE ring (the value arc from 180 deg in the reading's colour, a 2 deg gap, the track to 360 at 34% on App/Red-O) under the clipped #008651 glow, height by padding, r12 (r16 at 1440), no gradient wash; Altcoin season drawn as the explicit unknown (the dash over / 100, the red-yellow-green scale with no marker, the reason for screen readers; no source publishes the index); Trending tokens rows in Mulish on the frame's ramps, four 54-tall rows on 8 at 6/12/6/6, rank white@64 right-aligned, the 42 mark in a 1px Green Coal 100 ring, SYM + the 6px Dot glyph + CoinGecko (the honest source, not the frame's per-token names); the Gas fees column: Skai Gas = SKAI Chain's live base fee on every tier in rei (gas-tracker ruling 2026-09-18, no tier premium), ETH Gas = Ethereum eth_feeHistory, the next base fee plus the median 10th / 50th / 90th percentile tip of the last 10 blocks, read from ethereum.publicnode.com then 1rpc.io/eth (both in the live CSP), each with the Coral LIVE tag only while its last read succeeded, an info glyph saying what the figure is, and the dash for every confirmation time. Pinned by NewsRail.figma.test.tsx (19 cases, one of which compiles every rendered class through the app's Tailwind config), gasFees.test.ts (7), NewsScreen.rail / magazine re-pointed; mutations N01-N18 killed. LEFT, no source in the app: the Altcoin season reading and its marker; the N-sources avatar cluster (each item carries one source); the confirmation-time column (the dash on both cards). FIX 2026-10-04 (review): as first built (d72a03c33) the ETH Gas card could never go live: it read cloudflare-eth.com, which refused every call (-32047 'Max range: 10' on the 20-block window, -32046 on eth_blockNumber, -32603 on 10 blocks), then rpc.ankr.com/eth, which now answers 'Unauthorized' without an API key; the card only ever drew the dash. c7b4d6367 reads the two keyless RPCs that answered eth_feeHistory from a browser origin on 2026-10-04 over 10 blocks (live probe through the same viem client: 10 reward rows, 0.12 / 0.19 / 2.12 gwei), so 'live' in the build above holds from that commit, not d72a03c33. e1956e16d: the Label 2 lines by token (no raw 10/14) and a 44 hit area on the 18-tall Trending / Gas fees headers. a3814ea0c: below 1440 the sentiment pill's stroke is an inset ring, so it is the frames' 45x18 / 50x18 (the border with px-2 drew it 2 wider); 1440 keeps its border.
14178-141206	partial	-	wave 75 lane P101, 2026-10-03..04: wave 75 lane P101, 2026-10-04 (was partial): READ LIVE 2026-10-04 (call 1: gauges 14178:141221, Trending 14178:141557, the pair body 14178:141329 with its data row; call 2: Gas fees column 14178:141626). At 375: the gauges stacked 343s on 8 (Fear & greed 343x78 p12 r12, value 14/16, class 12/14, title 14/18, 24h line 12/14); Gas fees stacked under Trending on 16; the pair card's data row drops source and age at 375 (the tag and the two glyphs, space-between; the lead keeps them). BUILT d72a03c33 + 7ff44f204: the gauge pair Altcoin season then Fear & greed; Fear & greed is the frame's 98-wide TOP-SEMICIRCLE ring (the value arc from 180 deg in the reading's colour, a 2 deg gap, the track to 360 at 34% on App/Red-O) under the clipped #008651 glow, height by padding, r12 (r16 at 1440), no gradient wash; Altcoin season drawn as the explicit unknown (the dash over / 100, the red-yellow-green scale with no marker, the reason for screen readers; no source publishes the index); Trending tokens rows in Mulish on the frame's ramps, four 54-tall rows on 8 at 6/12/6/6, rank white@64 right-aligned, the 42 mark in a 1px Green Coal 100 ring, SYM + the 6px Dot glyph + CoinGecko (the honest source, not the frame's per-token names); the Gas fees column: Skai Gas = SKAI Chain's live base fee on every tier in rei (gas-tracker ruling 2026-09-18, no tier premium), ETH Gas = Ethereum eth_feeHistory, the next base fee plus the median 10th / 50th / 90th percentile tip of the last 10 blocks, read from ethereum.publicnode.com then 1rpc.io/eth (both in the live CSP), each with the Coral LIVE tag only while its last read succeeded, an info glyph saying what the figure is, and the dash for every confirmation time. Pinned by NewsRail.figma.test.tsx (19 cases, one of which compiles every rendered class through the app's Tailwind config), gasFees.test.ts (7), NewsScreen.rail / magazine re-pointed; mutations N01-N18 killed. LEFT, no source in the app: the Altcoin season reading and its marker; the N-sources avatar cluster (each item carries one source); the confirmation-time column (the dash on both cards). Also LEFT (not backend, cross-cutting): the column opens 16 under the 48 header against the shared AI-home container's py-8 (aiHomeContainer.test.ts). FIX 2026-10-04 (review): as first built (d72a03c33) the ETH Gas card could never go live: it read cloudflare-eth.com, which refused every call (-32047 'Max range: 10' on the 20-block window, -32046 on eth_blockNumber, -32603 on 10 blocks), then rpc.ankr.com/eth, which now answers 'Unauthorized' without an API key; the card only ever drew the dash. c7b4d6367 reads the two keyless RPCs that answered eth_feeHistory from a browser origin on 2026-10-04 over 10 blocks (live probe through the same viem client: 10 reward rows, 0.12 / 0.19 / 2.12 gwei), so 'live' in the build above holds from that commit, not d72a03c33. e1956e16d: the Label 2 lines by token (no raw 10/14) and a 44 hit area on the 18-tall Trending / Gas fees headers. a3814ea0c: below 1440 the sentiment pill's stroke is an inset ring, so it is the frames' 45x18 / 50x18 (the border with px-2 drew it 2 wider); 1440 keeps its border.
14160-139741	partial	-	wave 75 lane P101, 2026-10-03..04: wave 75 lane P101, 2026-10-04 (was partial): The 1VH board's column is 14178:141210, the full 375 board's (wave 73); read live this lane through 14178:141221 / 14178:141557 / 14178:141329 / 14178:141626. Same build as 14178-141206. BUILT d72a03c33 + 7ff44f204: the gauge pair Altcoin season then Fear & greed; Fear & greed is the frame's 98-wide TOP-SEMICIRCLE ring (the value arc from 180 deg in the reading's colour, a 2 deg gap, the track to 360 at 34% on App/Red-O) under the clipped #008651 glow, height by padding, r12 (r16 at 1440), no gradient wash; Altcoin season drawn as the explicit unknown (the dash over / 100, the red-yellow-green scale with no marker, the reason for screen readers; no source publishes the index); Trending tokens rows in Mulish on the frame's ramps, four 54-tall rows on 8 at 6/12/6/6, rank white@64 right-aligned, the 42 mark in a 1px Green Coal 100 ring, SYM + the 6px Dot glyph + CoinGecko (the honest source, not the frame's per-token names); the Gas fees column: Skai Gas = SKAI Chain's live base fee on every tier in rei (gas-tracker ruling 2026-09-18, no tier premium), ETH Gas = Ethereum eth_feeHistory, the next base fee plus the median 10th / 50th / 90th percentile tip of the last 10 blocks, read from ethereum.publicnode.com then 1rpc.io/eth (both in the live CSP), each with the Coral LIVE tag only while its last read succeeded, an info glyph saying what the figure is, and the dash for every confirmation time. Pinned by NewsRail.figma.test.tsx (19 cases, one of which compiles every rendered class through the app's Tailwind config), gasFees.test.ts (7), NewsScreen.rail / magazine re-pointed; mutations N01-N18 killed. LEFT, no source in the app: the Altcoin season reading and its marker; the N-sources avatar cluster (each item carries one source); the confirmation-time column (the dash on both cards). Also LEFT: the shared AI-home container's top inset (16 vs py-8, cross-cutting). FIX 2026-10-04 (review): as first built (d72a03c33) the ETH Gas card could never go live: it read cloudflare-eth.com, which refused every call (-32047 'Max range: 10' on the 20-block window, -32046 on eth_blockNumber, -32603 on 10 blocks), then rpc.ankr.com/eth, which now answers 'Unauthorized' without an API key; the card only ever drew the dash. c7b4d6367 reads the two keyless RPCs that answered eth_feeHistory from a browser origin on 2026-10-04 over 10 blocks (live probe through the same viem client: 10 reward rows, 0.12 / 0.19 / 2.12 gwei), so 'live' in the build above holds from that commit, not d72a03c33. e1956e16d: the Label 2 lines by token (no raw 10/14) and a 44 hit area on the 18-tall Trending / Gas fees headers. a3814ea0c: below 1440 the sentiment pill's stroke is an inset ring, so it is the frames' 45x18 / 50x18 (the border with px-2 drew it 2 wider); 1440 keeps its border.
13432-179891	match	-	wave 75 lane P101, 2026-10-03..04: wave 75 lane P101, 2026-10-04 (was partial): READ LIVE 2026-10-04 (call 2: header 13432:179894 and bubble effects 13432:179904; call 3: header content 13432:179893 with images/circle 40x40 at 608,0, the hub bubble on hover 13432:179927 against the board's 13431:179830). BUILT 7c3294ee6: every bubble an inner glow @0,4 in its token colour at 25% (blur 44 on the hub and the next two slots, 24 on the three small); the hub on hover and keyboard focus rises to 84% over a DROP 40 @0,24 black @25 (a drop-shadow filter, so the token shadow colour does not repaint it); the hub token's 40px mark at the header's right end, top-aligned, only while the card is hovered or holds focus at 1440 (the three boards draw no mark). Pinned SentimentScreen.bubbles.test.tsx (+3), S01-S07 killed. With wave 73's bubble map (slots, counts, the Sky Blue count tag, hub label, hover row, modal) every element of the frame is built. Data: the social vendor is ruled (LunarCrush Individual, 2026-09-23) but its key is still Hobby tier, so production draws the honest offline state until Casey upgrades it. Arbitrary colours (missing tokens): SOL #2AAAAB, ETH #967ACF, LINK #4D7CFF, ARB #12AAFF. FOLD NOTE 2026-10-04 (review): kept done under rule 17, since every element of the frame is built and pinned; but production cannot show this state until the LunarCrush key moves from Hobby to Individual (the Trending panel draws its offline placeholder, and the hover mark is gated on a drawn map). The fold may prefer blocked-on-backend.
13431-179336	partial	-	wave 75 lane P101, 2026-10-03..04: wave 75 lane P101, 2026-10-04 (was partial): READ LIVE 2026-10-04 (call 2: Fear & greed 13431:179500 in the rail, 448x100; bubble effects 13432:179904; the board hub 13431:179830 in call 3). BUILT: Fear & greed is the shared NewsRail card (d72a03c33: the semicircle ring, the clipped glow, the board's ramps, height by padding); every Trending bubble glows from inside @0,4 in its token colour at 25%, blur 44 on the hub and the next two slots and 24 on the three small (7c3294ee6, S01-S04 killed). LEFT: R2 heat-map cell content (OPEN RULING since wave 73: the frame prints price + 24h change, the build prints the sentiment score); Platform breakdown's ranked table (no per-platform mentions or 24h delta: backend) and 'Likes from mentions' (no field); the social vendor is ruled (LunarCrush Individual, 2026-09-23) but the key is still Hobby tier, so production draws the offline state.
13427-177219	partial	-	wave 75 lane P101, 2026-10-03..04: wave 75 lane P101, 2026-10-04 (was partial): A crop of 13431:179336 (wave 73 call 3); its Fear & greed card and bubbles are the full board's, read live this lane (13431:179500, 13432:179904, 13431:179830). BUILT: Fear & greed is the shared NewsRail card (d72a03c33: the semicircle ring, the clipped glow, the board's ramps, height by padding); every Trending bubble glows from inside @0,4 in its token colour at 25%, blur 44 on the hub and the next two slots and 24 on the three small (7c3294ee6, S01-S04 killed). LEFT: R2 heat-map cell content (OPEN RULING since wave 73: the frame prints price + 24h change, the build prints the sentiment score); Platform breakdown's ranked table (no per-platform mentions or 24h delta: backend) and 'Likes from mentions' (no field); the social vendor is ruled (LunarCrush Individual, 2026-09-23) but the key is still Hobby tier, so production draws the offline state.
14113-74132	partial	-	wave 75 lane P101, 2026-10-03..04: wave 75 lane P101, 2026-10-04 (was partial): READ LIVE 2026-10-04 (call 2: Fear & greed 14113:74149, 708x87 full width with a 554 title column; bubble effects 14113:74242). BUILT: Fear & greed is the shared NewsRail card (d72a03c33: the semicircle ring, the clipped glow, the board's ramps, height by padding); every Trending bubble glows from inside @0,4 in its token colour at 25%, blur 44 on the hub and the next two slots and 24 on the three small (7c3294ee6, S01-S04 killed). LEFT: R2 heat-map cell content (OPEN RULING since wave 73: the frame prints price + 24h change, the build prints the sentiment score); Platform breakdown's ranked table (no per-platform mentions or 24h delta: backend) and 'Likes from mentions' (no field); the social vendor is ruled (LunarCrush Individual, 2026-09-23) but the key is still Hobby tier, so production draws the offline state.
14113-73205	partial	-	wave 75 lane P101, 2026-10-03..04: wave 75 lane P101, 2026-10-04 (was partial): A crop of 14113:74132 (wave 73 call 4); its Fear & greed card and bubbles read live this lane (14113:74149, 14113:74242). BUILT: Fear & greed is the shared NewsRail card (d72a03c33: the semicircle ring, the clipped glow, the board's ramps, height by padding); every Trending bubble glows from inside @0,4 in its token colour at 25%, blur 44 on the hub and the next two slots and 24 on the three small (7c3294ee6, S01-S04 killed). LEFT: R2 heat-map cell content (OPEN RULING since wave 73: the frame prints price + 24h change, the build prints the sentiment score); Platform breakdown's ranked table (no per-platform mentions or 24h delta: backend) and 'Likes from mentions' (no field); the social vendor is ruled (LunarCrush Individual, 2026-09-23) but the key is still Hobby tier, so production draws the offline state.
14178-142300	partial	-	wave 75 lane P101, 2026-10-03..04: wave 75 lane P101, 2026-10-04 (was partial): READ LIVE 2026-10-04 (call 2: Fear & greed 14178:142277, 343x78; bubble effects 14178:141978). BUILT: Fear & greed is the shared NewsRail card (d72a03c33: the semicircle ring, the clipped glow, the board's ramps, height by padding); every Trending bubble glows from inside @0,4 in its token colour at 25%, blur 44 on the hub and the next two slots and 24 on the three small (7c3294ee6, S01-S04 killed). LEFT: R2 heat-map cell content (OPEN RULING since wave 73: the frame prints price + 24h change, the build prints the sentiment score); Platform breakdown's ranked table (no per-platform mentions or 24h delta: backend) and 'Likes from mentions' (no field); the social vendor is ruled (LunarCrush Individual, 2026-09-23) but the key is still Hobby tier, so production draws the offline state. The 375 treemap's smallest cells clip the frame's 87-wide labels (frame defect, wave 73).
14178-142962	partial	-	wave 75 lane P101, 2026-10-03..04: wave 75 lane P101, 2026-10-04 (was partial): A crop of 14178:142300 (wave 73 call 4); its Fear & greed card and bubbles read live this lane (14178:142277, 14178:141978). BUILT: Fear & greed is the shared NewsRail card (d72a03c33: the semicircle ring, the clipped glow, the board's ramps, height by padding); every Trending bubble glows from inside @0,4 in its token colour at 25%, blur 44 on the hub and the next two slots and 24 on the three small (7c3294ee6, S01-S04 killed). LEFT: R2 heat-map cell content (OPEN RULING since wave 73: the frame prints price + 24h change, the build prints the sentiment score); Platform breakdown's ranked table (no per-platform mentions or 24h delta: backend) and 'Likes from mentions' (no field); the social vendor is ruled (LunarCrush Individual, 2026-09-23) but the key is still Hobby tier, so production draws the offline state.
