7710-91527	match	-	Spot base /spot: 3-column layout (chart|orderbook|trade panel), header token selector, bottom tabs all present and aligned; chart shows loading = mock-data caveat, not a fidelity gap
3962-8653	match	-	Spot Limit ticket wired in OrderEntryPanel.tsx limit mode (limit-price card + auto-populate current price); registry understated it as partial, functionally complete
3886-15109	deferred	-	Expanded - Perp is a non-screen Figma container artboard (kind non-screen, no route, no viewport, zero code citations); not a distinct app state, needs design clarification, treat as non-buildable
4020-47586	match	-	Orders tab active; layout + tab-bar match; Sign in to view trading data wallet-gated empty state vs Figma populated open-orders table (mock caveat)
4191-123643	match	-	Trade history tab active; layout + tab-bar match; wallet-gated empty state vs Figma populated trade-history table (mock caveat)
8558-134024	match	-	BASE /spot; full layout present - nav, SPOT TRADING badge, BTC market header w stats, chart controls (tf pills + indicators/draw/AI + maximize + drawing rail + date ranges + clock), order book|trades tabs, Market|Limit|Pro trade panel + Buy/Sell + slider, portfolio tabs, account actions. Chart+book offline (mock-empty) caveat only
3886-15237	match	-	BASE alt (taller 1440x1501 ref); same /spot layout as 8558-134024, all regions present; pair label BTC/USDC vs ref BTC/USDT; chart+orderbook offline caveat
3928-78877	partial	-	Chart expanded at 1440, 2026-09-21 wave 60, re-opened live (get_metadata on the whole board, get_design_context on the Link 3928:81477). OVERTURNS this key's previous match verdict, which described the shipped top bar (BTC/USDT header, tf pills, chart-type icons, Indicators) as matching a board that draws NO top chrome at all: main holds Row 2 1432x900 at (4,0) and Frame 160 runs 888 from y=0, so the plot is full-bleed, the date axis closes at 851 and the only chrome is Nav of chart 1432x27 at y=861 - which is the inline pane's own bottom bar (Timeframe 201 at x=16, rule 225, calendar 233, spacer 929 at 265, clock 109 at 1202, rule 1319, percent-Log-Auto 89 at 1327 closing at 1416 for the same 16 inset as the left). Built in f9f3bd252: bottomBar extracted to one definition with a second useNavScroll instance (the inline row stays mounted under the open dialog and one hook holds one scrollport), fullscreenBody rebuilt as plot then nav, and the exit as the board's Link 135x24 at (1226,12) - Manrope 12/16, tracking -0.48, rgba(255,255,255,0.08), rounded-lg, px-4 py-1 - at right-[75px], being 1440-(1226+135)=79 less Row 2's 4 inset. Partial not done: chart type, indicators and display settings are drawn nowhere on this board, and deleting three live controls is a regression no ruling authorises, so they sit in the nav row's flexible middle and consume only the 929 spacer, leaving every drawn element on its measured x. Casey's call. TV tools 3928:80515 is hidden on this board. No browser: node-vs-source.
3931-90224	match	-	Order book Trades tab; role=tab Trades clicked, active underline + Price column header present; trades feed empty (offline) caveat, structure matches
3963-39739	partial	-	Top-nav Trade menu (not order panel); Radix dropdown opens with rich icon+desc rows matching Figma styling, but item set differs - app Perps/Spot/Buy/Trench vs Figma Perps/Spot/Swaps/Trench/Launch
3927-56677	deferred	-	Native-chart detail frame. The in-app native candlestick chart (src/components/trade/native-chart/CandleChart.tsx) is gated behind the NATIVE_TRADE_CHART feature flag, which is OFF by default (features.ts: VITE_NATIVE_TRADE_CHART===true, unset on this box and in prod). With the flag OFF the terminal renders the TradingView iframe (which shows Chart unavailable offline here), so these native chart-type frames (BASE/BTC/SOL price series, Area/Line variants) are not reachable in the default build. Deferred to a NATIVE_TRADE_CHART-ON verification pass, not silently dropped
7746-212704	deferred	-	Native-chart detail frame. The in-app native candlestick chart (src/components/trade/native-chart/CandleChart.tsx) is gated behind the NATIVE_TRADE_CHART feature flag, which is OFF by default (features.ts: VITE_NATIVE_TRADE_CHART===true, unset on this box and in prod). With the flag OFF the terminal renders the TradingView iframe (which shows Chart unavailable offline here), so these native chart-type frames (BASE/BTC/SOL price series, Area/Line variants) are not reachable in the default build. Deferred to a NATIVE_TRADE_CHART-ON verification pass, not silently dropped
7746-212008	deferred	-	Native-chart detail frame. The in-app native candlestick chart (src/components/trade/native-chart/CandleChart.tsx) is gated behind the NATIVE_TRADE_CHART feature flag, which is OFF by default (features.ts: VITE_NATIVE_TRADE_CHART===true, unset on this box and in prod). With the flag OFF the terminal renders the TradingView iframe (which shows Chart unavailable offline here), so these native chart-type frames (BASE/BTC/SOL price series, Area/Line variants) are not reachable in the default build. Deferred to a NATIVE_TRADE_CHART-ON verification pass, not silently dropped
7746-211720	deferred	-	Native-chart detail frame. The in-app native candlestick chart (src/components/trade/native-chart/CandleChart.tsx) is gated behind the NATIVE_TRADE_CHART feature flag, which is OFF by default (features.ts: VITE_NATIVE_TRADE_CHART===true, unset on this box and in prod). With the flag OFF the terminal renders the TradingView iframe (which shows Chart unavailable offline here), so these native chart-type frames (BASE/BTC/SOL price series, Area/Line variants) are not reachable in the default build. Deferred to a NATIVE_TRADE_CHART-ON verification pass, not silently dropped
3899-7131	match	-	Spot order-ticket state, not a standalone screen. Buy/Sell and Sell-with-value are dynamic states of OrderEntryPanel (order/OrderEntryPanel.tsx:580-587 cites this exact frame 3899-7131 and toggles sideWord Buy/Sell), which renders inside the perps/spot terminal already verified match (3903-21478). Segmented Buy/Sell control, side-tinted wrapper, size+asset row, Max buy/sell, sky-blue CTA all present. The filled with-value figures are live-balance-gated (DEV bypass seeds no wallet), so the numeric fill is offline here but the layout and control structure match
3900-7416	match	-	Spot order-ticket state, not a standalone screen. Buy/Sell and Sell-with-value are dynamic states of OrderEntryPanel (order/OrderEntryPanel.tsx:580-587 cites this exact frame 3899-7131 and toggles sideWord Buy/Sell), which renders inside the perps/spot terminal already verified match (3903-21478). Segmented Buy/Sell control, side-tinted wrapper, size+asset row, Max buy/sell, sky-blue CTA all present. The filled with-value figures are live-balance-gated (DEV bypass seeds no wallet), so the numeric fill is offline here but the layout and control structure match
7712-32496	match	-	Spot order-ticket state, not a standalone screen. Buy/Sell and Sell-with-value are dynamic states of OrderEntryPanel (order/OrderEntryPanel.tsx:580-587 cites this exact frame 3899-7131 and toggles sideWord Buy/Sell), which renders inside the perps/spot terminal already verified match (3903-21478). Segmented Buy/Sell control, side-tinted wrapper, size+asset row, Max buy/sell, sky-blue CTA all present. The filled with-value figures are live-balance-gated (DEV bypass seeds no wallet), so the numeric fill is offline here but the layout and control structure match
7712-33476	match	-	Spot order-ticket state, not a standalone screen. Buy/Sell and Sell-with-value are dynamic states of OrderEntryPanel (order/OrderEntryPanel.tsx:580-587 cites this exact frame 3899-7131 and toggles sideWord Buy/Sell), which renders inside the perps/spot terminal already verified match (3903-21478). Segmented Buy/Sell control, side-tinted wrapper, size+asset row, Max buy/sell, sky-blue CTA all present. The filled with-value figures are live-balance-gated (DEV bypass seeds no wallet), so the numeric fill is offline here but the layout and control structure match
3903-25954	match	-	Perp order-ticket state, not a standalone screen. Long/Short/Short-with-value/Isolated are dynamic states of PerpOrderEntry (perp-v2/PerpOrderEntry.tsx: side long/short branches, marginMode cross/isolated pill -> MarginModeSheet 3928-83147 already match) inside the perps terminal verified match (3903-21478). Side toggle, leverage pill, TP/SL, margin-mode pill all present and verified in the exit-0 perps screenshot; the Isolated pill is the default-visible state. Numeric fills are wallet/balance-gated offline but layout matches
3903-26142	match	-	Perp order-ticket state, not a standalone screen. Long/Short/Short-with-value/Isolated are dynamic states of PerpOrderEntry (perp-v2/PerpOrderEntry.tsx: side long/short branches, marginMode cross/isolated pill -> MarginModeSheet 3928-83147 already match) inside the perps terminal verified match (3903-21478). Side toggle, leverage pill, TP/SL, margin-mode pill all present and verified in the exit-0 perps screenshot; the Isolated pill is the default-visible state. Numeric fills are wallet/balance-gated offline but layout matches
7890-98315	match	-	Perp order-ticket state, not a standalone screen. Long/Short/Short-with-value/Isolated are dynamic states of PerpOrderEntry (perp-v2/PerpOrderEntry.tsx: side long/short branches, marginMode cross/isolated pill -> MarginModeSheet 3928-83147 already match) inside the perps terminal verified match (3903-21478). Side toggle, leverage pill, TP/SL, margin-mode pill all present and verified in the exit-0 perps screenshot; the Isolated pill is the default-visible state. Numeric fills are wallet/balance-gated offline but layout matches
7712-38425	match	-	Order book component (not a standalone screen): the ConnectedOrderBook that renders in the Spot/Perps terminal, already verified match inside 3903-21478 (bids/asks ladder, spread row, book/trades tabs). Ladder shows offline-empty here (no chain indexer on this box) but structure matches
3962-34721	match	-	Select-pair dropdown state (USDC / Favorites tab), a sub-state of the MarketSearchModal already verified match (3962-8774). The USDC-quote filter and Favorites tab are tabs within that verified market-search/pair-select surface, not a distinct screen
3962-34884	match	-	Select-pair dropdown state (USDC / Favorites tab), a sub-state of the MarketSearchModal already verified match (3962-8774). The USDC-quote filter and Favorites tab are tabs within that verified market-search/pair-select surface, not a distinct screen
7746-180909	deferred	-	sidebar - open - spot: a left slide-over panel variant. No open-sidebar affordance exists in the shipped spot terminal (the layout is the fixed 3-column grid verified in 3903-21478); this is an aspirational collapsible-sidebar layout with no counterpart in the current build. Deferred pending a product decision, like the Spot Layout-adjustment sidecar frames (4144-67562)
7890-121544	deferred	-	Positions TP/SL and Pages-form states of the position row. These render only when an open position exists; the DEV bypass seeds no wallet/position (perps terminal shows No open positions empty state, verified in 4018-40830 match), so the populated-row TP/SL editor and pagination form are unreachable here. The TP/SL editor itself is the Update-position modal (4020-44966, already deferred for the same gating). Deferred, needs a seeded position / isolation preview
7890-122280	deferred	-	Positions TP/SL and Pages-form states of the position row. These render only when an open position exists; the DEV bypass seeds no wallet/position (perps terminal shows No open positions empty state, verified in 4018-40830 match), so the populated-row TP/SL editor and pagination form are unreachable here. The TP/SL editor itself is the Update-position modal (4020-44966, already deferred for the same gating). Deferred, needs a seeded position / isolation preview
3979-40767	match	-	modal - confirm order SHORT: the short-side variant of the perp order-confirmation modal. Built as PerpConfirmOrderModal (perp-v2/PerpConfirmOrderModal.tsx, Confirm order title) wired into PerpOrderEntry; the SHORT variant is just side===short in the same modal. Confirm-order modal family already covered; structure matches. Live open requires filling the ticket (wallet-gated) but the component is built and rendered in code
3925-44912	deferred	-	Expanded: an ambiguous expand-state artboard with no route, family, or screen classification in the registry and no title context beyond Expanded. Cannot map to a shipped surface without disambiguation. Deferred pending identification of which panel it expands
4297-47855	deferred	-	PnL post (share-card ALT, up/down with profit): a social-share PnL image variant. The Share-PnL flow is recorded partial (4207-133479) as a position-copy action; these are the rendered share-card image designs. Generating the styled share image is an unbuilt aspirational feature (the current flow copies text only), and needs a live position to populate. Deferred as part of the Share-PnL superset
4297-48539	deferred	-	PnL post (share-card ALT, up/down with profit): a social-share PnL image variant. The Share-PnL flow is recorded partial (4207-133479) as a position-copy action; these are the rendered share-card image designs. Generating the styled share image is an unbuilt aspirational feature (the current flow copies text only), and needs a live position to populate. Deferred as part of the Share-PnL superset
3931-86279	deferred	-	AI alert types: a reference/legend artboard enumerating AI alert categories, not a trade screen. Belongs to the AI-signals/alerts documentation rather than a buildable route. Deferred as non-screen reference content
9002-162080	partial	-	? Trade responsive screen. Shipped renders (exit-0) but as a DESKTOP-GRID REFLOW, not the Figma bespoke mobile/tablet IA: missing content-nav tabs (Chart|Order book|Trades|Info), chart-hero, and bottom-pinned Buy/Sell. Structural scope-down, buildable
9045-170329	partial	-	? Trade responsive screen. Shipped renders (exit-0) but as a DESKTOP-GRID REFLOW, not the Figma bespoke mobile/tablet IA: missing content-nav tabs (Chart|Order book|Trades|Info), chart-hero, and bottom-pinned Buy/Sell. Structural scope-down, buildable
9045-170453	partial	-	? Trade responsive screen. Shipped renders (exit-0) but as a DESKTOP-GRID REFLOW, not the Figma bespoke mobile/tablet IA: missing content-nav tabs (Chart|Order book|Trades|Info), chart-hero, and bottom-pinned Buy/Sell. Structural scope-down, buildable
9045-170740	partial	-	? Trade responsive screen. Shipped renders (exit-0) but as a DESKTOP-GRID REFLOW, not the Figma bespoke mobile/tablet IA: missing content-nav tabs (Chart|Order book|Trades|Info), chart-hero, and bottom-pinned Buy/Sell. Structural scope-down, buildable
9045-170994	partial	-	? Trade responsive screen. Shipped renders (exit-0) but as a DESKTOP-GRID REFLOW, not the Figma bespoke mobile/tablet IA: missing content-nav tabs (Chart|Order book|Trades|Info), chart-hero, and bottom-pinned Buy/Sell. Structural scope-down, buildable
9048-192225	partial	-	? Trade responsive screen. Shipped renders (exit-0) but as a DESKTOP-GRID REFLOW, not the Figma bespoke mobile/tablet IA: missing content-nav tabs (Chart|Order book|Trades|Info), chart-hero, and bottom-pinned Buy/Sell. Structural scope-down, buildable
9048-192507	partial	-	? Trade responsive screen. Shipped renders (exit-0) but as a DESKTOP-GRID REFLOW, not the Figma bespoke mobile/tablet IA: missing content-nav tabs (Chart|Order book|Trades|Info), chart-hero, and bottom-pinned Buy/Sell. Structural scope-down, buildable
9050-208186	partial	-	tablet Trade responsive screen. Shipped renders (exit-0) but as a DESKTOP-GRID REFLOW, not the Figma bespoke mobile/tablet IA: missing content-nav tabs (Chart|Order book|Trades|Info), chart-hero, and bottom-pinned Buy/Sell. Structural scope-down, buildable
9050-212389	deferred	-	? chart-control dropdown; requires opening a live native-chart control (shipped chart is TradingView; native dropdowns gated by NATIVE_TRADE_CHART OFF per trade ground-truth). Not openable in static verify
9050-215425	partial	-	tablet Trade responsive screen. Shipped renders (exit-0) but as a DESKTOP-GRID REFLOW, not the Figma bespoke mobile/tablet IA: missing content-nav tabs (Chart|Order book|Trades|Info), chart-hero, and bottom-pinned Buy/Sell. Structural scope-down, buildable
9058-223749	partial	-	? Trade responsive screen. Shipped renders (exit-0) but as a DESKTOP-GRID REFLOW, not the Figma bespoke mobile/tablet IA: missing content-nav tabs (Chart|Order book|Trades|Info), chart-hero, and bottom-pinned Buy/Sell. Structural scope-down, buildable
9058-223872	partial	-	? Trade responsive screen. Shipped renders (exit-0) but as a DESKTOP-GRID REFLOW, not the Figma bespoke mobile/tablet IA: missing content-nav tabs (Chart|Order book|Trades|Info), chart-hero, and bottom-pinned Buy/Sell. Structural scope-down, buildable
9058-223998	partial	-	? Trade responsive screen. Shipped renders (exit-0) but as a DESKTOP-GRID REFLOW, not the Figma bespoke mobile/tablet IA: missing content-nav tabs (Chart|Order book|Trades|Info), chart-hero, and bottom-pinned Buy/Sell. Structural scope-down, buildable
9058-225586	partial	-	? Trade responsive screen. Shipped renders (exit-0) but as a DESKTOP-GRID REFLOW, not the Figma bespoke mobile/tablet IA: missing content-nav tabs (Chart|Order book|Trades|Info), chart-hero, and bottom-pinned Buy/Sell. Structural scope-down, buildable
9058-225792	deferred	-	? order/position modal or PnL card; needs live wallet + open position to trigger. Layout is a state of the reflowed panel, not the bespoke mobile IA
9058-225926	deferred	-	? order/position modal or PnL card; needs live wallet + open position to trigger. Layout is a state of the reflowed panel, not the bespoke mobile IA
9061-240109	partial	-	? Trade responsive screen. Shipped renders (exit-0) but as a DESKTOP-GRID REFLOW, not the Figma bespoke mobile/tablet IA: missing content-nav tabs (Chart|Order book|Trades|Info), chart-hero, and bottom-pinned Buy/Sell. Structural scope-down, buildable
9061-240254	partial	-	? Trade responsive screen. Shipped renders (exit-0) but as a DESKTOP-GRID REFLOW, not the Figma bespoke mobile/tablet IA: missing content-nav tabs (Chart|Order book|Trades|Info), chart-hero, and bottom-pinned Buy/Sell. Structural scope-down, buildable
9104-77744	partial	-	? Trade responsive screen. Shipped renders (exit-0) but as a DESKTOP-GRID REFLOW, not the Figma bespoke mobile/tablet IA: missing content-nav tabs (Chart|Order book|Trades|Info), chart-hero, and bottom-pinned Buy/Sell. Structural scope-down, buildable
9105-77093	partial	-	? Trade responsive screen. Shipped renders (exit-0) but as a DESKTOP-GRID REFLOW, not the Figma bespoke mobile/tablet IA: missing content-nav tabs (Chart|Order book|Trades|Info), chart-hero, and bottom-pinned Buy/Sell. Structural scope-down, buildable
9106-77596	partial	-	? Trade responsive screen. Shipped renders (exit-0) but as a DESKTOP-GRID REFLOW, not the Figma bespoke mobile/tablet IA: missing content-nav tabs (Chart|Order book|Trades|Info), chart-hero, and bottom-pinned Buy/Sell. Structural scope-down, buildable
9106-77632	partial	-	? Trade responsive screen. Shipped renders (exit-0) but as a DESKTOP-GRID REFLOW, not the Figma bespoke mobile/tablet IA: missing content-nav tabs (Chart|Order book|Trades|Info), chart-hero, and bottom-pinned Buy/Sell. Structural scope-down, buildable
9106-79115	partial	-	? Trade responsive screen. Shipped renders (exit-0) but as a DESKTOP-GRID REFLOW, not the Figma bespoke mobile/tablet IA: missing content-nav tabs (Chart|Order book|Trades|Info), chart-hero, and bottom-pinned Buy/Sell. Structural scope-down, buildable
9106-79151	partial	-	? Trade responsive screen. Shipped renders (exit-0) but as a DESKTOP-GRID REFLOW, not the Figma bespoke mobile/tablet IA: missing content-nav tabs (Chart|Order book|Trades|Info), chart-hero, and bottom-pinned Buy/Sell. Structural scope-down, buildable
9114-77711	partial	-	? Trade responsive screen. Shipped renders (exit-0) but as a DESKTOP-GRID REFLOW, not the Figma bespoke mobile/tablet IA: missing content-nav tabs (Chart|Order book|Trades|Info), chart-hero, and bottom-pinned Buy/Sell. Structural scope-down, buildable
9114-77881	partial	-	? Trade responsive screen. Shipped renders (exit-0) but as a DESKTOP-GRID REFLOW, not the Figma bespoke mobile/tablet IA: missing content-nav tabs (Chart|Order book|Trades|Info), chart-hero, and bottom-pinned Buy/Sell. Structural scope-down, buildable
9148-82240	deferred	-	? order/position modal or PnL card; needs live wallet + open position to trigger. Layout is a state of the reflowed panel, not the bespoke mobile IA
9152-81278	deferred	-	? order/position modal or PnL card; needs live wallet + open position to trigger. Layout is a state of the reflowed panel, not the bespoke mobile IA
9153-118323	partial	-	? Trade responsive screen. Shipped renders (exit-0) but as a DESKTOP-GRID REFLOW, not the Figma bespoke mobile/tablet IA: missing content-nav tabs (Chart|Order book|Trades|Info), chart-hero, and bottom-pinned Buy/Sell. Structural scope-down, buildable
9153-85201	deferred	-	? order/position modal or PnL card; needs live wallet + open position to trigger. Layout is a state of the reflowed panel, not the bespoke mobile IA
9153-85888	deferred	-	? order/position modal or PnL card; needs live wallet + open position to trigger. Layout is a state of the reflowed panel, not the bespoke mobile IA
9154-119745	deferred	-	? order/position modal or PnL card; needs live wallet + open position to trigger. Layout is a state of the reflowed panel, not the bespoke mobile IA
9154-119891	partial	-	mobile Trade responsive screen. Shipped renders (exit-0) but as a DESKTOP-GRID REFLOW, not the Figma bespoke mobile/tablet IA: missing content-nav tabs (Chart|Order book|Trades|Info), chart-hero, and bottom-pinned Buy/Sell. Structural scope-down, buildable
9154-121608	partial	-	mobile Trade responsive screen. Shipped renders (exit-0) but as a DESKTOP-GRID REFLOW, not the Figma bespoke mobile/tablet IA: missing content-nav tabs (Chart|Order book|Trades|Info), chart-hero, and bottom-pinned Buy/Sell. Structural scope-down, buildable
9156-138870	deferred	-	? order/position modal or PnL card; needs live wallet + open position to trigger. Layout is a state of the reflowed panel, not the bespoke mobile IA
9156-140326	partial	-	mobile Trade responsive screen. Shipped renders (exit-0) but as a DESKTOP-GRID REFLOW, not the Figma bespoke mobile/tablet IA: missing content-nav tabs (Chart|Order book|Trades|Info), chart-hero, and bottom-pinned Buy/Sell. Structural scope-down, buildable
9156-141722	partial	-	mobile Trade responsive screen. Shipped renders (exit-0) but as a DESKTOP-GRID REFLOW, not the Figma bespoke mobile/tablet IA: missing content-nav tabs (Chart|Order book|Trades|Info), chart-hero, and bottom-pinned Buy/Sell. Structural scope-down, buildable
9774-91524	partial	-	? Trade responsive screen. Shipped renders (exit-0) but as a DESKTOP-GRID REFLOW, not the Figma bespoke mobile/tablet IA: missing content-nav tabs (Chart|Order book|Trades|Info), chart-hero, and bottom-pinned Buy/Sell. Structural scope-down, buildable
9774-91774	partial	-	? Trade responsive screen. Shipped renders (exit-0) but as a DESKTOP-GRID REFLOW, not the Figma bespoke mobile/tablet IA: missing content-nav tabs (Chart|Order book|Trades|Info), chart-hero, and bottom-pinned Buy/Sell. Structural scope-down, buildable
9775-93472	deferred	-	? order/position modal or PnL card; needs live wallet + open position to trigger. Layout is a state of the reflowed panel, not the bespoke mobile IA
9776-98249	partial	-	? Trade responsive screen. Shipped renders (exit-0) but as a DESKTOP-GRID REFLOW, not the Figma bespoke mobile/tablet IA: missing content-nav tabs (Chart|Order book|Trades|Info), chart-hero, and bottom-pinned Buy/Sell. Structural scope-down, buildable
9777-107807	deferred	-	? chart-control dropdown; requires opening a live native-chart control (shipped chart is TradingView; native dropdowns gated by NATIVE_TRADE_CHART OFF per trade ground-truth). Not openable in static verify
9780-113550	partial	-	mobile Trade responsive screen. Shipped renders (exit-0) but as a DESKTOP-GRID REFLOW, not the Figma bespoke mobile/tablet IA: missing content-nav tabs (Chart|Order book|Trades|Info), chart-hero, and bottom-pinned Buy/Sell. Structural scope-down, buildable
3899-7131	match	-	OrderEntryPanel on /spot sell state; tabs Market/Limit/Pro, red-tinted Buy/Sell, Amount+unit select, Size row, 0-100 slider, Available with add-funds plus, Slippage/Max sell/Fees maker+taker, Add more funds all present; CTA reads Sign in to trade because the DEV bypass seeds no wallet
7712-32496	match	-	Same panel buy state; green-tinted side control and Max buy row; unit shows BTC vs Figma USDT which is data not structure
3900-7416	match	-	Sell-with-value; size card gains the green ring and the slider fills; lit red Sell CTA replaced by Sign in to trade under the no-wallet DEV bypass
7712-33476	match	-	Duplicate of 3900-7416 design; same OrderEntryPanel sell-with-value state verified at 1440
3962-8653	match	-	Limit tab renders the Price card with the Current price shortcut and the frame child dropdown-3 is ProOrderTypeMenu with Trigger, TP/SL, Scaled order; price shows an em dash because no live mark exists under NO-MOCK
3903-25954	partial	-	PerpOrderEntry long state has every frame block including TP/SL, Est. Liq. Price, Hidden Order, Reduce Only, GTC, Margin/Max buy/Fees; the size row is labelled Collateral: not the frame's Size:, and the unit reads USD not BTC
3903-26142	partial	-	Perps short-with-value; value and Est. Liq. Price compute correctly; same Collateral: vs Size: label delta as 3903-25954
7890-98315	partial	-	Perps ticket with the Isolated and leverage pill row present and the margin sheet opening from the Isolated pill; same Collateral: vs Size: label delta, and the max-leverage badge reads 500x MAX vs the frame's 40x MAX
9045-170329	match	-	Tablet 730 buy; at 768 the app renders the full-width MobileTradeShell ticket sheet, not a distinct tablet panel, and every frame row is present
9045-170453	partial	-	Tablet sell unreachable from the bar - clicking Sell at 768 opens the ticket still on Buy because Spot never passes its barSide into OrderEntryPanel; see the defect note on 9058-223872
9045-170740	partial	-	Tablet sell-with-value; same unreachable-sell defect, and the Available row's right cell shows the USD order value where the frame shows 0.0012 BTC
9045-170994	partial	-	Tablet limit not separately driven at 768; the limit card itself is verified at 1440 and 375, so recorded partial rather than claimed
9105-77093	partial	-	Perps tablet short verified at 768 exit 0 with the red side control; same Collateral: vs Size: label delta as the other perps frames
9058-223749	match	-	Mobile 375 buy; the bar's Buy opens the ticket sheet with tab row, side control, Amount, slider, Available, CTA, Slippage/Max buy/Fees and Add more funds
9058-223872	partial	-	DEFECT - mobile Sell is unreachable. Clicking the bar's Sell opens a byte-identical ticket to Buy, md5 equal and 0 diff pixels, because OrderEntryPanel takes no side prop and Spot does not re-key it, unlike PerpTrading which passes initialSide and re-keys. Fix is a side prop plus re-key in src/pages/trade/Spot.tsx; left unmade as it changes order-entry side defaults
9058-223998	partial	-	Mobile sell-with-value; blocked by the same unreachable-sell defect as 9058-223872
9058-225586	partial	-	Mobile limit-with-value; the limit price card is reachable at 375 but only on the buy side, per the unreachable-sell defect
9774-91524	match	-	Mobile limit; the Price card with Current price shortcut, size card, slider, Available and footer rows all render in the ticket sheet at 375
9774-91774	partial	-	Mobile Pro selection; the menu opens over the ticket with the frame's three rows Trigger, TP/SL and Scaled order, but each unavailable row carries an extra on-screen reason line the frame does not draw
9775-93472	deferred	-	Pro Trigger ticket - Trigger price, Order price with Market selector and Total - is not built. Spot's Trigger row is deliberately inert because the spot order payload carries no trigger price, so a stop would place as a plain order
9058-225792	partial	-	Pro TP/SL ticket. The frame's four price cards - TP trigger, TP order, SL trigger, SL order - plus Total are not built. Perps does ship TP/SL and arming it renders Take Profit and Stop Loss inputs with Quick R:R presets, a different design; spot TP/SL is intentionally unavailable
9058-225926	deferred	-	Pro Scaled order ticket is entirely unbuilt - no Min/Max price pair, Sub-order count, Expiry, Equal/Increasing/Decreasing/Random distribution, Price/Amount/Percentage table or Average price row. One submit is one order, so no ladder primitive exists to back it
9114-77711	partial	-	Perps mobile short reached at 375 exit 0 with the red side control and a correctly differing render from long; same Collateral: vs Size: label delta
9114-77881	partial	-	Perps mobile short-with-value; the short state is reachable and values compute, same label delta as 9114-77711
9153-118323	partial	-	Perps mobile long reached at 375 exit 0 with the green side control; same Collateral: vs Size: label delta
3972-25561	partial	-	IndicatorsMenu in TradingChart.tsx opens at 1440 but lacks the search field, Script name header and per-row favorite star; indicator list is 9 SMA/EMA/RSI/MACD/volume entries not the 10 alphabetical studies
9050-212389	partial	-	same TradingChart IndicatorsMenu verified open at 768; duplicate of 3972-25561 at tablet width, one impl serves both; same missing search + Script name header + favorite star
9777-107807	partial	-	same TradingChart IndicatorsMenu verified open at 375; duplicate of 3972-25561 at mobile width; same missing search + Script name header + favorite star
7679-71196	deferred	-	timezone picker does not exist; chart clock is static text useChartClock in TradingChart.tsx and CandleChart.tsx, no trigger to open a 16-item UTC list
9002-161526	deferred	-	same 16-item timezone list at 768, byte-identical item set to 7679-71196; genuine duplicate at tablet width, still unbuilt
9061-258382	deferred	-	same 16-item timezone list at 375; genuine duplicate at mobile width, still unbuilt
7890-128681	partial	-	position row action menu exists in PerpPositionsPanel.tsx and perp/PositionsTable.tsx but items are Modify TP-SL + Share Position and Edit TP-SL + Close Position, not Modify position + Delete position; could not open, no open positions on the authed perps route
9777-109249	partial	-	NOT a duplicate of 7890-128681; this is a grouped Minutes/Hours/Days timeframe list with 15 entries and collapsible section headers. TradingChart.tsx renders a flat 7-pill row, CandleChart TimeframeBar an ungrouped overflow popover of 3 items
7890-139989	deferred	-	All/Active/Long/Short position filter has no implementation anywhere in src; PerpPositionsPanel filters only by market, no side or status filter control exists
3962-34721	match	-	MarketSearchModal.tsx MarketSearchPanel verified open at 1440 exit 0; search + 7 category tabs + quote-asset row + 5-column table + favorite heart + leverage tag + 4-key shortcut footer all present. Fixed pair label to BTC / USDC per Figma
3962-34884	match	-	same MarketSearchPanel Favorites tab verified at 1440 exit 0; heart-suffixed active tab and empty state render. Duplicate of 3962-34721 differing only in active tab, one impl serves both
9048-192225	match	-	same MarketSearchPanel verified open at 768 exit 0; tablet duplicate of 3962-34721, layout reflows, no shortcut footer difference in code. Figma omits the footer at 768 but code keeps it, cosmetic only
9048-192507	match	-	same MarketSearchPanel Favorites verified at 768 exit 0; tablet duplicate of 3962-34884
9061-240109	match	-	same MarketSearchPanel verified open at 375 exit 0 AFTER fixing a real defect: tab row 519px and table 559px overflowed the 343px dialog with no scroll, hiding Trending/Stocks/Volume/Market cap
9061-240254	match	-	same MarketSearchPanel Favorites verified at 375 exit 0; mobile duplicate of 3962-34884, benefits from the same overflow fix
3979-40767	match	-	PerpConfirmOrderModal.tsx verified via DEV isolation preview at 1440; dialog measures 564px = frame width; all 4 summary rows, Short tag, dont-show checkbox, gas note, red Short BTC CTA + close X present
9148-82240	partial	-	Same PerpConfirmOrderModal covers this 448px tablet variant but the dialog stays 564px wide at WIDTH=768 with desktop 24px padding; frame wants 448x394 with 12px padding and 22/18px type
9152-81278	deferred	-	Update position TP/SL modal; existing ModifyTpSlModal in PerpPositionsPanel.tsx is a different design - only TP+SL price inputs, no Pair/Size/Entry/Mark rows, no Gain/Loss pair fields, no TP 2 additional-position row, no Configure amount or Limit price checkboxes, no disclaimer paragraph. Unreachable to screenshot: needs an open position which needs a connected wallet
9154-119745	partial	-	MarketSearchModal.tsx verified open at 1440 and 375; search field, 6 category tabs, quote-asset circles, all 5 columns Trading pairs/Last price/24h change/Volume/Open interest and the 40x-style leverage tag all present. Deltas: dialog is 512px not 558, rows carry a favorite heart the frame lacks, and it adds a keyboard-hint footer not in the frame
7890-98663	partial	-	Leverage ALT 2 - no right drawer exists. Reachable impl is the inline LeverageSelector disclosed by the ticket leverage pill; verified open at 1440. Missing: drawer chrome + Adjust trade settings title, Control leverage heading and copy, red Warning card, numeric leverage input, 0x/20x/30x/50x/100x/120x preset row, Max position + Required margin rows, Save settings CTA
9106-77596	partial	-	Right menu leverage 442px - same inline LeverageSelector; no drawer, no warning card, no Save settings CTA. Slider present but scale marks are 1x..500x presets not the frames 0/20x/50/75/100 ticks
9106-77632	partial	-	Right menu leverage ALT 442px - as 9106-77596 plus the ALT-only preset row and the Max position at current leverage and Required position margin summary rows are absent
9106-79115	partial	-	Right menu leverage 359px narrow variant - same inline LeverageSelector at every width; no per-breakpoint drawer exists
9106-79151	partial	-	Right menu leverage ALT 359px - as 9106-79115 plus missing preset row and the two summary rows
7890-121544	partial	-	Positions TP/SL - PerpPositionsPanel.tsx verified at 1440 measuring 1354px wide with the 6-tab strip. Table columns differ from frame: app has Market/Size/Margin/Margin Ratio/Entry/Mark/Liq/PnL ROE, frame has Trading pairs/Size/USD/Entry/Mark/PnL ROE/Liq/Margin/Funding plus a TP-SL column showing tp/sl prices with two inline buttons and a Close all column. Frames Export as CSV and View all footer row absent. Rows unreachable without a wallet so only the empty state was screenshotted
7890-122280	deferred	-	Positions Pages form - the frames pagination footer Pages, first/prev/page/next/last controls and 1 to 3 of 3 counter does not exist anywhere in PerpPositionsPanel.tsx; grep for Pages and paginat returns nothing. Table rows also unreachable without a wallet
7886-84306	deferred	-	tool-tip instance, copy is Oracle plus The median of external prices reported by validators used for computing funding rates. No Oracle cell and no such tooltip exists in the trade surfaces; grep for median of external prices returns nothing repo-wide. skai-ui TooltipContent also renders no arrow connector
9135-86713	deferred	-	Same tool-tip component instance as 7886-84306, identical Oracle copy at the tablet page. Genuine repeat, one implementation satisfies both. Same gap: no Oracle tooltip and no arrow connector in skai-ui tooltip
3886-15109	match	-	PerpMarketHeader.tsx verified at 1440; element measures exactly 1354x58 matching the frames 58px height, with the coin icon, BTC-USD headline plus chevron, 27px divider and the label-over-value cells Price, 24h Change, Market Cap, Open Interest, Funding Rate / Timer in frame order
3925-44912	partial	-	Expanded spot-perp variant whose second cell is Oracle 121,693 where 3886-15109 has Market Cap. Distinct from 3886-15109, not a repeat. No Oracle cell exists in either MarketHeader.tsx or PerpMarketHeader.tsx; grep for Oracle across src/components/trade and src/pages/trade returns nothing
9104-77744	partial	-	Expanded 756px tablet variant, also Oracle-based. Verified PerpMarketHeader at WIDTH=768: measures 740x58 so the height matches, but it stops after three cells Price, 24h Change, Market Cap - frame draws five including Oracle, Open Interest and Funding Rate / Timer
7712-38425	partial	-	Order book 277px. Verified both impls at 1440. Spot OrderBook.tsx has the Order book/Trades tab row from frame 7712-38426 and depth bars; PerpOrderBook.tsx renders the perps book. Column set differs from the frame: app shows Price/Size/Total, frame shows Price/Size BTC/Time with a per-row trailing action icon and no Total. Frame also has no mid-spread strip while both impls draw one
9774-89965	partial	-	date range 375px dropdown. CandleChart.tsx CHART_RANGES has exactly the frames 7 ranges and was verified rendering at both 375 and 1440, but as a horizontal pill row of short labels 5y/1y/6m/3m/1m/5d/1d - not the frames vertical 375px-wide dropdown panel with full labels 1 Day, 5 Days, 1 Month, 3 Months, 6 Months, 1 Year, 5 Years and the first row highlighted
7746-211720	deferred	-	NATIVE_TRADE_CHART OFF and unset in every env file; impl is native-chart/CandleChart line type. Flag-on probe rendered the nav rows but no OHLC provider, so plot gradient/crosshair unverifiable; %/Log/Auto ship disabled
7746-212008	deferred	-	NATIVE_TRADE_CHART OFF; same CandleChart with chartType area. Frame is structurally identical to 7746-211720 node-for-node, only plot style differs
7746-212704	deferred	-	NATIVE_TRADE_CHART OFF; exact duplicate of 7746-212008 node-for-node, same 764x544. One impl covers both
9777-105532	deferred	-	NATIVE_TRADE_CHART OFF; 375 mobile variant. Flag-on 375 probe shows the DESKTOP nav 5m 30m 1h D plus the full 5y..1d range row; frame collapses to a single 30m dropdown plus a Date range control
9777-105690	deferred	-	NATIVE_TRADE_CHART OFF; 375 mobile Line. Same mobile-nav collapse gap as 9777-105532
9777-105846	deferred	-	NATIVE_TRADE_CHART OFF; 375 mobile Area. Same mobile-nav gap; this frame also hosts the Tool handle 9050-211139 which has no impl
4297-47855	partial	-	No PnL-post share card exists. PnLFlexCard and ShareablePnLCard are a different design - win rate, trades, streak, QR - with no pair plus leverage tag, no Profit row, no Entry and Mark price pair, no referral-link pill, no download icon, no arrow art
4297-48539	partial	-	Same gap as 4297-47855; this is the down-with-profit colour treatment. Impl does switch sign colour alien-green-bright vs skai-red but on the wrong card design
9153-85201	partial	-	Repeat of 4297-47855 at 448px instead of 506px. One responsive impl would satisfy both
9153-85888	partial	-	Repeat of 4297-48539 at 448px. One impl covers it
9156-138870	partial	-	Repeat of 4297-47855 at 354px. Three sizes of the same up-with-profit card
3931-86279	partial	-	AIConfidenceStrip src/components/trade/AIConfidenceStrip.tsx. Frame carries TWO variants 20pct bearish and 88pct bullish - both data-reachable - but the N reports chip is absent by design, no report count in useBotChartIndicators. On /spot the call site className rounded-none border-t border-white 5pct overrides the frame dashed alien-green border and 12px radius; measured 1px dashed rgba 255,255,255,0.05 radius 0
7679-71122	partial	-	Shouty state is the reports tag as a SOLID 17F9B4 filled pill vs the muted 122524 chip in the normal variant. Impl renders no reports chip at all, so the shouty variant does not exist
9002-162080	partial	-	708 tablet variant of 3931-86279. Verified at 768: one 54px row with 2 hairline dividers, correct. Same missing reports chip
9776-98249	partial	-	375 mobile variant. Verified at 375: card stacks to THREE rows label+pct, sentiment, pair+LIVE; frame draws TWO rows and a bottom hairline instead of the dashed border
3931-91943	partial	-	Hover state of the AI strip: a 44pct green-coal-300 blur-2.5px overlay plus a centred 160x34 sky-blue View full report CTA. Nothing implemented - grep for View full report across src/ and modules/skai-ui/src/ returns zero hits, no overlay, no group-hover
9002-162005	partial	-	Repeat of 3931-91943 at 708 tablet, CTA 160x32. Same missing overlay+CTA. One impl satisfies all three On:Hover frames
9776-98250	partial	-	Repeat of 3931-91943 at 375 mobile, CTA 160x32 at x=107. Same missing overlay+CTA
7746-180909	partial	-	HomeSidebarExpanded src/components/home-redesign/HomeSidebarExpanded.tsx with TRADE_NAV. Verified expanded at 1440 exit 0: 232x624 column, New chat Perps Spot Swaps Trench Launch then Messages Games Wallet then Upgrade to Pro. Dashboard and Layout settings deliberately absent - the layout-customiser subsystem has no route or panel registry, documented at HomeSidebarExpanded.tsx line 784
9081-273208	partial	-	Same component, 318px frame. Beyond the two deliberate omissions this frame adds a sidebar header row panel-toggle plus skai-short logo, a Search anything field and a 3-stat nav row 800 / 11.2k / 419.12 INSIDE the sidebar. Probe: the search input sits in the TOP BAR at x=612 inSidebar false, and no stat row exists
9081-273284	partial	-	Repeat of 9081-273208 at 296px instead of 318px - identical node tree including the hidden internal AI master / AI advisor / Backtest group. One impl covers both
4144-63925	partial	-	Section of THREE ticket frames Trigger, TP/SL, Scaled. Spot: OrderEntryPanel lists all three in the Pro menu but marks each unavailable with a reason - the spot order payload carries no triggerPrice. Perps: PerpOrderEntry has TP/SL REAL, Trigger and Scaled not executable. So the frame ticket bodies min/max price, sub-order count, expiry mode row, average price are not built
9050-211139	deferred	-	8x29 sky-blue 8px rounded-lg drag handle, a child of the mobile chart frames 9777-105846 and 9777-105690. No impl anywhere - grep for the 8px-wide and 29px-tall arbitrary classes across src/ returns zero - and its host chart is behind NATIVE_TRADE_CHART which is OFF
3899-7250	deferred	-	Figma artifact layer (Notes) - annotation/spacer/section-marker, not implementable UI
3903-21476	deferred	-	Figma artifact layer (Rectangle 155) - annotation/spacer/section-marker, not implementable UI
3903-26337	deferred	-	Figma artifact layer (Directory) - annotation/spacer/section-marker, not implementable UI
3903-26850	deferred	-	Figma artifact layer (Notes) - annotation/spacer/section-marker, not implementable UI
3903-26874	deferred	-	Figma artifact layer (Rectangle 156) - annotation/spacer/section-marker, not implementable UI
3927-56677	deferred	-	Figma artifact layer (Chart sample 2 - SOL) - annotation/spacer/section-marker, not implementable UI
3931-86058	deferred	-	Figma artifact layer (Notes) - annotation/spacer/section-marker, not implementable UI
3931-88035	deferred	-	Figma artifact layer (Breakpoint) - annotation/spacer/section-marker, not implementable UI
3931-92020	deferred	-	Figma artifact layer (Notes) - annotation/spacer/section-marker, not implementable UI
3962-35200	deferred	-	Figma artifact layer (Notes) - annotation/spacer/section-marker, not implementable UI
3972-25537	deferred	-	Figma artifact layer (Notes) - annotation/spacer/section-marker, not implementable UI
4020-49442	deferred	-	Figma artifact layer (Notes) - annotation/spacer/section-marker, not implementable UI
4142-61420	deferred	-	Figma artifact layer (Notes) - annotation/spacer/section-marker, not implementable UI
4144-64090	deferred	-	Figma artifact layer (Notes) - annotation/spacer/section-marker, not implementable UI
4191-121142	deferred	-	Figma artifact layer (Notes) - annotation/spacer/section-marker, not implementable UI
7645-110947	deferred	-	Figma artifact layer (Rectangle 161) - annotation/spacer/section-marker, not implementable UI
7888-96627	deferred	-	Figma artifact layer (Notes) - annotation/spacer/section-marker, not implementable UI
9000-122588	deferred	-	Figma artifact layer (Notes) - annotation/spacer/section-marker, not implementable UI
9002-157016	deferred	-	Figma artifact layer (Breakpoint) - annotation/spacer/section-marker, not implementable UI
9045-174230	deferred	-	Figma artifact layer (Frame 1234) - annotation/spacer/section-marker, not implementable UI
9045-174360	deferred	-	Figma artifact layer (Frame 1235) - annotation/spacer/section-marker, not implementable UI
9045-174613	deferred	-	Figma artifact layer (Frame 1233) - annotation/spacer/section-marker, not implementable UI
9050-210827	deferred	-	Figma artifact layer (Frame 1238) - annotation/spacer/section-marker, not implementable UI
9050-210996	deferred	-	Figma artifact layer (Frame 1239) - annotation/spacer/section-marker, not implementable UI
9050-211728	deferred	-	Figma artifact layer (Frame 1240) - annotation/spacer/section-marker, not implementable UI
9050-211896	deferred	-	Figma artifact layer (Frame 1241) - annotation/spacer/section-marker, not implementable UI
9056-216827	deferred	-	Figma artifact layer (Breakpoint) - annotation/spacer/section-marker, not implementable UI
9059-238601	deferred	-	Figma artifact layer (Frame 1249) - annotation/spacer/section-marker, not implementable UI
9059-238612	deferred	-	Figma artifact layer (Frame 1248) - annotation/spacer/section-marker, not implementable UI
9114-78042	deferred	-	Figma artifact layer (Frame 1279) - annotation/spacer/section-marker, not implementable UI
9433-91121	deferred	-	Figma artifact layer (icons/action) - annotation/spacer/section-marker, not implementable UI
9772-76942	deferred	-	Figma artifact layer (Frame 1341) - annotation/spacer/section-marker, not implementable UI
9776-97982	deferred	-	Figma artifact layer (Frame 1355) - annotation/spacer/section-marker, not implementable UI
4297-47855	partial	-	PnL share card (up-with-profit) exists inside ShareTradeModal preview pane, unreachable (0 importers). Present: Skai logo, download icon, pair + Long/Short-leverage tag, big signed pct, Entry price and Mark price pair, referral-link pill. MISSING: 24px token circle icon next to pair (frame node 4297:48507 images/circle); "Profit:" label at 0,122 - impl renders the USD amount with no label and hides it by default since showPnlUsd starts false, whereas the frame shows the profit row; three-polygon arrow artwork (Frame 498 230x581, Polygon 1/2/3) is approximated by one blurred clipPath triangle. Big pct is text-5xl 48px vs the frame text block 219x90. SURPLUS: none. Could not screenshot - no route reaches the modal
4297-48539	partial	-	Same component and same gap list as 4297-47855; this is the down-with-profit colour treatment. Impl does switch the sign colour (alien-green-bright vs skai-red) and the tag background with it, so the colour variant is handled - the residual diff is the shared card gaps above plus unreachability (0 importers)
7712-38425	partial	-	Order book: 3-col grid, 18px rows, left-anchored depth gradient and spread strip all match; headers relabelled Size/Total (USDT) per 7886:92799-92800. SURPLUS vs frame: per-row external-link icon absent from our rows; frame has no feed-status footer or Retry control (ours are deliberate offline honesty). Live book is EMPTY on chain so row-level numeric parity unverifiable.
7890-122280	partial	-	Positions - Pages form: our table has 9 cols (Market/Size/Margin/Margin Ratio/Entry/Mark/Liq./PnL ROE/actions); frame draws 10 (Trading pairs/Size/Position value/Entry/Mark/PnL ROE%/Liq./Margin/Funding/TP-SL+Close all). MISSING: Position value, Funding, TP/SL pair, per-row Market+Limit buttons, coin avatar, leverage Tag, pagination footer (Pages, 1-3 of 3), Export as CSV, View all. SURPLUS: Margin Ratio col, liq-proximity bar, Market Close button, overflow menu. Not restructured - no wallet/positions reachable to verify a rebuilt table.
9104-77744	partial	-	Expanded header component (756x58) the 85c46c57 report links. Cell inventory, order, bar height and type ramp verified against the render at 768. Same residual as 9135-85242 — the surrounding tablet IA is a sibling lane's
3886-15109	partial	-	Perps DESKTOP header bar. Now 5 cells Price/Market Cap/24h Change/Open Interest/Funding Rate+Timer with NO Oracle, matching the frame exactly (Oracle is tablet-only; the two frames are complementary, not nested). Bar 58px, pair 24px/28px ls -0.96px measured at WIDTH=1440. Market Cap moved to the frame's second slot
3903-26142	partial	-	Perps order ticket short-with-value, 1440 exit 0 + DOM inventory. MATCHES: 3-tab strip Market/Limit/Pro, NNx MAX chip #17F9B4 on 14pct tint, cross+leverage pills, Long/Short segmented control with side-tinted wrapper, amount card with 2px green ring when valued, 0/25/50/75/100 slider, Available row with sky-blue plus, TP-SL + Hidden Order + Reduce Only + GTC rows, Margin/Max buy/Fees, Add more funds. Checkbox radius fixed 10px to the frame 6px this pass (report 48c2d74d). MISSING: frame unit is USDT and the size row is Order value, ours is USD + Collateral (DESIGN-DECISION, financial labelling, reports 490d8aff a3d3b3ec 93e231dc); Maker/Taker render em dash because no fee schedule is wired (no-mock). SURPLUS vs frame: Order details disclosure holding position-size + margin calculators, funding rate and position summary, plus a leverage disclosure panel and a disabled-reason line. All are live readouts kept behind a collapse below the frame footer, documented in-file
3903-25954	partial	-	Perps order ticket long state, same component and same two-way diff as 3903-26142. Long pill renders bg #17F9B4 on text #001615, wrapper alien-green 20pct; measured at 1440 exit 0
3979-40767	partial	-	Confirm order SHORT variant, same component with side=short. Frame tag bg is red 34pct with #FF574A text and the CTA is #FF574A - ours drives both from tradeCtaClass/skai-red. Same radius-scale delta as 3976-40708
7712-38425	partial	-	Order book component. MISSING vs frame: columns are Price|Size|Total, frame draws Price|Size (BTC)|Time; no per-row jump-icon. SURPLUS: own 'Order Book'+Live header, spread row, 'Last:' footer, GROUP label, none in frame. Empty-state type ramp fixed to Mulish -0.04em in OrderbookEmpty. Grid itself is modules/skai-ui order-book.tsx = other lane
3931-90224	match	-	Order book Trades tab present as role=tab in a 2-tab tablist (Order book | Trades), active underline border-alien-green-bright, labels verbatim; 318x38 tab row measured
3962-8653	match	-	Trade panel Limit: role=tab Limit adds a limit-price number input at y=224 that Market lacks; Buy/Sell tablist 286x38, 0/25/50/75/100 preset row, Available row all measured present
7710-91527	match	-	Spot base at 1440: three columns measured 702 chart | 320 book | 320 ticket, header card 702x68 separate from the AI band, portfolio row 1028x697, all rounded-2xl 24px border #123F3C on #122524
3931-91943	match	-	AI strip On-Hover CTA implemented and reachable - View full report present in the DOM with the literal 56C7F3 measured rgb(86,199,243)
7679-71122	deferred	-	AI card - shouty is a component variant not used on /spot; following it would break the three spot frames that draw the muted chip (documented in AIConfidenceStrip) VERDICT WORD CORRECTED 2026-09-22 (wave62 catalog-integrity): column 2 read `n/a`, which is outside the valid set {match, partial, deferred, not-wired, ruled-out}. coverage.mjs and apply-verify.mjs both skip an unknown word with a bare `continue`, so this line has been carrying NO verdict since it was written and nobody was told. Rewritten `deferred`. `n/a` is a COLUMN-6 width value, not a verdict, so this line carried none. Line 146 keys the frame `partial` earlier in the file and is the only valid line, so the frame scored off that older line; `deferred` leaves the resolved verdict unmoved.
3927-56677	deferred	-	Chart sample 2 - SOL is Figma chart scaffolding, not implementable UI VERDICT WORD CORRECTED 2026-09-22 (wave62 catalog-integrity): column 2 read `n/a`, which is outside the valid set {match, partial, deferred, not-wired, ruled-out}. coverage.mjs and apply-verify.mjs both skip an unknown word with a bare `continue`, so this line has been carrying NO verdict since it was written and nobody was told. Rewritten `deferred`. `n/a` is a column-6 width value, not a verdict. Lines 11 and 162 already key this frame `deferred`, which is this file's own word for a chart-sample artboard that is not implementable UI; this line now agrees with them.
7746-212008	deferred	-	Chart - Area is a chart-sample artboard, not a spot panel VERDICT WORD CORRECTED 2026-09-22 (wave62 catalog-integrity): column 2 read `n/a`, which is outside the valid set {match, partial, deferred, not-wired, ruled-out}. coverage.mjs and apply-verify.mjs both skip an unknown word with a bare `continue`, so this line has been carrying NO verdict since it was written and nobody was told. Rewritten `deferred`. `n/a` is a column-6 width value, not a verdict. Lines 13 and 135 already key this frame `deferred`; this line now agrees with them.
7746-212704	deferred	-	Chart - Area duplicate artboard, not implementable UI VERDICT WORD CORRECTED 2026-09-22 (wave62 catalog-integrity): column 2 read `n/a`, which is outside the valid set {match, partial, deferred, not-wired, ruled-out}. coverage.mjs and apply-verify.mjs both skip an unknown word with a bare `continue`, so this line has been carrying NO verdict since it was written and nobody was told. Rewritten `deferred`. `n/a` is a column-6 width value, not a verdict. Lines 12 and 136 already key this frame `deferred`; this line now agrees with them.
7746-211720	deferred	-	Chart - Line is a chart-sample artboard, not a spot panel VERDICT WORD CORRECTED 2026-09-22 (wave62 catalog-integrity): column 2 read `n/a`, which is outside the valid set {match, partial, deferred, not-wired, ruled-out}. coverage.mjs and apply-verify.mjs both skip an unknown word with a bare `continue`, so this line has been carrying NO verdict since it was written and nobody was told. Rewritten `deferred`. `n/a` is a column-6 width value, not a verdict. Lines 14 and 134 already key this frame `deferred`; this line now agrees with them.
9050-215425	partial	-	tablet Spot new-layout: shipped 768 is still the desktop-grid reflow (6 visible panels stacked, docH 2263 vs viewport 1024) not the bespoke tablet IA; the IA exists behind an OFF flag
7710-91527	match	-	desktop /spot at 1440 unchanged by this pass: 10 panel shells all visible, 90 visible buttons, order-book tablist visible h=38, identical pre/post structural inventory
3886-15237	match	-	desktop /spot BASE at 1440: 3-column grid intact after the below-lg unmount; chart 702x512, order book 320x646, ticket 320x646, sidecar Account 320x100 + AI trend 320x198 + AI signals 320x387
4437-112650	partial	-	Surface EXISTS - InsightXScreen.tsx at /?tab=insightx mounted by RedesignHome (toolSurface insightx); registry route was null. FIXED this pass: title type ramp was a flat 28px at every width, now 20/24 mobile - 24/28 tablet - 32/36 desktop per 9069:263248 / 9069:261150 / 4437:112650, measured 20px/24px/32px with tracking -0.8/-0.96/-1.28px. Card label+value ramp was pinned to desktop 14/18 + 22/26 at every width, now 12/16 + 16/20 below lg. 4-up grid measured 4 cols at 1440, 2 at 768, 1 at 375. MISSING still: the title-row "AI Analysis" CTA (4437:112659) - render ships only "Advanced AI", measured titleRowButtons = Back + Advanced AI; and the bubble-map panel "1 hour ago" + "All related" filter dropdowns (4437:112744/112745), measured panelButtons = copy-address + open-DexScreener only. Ticker strip and header stat pills render their real offline state locally, not a gap
9069-261150	partial	-	Tablet 768 base. Same fixes verified numerically at 768: h1 24px/28px tracking -0.96px, card label 12/16, value 16/20, 4-up grid 2 cols - all matching 9069:262532/262540/262544. MISSING: title-row "AI Analysis" CTA (9069:262534) - render shows "Advanced AI" instead. Tablet frame draws NO separate Advanced AI button, so that button is also SURPLUS here
9069-263248	partial	-	Mobile 375 base. Verified h1 20px/24px tracking -0.8px, card label 12/16, value 16/20, grid 1 col. MISSING: mobile frame has no top CTA at all in the title row while the render still shows "Advanced AI" - SURPLUS. Per-device CTA divergence is the one remaining base-frame gap
4451-126554	partial	agent-measured-2026-07-29	Whale activity desktop. Implementer insightx/InsightXScreen.tsx, route /?tab=insightx. OPEN GAPS measured on the MOBILE frame 9081:268485 and awaiting a desktop confirm: (1) mobile must SCROLL HORIZONTALLY - 490px table in a 330px viewport with a drawn scrollbar (track 9081:268486 #001615 r-full 8px, thumb #123F3C 179px) - code stacks instead; (2) per-row emoji avatar 22px/Manrope 16/22/#95A09F - MUST be joined by address against the tracked-wallet store (useWhaleLists), never invented, since WhaleTransaction has no emoji field; (3) copy-address button 16px icons/action after the truncated address (9081:268510/268529/268548) - pattern in whales/ActivityView.tsx; (4) DirectionTag is FILLED not outlined - Bought rgba(23,249,180,.24)+#17F9B4, Sold rgba(251,51,36,.34)+#FF574A, no border; (5) panel bg #122524 green-coal-200, radius 12, padding 12 - code has bg-[#021615], rounded-b-2xl=16, p-4=16; (6) 'Shift W - Jump to Wallet manager' footer hint has ZERO implementation repo-wide; (7) AI button label is per-device (Advanced AI / AI Analysis / icon-only). PARTIAL DESKTOP CONFIRM 2026-07-29 before the run hit a session limit: gaps 4 and 6 CONFIRMED on the 1440 frame; gap 5 PARTIALLY CONTRADICTED on desktop - re-measure 5 per-breakpoint rather than applying the mobile values globally. Gaps 1,2,3,7 still desktop-unconfirmed. NO code changes were made
9081-266657	partial	-	Whale activity tablet 768. Implementer insightx/InsightXScreen.tsx, route /?tab=insightx. md: fires at >=768 so tablet is correct. MISSING: per-row emoji avatar - NOTE it must be JOINED by address against the tracked-wallet store (useWhaleLists), never invented: WhaleTransaction carries no emoji field
9081-267988	partial	-	Whale activity mobile 375. CORRECTED 2026-07-29: the earlier note said rows stack below lg - they do NOT. Design context on 9081:268485 shows an overflow-clip w-[330px] viewport wrapping a w-[490px] table plus a DRAWN scrollbar (track 9081:268486 #001615 rounded-full 8px, thumb #123F3C 179px): mobile keeps all four columns and scrolls HORIZONTALLY. Code does flex-col md:flex-row + hidden md:flex on the header, so below 768 the header disappears and its overflow-x-auto wrapper has nothing to scroll. Implementer is insightx/InsightXScreen.tsx (route /?tab=insightx), NOT perp-v2/WhaleActivityFeed.tsx which was ruled out by evidence
4451-126989	partial	tmp/fill-reports.png	Reports desktop. KEY CORRECTION: this tab is NOT an audit/abuse-report list - Figma draws a 3-column AI-signal table "Market direction | Message | Stream" plus a signal card. The prior in-code note claimed no backing data source existed anywhere in the codebase; that was FALSE - market-intel/intelMappers.toConsensusInsights already generates the frame copy verbatim off the live useAISignals feed, and candlestickTypes.toChartSentiment generates the sentiment-row phrasing. REBUILT on those real sources: headerCells measured as the exact 3 Figma labels with 3 rows, plus the frame's signal card reusing the existing SignalCard export - measured Entry, Memo and Strength all present. Tab label now reads "Reports (3)" driven by the real row count, matching the frame's "Reports  (3)". Offline signal feed renders an explicit unavailable state - no fabricated rows. MISSING: the base-frame "AI Analysis" CTA noted on 4437-112650
9081-265572	partial	-	Reports tablet 768. Same table + signal card; header row hides below md where the tablet frame stacks each row. Verified exit-0 at 768. Same residual AI Analysis CTA gap
9081-266034	partial	-	Reports mobile 375. Frame confirms the identical 3-column table AND the signal card (Long - Entry: Market - Memo - Strength: 77), both now built. Verified exit-0 at 375. SURPLUS: the "Advanced AI" button the mobile frame does not draw
4459-127765	partial	-	News desktop. STRUCTURAL MISMATCH left unbuilt - deliberately not half-built. Figma's News tab is an AI-INSIGHT feed, not press articles: its rows are "BTC falling 7.1%" with "Market sentiment for BTC is low. Score: 12%…", "Whale Accumulation — AVAX", "SOL — HOLD Signal" / "AI Consensus: HOLD with 42% confidence.  Strength: 3" - the same consensus + sentiment-alert shapes the Reports tab uses. Code renders getNews press headlines with source + published time + sentiment arrow, which is a different information architecture. Real sources for the Figma version already exist (toConsensusInsights / toAlertInsights / getSentimentAlerts), so this is a scoped rebuild, not a data problem. Recorded as build backlog
9081-266293	partial	-	News tablet 768. Same structural mismatch as 4459-127765 - Figma specifies the AI-insight feed, code renders press articles. Not half-built
9081-267604	partial	-	News mobile 375. Same structural mismatch as 4459-127765. Not half-built
8493-30183	partial	/tmp/tl/launch-1440.png	Launch desktop base. Route is /?tab=research -> RedesignHome showResearch -> ScreenerScreen (NOT a /launch path; confirmed from RedesignHome.tsx line 277 + toolSurface==="research"). Verified numerically present: h1 Launch Manrope 32/36 weight300 letterSpacing -1.28px, 4 quick-filter circles 32x32 (All+Crypto+Stocks+Memes) matching Figma 8493:30192 four ellipses, LIVE badge, Trench external link, Create token CTA, Trending tokens section with 2 carousel arrows, Markets section, search input, Display settings trigger, filters button, 8-item sort nav (All/LIVE/Movers/New/Market cap/Oldest/Last trade/Agents) matching the 8 CTA instances in 8493:30383, footer nav Home-Help-Terms-Privacy per 8493:31247-31250, bottom price scroller per 8493:31265 (renders offline state - no fabricated prices per no-mock policy). MISSING: the One-click trade group 8493:30396 - label plus SOL/0 chip plus P1/P2 chips right-aligned in the Markets nav row is absent. SURPLUS: a refresh button in the sort row the frame does not draw. Figma net-worth panels 8493:30337 and 8493:31220 are hidden=true so their absence is correct. exit0 root=93683
9346-88943	partial	-	Launch tablet 768. Same ScreenerScreen at 768 - verified h1 Launch, 4 quick-filter circles 32x32 matching 9346:88951-88956, LIVE, Trench, Create token, Trending tokens, Markets, search, Display settings, filters button, 8-item sort nav matching the 8 CTA instances in 9346:89146, footer nav Home-Help-Terms-Privacy, disclaimer. MISSING two groups the tablet frame adds: (1) the Timeframe segment 9346:89126 - 5m/1h/6h/24h beside the Markets heading with 24h boxed active - the app renders no timeframe control at any width; (2) the One-click trade row 9346:89159 - label plus a One click trade chip with a 0.0 balance and P1/P2 preset chips. SURPLUS: refresh button in the sort row. Title renders Manrope 32px at 768 where the frame draws 28px height text node 9346:88949 so the tablet step-down is absent. exit0
9346-89860	partial	-	Launch mobile 375. Same ScreenerScreen. Present: h1 Launch, 4 quick-filter circles, LIVE, Trench, Create token, Trending tokens plus 2 arrows, Markets, search, Display settings, filters, 8-item sort nav, footer nav, disclaimer, bottom price ticker. MISSING: (1) the Timeframe segment 9346:90049 - 5m/1h/6h/24h - not built at any width; (2) the One-click trade row 9346:90082 with the One click trade chip, 0.0 balance and P1/P2 chips; (3) the mobile type step-down - Figma title node 9346:89867 is 24px tall and the app keeps Manrope 32px/36px at 375, and Figma circles 9346:89869-89874 are 24px where the app measures 44px. The 44px floor is DELIBERATE - src/index.css line 918 sets a global min-height/min-width 44px for buttons under max-width 768px per iOS tap-target guidance - so the circle size delta is an accessibility decision, not an oversight; the 32px title is not covered by that rule. SURPLUS: refresh button. exit0
8493-33199	partial	/tmp/tl/disp-1440.png	Launch Display settings desktop. Opened via the Display settings trigger, exit0 stepFail=no, role=dialog found. STRUCTURAL mismatch not a small delta: Figma 8493:34777 is a Right menu 442px wide x 884 tall anchored at x=990; the app renders a 288x98 Popover at x=1023 measured from the open dialog. Content diff - Figma panel has the title Adjust display settings, the explainer Create custom hotkeys to perform one-click trading on your preferred tokens., a Show NSFW content row with subtitle Display nudity violence etc. related content. and a Show animations row. App panel has the title Display settings and ONE switch labelled Compact grid; probe confirms no NSFW copy, no Show animations, no hotkeys copy anywhere in the body. The NSFW drop is DOCUMENTED as deliberate in ScreenerScreen.tsx line 271 - the unified Market type carries no NSFW flag so the toggle would gate nothing - but Show animations and the hotkeys explainer have no such justification and are simply absent.
8493-31691	partial	/tmp/tl/launch-1440.png	Launch desktop sibling frame, same surface as 8493-30183 - no code cites this node id anywhere in src. Verified against the same exit0 render: Launch title, 4 quick-filter circles, LIVE, Trench, Create token, Trending tokens plus arrows, Markets, search, Display settings, filters, 8-item sort nav, footer nav, price scroller. Same MISSING One-click trade group and SURPLUS refresh button as the primary frame.
4419-86274	partial	/tmp/tl/launch-1440.png	Launch desktop. This node IS cited in ScreenerScreen.tsx line 10 as one of the three primary desktop-landing nodes the screen was built from, so the citation is genuine here unlike the create-token trap. Verified numerically in the same exit0 render as 8493-30183 - all header, trending, markets, sort-nav and footer items present. MISSING One-click trade group; SURPLUS refresh button in the sort row.
4405-82330	partial	/tmp/tl/launch-1440.png	Launch 1VH desktop. Also cited genuinely in ScreenerScreen.tsx line 10. Same exit0 render and same two-way diff as 4419-86274 - full header plus trending plus markets plus footer present, One-click trade group MISSING, refresh button SURPLUS.
4437-112320	partial	-	Launch Sample token Dashboard positive desktop. Genuinely cited - InsightXScreen.tsx line 4 names this as its PRIMARY node (unlike the create-token nodes it cites only to exclude). Route /?tab=insightx&symbol=SKAI, exit0. Present: h1 Dashboard 32px, Advanced AI control, Token pair row, Skai sentiment card, Verdict block, Similar name tokens with count 4 and 4 avatar chips, Bubble map / News / Whale activity sections, InsightX+Faster100x+SolScanner source tabs, token header with age Tx count and pair-created age. MISSING: the AI Analysis label 4437-112320 draws alongside Advanced AI, and the All related control. The Bullish + Great buy! + See why? states could not be verified because live sentiment is unavailable in this environment and the app correctly renders Verdict unavailable rather than a fabricated verdict per the no-mock-data policy - See why? does exist in code at InsightXScreen.tsx line 272 so it is built but gated on real data. SURPLUS: a Reports tab plus Copy contract address and Open on DexScreener controls the frame does not draw. NOT EDITED - InsightXScreen.tsx is owned by the home lane and modified in the working tree.
4446-118984	partial	/tmp/tl/newtoken-1440.png	Launch new token desktop. Genuinely cited - TokenTradeDetail.tsx line 9 names this node and lists the 5 sub-nodes it was built from. Route /crypto/:symbol, exit0 root=111418. NOT VERIFIABLE against the frame in this environment: a direct /crypto/SKAI visit renders the designed Token not found empty state with the copy No token matched this symbol - no placeholder data is shown, because useTradeToken needs router state from a Markets/Discover row click or a live token API, neither available here. What IS confirmed present in the render: the Trench price scroller strip. The frame body - header plus chart 8493:130768, stats row 8493:130813, AI-audit/sentiment banner 8493:132995, order panel 8493:132273, token-information panel 8493:132412-132531 - is implemented per the source citations but could not be visually walked. Recording partial rather than match because the two-way diff was not completable.
4437-115199	partial	/tmp/tl/create-1440.png	Launch create token desktop. TRAP CHECKED: the InsightXScreen.tsx citation of this node is an EXCLUSION note - its header states these nodes turned out to be the create-token flow and nothing from them is built there - so that citation is NOT evidence. Real surface is /launchpad/create (LaunchpadCreate.tsx + components/launchpad/create/), reached from the Launch header Create token CTA. exit0 root=71746, verified against the FULL body text not a truncated head. Present and matching Figma copy verbatim: Token image, Token banner (optional) with Select image to upload / or drag and drop it here / Choose image, both File size and type lists (max 15mb .jpg .gif .png, max 30mb .mp4, max 4.3mb) and both Resolution and aspect ratio lists (min. 1000x1000px 1:1 square, 16:9 or 9:16 1080p+, 3:1 aspect ratio 1500x500px), the Information on token data: callout with the exact sentence You can only add token data social links banner etc. at this time. You won't be able to change it later., Token details, name+symbol fields, 2 file inputs, Create token CTA. The filled/with-input state is also built - TokenImageUploader.tsx renders a 186px preview, the filename and a Replace image control per node 4442:118145. MISSING vs frame: title reads Launch Token not Create new token; no Website / Telegram / Discord link fields (frame placeholder Add Discord channel link); no Advanced options group with Mayhem mode and its Increased price volume. Active for 24h copy; no Cash back toggle with Creator rewards go to traders.; no Select launchpad picker with Choose launchpad to launch your token; no View full screen control; frame placeholders Name your token and Select a token ticker e.g SHIBA render as e.g. Pepe Rocket and e.g. PEPR. SURPLUS vs frame: a Step 1 of 2 SKAITokenFactory explainer, a Total supply 1M/10M/100M/1B chip row, a Base units minted 18-decimals line, a Creation fee sUSD block and a Connect a wallet to deploy hint - real deploy mechanics the frame does not draw.
4437-116944	partial	/tmp/tl/create-1440.png	Launch create token desktop sibling frame. Same surface and same two-way diff as 4437-115199 - InsightXScreen cites this node ONLY to record it as excluded, and /launchpad/create is the real implementation. Verified in the same exit0 render against the full body text: upload copy, both spec lists, the Information on token data callout, name+symbol fields, 2 file inputs and the Create token CTA all present. Same MISSING set - Create new token title, Website/Telegram/Discord fields, Advanced options with Mayhem mode and Cash back, Select launchpad picker, View full screen - and same SURPLUS deploy mechanics.
4442-118145	partial	/tmp/tl/tokenimage-filled-1440.png	Token image - with input desktop component. VERIFIED BY DRIVING A REAL UPLOAD - the empty state alone would have been a false read, so a conforming 1000x1000 PNG was pushed through the file input (validateTokenImageFile rejects anything under 1000x1000 so a 1x1 test file silently no-ops). exit0. Numerically matching the frame: preview box measures exactly 186x186 per node 4442:118363, the preview img is object-fit cover, the filename TimelessNGINX222.png and its size 5.09 kB both render as the frame draws TimelessNGINX222.jpg / 223.23 kB, the Replace image CTA renders in sky blue rgb(86,199,243) = #56C7F3 on bg rgb(0,22,21) = Green Coal 300 exactly as the frame specifies, and both File size and type and Resolution and aspect ratio bullet lists carry the frame copy verbatim. MISSING/DELTA: the preview box and the Replace image button both render border-radius 12px where the frame specifies rounded-lg 8px on node 4442:118342 and on the CTA 4442:118346; the frames small overlay edit affordance at x=146 y=8 - a 24px icon on a rgba(18,37,36,0.64) chip pinned inside the preview top-right, node 4442:118364 - was not detected in the render.
4423-94942	partial	-	Launch > Live desktop. NOT BUILT as a distinct surface. Figma 4423-94942 is structurally a different screen from the Launch landing: a large live-stream hero (Frame 8493:59936, 738x402, with a 622x350 stage, prev/next controls and an 80 viewers / 5-dot carousel / 20 viewers strip at node 8493:59953) sitting above FOUR horizontally-scrolled category rails - Highest market cap 8493:58190, Casino gaming 8493:58293 with per-card streamer identity Roaring kitty / @roaringkitty plus a game tag Plinko/Blackjack/Towers/Vegas Fortune/Cosmic Slots/Chicken, Trending 8493:58414 and Previously popular 8493:58516 - each with its own pair of 36px arrow buttons and 6x 240x183 cards. Verified absent numerically: grep for each rail heading returns 0 files across src/ and modules/skai-ui/src. What the app has instead is a LIVE filter pill on the Launch landing that filters the SAME market grid by m.live, plus a separate /streaming surface with its own components. So this frame is build backlog, not a delta on ScreenerScreen. Also note the LIVE affordance is a span inside a Pressable not a button, so it is not clickable by button selector - a driver targeting button aria-label LIVE times out.
4423-91869	partial	-	Launch > Live 1VH desktop. Same surface and same verdict as 4423-94942 - the live-stream hero plus the four category rails (Highest market cap, Casino gaming, Trending, Previously popular) are not built; all three rail headings return 0 files in a repo-wide grep. The app LIVE pill only filters the existing markets grid.
9346-85694	partial	-	Launch > Live tablet 768. Same not-built verdict as the desktop Live frames - the streaming hero and the four category rails have no implementation - confirmed by the same 0-file grep for Highest market cap, Casino gaming and Previously popular. At 768 the app renders the Launch landing with its LIVE filter pill only.
9346-86870	partial	-	Launch > Live tablet 768 sibling frame. Same not-built verdict and same evidence as 9346-85694.
9931-136758	partial	-	Launch > Live mobile 375. Same not-built verdict as the desktop and tablet Live frames - no live-stream hero, no Highest market cap / Casino gaming / Trending / Previously popular rails anywhere in src.
9354-163250	partial	-	Launch > Live 1VH mobile 375. Same not-built verdict and evidence as 9931-136758.
4423-102582	partial	-	Live preview card - on:hover component. NOT BUILT. Figma draws a hover state whose content set is a 74px rounded thumb, symbol plus name stacked in Manrope 12/14 -0.48px, a 50px sparkline chart, a coral-bordered pill LIVE tag, a viewer count in App/Green #17F9B4 and a description line - over a transparent-to-black bottom gradient on a rounded-2xl 16px card. The app trending carousel card is FeaturedMarketCard (MarketCard.tsx line 149) which implements a DIFFERENT node 8493:30227 - a 268-292px rounded-3xl card with image on top, symbol, MC value, change pct and 24h vol - and has NO hover-reveal layer at all: grep returns 0 group-hover occurrences in MarketCard.tsx and 0 viewers references anywhere under src/components/home-redesign/. So the entire hover variant plus its viewer-count and sparkline content is build backlog, not a delta.
9346-88009	partial	-	Live preview card - on:hover component. NOT BUILT. Figma draws a hover state whose content set is a 74px rounded thumb, symbol plus name stacked in Manrope 12/14 -0.48px, a 50px sparkline chart, a coral-bordered pill LIVE tag, a viewer count in App/Green #17F9B4 and a description line - over a transparent-to-black bottom gradient on a rounded-2xl 16px card. The app trending carousel card is FeaturedMarketCard (MarketCard.tsx line 149) which implements a DIFFERENT node 8493:30227 - a 268-292px rounded-3xl card with image on top, symbol, MC value, change pct and 24h vol - and has NO hover-reveal layer at all: grep returns 0 group-hover occurrences in MarketCard.tsx and 0 viewers references anywhere under src/components/home-redesign/. So the entire hover variant plus its viewer-count and sparkline content is build backlog, not a delta.
9346-86850	partial	-	Live preview card - on:hover component. NOT BUILT. Figma draws a hover state whose content set is a 74px rounded thumb, symbol plus name stacked in Manrope 12/14 -0.48px, a 50px sparkline chart, a coral-bordered pill LIVE tag, a viewer count in App/Green #17F9B4 and a description line - over a transparent-to-black bottom gradient on a rounded-2xl 16px card. The app trending carousel card is FeaturedMarketCard (MarketCard.tsx line 149) which implements a DIFFERENT node 8493:30227 - a 268-292px rounded-3xl card with image on top, symbol, MC value, change pct and 24h vol - and has NO hover-reveal layer at all: grep returns 0 group-hover occurrences in MarketCard.tsx and 0 viewers references anywhere under src/components/home-redesign/. So the entire hover variant plus its viewer-count and sparkline content is build backlog, not a delta.
9346-86833	partial	-	Live preview card - on:hover ALT component. NOT BUILT, same as the other hover variants. Full extracted spec for the record: rounded-2xl 16px card, 12px padding, gradient from rgba(0,0,0,0) to black, a 74x74 rounded-lg thumb bordered #123F3C, RIGGED / Rigged games in Manrope 12/14 -0.48px white then #95A09F, a 214px column holding a 50px chart (bridge + line images), a LIVE pill bordered Accents/Coral 300 #FF7E50 with a 3.75px dot in a 10px icon box and Mulish 10/14 -0.4px label, 1,011 viewers in App/Green 300 #17F9B4, and the description Uncover RIGGED: where digital chance meets blockchain security. in #95A09F. None of this exists - the app FeaturedMarketCard has no hover layer, no sparkline and no viewer count.
9346-88025	partial	-	Live preview card - normal component. Figma is a minimal card - a bordered #123F3C rounded-3xl 24px container holding one object-cover image and a 0px_10px_80px rgba(0,0,0,0.25) shadow. The app closest equivalent FeaturedMarketCard does render a rounded-3xl border-green-coal-100 card carrying a cover image, so the normal state is structurally satisfied, but it is the implementation of a DIFFERENT Figma node (8493:30227) and it adds a symbol+name row, an MC value, a change percentage and a 24h vol line that this card node does not contain - SURPLUS relative to this frame. Its sibling hover states are entirely absent, so the card family as a whole is partial.
9346-86869	partial	-	Live preview card - normal component. Figma is a minimal card - a bordered #123F3C rounded-3xl 24px container holding one object-cover image and a 0px_10px_80px rgba(0,0,0,0.25) shadow. The app closest equivalent FeaturedMarketCard does render a rounded-3xl border-green-coal-100 card carrying a cover image, so the normal state is structurally satisfied, but it is the implementation of a DIFFERENT Figma node (8493:30227) and it adds a symbol+name row, an MC value, a change percentage and a 24h vol line that this card node does not contain - SURPLUS relative to this frame. Its sibling hover states are entirely absent, so the card family as a whole is partial.
9346-98226	partial	-	Token image - with input tablet 768. Verified by driving a real 1000x1000 upload through the file input at WIDTH=768, exit0 no vite overlay. FIXED in my lane file TokenImageUploader.tsx and re-measured: the Token image label now renders Manrope 14px/18px -0.56px at 768 per node 9346:98231 (it was hardcoded 18px/24px -0.72px at every width, the desktop value); preview box measures 186x186 as this frame specifies at 9346:98238. Filename plus size and the sky-blue Replace image CTA present, both File size and type and Resolution and aspect ratio bullet lists carry the frame copy verbatim. Remaining deltas: the Replace image button measures 44px tall not the frames 32px because of the global iOS tap-target floor at src/index.css line 918 which forces min-height 44px on every button under max-width 768 - a deliberate accessibility rule, not an oversight; and the frames 24px overlay edit chip pinned at x=146 y=8 inside the preview renders as a remove control rather than the edit glyph. Radius note: Figmas rounded-lg is 8px but this projects rounded-lg computes to 12px - measured empirically - because the preset overrides lg to var(--radius) 0.75rem and skaiBorderRadius shifts the whole scale, so 8px here is rounded-sm. 589 files already use rounded-lg so this is a system-wide convention and I did not unilaterally diverge from it.
9535-96732	partial	-	Token image - with input mobile 375. Verified by driving a real upload at WIDTH=375, exit0. FIXED in my lane file and re-measured: preview box now 144x144 per node 9535:96744 (was 186px at every width - the desktop value, so mobile was 42px oversized) and the label now Manrope 14px/18px -0.56px per 9535:96737. Filename, size, Replace image CTA and both spec bullet lists present with frame copy verbatim. Remaining deltas: Replace image is 44px tall vs the frames 32px because of the deliberate global tap-target floor under 768; the overlay chip is a remove control not the frames edit glyph and its radius is 12px where this frame specifies rounded 4px; the card radius convention delta described on 9346-98226 applies here too.
9346-95167	partial	-	Token image - with input, tablet-family sibling. Same component and same verified state as 9346-98226 - real upload driven at 768, 186px preview, label stepped to 14/18 -0.56px by my fix, filename plus size plus sky-blue Replace image plus both spec lists all present. Same remaining deltas: 44px button height from the global tap-target floor, remove-vs-edit overlay glyph, and the project-wide rounded-lg=12px convention where Figma means 8px.
9346-96798	partial	-	Sample token Dashboard positive tablet 768. Route /?tab=insightx&symbol=SKAI at WIDTH=768, real render verified. Present: Dashboard title, Advanced AI, Token pair SKAI - ETH, Skai sentiment, Verdict, Similar name tokens (4) with 4 chips, Bubble map / Reports / News / Whale activity, and the InsightX+Faster100x+SolScanner source tabs, token header with age and Tx count. MISSING: the AI Analysis label and the All related control the frame draws. Bullish / Great buy! / See why? not verifiable - live sentiment is unavailable here and the app renders Verdict unavailable rather than fabricating one, per the no-mock-data policy. SURPLUS: Reports tab, Copy contract address, Open on DexScreener. InsightXScreen.tsx not edited - owned by the home lane.
9346-93918	partial	-	Sample token Dashboard positive mobile 375. Same surface verified at 375. Present: Dashboard, Advanced AI, Token pair, Skai sentiment, Verdict, Similar name tokens (4), Bubble map / Reports / News / Whale activity, token header. MISSING at this width IN ADDITION to the AI Analysis label and All related control: the InsightX / Faster100x / SolScanner source-tab row present at 768 and 1440 does NOT render at 375 - confirmed by a full body-text read at both widths. SURPLUS: Reports, Copy contract address, Open on DexScreener. Not edited - cross-lane file.
9346-96983	partial	/tmp/tl/create-768.png	Launch create token tablet 768. /launchpad/create at WIDTH=768, exit0 root=71746. Same content set as desktop verified against the full body text: Token image, Token banner (optional) with Select image to upload / or drag and drop it here / Choose image, both File size and type lists and both Resolution and aspect ratio lists verbatim, the Information on token data: callout with its full sentence, Token details, name+symbol fields, 2 file inputs, Create token CTA. The with-input state verified separately by a real upload at 768 - see 9346-98226. MISSING vs frame: Create new token title, Website/Telegram/Discord fields, Advanced options with Mayhem mode and Cash back, Select launchpad picker, View full screen. SURPLUS: Step 1 of 2 explainer, Total supply chip row, Base units minted line, Creation fee sUSD block.
9346-97930	partial	/tmp/tl/create-768.png	Launch create token 1VH tablet 768. Same surface, same exit0 render and same two-way diff as 9346-96983.
9535-96826	partial	/tmp/tl/create-375.png	Launch create token mobile 375. /launchpad/create at WIDTH=375, exit0 root=71746. Same content set present. FIXED for this width in my lane file TokenImageUploader.tsx: the preview box now steps to 144x144 per node 9535:96744 and the label to Manrope 14/18 -0.56px per 9535:96737 - both were previously locked at the desktop values (186px / 18px) at every width. Verified by driving a real 1000x1000 upload at 375 and re-measuring. MISSING vs frame: Create new token title, Website/Telegram/Discord fields, Advanced options with Mayhem mode and Cash back, Select launchpad picker, View full screen. SURPLUS: Step 1 of 2 explainer, Total supply chips, Base units line, Creation fee block.
9346-94072	partial	/tmp/tl/create-375.png	Launch create token 1VH mobile 375. Same surface, same exit0 render, same responsive fixes verified and same two-way diff as 9535-96826.
9346-94908	partial	/tmp/tl/create-375.png	Launch create token mobile 375 sibling frame. Same surface, same exit0 render and same diff as 9535-96826 - the mobile 144px preview and 14px label fixes apply to this frame too.
9346-97279	partial	/tmp/tl/create-768.png	Launch create token > preview tablet 768. Extracted content is the create-token form PLUS a View full screen control and a Label element. Same real surface /launchpad/create (exit0 at 768) and the same two-way diff as 9346-96983: present are Token image, Token banner (optional) with its dropzone copy, both File size and type and Resolution and aspect ratio lists verbatim, the Information on token data: callout, Token details, name+symbol, 2 file inputs, Create token. MISSING: this frames preview-specific View full screen control, plus Create new token title, Website/Telegram/Discord fields, Advanced options with Mayhem mode and Cash back, Select launchpad picker. No separate preview route or modal exists - grep finds no full-screen preview affordance on the create surface. SURPLUS: Step 1 of 2 explainer, Total supply chips, Base units line, Creation fee block.
9346-94331	partial	/tmp/tl/create-375.png	Launch create token > preview mobile 375. Same surface and same diff as 9346-97279 at 375, exit0. The mobile 144px preview and 14px label fixes from my lane apply here. MISSING: View full screen, Create new token title, social link fields, Advanced options with Mayhem mode and Cash back, Select launchpad. SURPLUS: the deploy mechanics blocks.
4446-118388	partial	/tmp/tl/create-1440.png	Launch create token > buy test desktop. TRAP CHECKED - InsightXScreen.tsx cites this node ONLY in its exclusion note (it names 4446:118388 as part of the create-token flow that is NOT built there), so that citation is not evidence. The buy-test step has no implementation: the app create flow is a 2-step contract deploy - Step 1 of 2 deploy the ERC-20 via SKAITokenFactory then Next: approve + seed bonding curve - with no buy-test modal or step anywhere on /launchpad/create, confirmed by a full body-text read of the exit0 render. Build backlog.
9917-128531	partial	-	Launch create token > buy test tablet 768. Same not-built verdict as 4446-118388 - no buy-test step or modal exists on /launchpad/create at any width; the shipped flow is the 2-step SKAITokenFactory deploy plus bonding-curve seed.
9346-94599	partial	-	Launch create token > buy test mobile 375. Same not-built verdict and evidence as 4446-118388.
9346-88026	partial	/tmp/tl/launch-768.png	Launch tablet 768 sibling frame. Same ScreenerScreen surface and same two-way diff as 9346-88943, re-verified on an exit0 render at 768 root=93683: header title plus 4 quick-filter circles, LIVE, Trench, Create token, Trending tokens plus 2 arrows, Markets, search, Display settings, filters, 8-item sort nav, footer nav Home-Help-Terms-Privacy, disclaimer, bottom price scroller. MISSING: the Timeframe segment 5m/1h/6h/24h and the One-click trade row with its balance and P1/P2 chips - neither is built at any width. SURPLUS: refresh button in the sort row.
9346-91644	partial	/tmp/tl/launch-768.png	Launch tablet 768 sibling frame. Same ScreenerScreen surface and same two-way diff as 9346-88943, re-verified on an exit0 render at 768 root=93683: header title plus 4 quick-filter circles, LIVE, Trench, Create token, Trending tokens plus 2 arrows, Markets, search, Display settings, filters, 8-item sort nav, footer nav Home-Help-Terms-Privacy, disclaimer, bottom price scroller. MISSING: the Timeframe segment 5m/1h/6h/24h and the One-click trade row with its balance and P1/P2 chips - neither is built at any width. SURPLUS: refresh button in the sort row.
9346-90446	partial	/tmp/tl/launch-375.png	Launch mobile 375 sibling frame. Same ScreenerScreen surface and same diff as 9346-89860, re-verified on an exit0 render at 375. MISSING: Timeframe segment 5m/1h/6h/24h, the One-click trade row, and the mobile type step-down (title stays Manrope 32px where the frame draws 24px). Figma circles are 24px and the app measures 44px, which is the DELIBERATE global iOS tap-target floor at src/index.css line 918, not an oversight. SURPLUS: refresh button.
9346-91058	partial	/tmp/tl/launch-375.png	Launch mobile 375 sibling frame. Same ScreenerScreen surface and same diff as 9346-89860, re-verified on an exit0 render at 375. MISSING: Timeframe segment 5m/1h/6h/24h, the One-click trade row, and the mobile type step-down (title stays Manrope 32px where the frame draws 24px). Figma circles are 24px and the app measures 44px, which is the DELIBERATE global iOS tap-target floor at src/index.css line 918, not an oversight. SURPLUS: refresh button.
9431-156328	partial	/tmp/tl/launch-375.png	Launch mobile 375 sibling frame. Same ScreenerScreen surface and same diff as 9346-89860, re-verified on an exit0 render at 375. MISSING: Timeframe segment 5m/1h/6h/24h, the One-click trade row, and the mobile type step-down (title stays Manrope 32px where the frame draws 24px). Figma circles are 24px and the app measures 44px, which is the DELIBERATE global iOS tap-target floor at src/index.css line 918, not an oversight. SURPLUS: refresh button.
4423-104542	partial	-	Sample token Dashboard negative desktop. Same InsightX surface as the positive frame 4437-112320 (route /?tab=insightx), which InsightXScreen.tsx cites as its primary node. The NEGATIVE variant - bearish sentiment with its own verdict copy and down-tone treatment - could not be verified in this environment: live sentiment is unavailable so the app renders Verdict unavailable for every token rather than fabricating a bearish verdict, per the no-mock-data policy. The positive-frame structure that IS shared is present (Dashboard title, Advanced AI, Token pair, Skai sentiment, Verdict block, Similar name tokens, Bubble map / News / Whale activity, source tabs). MISSING as on the positive frame: the AI Analysis label and the All related control. Not edited - InsightXScreen.tsx is owned by the home lane.
9346-96613	partial	-	Sample token Dashboard negative tablet 768. Same surface and same limitation as 4423-104542 - the bearish variant is unverifiable while sentiment is offline and the app correctly shows Verdict unavailable. Shared structure verified present at 768 including the InsightX/Faster100x/SolScanner source tabs. MISSING: AI Analysis label, All related control. Cross-lane file, not edited.
9346-95222	partial	-	Sample token Dashboard negative mobile 375. Same surface and same limitation as 4423-104542. Shared structure present at 375 EXCEPT the source-tab row (InsightX / Faster100x / SolScanner) which renders at 768 and 1440 but not at 375 - confirmed by full body-text reads at all three widths. MISSING additionally: AI Analysis label, All related control. Cross-lane file, not edited.
4423-102562	partial	-	Live preview card - on:hover desktop component. NOT BUILT. Full extracted spec: a rounded-3xl 24px card bordered #123F3C with a transparent-to-black gradient, 16px padding, holding a 68x68 rounded-lg thumb, a coral-bordered #FF7E50 LIVE pill with a 3.75px dot and Mulish 11/14 -0.44px label, RIGGED / Rigged games in Manrope 14/18 -0.56px white then #95A09F, 1,011 viewers in App/Green #17F9B4, the description Uncover RIGGED: where digital chance meets blockchain security., and a 144x50 sparkline chart hard right. The app trending card FeaturedMarketCard implements a different node (8493:30227) and has NO hover layer - grep returns 0 group-hover in MarketCard.tsx and 0 viewers references under src/components/home-redesign/. Whole hover variant plus its viewer count and sparkline is build backlog.
4423-102648	partial	-	Launch > Sample token 1VH desktop. Sample token is the InsightX token dashboard family - the same surface as the Dashboard positive/negative frames, which InsightXScreen.tsx cites as its primary node 4437:112320. Verified on the exit0 /?tab=insightx&symbol=SKAI render: Dashboard title 32px, Advanced AI, Token pair, Skai sentiment, Verdict block, Similar name tokens (4), Bubble map / Reports / News / Whale activity, InsightX+Faster100x+SolScanner source tabs, token header with age and Tx count. MISSING: the AI Analysis label and the All related control. Sentiment-dependent states (Bullish / Great buy! / See why?) not verifiable - sentiment is offline here and the app renders Verdict unavailable rather than fabricating one. SURPLUS: Reports tab, Copy contract address, Open on DexScreener. Cross-lane file, not edited.
9917-132465	partial	-	Launch > Sample token 1VH tablet 768. Same InsightX dashboard surface verified at 768 - all shared structure present including the source-tab row. MISSING: AI Analysis label, All related control; sentiment states unverifiable while the feed is offline. SURPLUS: Reports, Copy contract address, Open on DexScreener. Cross-lane file, not edited.
9917-125841	partial	-	Launch > Sample token 1VH mobile 375. Same InsightX dashboard surface verified at 375. MISSING at this width IN ADDITION to the AI Analysis label and All related control: the InsightX / Faster100x / SolScanner source-tab row renders at 768 and 1440 but NOT at 375 - confirmed by full body-text reads at all three widths. Cross-lane file, not edited.
9917-134047	partial	/tmp/tl/newtoken-768.png	Launch > new token 1VH tablet 768. Same TokenTradeDetail surface as 4446-118984 (that node is genuinely cited in TokenTradeDetail.tsx line 9). exit0 root=111418 at 768. NOT VERIFIABLE against the frame here: a direct /crypto/SKAI visit renders the designed Token not found empty state with the copy No token matched this symbol - no placeholder data is shown, because useTradeToken needs router state from a Markets/Discover row click or a live token API. Confirmed present in the render: the Trench price scroller. Recording partial because the two-way diff could not be completed, not because a specific element is known missing.
9917-127190	partial	/tmp/tl/newtoken-375.png	Launch > new token 1VH mobile 375. Same surface and same limitation as 9917-134047 - exit0 at 375 but the route renders the Token not found empty state without router state or a live token API, so the frame body could not be walked. Trench price scroller present.
4141-58066	partial	-	Desktop 1440 Margin. Frame subject is NOT a margin surface - it is the /swap card column on the Limit tab (main 7816:51451 draws Swap|Limit|Bridge text tabs + rate card + Sell/Buy + Limit notice). Renders from src/pages/trade/TradeUnified.tsx which my lane may not edit (the brief scopes me to src/components/trade/** and the swap lane owns this page). Probed exit-0 at WIDTH=1440, boundary=false overlay=false on 3 consecutive runs. MISSING 0: premium chips Market/+1%/+5%/+10% present, "When 1 <tok> is worth" rate card present, pct chips 25/50/75/Max on the Sell header, 2 Balance: lines, reverse-direction button, Limit notice + its body copy, settings gear visible. SURPLUS 4: a 4th "lend" tab the frame does not draw, an "AI Insights unavailable" banner above the tab row, the footer Terms/Privacy row, and a "Limit pricing is shown for reference" disclaimer under the CTA. Non-zero SURPLUS = partial per the two-way contract. Rate value renders an em-dash because no live price feed exists locally.
4141-58475	partial	-	Desktop 1440 Margin with info. Same /swap Limit-tab surface as 4141-58066, differing only in having values filled (Sell 1.2 / Buy 90.22) and the Expiry segmented row present. Verified the Expiry row IS drawn in this frame, so it is NOT surplus - it renders in code as 1 day/1 week/1 month/1 year. Same MISSING 0 / SURPLUS 4 as 4141-58066. Amounts could not be driven: the number inputs did not accept a scripted fill or keypress (amountValue stayed "" across 2 step-driver attempts), so the populated-value styling is unverified. Cross-lane file - TradeUnified.tsx.
4141-59209	partial	-	Desktop 1440 Margin with info > review limit. This frame is a CENTERED MODAL "Review limit order" over the swap column: Sell/Buy rows with USD equivalents, then Limit price / Expiry / Fee / Network cost rows, a "Confirm order" CTA and a fine-print disclaimer. NO such modal exists in the codebase - repo-wide grep for "Review limit order" and "Confirm order" returns 0 files outside perp/spot ticket code. The Limit tab CTA is hard-disabled in TradeUnified.tsx and renders the copy "Limit orders not available yet", so there is no code path that could open this modal. Structural build backlog, not a spacing delta - recorded partial rather than half-built per the brief.
4141-59893	partial	-	Desktop 1440 Bridge. Frame is the /swap Bridge tab and specifies a From/To chain-pill header row, a single Send card, an "Other alternatives" divider, two provider rows (Across Protocol "Fast cross-chain bridge, low fees" and Stargate "LayerZero-powered omnichain bridge") each with a chevron, an external-provider disclaimer, and a Bridge CTA. Probed exit-0 WIDTH=1440. MISSING 6, all numerically absent: fig_fromToLabels {from:false,to:false}, fig_otherAlternatives false, fig_across false, fig_stargate false, fig_altDisclaimer false, and the two provider rows have no DOM counterpart. Code renders instead a Send card + a Buy card with a chain selector in its header. SURPLUS 3: a Buy/destination card the frame folds away, the 4th lend tab, the AI banner. Across/Stargate exist in src/services/trading/bridgeService.ts only as ALTERNATIVE_BRIDGES error-message text, never as UI. Cross-lane file - TradeUnified.tsx.
4141-60314	partial	-	Desktop 1440 Bridge with info. Identical structure to 4141-59893 with the Send card populated (1.2 / $21.78) and the Bridge CTA enabled. Same MISSING 6 (From/To header, Other alternatives divider, Across + Stargate rows, external-provider disclaimer) and SURPLUS 3 measured on the same exit-0 probe. Cross-lane file - TradeUnified.tsx.
7838-55165	partial	-	Desktop 1440 Bridge with info > Start bridge. Post-amount state: the Send card gains a green focus ring and a destination address in its header, the alternatives block is REPLACED by a "Bridge summary" divider with 4 rows - Route / Est. time / Fee (Bridge, Swap impact) / Network cost - above a "Bridge 1.2 to sUSD" CTA. Probed exit-0 at 1440 with a scripted amount entry. MISSING 5: fig_bridgeSummaryHeading false, fig_route false, fig_estTime false, fig_feeBridge false, fig_networkCost false. Code shows a "Swap summary" card with Best price / Min. received / Fees instead, and adds an "Est. bridge time" row only when a live cross-chain quote resolves (never locally). SURPLUS: that Swap-summary trio plus the Buy card, lend tab and AI banner. Cross-lane file - TradeUnified.tsx.
7838-55747	partial	-	Desktop 1440 Bridge with info > Start bridge > Post wallet interaction. Pixel-diffed this frame against 7838-55165 (both 1400x875 renders): only 76 pixels differ above threshold, scattered as text-antialiasing noise with no structural cluster - the two frames are the same composition, so this is not a distinct post-wallet screen at desktop. Same MISSING 5 / SURPLUS set as 7838-55165. Prior catalog note claimed deferred for needing a connected wallet; that is only half true - the surface behind it renders fine under the DEV bypass, what is missing is the Bridge summary block itself. Cross-lane file - TradeUnified.tsx.
4141-60595	partial	-	Desktop 1440 Bridge settings. Frame is a RIGHT-SIDE DRAWER (full viewport height, ~340px, over a dimmed swap column) titled "Bridge settings" with a "Networks" heading, the copy "Connect wallets of various networks to bridge between them", one row per network (Solana with a "Connect" pill, Base with a "Connected" check pill) and a pinned "Save settings" CTA. Does not exist: drove the only settings affordance on the route (the gear, aria-label "Swap settings") through the step driver - it opens a CENTERED dialog titled "Swap Settings" containing Slippage Tolerance / 0.1-0.5-1.0 presets / Your Fee Tier / Close. Probe of the opened dialog returned bridgeSettings false, networksHeading false, connectWallets false, saveSettings false. Whole unbuilt surface - structural backlog. Cross-lane file - TradeUnified.tsx.
9094-281524	partial	-	Tablet 768 Margin. /swap Limit tab at 768. Probed exit-0 WIDTH=768 (one run reported boundary=true, re-ran 3x clean plus frame-verify.mjs exit 0 - the flag was a sibling agent's transient HMR recompile, not this route). MISSING 0: premium chips, rate card, pct chips on the Sell header, 2 balance lines, reverse button, Limit notice + body, gear visible at 768 and not clipped (tab row scrollWidth 474 = clientWidth 474, clipped list empty). SURPLUS 3: lend tab, AI banner, limit-pricing disclaimer. Footer correctly suppressed below lg (footerLinks false at 768, true at 1440) matching the frame. Cross-lane file - TradeUnified.tsx.
9094-281783	partial	-	Tablet 768 Margin with info. Same Limit-tab surface with values and the Expiry row, which code renders. Same MISSING 0 / SURPLUS 3 as 9094-281524 on the same exit-0 768 probe. Populated amounts unverified - scripted fill of the number inputs did not take. Cross-lane file - TradeUnified.tsx.
9098-282408	partial	-	Tablet 768 Margin with info > review limit. Tablet variant of the "Review limit order" centered modal. Same finding as 4141-59209: no such component exists anywhere in the repo and the Limit CTA is hard-disabled with "Limit orders not available yet", so no interaction can reach it. Structural backlog.
9098-283625	partial	-	Mobile 375 Margin. /swap Limit tab at 375, exit-0 probe. MISSING 1 and it is a real rendering defect I verified numerically and visually: the tab row overflows the card column - scrollWidth 422 vs clientWidth 339 with overflow-x visible - so the settings GEAR sits at x=396..440 in a 375px viewport and is entirely off-screen, and the chain selector is cut mid-control at x=274..388. The Figma mobile frame places that gear inside the frame at x=298. Reproduced on 6 consecutive runs across all three tabs (swap/limit/bridge), so it is not a race, and confirmed on a cropped screenshot. Everything else present: premium chips, rate card, pct chips, 2 balance lines, Limit notice. SURPLUS 3: lend tab, AI banner, limit disclaimer - the 4th tab is what pushes the row over 375. NOT FIXED: the row lives in src/pages/trade/TradeUnified.tsx which the brief excludes from my lane and which the swap lane's frames share. Cross-lane dependency.
9098-283804	partial	-	Mobile 375 Margin with info. Same surface and the same off-screen-gear overflow defect as 9098-283625 (scrollWidth 422 / clientWidth 339, gear x=396..440 outside a 375 viewport), measured on an exit-0 375 probe. Frame also shows the CTA in its enabled blue state, which cannot be reached locally - the DEV bypass seeds skai_test_user but no thirdweb wallet, so account?.address stays null and the column renders ConnectButton instead of the real CTA. Cross-lane file - TradeUnified.tsx.
9098-283877	partial	-	Mobile 375 Margin with info > review limit. Mobile variant of the "Review limit order" modal, and the most detailed of the three - Sell/Buy rows with $90.22 equivalents, then Limit price "1 USDC = 0.08 SOL ($1.00)" / Expiry "April 7. 2026 4:00 PM" / Fee $0 / Network cost $0.02, a "Confirm order" CTA and a 3-line fluctuation disclaimer. No such component exists in the repo. Structural backlog.
9100-284083	partial	-	Tablet 768 Bridge. Bridge tab at 768, exit-0 probe. Same MISSING set as the desktop Bridge frames measured numerically at this width: fig_fromToLabels {from:false,to:false}, otherAlternatives false, across false, stargate false, altDisclaimer false. Frame draws the From/To chain pills as a header row above a single Send card, then the Across/Stargate alternatives block and a disabled Bridge CTA. SURPLUS: Buy card (cardLabels measured Send,Buy), lend tab, AI banner. Cross-lane file - TradeUnified.tsx.
9100-284341	partial	-	Mobile 375 Bridge. Bridge tab at 375, exit-0 probe. Same Bridge MISSING 5 as the tablet/desktop frames plus the mobile tab-row overflow defect (gear off-screen at x=396..440, scrollWidth 422 vs clientWidth 339) reproduced on this tab specifically. SURPLUS: Buy card, lend tab, AI banner. Cross-lane file - TradeUnified.tsx.
9101-284957	partial	-	Tablet 768 Bridge with info. Populated variant of 9100-284083 - Send card shows 1.2 with a $21.78 USD equivalent and the destination address in the card header, Bridge CTA enabled. Same MISSING 5 (From/To header row, Other alternatives divider, Across row, Stargate row, external-provider disclaimer) on the same exit-0 768 probe. Cross-lane file - TradeUnified.tsx.
9101-285196	partial	-	Mobile 375 Bridge with info. Populated Bridge tab at 375. Frame stacks From/To pills, the Send card with 1.2 / Balance 1.093 SOL / $21.78, the "Other alternatives" divider, Across Protocol and Stargate rows with chevrons, the external-provider disclaimer, then a blue "Bridge SOL" CTA. Same MISSING 5 measured absent, plus the mobile gear-clipping defect. Cross-lane file - TradeUnified.tsx.
9101-285632	partial	-	Tablet 768 Bridge with info > Start bridge. Frame replaces the alternatives block with the "Bridge summary" 4-row block (Route / Est. time / Fee (Bridge, Swap impact) / Network cost) and rings the Send card green. Probed exit-0 at 768: bridgeSummaryHeading false, route false, estTime false, feeBridge false, networkCost false - code shows a Swap-summary trio (Best price / Min. received / Fees) that only appears once an amount is entered. MISSING 5. Cross-lane file - TradeUnified.tsx.
9101-286163	partial	-	Mobile 375 Bridge with info > Start bridge. Mobile Bridge summary state, CTA reads "Bridge in progress...". Same MISSING 5 as 9101-285632 measured at 375, plus the gear-clipping defect. The in-progress CTA state does exist in code (isBridging renders a spinner + "Bridging...") but could not be driven without a connected wallet. Cross-lane file - TradeUnified.tsx.
9101-285923	partial	-	Tablet 768 Bridge settings. Tablet variant of the right-side Bridge-settings drawer - same Networks list with Solana Connect / Base Connected pills and a pinned Save settings CTA, over a dimmed column. Same finding as 4141-60595: the only settings affordance opens a centered "Swap Settings" slippage dialog; a step-driven probe of the opened dialog returned bridgeSettings/networksHeading/connectWallets/saveSettings all false. Whole unbuilt surface.
9101-286392	partial	-	Mobile 375 Bridge with info > Start bridge > Bridge settings. Mobile variant of the same unbuilt Bridge-settings drawer. Same evidence as 4141-60595 and 9101-285923 - no Bridge settings surface exists; the gear opens Swap Settings. Structural backlog.
9101-286886	partial	-	Tablet 768 Bridge with info > Start bridge > Post wallet interaction. Byte-identical to the Start-bridge tablet frame 9101-285632 - md5 of both Figma renders is 39d35f350c19e879502fdddbcbd8f068, so there is no distinct post-wallet composition at tablet. Same MISSING 5 as that frame. Cross-lane file - TradeUnified.tsx.
9101-286764	partial	-	Mobile 375 Bridge with info > Start bridge > Post wallet interaction. Byte-identical to the Start-bridge mobile frame 9101-286163 - md5 of both Figma renders is d446bf235919642e64819761593c305f, so no distinct post-wallet composition at mobile either. Same MISSING 5 plus the gear-clipping defect. Cross-lane file - TradeUnified.tsx.
4026-55735	partial	-	Trade nav dropdown 4026:56337 opened by HOVER on /spot (not click) and measured. Panel geometry EXACT vs Figma: w=300 x=135 y=58, bg rgb(18,37,36)=#122524, border 1px rgb(18,63,60)=#123F3C, pad 16/32/16/16, rowGap 24, shadow 0 4px 12px rgba(0,0,0,.24), label 16px/22px/-0.64px Manrope white, desc 12px/16px/-0.48px Manrope. MISSING(was 1, now 0): Figma row 5 "Launch" + "Get early access to new tokens" had NO counterpart - FIXED, dropdown now renders 8 items (was 7) in Figma order Perps-Spot-Swaps then Trench then Launch. Remaining MISSING 0. SURPLUS 3 rows not in the frame: Buy, IDO, Bridge - deliberately KEPT because /buy and /bridge have no other nav entry anywhere (grep: only aiToolResolver + HomeSidebarExpanded prefix list), so removing them orphans two live routes; that is a product decision, not a fidelity edit. 2 residual style deltas both inside modules/skai-ui/src/components/layout/header/header-navigation.tsx which the brief bans: (a) panel radius renders 16px, Figma variable rounded-xl=12 - app preset maps rounded-xl to 16px; (b) desc opacity renders 100% white but Figma spec is opacity-64 - class is text-white/64 and the ONLY emitted rule is .light .text-white\/64, so it emits NOTHING in the dark theme. partial on SURPLUS + the 2 skai-ui deltas.
4414-83859	partial	-	Same subtree as 4026-55735: dropdown 4414:84461 is byte-identical to 4026:56337 (5 nav rows, same ids offset, same copy, x=103 y=48 w=300 h=344). Frames differ ONLY in the page behind them - 4026 has the markets ticker scroller, 4414 has the Trench scroller/Preset 1. Prior catalog verdict "Launch dropdown not built. Repo-wide grep for Launch.?Dropdown returns 0 files." is WRONG on both counts: this frame is the TRADE nav dropdown with Launch as its 5th ROW, not a separate Launch dropdown, and it IS built via HeaderNavRichDropdown. Verified against the same exit-clean hover probe as 4026-55735. Same verdict basis: MISSING 0 after the Launch-row fix, SURPLUS 3 (Buy/IDO/Bridge, kept for route reachability), 2 skai-ui style deltas.
9917-128993	partial	/tmp/shot-9917-128993.png	Tablet 768x1024. The frame's subject is the "sidebar - open" overlay (9917:130575, 318px) over a token page. Opened the real <lg hamburger Sheet on /spot at 768 and measured: sheet w=318 EXACT vs Figma 318, bg rgb(0,22,21)=#001615, 1 search input placeholder "Search anything…" matching Figma "Search anything...", 3 stat pills, nav rows New chat/Perps/Spot/Swaps/Trench/Launch at 46px pitch, bottom group Messages/Games/Wallet + Upgrade to Pro pinned. Header 768x63 and bottom nav 52px at y=972 match Figma Header-tablet 52 / Bottom-navigation-tablet y=972 h=52 in position and height, though header renders 63 not 52. MISSING 2: Figma sidebar rows "Dashboard" (9917:130619) and "Layout settings" (9917:130622) are absent. HomeSidebarExpanded.tsx documents this as deliberate, claiming the layout customiser "does not exist anywhere in the app" - that claim is now STALE: src/components/trade/LayoutSettingsDrawer.tsx implements Figma 4144-67562 and Spot.tsx mounts it behind REDESIGN_SPOT_LAYOUT, so the Layout settings row has a real target. Dashboard still has none - no /dashboard route exists in App.tsx. SURPLUS 0 visible: probed the "Menu" string and it is sr-only 1x1 clipped, so not surplus chrome. Cannot fix: HomeSidebarExpanded.tsx is claimed by the home lane rows 6702-24782 and 6419-47130 - cross-lane dependency.
9917-124672	partial	/tmp/shot-9917-124672.png	Mobile 375x812. Same "sidebar - open" subject (9917:127009) but Figma specifies 296px wide, not the tablet 318. Measured the real Sheet at 375: renders w=318, so 22px WIDER than the frame - HomeTopBar hardcodes a 318px width and sm max-width for both breakpoints, citing tablet frame 6419:47408 and report ae9fafd9. Confirmed against mobile home sidebar 6419:47275 whose drawer is also 296. Left unfixed: narrowing to 296 below sm would reopen report ae9fafd9 unless the widths are made breakpoint-specific, and the same file feeds the tablet frame - needs the orchestrator to decide, not a silent edit. Everything else measured identical to the tablet pass: bg #001615, search input, 3 stat pills, 6 nav rows at 46px pitch, pinned Messages/Games/Wallet + Upgrade to Pro, 14 visible buttons. Header 375x63 vs Figma Header-mobile 48. Bottom nav h=52 at y=760 vs Figma Bottom-navigation-mobile y=758 h=54. MISSING 2: same Dashboard + Layout settings rows as the tablet frame. SURPLUS 0 visible. Cross-lane: HomeSidebarExpanded.tsx owned by the home lane.
9152-90527	match	-	Perps tablet Funding history. FIXED this pass: the tab was hidden below lg (wideOnly), measured 0x0 at 768 so this frame was unreachable. Frame 9153:80581 draws six tabs with Funding history ACTIVE. Gate removed; re-measured 77x38 at x=429 with 24px gaps, tab reaches exit-0 via steps driver. Header buttonCount=1 h=58 matches, zero SURPLUS
9804-154738	match	-	Perps mobile Funding history. Same fix as 9152-90527 verified at 375: tab measured 0x0 before, 77x38 after, exit-0 via steps driver. Frame 9804:156200 draws six tabs with Funding history ACTIVE. Real on-chain series via FundingHistoryChart, no mock
9135-85233	partial	-	Perps tablet base. Content-nav tab row IS live below lg (MobileTradeShell): measured 4 tabs Chart|Order book|Trades|Info at y=185 h=44, one panel mounted per tab, bottom-pinned Buy/Sell 2 buttons at y=915 h=44. Zero SURPLUS in header (buttonCount=1). Remaining deltas: positions band 141 vs frame 271, tab row 44 vs 40, tab gap 16 vs 24, tab type 14px/20px ls-normal vs 12px/16px ls -0.48px. Figma stack sums 1031 vs the fixed 904px shell so the frame assumes page scroll the shell lacks
9153-80772	partial	-	Perps tablet. Same shell as 9135-85233 — NOT a desktop-grid reflow as the stale catalog note claims; tab row and bottom bar both measured present at 768. Residual deltas are the positions-band height and tab-row type metrics
9803-125791	partial	-	Perps mobile full. Mobile IA shell live at 375 (4 content tabs y=261 h=44, Buy/Sell 166px each y=915). Catalog note claiming a desktop-grid reflow is STALE. Residual: positions band 141 vs frame, tab type metrics
3903-21478	partial	-	Perps desktop base 1440. Enumerated 219 Figma text nodes, 42 copy items, 18 MISSING of which 14 are data/offline (no-mock policy) or hidden-in-frame layers. Real gaps: header renders Market Cap where this frame draws Oracle, and Size/Total column headers plus Spread label exist in code but the orderbook is empty locally so they never paint. Zero SURPLUS — header buttonCount=1, h=58, ticket 19 controls all frame-backed
3903-22970	partial	-	Perps desktop 1440. Header cells enumerated Price|Oracle|24h Change|Open Interest|Funding Rate/Timer — no Market Cap. App renders Market Cap in the Oracle slot at lg and up. Header geometry otherwise matches: y=73 h=58 buttonCount=1
3903-24462	partial	-	Perps desktop 1440. Same header-cell conflict as 3903-22970: frame draws Oracle, app draws Market Cap above lg. Two-frame conflict — component 3886-15109 does draw Market Cap, so this needs a design call rather than a blind flip
3928-83147	match	-	Cross/isolated margin sheet re-verified this pass at 1440 AND at 768/375 through the Buy sheet (5-step driver, exit 0). MarginModeSheet renders Margin Mode heading plus Cross/Isolated cards and Save. Reachable at every width
3976-39045	deferred	-	Perps desktop Order confirmation. PerpConfirmOrderModal IS wired at PerpOrderEntry.tsx:1566 behind showConfirm, but the CTA is gated on isConnected which the DEV localStorage bypass cannot satisfy — measured the primary CTA reading "Sign in to trade" at 1440. Needs a live wallet or an Option-B preview
9148-80746	deferred	-	Perps tablet Order confirmation. Same isConnected gate as 3976-39045; the ticket sheet opens but the confirm step is unreachable without a wallet
4020-44966	deferred	-	Perps desktop Edit running SL/TP. Modify TP/SL modal exists (PerpPositionsPanel.tsx:934) but only opens from a position row's More menu, and no position exists without a live wallet
9152-79912	deferred	-	Perps tablet Edit running SL/TP. Same position-row gate as 4020-44966
3908-39491	deferred	-	Perps desktop user-not-signed-in. The DEV auth bypass always seeds skai_test_user, so the signed-out variant cannot be reached by the driver
9135-80712	deferred	-	Perps tablet user-not-signed-in. Same bypass-seeding limitation
9801-121092	deferred	-	Perps mobile user-not-signed-in. Same bypass-seeding limitation
9801-122252	deferred	-	Perps mobile Market long user-not-signed-in. Same bypass-seeding limitation
9152-81364	partial	-	Perps tablet Orders. Tab reachable at 768 (exit-0 via steps driver, aria-selected asserted). Empty-state copy renders; row layout unverifiable without a live order. Shell IA present, catalog reflow note stale
9152-86271	partial	-	Perps tablet Order history. Tab reachable at 768 exit-0. Same: rows need live history data; structure and tab strip verified
9152-89103	partial	-	Perps tablet Trade history. Tab reachable at 768 exit-0. Rows need live data
9152-84122	partial	-	Perps tablet Assets. Tab reachable at 768 exit-0. App renders account/margin stat-cards Total Equity|Available Margin|Margin Used|Margin Ratio where the frame draws a per-token balance table with Swap/Deposit/Withdraw quick actions — structural difference, build backlog
4020-49491	partial	-	Perps desktop Assets. Same structural gap as 9152-84122 confirmed at 1440: stat-card grid instead of the frame per-token table plus quick actions
9148-82614	partial	-	Perps tablet Positions. Tab is the default and reachable at 768 exit-0; empty state renders the frame two-line copy. Row detail needs a live position
9804-139692	partial	-	Perps mobile Orders. Tab reachable at 375 exit-0. Rows need live data
9804-149370	partial	-	Perps mobile Order history. Tab reachable at 375 exit-0
9804-152885	partial	-	Perps mobile Trade history. Tab reachable at 375 exit-0
9804-145379	partial	-	Perps mobile Assets. Tab reachable at 375 exit-0; same stat-card vs per-token-table structural gap as 4020-49491
9803-133258	partial	-	Perps mobile Positions. Reachable at 375 exit-0, frame empty-state copy present
9934-141532	partial	-	Perps tablet Positions collapsed. The collapsed variant is a PER-ROW detail collapse: frame 9934:142675 and 9934:142690 carry Margin/Funding/Liq/TP-SL rows marked hidden, so collapse hides a position row second metric line. App position rows have no expand/collapse affordance at all — structural gap, build backlog. Base tab verified exit-0
9934-144131	partial	-	Perps tablet Order history collapsed. Same per-row collapse mechanism missing as 9934-141532
9804-135230	partial	-	Perps mobile Positions collapsed. Same missing per-row collapse affordance
9804-147360	partial	-	Perps mobile Assets collapsed. Same missing per-row collapse affordance
9804-143394	partial	-	Perps mobile Orders collapsed. Same missing per-row collapse affordance
9804-141566	partial	-	Perps mobile Orders collapsed variant 2. Same missing per-row collapse affordance
9804-150628	partial	-	Perps mobile Order history collapsed. Same missing per-row collapse affordance
9148-79309	partial	-	Perps tablet Market search pairs. MarketSearchModal opens at 768 exit-0 from the pair trigger (role=dialog asserted). Shared modal reused per PerpMarketHeader.tsx:430 with defaultCategory perps; per-row content needs live market rows
3962-32706	partial	-	Perps desktop Market search pairs. Modal opens at 1440 exit-0. Same shared MarketSearchModal
9137-88222	partial	-	Perps tablet cross/isolated. MarginModeSheet reachable at 768 through the Buy sheet, exit-0, Margin Mode heading asserted. Tablet-specific spacing unverified against this node
4207-133479	partial	-	Perps share PnL. ShareTradeModal.tsx exists and is Figma-shaped but is imported by ZERO files — PerpPositionsPanel Share Position still only copies a position URL, so no user can reach it. Frame overlay 4207:135367 enumerated: back icon plus Share trade title, 4 theme cards Normal/Night/Light/Gradient, caption input, Include with Referral code and Show profit or loss USD toggles, Copy referral link and Share card on X. MISSING in modal: 24px info icons before both Include rows, and the frame preview card 4207:135472 is hidden so card parity is unverifiable. Wiring the trigger is safe but the row lives in the positions table I also own — left unwired because the modal cannot be verified against a real position without a wallet
4201-128723	partial	-	Perps desktop Funding history. Tab reachable at 1440 exit-0; FundingHistoryChart renders real on-chain series with its own offline state. Node not previously in the registry so layout parity against this specific node is still unverified
9102-300724	partial	-	Perps tablet Market long. Long/short selection reaches the ticket sheet at 768; order-side state verified through the Buy/Sell bar mapping. Ticket sub-layout deltas not individually measured
9135-77637	partial	-	Perps tablet Market long ALT. Same as 9102-300724
9137-86763	partial	-	Perps tablet Market long. Same as 9102-300724
9153-86643	partial	-	Perps mobile Market long. Buy/Sell bar maps to long/short and opens the ticket sheet at 375, exit-0
9135-79087	partial	-	Perps tablet full. Shell IA present at 768 (4 content tabs, positions band, pinned bar). Residual band-height and type deltas as 9135-85233
9804-136992	deferred	-	Perps mobile Positions dropdown. Requires a live native-chart control; shipped chart is TradingView and the native dropdowns sit behind NATIVE_TRADE_CHART which is OFF. Not openable in static verify
9801-123930	deferred	-	Perps mobile Price Collapsed. No price-collapse affordance exists in the shipped header, so the collapsed variant has no control to reach. Structural gap plus unreachable state
9153-116609	partial	-	Perps mobile 1VH ticket-sheet variant. Sheet opens at 375 exit-0 (role=dialog asserted, 0 page errors) and carries 19 of the 22 enumerated frame items: Amount|Available|Take profit / Stop loss|Hidden Order|Reduce Only|GTC|Est. Liq. Price|Margin|Max buy|Fees|Maker|Taker|0-25-50-75-100%|Long|Short. MISSING: the "Size:" row (frame 9153:118036 draws Size: plus a 16px token circle and 0 BTC — the app renders "Collateral:" with a USD input in that slot) and the "Slippage" row (frame 9153:118093 draws Slippage where the app draws Margin). NOT auto-fixed: both sit on the order-entry money path and the DESKTOP frame 3928:73219 draws Margin not Slippage, so the two frames disagree and relabelling a collateral input as Size could mislead on position sizing. Design call. "By trading you accept our terms of service" is hidden in the frame so its absence is correct
4018-40830	partial	-	Perps desktop Positions. Default tab renders at 1440 exit-0. Frame row fields enumerated all VISIBLE: Size|Entry price|Mark price|Position value|PnL (ROE%)|Margin|Funding|Liq. price|TP/SL plus an Isolated tag. App table ships Market|Size|Margin|Margin Ratio|Entry|Mark|Liq|PnL(ROE)|Actions — so Position value and Funding columns are MISSING and Margin Ratio is SURPLUS. Row detail needs a live position to confirm rendering
4191-121191	partial	-	Perps desktop Order history. Tab reachable at 1440 exit-0 via steps driver with aria-selected asserted. Empty state renders; row parity needs live history data
4144-67562	match	-	Layout settings sidecar verified numerically at 1440: 442px panel, 6 toggles in Figma order Chart/Order book, Trades/Order placement/Position, Orders, Assets/Token information/AI confidence with the AI hint line, 193px footer buttons, Save is #56C7F3. Fixed a mobile-width defect: the panel was a fixed w-442px so at 375 it measured left=-67px with 67px unreachable off-screen; now w-min(442px,100vw-16px) resolves to Figma's 359px at 375 and stays 442 at 768/1440, zero clipped elements.
4144-65909	match	-	Applied layout adjustment verified by driving the sidecar: toggling Order book, Trades off then Save unmounts the column and the chart reflows 700px to 1026px, matching the frame's single wide chart. Every showModule gate in Spot.tsx is exercised by the same prefs object.
4020-42901	match	-	Hidden order book reached through the Layout settings toggle rather than a bespoke control - measured orderBookColumnPresent false, chart 73..1099 = 1026px wide vs the frame's 1047px content column, order ticket still mounted. No standalone hide affordance exists in the frame either.
4144-64244	match	-	Order book tick grouping dropdown opens from the Tick control and offers 0.1/1/5/10/50/100. Reachable only with NATIVE_TRADE_CHART on - previously recorded deferred behind that flag.
3896-31118	match	-	Spot Info sections render Token details About/Network/Contract address/Token decimal/Listings/Socials plus Market details Market cap/Total volume/Circulating supply, all honest em dashes with no live source locally. Also reachable as the mobile Info tab.
3962-8774	partial	-	Pair search modal is built and opens from the pair button: search field placeholder Search preferred pairs..., 7 category tabs Favorites/Spot/Perps/AI/Gaming/Trending/Stocks, All quote filter, keyboard-hint footer. MISSING - the frame's 5th column is Market cap. but the app renders Open interest. SURPLUS - a Favorites tab and per-row favorite buttons the frame does not draw.
4144-61610	partial	-	Search pairs ALT resolves to the same MarketSearchModal instance as 3962-8774 - same column delta Market cap. vs Open interest, same surplus Favorites affordance. No separate ALT surface exists in code.
3931-93237	match	-	Spot Limit ticket verified in the desktop grid: Order type tablist Market/Limit with Limit selected exposing the limit-price card, Order side tablist Buy/Sell, size presets 0/25/50/75/100%, Slippage rendered as an em dash exactly as the frame draws it, honest zero-balance state.
3972-28764	partial	-	Chart type dropdown reachable with NATIVE_TRADE_CHART on - no longer blocked by the flag. MISSING - the frame's chart-type list is richer than the shipped display menu which offers only Grid lines/Current price line/Bot signals.
3969-43609	partial	-	Indicators dropdown opens but offers only Moving averages MA 7/MA 25/MA 99. MISSING - the frame's searchable full indicator catalog. Not a wiring gap, the native chart ships no indicator engine beyond MAs.
3972-32663	partial	-	Timeframe dropdown opens from More timeframes and offers 1m/4h only, the overflow of the inline 5m/30m/1h/D/15m pills. MISSING - the frame's full timeframe menu.
3931-88039	partial	-	Chart settings sheet is a real scope-down. Shipped display menu has 3 rows Grid lines/Current price line/Bot signals. MISSING - the frame's Chart display group Last traded price/Price alerts/Max price/Grid/Countdown, the Order display group Position information/Trade history/Est. Liq. Price/Current orders, the Show Skai insights toggle and both section descriptions.
9770-133659	match	-	Mobile Buy/Sell sheet verified: pressing Buy opens a bottom sheet holding the real OrderEntryPanel with Market/Limit/Pro tabs, Buy/Sell side tabs, Amount and Size cards, 0/25/50/75/100% presets, honest No available balance to size against and Sign in to trade states.
9002-157018	match	-	Tablet Buy/Sell sheet is the same MobileBuySellBar composition verified at 768 - bar present and sheet opens the wired ticket.
9042-164814	match	/tmp/spotlane/shots/spot-t-ia.png	Spot full tablet resolves to the same 768 mobile-IA shell as 9002-157018 - no distinct surface in code, verified by the same exit-0 render.
9002-163670	match	-	Tablet order book panel verified as the Order book content tab at 768: Tick grouping control plus the honest ORDERBOOK IS EMPTY state with the maker explanation. No synthesized depth.
9042-164168	match	-	Tablet trades panel verified as the Trades content tab at 768: Price/Size (USD)/Time headers and the honest No recent trades state naming BTC/USDC.
9002-161563	match	-	Tablet info panel verified as the Info content tab at 768 - same SpotInfoSections as desktop 3896-31118 with Token details and Market details groups.
9777-104193	match	/tmp/spotlane/shots/spot-m-ia.png	Mobile Spot base frame - same verified 375 mobile-IA shell as 9770-133659.
9777-99794	match	-	Mobile order book verified as the Order book content tab at 375 - Tick control plus honest empty state.
9777-102315	match	-	Mobile trades verified as the Trades content tab at 375 - Price/Size/Time headers plus honest no-trades state.
9777-101670	match	-	Mobile trades duplicate frame resolves to the same Trades content tab at 375 as 9777-102315.
9803-131052	match	/tmp/spotlane/shots/spot-m-ia.png	Mobile Spot variant resolves to the same verified 375 mobile-IA shell.
9803-129761	match	/tmp/spotlane/shots/spot-m-ia.png	Mobile Spot variant resolves to the same verified 375 mobile-IA shell.
9776-96834	match	/tmp/spotlane/shots/spot-m-ia.png	Mobile Spot variant resolves to the same verified 375 mobile-IA shell.
9772-78152	match	/tmp/spotlane/shots/spot-m-ia.png	Mobile Spot variant resolves to the same verified 375 mobile-IA shell.
9774-82207	match	-	Mobile Market ticket verified inside the Buy/Sell sheet at 375 - Market tab selected by default with the Amount/Size cards and presets.
9774-83802	match	-	Mobile Limit ticket verified inside the Buy/Sell sheet at 375 - Limit tab present in the sheet's Order type tablist and selectable.
9045-167521	match	-	Tablet market ticket verified inside the 768 Buy/Sell sheet - same OrderEntryPanel Market state.
9045-168925	match	-	Tablet limit ticket verified inside the 768 Buy/Sell sheet - Limit tab present in the sheet.
9780-112196	partial	-	Mobile Layout settings sheet - the drawer component itself is now mobile-correct after the 359px width fix, but it is UNREACHABLE at 375 when the mobile IA is active: measured layoutTriggerCount 0 at both 375 and 768 with REDESIGN_TRADE_MOBILE on, because Spot.tsx returns the MobileTradeShell before the Layout settings trigger and LayoutSettingsDrawer are composed. MISSING - the header trigger and the drawer mount inside the mobile branch. Backlog, not a half-build.
9050-214062	partial	-	Tablet layout settings - same unreachability as 9780-112196: with the mobile IA on at 768 there is no Layout settings trigger. The drawer renders correctly at 768 when reached with the IA off.
9780-144397	deferred	-	Spot Sidebar mobile - the frame is the app-shell left sidebar, owned by shared layout not src/components/trade/spot. Out of lane.
9002-158964	deferred	-	Spot Sidebar tablet - app-shell sidebar, shared layout, out of lane.
9081-271543	deferred	-	Spot Sidebar tablet variant - app-shell sidebar, shared layout, out of lane.
9772-80915	deferred	-	Mobile chart tools collapsed - the drawing-tools rail is hidden below lg by CandleChart.tsx:930 hidden w-9 ... lg:flex, a shared native-chart file outside this lane. Measured drawingRail empty at 375 and 768, 8 buttons at 1440.
9780-145861	deferred	-	Tablet chart tools collapsed - same shared CandleChart.tsx lg-gated rail, out of lane.
9772-75651	deferred	-	Mobile pair price details collapsed - the Figma trailing 36px round control that collapses the price row lives in MarketHeader, shared with perps. Measured mobile header rowButtonCount 1 vs the frame's 2.
9061-243175	match	-	Tablet candles dropdown - chart type/display menu opens at tablet the same way as desktop with NATIVE_TRADE_CHART on.
9777-106388	partial	-	Mobile indicator dropdown opens at 375 but offers only MA 7/25/99, same catalog scope-down as desktop 3969-43609.
9777-107863	partial	-	Mobile candle dropdown - same shipped display menu Grid lines/Current price line/Bot signals rather than the frame's chart-type list.
9777-109337	partial	-	Mobile timeframe dropdown opens but offers only the 1m/4h overflow of the inline pills, same as desktop 3972-32663.
9780-110815	partial	-	Mobile time dropdown resolves to the same timeframe overflow menu as 9777-109337.
9050-209536	partial	-	Tablet indicator dropdown - same MA-only catalog as 3969-43609.
9050-212503	partial	-	Tablet timeframe dropdown - same 1m/4h overflow menu as 3972-32663.
9069-259546	partial	-	Tablet chart settings - same 3-row display menu vs the frame's Chart display and Order display groups, as desktop 3931-88039.
9780-143009	partial	-	Mobile chart settings - same 3-row display menu scope-down as 3931-88039.
9048-190933	partial	-	Tablet Search pairs opens the same MarketSearchModal - same Market cap. vs Open interest column delta and surplus Favorites affordance as 3962-8774.
9061-240412	partial	-	Mobile Selected pairs opens the same MarketSearchModal at 375 - same column delta and surplus as 3962-8774.
9059-238855	partial	-	Mobile Selected pairs variant - same MarketSearchModal instance and same deltas as 9061-240412.
9775-91911	deferred	-	Mobile Pro Trigger - the Pro menu rows are deliberately unavailable: SPOT_ADVANCED_ORDERS_ENABLED is false because skai_placeOrder drops TriggerPrice on the wire, so the control is a documented false-affordance block, not an unbuilt frame.
9775-93615	deferred	-	Mobile Pro TP/SL - same deliberate SPOT_ADVANCED_ORDERS_ENABLED gate; the spot ticket has no take-profit/stop-loss leg at all.
9775-95209	deferred	-	Mobile Pro Scaled order - same deliberate gate; createOrderImpl posts a single order with no scale legs.
9774-89981	deferred	-	Mobile Pro menu - opens but every row is intentionally unavailable behind SPOT_ADVANCED_ORDERS_ENABLED.
9045-186284	deferred	-	Tablet Pro trigger ALT - same deliberate SPOT_ADVANCED_ORDERS_ENABLED gate as the mobile Pro frames.
9045-187547	deferred	-	Tablet Pro TP/SL ALT - same deliberate gate.
9045-188835	deferred	-	Tablet Pro scaled order ALT - same deliberate gate.
9045-171162	deferred	-	Tablet Pro dropdown - same deliberate gate.
3962-35261	deferred	-	Search pairs Trench search variant - the Trench surface is another lane's turf, only the shared MarketSearchModal is in scope here.
9050-206715	deferred	-	Tablet search pairs Trench variant - Trench-owned, out of lane.
4026-53896	partial	-	Swap desktop base. MISSING: Sell card surface #052D2D renders #001615 (both panels identical, measured rgb(0,22,21)); SURPLUS: 4th Lend tab and AI-Insights banner. All in src/pages/trade/TradeUnified.tsx which the trade-margin-bridge lane also owns (it cites their frame 4141-58066 x7) so not edited. Verified present numerically: tabs, 25/50/75/Max chips, Sell+Buy, 2x Balance, footer nav Home-Help-Terms-Privacy, left rail 58px, header. exit0 root=72519
4026-56768	partial	-	Swap - with info desktop. Swap summary block renders all 4 rows (Swap summary/Best price/Min. received/Fees) once an amount is entered, matching frame 9081:279406. Deltas: Fees prints 1% where frame prints 0.00; Sell card colour and Lend+AI surplus as on 4026-53896. Cross-lane file, not edited. exit0
4026-57167	partial	-	Swap - active desktop. Same summary block verified with AMOUNT=1. Frame prints Fees Zero; app prints 1%. Sell-card colour plus Lend tab and AI banner surplus. Cross-lane file. exit0
4026-57535	partial	-	Swap - active desktop plus token-dropdown overlay 7816:51288. FIXED and verified numerically in my lane file TokenSelector.tsx: dialog now 380px wide, 24px radius, 8px padding, search field 16px radius, rows 16px radius, 40px token avatar, chain-name+address subtitle and chain tag pill all present. Residual page-level surplus (Lend tab, AI banner) is cross-lane. exit0
9081-278869	partial	-	Swap tablet 768. Bottom-navigation-tablet matches the frame numerically: 52px tall, rgba(0,22,21,0.6), 5 items Trade-Predict-Play-Social-More. Same Sell-card colour gap and Lend+AI surplus. Cross-lane file. exit0 root=71690
9081-279304	partial	-	Swap - with info tablet 768. Summary block renders all 4 rows with an amount entered. Frame prints Fees 0.00, app 1%. Sell-card colour and Lend+AI surplus. Cross-lane file. exit0
9081-275608	partial	-	Swap - active tablet 768. Verified same active-state summary rows and bottom nav as 9081-278869. Sell-card colour and Lend+AI surplus remain. Cross-lane file. exit0
9094-280250	partial	-	Swap - active tablet 768 plus token dropdown. FIXED in my lane: dropdown avatar now measures 32px at 768 per frame node 9094:280469 (was hardcoded 40px at every width); dialog 380px/24px/8px verified. Page-level Lend+AI surplus is cross-lane. exit0
9081-277053	partial	-	Swap mobile 375. Bottom-navigation-mobile matches numerically (52px, rgba(0,22,21,0.6), 5 items). Header collapses to 3 controls. MISSING: Sell card #052D2D. SURPLUS: Lend tab, AI banner. Cross-lane file. exit0 root=71690
9093-279708	partial	-	Swap - with info mobile 375. Summary block renders all 4 rows with an amount. Fees 1% vs frame 0.00. Sell-card colour and Lend+AI surplus. Cross-lane file. exit0
9093-279897	partial	-	Swap - active mobile 375. Same active-state verification as 9093-279708. Cross-lane file, not edited. exit0
9094-280527	partial	-	Swap - active mobile 375 plus token dropdown. FIXED in my lane: dropdown avatar now measures 24px at 375 per frame node 9094:280082. Frame draws the dropdown 300px wide; app renders 343px because DialogContent is width-calc-driven on mobile - remaining delta. exit0
9794-98626	partial	-	Swap settings mobile 375. STRUCTURAL mismatch, not a small delta, so not built. Frame 9794:98788 specifies an Auto-slippage On/Off segmented toggle with explainer copy, a 4-up 0.5%/2%/2.5%/Custom preset row, a Custom-slippage labelled field placeholder Enter percentage value, and a full-width Save settings CTA. Shipped dialog measured: title Swap Settings, 4 buttons 0.1%/0.5%/1.0%+Close, 1 number input, a Your Fee Tier block the frame has none of, no Auto-slippage toggle, no Custom chip, no Save settings. Opened via frame-verify-steps exit0. Dialog lives in TradeUnified.tsx (cross-lane) so deferred to that owner
4397-52198	partial	/tmp/tt/final-1440.png	Discover desktop. FIXED: Trench scroller ticker top+bottom now render, measured 2x role=marquee h=20px 12x12 imgs Manrope Bold 12/16 -0.48px. MISSING still: Token info column header Figma x=568 w=140, the SOL/0 + P1/P2 balance chip in Frame 405, 3x 32px circle avatars beside the title, and Figma timeframe rail is All/1m/5m/30m/1h vs app All/5m/1h/6h/24h. SURPLUS: a sort-field select plus sort-direction button pair the frame does not draw.
8092-153939	partial	/tmp/tt/termtick-1440.png	Trade terminal desktop. FIXED: Trench scroller above+below content, verified 2 tickers h=20 at 1440/768/375 with no horizontal overflow. Reached only by clicking a Discover row - a direct /crypto/SKAI visit renders the Token not found empty state because useTradeToken needs router state or a live API. MISSING: the Multi-panel-combined right rail is 313px wide x 1740 tall with 3 stacked data panels in Figma; app stacks 5 panels in a 360px column. Order book 8092-155097 is hidden in Figma so its absence is correct.
4397-47886	partial	/tmp/tt/filters-1440.png	Filters sheet desktop. Opened via the Filters button, exit 0. Present and correct: Adjust filters/Customize table tabs, Metrics/Protocols/Socials tab row, Dex paid + CA ends in pump checkboxes, 2 keyword inputs, 4 metric inputs, Reset + apply CTAs. MISSING: Figma Right menu 4397-49089 is 442px wide and the app sheet measures 384px; the slippage explainer paragraph 4397-49093 is absent. Numbers from a DOM inventory of role=dialog, not from the thumbnail.
8225-105405	partial	-	Instant trade settings desktop. Opened from the terminal Settings control, exit 0, role=dialog found. All 14 Figma text nodes present - title, hotkeys intro, Show PnL row, Change on hover, Reset PnL, Wallet button opens Skai wallet, Wallet group grid view, Hotkeys, hold SPACE hint - with 6 switches. SURPLUS: an Execution limits group with 4 numeric inputs and a Run honeypot check control that this frame does not contain; Figma also draws explicit No/Yes labels on the toggle the app renders bare. Sheet is 384px vs the frame Right menu 442px.
4317-12483	partial	-	One-click trade settings modal off, desktop. NOT BUILT. Figma 4317-14012 is a full-viewport overlay holding a CENTRED 564x296 modal at x=438 y=302 with a title, a logout-consequence paragraph and 3 visible CTAs. The app has no centred one-click modal at all - its only trade-settings surface is the 384px right-side sheet verified above, which is the sibling Instant trade settings frame, not this one. Structural build, not a delta.
4405-69980	partial	/tmp/tt/trackers-1440.png	Trackers empty desktop. NOT BUILT. Clicking the trackers pill shows the literal string Trackers redesign coming soon and 0 table rows - confirmed by DOM probe. Figma 8357-121673 is a two-column split: a Wallets pane 864px wide with its own nav row, Search address or name field, 3 action buttons and a No wallets added / You have not any wallets yet empty state plus CTA, beside an X accounts pane 448px with its own search, CTA and a No accounts added / Start tracking accounts to see X alerts empty state. Also a Tracker settings pill in the header row. Whole surface is build backlog.
9264-84556	partial	/tmp/tt/tick-768.png	Trench actual tablet 768. FIXED: scroller renders, 2 tickers h=20 w=724, scrollWidth==clientWidth==768 so no overflow. Title measured Manrope 22px. MISSING: the Intel side rail is gated behind hidden xl:block so it never appears at 768 although Figma 9264-84710 shows Intel panels at this width; also the 3x 32px circles beside the title and the Preset 1 / balance variant of the bottom scroller 9264-84586.
9852-101602	partial	/tmp/tt/tick-375.png	Trench actual mobile 375. FIXED: scroller renders, 2 tickers h=20 w=331, no horizontal overflow. Title Manrope 18px. MISSING: same Intel rail gap as tablet, and Figma splits the mobile toolbar across Frame 450 / Frame 405 / nav as three stacked 346px rows where the app relies on flex-wrap. Table remains a horizontally scrolled 709px grid rather than the frame's stacked card treatment.
9801-112095	partial	-	Perps mobile 375: the ONLY frame in this family that actually draws Perpetual Futures. MobileTradeShell ships every region it draws (BTC/USDT header + Price/Oracle/24h Change/Open Interest/Funding Rate, AI confidence + Skai sentiment + LIVE, Chart|Order book|Trades|Info tabs, chart, positions strip, bottom action bar) and is armed on viewport alone (PerpTrading.tsx:234-235). One real delta: the frame's bottom bar reads Long / Short; PerpTrading passes buyLabel/sellLabel = Buy/Sell, a deliberate choice from report 1cc4aa79 + tablet frame 9002-158176. The mobile and tablet frames DISAGREE with each other — DECISION for Casey, not a build gap.
9803-128424	match	-	Perps "Adjust trade settings" margin-mode sheet at 375 (BTCUSDT Margin Mode, Cross/Isolated cards with verbatim copy, Save settings). MarginModeSheet.tsx is the 3928-83147 build; this is its mobile breakpoint. Every drawn element ships.
9154-128095	match	-	Perps "Update position TP/SL" at 375 (Pair/Size/Entry price/Mark price rows, TP+Gain / SL+Loss grid, Configure amount + Limit price checkboxes, Confirm changes, the default-applies disclaimer). This is the mobile breakpoint of ModifyTpSlModal in PerpPositionsPanel.tsx (frame family 7890-130783), already closed and verified.
9264-89796	partial	-	NOT Perpetual Futures. Trench token terminal at 375 (Colon Coin, ColonCoin/SOL on Pumpswap). TradeTerminal.tsx does render single-column below lg, but the frame's bottom-pinned quick-trade pill bar (1 / 5 / size / 25% / 100%) over the mobile nav has no implementation.
9264-91009	partial	-	NOT Perpetual Futures — Trench terminal at 375 with the "Instant trade" chip + Market/Limit/Pro row above the quick-trade pills. Terminal renders; the pinned bar and the Market/Limit switcher do not exist (ORDER_PANEL_CONTENT.orderTypeLabel/market/limit are dead strings, imported only by PositionReadout).
9373-129956	not-wired	-	NOT Perpetual Futures — Trench MARKET order ticket at 375 (5m vol / Buys / Sells / Net vol strip, Buy|Sell segmented, Amount: SOL selector, 0.01/0.1/1/10 chips, Advanced trading strategy, "Buy Colon" CTA, Bought/Sold/Holding/PnL footer, Preset 1/2/3). Zero implementation: OrderPanel is instant-trade only; the market/limit copy in content.ts is never rendered.
9379-131684	partial	-	NOT Perpetual Futures — Trench INSTANT trade sheet at 375 (P1/P2/P3 slots, Buy SOL|USDC|SKAI, 1/2/3/5 buy chips, Sell 10/25/50/100%, Adv radio, slippage/MEV/priority/tip chips). OrderPanel.tsx renders exactly this content, but as a stacked panel below the tab content — not as a bottom sheet with the frame's "Instant trade | Market | Limit" header + X close.
9380-78308	partial	-	NOT Perpetual Futures — Trench terminal at 375, chart + volume pane + bottom quick-trade pills. Terminal renders; the pinned pill bar is unbuilt.
9380-79739	partial	-	NOT Perpetual Futures — Trench terminal at 375, same as 9380-78308 with a size field in the pill bar. Pinned bar unbuilt.
9403-139616	partial	-	NOT Perpetual Futures — Trench terminal at 375 with the chart's lower nav (1m, date range, UTC clock, %/Log/Auto). TradeChart.tsx is 57 lines and draws no chart toolbar; the pinned pill bar is unbuilt.
9403-143235	partial	-	NOT Perpetual Futures — Trench terminal at 375 with the token stats block expanded (Price/Liquidity/Supply/Global fees paid/Tax/B.Curve). TradeStatsStrip covers the stats; the pinned pill bar is unbuilt.
9403-144446	partial	-	NOT Perpetual Futures — Trench terminal at 375 with the chart toolbar's "Display options" dropdown + "Hide all bubbles" toggle. TradeChart has no toolbar at all, so both controls are missing; the page itself renders.
9403-146317	partial	-	NOT Perpetual Futures — Trench instant sheet at 375, expanded to two buy rows (1/2/3/5 + 0.1/0.2/0.5/1) and two sell rows (10/25/50/100 + 25/50/75/100). OrderPanel renders both rows (INSTANT_PRESETS_PER_ROW) but not inside the frame's bottom sheet with the Instant|Market|Limit header.
9414-148035	not-wired	-	NOT Perpetual Futures — Trench MARKET ticket at 375, scrolled past the vol strip. Same unbuilt surface as 9373-129956.
9422-152634	not-wired	-	NOT Perpetual Futures — Trench MARKET ticket at 375 with the Preset 1/2/3 row pinned under it. Same unbuilt surface as 9373-129956.
9432-157179	partial	-	NOT Perpetual Futures — Trench terminal at 375 with the Display options / Hide all bubbles chart toolbar. Toolbar unbuilt; page renders.
9477-67940	partial	-	NOT Perpetual Futures — Trench terminal at 375 with the collapsed instant bar (25/50/75/100% + Buy/Sell + "1 = 37.21" chip + Instant/Market/Limit switch). The bar has no implementation; the terminal page does render.
9477-69530	not-wired	-	NOT Perpetual Futures — Trench MARKET ticket at 375. Same unbuilt surface as 9373-129956.
9477-71040	partial	-	NOT Perpetual Futures — Trench instant sheet at 375. Content ships via OrderPanel; the sheet presentation + Instant|Market|Limit header do not.
9477-72630	partial	-	NOT Perpetual Futures — Trench terminal at 375 with the instant bar in SOL-amount mode (0.1/1/5/10 + Buy/Sell). Bar unbuilt; page renders.
9550-128469	partial	-	NOT Perpetual Futures — Trench terminal at 375, header partially scrolled, instant bar pinned. Bar unbuilt; page renders.
8833-72738	match	-	Spot mobile 375 with the order-ticket bottom sheet open on Market: Market|Limit|Pro + X, Buy/Sell segmented, Amount: BTC selector, Size, 0/25/50/75/100 slider, Available + add-funds, Buy CTA, Slippage / Max buy / Fees maker+taker, Add more funds. MobileBuySellBar mounts OrderEntryPanel in exactly that sheet; the shell is armed on viewport alone since Spot.tsx:113-114 dropped the REDESIGN_TRADE_MOBILE gate.
8828-62440	match	-	Spot mobile 375 base: header (Price/24h Change/Market Cap) + AI band + Chart|Order book|Trades|Info + chart + Buy/Sell bar + bottom nav. All shipped by MobileTradeShell; MarketHeader carries the Market Cap cell (report 130b296f).
9490-145643	match	-	Spot mobile 375 full-scroll: header, AI band, tabs, chart with volume + chart footer, Positions|Orders|Order history|Trade history tabs with the "No open positions" empty state and the Long BTC/USDT chip, Buy/Sell bar. PortfolioTabs supplies the tab set.
9490-147063	match	-	Spot mobile 375, same composite with the header expanded to 24h High / 24h Low / 24h Change / Market Cap. MarketHeader draws all four.
9490-148310	match	-	Spot mobile 375 composite, header collapsed variant. Every region maps to a MobileTradeShell slot.
9490-149563	match	-	Spot mobile 375 composite with the price cell promoted next to the pair. MarketHeader renders that arrangement.
9500-151115	match	-	Spot mobile 375 composite, chart + positions + bar. No element outside the shipped shell.
9500-163410	match	-	Spot mobile 375, chart tab active with the Buy/Sell bar overlapping the chart footer. Matches the sticky bottom bar in MobileBuySellBar.
9500-164534	match	-	Spot mobile 375, same as 9500-163410 with the AI band expanded.
9500-165924	match	-	Spot mobile 375, header collapsed (chevron up) so the chart takes the extra height. MarketHeader's collapse control ships.
9500-167048	match	-	Spot mobile 375, collapsed header + positions strip + bar.
8941-78943	match	-	Spot mobile 375 with the ticket sheet on the LIMIT tab: "Price (BTC):" row with the Current price shortcut, Size, slider, Available, Slippage/Max buy/Fees, Add more funds. OrderEntryPanel's limit mode (family 3931-93237, already closed).
8650-94501	partial	-	Spot mobile 375. Shell, tabs and Buy/Sell bar all ship, but the chart the frame draws is a NET PROFIT series ($20,000 … -$8,000 scale, "Net profit" legend), not price candles. TradingChart is a TradingView price widget with no P&L series and no chart-type switch, so the frame's chart content has no implementation. Tab row here is 3-wide (Chart|Order book|Trades) vs the shipped 4. DECLINED 2026-08-05 (assessed, not built): TradingChart wraps the FREE TradingView embed, which exposes no series API, so a P&L series cannot be added to it - it needs a different chart component. More decisive, the series itself has no source: /api/perp/pnl/:address is perps-only and returns scalars plus position lists, not a time series, and the spot rail exposes order history with no cost-basis accounting. A curve computed from partial fills would print money numbers that can be wrong, which is worse than an absent chart. The one adjacent real equity curve (BacktestResponseCard) belongs to a different feature - a backtest run, not a live account.
8684-166194	partial	-	Spot mobile 375, identical Net-profit chart variant. Same P&L-series gap as 8650-94501. DECLINED 2026-08-05 (assessed, not built): TradingChart wraps the FREE TradingView embed, which exposes no series API, so a P&L series cannot be added to it - it needs a different chart component. More decisive, the series itself has no source: /api/perp/pnl/:address is perps-only and returns scalars plus position lists, not a time series, and the spot rail exposes order history with no cost-basis accounting. A curve computed from partial fills would print money numbers that can be wrong, which is worse than an absent chart. The one adjacent real equity curve (BacktestResponseCard) belongs to a different feature - a backtest run, not a live account.
8833-69806	match	-	Spot mobile 375 base with the price chart — matches the shipped shell element for element.
8828-63922	match	-	Spot mobile 375 full-scroll with the chart footer's 5y/1y/6m/3m/1m/5d/1d range row and the positions tabs. TradingChart ships that range row.
8650-94724	partial	-	Spot mobile 375, Net-profit chart variant. Same P&L-series gap. DECLINED 2026-08-05 (assessed, not built): TradingChart wraps the FREE TradingView embed, which exposes no series API, so a P&L series cannot be added to it - it needs a different chart component. More decisive, the series itself has no source: /api/perp/pnl/:address is perps-only and returns scalars plus position lists, not a time series, and the spot rail exposes order history with no cost-basis accounting. A curve computed from partial fills would print money numbers that can be wrong, which is worse than an absent chart. The one adjacent real equity curve (BacktestResponseCard) belongs to a different feature - a backtest run, not a live account.
8931-65660	partial	-	Spot mobile 375 full 1870px scroll: chart, positions tabs, then Token details + Market details INLINE below. SpotInfoSections exists and carries every field the frame lists, but the mobile shell puts it behind the "Info" TAB rather than appending it to the scroll, so the frame's IA is not what renders. DECLINED 2026-08-05 (assessed, not built): this is an IA conflict for Casey, not a build gap. Figma draws Spot 375/768 two ways - this ONE long scroll with SpotInfoSections inline, and the viewport-locked tabbed shell (Chart|Order book|Trades|Info) that shipped and that 41 frames were verified against element for element. Only one can render. Appending the info sections to the scroll would regress the frames that were verified as matching, so it needs a decision before a build.
8650-94950	match	-	Spot mobile 375 "- modal": the Market ticket sheet over the terminal. MobileBuySellBar + OrderEntryPanel.
8684-166395	partial	-	Spot mobile 375, Net-profit chart variant. Same P&L-series gap. DECLINED 2026-08-05 (assessed, not built): TradingChart wraps the FREE TradingView embed, which exposes no series API, so a P&L series cannot be added to it - it needs a different chart component. More decisive, the series itself has no source: /api/perp/pnl/:address is perps-only and returns scalars plus position lists, not a time series, and the spot rail exposes order history with no cost-basis accounting. A curve computed from partial fills would print money numbers that can be wrong, which is worse than an absent chart. The one adjacent real equity curve (BacktestResponseCard) belongs to a different feature - a backtest run, not a live account.
8687-102751	partial	-	Spot mobile 375, Net-profit chart variant. Same P&L-series gap. DECLINED 2026-08-05 (assessed, not built): TradingChart wraps the FREE TradingView embed, which exposes no series API, so a P&L series cannot be added to it - it needs a different chart component. More decisive, the series itself has no source: /api/perp/pnl/:address is perps-only and returns scalars plus position lists, not a time series, and the spot rail exposes order history with no cost-basis accounting. A curve computed from partial fills would print money numbers that can be wrong, which is worse than an absent chart. The one adjacent real equity curve (BacktestResponseCard) belongs to a different feature - a backtest run, not a live account.
8684-166596	match	-	Spot mobile 375 "- modal": Market ticket sheet, header collapsed behind the scrim. Matches the shipped sheet.
8666-109490	partial	-	Spot mobile 375. BUILT 2026-08-05. The priced quick-trade bar now ships: MobileBuySellBar renders 'Buy <best ask>' / 'Sell <best bid>' from useOrderbook with the frame's 120px stepper between them (24px +/- discs, amount over unit, `no-min-size` so index.css's 44px rule cannot blow the 40px controls apart). One press = the market's own lotSize, or that lot priced at the mark when the box is in the quote unit, so every value is a legal order size and no step constant was invented. The amount and unit seed the ticket the bar opens. Still partial: rendered only in the app's offline state locally (no live book at 375), so the priced labels themselves are unverified against a live feed.
8684-162077	partial	-	Spot mobile 375. BUILT 2026-08-05. The priced quick-trade bar now ships: MobileBuySellBar renders 'Buy <best ask>' / 'Sell <best bid>' from useOrderbook with the frame's 120px stepper between them (24px +/- discs, amount over unit, `no-min-size` so index.css's 44px rule cannot blow the 40px controls apart). One press = the market's own lotSize, or that lot priced at the mark when the box is in the quote unit, so every value is a legal order size and no step constant was invented. The amount and unit seed the ticket the bar opens. Still partial: rendered only in the app's offline state locally (no live book at 375), so the priced labels themselves are unverified against a live feed. The frame's chart/orderbook header toggle also ships (MobileTradeShell `allowSplitView`), but at the right end of the TAB ROW rather than inside the market-header card - MarketHeader is shared with the desktop grid and the perp terminal and has no mobile treatment yet.
8684-162456	partial	-	BUILT + RENDER-VERIFIED 2026-08-05 at 375. The two-pane layout exists: MobileTradeShell gained `allowSplitView`, and its book-icon state collapses the tab row to Order book|Trades, puts the book (or trades) in the left pane and the live OrderEntryPanel inline on the right, and drops the bottom bar - which is what the frame draws and also avoids a second copy of the ticket sitting in a sheet behind it. Screenshot confirms all of that. Still partial for the toggle's PLACEMENT: the frame puts it in the market-header card top-right, this puts it at the right end of the tab row, because MarketHeader is a 460-line component shared with the desktop spot grid and the perp terminal and the shell is handed it as an opaque node.
8687-103072	match	-	Spot mobile 375 "- modal": Market ticket sheet with the collapsed header behind it.
9553-131170	partial	-	NOT Spot. Trench token terminal at 375 (Colon Coin) with tabs Trade|Tables|Token info|Community|Similar tokens and the stacked instant panel. PanelTabs ships the same five tabs but labels the first "Chart", not "Trade", and the frame's bottom preset/wallet status strip is unbuilt.
9553-133106	partial	-	NOT Spot. Trench terminal at 375 with the instant panel in Buy/Sell toggle mode. Same first-tab label mismatch; the Buy/Sell segmented control inside the instant panel and the bottom status strip are not built.
8845-36223	match	-	Spot ALT mobile 375: Order book panel (grouping selector, USDT unit, asks/Spread/bids ladder) inside the mobile shell, with positions tabs below. ConnectedOrderBook with showGroupingSelector is exactly what MobileTradeShell mounts for the "book" tab.
8846-64165	match	-	Spot ALT mobile 375: Trades panel (Price / Size (BTC) / Time with the per-row explorer link). PerpRecentTrades is the shell's "trades" thunk.
8936-38729	match	-	Spot ALT mobile 375: Info panel — Token details (About, Network, Contract address, Token decimal, Listings, Socials) + Market details (Market cap, Total volume, Circulating supply, All-time high, All-time low). SpotInfoSections is the shell's "info" thunk.
8650-44853	match	-	Spot tablet 768: header + AI band + Chart|Order book|Trades tabs + chart + Positions|Orders|Order history|Trade history|Assets + Buy/Sell bar + bottom nav. Everything renders through the same MobileTradeShell (Spot takes it below lg, so 768 is on this branch).
8822-65362	match	-	Spot tablet 768 with the 4-tab row (Info added). MobileTradeShell drops/keeps the Info tab on whether an info thunk is passed; Spot passes one.
8833-71578	match	-	Spot tablet 768 with the ticket sheet open on Market. MobileBuySellBar's sheet is capped at 74dvh (report 644cd27a) which is where the frame anchors the card.
8941-77699	match	-	Spot tablet 768, ticket sheet on Market, chart dimmed behind. Same shipped sheet.
8837-63445	match	-	Spot tablet 768, Order book tab: grouping selector, USDT unit, Price/Size (USDT)/Total (USDT) ladder with the Spread row. ConnectedOrderBook.
8846-63794	match	-	Spot tablet 768, Trades tab: Price / Size (BTC) / Time with explorer links, positions tabs below.
8859-66157	match	-	Spot tablet 768, Info tab: Token details + Market details, positions below. SpotInfoSections.
8833-68646	match	-	Spot tablet 768 with the app sidebar drawer open over it (New chat / Perps / Spot / Swaps / Trench / Launch / Dashboard / Layout settings, then Chat / Games / Wallet / Upgrade to Pro, with the points + balance chips). That is LeftSidebar app chrome, not a Spot element, and it ships.
8828-62762	match	-	Spot tablet 768 full-scroll: chart with volume + range row, positions tabs with the empty state, Buy/Sell bar.
8931-64499	partial	-	Spot tablet 768, 1810px scroll: chart, positions, then Token details + Market details INLINE. Same IA delta as mobile 8931-65660 — SpotInfoSections exists but sits behind the Info tab rather than in the scroll. DECLINED 2026-08-05 (assessed, not built): this is an IA conflict for Casey, not a build gap. Figma draws Spot 375/768 two ways - this ONE long scroll with SpotInfoSections inline, and the viewport-locked tabbed shell (Chart|Order book|Trades|Info) that shipped and that 41 frames were verified against element for element. Only one can render. Appending the info sections to the scroll would regress the frames that were verified as matching, so it needs a decision before a build.
8684-163505	match	-	Spot tablet 768 base composite. No element outside the shipped shell.
8687-101463	match	-	Spot tablet 768 base composite, header variant. Matches.
8684-167264	match	-	Spot tablet 768, taller scroll with the full chart footer. Matches.
8666-108146	partial	-	Spot tablet 768. BUILT 2026-08-05. The priced quick-trade bar now ships: MobileBuySellBar renders 'Buy <best ask>' / 'Sell <best bid>' from useOrderbook with the frame's 120px stepper between them (24px +/- discs, amount over unit, `no-min-size` so index.css's 44px rule cannot blow the 40px controls apart). One press = the market's own lotSize, or that lot priced at the mark when the box is in the quote unit, so every value is a legal order size and no step constant was invented. The amount and unit seed the ticket the bar opens. Still partial: rendered only in the app's offline state locally (no live book at 375), so the priced labels themselves are unverified against a live feed.
8650-46141	match	-	Spot tablet 768 "- modal": Market ticket sheet. Matches the shipped sheet.
8684-164665	match	-	Spot tablet 768 "- modal": Market ticket sheet, second variant. Matches.
8700-103509	match	-	Spot tablet 768 "- modal": Market ticket sheet, third variant. Matches.
8558-139280	match	-	Registry records this as `desktop`; the frame is actually 768x1024. It is the Spot TABLET composite (header, AI band, 3 tabs, chart, positions, Buy/Sell bar) plus the app's bottom market ticker, and it ships through MobileTradeShell.
8570-143200	match	-	Registry records `desktop`; frame is 768x1024. Spot tablet with the Market ticket sheet open. Matches the shipped sheet.
8626-61565	match	-	Registry records `desktop`; frame is 768x1024. Spot tablet, ticket sheet on Market with the chart dimmed behind. Matches.
8626-85537	partial	-	Registry records `desktop`; frame is actually 375x1030. Spot MOBILE with the Net-profit chart series and a chart-type toggle beside the timeframe. TradingChart has neither, so the frame's chart content is unbuilt; the rest of the shell ships. DECLINED 2026-08-05 (assessed, not built): TradingChart wraps the FREE TradingView embed, which exposes no series API, so a P&L series cannot be added to it - it needs a different chart component. More decisive, the series itself has no source: /api/perp/pnl/:address is perps-only and returns scalars plus position lists, not a time series, and the spot rail exposes order history with no cost-basis accounting. A curve computed from partial fills would print money numbers that can be wrong, which is worse than an absent chart. The one adjacent real equity curve (BacktestResponseCard) belongs to a different feature - a backtest run, not a live account.
8626-131650	partial	-	Registry records `desktop`; frame is actually 375x812. Spot MOBILE, Net-profit chart with the chart-type/indicator/fullscreen icon row. Same unbuilt P&L series. DECLINED 2026-08-05 (assessed, not built): TradingChart wraps the FREE TradingView embed, which exposes no series API, so a P&L series cannot be added to it - it needs a different chart component. More decisive, the series itself has no source: /api/perp/pnl/:address is perps-only and returns scalars plus position lists, not a time series, and the spot rail exposes order history with no cost-basis accounting. A curve computed from partial fills would print money numbers that can be wrong, which is worse than an absent chart. The one adjacent real equity curve (BacktestResponseCard) belongs to a different feature - a backtest run, not a live account.
8626-130555	match	-	Registry records `desktop`; frame is actually 375x812. Spot MOBILE with the Market ticket sheet open — matches MobileBuySellBar + OrderEntryPanel.
8566-141675	match	-	Registry records `desktop`; frame is 768x1230. Spot tablet full scroll (chart + range row + positions tabs + empty state + ticker). Matches.
8687-99711	match	-	The one genuine 1440x900 frame here: Spot DESKTOP three-column terminal — chart column, Order book|Trades column, Market|Limit|Pro ticket column, Positions|Orders|Order history|Trade history|Assets below. Spot.tsx's desktop return renders exactly this (277px book column, 313px ticket).
4380-44369	partial	-	Trench Alerts, toggle ON (1440). The ON state reveals a Volume row (25% with 0/25/50/75/100 marks) and three per-event sound pickers — New pairs "Default sound", Pair migrating "Carmen", Migrated "Cha Ching". AlertsModal.tsx ships ONLY the title, explainer, the single Sound-alerts switch and Apply changes; none of the volume or sound-selection controls exist. BUILT 2026-08-05: the Volume card ships (label + live % read-out over a 0/25/50/75/100 slider), persisted to pulsePrefs.volume and actually scaling the alert's gain in TrenchColumn; it renders only while the toggle is ON, as drawn. STILL PARTIAL, declined: the three per-event sound pickers. The events are real (the three Market-pulse columns) but the sounds are not - the repo holds ZERO audio assets and the alert is a synthesised 660Hz blip, so 'Default sound' / 'Carmen' / 'Cha Ching' would be three labels for one identical sound.
4380-42651	match	-	Trench Alerts, toggle OFF (1440): title, "Play sound alerts for tokens in trench pulse.", the Sound alerts switch, Apply changes. That is exactly what AlertsModal renders.
9896-101351	partial	-	Trench Alerts toggle ON at 768. Same gap as 4380-44369 — volume slider and the three per-event sound pickers are unbuilt. BUILT 2026-08-05: the Volume card ships (label + live % read-out over a 0/25/50/75/100 slider), persisted to pulsePrefs.volume and actually scaling the alert's gain in TrenchColumn; it renders only while the toggle is ON, as drawn. STILL PARTIAL, declined: the three per-event sound pickers. The events are real (the three Market-pulse columns) but the sounds are not - the repo holds ZERO audio assets and the alert is a synthesised 660Hz blip, so 'Default sound' / 'Carmen' / 'Cha Ching' would be three labels for one identical sound.
9896-99730	match	-	Trench Alerts toggle OFF at 768. Dialog content matches AlertsModal one-for-one; DialogContent is width-capped so it renders at tablet.
9861-145309	partial	-	Trench Alerts toggle ON at 375. Same unbuilt volume + per-event sound rows. BUILT 2026-08-05: the Volume card ships (label + live % read-out over a 0/25/50/75/100 slider), persisted to pulsePrefs.volume and actually scaling the alert's gain in TrenchColumn; it renders only while the toggle is ON, as drawn. STILL PARTIAL, declined: the three per-event sound pickers. The events are real (the three Market-pulse columns) but the sounds are not - the repo holds ZERO audio assets and the alert is a synthesised 660Hz blip, so 'Default sound' / 'Carmen' / 'Cha Ching' would be three labels for one identical sound.
9861-143857	match	-	Trench Alerts toggle OFF at 375. Matches AlertsModal.
4367-38197	partial	-	Trench Blacklist (1440): the tab row is All(3) / CA / Dev. / KOL / Website / Keyword / Twitter. BlacklistModal.tsx deliberately OMITS the Dev. and KOL tabs (its own comment: they need per-token dev/KOL data the discovery feed does not carry), so two of the seven tabs the frame draws do not exist. Everything else — the input row, Item/Type list, Import / Export / Remove all — ships. CONFIRMED 2026-08-05: the Dev and KOL tabs stay omitted. The list is a predicate over DiscoveredToken, which carries no deployer address and no KOL attribution; token-dev-history resolves a deployer one token at a time and EVM-only, so it cannot back a feed-wide rule.
9893-96368	partial	-	Trench Blacklist at 768. Same two missing tabs (Dev., KOL). CONFIRMED 2026-08-05: the Dev and KOL tabs stay omitted. The list is a predicate over DiscoveredToken, which carries no deployer address and no KOL attribution; token-dev-history resolves a deployer one token at a time and EVM-only, so it cannot back a feed-wide rule.
9860-108448	partial	-	Trench Blacklist at 375. Same two missing tabs (Dev., KOL). CONFIRMED 2026-08-05: the Dev and KOL tabs stay omitted. The list is a predicate over DiscoveredToken, which carries no deployer address and no KOL attribution; token-dev-history resolves a deployer one token at a time and EVM-only, so it cannot back a feed-wide rule.
9862-161377	partial	-	Trench Discover "DEX Scanner" at 375. Two structural deltas: (1) the frame is a stacked Pairs CARD list with inline sparklines, while DiscoverScreen renders TokenTable inside `overflow-x-auto` — a sideways-scrolling wide table at this width; (2) the frame's tab row is Top / Trending / DEX Scanner / LIVE but DiscoverTabs ships Trending / New Pairs / Final Stretch / Migrated (a gap the code itself documents). The bottom preset/wallet status strip is also unbuilt.
9861-151828	partial	-	Trench Discover "Top" at 375. Same card-list vs h-scroll table delta and the same tab-label mismatch; there is no "Top" tab in DiscoverTabs.
9862-160516	partial	-	Trench Discover "Trending" at 375. Trending IS a real tab, but the mobile presentation is the card list, not the h-scrolling table, and the surrounding tab row still differs.
9864-163960	not-wired	-	Trench Discover "Live" at 375: a LIVE feed with New streams / Top stream pairs sub-tabs, a Search markets field and stream cards (thumbnail + token + "LIVE: 1 sec" + MC/FDV + a "+ 0 SOL" buy). There is no LIVE tab anywhere in DiscoverTabs and no stream surface in the repo — zero implementation.
9864-165213	not-wired	-	Trench "Live - display settings" at 375: the "Live settings" sheet (Adjust live settings for pump.fun and Skai streams, a live-stream row with mkt cap + a 0.10 SOL chip, "Filter stream thumbnails ON / OFF", Apply changes). No such modal exists — grep finds no Live-settings component.
9917-107895	partial	-	Trench Discover "DEX Scanner" at 768. The frame keeps the DESKTOP layout at tablet (title + chain badges, Market pulse/Discover/Trackers, Display settings + icon cluster, Top/Trending/DEX Scanner/LIVE, All/1m/5m/30m/1h, then a Pairs/Market cap/Liquidity/Volume table). The table ships; the tab labels do not match DiscoverTabs, the All/1m/5m/30m/1h rail differs from TIMEFRAMES, and the bottom status strip is unbuilt.
9917-105922	partial	-	Trench Discover "Trending" at 768. Same tab-label and status-strip gaps.
9915-86377	partial	-	Trench Discover "Top" at 768. No "Top" tab exists in DiscoverTabs; the rest of the surface ships.
9917-109612	not-wired	-	Trench Discover "Live" at 768: New streams / Top stream pairs with a stream-card grid. No LIVE tab and no stream surface exists.
9917-111548	not-wired	-	Trench "Live - display settings" at 768: the Live settings modal. No implementation.
4400-59959	partial	-	Trench Discover > Trending (1440). TokenTable ships Pairs / Market cap / Liquidity / Volume / Transactions / Action(Buy) with sparklines, but the frame also draws a "Token info" column that TABLE_HEADERS does not carry (documented gap in DiscoverScreen), the tab row reads Top / Trending / DEX Screener / LIVE against the shipped Trending / New Pairs / Final Stretch / Migrated, the rail is All/5m/6h/12h/24h against TIMEFRAMES (12h dropped on purpose — the feed reports no 12h window, so this one is an honest no-mock decision, not a gap), and the bottom preset/wallet status strip is unbuilt.
9861-149712	partial	-	Trench "Adjust filters" at 375. Search keywords / Exclude keywords, the Audit|Metrics|Protocols|Socials tab row, Dex paid + CA ends in 'pump', and Import / Export / Share / Save settings all ship in FiltersPanel. The frame's five numeric Min./Max. ranges — Recent visitors, Age, Top 10 holders (%), Insider holding (%), Snipers (%) — have no fields in the panel. BUILT 2026-08-05: the Audit group now exists and is the default tab, with all six Min./Max. pairs drawn. Age is LIVE (minAgeMinutes/maxAgeMinutes over the real pairCreatedAt; a token with no creation time is dropped while a bound is set, never given a fabricated age). Recent visitors / Top 10 holders / Insider holding / Snipers / Bundlers render as drawn but DISABLED with the reason on screen - the discovery feed reports none of those numbers.
9896-104373	partial	-	Trench "Adjust filters" at 768. Same missing numeric ranges, plus a sixth the tablet frame adds: Bundlers (%). BUILT 2026-08-05: the Audit group now exists and is the default tab, with all six Min./Max. pairs drawn. Age is LIVE (minAgeMinutes/maxAgeMinutes over the real pairCreatedAt; a token with no creation time is dropped while a bound is set, never given a fabricated age). Recent visitors / Top 10 holders / Insider holding / Snipers / Bundlers render as drawn but DISABLED with the reason on screen - the discovery feed reports none of those numbers.
4372-40162	match	-	Trench "Adjust hotkeys" right drawer (1440): Enable hotkeys / Pause live feed on hover / Preview X tooltips on key hold switches, Pause key = Space bar, Table modifier keys with the Windows|Apple switch and the New pairs / Final stretch / Migrated rows over Shift|Ctrl|Option|Cmd, Row keys 1-4, Reset to default + Save settings. HotkeysMenu.tsx implements all of it and cites the frame's own child nodes.
9896-98005	match	-	Trench Hotkeys at 768. Same content; HotkeysMenu cites 9896-106315 and 9896-106358 — this frame's own children — so it was built against this breakpoint.
9861-114088	match	-	Trench Hotkeys at 375. Sheet content matches element for element.
4317-36063	match	-	Trench "One-click trade settings — modal buy" (1440): Off / Buy(✓) / Sell segmented, the New pairs | Final stretch | Migrated phase row, Apply changes. OneClickTradeModal.tsx is built to this frame family.
4317-39625	match	-	Titled "modal buy > updated new pairs CTA" but the frame draws NO modal — it is the Trench Market pulse board (New pairs / Final stretch / Migrated columns, each with Search markets, SOL balance, P1/P2 and a settings icon) with the updated "+ 0 SOL" / "+ 1 SOL" buy CTA on each card. MarketPulseBoard ships that board and wires onBuy to those CTAs.
4317-37993	match	-	Trench "One-click trade settings — modal sell" (1440): Sell selected, all three phases expanded with a %|Init unit toggle and a One-click sell size per phase, Apply changes. OneClickTradeModal covers the per-phase unit toggle and sell size.
9860-91323	match	-	One-click trade settings at 375, buy state. Dialog content matches.
9860-87365	match	-	One-click trade settings at 375, off state. Dialog content matches.
9892-89548	match	-	One-click trade settings at 768, buy state. Dialog content matches.
9892-87850	match	-	One-click trade settings at 768, off state. Dialog content matches.
8222-52086	partial	-	Trench Trade "layout 2" (1440). TradeHeader, TradeStatsStrip, ChartSentimentBar (AI Audit + Skai sentiment + LIVE — the frame's "16 reports / Marked as very risky" is intentionally an honest unavailable chip, no-mock rule) and the chart all ship. Unbuilt: the right rail's Market|Limit|Pro ticket with the 5m vol/Buys/Sells/Net vol strip, Amount: SOL, the 0.01/0.1/1/10 chips, "Advanced trading strategy" and the "Buy Colon" CTA — ORDER_PANEL_CONTENT.orderTypeLabel/market/limit/limitPriceLabel are dead strings imported only by PositionReadout. Also unbuilt: the chart's Display options / Hide all bubbles / USD-SOL / Mkt.cap-Price toolbar and the bottom preset/wallet status strip. The Positions/Transactions/Holders/Top traders/Dev tokens row sits under a "Tables" tab rather than inline.
8222-55405	partial	-	Trench Trade "layout 2 with instant trade" (1440). Same as 8222-52086 plus the floating instant-trade overlay on the chart — OrderPanel does render that content, but as a right-rail panel, not a draggable overlay with the frame's P1/P2/P3 + close header. The Market/Limit ticket, the chart toolbar and the status strip remain unbuilt.
8324-54882	partial	-	Trench Trade > Dev tokens (1440). DevTokensPanel exists and is mounted in PanelTabs, but its HEADERS are ["Token","Market cap","Created","Status"] against the frame's Token / Migrated / Dex / Mkt.Cap / ATH / Liquidity / 1h volume / Fees / Bal., and the frame's right-hand donut ("25% Migrated"), Token stats card (Migrated 1 / Non-migrated 3), Highlights card and the Export as CSV / View all footer have no implementation. BUILT 2026-08-05: all nine Figma columns now draw, five with real numbers (Dex / Mkt. Cap. / Liquidity / 1H volume from one batched DexScreener call via refreshTokensByKey, plus the Token cell's symbol and age). Highlights card and Export as CSV also built. STILL PARTIAL: Migrated / ATH / Fees / Bal. are em-dashes with the reason stated, and the frame's '% Migrated' donut and Token-stats card are functions of that same missing migration flag.
8247-118637	partial	-	Titled "KOLs" but the frame's ACTIVE tab is Top traders — trust content over title. The drawn table is S/N / Wallet / SOL balance (last…) / Bought (avg. buy) / Sold (avg. sell) / R.PnL / Remaining / Funding / Held, with Export as CSV + View all. The nearest shipped panel, TopHoldersPanel, is labelled "Top holders" and carries only ["#","Wallet","Balance","% Supply"] — six of the nine columns, the funding-source column and the CSV/View-all footer are missing. KOLsPanel itself is built but is not what this frame draws. DECLINED 2026-08-05 (assessed, not built): every column past Wallet is a per-wallet per-token trade aggregate - SOL balance, average buy/sell, realized PnL, funding source, hold time. The wired sources are the whale-activity feed (cross-token, no per-token rollup) and solana-token-holders (balances only), so this needs a Helius/Bitquery-class trade index, not effort.
8225-109708	match	-	Trench Trade > Positions (1440): Token / Bought / Sold / Remaining / PnL / PnL% / Amount / Actions(Sell) with Export as CSV and View all. PositionsPanel.tsx renders that exact column set, documents Bought/Sold as lifetime aggregates, and routes View all to /portfolio.
8489-28776	match	-	Trench Trade > Transactions > Adjust maker filter (1440): right drawer with a pencil + "Adjust maker filter" header and close, a Name field taking the maker address, and Reset / Apply changes pinned at the foot. AdjustMakerFilterModal.tsx is built to frame 9878-187475 and mounted in TransactionsPanel.
9803-133258	match	-	BUILT 2026-08-05. Perps mobile Positions at 375 is no longer the desktop table scrolled sideways: PositionCard draws the frame card - coin + BTCUSDT + "Isolated 40x" + Long/Short chips, collapse chevron / share / overflow controls, then the frame metric grid in the frame order (Size | Position value | PnL (ROE%) // Margin | Funding | TP-SL // Entry | Mark | Liq. price) and the Market / Limit footer. Verified 2026-08-05: /trade/perps probed at 375, 768 and 1440 in headless Chrome - 0 page errors, no vite overlay, both tab strips present at every width - and the card structure is pinned by an INDEPENDENT test (tests/components/trade/PerpPositionCard.test.tsx) that writes the frame label set out by hand rather than re-deriving it from the component.
9804-135230	match	-	BUILT 2026-08-05. This is the SAME card with everything past the first metric row hidden - the collapse the frame draws is a per-card chevron, not a separate screen, so one component serves both halves of the pair. Collapsed shows exactly Size | Position value | PnL (ROE%); Margin, Funding, TP-SL, Entry, Mark and Liq. price are removed from the DOM, asserted both ways in the test. Verified 2026-08-05: /trade/perps probed at 375, 768 and 1440 in headless Chrome - 0 page errors, no vite overlay, both tab strips present at every width - and the card structure is pinned by an INDEPENDENT test (tests/components/trade/PerpPositionCard.test.tsx) that writes the frame label set out by hand rather than re-deriving it from the component.
9148-82614	match	-	BUILT 2026-08-05. The card list is hidden at lg and up (class lg:hidden), so 768 gets the identical PositionCard treatment; the desktop 11-column table is now hidden below lg (class hidden lg:block). Probed at 768: exit-0, 10 tabs, no vite overlay. Populated rows still need a live position (no wallet on this box) - that is the no-mock policy, not a build gap.
9934-141532	match	-	BUILT 2026-08-05. Tablet collapsed positions - same per-card collapse as 9804-135230 at 768. The named gap ("per-row detail collapse") is closed; frame 9934:142675 / 9934:142690 mark exactly the Margin/Funding/Liq/TP-SL layers hidden, which is what the chevron now does.
9804-139692	match	-	BUILT 2026-08-05. Orders at 375 render as OrderCard, not table rows: pair + Long/Short chip, collapse chevron and a real cancel control, first row Size | Price | Type, expanded adds Status | Fill price | Time. *** The frame labels the middle cell "Trigger conditions" (Price > 119115). There are no trigger conditions on this rail - the Order type carries side/type/price/size/status/avgFillPrice and nothing else - so the cell shows the order Price under a Price label rather than dressing a limit price as a trigger.
9804-143394	match	-	BUILT 2026-08-05. Orders collapsed at 375 - same OrderCard with Status/Fill price/Time hidden behind the chevron. Same "Trigger conditions" note as 9804-139692.
9804-141566	match	-	BUILT 2026-08-05. Second orders-collapsed variant at 375; one OrderCard covers it. Same collapse mechanism, same Price-vs-Trigger-conditions note.
9152-81364	match	-	BUILT 2026-08-05. Orders at 768 get the same OrderCard (the card list carries lg:hidden); the 8-column table is now desktop-only. Probed at 768 exit-0.
9804-149370	match	-	BUILT 2026-08-05. Order history at 375 renders OrderCard with no cancel control (history rows are not cancellable). Same metric split as the Orders card.
9804-150628	match	-	BUILT 2026-08-05. Order history collapsed at 375 - the chevron hides Status / Fill price / Time. Named per-row collapse gap closed.
9152-86271	match	-	BUILT 2026-08-05. Order history at 768 - same card list below lg. Rows still need live history data.
9934-144131	match	-	BUILT 2026-08-05. Order history collapsed at 768 - same per-card collapse.
9804-152885	match	-	BUILT 2026-08-05. Trade history at 375 renders the filled-order subset through the same OrderCard.
9152-89103	match	-	BUILT 2026-08-05. Trade history at 768 - same card list below lg.
9804-145379	match	-	BUILT 2026-08-05. Assets at 375 is now the frame two-column card: token logo + name over symbol, collapse chevron + overflow menu, Available balance (USD over token amount) always visible, 24h Change and Total balance behind the chevron, and a Swap | Deposit | Withdraw footer. Balances stay on-chain truth via useWalletBalances - a token whose RPC read failed is OMITTED, never zeroed - and 24h change dashes when the feed publishes none.
9804-147360	match	-	BUILT 2026-08-05. Assets collapsed at 375 - the chevron leaves the Available balance line alone, exactly the frame collapsed state.
9152-84122	match	-	BUILT 2026-08-05. Assets at 768 gets the same card list; the desktop six-column table is now hidden below lg. The old note (app renders account/margin stat-cards where the frame draws a per-token balance table) is STALE at every width - AssetsPanel has been the per-token table with Swap/Deposit/Withdraw quick actions since report d5372f57.
4020-49491	partial	-	NOTE CORRECTED 2026-08-05, the stat-card claim is STALE. AssetsPanel (PerpPositionsPanel.tsx) has drawn the frame per-token table since report d5372f57: Token name / Available balance / 24h change / Quick actions (Swap-Deposit-Withdraw) / Total Balance / overflow menu, with the Export as CSV + View all footer. Held at partial only because no wallet balance read succeeds on this box, so the POPULATED table cannot be screenshot - the empty state is what renders. Not a structural gap.
3931-88039	match	-	Chart-settings drawer re-read live on node 3931:89692 (wave 41, lane trade). Panel 442x884 at (990,8), body 394 at a 24 inset, title row 394x28 with a 16px icons/action at x=378 y=6, Chart display 3931:89697 394x252 at y=52, Order display 3931:89784 394x184 at y=328 (a 24px gutter, which is the shipped mt-6), CTA 394x62 at y=798 = lg:h-[62px]. Both section descriptions are built; the six chart-display and four order-display rows are accounted for, three omitted with a stated capability reason. Show Skai insights (3931:89828, with its 60.89x36 toggle) is hidden=true IN THE FRAME, so it is not a missing row - three catalog rows had carried it as one.
4437-112650	partial	-	Title-row CTA re-read live: 4437:112659 is a 158x36 CTA/button, Manrope 14/18 at -0.56px, #001615 on #56C7F3, radius 8, px 40 py 6, gap 2, with a 24px logos/others glyph, and its label is AI Analysis. The Whale-activity board 4451:126673 is the identical box labelled Advanced AI. Two 1440 boards one word apart - a design call, not the missing CTA the catalog has carried since wave 30. The bubble-map 1-hour-ago / All-related dropdowns that row also names ship at InsightXScreen.tsx:1270-1310, disabled with the reason stated on title and in the accessible name.
4451-126554	match	-	All seven carried whale-table gaps re-checked in the shipping source and closed: horizontal scroll with the frame's own 8px #001615 track and #123F3C thumb (InsightXScreen.tsx:2074, :1578-1582), emoji joined by address through useTrackedWallets (:1933-1949) and never invented, the copy-address control (:1904), a FILLED DirectionTag (:1444, :1633), the panel box, the Shift-W jump hint (:1952) and the per-device AI label. The only residual is the 1440 CTA word conflict.
3972-32663	match	-	Timeframe menu re-read live (screenshot at 1440). The frame groups Minutes (1/3/5/15/30 minutes), Hours (1/2/4/8/12 hours) and Days (1 day/3 days/1 week/1 month) under per-group collapse chevrons with a heart on every row, over inline pills 5m 30m 1h D and a caret, 30m selected. intervalMap.ts:89-131 carries those fourteen intervals, those long labels and those four pills; CandleChart.tsx TimeframeBar:447-600 draws the groups, the collapse state and the favourites at 199px on 1440. The carried MISSING - the frame's full timeframe menu is stale.
9774-83802	partial	-	Order-type strip re-read live on Frame 299 (9774:89840): 375x36; bottom menu 9774:89841 starts at y=0, so the strip's own top pad is ZERO; Frame 1 9774:89842 is 24 tall at y=6; Frame 336 9774:89843 is 16 tall at y=10; Vector 1 9774:89849 sits on the bottom edge at y=36. The frame is 10 + 16 + 10 with the divider last. The shipped chain resolves 34 with 12 above the line box (pt-1 at OrderEntryPanel.tsx:861 + pt-2 at :865 + a 14px line box + pb-1.5 + the 1px divider), so both the 4px surplus and the 2px shortfall live in a wave-23 file. ticketChrome.ts is correct at this board.
4207-133479	partial	-	Share-PnL Include rows re-read live on 4207:135450: the block is 706x122, label row 18 tall, two 706x36 option rows at y=34 and y=86, each holding Frame 389 24 tall at y=6 with an icons/action 24x24 at x=0 and the label at x=32, plus a 60.89x36 input/toggle right-flush at x=645.11. ShareTradeModal.tsx:547-549 and :563-565 ship a size-6 glyph on gap-2, which is the frame's 24 + 8. The modal is also no longer unmounted: PerpPositionsPanel.tsx:855 and :1182 open it behind shareOpen with a known-PnL gate.
4018-40830	match	-	Desktop positions columns re-checked in source: Trading pairs | Size | Position value | Entry price | Mark price | PnL (ROE%) | Liq. price | Margin | Funding | TP/SL | Close all (PerpPositionsPanel.tsx:1530-1540, live row at :980-1110). The carried Position value and Funding MISSING, Margin Ratio SURPLUS is stale on all three counts.
3962-8774	match	-	Pair-search fifth column re-checked in source: MarketSearchModal.tsx:1047 titles it Open interest on the perps tab and Market cap. otherwise, and :1333-1337 reads the chain indexer's open interest or the CoinGecko market cap, dashing rather than zeroing. The carried column mismatch is stale. The Favorites tab the frame does not draw stays: a cropped single-screen board is not an instruction to delete a working control.
9780-112196	match	-	Mobile layout drawer re-checked in source: Spot.tsx:475-482 mounts LayoutSettingsDrawer on the mobile/tablet branch as well as the desktop one, gated on layoutCustomizable, and Spot.tsx:314-435 gates that tree's modules on the same showModule the drawer writes, so the switches move something at 375 and 768. The carried MISSING - the header trigger and the drawer mount inside the mobile branch is stale.
7710-91527	partial	-	Base 1440 /spot re-read live 2026-09-14 (get_metadata) and the shipped skeleton is the frame's at every number the board states: main 1382x1429 at (58,56); chart column Frame 443 764x672 at (8,8); Tool 8x29 at (17,471); Order book 277x674 at (778,8); Frame 444 1366x273 at (8,686); ticket Frame 445 313x672 at (1061,8). Against Spot.tsx: gap-1.5 px-2 lg:min-h-[672px] at :512 (8 either side of 1382 leaves 1366, and 772->778 and 1055->1061 are both the 6 gap-1.5 resolves to), w-[277px] at :609, lg:w-[313px] at :714, lg:h-[273px] at :802 on a row opening pt-1.5 = the frame's 686-680, and left-[17px] top-[70%] at :540 = the board's own x and 471/672. Skeleton only; the panel interiors were not re-read. ONE NUMBER IN THAT SKELETON DOES NOT MATCH AND IS RECORDED RATHER THAN BUILT: the board draws Order book 674 tall against the chart column 672, both starting at y=8, so the book ends 2 lower and closes 4 above Frame 444 where the chart closes 6. In code both are children of one flex row on lg:min-h-[672px] and resolve equal. A 2px overhang on one of three panels in a row whose own gap is 6, with no second board corroborating it, reads as frame imprecision rather than a spec; building it would need the book out of the row flow. Recorded for whoever reads the second 1440 board.
7710-92599	match	-	The layout grip Tool on the BASE 1440 board, read live 2026-09-14 (get_metadata): x=17 y=471 w=8 h=29, chevron icons/action at (0,8) 8x14. Spot.tsx:540 pins left-[17px] top-[70%]. Under Casey's base-governs ruling this closes the four-way inset disagreement (17 / 20 / 48 / 40 / 9) in favour of 17; the other four are recorded, not built.
9774-83802	match	-	Frame 299 (9774:89840) read live 2026-09-14 (get_metadata): 375x36, bottom menu 9774:89841 at x=12 y=0 and the full 36 tall, Frame 1 9774:89842 at y=6, label block Frame 336 9774:89843 at y=4 inside it (10 from the top, 144x16), active rule Vector 1 9774:89849 on the bottom edge at y=36. The strip shipped 34 and now stands at 36 at 375 and 40 at 1440, with the tab's border-b-[3px] still landing on the divider — flush only at pb-2, which is the same number the height asks for. Commit abf52f1ba, held by orderTypeStripHeight.figma.test.ts.
9002-157020	match	-	Spot market header Frame 6 at 768, read live 2026-09-14 (get_metadata): 708x58 over a 34-tall Frame 1 at y=12, so the inset is 12/12 and MarketHeader.tsx:303 px-3 py-3 resolves to exactly that; pair block 130x24 at (12,17); divider 27 tall at x=158 vs h-[27px] w-px at :388; three stat cells at x 0 / 83 / 203, two 32px gutters, which is the gap-8 at :398; pair name Manrope 18/22 at -4 per cent (9002-157024) vs the span at :369; caret 8x4 at 768. Whole frame, every number. Commit 443e7434e.
9002-161614	match	-	Spot Info tab Frame 1220 at 768, read live: 708x585, tab rule 20 wide at x=207 (the 4th tab); Token details 708x328 = 12 + 304 + 12, About 32x16 over a 684x67 body, five rows Network / Contract address / Token decimal / Listings / Socials on rules at 0/34/74/106/138; Market details 708x215 = 12 + 179 + 24, five rows at a 32 step. SpotInfoSections.tsx:28-32 states the same stack and the same 24 foot and :148-258 renders both row sets in the frame's order. Commit 4ab6eaf01.
9002-157083	match	-	Chart top nav at 768, read at HEAD because session 08 holds the file dirty: 684x27 at (12,12), labels 5m 0 / 30m 33 / 1h 73 / D 102 and the caret at 125 — every gap exactly 12, which is the gap-3 at CandleChart.tsx:562; dividers 27 tall at 149/189/288/620 vs h-[27px] w-px at :687; the Indicators group is a 24 glyph with its label at x=32. The 16 line box at 768 is CHART_NAV_TYPE's md rung in a 12/14 -> 14/16 -> 14/18 ramp (:448) that also matches 14 at 375 and 18 at 1440, so the ramp is measured on three boards, not interpolated. Commit 105852ce1.
9002-157105	match	-	Chart body Row 2 at 768, read at HEAD (file dirty): 684x450 at (12,47), Center 684x424, image 591x424 at x=32 with the TV tools rail visible at 24, Price column 53 wide at x=631 with 44x14 ticks at a 37.2727 step, Price area 52x18 at y=40, Date row 684x16 at y=434 with 30x14 labels at a 69.78 step and a 16px glyph at x=644. CandleChartCanvas.tsx:569 records 'image 591x424 @ x=32 · Price 53 wide @ x=631 · Date row' verbatim. Commit 1e92f99bf.
9780-147207	match	-	Spot tab row Frame 300 at 768, read live: 708x40, bottom menu 684x28 at (12,8), Frame 1 684x24 at y=2, four labels 30/57/36/20 at x 0/54/135/195 in a 215 block, one trailing 24x24 at x=660, active rule 30 wide at x=12. MobileTradeShell.tsx:199 names this node and its 708x40 and records that the 64x36 chart/book pill belongs to the 375 boards (8684-162077 / 8684-162456) and not here, which is what commit d194fa6a3 removed.
9050-213971	match	-	Layout settings drawer at 768, read live: Frame 337 442x1008 with Frame 344 at (20,20) for a 402 column — LayoutSettingsDrawer.tsx:110 states 'pad 20 / r12' and :134 ships md:max-w-[442px] md:p-5. Close 16x16 at x=386 and y=23 absolute vs md:[&>button]:right-5 md:[&>button]:top-[23px], carrying [&>button]:no-min-size so index.css's 44px floor cannot inflate it — that opt-out is commit fcf6c8165. Six toggles at a 38 step with the AI row 34 tall over its own 16-line subtitle, toggle 40.59x24 at x=361.4, footer two CTAs 197x50 at x 0/205 y=938.
9050-213899	match	-	Timeframe dropdown at 768, read at HEAD: 200x528 on an 8px inset, three collapsible group headers 184x16 at y 8/192/376 with a caret at x=168, items 184x28 at a 32 step with a 16px heart at x=160, rules at 188 and 372, items 1/3/5/15/30 minutes, 1/2/4/8/12 hours, 1 day / 3 days / 1 week / 1 month. CandleChart.tsx:603 is max-h-[528px] md:w-[200px] lg:w-[199px] gap-1 p-2 and :508 carries the per-group collapse state the frame's chevrons imply. Commit 105852ce1.
9050-212444	match	-	Indicators panel at 768, read at HEAD: 300x450, header item 280x31 at y=11.5 with a 19-line title at x=8 and close at x=256, search 280x32 at y=50.5 (glyph x=16, placeholder x=42), rule at 90.5, 'Script name' 280x16 at 98.5 with its text at x=32, list 280x316 of 280x28 rows at a 32 step, star 16 at x=8, label 14-line at x=32. CandleChart.tsx:1054 is md:w-[300px] gap-2 p-2 and :1102 caps the list at max-h-[316px] — the frame's own 316. Commit 105852ce1.
9061-244538	match	-	Chart-type dropdown at 768, read at HEAD: 200x304, 8px inset, items 184x36 at a 40 step, rules at 88/212/256 each taking one 4px step either side, seven types in four groups (Bars, Candles | Line, Line with markers, Step line | Area | Columns). MenuRow is h-9 gap-2 px-2 with a 24 glyph and a 12/16 Mulish label (CandleChart.tsx:860), the content is w-[200px] gap-1 p-2 (:933) and CHART_TYPE_GROUPS (:884-894) is the same seven in the same four groups. Commit 105852ce1.
3972-30250	match	-	Chart-type dropdown at 1440, read at HEAD: 199x340, items 183x36 at a 44 step, rules at 96/236/288, glyph 24 at (8,6) with the label at (40,10), same seven types in the same four groups as the 768 cut. The pair is the whole ramp and the source carries it as one class list — lg:w-[199px] lg:gap-2 on the content and on each group (CandleChart.tsx:933-936) — so 200 on a 4px rhythm steps to 199 on an 8px one with nothing hardcoded per board. Commit 105852ce1.
9135-86727	match	-	Perps long/short bar Frame 1217 at 768, read live: 730x66 at (19,874), two CTAs 353x50 at x 8 and 369 — an 8 inset, a 16 gutter, and 19 + 730 + 19 = 768. Identical to the spot boards' own Frame 1217 (9002-158176, 9050-216583, both read this pass), so long/short and buy/sell are one bar. MobileBuySellBar.tsx:288-289 records '168x40 r12 at 375 and 353x50 r12 at 768' and :230 ships md:h-[50px]; the 375 half (9780:114694, 360x56 at 7,690, CTAs 168x40 at 8/184) agrees. Commit 24f2f6835.
9148-80644	match	-	Perps confirm-order modal at 768, read live: 448x394 with Frame 480 424x256 at (12,12) — PerpConfirmOrderModal.tsx:123 states 'body Frame 480 at 424 wide inside a 448 card (9148:80644)' and :135 ships max-w-[448px] p-[11px]. controls 424x16 with the close at x=408, which is the card's own row and where commit 54f338a13 moved it (:160 cites 9148:80647 by id); title 22, sub 18, four rows on rules at 26/58/90, checkbox at 238, gas note 326x16 at (61,292), CTA 424x50 at (12,332).
9148-78693	match	-	Spot pair-search modal at 768, read live: 680x586 at x=44 — MarketSearchModal.tsx:1441 states the 680 and the x=44 and :1458 ships max-w-[680px] as an unprefixed ceiling so the width never steps back. controls 656x18 at y=24 (placeholder x=8, close x=632), nav band 656x36 at y=58 between rules at 0 and 36, avatars 152x32 at y=110, table 656x404 at y=158 ending at 562 of 586 (:1015). Columns 12..192 / 197.5..287.5 / 293..393 / 398.5..488.5 / 494..644, which :813 lists verbatim; first row 42, the rest 34 at a 42 step. Commit d0d0c1d7d.
9002-158074	match	-	Chart bottom nav at 768, read at HEAD: 684x27 at (12,505), the row h-[27px] on gap-2 (CandleChart.tsx:2214) = the frame's 8 between a group and its rule, the seven ranges in a gap-3 group (:2230) = the frame's 12 step across 201, and % / Log / Auto in a second gap-3 group (:2327) = Frame 631's 89 with % at 0, Log at 24, Auto at 59. The wave 43 gap was the pre-opt-out defect report at :485-491 read in the present tense; off the 44px floor the row's fixed parts total 465 in 684, which is what leaves the frame's 213 spacer, and a chevron arms only on measured overflow (:750-761). Paragraph dated in commit 6c6be307c.
9780-157337	match	-	Frame 444's later cut at 768, read at HEAD: headline Manrope 14/18 (PositionsTable.tsx:193 md:max-lg:text-sm md:max-lg:leading-[18px]) over 19 + 4 + 16 + 24 + 32 = the frame's 330x95, centred in the 197 well at (197-95)/2 = 51, the frame's y. Tab row 40 not 44 (PortfolioTabs.tsx:169 md:max-lg:pt-[14px] with a 12/16 label, text box 14..30, the same 10 to the rule), band radius 12 top and foot on one root (:168), CTA 32 (md:max-lg:h-8). The 19 against a 14/18 line box's 18 is Figma's text box rounded up; the 95 it sums to is what is matched.
9050-215425	match	-	Spot 1VH at 768, read at HEAD: the board is drawn by the mobile IA return (Spot.tsx:160 useMobileIA = !isLgUp, :267), so the `lg:flex` grip at :540 is the desktop tree's and never reaches it. MobileTradeShell.tsx:466 mounts LayoutGrip at `left-3 md:left-[9px]` — 9 at 768, which is this board's `Tool` at main-x 9 (absolute 39), 8x29, its centre at 59.5% of the panel region. onLayoutSettings wired at Spot.tsx:292 behind layoutCustomizable, so it opens a drawer mounted on the same branch. Commit 6c6be307c names the shell at :540.
9780-113550	match	-	Spot 1VH at 375, read at HEAD: same mobile IA return, LayoutGrip at `left-3` = 12. The frame's x=4 is the node's `rotation: 180` transform origin, not its pixels — MobileTradeShell.tsx:428-443 measures the same (4,215) inside a 295-tall plot and resolves it to 12 from the panel's left edge and 59.5% down, which the unrotated 768 node independently gives as 59.47%.
9770-133755	match	-	Phone chart Frame 160 at 375, read at HEAD: the drawing rail ships at every width (CandleChart.tsx:1580-1587, commit 29c808b32, an ancestor of the 105852ce1 wave 43 read at). Rail 24 wide, row gap `gap-1.5 md:gap-2`, so the plot opens at 24 + 6 = 30 — this frame's `image` at x=30 — and at 24 + 8 = 32 from md (7909:41188, 9002:157105). The md-and-up gate it replaced was taken from 9772:80915, which is the board named 'chart tools collapsed', i.e. the rail folded. chartRailPhone.figma.test.tsx holds it against this node.
9780-145912	match	-	Chart card Frame 1219 at 768, read at HEAD: 708x584 = Frame 300 40 over TradingView 544, itself 12 + nav 27 + Row 2 450 at y=47 + nav 27 at y=505 + 12. Every part was measured separately by wave 43 and only the bottom nav was carried short; that row holds its 89-wide trio at 768 (see 9002-158074), so the card closes with it. Frame 300 9780-147207, top nav 9002-157083 and Row 2 9002-157105 all stand at wave 43's `done`.
9042-164219	match	-	Perps trades tape at 768, read at HEAD: PerpRecentTrades.tsx:170 records the frame's 'Size (BTC)' x=321 w=66 and its value 55 at x=326.5, and :177 ships `grid-cols-[1fr_auto_1fr]` below lg — 326.5 + 55/2 = 354 is half of 708, so both of the frame's numbers fall out of one centring rule rather than a per-board constant. Rows 18 on a 16 inset, depth bar from x=0, active rule 36 at x=147. Neutral prices and bars are Casey's 2026-09-14 ruling (report 3d0f308c): no side field on skai_getRecentTrades, a placeholder 0 from the indexer, colour returns when a real taker side does (:18-22).
9777-101728	match	-	Perps trades tape at 375, read at HEAD: the same rule, and the pair is what proves it is a rule — :169 records 'Size (BTC)' x=159.5 with the value 55 at x=160, and 187.5 is half of 375. Header 375x22 with Price at x=16 in a 143.5 box and Time right-set in another, rows 18 on a 16 inset w=343, active rule 36 at x=151. Same ruled colour divergence, same lines.
9148-79119	match	-	Perps pair-search modal at 768, read at HEAD: the leverage Tag is built and tab-gated (MarketSearchModal.tsx:1261), its box the frame's — px-1.5 py-0.5 on a 12/14 Mulish line is 6 in and 2 down, so 18 tall and 29 wide at '40x' (9148:78767 / 3962:31556) — reading MARKET_METADATA, with :1254-1260 recording that the spot cut hides the same Tag and the Trench cut draws none. The nav's third pill at 46 against the spot cut's 30 is the ACTIVE plate at :909 (px-2 py-0.5, rounded-[4px], bg-green-coal-100), +16 wide and +4 tall, and that one 16 is the whole of the frame's shift on AI / Gaming / Trending / Stocks.
9048-192225	match	-	Select pair - USDC at 768, read at HEAD: the same 680x586 modal as 9148-78693, the same five spans listed verbatim at :813, nine rows at a 42 step on a 42-tall first row, table 656x404 at y=158 ending at 562 of 586 (:1015). The `/ USDC` label is the sUSD-displays-as-USD mapping, not a spec: the identical list reads `/ USDT` on 9148-78693, which is the frames' own proof, and :959 cites this node as a capture rather than a label source.
9048-192507	match	-	Select pair - Favorites at 768, read at HEAD: the selected pill's 83x20 against 67x16 unselected is the active plate at :909 — 67 + 2x8 = 83, 16 + 2x2 = 20 — and every later nav item shifting 16 right is that same +16, which is why the frame's x positions are a function of the active tab and not a spec. Heart built at :912. Two rows is the viewer's own favourites through :367-390 and :610, so the 656x110 table follows from the same 42 step the full list uses.
9050-207877	match	-	Search pairs - Gaming/Trench at 768, read at HEAD: 'Gaming' as a 56x20 plate at x=244 wrapping a 40-wide label at x=8 is the same `px-2 py-0.5` active plate — 40 + 16 = 56, 16 + 4 = 20, and the frame's 8 before the label IS that px-2. Favorites and the second pill stay at their 9148-78693 x because neither is active here. The tab's id and label are kept as the design has them with the reason recorded at :160-179, and its rows come from fetchTrendingTokens / searchTokens (:568).
9045-170329	match	-	Spot ticket Frame 299 at 768, read LIVE 2026-09-15 (get_metadata on 9045:170329): 730x40, bottom menu 9045:170332 at x=16 y=0 the full 40, Frame 1 y=8 h24, Frame 336 y=4 h16 so the text box opens at 12, tabs 37/25/34 at 0/61/110, trailing 16px glyph at x=682, Vector 1 on the bottom edge at x=16 w=37. Built to it in 58049492c: md:px-4 is the 16, pt-3 the 12, gap-6 the 24, md:leading-4 the 16 line box, and TICKET_TAB_RULE_PAD (`pb-1.5 md:pb-2 lg:pb-1.5`) puts the rule at 12+16+8+3 = 39 flush on a divider top of 12+19+8 = 39, i.e. 40. The touch bleed gives a pixel back at md so the target is 43, under index.css's 44. orderTypeStripHeight.figma.test.ts now records 768 rather than interpolating it.
9045-170453	match	-	Spot ticket sell cut at 768, read at HEAD: strip at the frame's 40 (same Frame 299, read live). Unit control built by node — 'USDT' 34x18 with icons/action 16x16 4 apart is SizeUnitSelect's md:gap-1 over gap-0.5 (9045-170765 / 9045-171032), with the frame's 8x4 solid wedge in place of the trigger's outline. The label ships 'USD' under the sUSD mapping, which the frames themselves cannot settle (USDC on 9048-192225, USDT here, one list). The summary's 'Max buy' on a SELL cut is the frame being wrong: OrderEntryPanel.tsx:1611 follows the side and switches the figure to the base balance.
9045-170740	match	-	Spot ticket sell-with-value at 768, read at HEAD: strip at 40. All three state changes built — the Size cell as a right-hugging coin + value + unit group, the slider at the 25% rung of the same five stops (0.5/170/337/503/674), and the Available row's right cell flipping denomination through `availableRowFigure(sizeUnit, ...)` at OrderEntryPanel.tsx:1487, which is the pair to SizeUnitSelect's toggle and the clearest statement in the set of what that figure is for. 'Max buy' corrected at :1611.
9045-170994	match	-	Spot ticket Limit cut at 768, read at HEAD: 730x638, the 28 over the market cut being the two 42-tall cards at a 54 step. Both wave 43 gaps closed — the strip at the frame's 40 (9045-170329, read live) and 'Max buy' following the side at OrderEntryPanel.tsx:1611. The active rule at x=77 w=25 is the second tab's own border-b-[3px], so it spans its label by construction.
7712-29439	partial	-	Spot order book at 1440, FIRST LIVE READ BY ANY WAVE. Order book 277x674: `Frame 299` 277x52 (bottom menu 245x46 at 16,4; visible tabs 67 and 42 at x=0 and x=91; a 24x24 trailing CTA at x=221; the active rule 71 wide at x=14), the quote row 277x20 with a 24-wide precision group at x=0 and a 47-wide unit group flush at 198 of the 245 inset, a 277x24 header between rules at y=0 and y=24, fifteen asks at an 18 pitch, the spread row, sixteen bids. The ladder was already exact and is confirmed: 16 inset, price 70 at 0, size 55 at 95 (centre 122.5 of 245), total 70 at 175 flush right, an 18px slot around a 16px line box, the 89px Price header cell, and a 16-tall depth rectangle at y=1 under a left-anchored ramp. THE SPREAD ROW WAS NOT. The frame draws one centred cluster 20 tall on the panel's own ground — label right-aligned in a flex-1 cell, the figure centred in a box padded 24 either side, the percentage left-aligned in a second flex-1 cell, all three 12/16 at -0.48px in white, no tint and no rules — where skai-ui shipped a tinted border-y row with figure and label paired left and the percentage right. Rebuilt, and `spread` / `spreadPercent` widened to `number | null` so a one-sided book draws an em dash instead of the 0.00 it printed. Both repos landed 2026-09-15: skai-ui e2803ac, dist rebuilt at 00:25 and probed rather than trusted (dist/index.js carries both typeof-number branches, dist/index.d.ts declares `number | null`), and the app half 447b04282, with 50 tests green across the seven files touching the panel. PARTIAL for one thing only: the tab strip and quote row above the ladder belong to Spot.tsx and ConnectedOrderBook, not to this component, and were not re-derived. No browser: source-vs-node.
9002-163721	partial	-	Spot order book at 768, FIRST LIVE READ BY ANY WAVE. Frame 1220 708x640: `Frame 300` 708x40 (bottom menu 684x28 at 12,8; four tabs 30/57/36/20 at 0/54/135/195; a 24x24 trailing CTA at x=660; the active rule 57 wide at x=66), the quote row 708x20 with its 24-wide precision group at x=0 and the 47-wide unit group flush at 629 of a 676 inset, a header band between two rules, fifteen asks and fifteen bids at an 18 pitch, the spread row at y=290. The ladder matches to the pixel: 16 inset, price 70 at 0, size 55 at 310.5 (centre 338 of 676), total 70 at 606 flush right, each row a 16 line box with 1px of air either side over a 16-tall depth rectangle. The spread row's three cells split 310 / 56 / 310 of 676 — the same flex-1 / padded-24 / flex-1 shape the 1440 board draws, which is why one markup serves both and why it was rebuilt once. PARTIAL for one reason now: the strip above the ladder is not this component's. The null spread IS handed over as of 447b04282, against a dist rebuilt at 00:25 — and it is worth recording that this flip went red first, because the app consumes @skai/ui from a prebuilt gitignored dist and a stale one calls .toFixed on the null, stranding the panel on its loading silhouette with nothing surfaced at the assertion. The two repos' halves are one change. No browser: source-vs-node.
9104-77795	match	-	Perps amount card at 768, all three boards read live 2026-09-15 and they AGREE: card 64 / 68 / 66 on a `signals` group of 40 / 44 / 42 at (12,12) - content + 24 at every width. Wave 43 held this open on a `signals` of 36 at 375 (9106:79315) that is really 40, which had made the boards look like they disagreed about whether the 2px stroke sits inside the declared box. It does, so `border-2 p-[10px]` draws all three where the shipped `border-2 p-3` drew 68 / 72 / 70. The unit caret is 16 on every board too (9106:79323 / 9104:77803 / 7886:93253), not the 12 that shipped outside md - load-bearing at 375, where it is the tallest thing in a row of 14px type. Card content then composes from its own ramps with nothing pinned: 16+8+16, 18+8+18, 16+8+18. PerpOrderEntry.figma.test.tsx rebuilds the box from those ramps and compares it to 64 / 68 / 66; 39 tests green. No browser: source-vs-node.
9104-77776	match	-	Perps Long ticket sheet at 768. The strip was the only gap and it is closed off all three boards - 9106:79299 (375) and 7886:93226 (1440) read live this pass, the tablet one carried from wave 44. Frame 299 is 36 / 48 / 52 with an inner row of 24 / 24 / 34, a label box of 16 / 16 / 18 sitting 10 / 16 / 20 down, an `NNx MAX` chip of 24 / 24 / 26, the active rule on the strip's own bottom edge at each, and a 24 tab gap everywhere. The row's bottom pad is 6 / 12 / 6, which is why no `md:`-only step could ever have drawn it. Built as the row's padding around an `items-center` row plus a chip whose `py-1` rides a line box that opens 16 -> 18 at 1440, and a tab padded 4/4/8 over 8/14/12 with a matching negative pull so its border reaches the strip's edge without growing the row; the `Pro` trigger takes the same step through `className` and drops to a 2px rule to agree with its neighbours. Chip-to-close is the frame's 16 to the mark (`gap-3` against a 24 button centring a 16 glyph). Everything below the strip is unchanged. No browser: source-vs-node.
9002-158102	match	-	Spot positions band at 768, earlier cut of Frame 444. Closed by Casey's 2026-09-15 ruling rather than by a measurement: the LATER cut (9780-157337) ships, so the headline is 14/18 and this cut's 18/24 is superseded on that point alone. No pixel moved - PositionsTable.tsx:193 already shipped `md:max-lg:text-sm md:max-lg:leading-[18px]`. What moved is the record: the block comment and figmaGeometry.test.tsx's docblock both described the two cuts disagreeing with no resolution, which reads as standing permission to flip it back, and both now cite the ruling and say not to re-derive it. The rest of the cut re-confirmed at HEAD: 40-tall tab row and five tabs, p16 around a 197 well in Green Coal 300 at 0.24 on a 12 radius, 4px description gap inside a 24 to the CTA, CTA 32 tall. 32 tests green. No browser: source-vs-node.
9780-157337	match	-	Spot positions band at 768, the cut Casey's ruling names. Its empty-state block is 330x95 at y=51 - 19+4+16+24+32 - against the earlier cut's 330x100 at y=48.5 - 24+4+16+24+32 - each internally consistent in the same 197 well, which is why the frames alone could not say which type ships and why this needed a ruling. The build follows this cut at 14/18. No browser: source-vs-node.
7712-29439	partial	-	Spot order book at 1440, re-read live 2026-09-15 and the two things wave 44 could not reach are built - both in the app repo, with the skai-ui ladder untouched. Frame 299 7712:29440 is 277x52 composed rather than written: a 245x46 menu at (16,4), a 245x32 row at y=12, two 18-tall labels centred in it at 19..37 and 24 apart, a 24x24 trailing slot centred at 16..40, the white 3px rule at y=52. Spot.tsx had `items-end` on an 11px pad, putting the labels at 20 and the trailing control at 13.5; it is now `pt-3` over a 32-tall `items-center` row with `pb-[7px]`, and the tab padded 7 / 12 with `-mb-2` so its border reaches y=52 while its margin box stays equal to the row. Second, the frame's trailing slot is `opacity: 0` and the tick picker was in it - the Order book cut draws a 20-tall quote row (7712:29452, 16 inset, a 24-wide precision group at x=0 and a 47-wide quote group flush at 198 of 245), and the picker has moved down into it. PARTIAL for one measured thing left unbuilt: the rule is 71 wide under a 67-wide tab, 2px proud either side. No browser: source-vs-node.
9002-163721	partial	-	Spot order book at 768. The quote row is this file's and it now draws as the frame does at both widths, because both draw the same row: 20 tall on a 16 line box, 16 inset either side, a 24-wide precision group hard left, the 47-wide quote group flush right, and no rule of its own - the divider belongs to the header band below it. It shipped `px-3 py-1` under a `border-b`. The tick trigger was the other half: the frame's group is 24x16 (an 8px value and a 16px caret, no gutter, no pad) and the control shipped 26 tall on `px-2 py-1` with a 12px caret, so it set the height of a row drawn 20; it now carries the frame's box with the hover chip given back by `-mx-1` and its touch reach re-derived (16 + 2x14 = 44) so the 44px floor stays opted out rather than lost. PARTIAL because `Frame 300` 708x40 is MobileTradeShell's four-tab row, not the book's own strip, and that file was not re-derived. No browser: source-vs-node.
7712-38425	partial	-	Spot order book panel, TRADES cut at 1440 - read live because Spot.tsx and ConnectedOrderBook.tsx both cited it as the ORDER BOOK's shape. It is not: 277x672 with a Price / Size (BTC) / Time header (7712:38440-38442), every ladder row carrying a time and a 16px mark instead of a total, an active rule under the SECOND tab (7712:38435, 46 at x=106), and no quote row - which Trades does not have. That misreading is why the tick picker lived in the tab strip; both citations are corrected and the picker has moved into the Order book cut's own quote row. Its `Frame 299` is the same strip this lane rebuilt, so the chrome is shared and correct at 52 / 12 / 32 / 19. The Trades LADDER is unmeasured: PerpRecentTrades was not opened, and this cut's 26-tall header band (24 over a rule at 26) differs from the book's 24 between two rules. No browser: source-vs-node.
7712-29439	match	-	Spot order book at 1440. The one measured-but-unbuilt item wave 45 wrote down is built: the active rule is 71 under a 67-wide label, 2px proud either side, and three frames agree (7712:29449, 7712:38435, 7886:93235) while 375 and 768 draw it flush. px-0.5 -mx-0.5 -- the padding widens the tab's border box so the rule overhangs, the equal negative margin returns the width to the flow so the 24 between labels stays 24. Unhinged because the panel is lg-only. Asserted as a pair in spotTerminalChrome.figma.test.ts. Also on this file: the column band is ruled on BOTH edges and shipped only the lower one, so border-y -- which keeps the desktop cut's 24 between two rules and restores the rule the quote row gave up in wave 45. The skai-ui ladder is otherwise untouched. Reaches the app only when skai-ui dist is rebuilt. No browser: source-vs-node. Commits 976041294, skai-ui 16353aa.
9002-163721	partial	-	Spot order book at 768, read live. Frame 300 is 9780:157447 -- MobileTradeShell's four-tab row, never derived until now: 708x40, bottom menu 684x28 at (12,8), Frame 1 684x24 at y=10, the 16-tall label group centred in THAT at y=14, labels 30 / 57 / 36 / 20 at x = 0 / 54 / 135 / 195 on three 24 gaps closing 215, a 24x24 trailing slot at (660,10) flush right, and the 57-wide rule at x=66 = 12 + 54, flush under tab 2. The build centred a label in a 40 box, which put it at 10.5 once the 3px rule came out of the border box; it is now 14 above a 16 line box and 8 below with the rule, 41 with -mb-px returning the one, and the trailing wrapper takes md:pt-1 so its centre meets the frame's 22. Second: 9002:163748 and 9002:163753 are zero-height lines at the TOP and foot of Frame 442, and wave 45 removed the quote row's border-b on that ground while the skai-ui band still had only a border-b -- so there was no rule between the rows at all. Band takes border-y. PARTIAL for a frame that contradicts itself: Frame 442 declares 20 while its content measures 22 and the first ladder row opens at 20, so the lower rule overlaps it by two. Height deliberately not moved. No browser: source-vs-node. Commits 14ae70a8f, skai-ui 16353aa, 78c5d8387.
7712-38425	partial	-	Spot order book panel, TRADES cut at 1440. The LADDER is measured at last (get_metadata 7712:38436) after wave 45 recorded that only its chrome had been read. Built: the heading band is not a row plus a rule -- Frame 442 is 26 on an itemSpacing of 2, holding Frame 283 24 tall (labels at y=4 on a 16 line box) and the line at 26, with the ladder opening at 28. Two of air on EACH side, both declared spacings. The build had the rule flush at 24 and the ladder at 25; lg:pb-1.5 moves the rule without moving the labels and the list's lg:pt-0.5 pays the second 2, hinged at lg because that is the board read. Measured and NOT built: each row is 277x18 with Frame 1 245 at x=16 -- price 70 at 0, size 55 at 95, Frame 463 70 at 175 holding a 50-wide time and a 16px icons/action at x=54. The existing 94.5/56/94.5 track lands the first two within half a pixel; the trailing mark is absent, and a 16px glyph per print implies a destination the tape's id is not established to be. Written rather than guessed. No browser: source-vs-node. Commit b9700abc8.
9002-163721	match	-	Spot order book at 768 - the one item wave 46 left is settled by opening the 1440 cut nobody had opened. That pass found a frame contradicting itself: Frame 442 declares 20, its content measures 22 (4 + a 14 line box + 4), and the first ladder row opens at 20, so the lower rule overlaps it by two. It kept the shipped 24 and wrote down that the 1440 label height would settle it. Read live (get_metadata 7712:29439, its Frame 442 at 7712:29463): the 1440 cut closes exactly - 24 tall, a zero-height line at each edge, Frame 283 holding Price / Size / Total at y=4 on a 16px line box, and the next book row opening at 24.0000 with nothing overlapping. 4 + 16 + 4 = 24. So 24 is the composition the design draws, the tablet cut's 20 is the number that cannot be built, and py-1 over leading-4 IS that arithmetic rather than a desktop value held for want of better. The same read confirms the band is inset 16 either side over a 245 run with Price on an 89 track, and that both edges are ruled - the border-y wave 46 added. No code changed; the order-book comment records the 1440 arithmetic and says not to ramp this to 22 on the strength of a container its own content overflows. skai-ui source, comment only, so nothing renders differently before dist. No browser: source-vs-node. Commit skai-ui ee28621.
7712-38425	partial	-	Spot order book panel, Trades cut at 1440 - the carried item is answered and the answer is no, which closes it as a question while leaving it unbuilt as a control. Wave 46 measured the tape and built the heading band, recording one measured-and-unbuilt item: each row is 277x18 with Frame 1 245 at x=16, price 70 at 0, size 55 at 95 and Frame 463 70 at 175 holding a 50-wide time and a 16px icons/action at x=54, and the build draws no trailing mark because the tape's id was not established to be a transaction hash. It is established now, from the source. skai_getRecentTrades returns maker_order_id, maker_trader, market_id, price, size, taker_order_id, taker_trader and timestamp; mapChainFill in src/services/trading/skaiOrderService.ts builds this row's id by joining the maker and taker order numbers with a hyphen - unique per print, a hash of nothing. No field on the wire an explorer would accept, so the mark cannot be wired without fabricating a link on a money surface, and one that can never act is furniture rather than a control. Written into the file beside the row layout, and deliberately not shipped disabled. Partial because the frame draws a fourth cell this surface does not; it goes in when the chain publishes a hash per fill. No browser: source-vs-node. Commit dd0495ffa.
9069-261150	partial	-	Dashboard - positive, 768. Read live 2026-09-17 and everything InsightXScreen.tsx records off this board measures true at HEAD: Frame 1260 708 wide at x=30 opening at y=76 (24 under the 52 header) and ending at 951 against the 52 bottom bar at 972, so 21 below - exactly the 24/21 that md:pt-6 md:pb-5 pays; the 32-tall title row with its 158x32 CTA flush right at x=550; the body 16 under it at y=48, which md:mt-4 draws; two 350 halves on an 8 gutter closing 708; the second stat row 8 under the first (y=0 and y=98, both 90 tall) and the section 8 under that at y=196; the tab band 40 tall with a 684 menu at x=12 and the active rule 61 wide, equal to its tab; the table header 24 under the rule with the body flush beneath; two 120x32 CTAs 8 apart flush at 684. The tablet rung of the shared container now has a second witness that is a DIFFERENT board - 14113:75596 is also 708 at x=30 - so it no longer rests on this node alone. Nothing was edited. No browser: source-vs-node.
9002-163721	match	-	Spot order book at 768 and 1440 -- the wave's tick ruling built, and the same reads found the row set in the wrong type on BOTH boards, differently. Read live (get_design_context 7712:29455, 7712:29458, 9002:163721; get_metadata 7712:29452). The ruling: the default tick is the second preset, matching the frame's 1 for BTC -- and the frame corroborates it rather than merely permitting it, because the picker is not drawn in an off state, its label IS 1, and 1 is BTC's second rung. defaultGroupingFor returns presets[1]; both /spot call sites seed from the pair instead of 0; keyed off the list rather than pinned to 1, since one whole unit is a sane bucket on BTC and swallows DOGE's book; applied only where the picker ships, because a book without one cannot undo a bucket; and a pair switch carrying a tick outside the new presets re-seeds rather than leaving a value no row can select. The type: both cells shipped Manrope 14 at -0.56 where the frame draws Mulish 12 at -0.48, and the ink settles it -- 8 wide for the tick label and 31 for USDT are those strings at 12, and 8+16=24 and 31+16=47 are the groups' own widths, neither closing at 14. Then the leading steps with the board and the first fix missed it by reading 1440 only: 9002:163740 / 9002:163743 are Md/Numbers 5 300 on a 14 line against Lg/Numbers 5 300's 16, so leading-[14px] lg:leading-4, hinged at 1024 because md: would move it 256 early. The row does not follow the text -- 9002:163736 is 20 on py-2 around a 16 band the caret stands up -- so height and the 44px reach are untouched. The quote's own caret stays undrawn at both boards: every spot pair settles in sUSD, so it is a label and not a dead dropdown. 42 tests green. No browser: source-vs-node. Commits 24a64c79c, eea1609f4.
7712-38425	partial	-	Spot order book panel, Trades cut at 1440 -- the refusal stands and what it COSTS is measured, which is the part that was missing. Read live (get_metadata 7712:38425). Geometry re-confirmed at HEAD: Frame 283 splits the 245 track 94.5 / 56 / 94.5 while each print splits it 70 at 0, 55 at 95 and a 70-wide Frame 463 at 175, and the two agree only if Price is left, Size right and Time right inside the header's boxes -- 0 meets 0, 150 meets 150.5, 245 meets 245, which is exactly the 1fr/auto/1fr with lg:94.5fr/56fr/94.5fr the file ships. The fourth cell is still unbuilt and the question still closed: skai_getRecentTrades publishes no transaction hash and mapChainFill joins two order numbers with a hyphen, so a trailing mark would be a fabricated link on a money surface. New: dropping it is not free. 7712:38453 puts the time at x=0 of a 70-wide cell whose last 16 is the mark's, so without it the time either keeps its place and leaves 20px of permanent air at the end of every print, or takes the column's right edge. It takes the edge -- 20 right of the drawn position -- and that trade-off is now written beside the row layout so it is not rediscovered as a bug. Type re-checked and already right: the whole tape is Mulish 12/16 at -0.48, which is what the neighbouring quote row was NOT. Partial because the frame draws a cell this surface does not. 556 tests green across order/ and perp-v2/. No browser: source-vs-node. Commit 8bdf53d62.
9069-261103	partial	-	Spot chart settings, Order display at 768 -- Frame 342 measured in full for the first time, and it moved a pixel on the board this row is about. Read live (get_metadata + get_design_context 9069:261103). Everything the frame states now matches the file: the heading is a Manrope 14 word on a line of 18.048 with a 12/16 #E0E0E0 line 8 under it, the group opens 16 below, and four rows step 34 as an 18px input/selection 8 clear of a 12/16 white label, the box a 6px-radius black square on a #123F3C hairline filling with a #56C7F3 inner square at radius 2. Built: the heading carried md:leading-[19px] and 19 was never a line -- it is what Figma rounds the 18.048 text BOX up to, and 9069:261106 returns both numbers in one call, height 19 and style Md/Sub-headline 2 300 at 18.048. The file had taken the box. Base 18 now runs unbroken to the 1024 step where the size moves, and the test that pinned 19 is corrected with the reason. 13 tests green. Still partial and still not on this file: two of four rows ship and both reach real lines (skai_getTraderOpenOrders through spotChartOrderLines.ordersToChartLines, and PerpChart's entry/liq/TP/SL), and CandleChart.tsx:1835-1856 still gates them on exactly these keys after 5f's engineBars rewrite, so the brief's re-measure is done and nothing regressed. Est. Liq. Price is refused -- spot has no liquidation price and on perps that line is already inside Position information. Trade history waits on chainTradingDataService.ts:65-82 where the declared IndexerTrade shape is not what the chain sends; src/services/market is 5f's fence and was not opened. No browser: source-vs-node. Commit db46c2b9c.
9045-174360	partial	-	Spot scaled-order ticket at 768 -- re-read in full and every number lands; the three open items remain refusals. Read live (get_metadata 9045:174360). Frame 464 is 42 at y=0/54/108/162 over a 16-tall Available row at 216, which is 42x4 + 16 + 4x12 = 232 and the drawn 698x232, and each card is a 12 inset with its 16 line box at y=13 for a height of 42. The Min/Max pair is 339 + 4 + a 12 dash + 4 + 339 = 698, the flex-1 pair on gap-1 the file ships. Frame 342 puts Expiry 10 above four 173-wide chips on a 2 gap (173x4 + 2x3 = 698), each 24 tall on py-1, the selected one carrying a 10px glyph 4 after its label -- gap-0.5, py-1 and h-2.5 exactly. Frame 640's preview sits three 80-wide boxes at 0, 309 and 618 of 698, which is left, centre and right of the track, and the file draws three flex-1 cells aligned left/center/right; header to values is 4 and the block stacks on 8 either side of the rule. The type table's 768 card-value row had no node beside it and the ink closes it: 9045:174405 draws 22 USDT 55 wide and 9045:174425 draws BTC at 26, those strings at Mulish 14 and about eight short at 12 -- now cited in the file. Unchanged refusals: the TP trigger card is not built because skai_placeOrder drops TriggerPrice before the RPC (orderTypeVisibility.ts:1-14) and its 42 is still COUNTED at :302-307, so the omission is accounted for rather than hidden; the distribution group is labelled for what it weights rather than the frame's Expiry, which is a money-adjacent misread; and the frame's third tab is 81 wide over a 65 rule at x=126, so its own rule does not span its own tab. 556 tests green. No browser: source-vs-node. Commit 8bdf53d62.
# wave 49 batch 2 (2026-09-18), lane trade-predict-rewards-wallet.
9069-261150	match	-	Dashboard - positive, 768 - PROMOTED to done on this lane's own read of the board (get_metadata 9069:261150, 2026-09-18). Matched: Frame 1260 708 wide at x=30 (30 clear each side, which md:px-[30px] pays on a 768 box), opening at y=76 - 24 under the 768x52 Header-tablet - and 875 tall, ending at 951 against the Bottom-navigation-tablet at 972, 21 below, which is md:pt-6 md:pb-5. The 32-tall title row: 24px mark at x=0,y=2, Dashboard 508 at x=34, a 158x32 CTA flush right at x=550. Body at y=48 (16 under, md:mt-4). Two 350 halves at x=0 and x=358 on an 8 gutter closing 708; the second stat row at y=98, 8 under a 90-tall first and itself 90; the section 8 under that at y=196. Tab band 40 tall, 684 menu at x=12, first tab 61 and the rule under it 61 - equal to its tab, not the strip. Table header 24 under the rule, body flush at y=102, two 120x32 CTAs 8 apart at x=436 of 684, flush right. THE PART THAT WAS NEVER CERTIFIED: whether 768 - 60 = 708 is an arithmetic of the right box. It is - the icon rail is a flex sibling of <main> and `hidden ... lg:block` (HomeShellLayout.tsx:179-187), so at 768 there is no rail and <main> IS the viewport. The stale docblock two lines above that class still says md:block and would have made this row a false 58px defect. The same container is NOT clean at 1440, where the rail is mounted: mx-auto centres 1192 inside ~1382, landing the column ~21-29 right of 4437:112651's 148. Nothing edited. No browser: source-vs-node.
9002-163721	partial	-	Order book ladder at 768, the cash columns - built this pass (get_design_context 9002:163721, 2026-09-18). Matched: every row writes Price as "$121,723" in Mulish 12/14 at -0.48 in a 70-wide cell, App/Red 300 on the asks and App/Green 300 on the bids; Size as "56,789" right-aligned at 55; Total as "2,889,871" right-aligned at 70. THE TWO CASH COLUMNS ARE NOT WRITTEN ALIKE - the currency mark is on the Price only, because the header above already says Total (USDT) - which one formatter could not express. skai-ui 8761753 had added formatPrice and applied it at BOTH money sites; formatTotal is added beside it here, additive and defaulting to formatPrice and then to toFixed, so that commit is built on rather than rewritten. THE FINDING: nothing was passing formatPrice. The seam shipped and the caller never used it, so the ladder still drew a bare toFixed figure and reports 1d3f9bb1 / 5dac11eb stayed open on a fix that was already half-landed - built, never mounted. Digits are a MAXIMUM, not a count: the board's figure is whole and cannot say whether the design drops cents or had none, and dropping them is the reading that loses money on screen, so BTC renders exactly as drawn, real cents survive, DOGE keeps five places, and Total is capped at two whatever the tick. 6 new tests, 26 green across the four existing ConnectedOrderBook suites. NOT YET VISIBLE: @skai/ui resolves to the prebuilt dist, which carries neither prop (dist/index.js has no formatPrice, so it predates 8761753 too) - both halves render after the gate rebuilds dist. The 1440 cut 7712-29439 was not opened; the formatter is one value with no ramp. Commits c914153a0 (superproject), 788ee86 (modules/skai-ui).
# wave 50 (2026-09-18), lane trade-perp.
3976-39045	match	-	Perps desktop Order confirmation - PROMOTED on this lane own read of the board and the modal (get_metadata 3976:39045 and 3976:40708, 2026-09-18); the prior line was deferred on an isConnected gate a driver could not pass, and this is a source-vs-node measurement instead. Board: main 1382x1429 at (58,56) with the terminal on an 8 inset and a 6 gutter (chart 764x672 at 8,8 = 58+6+58+6+544, book 277x672 at 778,8, ticket 313x672 at 1061,8, band 1366x273 at 8,686), Header-desktop 1440x56, sidebar 58x844 at (0,56), Frame 7 1382x16 at (58,884) - every number perpTerminalChrome.figma.test.ts resolves out of PerpTrading.tsx, 33 assertions green. Overlay 1440x900 at #001615/0.44 over a 5 blur, which overlayClassName ships. Modal 564x490 at (438,205), centred both ways. Card pad 24 (lg:p-[23px] + the 1px border), outer gap 40, Frame 480 516x284 at (24,24) on a 24 inner gap: controls 516x16 with a 16 close at x=500, header 516x58 at y=40 (title 28 tall, sub-line 426x22 eight under), summary 516x120 at y=122 (four 18-tall rows at 0/34/68/102, rules at 26/60/94, tag 52x18 flush right), opt-out 516x18 at y=266; gas line 326x16 at y=348 and CTA 516x62 at (24,404), 40 above each, card closing 24 under. FIXED f7d16646a: the shine is 484 square at (-150,-424) on both 1440 nodes and shipped at (-151,-145) - 279 too low, centring the glow inside the card over the Action row. 16 tests green. No browser.
3979-40767	match	-	modal - confirm order SHORT - PROMOTED on this lane own read (get_metadata 3979:40767, 2026-09-18). Same 564x490 box as the Long node and shares every number: shine 484 square at (-150,-424), Frame 480 516x284 at (24,24), controls 516x16 with a 16 close at x=500, header Frame 201 516x58 at y=40 (Confirm order 516x28, sub-line 426x22 at y=36), summary Frame 40 516x120 at y=122 with rows 18 tall at 0/34/68/102 and 1px rules at 26/60/94, labels/tag 52x18 at x=464, opt-out 516x18 at y=266 with an 18 box 8 from a 490-wide label, gas line 326x16 at y=348, Frame 203 516x62 at (24,404) carrying one full-width CTA with the 254 sibling hidden. All of it resolves from PerpConfirmOrderModal.tsx at 1440; the side is driven off isLong, so no SHORT-only code exists. The prior partial line cited a radius-scale delta - re-read here, lg:rounded-[32px] on the card and lg:rounded-xl on the CTA are the frame 32 and 16. FIXED f7d16646a: the desktop shine offset. 16 tests green. No browser.
3962-34721	match	-	Select pair - USDC re-measured LIVE on its own node (wave 50, lane trade-spot). Panel 796x680 on a 24/16/24 inset with a flat 16 between sections - controls 24..46, Frame 466 62..100, Frame 373 116..156, input top 172..622, Frame 470 638..656 - every one of which the file resolves to: lg:h-[62px] search band, mx-4 rules, py-2 tab rail, py-4 on lg:h-10 discs, lg:px-4+px-2 column titles, rows 38 at py-2 and the traded row 54 at lg:py-4, 8 apart on border-spacing-y-[8px], gap-5 on the strip. The traded row's 8/12/16 corner shipped at 678c47f23. This pass closed the last one: the panel drew a third h-px rule over the shortcut strip that NO 1440 node draws, and the strip sat on one py-3 reading 20/12 where the node draws 16/24 - fixed at feb79b999 with five assertions that go red on either coming back.
3962-34884	match	-	Select pair - Favorites re-measured LIVE on its own node. Same 796x680 panel, authored with controls/Frame 466/Frame 373/input top wrapped in Frame 472 at (16,24) - no number changes: sections still 16 apart and Frame 470 still 18 tall, 24 off a 680 foot, PINNED to the bottom while the list above it is short (traded row 3962-34918 at 54 over a normal 3962-34937 at 38), which is what the shipped ScrollArea flex-1 does. One of the three nodes that settled there being no rule above the strip. Same component, same two commits as 3962-34721.
3962-32706	match	-	Perps pair-search modal measured IN PLACE for the first time: 3962-34367 is 796x680 at x=322 of the board, and 322 is exactly (1440-796)/2, so the long-carried 'centred at 322' is now read rather than repeated. Confirmed as the perps instance by its own nodes - fifth column title 'Open interest' (3962-34399) and leverage tags on the rows, against the spot twins' 'Market cap.' - which is the split the file ships at MarketSearchModal.tsx:1047. Every section sits where the two component frames put it, so the panel is one component with one set of numbers and both wave-50 fixes reach it.
# wave 50 (2026-09-18), lane trade-bridge-deposit-chart.
3931-86279	match	-	AI alert types - PROMOTED on this lane's own read (get_metadata 3931:86279, 2026-09-18). The board is 764x124, not 764x58: two 58-tall cards 8 apart, which are the bearish (20%, 2 reports) and bullish (88%, 6 reports) variants of ONE component - sentimentFor already switches stroke, pill fill and label off signalDirection and ConfidenceBars fills 1 segment at 20 and 4 at 88. Card 764x58 with Frame 1 732x40 at x=16 y=9; rules at 275.5 and 559.5 = 275.5/284/172.5, which is the file's 551:568:345 doubled; Frame 6 217x34 at y=3 on a 2px seam; chip 55x14 on 6 of side padding; 32x16 figure with the 175-wide meter 10 clear; Frame 8 centred at 334+83.5=417.5; Frame 9 flush right at 618+114=732 with a 52x18 tag. Two defects found and fixed: lg:px-4 drew the content row 730 because the 1px dashed rule was put OUTSIDE the inset the frame measures (now lg:px-[15px]), and the status pill rendered 54x20 against an instance that measures 52x18 (now px-[7px] py-px). Frame disagrees with itself on one number: the bearish card rules at 274.25/560.75 against the bullish 275.5/559.5, a 1.25 drift that follows the pill's width - bullish governs. Commits 168007ce0, 9c6621018. No browser.
9002-161526	match	-	dropdown-time at 768 - PROMOTED and BUILT (get_metadata 9002:161526, 2026-09-18). Supersedes the "deferred, still unbuilt" line: the list is the TIMEZONE picker (UTC, Exchange, (UTC-10) Honolulu ...), which CandleChart has shipped since report 1a969290, and what was missing was the BOX. Panel 180 = 8 + a 160 item + the 4px Frame 476 scrollbar + 8; 492 = 8 + sixteen 26-tall rows + fifteen 4px gaps + 8, items at y=8/38/68 on a 30 pitch; each label at x=8, y=6 on a 14px line. Row height was already right at every width - py-1.5 over MENU_ROW_TYPE's 12/14 gives 26, and its lg leading step gives the desktop's 28 - so only the panel changed: w-screen max-h-[492px] md:w-[180px] lg:max-h-[524px] lg:w-[199px] plus scrollbar-thin, whose 4px webkit width is what makes 180-8-4-8 come to the frame's 160. 6 tests green. Commit e0c1079f3. No browser.
9061-258382	match	-	dropdown-time at 375 - PROMOTED and BUILT, same commit and same list as 9002-161526 (get_metadata 9061:258382, 2026-09-18). 375 edge to edge = 8 + a 355 item + the 4px scrollbar + 8, and 492 on the identical sixteen-row stack at a 30 pitch with labels at x=8, y=6 on a 14px line. The phone panel is the viewport rather than a fixed number, so it ships w-screen and lets the popper's collision handling seat it - align="end" off a clock near the right edge would otherwise hang a full-width panel off the left. Commit e0c1079f3. No browser.
9002-162005	match	-	On:Hover at 768 - PROMOTED and BUILT (get_metadata 9002:162005 and its CTA child 9002:162033, 2026-09-18). Supersedes the "same missing overlay+CTA" line: the overlay has shipped since report 4cf09a3a and what was missing was its tablet size. Overlay 708x52 over the whole band (absolute inset-0, Green Coal 300 at 44 per cent); CTA/button 160x32 at x=274, y=10, centred both ways since 274+80=354=708/2 and 10+32+10=52. Off 9002:162033: label at x=24, y=7, 88x18 and glyph 16x16 at x=120, y=8, so 24 a side, 7 vertical and an 8px gap - against the desktop 3931-92012's 160x34 on 24/8/8 the ONLY thing that steps is the vertical padding, now px-6 py-2 md:py-[7px] lg:py-2. One number deliberately not matched: this node insets its content row 16 a side (676 wide) where 9002:161974, 9002:160435 and the 768 screen board all draw 12 and 684, so the base governs. Commit e5a670e34, with 168007ce0 and 7d72842e8 under it. No browser.
9002-162080	match	-	AI alert types at 768 - PROMOTED and BUILT (get_metadata 9002:162080, 2026-09-18). ANSWERS THE OPEN QUESTION: the two 708x52 bands are identical layer for layer and label for label - both Bullish, both 2 reports, both BTC/USDT, both ruling at 235.5 and 448.5 - and differ ONLY in the reading, 88% over 20%. So there are no alert variants to distinguish in source; it is one component at two confidences and ConfidenceBars already derives 4 segments at 88 and 1 at 20. Also supersedes the "same missing reports chip" line: the chip is wired off signalCount and drawn 51x14 on 6 of side padding. The box itself was wrong and is fixed: md:px-3 md:py-1.5 put the 1px rule outside the inset the frame measures and rendered 708x54 with a 682 content row, where md:px-[11px] md:py-[5px] closes 1+11+684+11+1 and 1+5+40+5+1. The confidence block's seam is 6 here and 2 at 764, so md:gap-0.5 moved to lg. Commits 168007ce0, 7d72842e8, 9c6621018. No browser.
9050-210827	match	-	Frame 1238 - PROMOTED, and it is NOT an annotation layer: it is the tablet chart COLUMN and every number in it resolves (get_metadata 9050:210827, 2026-09-18). 708x710 with children at y=0 (708x58 market header), y=66 (708x52 AI band) and y=126 (708x584 chart section), so two 8px joins and an exact 710. The 708 is MobileTradeShell's md:px-[30px] on a 768 viewport with no icon rail below lg; the joins are its md:gap-2; the 58 is MarketHeader off 9002-157020; the 584 is the tab row and the card sharing one wrapper. THIS FRAME IS WHAT CAUGHT THE AI BAND'S 2px - the band rendered 54 because its 40px dividers set the content row while md:py-1.5 added 6 outside a rule the frame counts inside its 6, and the column was 712 until 168007ce0. One node not matched: the 8x29 layout grip at x=8, y=219 (42.9% of 544) against the build's top-[59.5%], which MobileTradeShell sets off the later v2 board 13006:256503 with its own written measurement. No browser.
9050-210996	match	-	Frame 1239 - PROMOTED, and likewise not an annotation layer (get_metadata 9050:210996, 2026-09-18). 708x584 = Frame 300 708x40 over TradingView 708x544, touching, which is the shell's Frame 1222 wrapper holding a tab row and the panel it labels in one box. Tab row: bottom menu 684x28 at x=12, y=8 (12 a side, 8 above, 4 below), Frame 1 684x24 at y=2, four labels 30/57/36/20 on 24px gaps, a 24x24 toggle flush right at 660+24=684, and the active rule 30 wide - equal to its label, not to the strip. Card: 12 every side, a 684x27 nav at y=12, an 8 gap, a 684x450 plot at y=47, an 8 gap, a 684x27 nav at y=505, 12 to 544 - which px-3 py-3 gap-2 over two h-[27px] rows and Spot.tsx's md:min-h-[544px] already draw. The bottom nav closes on 8s too: 201 range group, rule 209, glyph 217, spacer to 462, clock 109 at 470, rule 587, the 89-wide %/Log/Auto at 595 ending flush on 684. Nothing needed building. No browser.
3886-15237	match	-	Re-read LIVE on this node 2026-09-19 (wave51-trade) and the two lines above are both superseded. The board is 1440x1501: main 1382x1429 at (58,56), Frame 443 764x672 at (8,8) on a 58+6+58+6+544 stack, Order book 277x674 at (778,8), Frame 445 313x672 at (1061,8), Frame 444 1366x273 at (8,686), logo at (32,1315) over Frame 417 1260x18 at (32,1379). The 702x512 / 320x646 / 320x646 line recorded the app before the fix and there is no sidecar on this frame. Every box resolves out of Spot.tsx at HEAD: spotTerminalChrome.figma.test.ts 29 green including the band's own lg:h-[273px] and the row's 287 = 6 + 273 + 8, marketHeaderFigma.test.ts 24 green. Matched at 1440, the only width this board draws.
3903-21478	match	-	Re-read LIVE on this node 2026-09-19 (wave51-trade); the carried "header renders Market Cap where this frame draws Oracle" is stale and was scoped to the wrong file. /trade/perps mounts PerpMarketHeader, where SHOW_MARKET_CAP_CELL is false and the second cell reads the SKAI-chain oracle, dashing rather than fabricating; MarketHeader.tsx, which draws Market Cap on its perp branch, is mounted by /spot and /trade only. The frame's own stat row is 543x34 at (205,12): Price 58 at x=0, Oracle 58 at x=90, 24h Change 93 at x=180, Open Interest 94 at x=305, Funding Rate / Timer 163 at x=431, a flat 32 gutter, label 16 over value 16 on a 2 gap. Page skeleton resolves out of PerpTrading.tsx, 33 green. No site-footer node on this board, unlike 3903-22970. Matched at 1440.
3962-8774	match	-	Reached on ITS OWN BOARD for the first time, LIVE 2026-09-19 (wave51-trade), where earlier lines reached it only through the component. Modal 3962:29414 is 796x680 at (322,110): controls 764x22 at (16,24), Frame 466 764x38 at (16,62), Frame 373 184x40 at (16,116) with four 40 discs on a 48 pitch, input top 764x450 at (16,172) = a 764x16 header then Frame 465 at y=28 whose traded row is 54 and whose neighbours are 38 at y=62/108/154, inset 16. Two carried "remaining" items were already stale (the rows ship as separate radius-16 pills 8 apart, and the leading magnifier is gone); the third was real and is built this pass, e8ef0bb28 — the search band is 24 / 22 / 16, not the 20 / 22 / 20 a centred field gave. Matched at 1440.
4020-42901	match	-	Spot with the order book hidden, 1440 - the carried 1026-vs-1047 gap is gone and every number on the board now resolves. Read live (get_metadata 4020:42901, depth 4). main 1382x1429 at (58,56), Header-desktop 1440x56, sidebar 58x844, Frame 7 1382x16 at (58,884); chart column Frame 443 1047x672 at (8,8) over Frame 11 1047x58 at y=0, Frame 12 1047x58 at y=64 and TradingView 1047x544 at y=128; ticket Frame 445 313x672 at (1061,8); positions band Frame 446 1366x273 at (8,686). The 1047 is arithmetic, not a literal: px-2 inside main's 1382 leaves 1366, hiding the book leaves two children on one gap-1.5, so the flex-1 chart takes 1366 - 6 - 313 and the ticket lands at 1061. The band's 273 is Spot.tsx:857 lg:h-[273px] with the row's pt-1.5 paying the 6 the frame draws at 686 - 680, which is the one box wave 50 could not resolve from source. The frame hides the column the way the app unmounts it - 4020-43940 is authored 277 at x=778 with hidden=true, against showModule('orderBookTrades') - so neither has a bespoke hide affordance. The one number that is not the app's is `Tool`, the opacity-0 hover grip, at main (20,535) here against (17,471) on the base board 7710-91527 and on 3963-39739, which is the left-[17px] top-[70%] the page ships; base governs over an ALT cut. 1440 is the only width this board draws. No browser: source-vs-node.
3928-85741	match	-	Right menu - leverage, read live on the node 2026-09-19 (wave52-trade-perp). Shell 442x884, Frame 344 394x292 at (24,24), controls 394x28 with a 16 action at (378,6), 32 to Frame 341 394x232 at y=60 on a flat 24 - heading block 64, warning card 68 at y=88 (Frame 177 358x44 at (16,12)), leverage slot 394x52 at y=180 - CTA 394x62 at (24,798). All of it resolves from LeverageSheet.tsx at HEAD, 64 tests green. Casey ruled 2026-09-19 that the drawer keeps the 62-tall numeric field and the two 52-tall slider boards are overridden, so the slider slot is a decided override, not a gap. Matched at 1440.
3931-85816	match	-	Right menu - leverage ALT, read live on the node 2026-09-19 (wave52-trade-perp). Shell 442x884, body 394x398 at (24,24): controls 394x28, 32 to Frame 341 394x338, then 64 heading / 68 card at y=88 / Frame 457 394x82 at y=180 / readouts 394x52 at y=286 on a flat 24, CTA 394x62 at (24,798). Preset bar six 64-wide cells at 0/66/132/198/264/330 on a 2 gutter; readouts two 18 rows 8 either side of a 1px rule. All resolved from LeverageSheet.tsx, 64 tests green. With Casey's 2026-09-19 override the leverage group is 92 not 82 and the body column 394x408 not 394x398; nothing else moves. The board's preset values (0x..120x) are refused - 0x is not a leverage and 120x triples the 40x cap the board's own explainer states - so the count is the frame's and the values the market's. Matched at 1440.
3962-35261	match	-	Trench cut of the pair search at 1440, opened on its own board at last (get_metadata 3962:35261). modal 796x680 at (322,110), centred both ways inside a 1440x900 Overlay; Frame 473 764x276 at (16,24) with controls 22 at y=0, Frame 466 38 at y=38 between two rules, Frame 373 184x40 at y=92 and `input top` 764x128 at y=148 - a flat 16 between sections; tab nav 22 tall, seven slots at 0/99/153/212/248/335/413 with slot five an active 63-wide pill around a 47-wide label; header Trading pairs 8 / Last price 190.5 / 24h change 351 / Volume 507.5 / Market cap. 685; rows 54 and 38, 8 apart; footer Frame 470 764x18 at (16,638). All of it is what MarketSearchModal.tsx ships (max-w-[796px] lg:rounded-[32px] at :1478) and what marketSearchModalFigma.test.ts and marketSearchRowFigma.test.ts resolve, 97 green. The one open item is the slot-five LABEL: the frame is named Trench and draws Gaming, which :157-171 records as a human call and does not guess. No browser: source-vs-node.
9776-98249	match	-	AI alert types at 375, read live on the node 2026-09-19 (wave52-trade-bridge-deposit-chart). Two 375x94 bands 8 apart, identical node for node - the variants differ in paint only (bullish, then the same band in App/Red), which sentimentFor already draws. Supersedes the earlier line's "two rows and a bottom hairline instead of the dashed border": the band is full bleed with a dashed 4/2 rule at App/Green 300 / 24 per cent along BOTH edges (the bottom one is `Line 1`, fetched and read), no radius, no side rules, and the two rows were already right. Built and matched: Frame 1 343x70 at (16,12) - the transparent border moved to md so the row is 343 and not 341 - a 14-tall label row over a 16-tall value row 6 apart, the Tag 51x14 at x=99 in Mulish 10/14, "88%" 28x16 in Mulish 14/16, the meter 305x6 at x=38 on five 57.8 bars, then Frame 1215 343x18 at y=52 with the 57x18 sentiment pill and the 48x18 live tag, whose dot now sits in its 10x10 box 2 clear of LIVE. Ellipse 24 built as a #44C975 wash at 44 per cent under a 136px blur.
9776-98250	match	-	On:Hover at 375, read live on the node 2026-09-19 (wave52-trade-bridge-deposit-chart). The overlay and CTA the earlier line calls missing have shipped since; what was wrong was the size. Overlay 375x94 is the whole band and square, so the scrim's corner went behind md with the card's; CTA/button 160x32 at (107,31) is centred both ways and is the tablet's 32, not the desktop's 34, so the CTA now reads px-6 py-[7px] lg:py-2. Band beneath it as 9776-98249.
9776-97982	match	-	Frame 1355 382x36, read live on the node 2026-09-19 (wave52-trade-bridge-deposit-chart). NOT an artifact layer, which the earlier line calls it: it is the 375 positions tab strip detached, and it agrees to the pixel with the strip inside Frame 444 (9553-132256). bottom menu 350x36 on a 16 inset, Frame 1 at y=8, labels 14 tall at y=12, 10 to the rule - 12 + 14 + 10 = 36 - five labels 48 / 36 / 67 / 67 / 36 on 24px gaps, Vector 1 48 wide at x=16. Built: the row rests on the phone's numbers and steps at md:max-lg (40) and lg (44), and takes index.css's 44px floor off with no-min-size plus an after:-inset-y-1 bleed, without which the row rendered 44 and two labels were stretched from 36 to 44.
9553-132254	match	-	Frame 444 at 375, read live on the node and screenshotted 2026-09-19 (wave52-trade-bridge-deposit-chart). 375x257 = a 36 strip over a 221 body. Body: Frame 285 343x197 at (16,12) around the same filled r12 well the 768 cut draws, so those classes moved from md:max-lg to max-lg; "middle" 322x92 centred at y=52.5 = "No open positions" 108x18 in Manrope 14/18, the sentence 322x14 on a 4px gap, the CTA 160x32 a further 24 down. The 161x34 CTA sits hidden beside the 160x32, so 32 rests and 34 rides lg. Frame 297's vault sentence does not render in either cut and stays a spacer.
4020-44966	match	-	Perps desktop Edit running SL/TP. Modal measured against the live board 2026-09-20: shell 564x654 at a 24 pad, body Frame 480 516x416 at (24,24), CTA 516x62 at (24,480), disclaimer 516x48 at (24,582), a flat 24 between body blocks and 40 between the three shell children - every one of them resolving from ModifyTpSlModal at HEAD
9777-105532	match	-	375 Area card CLOSED wave 53 on a live get_metadata of 9777:105532 with 7746:212008 beside it. 375x416 = 12 + 27 + 8 + 322 + 8 + 27 + 12 on a 16 inset; both navs 343x27; top row Timeframe 0..44, rules at 52 / 92 / 132 / 279, chart type 60..84, Frame 474 100..124, spacing 140..271, maximize 287..311, settings 319..343; bottom row Frame 1230 106 (24 / 58 at 28 / 16 at 90, 4px gaps) over Frame 1229 237 (clock 93, rule, % Log Auto 89). Three numbers built: Timeframe gap 12 -> gap-1 md:gap-3 so the group is 44 not 52; the Indicators trigger's pr-1 removed so Frame 474 is 24 / 83 / 92; and the engine's axis type set to Mulish 10 below 768 and 12 from 768 up, which is the 36x12 vs 44x16 the two boards measure and the 42 vs 53 Price column that follows from it.
9777-105846	match	-	The second Chart - Area cut, the same card as 9777-105532 child for child (Timeframe 44, Frame 474 24, spacing 131x6, Frame 1230 106, Frame 1229 237); closed with it on the same three builds. Its 8x29 Tool handle - recorded in this file as 9050-211139 with no impl - is DrawingToolsRail.tsx's h-[29px] w-2 handle, so that note is superseded.
9777-105690	match	-	Chart - Line: the same 375x416 card with the close line in place of the filled area, which CandleChart flips on chartType without rebuilding the series. Geometry identical to 9777-105532; closed with it.
9777-107807	match	-	Re-read live 2026-09-20 and the box is now the board's: 375x440, a 4px Frame 476 scrollbar at x=367 and a 355 column (375 - 8 - 4 - 8), built as w-screen + rounded-none below md with md:w-[300px] md:rounded-[8px] lg:w-[375px] lg:rounded-[12px] and scrollbar-thin on the script list. The shipped max-w-[calc(100vw-2rem)] clamp drew 343 and a rounded corner. Sections unchanged and correct: header item 355x30, search 355x32 (pl-4, 10px gap), Frame 475 355x14 with Script name at x=32, scripts 355x316 of 28-tall rows on a 32 pitch. Supersedes the two earlier deferred/partial lines for this key.
3899-7131	match	-	Wave 54 trade-spot: ticket strip built to Frame 299 7710:92894 at 52 (row pt 20, 18 line, pad 10, 3 rule pulled 8 onto the 8 pad, hairline) with the 99x26 slot 7710:92902 at (182,4) drawn as the ruled unavailable state (aec71c48e); the node is at opacity 0 and reads Market plus a caret, stated in the row. Readout rules zero-height at c797ddf51. Source-against-node; no browser
3900-7416	match	-	Wave 54 trade-spot: closed with 3899-7131 by aec71c48e (strip 52, slot drawn) and c797ddf51 (readout pitch 26); the lit sell CTA at Green Coal 300 from b7547f127 unchanged, ticketFooter 17 green. Source-against-node; no browser
7712-32496	match	-	Wave 54 trade-spot: v1 page strip figures confirmed node for node on the base board; strip built at 52 with the slot (aec71c48e), readout rules zero-height (c797ddf51). Source-against-node; no browser
3972-32663	match	-	Wave 54 trade-spot: the timeframe menu 3972:34149 199x528 delta 0 against CandleChart.tsx (max-h-[528px] lg:w-[199px] p-2 gap-1, 28 rows), chartMenuTypeRamp 26 green after four 09-19 chart commits; the ticket strip on the board now 52 (aec71c48e). No edit to the chart file
7712-33476	match	-	Wave 54 trade-spot: read whole on its own node; strip 52 with slot (aec71c48e), body boxes 281x200 / 38 / 66 / 48 / 16 / CTA 48 at 248 / readout 66 at 328 with zero-height rules (c797ddf51) / Add more funds 36 at 426 all resolved against the source. Source-against-node; no browser
4144-67562	match	-	Wave 54 trade-spot: sidecar 4144:69215 read whole; panel 442x884 at (990,8), 394 body at 24, title 24/28 with the 16 close at 378, head 42, list 226 on a 38 pitch, AI row 36, footer 193+8+193 at 62; the toggle sized to the frame 40.59x24 with a 16.59 knob travel and Green Coal 300 resting track (dfb9ae524). Source-against-node; no browser
3931-93237	match	-	Wave 54 trade-spot: read whole on its own node; strip 3931:94565 313x52 with the 99x26 at (182,4) is the base tree node for node, built at 52 (aec71c48e); body 226 = 38 + 16 + two 42 cards, slider 48 and Available 16 on gap 8; CTA 48 at 274, readout 66 at 354 with zero-height rules (c797ddf51), Add more funds 36 at 452. Limit rule 38 under 29 recorded, base 2-and-2 governs. Source-against-node; no browser
9777-109249	match	-	Grouped timeframes 375, re-read live 2026-09-20 (get_metadata) and built: w-screen rounded-none scrollbar-thin below md for the 375x528 sheet with its 355 column beside the 4px bar at 367; the rule between groups lost an unmeasured mb-1 so it sits 4/4 as the board draws (line at 188 between an item ending 184 and a heading at 192). Headings 355x16, rows 355x28 on a 32 pitch, label at 8, icon at 331, fourteen resolutions in the frame's order - unchanged. Tablet 200 and desktop 199 at 12 untouched. Wave 54 lane trade-bridge-deposit-chart.
9432-159649	match	-	Closed on the wave 54 default: the later full-bleed 375 boards (9772-80915, 13006:294366) govern the phone chart card over this pair's 346 inset with a 544 plot; CandleChart.tsx draws the governing card and 9777-105532 holds its numbers (375x416, 16/12 inset, 343x27 navs). Not re-opened; wave 52's live reading of Frame 1302 346x580 stands. Wave 54 lane trade-bridge-deposit-chart.
9432-158544	match	-	Closed with 9432-159649 on the same default; same 346x580 construction, same governing boards. Wave 54 lane trade-bridge-deposit-chart.
3899-7131	match	-	Wave 56 trade-spot: Casey's ruling of 2026-09-20 built (8179b9542). The 99x26 CTA/button 7710:92902 is at opacity 0 on every 1440 board that draws the strip, so it now ships that way - TICKET_TYPE_SLOT is opacity-0 pointer-events-none in the frame's box, mounted as an aria-hidden div holding the node's own Market and 16 caret (1 + 15 + 43 + 8 + 16 + 15 + 1 = 99), and the wave 54 tooltipped aria-disabled control is gone. Strip still stands at the frame's 52: 20 (lg:pt-5) + 23 tab margin box + 8 + 1 hairline. orderTypeStripHeight.figma.test.ts 17 green.
3972-28764	match	-	Wave 56 trade-spot: both overlays the board draws are built, read live 2026-09-21 (get_metadata, whole board). dropdown-3 7746:209939 137x84 at main (902,51) with two 121x30 rows at (8,8)/(8,46) is OrderBookSectionMenu.tsx, oracled 14 green and anchored align=end sideOffset 3 on the book strip's trailing 24x24 slot at main 1039. dropdown-3 3972:30250 199x340 at (223,232), seven 183x36 items and three rules, is the chart lane's CandleChart.tsx at lg:w-[199px] - named, not edited. Terminal behind is the base grid.
9081-265513	deferred	-	Loose canvas copy at 966 wide of the three-column AI-signal table (Market direction | Message | Stream) that board 4451:126989 draws and the InsightX Reports tab ships at InsightXScreen.tsx:1707. Read on the node 2026-09-21; the surface is named but NOT measured against it, because home-redesign is another fleet's live hold this wave and the file is dirty. Deferred to the lane that owns InsightX
9081-267317	deferred	-	The same AI-signal table as 9081-265513 at 910 wide: header drops 16 to 14 tall, Message moves x=330/328 to x=300/332, Stream x=826 to x=770, headline box 220 to 190. Same surface, same fence, same deferral
9081-268243	deferred	-	Loose canvas copy at 490 wide of the FOUR-column whale-transactions table (Date / Name | Balance | Activity | Pair), already built at InsightXScreen.tsx:2240 on a min-w-[490px] row with Date/Name 286, Balance 100, Activity 92, Pair 92 - the frame's 490 is that min-width exactly. Not measured against it: the file is another fleet's this wave and dirty
9433-134505	deferred	-	Figma artifact layer: a 375x812 RECTANGLE named Screen Shot 2026-07-17 at 15.29.18 1, last of a run of three pasted reference screenshots parked beside the Spot 1VH 375 boards. Not implementable UI
9433-91123	deferred	-	Figma artifact layer (icons/action), twin of 9433-91121 and adjacent to it: a loose 16x16 instance at the top level of page 3:3 between the Positions and Orders perp boards. Not implementable UI
9509-171503	deferred	-	Figma artifact layer (icons/action): a loose 16x16 instance at the top level of page 3:3, and HIDDEN - it does not render even in the board it was lifted from. Not implementable UI
9864-172179	deferred	-	Figma artifact layer: Frame 400, a HIDDEN 432x14 frame holding one line, By trading you accept our terms of service., parked at (42688,46613). A switched-off spare of copy that already ships at Launchpad.tsx:1583, PredictMarketDetail.tsx:847, FuturesTicket.tsx:148 and TradePanel.tsx:398. Nothing to build
9774-89965	match	-	date range 375, re-read live 2026-09-21 (get_metadata 9774:89965) and BUILT in ab6ccf5eb, which supersedes the earlier partial line above: that line was right about the gap and it is now closed. The panel is 375x246 on a padding of 8, seven rows 359x26 at y=8/42/76/110/144/178/212 — a 34 pitch, so 8 between them — each label at (8,6) and 14 tall. 8 + 7*26 + 6*8 + 8 = 246. The menu behind the phone nav's collapsed `Date range` group (9772:82000) already reached the same seven ranges; what it drew was the desktop menus' w-[199px] rounded-lg on a board that draws 375, a 4px row gap against the frame's 8, and the bottom row's shorthands in the bottom row's order. Now w-screen rounded-none below md (md:w-[199px] md:rounded-lg kept for the boards that draw one — this trigger is md:hidden), gap-2, and a reversed copy of CHART_RANGES carrying a `menuLabel` per range: 1 Day, 5 Days, 1 Month, 3 Months, 6 Months, 1 Year, 5 Years. Row type is unchanged and already matched — MENU_ROW_TYPE Mulish 12/14 inside px-2 py-1.5, which is 6 + 14 + 6 = 26. The frame's highlighted first row is the SELECTED state, and the selected range takes Sky Blue #56C7F3 wherever it sits; the chart boots with no range chosen, so nothing is lit until one is. Same ids, same spans, same handler — no rail touched, and the test proves the two wordings are one set of seven by picking `6 Months` in the menu and asserting `6m` lights in the desktop group. No browser: source-vs-node.
7710-91527	partial	-	Spot ticket Fees readout BUILT to Casey's ruling of 2026-09-21 05:4x: it renders unavailable until the chain's fee schedule is readable, and none of the three circulating rates was picked. The board draws Maker 0.0450% / Taker 0.0150%, the ticket was printing 0.1000% / 0.2000%, and the chain's 50bps spot taker is committed and not deployed. The pair the ticket printed was not a constant anyone had chosen - it was the default parameter values of estimateOrderFee(size, price, isMaker, makerFee = 0.001, takerFee = 0.002) at src/lib/validation/orderSchemas.ts:306-318, which no caller ever overrode. New leaf module src/components/trade/order/feeSchedule.ts types the rate number | Offline on the tokenPrice.ts contract; OrderEntryPanel's Fees row, its Order details Est. Fee cell and ConfirmOrderDialog all narrow through it, the confirm dialog carries the reason in full text because it is the last screen before funds move, and the Total refuses rather than defaulting to a fee of zero. Geometry untouched: the 6 label-to-value gap and the 16 between the pairs both verified against 8570-143200's Frame 451 this pass. Nothing wired; no rate, rail or settlement behaviour touched. Oracle feeSchedule.figma.test.ts, 13 tests. Partial: the board's other open items are unchanged. Commit 7f239cf21.
8570-143200	match	-	Spot tablet, order-ticket sheet open - the Fees row measured on the node and matched to the shipped ticket. Frame 446 8625:59855 is 768x490 at (0,466); its footer Frame 356 684x66 at (42,304) stacks Slippage / Max buy / Fees on 14-tall rows at y=0/26/52 over zero-height rules at y=20 and y=46, and Frame 30's value block Frame 451 is 164x14 right-set at x=520 - Maker: 30x14 with its value 40x14 at x=36, Taker: 26x14 with its value 40x14 at x=32, the second pair opening at x=92. That is a 6 label-to-value gap and 16 between the pairs, which is exactly the gap-1.5 / gap-4 OrderEntryPanel ships, so the geometry matches; the two VALUES are now the explicit unavailable state per Casey's 2026-09-21 ruling rather than the board's 0.0450 / 0.0150. Registry still records this frame desktop off its title; the node is 768x1024.
10706-128843	deferred	-	Frame 267 745x226, read live 2026-09-21 (get_metadata) for the first time, and the catalog's own title for it is wrong. It is NOT a holders table: header Frame 283 713x14 carries Token 146 / Migrated 51 / Dex 30 / Mkt. Cap. 80 / ATH 80 / Liquidity 80 / 1H volume 80 / Fees 100 / Bal. 30, which is the Trench Discover grid, and it shares no column with the 1047 pair it was grouped with. Four 28-tall bands on a 44 pitch, hairlines floating 8 clear, and a row carrying a 24 token mark with a 10px Base chain badge plus a name-and-age pair. Deferred, not partial: the address moves to trench-redesign/discover/DiscoverScreen.tsx, which is a peer's file tonight, and nothing on /spot should draw it. No browser: node-vs-source.
10706-128950	deferred	-	Frame 1356 1047x450, read live 2026-09-21 (get_metadata), first opening. Nine columns - S/N 20 at x=12, Wallet 200 at 52.125, SOLbalance (last active) 100 at 272.25, Bought (avg. buy) 100 at 392.375, Sold (avg. sell) 100 at 512.5, uPnL 60 at 632.625, Remaining 100 at 712.75, Funding 120 at 832.875, Held 30 at 973 - over eight 34-tall bands on a 50 pitch with 1015 hairlines floating a flat 8 clear. Deferred rather than built: the columns are Trench's, the board prints an EVM 0x address under a header that reads SOLbalance, and the chain carries no per-wallet SOL balance for a spot market, so the panel would be a whole product surface with no source behind its key column. Decision for Casey, recorded not decided.
10706-129546	deferred	-	Frame 1357 1047x450, read live 2026-09-21 (get_metadata) and diffed node for node against 10706-128950: the same 1015x414 body, the same nine columns at the same x, the same eight bands on the same 50 pitch. The single difference is the Wallet cell - row 1 keeps the 22-tall address chip, every row below it is a 16-tall block with a 16px avatar and a NAME - so the pair is one component in an address state and a RESOLVED-IDENTITY state. Deferred on the same call as its twin, plus a second missing source: a named-wallet directory.
9150-79555	partial	-	section 1250x234, read live 2026-09-21 (get_metadata) and compared to PerpPositionsPanel.tsx at HEAD. The strip's 42 decomposes as a 4 top inset, 8, 4, a SIXTEEN-tall label box, 4, 6; Frame 336 is 486 wide with six visible tabs at 65 / 36 / 67 / 67 / 95 / 36 on a flat 24. HEAD ramps the strip 0+12+14+10 = 36, 4+12+16+10 = 42 and 4+12+18+10 = 44, so the frame's 4 / 12 / 16 / 10 is the middle rung exactly and only lg:leading-[18px] takes the desktop band to 44. NOT a match line and NOT edited: the file is a peer's tonight, and whether a 1250 detached copy governs the lg band is a ruling. The carried first-tab width of 66 is corrected to 65. No browser: node-vs-source.
9152-85551	partial	-	section 1000x210, read live 2026-09-21 (get_metadata), first opening. The 36-wide Vector 1 sits at page x=466, i.e. x=450 inside the strip's 16 inset, which is the ASSETS tab - so the body is the Assets table, not a positions table: Token name 148 / Available balance 150 / 24h change 150 / Quick actions 150 / Total Balance 151 over two 38-tall bands on a 54 pitch, hairlines 8 clear. That column set is the one PerpPositionsPanel already builds off frame 4020-49491, and at 1000 the code's strip is 42, which matches. Partial only because no browser ran to confirm the 968 track and the 54 pitch. The carried note's claim that the code draws 40 below 1024 is stale at HEAD. Not edited, peer file.
9152-87497	partial	-	section 1350x234, read live 2026-09-21 (get_metadata), and two carried claims fall. The 84-wide rule at page x=165 is x=149 in strip coords, the THIRD slot (Order history), not Funding history, which measures 95 at x=348; and the body is the thirteen-column Order-history table (S/N 30, Trading pairs 150, Size 100, Filled size 100, a 150 Type CTA, Original size 109, Price 100, Direction 100, Reduce only 80, Trigger conditions 150, Order ID 100, a 140 Status group) on three 28-tall bands at a 44 pitch. The open dropdown-3 is 180x44 and its one visible entry reads View on Skaiscan, not Modify position, with Delete position hidden - and that entry is already settled as unbuildable at HEAD because an order id is not a transaction hash. Not edited, peer file.
9152-91623	partial	-	section 950x390, read live 2026-09-21 (get_metadata), first opening. The 95-wide rule at page x=364 is x=348 in strip coords, which confirms the carried reading that it is the Funding history tab. Body is the seven-column funding LEDGER wave 53 ruled on - S/N 30 and Trading pairs 100 inside a 198 group, Size 100 at 204.8, Position side 100 at 311.6, Payment 144 at 418.4, Rate 167 at 569.2, a 175 Time CTA at 743 - over six 32-tall bands on a 48 pitch with 918 hairlines 8 clear. The strip is 42 and 950 is below 1024, where HEAD also draws 42, so it matches at this width. Recorded: the board prints Payment as a PERCENTAGE (-0.0003%) beside a Rate that is also a percentage, which is a second reason the em-dash ruling is right. Not edited, peer file.
9152-92016	partial	-	section 1010x450, read live 2026-09-21 (get_metadata), first opening, and the carried note's open question closes. The 67-wide rule at page x=273 is x=257 in strip coords; on this node Order history is 84 at x=149 and Trade history 67 at x=257, so the active tab is TRADE HISTORY. Body: S/N 30 and Trading pairs 100 inside a 194.29 group, Size 104 at 218.74, Price 29 at 347.19, Direction 50 at 400.64, Fee 82 in a 144 frame at 475.10, Closed PnL 140 at 643.55, a 170 Time CTA at 808, over six 42-tall bands on a 58 pitch with 978 hairlines 8 clear. Strip 42 matches HEAD at this width. NOT a match line: the board prints a Closed PnL figure the rail cannot supply and the panel already draws as an em dash. Not edited, peer file.
8558-139280	partial	-	Spot tablet, base terminal - read live 2026-09-21 (get_metadata, whole tree) and the title defect is confirmed on the node: 768x1024 carrying Header-tablet 768x52 at (0,0) and Bottom-navigation-tablet 768x52 at (0,956), under a title reading "Skai > Trade > Spot 1VH (1440 x 900px)". vverify:505 already recorded the 768x1024; what this pass adds is that registry.json derives a frame viewport FROM THE TITLE, so the title is the SOURCE of the wrong viewport rather than a cosmetic error, and it is not the only board carrying it - see 8566-141675, 8570-143200 and 8626-61565 in this file. Column measured delta 0 against the md numbers spotTerminalChrome.figma.test.ts already asserts: main 8558:139281 708x1005 at (30,76), Group 1 708x986.9998, Frame 6 708x58, Frame 11 708x52 at y=66, Frame 299 708x40 at y=126, TradingView 708x544 at y=166, Frame 444 708x268.9999 at y=718, Tool 8x29 at (9,475) - the 58 + 52 + 584 + 269 + 3x8 = 987 where 584 is the 40 tab strip over the 544 chart. ONE MEASURED GAP, and it is not this lane's file: the docked pair Frame 1217 8626:131275 is 738x66 at x=15 (15 + 738 + 15 = 768) with two 357x50 CTAs at (8,8) and (373,8), while MobileBuySellBar.tsx ships 730 at x=19 - which is what three other 768 boards draw (9002:158176, 13006:256544 and 8626:131296, all cited in MobileBuySellBar.figma.test.tsx:21 and :340). Three boards to one, so the component is left alone and the four-pixel inset is recorded rather than built; the 8 padding and 8 gap agree on every board. Partial on that inset alone. Hand-off: src/components/trade/mobile/MobileBuySellBar.tsx, if design settles 15 over 19.
8566-141675	partial	-	Spot tablet, the UNCROPPED full-scroll board - read live 2026-09-21 (get_metadata, whole tree), retiring the wave 41 verdict this key had carried verbatim. The node is 768x1230 with Header-tablet 768x52 at (0,0) and Bottom-navigation-tablet 768x52 at (0,1162) under the same "(1440 x 900px)" title; vverify:511 had the 768x1230 already, and this pass adds the stack and the mechanism, which is that registry.json takes the viewport from the title. It is the uncropped twin of 8558-139280 and 8570-143200, both of which are 1VH crops of the same terminal: main 708x987 at (30,76), Group 1 708x986.9998, Frame 6 708x58, Frame 11 708x52 at y=66, Frame 299 708x40 at y=126, TradingView 708x544 at y=166, Frame 444 708x268.9999 at y=718, Tool 8x29 at (9,475) - the same 58 + 52 + 584 + 269 + 3x8 = 987 the md oracle asserts, delta 0. No docked buy/sell pair on this one, and the ticker Frame 7 1382x16 sits at (-307,1214), off the board on both sides as it is on the other two. Partial rather than match only because the panel interiors were not re-derived this pass: the AI band's confidence and sentiment cells, and the Frame 444 empty state.
8626-61565	match	-	Spot tablet with the order-ticket sheet open - read live 2026-09-21 (get_metadata, whole tree), retiring the wave 41 carried verdict. It is the FOURTH instance of the title defect in this slice (768x1024, Header-tablet 768x52 at (0,0), Bottom-navigation-tablet 768x52 at (0,956), titled "(1440 x 900px)"), and it is also a DUPLICATE STATE of 8570-143200: both sit at canvas x=-71992 and draw the same board node for node - main 708x1005 at (30,76) over the same 58 / 52 / 40 / 544 / 269 stack on 8s, and Frame 446 768x490 at (0,466) whose footer Frame 356 684x66 at (42,304) carries the identical Fees row. Frame 30 684x14 at y=52 holds the label Fees 21x14 at x=0 and Frame 451 164x14 right-set at x=520 printing Maker: 30x14 with 0.0450% 40x14 at x=36 and Taker: 26x14 with 0.0150% 40x14 at x=32, the second pair starting at x=92 - a 6 label-to-value gap and 16 between the pairs, which is exactly the gap-1.5 / gap-4 the ticket ships. The GEOMETRY matches; the two VALUES render the explicit unavailable state per Casey's ruling of 2026-09-21 05:4x, built in 7f239cf21, because the tablet sheet mounts the same OrderEntryPanel the desktop column does (Spot.tsx:289). Closes on the same evidence and the same build as 8570-143200.
8558-134024	partial	-	Spot base desktop terminal - REACHED BY BUILD this pass, not by a second reading, and the line says so rather than borrowing the older match above. This board's implFiles name src/components/trade/order/OrderEntryPanel.tsx, and its ticket Fees readout is the one Casey ruled on at 2026-09-21 05:4x; the build is 7f239cf21, which puts the maker and taker rates under number | Offline in src/components/trade/order/feeSchedule.ts and renders the dash with its reason in all three drawing surfaces. The board's own geometry stands on the live whole-tree reading taken earlier on 2026-09-21, which found it delta 0 against 7710-91527's grid, and this pass did not re-open it: the seat refuses after about fourteen reads in a burst and the three never-measured tablet boards had first claim on the budget. Saying which tree was swept - this lane opened four boards live today (8558-139280, 8566-141675 and 8570-143200 whole, plus the source of every file in its owns list) and no more. A carried geometry is not a measurement, so this stays partial and is not promoted on the strength of the fee build alone.
8626-130555	partial	-	Spot PHONE board with the order-ticket sheet open - read live 2026-09-21 (get_metadata, whole tree), retiring the wave 41 carried verdict, and it extends the title defect past tablet. The node is 375x812 with Header-mobile 375x48 at (0,0) and Bottom-navigation-mobile 375x54 at (0,742) under a title reading "(1440 x 900px)"; the four instances recorded earlier in this file (vverify:505, :511, :506/683, :507) are all 768, so this is the FIFTH and the first at 375. Column Frame 1216 346x882.9998 at (14,64): Frame 6 346x96, Frame 11 346x94 at y=104, Chart view - Area 346x412 at y=206, Frame 444 346x256.9999 at y=626, Tool 8x29 at (12,292) - 96 + 94 + 412 + 257 + 3x8 = 883. NOT BUILT, deliberately: /spot at 375 follows another board family that Casey ruled on 2026-09-05, pinned in spotTerminalChrome.figma.test.ts:250-318 to 9776:97941 (band 375x257 = 36 + 221), 9772:80915 (chart 375x416) and Frame 1340's 110 + 94 + 452 + 257 on spacing 4 = 925 - full-bleed 375 sections where this board insets a 346 column on 8s. The families agree on the AI band's 94 and the band's 257 and on nothing else, so porting these numbers would regress a ruled surface. WHAT MATCHES is the sheet's Fees row, which is Casey's 05:4x ruling at its third width: Frame 446 375x490 at (0,252), footer Frame 356 341x66 at (17,304), Frame 30 341x14 at y=52, Frame 451 164x14 right-set at x=177 with Maker: 30x14 + 0.0450% 40x14 at x=36 and Taker: 26x14 + 0.0150% 40x14 at x=32 from x=92 - the 6 and 16 gaps that OrderEntryPanel.tsx:1752-1761 ships as gap-1.5 / gap-4. The phone sheet mounts the same OrderEntryPanel as the desktop column (Spot.tsx:281-289), so 7f239cf21 rendered both values unavailable here too. The board draws its own Slippage as "--" at x=332, so the dash is the frame's glyph, not an invention.
8626-131650	partial	-	Spot PHONE board, ticket sheet closed and the docked buy/sell pair shown - read live 2026-09-21 (get_metadata, whole tree), retiring the wave 41 carried verdict. SIXTH instance of the title defect and the second at 375: 375x812, Header-mobile 375x48 at (0,0), Bottom-navigation-mobile 375x54 at (0,742), titled "(1440 x 900px)". Column Frame 1216 346x878.9998 at (14,64): Frame 6 346x94, Frame 11 346x94 at y=102, Chart view - Area 346x412 at y=204, Frame 444 346x254.9999 at y=624, Tool 8x29 at (12,292) - 94 + 94 + 412 + 255 + 3x8 = 879. Not built, for the same reason as 8626-130555: the shipped 375 chrome follows the 9776/9772/Frame 1340 family under Casey's 2026-09-05 ruling (spotTerminalChrome.figma.test.ts:250-318). THE NEW SUBJECT is Frame 1217 8626:131976, 360x60 at (8,674), two CTA/button 168x44 at (8,8) and (184,8) on an 8 padding and 8 gap (8 + 168 + 8 + 168 + 8 = 360). MobileBuySellBar.tsx has already ruled on both differences: :41-55 records three of four frames at 375 putting the card at x=7 (13006:295439 v2, 9770:134779, 8666:109461) against one at x=8, the v2 page superseding; :109-127 derives the 56 card box as 1 + 7 + 40 + 7 + 1 from a 40-tall button under an inside stroke. This board is a fifth frame at x=8 with a 44 button, and 1 + 7 + 44 + 7 + 1 = 60 is exactly its card height - so the construction, the 360 card and the 168 button width all agree and only the button height differs. The odd one out is the frame that clears the 44px touch floor; the shipped button carries no-min-size with h-10 (:431) and opts out. Four to one plus a superseding v2 page, so the component is left alone. Hand-off: src/components/trade/mobile/MobileBuySellBar.tsx.
8570-143201	partial	-	Spot TABLET main, detached column - measured on the node 2026-09-21 (get_metadata, whole tree), and the row's carried "269 here against 271 on the 8xxx boards" is WITHDRAWN as a false number. Frame 444 is 708x268.9999 on this node and this lane measured the same 708x268.9999 live today on 8558-139280, 8566-141675 and 8570-143200; nothing in the slice draws 271, so there is no 2px gap to build to. Geometry delta 0 against the md oracle: outer main 942x1005, Group 1 708x986.9998 at (0,0) with 234 of the 942 left empty, stacking Frame 6 708x58 at y=0, Frame 11 708x52 at y=66, Frame 299 708x40 at y=126, TradingView 708x544 at y=166, Frame 444 708x268.9999 at y=718, Tool 8x29 at (9,475) - 58 + 52 + 584 + 269 + 3x8 = 987, the sum spotTerminalChrome.figma.test.ts asserts at :294 and :324 (29 cases, green at HEAD this pass). Partial, not match: the panel interiors are named but not measured against source - the TradingView panel's TWO 684x27 nav rows (top at y=12 with 5m / 30m / 1h / D and Indicators; second at y=505 with 5y / 1y / 6m / 3m / 1m / 5d / 1d, the clock 109x16 at 470 and Frame 631 89x16 at 595 reading % / Log / Auto) and Frame 444's empty state (middle 330x100 at (173,48.49995), a 160x32 CTA, and Frame 297 652x16 at y=168.9999). The chart-control rows fall to ChartControlsWidget.tsx / ChartSettingsPanel.tsx, which are this lane's files but a larger build than the budget left.
4020-49491	match	-	Perps desktop Assets at 1440, 2026-09-21 wave 58: the five headings re-read live on 4020:50843 at x = 12, 281.25, 552.5, 850.25, 1171 (right-flush at 1322) on the 1334 track, and the table now carries density compact, layout fixed, widths 277/271/298/321 with the last column unsized and the 16 track inset on its own wrapper; perpTableTrack.figma.test.ts reads the widths out of PerpPositionsPanel.tsx and holds every heading within 0.5 of the board. Row band, token cell, balance pairs, overflow and footer stand on ba494a958 and its 14 tests.
9264-93524	match	-	Trench v1 token header stat cluster, wave 59: the Supply figure now carries the 16px refresh mark the CURRENT governing board 13006:287655 also draws (Frame 21 13006:287671, 35x16 on gap 4, figure at x=0 and a 16x16 icons/action at x=19, export = a two-arc circular arrow filled #95A09F), built at 864152faa as FigmaRegenerateIcon wired to useTradeToken.refresh with no-min-size for the 375 touch floor, drawn only where a re-read exists and Supply holds a figure. The fees cell keeps its em-dash and its two marks stay unbuilt because it has no source. The v1 two-row stat wrap is struck as superseded by 13006:287655, whose own cells run to x=472 in a 343 frame and so scroll, on the same rule wave 55 used to strike the v1 right cluster.
7890-122280	partial	-	Perps desktop Positions section board at 1440, 2026-09-21 wave 59, read live with get_metadata on the whole node. TWO gaps closed. (1) The footer this key previously recorded as absent (Frames Export as CSV and View all footer row absent) is BUILT in 8d3fadb05 to Frame 470 numbers: 1334x18 at y=164, 8 under the last rule at y=156 and 16 clear of the band floor, Frame 468 122 wide (a 30 Tag chip with its text at 6,2, label 84 at x=38) and Frame 469 at x=142, so the pairs are 20 apart and each chip 8 from its label, on the table own 16 inset, chip form taken from the board-exact FundingPaymentsTable footer. Export writes the side-filtered set, refuses while it is empty, exports an empty cell wherever the table dashes and never a 0, and carries bare numbers because formatUsd/formatPrice run toLocaleString. The chords are drawn aria-hidden and NOT captured - one of the two is Cmd-V, the platform paste chord. (2) The PnL cell glyph, the last unread element of the row, is read and BUILT in 6221cfecb: Frame 481 is a 140-wide row holding the value in its own 120, a 4 gap, then a 16x16 icons/action whose export c4d62.svg is an arrow out of an open-topped tray - fetched rather than guessed, because an icons/action on these boards had already been found exporting with no path. Built as the SKAI set FigmaShareIcon, matched on geometry not name (the kebab uses Share2, a different picture), opening the ShareTradeModal the row already held, and gated on pnlKnown so it leaves with the figure: a share card is a public artifact and an unknown PnL must not reach one. STILL PARTIAL on two measured items, both with numbers and a Casey call in the wave59 status row: the heading track, where this board reads Frame 1107 276 wide at 1046 and the BASE page board 4018:42522 - re-read first-hand this pass, confirming the carried note - reads 226 at 1096, one 50px difference spread across the nine gaps at 5.5556 each, resolved for now by the standing base-governs rule; and the PnL cell line structure, the board drawing ONE 120-wide line reading +200.11 (+12%) against the shipped 148-wide two-line stack with a $ and a separate ROE, left alone because it is a money readout whose unknown branch carries load-bearing dash-and-reason text the board never draws.
7890-121544	partial	-	Perps desktop Positions section board at 1440, 2026-09-21 wave 59, read live with get_metadata on the whole node. TWO gaps closed. (1) The footer this key previously recorded as absent (Frames Export as CSV and View all footer row absent) is BUILT in 8d3fadb05 to Frame 470 numbers: 1334x18 at y=164, 8 under the last rule at y=156 and 16 clear of the band floor, Frame 468 122 wide (a 30 Tag chip with its text at 6,2, label 84 at x=38) and Frame 469 at x=142, so the pairs are 20 apart and each chip 8 from its label, on the table own 16 inset, chip form taken from the board-exact FundingPaymentsTable footer. Export writes the side-filtered set, refuses while it is empty, exports an empty cell wherever the table dashes and never a 0, and carries bare numbers because formatUsd/formatPrice run toLocaleString. The chords are drawn aria-hidden and NOT captured - one of the two is Cmd-V, the platform paste chord. (2) The PnL cell glyph, the last unread element of the row, is read and BUILT in 6221cfecb: Frame 481 is a 140-wide row holding the value in its own 120, a 4 gap, then a 16x16 icons/action whose export c4d62.svg is an arrow out of an open-topped tray - fetched rather than guessed, because an icons/action on these boards had already been found exporting with no path. Built as the SKAI set FigmaShareIcon, matched on geometry not name (the kebab uses Share2, a different picture), opening the ShareTradeModal the row already held, and gated on pnlKnown so it leaves with the figure: a share card is a public artifact and an unknown PnL must not reach one. STILL PARTIAL on two measured items, both with numbers and a Casey call in the wave59 status row: the heading track, where this board reads Frame 1107 276 wide at 1046 and the BASE page board 4018:42522 - re-read first-hand this pass, confirming the carried note - reads 226 at 1096, one 50px difference spread across the nine gaps at 5.5556 each, resolved for now by the standing base-governs rule; and the PnL cell line structure, the board drawing ONE 120-wide line reading +200.11 (+12%) against the shipped 148-wide two-line stack with a $ and a separate ROE, left alone because it is a money readout whose unknown branch carries load-bearing dash-and-reason text the board never draws.
9419-151234	partial	-	Trench pulse phone board 375, collapsed cut, wave 59: read live 2026-09-21 with get_metadata on the whole board (105,668 chars, walked from the saved dump) and get_design_context on the tab band Frame 299 9419:151237. Built at 62e8c60d3. The band is 375x36 - pt 4 / px 16 / pb 0 with a 1px #123F3C bottom rule over bottom menu :151238 343x32 at (16,4) pt 8 / pb 6, Frame 1 :151239 343x18 at (0,8) py 2, Frame 336 :151240 208x14 at (0,2) - so 14 above the labels and 8 below onto the rule. Tabs 50 / 63 / 47 at x = 0 / 74 / 161 and 50+24+63+24+47 = 208 closes Frame 336 exactly, so 24 is the DRAWN gap against a shipped gap-4; identical geometry to the 768 board Frame 336 13006:260218, so two widths agree and only the leading differs (14 here, 16 there). Type Manrope Regular 12/14 -0.48 against a shipped skai-label-2, which is Mulish 12/16 with no tracking. The px-1 and mb-2 came out: the 16 a side is the content column px-4 and Frame 299 / 300 / 270 stack flush at y = 0 / 36 / 84. Tabs had NO no-min-size, so the 44px floor under 768 - larger than the whole band - was setting the row height instead of the frame. Content gap 8 (Frame 2 ends 146, Frame 445 opens 154), which overturns the standing no-375-pulse-reading claim in DiscoverScreen.tsx and discoverContentRhythm.figma.test.tsx. PARTIAL, none of it this band: search row Frame 300 measured not compared (160 / 29 / 154 across 343, where TrenchColumn gives the field flex-1 = 181), the 15/14 gutter unruled, cards on their own rows. No browser ran; source against node. Bar colour and band fill settled by DECODING the node render: (20,35)=[255,255,255] pure white under the 50-wide label, (75,35)=[18,50,48] the rule past it, fill (300,8)=[18,37,36]=#122524 - so the selected bar is WHITE (the phone shipped #2DEDAD; 768 already white) and the band bleeds to 375 with -mx-4 px-4, equal and opposite, which is NOT the declined shared-column change. Search row Frame 300 measured and deliberately NOT built: the phone column header is governed by the 13006:295544 family (36 over an 18 row) where this board draws 48 over 32 - Caseys call which family governs. Built at 62e8c60d3 and b01545c71.
4191-121191	partial	-	Perps desktop Order history at 1440, 2026-09-21 wave 60, read live (get_metadata on 4191:121191, get_design_context on 4207:131885, 4207:131897 and the band 4191:122525). Built in e2a3efd22: the board's twelve headings within 0.45 on the fixed compact track (widths 38/150/100/100/150/110/100/100/80/150/100, Status the rest), Original size restored as Order.size with Size = remaining and Filled size = filled, Time removed (heading row ends at 1322, nothing cropped), every figure Mulish 14/18 white, pair Manrope 14/18 on a 24 coin, Order ID Sky Blue, Status the Sky Blue 24% tag for every status, Frame 282 100+24+16 = 140 with the export's -90 degree dots and the refused View on Skaiscan item (no tx hash on Order), and the Type heading as a filter with the export caret. Open: the leverage tag, no source on an order (same call as 4191-123643).
4191-123643	partial	-	Perps desktop Trade history at 1440, 2026-09-21 wave 60, read live with get_design_context on the band 4201:130583. Footer 4207:131642 built in 384c0199e to the board: two pairs 20 apart, each a Green Coal 300 Tag chip (radius 4, 6/2, Mulish 11/14 white) 8 from a Manrope 14/18 Ash label, 8 under the last rule with no rule of its own; Export refuses an empty list. Open: heading alignments (Size and Fee text-right, Closed PnL centred, Time/date a caret CTA) and the row type ramp (S/N and Time white 14/18, 24 coin, Size 16/16 over 12/16 right-packed) measured and not yet built; the per-fill leverage tag is the open Casey call.
4018-40830	partial	-	Perps desktop Positions base board at 1440, 2026-09-21 wave 60, read live with get_metadata on 4018:40830. Its Frame 470 footer (4207:131682, 1334x18 at y=164, pairs at 0 and 142, Tags 30 and 31) is node for node the footer built in 8d3fadb05, and its Frame 481 PnL cell (140 wide: a 120 right-packed line and the 16 glyph at 124) is the one 6221cfecb built the glyph for. Open: the PnL cell's single-line structure (the Casey call on the section boards governs here too) and live rows, which need an engine that prices (markPrice 0 on both markets, re-probed 04:54Z).
3925-44912	match	-	Perps desktop header component 850x58, 2026-09-22 wave 63, read live (get_design_context + get_metadata on 3925:44912, get_metadata on the terminal bar 7886:91643). Supersedes :130 ('no Oracle cell', stale since the 2026-08-13 reversal) and :311/:312 (Market Cap is off, SHOW_MARKET_CAP_CELL false). Five cells Price/Oracle/24h Change/Open Interest/Funding in the board's order at 0/90/180/305/431 on the 32 gutter; bar r16, 16 sides, 34 row at y=12 (the node's pt/pb 16 on a fixed 58 centres it there); pair 24/28 with the 24 chevron; 27 divider #123F3C; captions 12/16 ash, values Mulish 16/16. Built in 515228202: the four captions the board underlines (24h not) and the BTCUSDT spelling at lg. Hidden Frame 3 3925:44926 draws nothing. Oracle freshness dash is the unavailable state.
9104-77744	match	-	Perps tablet header component 756x58, 2026-09-22 wave 63, read live (get_design_context on 9104:77744, get_metadata on the 768 screen bar 9148:82616). Supersedes :194, whose only residual (the surrounding tablet IA) is outside this node, and :131 (five cells render at md). r12, pad 12, gap 16, 18/22 pair with the 16 chevron, 27 divider #123F3C, 32 gutter, captions 12/16 ash, values Mulish 14/16, 24h 14/16 + 12/14 on 4. Built in 515228202: the four underlined captions (24h 9104:77759 plain). The component writes BTCUSDT but the 768 screen's bar 9148:82620 writes BTC/USDT and governs, so the slash stays below lg.
9050-211139	match	-	Tool, the 768 layout grip master, 2026-09-22 wave 63 lane trade-spot, read live (get_design_context 9050:211139, glyph export hashed against the source path). SUPERSEDES the deferred line above, whose two reasons no longer hold: LayoutGrip.tsx exists and mounts in MobileTradeShell.tsx:463 and Spot.tsx:539, and the grip is gated on REDESIGN_SPOT_LAYOUT (default on), not NATIVE_TRADE_CHART, because it anchors to the panel region. Node vs LayoutGrip at the md mount, resolved through the Tailwind config: 8x29 = h-[29px] w-2; radius 8 = rounded-sm; #56C7F3 = bg-sky-blue; glyph 8x14, identical path, #001615 at 0.64 = text-green-coal-300/64; glyph 8 from the top and 7 from the bottom = items-start pt-2 (it was centred at 7.5 until 772773b54); unrotated = rotate-180 md:rotate-0 (it turned at 768 until 772773b54; 768 instances 8650:94359, 13006:256503 and 13006:356428 all put the glyph at (0,8)). The 44x45 touch reach is live below lg now that the pill no longer clips its own ::after. Source-against-node; no browser.
8650-44853	partial	-	Spot tablet 768, 2026-09-22 wave 63 lane trade-spot, re-read live (get_metadata, whole board). SUPERSEDES the wave-41 match above, which described the shell's panels as present and never measured them. The layer matches wave 58's numbers (main 708x988.9998 at (30,76), 58 / 52 / 584 / 271 on 8 gaps, docked pair 730x66 at (19,874)), and the grip Tool 8650:94359 now draws unrotated as the node does (772773b54). Open: Frame 444 271 here against 269 on four other boards and the shipped 269; the chart's second nav row 8650:94298 (CandleChart.tsx, chart lane); Frame 444's empty-state interior. Source-against-node; no browser.
7890-128681	match	-	Perps desktop positions row menu dropdown-3, 2026-09-22 wave 63, read live (get_design_context + get_metadata on 7890:128681, glyph exports 5f1b2 / a01b9). Supersedes :107. Built in 091685773: flex column (the library content is a block, so gap-2 had done nothing and it measured 78), p-[7px] + 1px border = the board's 8 inset with the stroke inside the 84, rows 184x30 at 14/18 with the board's 16 glyphs, Green Coal 100 pointer wash; rows are the board's Modify position (opens the TP/SL editor) and Delete position in red, drawn and refused: the engine prices nothing (markPrice 0), has no settler and no wallet-signable auth, so no close exists for it to call. Share moved off the menu as the board has it and stays on the PnL glyph.
7890-139989	match	-	Perps positions filter at 1440, 2026-09-22 wave 63, read live (get_design_context + get_metadata on 7890:139989). Supersedes :109. The node carries a 1px #123F3C stroke (the older no-stroke reading shipped lg:border-0). Built in 091685773: stroke kept at lg, p-[7px] + border = 8 inset so 137x160 with 121x30 rows, and the fourth row Active as a real predicate on the engine's position status (open), All / Active / Long / Short in the board's words.
9152-89094	match	-	Perps positions filter at 768, 2026-09-22 wave 63, read live (get_design_context + get_metadata on 9152:89094): 120x152, 1px #123F3C stroke inside the sum, rows 104x28 at 12/16, four rows. The prior build resolved to 154 with 102-wide rows and three rows; built in 091685773 to 152 / 104 with Active.
9156-133437	match	-	Perps positions filter at 375, 2026-09-22 wave 63, read live (get_design_context + get_metadata on 9156:133437): 100x144, 1px #123F3C stroke inside the sum, rows 84x26 at 12/14, four rows. The prior build resolved to 146 with 82-wide rows and three rows; built in 091685773 to 144 / 84 with Active.
4191-121191	match	-	Perps desktop Order history at 1440, 2026-09-22 wave 63. Supersedes :704, whose only open item was the leverage Tag: now drawn in place (4207:132341's Sky Blue 14%, 6/2, r4, Mulish 11/14) with an em dash and the reason, since an Order has no leverage field; the standing direction of 2026-09-18 decides it. Also built in 7b40a0313: the pair in the board's ticker form BTCUSDT (it printed BTC/USDT). Reduce only dash and Buy/Sell for Close Long are the file's standing calls, restated in the status row.
9419-149915	partial	-	Trench pulse phone board 375, expanded cut, wave 63: read live 2026-09-22 (get_metadata, whole board, walked from the saved dump). Frame 2 9419:149916 346x106 at (15,84): Frame 450 346x32 (Frame 1313 92x32 at x=254), Frame 405 346x36 at y=40 visible (95x32 chip at (0,2), five 36 buttons at 109.2 / 159.4 / 209.6 / 259.8 / 310, SPACE_BETWEEN 14.2), nav 346x22 at y=84; content Frame 445 375x538 full bleed at y=198 = 190 + 8. Built at 4cca4e7ca: the page-header row stands 346 at x=15 (-ml-px -mr-0.5 md:mx-0) off the column px-4, as all six phone boards that draw the row agree (9419:149916, 13006:296561, :297693, :321106 read today; 9419:151234 and 13006:316862 earlier). Not a match line: the search row Frame 300 48 over 32 is the family conflict Casey rules on, and the Pulse card - Intel ALT instances draw the pencil, speech bubble and caller avatars TokenCard omits. No browser: source-vs-node.
9419-151234	partial	-	Trench pulse phone board 375, collapsed cut, wave 63 SUPERSEDES L703 on one item: the 15/14 gutter it held open is built at 4cca4e7ca, the page-header row standing 346 at x=15 (-ml-px -mr-0.5 md:mx-0) off the column px-4. Basis: this board Frame 2 346x62 at (15,84) is wave 59 live read, not re-read; its twin 9419:149915 and three 13006 phone boards were read live today at the same box. Everything else in L703 stands: the band built at 62e8c60d3 / b01545c71, the search row Frame 300 measured and deliberately not built (Casey rules which family governs the phone column header), the cards on their own rows. No browser: source-vs-node.
7890-98663	match	-	Perps leverage drawer ALT 2 at 1440, 2026-09-22 wave 63, read live (get_metadata on 7890:98663, get_design_context on the field instance 7890:98683 and the 768 field). Supersedes :120 ('no right drawer exists', stale: LeverageSheet is it). Every block on the board's rhythm (32 header gap, 24 between blocks, card 394x68, six 64x22 presets, CTA 394x62 at 798). Built in 403ab1d18: the ruled 62 field had measured 64 (stroke inside the board's sum, now lg:p-[19px]; 768 p-[15px] for 50), its value in App/Ash 300, and the 0-tall readout rule no longer taking a pixel (block 52).
